3.020429	-0.069490	0.287573	-0.184451	0.236336	1.000000
-10.000000	-10.000000	-10.000000	-10.000000	-10.000000	0.000000
2.865905	-0.069490	1.109405	-0.184393	0.043995	1.000000
-10.000000	-10.000000	-10.000000	-10.000000	-10.000000	0.000000
-10.000000	-10.000000	-10.000000	-10.000000	-10.000000	0.000000
-10.000000	-10.000000	-10.000000	-10.000000	-10.000000	0.000000
-10.000000	-10.000000	-10.000000	-10.000000	-10.000000	0.000000
-10.000000	-10.000000	-10.000000	-10.000000	-10.000000	0.000000
3.721653	-0.069490	3.508242	0.062091	0.569239	1.000000
2.824051	-0.069490	-0.035844	0.179855	0.060326	1.000000
-10.000000	-10.000000	-10.000000	-10.000000	-10.000000	0.000000
2.089836	-0.069490	-0.016429	1.361946	-0.063809	1.000000
-10.000000	-10.000000	-10.000000	-10.000000	-10.000000	0.000000
-10.000000	-10.000000	-10.000000	-10.000000	-10.000000	0.000000
-10.000000	-10.000000	-10.000000	-10.000000	-10.000000	0.000000
-10.000000	-10.000000	-10.000000	-10.000000	-10.000000	0.000000
2.482993	17.211712	0.469754	0.129723	3.533758	1.000000
3.420171	-0.069490	-0.050253	0.130543	1.231938	1.000000
-10.000000	-10.000000	-10.000000	-10.000000	-10.000000	0.000000
4.469978	-0.069490	2.745119	-0.032361	11.632255	1.000000
3.911964	-0.069490	2.190600	-0.189141	0.604790	1.000000
2.689235	-0.069490	0.238379	0.230836	1.826776	1.000000
3.568499	-0.069490	3.995479	-0.182792	0.815170	1.000000
-10.000000	-10.000000	-10.000000	-10.000000	-10.000000	0.000000
3.056217	-0.069490	-0.072380	-0.182364	-0.003364	1.000000
-10.000000	-10.000000	-10.000000	-10.000000	-10.000000	0.000000
3.471620	-0.069490	0.517768	0.538333	3.043093	1.000000
-10.000000	-10.000000	-10.000000	-10.000000	-10.000000	0.000000
3.658327	-0.069490	16.542217	0.062456	0.631832	1.000000
-10.000000	-10.000000	-10.000000	-10.000000	-10.000000	0.000000
-10.000000	-10.000000	-10.000000	-10.000000	-10.000000	0.000000
-10.000000	-10.000000	-10.000000	-10.000000	-10.000000	0.000000
-10.000000	-10.000000	-10.000000	-10.000000	-10.000000	0.000000
2.365325	-0.069490	-0.072380	-0.047537	-0.088574	1.000000
-10.000000	-10.000000	-10.000000	-10.000000	-10.000000	0.000000
-10.000000	-10.000000	-10.000000	-10.000000	-10.000000	0.000000
3.446163	-0.069490	1.185695	0.089106	2.099782	1.000000
3.636475	-0.069490	16.529339	0.032331	0.381221	1.000000
-10.000000	-10.000000	-10.000000	-10.000000	-10.000000	0.000000
1.509577	-0.069490	-0.056190	-0.340071	-0.283555	1.000000
2.590416	-0.069490	0.051554	-0.165454	0.294628	1.000000
1.833488	8.316777	2.054751	0.216633	0.506949	1.000000
3.446163	-0.069490	-0.072380	-0.170692	0.084310	1.000000
4.107305	-0.069490	1.037071	0.388891	6.798656	1.000000
-10.000000	-10.000000	-10.000000	-10.000000	-10.000000	0.000000
2.689235	-0.069490	-0.043237	-0.150952	-0.301837	1.000000
3.658327	-0.069490	0.018286	-0.232954	0.033486	1.000000
2.906387	-0.069490	-0.072380	-0.123167	-0.049700	1.000000
-10.000000	-10.000000	-10.000000	-10.000000	-10.000000	0.000000
3.281308	-0.069490	-0.072380	0.520121	0.394214	1.000000
3.762134	-0.069490	1.158341	0.361245	1.016276	1.000000
3.420171	-0.069490	0.086509	-0.187365	0.194136	1.000000
1.924980	-0.069490	0.094504	0.134077	0.218287	1.000000
-10.000000	-10.000000	-10.000000	-10.000000	-10.000000	0.000000
4.061290	-0.069490	2.671572	-0.005930	6.686664	1.000000
-10.000000	-10.000000	-10.000000	-10.000000	-10.000000	0.000000
3.700903	-0.069490	3.054252	0.002798	5.432788	1.000000
2.365325	-0.069490	0.814898	-0.302765	0.826226	1.000000
-10.000000	-10.000000	-10.000000	-10.000000	-10.000000	0.000000
4.029633	-0.069490	10.778732	0.020017	5.812004	1.000000
2.735829	-0.069490	0.232946	0.575498	1.143540	1.000000
-10.000000	-10.000000	-10.000000	-10.000000	-10.000000	0.000000
2.780728	-0.069490	1.768871	0.591276	1.814852	1.000000
3.544983	-0.069490	1.388484	-0.181474	0.208063	1.000000
3.521010	-0.069490	-0.072380	0.253090	0.510072	1.000000
-10.000000	-10.000000	-10.000000	-10.000000	-10.000000	0.000000
3.614230	-0.069490	-0.072380	0.066980	1.081519	1.000000
-10.000000	-10.000000	-10.000000	-10.000000	-10.000000	0.000000
3.614230	-0.069490	0.545111	0.029109	1.612512	1.000000
3.742059	-0.069490	-0.072380	-0.275335	0.010493	1.000000
3.742059	-0.069490	-0.025968	-0.065591	1.102387	1.000000
4.376757	-0.069490	4.184114	0.180423	6.915327	1.000000
3.997142	-0.069490	0.770722	-0.229696	1.167367	1.000000
3.393620	-0.069490	0.232379	-0.180510	0.523157	1.000000
3.980570	-0.069490	-0.072380	0.368995	0.818514	1.000000
3.781888	-0.069490	0.345144	-0.143500	0.564416	1.000000
4.194488	-0.069490	11.204651	-0.187971	1.692548	1.000000
3.857886	-0.069490	5.254989	-0.204314	1.120011	1.000000
4.137056	-0.069490	4.578940	-0.137182	0.448977	1.000000
3.446163	-0.069490	-0.072380	0.067053	-0.078439	1.000000
3.742059	-0.069490	0.078629	0.021816	0.918983	1.000000
3.056217	-0.069490	0.071444	-0.305948	0.172283	1.000000
3.781888	-0.069490	0.531185	0.028075	1.796979	1.000000
3.658327	-0.069490	-0.072380	0.089706	0.167065	1.000000
4.194488	-0.069490	1.238432	-0.196326	1.323368	1.000000
4.061290	-0.069490	1.205149	-0.144935	1.215537	1.000000
3.742059	-0.069490	0.397368	-0.022747	-0.214714	1.000000
4.045563	-0.069490	0.082504	0.050124	1.798167	1.000000
3.544983	-0.069490	0.385757	0.119723	1.493187	1.000000
2.906387	-0.069490	1.104213	-0.080655	4.440356	1.000000
4.013494	-0.069490	1.271263	-0.198697	1.322405	1.000000
3.742059	-0.069490	19.119973	-0.181265	0.424803	1.000000
3.997142	-0.069490	0.700148	-0.241348	0.996023	1.000000
3.521010	-0.069490	0.005333	0.527967	0.719818	1.000000
4.122270	-0.069490	0.088410	-0.059269	0.859360	1.000000
3.963773	-0.069490	0.753098	-0.135611	0.673252	1.000000
3.762134	-0.069490	0.245946	-0.110011	0.875121	1.000000
3.963773	-0.069490	-0.072380	-0.198959	0.951705	1.000000
3.496562	-0.069490	0.615688	-0.141873	0.299095	1.000000
4.122270	-0.069490	2.629974	0.176048	2.498924	1.000000
3.496562	-0.069490	-0.072380	-0.194838	-0.277561	1.000000
3.157747	-0.069490	0.514567	0.114146	0.148520	1.000000
3.679798	-0.069490	4.854432	0.252944	1.596124	1.000000
4.288983	-0.069490	2.314382	-0.159669	1.908147	1.000000
3.446163	-0.069490	0.465954	0.285315	1.152641	1.000000
3.721653	-0.069490	1.869038	0.149283	1.422544	1.000000
3.496562	-0.069490	0.780751	-0.131333	0.002652	1.000000
3.679798	-0.069490	0.482697	0.018501	3.369869	1.000000
3.496562	-0.069490	7.210160	0.256857	1.352690	1.000000
3.189815	-0.069490	-0.072380	-0.107714	-0.118352	1.000000
4.524857	-0.069490	5.580910	-0.049752	5.301988	1.000000
3.980570	-0.069490	28.624117	-0.005688	1.858609	1.000000
4.092157	-0.069490	3.202611	-0.068531	2.349224	1.000000
3.636475	-0.069490	1.449010	0.020125	0.778747	1.000000
3.658327	-0.069490	-0.072380	0.470499	0.579296	1.000000
3.338741	-0.069490	-0.034603	0.051559	0.457227	1.000000
4.885380	-0.069490	31.070051	-0.129534	3.890699	1.000000
3.471620	-0.069490	0.064105	0.145815	0.510416	1.000000
3.020429	-0.069490	1.057776	-0.279769	1.195411	1.000000
-10.000000	-10.000000	-10.000000	-10.000000	-10.000000	0.000000
3.980570	-0.069490	0.027846	-0.059054	0.550952	1.000000
3.189815	-0.069490	1.840742	0.031192	1.387800	1.000000
4.758862	-0.069490	26.648343	-0.061937	6.667358	1.000000
3.721653	-0.069490	1.891165	-0.188565	1.144973	1.000000
3.700903	-0.069490	2.150266	-0.070998	2.470103	1.000000
3.521010	-0.069490	22.400358	0.084266	1.835608	1.000000
2.945583	-0.069490	1.150498	0.124241	0.665424	1.000000
3.251558	-0.069490	0.015048	-0.299189	0.179578	1.000000
3.781888	-0.069490	9.247220	-0.016801	3.046590	1.000000
3.420171	-0.069490	0.364447	0.101762	0.946155	1.000000
2.865905	3.212668	1.276553	-0.107951	3.077259	1.000000
3.911964	-0.069490	0.882224	-0.130808	0.947279	1.000000
3.090996	-0.069490	0.075095	0.106366	0.958919	1.000000
-10.000000	-10.000000	-10.000000	-10.000000	-10.000000	0.000000
-10.000000	-10.000000	-10.000000	-10.000000	-10.000000	0.000000
-10.000000	-10.000000	-10.000000	-10.000000	-10.000000	0.000000
3.568499	-0.069490	12.388237	-0.182792	0.598934	1.000000
2.482993	-0.069490	-0.072380	0.851773	0.033502	1.000000
-10.000000	-10.000000	-10.000000	-10.000000	-10.000000	0.000000
5.546131	-0.069490	91.606886	-0.207655	18.373355	1.000000
-10.000000	-10.000000	-10.000000	-10.000000	-10.000000	0.000000
-10.000000	-10.000000	-10.000000	-10.000000	-10.000000	0.000000
4.045563	-0.069490	1.205336	0.004704	5.331980	1.000000
-10.000000	-10.000000	-10.000000	-10.000000	-10.000000	0.000000
-10.000000	-10.000000	-10.000000	-10.000000	-10.000000	0.000000
3.614230	2.816843	0.946002	0.108797	6.521022	1.000000
1.234088	-0.069490	-0.072380	-0.340071	-0.327524	1.000000
3.157747	-0.069490	0.018286	-0.282689	-0.331683	1.000000
3.544983	-0.069490	0.169610	-0.166805	-0.138371	1.000000
3.189815	-0.069490	1.555709	-0.151747	0.258469	1.000000
4.249368	-0.069490	15.454875	-0.029025	2.866639	1.000000
-10.000000	-10.000000	-10.000000	-10.000000	-10.000000	0.000000
3.056217	-0.069490	0.233346	0.100590	-0.007879	1.000000
3.471620	-0.069490	1.285040	-0.183193	0.554305	1.000000
-10.000000	-10.000000	-10.000000	-10.000000	-10.000000	0.000000
3.496562	-0.069490	0.699699	-0.222053	0.528191	1.000000
4.235875	-0.069490	4.400115	0.020216	4.526400	1.000000
-10.000000	-10.000000	-10.000000	-10.000000	-10.000000	0.000000
-10.000000	-10.000000	-10.000000	-10.000000	-10.000000	0.000000
3.420171	-0.069490	0.788608	-0.199449	0.038859	1.000000
2.865905	-0.069490	0.027352	-0.199791	-0.116656	1.000000
3.636475	-0.069490	3.615828	0.224527	2.991568	1.000000
-10.000000	-10.000000	-10.000000	-10.000000	-10.000000	0.000000
4.222233	-0.069490	1.651733	0.120057	6.235014	1.000000
3.636475	-0.069490	0.395441	-0.144890	0.588370	1.000000
4.076820	-0.069490	3.971124	-0.089614	3.968556	1.000000
-10.000000	-10.000000	-10.000000	-10.000000	-10.000000	0.000000
3.471620	-0.069490	2.185970	0.239753	2.173771	1.000000
-10.000000	-10.000000	-10.000000	-10.000000	-10.000000	0.000000
4.352309	-0.069490	14.461609	-0.026087	3.934836	1.000000
4.092157	-0.069490	1.483518	-0.182086	0.843195	1.000000
3.857886	-0.069490	1.110476	0.058854	2.650628	1.000000
-10.000000	-10.000000	-10.000000	-10.000000	-10.000000	0.000000
3.189815	-0.069490	3.658410	-0.204991	-0.103515	1.000000
3.857886	-0.069490	9.942499	0.081234	3.109108	1.000000
3.124822	-0.069490	2.700881	-0.239312	1.151666	1.000000
-10.000000	-10.000000	-10.000000	-10.000000	-10.000000	0.000000
2.945583	-0.069490	4.189194	-0.285269	-0.018042	1.000000
-10.000000	-10.000000	-10.000000	-10.000000	-10.000000	0.000000
4.327367	-0.069490	22.841366	-0.109303	3.427298	1.000000
2.482993	-0.069490	-0.072380	-0.100863	0.068754	1.000000
3.446163	-0.069490	0.617795	-0.182231	1.588652	1.000000
-10.000000	-10.000000	-10.000000	-10.000000	-10.000000	0.000000
-10.000000	-10.000000	-10.000000	-10.000000	-10.000000	0.000000
4.364594	-0.069490	2.035529	-0.219712	3.654047	1.000000
3.393620	-0.069490	0.578559	-0.231138	0.294005	1.000000
3.521010	-0.069490	0.231816	-0.231320	0.236470	1.000000
4.013494	-0.069490	15.520816	0.090119	6.263890	1.000000
4.029633	-0.069490	1.186121	-0.063284	4.304748	1.000000
4.194488	-0.069490	25.025579	-0.154656	4.240361	1.000000
3.963773	-0.069490	0.792209	0.029525	2.956704	1.000000
4.364594	-0.069490	4.707542	-0.027293	4.631322	1.000000
4.045563	-0.069490	3.893783	-0.036869	2.766256	1.000000
3.679798	-0.069490	3.161145	0.307519	3.723741	1.000000
3.281308	-0.069490	0.104094	-0.231758	0.470878	1.000000
3.742059	-0.069490	1.428495	0.542256	1.804138	1.000000
3.929477	-0.069490	1.716053	0.266116	6.131432	1.000000
-10.000000	-10.000000	-10.000000	-10.000000	-10.000000	0.000000
3.658327	-0.069490	0.541271	0.003668	1.895380	1.000000
-10.000000	-10.000000	-10.000000	-10.000000	-10.000000	0.000000
3.591576	-0.069490	4.426104	-0.161509	1.326007	1.000000
4.208439	-0.069490	2.282108	-0.086898	2.970414	1.000000
3.420171	-0.069490	0.495666	0.250030	2.942238	1.000000
3.679798	-0.069490	-0.072380	-0.284193	-0.123683	1.000000
4.685680	-0.069490	96.343520	-0.195220	4.022017	1.000000
3.876177	-0.069490	8.605717	-0.165944	3.312479	1.000000
-10.000000	-10.000000	-10.000000	-10.000000	-10.000000	0.000000
3.614230	-0.069490	1.457060	-0.034512	1.823493	1.000000
2.945583	-0.069490	1.642620	0.187904	1.615972	1.000000
0.878921	-0.069490	-0.072380	2.667044	-0.327524	1.000000
3.679798	-0.069490	1.122111	-0.134937	1.032000	1.000000
3.568499	-0.069490	3.185671	0.048377	1.550633	1.000000
3.366485	-0.069490	1.364419	0.110361	1.644777	1.000000
-10.000000	-10.000000	-10.000000	-10.000000	-10.000000	0.000000
2.164682	-0.069490	-0.072380	-0.234316	-0.250785	1.000000
-10.000000	-10.000000	-10.000000	-10.000000	-10.000000	0.000000
-10.000000	-10.000000	-10.000000	-10.000000	-10.000000	0.000000
3.124822	-0.069490	1.089263	0.424787	2.942149	1.000000
-10.000000	-10.000000	-10.000000	-10.000000	-10.000000	0.000000
-10.000000	-10.000000	-10.000000	-10.000000	-10.000000	0.000000
-10.000000	-10.000000	-10.000000	-10.000000	-10.000000	0.000000
3.568499	-0.069490	0.095899	-0.168684	0.002558	1.000000
-10.000000	-10.000000	-10.000000	-10.000000	-10.000000	0.000000
4.045563	-0.069490	1.373355	-0.011893	2.171892	1.000000
3.157747	-0.069490	1.186248	0.051199	0.601399	1.000000
3.090996	-0.069490	0.003392	0.156312	0.092822	1.000000
3.742059	-0.069490	-0.072380	0.318833	0.261462	1.000000
-10.000000	-10.000000	-10.000000	-10.000000	-10.000000	0.000000
-10.000000	-10.000000	-10.000000	-10.000000	-10.000000	0.000000
3.090996	-0.069490	0.149096	0.342629	3.724517	1.000000
3.189815	-0.069490	0.160456	0.056904	1.419517	1.000000
4.092157	-0.069490	1.484249	0.101890	2.871540	1.000000
3.700903	-0.069490	1.157828	0.046671	1.839080	1.000000
3.568499	-0.069490	0.021524	-0.103254	-0.113016	1.000000
4.262715	-0.069490	10.047588	-0.091251	4.880145	1.000000
3.471620	-0.069490	0.076570	-0.150071	-0.002032	1.000000
-10.000000	-10.000000	-10.000000	-10.000000	-10.000000	0.000000
3.056217	-0.069490	0.096409	0.014852	0.762014	1.000000
3.636475	-0.069490	1.164019	-0.149070	4.065112	1.000000
2.945583	-0.069490	1.127676	0.008027	0.238851	1.000000
3.020429	-0.069490	2.560254	0.081932	0.821418	1.000000
3.521010	-0.069490	0.323292	0.005580	-0.073892	1.000000
3.020429	-0.069490	0.242979	-0.243858	0.256388	1.000000
3.614230	-0.069490	0.409226	0.033328	1.292038	1.000000
3.857886	-0.069490	1.127463	0.012974	1.331174	1.000000
-10.000000	-10.000000	-10.000000	-10.000000	-10.000000	0.000000
3.700903	-0.069490	1.607522	0.028427	2.663551	1.000000
2.365325	-0.069490	0.093325	0.128729	0.480005	1.000000
-10.000000	-10.000000	-10.000000	-10.000000	-10.000000	0.000000
3.762134	-0.069490	0.512999	-0.160803	0.604843	1.000000
3.658327	-0.069490	1.026735	-0.095529	0.519561	1.000000
3.614230	-0.069490	0.416397	-0.146309	1.181733	1.000000
3.700903	-0.069490	1.294149	-0.134401	1.840623	1.000000
3.781888	-0.069490	0.657548	0.186554	1.862289	1.000000
3.658327	-0.069490	-0.072380	-0.176009	0.187706	1.000000
4.301911	-0.069490	36.578326	-0.157842	2.965888	1.000000
-10.000000	-10.000000	-10.000000	-10.000000	-10.000000	0.000000
-10.000000	-10.000000	-10.000000	-10.000000	-10.000000	0.000000
3.090996	-0.069490	1.416140	-0.118151	0.123137	1.000000
-10.000000	-10.000000	-10.000000	-10.000000	-10.000000	0.000000
3.366485	-0.069490	2.102854	0.191787	1.445622	1.000000
-10.000000	-10.000000	-10.000000	-10.000000	-10.000000	0.000000
3.876177	-0.069490	1.557043	-0.001918	1.636511	1.000000
3.876177	-0.069490	0.900442	0.098841	1.699960	1.000000
3.471620	-0.069490	0.375656	0.108908	0.022993	1.000000
3.946744	-0.069490	5.793113	0.037351	1.642018	1.000000
3.700903	-0.069490	1.920347	-0.059874	1.289923	1.000000
3.090996	-0.069490	-0.072380	-0.233434	0.023579	1.000000
-10.000000	-10.000000	-10.000000	-10.000000	-10.000000	0.000000
3.189815	-0.069490	0.115606	-0.240734	0.154310	1.000000
3.929477	-0.069490	4.248294	-0.095761	3.206382	1.000000
4.092157	-0.069490	4.860067	0.162072	5.569624	1.000000
2.983573	-0.069490	0.239987	-0.250407	0.117952	1.000000
4.447324	-0.069490	1.481702	-0.208309	1.506916	1.000000
-10.000000	-10.000000	-10.000000	-10.000000	-10.000000	0.000000
3.801331	-0.069490	1.445263	-0.168756	0.724187	1.000000
4.301911	-0.069490	4.399965	-0.006450	3.606716	1.000000
3.781888	-0.069490	0.769567	-0.192906	0.898318	1.000000
3.997142	-0.069490	1.772516	0.045998	4.821925	1.000000
3.366485	-0.069490	0.390947	0.222830	6.128640	1.000000
-10.000000	-10.000000	-10.000000	-10.000000	-10.000000	0.000000
2.235249	-0.069490	0.079472	0.896615	0.820926	1.000000
-10.000000	-10.000000	-10.000000	-10.000000	-10.000000	0.000000
4.327367	-0.069490	4.234349	-0.104003	3.056056	1.000000
-10.000000	-10.000000	-10.000000	-10.000000	-10.000000	0.000000
3.946744	-0.069490	2.615286	-0.117419	1.864441	1.000000
-10.000000	-10.000000	-10.000000	-10.000000	-10.000000	0.000000
3.393620	-0.069490	0.141331	-0.092864	0.206733	1.000000
-10.000000	-10.000000	-10.000000	-10.000000	-10.000000	0.000000
3.591576	-0.069490	3.376480	-0.054051	1.126817	1.000000
3.521010	-0.069490	0.313643	0.654397	1.650791	1.000000
2.945583	-0.069490	0.528880	0.047000	1.106721	1.000000
3.056217	-0.069490	0.897936	-0.006763	0.846779	1.000000
3.762134	-0.069490	7.107808	0.092487	2.266928	1.000000
3.997142	-0.069490	3.192526	-0.220390	0.238097	1.000000
4.627798	-0.069490	3.589457	-0.133691	4.858456	1.000000
-10.000000	-10.000000	-10.000000	-10.000000	-10.000000	0.000000
-10.000000	-10.000000	-10.000000	-10.000000	-10.000000	0.000000
3.721653	-0.069490	7.095138	0.156207	6.926370	1.000000
3.876177	-0.069490	1.105058	-0.182863	0.544153	1.000000
-10.000000	-10.000000	-10.000000	-10.000000	-10.000000	0.000000
-10.000000	-10.000000	-10.000000	-10.000000	-10.000000	0.000000
-10.000000	-10.000000	-10.000000	-10.000000	-10.000000	0.000000
-10.000000	-10.000000	-10.000000	-10.000000	-10.000000	0.000000
3.496562	-0.069490	1.011212	0.004136	0.480047	1.000000
-10.000000	-10.000000	-10.000000	-10.000000	-10.000000	0.000000
-10.000000	-10.000000	-10.000000	-10.000000	-10.000000	0.000000
3.056217	-0.069490	1.030971	-0.093961	0.098281	1.000000
3.679798	-0.069490	3.760684	-0.065434	3.137609	1.000000
3.963773	-0.069490	4.260412	-0.027432	2.331169	1.000000
-10.000000	-10.000000	-10.000000	-10.000000	-10.000000	0.000000
4.194488	-0.069490	1.975168	0.001262	3.611469	1.000000
-10.000000	-10.000000	-10.000000	-10.000000	-10.000000	0.000000
-10.000000	-10.000000	-10.000000	-10.000000	-10.000000	0.000000
-10.000000	-10.000000	-10.000000	-10.000000	-10.000000	0.000000
3.281308	-0.069490	0.359900	-0.247119	0.165070	1.000000
-10.000000	-10.000000	-10.000000	-10.000000	-10.000000	0.000000
3.221072	-0.069490	0.087904	-0.322826	-0.334048	1.000000
-10.000000	-10.000000	-10.000000	-10.000000	-10.000000	0.000000
3.420171	-0.069490	-0.072380	-0.109376	0.091936	1.000000
-10.000000	-10.000000	-10.000000	-10.000000	-10.000000	0.000000
3.876177	-0.069490	2.579852	-0.051515	1.289719	1.000000
3.521010	-0.069490	1.826015	-0.024179	1.318879	1.000000
3.393620	-0.069490	0.322704	0.494854	2.450631	1.000000
3.189815	-0.069490	-0.072380	-0.258681	0.347762	1.000000
2.945583	-0.069490	13.077453	0.238382	1.520246	1.000000
3.251558	-0.069490	0.827720	-0.178086	2.070663	1.000000
3.496562	-0.069490	2.230028	-0.047628	0.354922	1.000000
3.894200	-0.069490	1.438166	0.094231	3.024362	1.000000
4.546143	-0.069490	8.289560	-0.139879	3.415656	1.000000
4.137056	-0.069490	0.859263	0.000410	2.996342	1.000000
-10.000000	-10.000000	-10.000000	-10.000000	-10.000000	0.000000
-10.000000	-10.000000	-10.000000	-10.000000	-10.000000	0.000000
3.420171	-0.069490	0.653550	-0.109376	0.743137	1.000000
3.721653	-0.069490	1.350344	-0.004979	2.587622	1.000000
-10.000000	-10.000000	-10.000000	-10.000000	-10.000000	0.000000
-10.000000	-10.000000	-10.000000	-10.000000	-10.000000	0.000000
-10.000000	-10.000000	-10.000000	-10.000000	-10.000000	0.000000
-10.000000	-10.000000	-10.000000	-10.000000	-10.000000	0.000000
3.310358	-0.069490	2.050640	-0.156943	5.339777	1.000000
3.124822	-0.069490	1.562548	0.167359	0.041418	1.000000
3.221072	-0.069490	2.798572	0.118021	2.406150	1.000000
4.107305	-0.069490	0.307426	-0.056181	1.001336	1.000000
2.983573	-0.069490	0.418196	0.262690	0.693737	1.000000
3.189815	-0.069490	0.384273	-0.276679	-0.121586	1.000000
-10.000000	-10.000000	-10.000000	-10.000000	-10.000000	0.000000
3.911964	-0.069490	2.288136	-0.221185	0.926641	1.000000
4.137056	-0.069490	1.656122	0.167563	5.346053	1.000000
4.151666	-0.069490	8.156016	-0.130635	4.177278	1.000000
2.983573	-0.069490	2.031750	0.470588	1.841176	1.000000
-10.000000	-10.000000	-10.000000	-10.000000	-10.000000	0.000000
3.997142	-0.069490	3.266694	0.297449	4.218257	1.000000
3.420171	-0.069490	2.613725	-0.038220	1.494626	1.000000
3.857886	-0.069490	2.908079	-0.172272	2.556132	1.000000
3.568499	-0.069490	0.783269	-0.159296	1.180078	1.000000
2.824051	-0.069490	1.590823	-0.058610	0.095008	1.000000
2.983573	-0.069490	0.140020	-0.187122	-0.198752	1.000000
3.762134	-0.069490	3.035803	-0.126897	4.120551	1.000000
3.591576	-0.069490	0.561993	-0.188658	0.473709	1.000000
-10.000000	-10.000000	-10.000000	-10.000000	-10.000000	0.000000
-10.000000	-10.000000	-10.000000	-10.000000	-10.000000	0.000000
3.251558	-0.069490	0.922105	-0.146176	0.242899	1.000000
3.189815	-0.069490	-0.072380	-0.090185	-0.351757	1.000000
2.735829	0.440681	0.259113	0.793539	2.313304	1.000000
2.735829	-0.069490	0.129189	-0.242389	0.387090	1.000000
3.876177	-0.069490	8.539174	0.141926	3.244578	1.000000
3.393620	-0.069490	0.250346	-0.294992	1.065335	1.000000
4.122270	-0.069490	2.497800	-0.118545	3.597408	1.000000
3.997142	-0.069490	17.058727	-0.269400	1.200500	1.000000
-10.000000	-10.000000	-10.000000	-10.000000	-10.000000	0.000000
3.820472	-0.069490	11.447939	0.566817	3.932902	1.000000
2.735829	-0.069490	0.121080	-0.184487	-0.089351	1.000000
3.658327	-0.069490	0.320834	0.224246	2.027289	1.000000
3.189815	-0.069490	4.288278	0.486910	1.429681	1.000000
4.194488	-0.069490	1.891291	-0.044299	5.020462	1.000000
3.857886	-0.069490	2.852613	0.120213	4.234696	1.000000
2.983573	-0.069490	0.281131	0.660920	0.892108	1.000000
3.679798	-0.069490	0.767342	-0.240628	-0.077496	1.000000
4.076820	-0.069490	9.637610	-0.167971	3.443503	1.000000
3.721653	-0.069490	-0.072380	-0.044133	0.910401	1.000000
3.124822	-0.069490	1.132584	0.025068	2.072253	1.000000
-10.000000	-10.000000	-10.000000	-10.000000	-10.000000	0.000000
3.894200	-0.069490	2.635551	-0.059819	1.917525	1.000000
-10.000000	-10.000000	-10.000000	-10.000000	-10.000000	0.000000
4.013494	-0.069490	4.352242	0.120228	2.336949	1.000000
2.640814	-0.069490	0.528560	-0.225202	0.413826	1.000000
-10.000000	-10.000000	-10.000000	-10.000000	-10.000000	0.000000
4.740969	-0.069490	3.119910	-0.071868	10.354283	1.000000
3.090996	-0.069490	2.503677	0.264840	0.641338	1.000000
3.090996	-0.069490	0.317491	-0.286531	2.358170	1.000000
3.251558	-0.069490	-0.072380	-0.202124	-0.139057	1.000000
3.056217	-0.069490	0.139245	0.227079	0.223451	1.000000
3.310358	-0.069490	0.262386	-0.128123	1.762109	1.000000
2.780728	-0.069490	0.463008	0.184654	1.858594	1.000000
-10.000000	-10.000000	-10.000000	-10.000000	-10.000000	0.000000
4.045563	-0.069490	0.756301	-0.022288	5.589372	1.000000
3.157747	-0.069490	8.208775	-0.160099	0.368270	1.000000
-10.000000	-10.000000	-10.000000	-10.000000	-10.000000	0.000000
3.820472	-0.069490	13.034676	-0.003172	2.343580	1.000000
3.124822	-0.069490	0.265340	-0.289493	0.501522	1.000000
3.020429	-0.069490	1.679185	-0.149070	0.206809	1.000000
3.839321	-0.069490	6.888734	0.139787	3.197679	1.000000
3.658327	-0.069490	0.615151	-0.286288	0.145297	1.000000
3.980570	-0.069490	0.342274	-0.091757	1.867849	1.000000
2.824051	-0.069490	0.065700	0.021870	-0.251375	1.000000
3.658327	-0.069490	4.640868	0.714675	5.223224	1.000000
-10.000000	-10.000000	-10.000000	-10.000000	-10.000000	0.000000
3.420171	-0.069490	1.292866	-0.139259	0.237863	1.000000
3.471620	-0.069490	2.525650	-0.117119	1.594583	1.000000
-10.000000	-10.000000	-10.000000	-10.000000	-10.000000	0.000000
3.700903	-0.069490	1.520778	-0.100757	0.672383	1.000000
3.020429	-0.069490	-0.072380	0.036394	-0.047159	1.000000
4.122270	-0.069490	0.854966	0.028628	3.724883	1.000000
3.157747	-0.069490	0.580944	0.105191	0.318457	1.000000
3.521010	-0.069490	1.063562	0.181281	2.421095	1.000000
3.521010	-0.069490	0.193342	0.108658	0.304731	1.000000
-10.000000	-10.000000	-10.000000	-10.000000	-10.000000	0.000000
3.124822	-0.069490	0.840209	-0.309677	0.338430	1.000000
3.820472	-0.069490	0.476406	-0.283199	0.472740	1.000000
3.420171	-0.069490	0.323059	-0.217616	0.347822	1.000000
3.221072	-0.069490	-0.012734	0.537972	1.986249	1.000000
3.544983	-0.069490	13.657550	0.733768	1.731118	1.000000
4.122270	-0.069490	2.256649	-0.303571	0.059613	1.000000
-10.000000	-10.000000	-10.000000	-10.000000	-10.000000	0.000000
-10.000000	-10.000000	-10.000000	-10.000000	-10.000000	0.000000
3.636475	-0.069490	2.328590	0.003813	1.861470	1.000000
2.365325	-0.069490	0.032992	-0.265674	0.092396	1.000000
3.157747	-0.069490	4.106841	-0.012374	-0.024044	1.000000
2.301999	-0.069490	0.037256	0.482831	0.915720	1.000000
4.045563	-0.069490	13.426281	0.186497	3.301426	1.000000
3.124822	-0.069490	-0.027047	0.496475	0.846794	1.000000
-10.000000	-10.000000	-10.000000	-10.000000	-10.000000	0.000000
3.721653	-0.069490	0.282633	-0.159417	0.952250	1.000000
-10.000000	-10.000000	-10.000000	-10.000000	-10.000000	0.000000
3.471620	-0.069490	3.021623	-0.051721	1.872959	1.000000
4.122270	-0.069490	1.143407	0.058281	4.091055	1.000000
-10.000000	-10.000000	-10.000000	-10.000000	-10.000000	0.000000
-10.000000	-10.000000	-10.000000	-10.000000	-10.000000	0.000000
4.122270	-0.069490	5.369910	-0.031671	1.744007	1.000000
3.281308	-0.069490	1.076600	0.269730	2.463377	1.000000
4.222233	-0.069490	11.861238	-0.083858	3.074604	1.000000
2.780728	0.539306	0.769406	0.669589	3.142389	1.000000
3.221072	-0.069490	0.402761	0.469867	1.569863	1.000000
-10.000000	-10.000000	-10.000000	-10.000000	-10.000000	0.000000
-10.000000	-10.000000	-10.000000	-10.000000	-10.000000	0.000000
-10.000000	-10.000000	-10.000000	-10.000000	-10.000000	0.000000
3.721653	-0.069490	9.978217	-0.254639	0.939489	1.000000
-10.000000	-10.000000	-10.000000	-10.000000	-10.000000	0.000000
5.527210	-0.069490	50.063450	-0.166633	16.482163	1.000000
3.471620	-0.069490	0.799551	-0.106173	0.658308	1.000000
4.076820	-0.069490	10.005276	0.054237	3.844520	1.000000
3.801331	-0.069490	2.219683	0.087576	5.820084	1.000000
3.446163	-0.069490	0.781611	0.198853	2.206431	1.000000
3.820472	-0.069490	0.173211	-0.183325	0.229338	1.000000
-10.000000	-10.000000	-10.000000	-10.000000	-10.000000	0.000000
3.679798	-0.069490	0.783871	0.056293	1.256689	1.000000
3.446163	-0.069490	2.484711	-0.016926	1.282212	1.000000
3.636475	-0.069490	0.830041	-0.224788	0.162440	1.000000
-10.000000	-10.000000	-10.000000	-10.000000	-10.000000	0.000000
3.591576	-0.069490	2.110807	-0.170546	1.508378	1.000000
3.338741	-0.069490	-0.072380	0.071522	0.667688	1.000000
3.929477	-0.069490	1.101115	0.037984	4.311115	1.000000
3.911964	-0.069490	1.490301	-0.291169	0.751418	1.000000
3.591576	-0.069490	1.359055	-0.112033	0.769177	1.000000
3.894200	-0.069490	4.401671	0.185428	3.284779	1.000000
3.614230	-0.069490	0.328009	-0.238055	0.265454	1.000000
3.929477	-0.069490	4.468103	0.037984	1.991637	1.000000
4.122270	-0.069490	26.067757	0.006767	5.086433	1.000000
2.537873	-0.069490	0.797992	-0.122244	1.995724	1.000000
3.189815	-0.069490	0.238117	-0.011893	0.526786	1.000000
-10.000000	-10.000000	-10.000000	-10.000000	-10.000000	0.000000
3.839321	-0.069490	0.624754	-0.227260	0.544199	1.000000
-10.000000	-10.000000	-10.000000	-10.000000	-10.000000	0.000000
4.412545	-0.069490	1.321871	-0.102058	2.181132	1.000000
3.700903	-0.069490	0.184165	-0.259301	0.260995	1.000000
-10.000000	-10.000000	-10.000000	-10.000000	-10.000000	0.000000
-10.000000	-10.000000	-10.000000	-10.000000	-10.000000	0.000000
3.721653	-0.069490	-0.072380	-0.141266	0.288444	1.000000
-10.000000	-10.000000	-10.000000	-10.000000	-10.000000	0.000000
3.221072	-0.069490	2.388380	0.012668	0.417178	1.000000
4.076820	-0.069490	4.395200	0.089572	3.311047	1.000000
3.679798	-0.069490	0.904993	-0.166071	1.401850	1.000000
4.288983	-0.069490	4.068344	0.039279	3.615431	1.000000
3.742059	-0.069490	2.221520	0.032055	0.484256	1.000000
-10.000000	-10.000000	-10.000000	-10.000000	-10.000000	0.000000
3.189815	-0.069490	0.592967	-0.196086	0.116836	1.000000
-10.000000	-10.000000	-10.000000	-10.000000	-10.000000	0.000000
3.568499	4.297682	2.721946	0.016512	5.261390	1.000000
-10.000000	-10.000000	-10.000000	-10.000000	-10.000000	0.000000
3.762134	-0.069490	0.183082	-0.022916	0.626395	1.000000
4.235875	-0.069490	4.283818	0.015684	3.678966	1.000000
3.568499	-0.069490	2.451169	0.039289	0.322016	1.000000
2.301999	13.586949	0.022180	0.840358	2.586717	1.000000
3.801331	-0.069490	2.100248	-0.130597	0.573807	1.000000
3.124822	-0.069490	0.571727	0.487557	0.515708	1.000000
3.393620	-0.069490	2.546774	-0.105312	0.383938	1.000000
2.945583	-0.069490	-0.056464	0.300925	0.375059	1.000000
3.221072	-0.069490	-0.072380	-0.102765	1.310897	1.000000
4.503197	-0.069490	9.989042	-0.141446	4.512493	1.000000
3.056217	-0.069490	0.137759	0.014852	0.700287	1.000000
4.107305	-0.069490	2.422586	0.023209	2.305981	1.000000
3.781888	29.410515	3.774363	0.385255	5.839882	1.000000
3.496562	-0.069490	0.947904	-0.037242	0.085421	1.000000
2.824051	2.461365	0.271262	0.957667	2.789483	1.000000
3.762134	-0.069490	1.045862	-0.099901	1.448983	1.000000
3.338741	-0.069490	1.178818	0.745626	2.001040	1.000000
3.894200	-0.069490	5.542647	-0.170998	2.388644	1.000000
4.435839	-0.069490	2.813698	-0.086482	6.557448	1.000000
-10.000000	-10.000000	-10.000000	-10.000000	-10.000000	0.000000
3.521010	-0.069490	3.181472	0.224463	3.987082	1.000000
3.658327	-0.069490	0.302347	0.109100	1.663518	1.000000
3.251558	-0.069490	8.110867	0.065156	0.393240	1.000000
-10.000000	-10.000000	-10.000000	-10.000000	-10.000000	0.000000
-10.000000	-10.000000	-10.000000	-10.000000	-10.000000	0.000000
4.013494	-0.069490	4.879448	0.186397	2.035983	1.000000
-10.000000	-10.000000	-10.000000	-10.000000	-10.000000	0.000000
3.636475	-0.069490	1.496411	-0.182612	7.146318	1.000000
3.781888	-0.069490	5.067974	-0.052283	4.697277	1.000000
2.865905	-0.069490	4.206471	0.232373	1.749258	1.000000
-10.000000	-10.000000	-10.000000	-10.000000	-10.000000	0.000000
3.338741	-0.069490	3.220164	0.433164	2.470715	1.000000
-10.000000	-10.000000	-10.000000	-10.000000	-10.000000	0.000000
-10.000000	-10.000000	-10.000000	-10.000000	-10.000000	0.000000
-10.000000	-10.000000	-10.000000	-10.000000	-10.000000	0.000000
-10.000000	-10.000000	-10.000000	-10.000000	-10.000000	0.000000
3.496562	-0.069490	1.355924	-0.136601	0.744184	1.000000
2.689235	-0.069490	0.026323	0.072851	1.333178	1.000000
4.029633	-0.069490	3.792233	0.199962	4.679032	1.000000
3.857886	-0.069490	4.236754	-0.239452	1.148276	1.000000
2.945583	-0.069490	1.183066	0.072851	4.210113	1.000000
-10.000000	-10.000000	-10.000000	-10.000000	-10.000000	0.000000
-10.000000	-10.000000	-10.000000	-10.000000	-10.000000	0.000000
4.166106	-0.069490	6.799169	0.195990	6.705883	1.000000
3.762134	-0.069490	4.824106	0.013578	2.577582	1.000000
4.137056	-0.069490	4.685276	-0.213483	2.137288	1.000000
2.590416	-0.069490	2.680084	-0.116427	0.907101	1.000000
-10.000000	-10.000000	-10.000000	-10.000000	-10.000000	0.000000
3.090996	-0.069490	2.544366	-0.201787	-0.025415	1.000000
4.352309	-0.069490	3.753596	0.121629	6.934340	1.000000
3.221072	-0.069490	-0.072380	-0.127773	0.604461	1.000000
2.089836	-0.069490	0.397507	0.241972	0.221553	1.000000
-10.000000	-10.000000	-10.000000	-10.000000	-10.000000	0.000000
3.090996	-0.069490	0.459048	0.323270	0.908066	1.000000
-10.000000	-10.000000	-10.000000	-10.000000	-10.000000	0.000000
3.251558	-0.069490	0.729090	0.026544	1.245620	1.000000
3.839321	-0.069490	2.821046	0.040840	2.019663	1.000000
3.251558	-0.069490	-0.072380	0.202263	0.717689	1.000000
-10.000000	-10.000000	-10.000000	-10.000000	-10.000000	0.000000
-10.000000	-10.000000	-10.000000	-10.000000	-10.000000	0.000000
-10.000000	-10.000000	-10.000000	-10.000000	-10.000000	0.000000
-10.000000	-10.000000	-10.000000	-10.000000	-10.000000	0.000000
2.983573	-0.069490	0.835599	-0.000938	0.594018	1.000000
3.020429	-0.069490	0.755227	0.035657	3.936474	1.000000
-10.000000	-10.000000	-10.000000	-10.000000	-10.000000	0.000000
-10.000000	-10.000000	-10.000000	-10.000000	-10.000000	0.000000
-10.000000	-10.000000	-10.000000	-10.000000	-10.000000	0.000000
-10.000000	-10.000000	-10.000000	-10.000000	-10.000000	0.000000
-10.000000	-10.000000	-10.000000	-10.000000	-10.000000	0.000000
3.366485	-0.069490	8.041474	0.027886	1.825721	1.000000
-10.000000	-10.000000	-10.000000	-10.000000	-10.000000	0.000000
3.591576	-0.069490	2.612862	-0.076290	1.235513	1.000000
3.189815	-0.069490	0.588568	0.283780	1.853524	1.000000
4.166106	-0.069490	2.089550	-0.081901	3.755413	1.000000
4.587646	-0.069490	1.217302	-0.063853	3.777399	1.000000
-10.000000	-10.000000	-10.000000	-10.000000	-10.000000	0.000000
4.556650	-0.069490	3.063176	-0.193733	4.303220	1.000000
-10.000000	-10.000000	-10.000000	-10.000000	-10.000000	0.000000
-10.000000	-10.000000	-10.000000	-10.000000	-10.000000	0.000000
-10.000000	-10.000000	-10.000000	-10.000000	-10.000000	0.000000
3.521010	-0.069490	0.200243	-0.004324	1.574135	1.000000
-10.000000	-10.000000	-10.000000	-10.000000	-10.000000	0.000000
3.963773	-0.069490	0.391176	0.369977	3.284287	1.000000
-10.000000	-10.000000	-10.000000	-10.000000	-10.000000	0.000000
-10.000000	-10.000000	-10.000000	-10.000000	-10.000000	0.000000
3.876177	-0.069490	1.995795	-0.084795	4.110981	1.000000
2.906387	-0.069490	-0.072380	0.276412	-0.077858	1.000000
3.338741	-0.069490	0.740080	0.229021	2.332480	1.000000
3.446163	-0.069490	6.756896	-0.164931	1.159162	1.000000
-10.000000	-10.000000	-10.000000	-10.000000	-10.000000	0.000000
-10.000000	-10.000000	-10.000000	-10.000000	-10.000000	0.000000
4.151666	-0.069490	1.565523	-0.134188	7.105059	1.000000
3.420171	-0.069490	3.228175	0.182026	1.757309	1.000000
3.801331	-0.069490	1.728063	-0.061223	5.062220	1.000000
-10.000000	-10.000000	-10.000000	-10.000000	-10.000000	0.000000
-10.000000	-10.000000	-10.000000	-10.000000	-10.000000	0.000000
-10.000000	-10.000000	-10.000000	-10.000000	-10.000000	0.000000
3.911964	-0.069490	6.075565	-0.215833	0.738458	1.000000
3.980570	-0.069490	9.908755	0.019678	2.853155	1.000000
-10.000000	-10.000000	-10.000000	-10.000000	-10.000000	0.000000
2.780728	-0.069490	0.404481	0.301137	0.485492	1.000000
-10.000000	-10.000000	-10.000000	-10.000000	-10.000000	0.000000
-10.000000	-10.000000	-10.000000	-10.000000	-10.000000	0.000000
3.839321	2.461365	1.918688	0.136932	3.633423	1.000000
-10.000000	-10.000000	-10.000000	-10.000000	-10.000000	0.000000
-10.000000	-10.000000	-10.000000	-10.000000	-10.000000	0.000000
-10.000000	-10.000000	-10.000000	-10.000000	-10.000000	0.000000
-10.000000	-10.000000	-10.000000	-10.000000	-10.000000	0.000000
-10.000000	-10.000000	-10.000000	-10.000000	-10.000000	0.000000
3.781888	-0.069490	0.208686	-0.117305	0.216975	1.000000
4.180379	-0.069490	1.429287	-0.005857	9.772133	1.000000
-10.000000	-10.000000	-10.000000	-10.000000	-10.000000	0.000000
4.288983	-0.069490	4.407823	-0.179623	7.314457	1.000000
-10.000000	-10.000000	-10.000000	-10.000000	-10.000000	0.000000
4.194488	-0.069490	5.265514	0.046501	6.222013	1.000000
2.983573	-0.069490	0.593078	-0.099562	0.281607	1.000000
-10.000000	-10.000000	-10.000000	-10.000000	-10.000000	0.000000
3.679798	-0.069490	4.133572	-0.224859	1.624704	1.000000
3.124822	-0.069490	2.542305	-0.061851	1.057338	1.000000
-10.000000	-10.000000	-10.000000	-10.000000	-10.000000	0.000000
4.695069	-0.069490	8.897218	-0.115632	7.922464	1.000000
3.366485	-0.069490	0.600017	-0.199596	0.458467	1.000000
-10.000000	-10.000000	-10.000000	-10.000000	-10.000000	0.000000
-10.000000	-10.000000	-10.000000	-10.000000	-10.000000	0.000000
2.865905	-0.069490	0.652716	-0.062521	1.876791	1.000000
4.151666	-0.069490	0.732192	0.285395	5.104861	1.000000
4.013494	-0.069490	1.374566	0.096583	3.400767	1.000000
3.338741	-0.069490	1.264851	-0.124112	2.531635	1.000000
3.876177	-0.069490	4.186493	-0.043222	3.330576	1.000000
3.963773	-0.069490	17.041693	0.008226	1.979695	1.000000
-10.000000	-10.000000	-10.000000	-10.000000	-10.000000	0.000000
3.251558	-0.069490	-0.042266	0.088212	0.325626	1.000000
4.731925	-0.069490	8.993500	-0.094442	10.559320	1.000000
3.189815	-0.069490	2.796933	-0.055270	1.260282	1.000000
3.157747	-0.069490	-0.072380	-0.113567	0.846783	1.000000
-10.000000	-10.000000	-10.000000	-10.000000	-10.000000	0.000000
3.281308	-0.069490	-0.072380	0.075288	0.698652	1.000000
3.496562	-0.069490	2.976446	-0.221485	2.726770	1.000000
3.839321	-0.069490	16.362595	0.059379	2.887046	1.000000
-10.000000	-10.000000	-10.000000	-10.000000	-10.000000	0.000000
3.762134	-0.069490	0.272115	-0.120137	9.805051	1.000000
4.546143	-0.069490	2.313221	-0.001925	9.215714	1.000000
3.591576	-0.069490	0.988583	-0.152485	2.112286	1.000000
3.393620	-0.069490	2.023714	-0.212106	1.041000	1.000000
-10.000000	-10.000000	-10.000000	-10.000000	-10.000000	0.000000
-10.000000	-10.000000	-10.000000	-10.000000	-10.000000	0.000000
-10.000000	-10.000000	-10.000000	-10.000000	-10.000000	0.000000
3.801331	-0.069490	0.616510	0.235987	4.553455	1.000000
3.614230	-0.069490	1.623359	-0.299958	1.691615	1.000000
-10.000000	-10.000000	-10.000000	-10.000000	-10.000000	0.000000
3.762134	-0.069490	0.910311	0.000332	2.652228	1.000000
3.281308	-0.069490	2.097562	0.283900	4.143551	1.000000
3.124822	-0.069490	1.510361	-0.100863	1.097189	1.000000
-10.000000	-10.000000	-10.000000	-10.000000	-10.000000	0.000000
4.092157	-0.069490	1.263831	-0.047220	2.218370	1.000000
-10.000000	-10.000000	-10.000000	-10.000000	-10.000000	0.000000
-10.000000	-10.000000	-10.000000	-10.000000	-10.000000	0.000000
-10.000000	-10.000000	-10.000000	-10.000000	-10.000000	0.000000
-10.000000	-10.000000	-10.000000	-10.000000	-10.000000	0.000000
4.535546	-0.069490	16.994961	-0.206773	3.399847	1.000000
3.781888	-0.069490	21.288836	-0.136941	3.237826	1.000000
4.222233	-0.069490	8.650130	-0.065049	3.943825	1.000000
1.924980	-0.069490	0.005333	-0.258566	-0.135759	1.000000
3.544983	-0.069490	5.561707	-0.045855	0.857583	1.000000
-10.000000	-10.000000	-10.000000	-10.000000	-10.000000	0.000000
-10.000000	-10.000000	-10.000000	-10.000000	-10.000000	0.000000
3.157747	-0.069490	0.405787	0.069247	-0.007520	1.000000
-10.000000	-10.000000	-10.000000	-10.000000	-10.000000	0.000000
4.376757	-0.069490	17.859579	-0.133141	2.919363	1.000000
-10.000000	-10.000000	-10.000000	-10.000000	-10.000000	0.000000
3.157747	-0.069490	0.453685	0.096224	-0.256971	1.000000
-10.000000	-10.000000	-10.000000	-10.000000	-10.000000	0.000000
-10.000000	-10.000000	-10.000000	-10.000000	-10.000000	0.000000
-10.000000	-10.000000	-10.000000	-10.000000	-10.000000	0.000000
2.640814	-0.069490	0.271277	1.143011	0.543023	1.000000
3.781888	-0.069490	1.667214	-0.117305	1.438428	1.000000
3.820472	-0.069490	5.804966	-0.018244	3.411073	1.000000
4.288983	-0.069490	1.905535	-0.138359	7.209306	1.000000
2.689235	-0.069490	0.215130	0.191704	1.254939	1.000000
3.310358	-0.069490	1.074925	0.056109	0.688137	1.000000
-10.000000	-10.000000	-10.000000	-10.000000	-10.000000	0.000000
3.281308	-0.069490	1.337743	-0.254814	1.516865	1.000000
3.366485	-0.069490	0.540521	-0.062138	0.569893	1.000000
3.721653	-0.069490	0.147808	-0.295355	0.007634	1.000000
3.658327	-0.069490	0.943766	0.532422	3.043177	1.000000
-10.000000	-10.000000	-10.000000	-10.000000	-10.000000	0.000000
-10.000000	-10.000000	-10.000000	-10.000000	-10.000000	0.000000
-10.000000	-10.000000	-10.000000	-10.000000	-10.000000	0.000000
3.544983	-0.069490	0.874037	-0.002867	0.345243	1.000000
-10.000000	-10.000000	-10.000000	-10.000000	-10.000000	0.000000
-10.000000	-10.000000	-10.000000	-10.000000	-10.000000	0.000000
2.906387	-0.069490	0.525948	0.249642	1.513628	1.000000
2.865905	-0.069490	0.400385	0.304021	1.312680	1.000000
3.857886	-0.069490	0.946446	0.142685	3.265558	1.000000
4.107305	-0.069490	4.433087	0.303748	6.715997	1.000000
2.865905	-0.069490	0.651433	-0.092772	0.456865	1.000000
-10.000000	-10.000000	-10.000000	-10.000000	-10.000000	0.000000
-10.000000	-10.000000	-10.000000	-10.000000	-10.000000	0.000000
3.700903	-0.069490	4.382064	0.057592	3.802336	1.000000
3.157747	-0.069490	4.688841	0.504658	1.797372	1.000000
-10.000000	-10.000000	-10.000000	-10.000000	-10.000000	0.000000
3.636475	-0.069490	2.968623	-0.241736	0.551567	1.000000
3.700903	-0.069490	0.524682	-0.179538	0.400707	1.000000
-10.000000	-10.000000	-10.000000	-10.000000	-10.000000	0.000000
3.310358	-0.069490	1.180355	-0.085134	1.352944	1.000000
3.393620	-0.069490	1.150974	-0.080441	2.826594	1.000000
-10.000000	-10.000000	-10.000000	-10.000000	-10.000000	0.000000
4.092157	-0.069490	21.020263	-0.087966	2.949686	1.000000
3.544983	-0.069490	1.643188	-0.250377	0.749572	1.000000
3.420171	-0.069490	1.206006	-0.205499	0.964074	1.000000
3.721653	-0.069490	0.147907	0.282974	5.259389	1.000000
-10.000000	-10.000000	-10.000000	-10.000000	-10.000000	0.000000
-10.000000	-10.000000	-10.000000	-10.000000	-10.000000	0.000000
2.983573	-0.069490	-0.045963	0.262690	0.647656	1.000000
5.118462	-0.069490	9.387205	-0.218313	15.828092	1.000000
-10.000000	-10.000000	-10.000000	-10.000000	-10.000000	0.000000
-10.000000	-10.000000	-10.000000	-10.000000	-10.000000	0.000000
3.189815	-0.069490	2.048075	-0.055270	1.288676	1.000000
2.865905	-0.069490	0.045046	0.444953	0.831687	1.000000
3.310358	-0.069490	-0.072380	0.591825	0.879187	1.000000
-10.000000	-10.000000	-10.000000	-10.000000	-10.000000	0.000000
3.801331	-0.069490	-0.072380	0.198280	1.437440	1.000000
2.983573	-0.069490	0.735958	-0.275897	0.879654	1.000000
-10.000000	-10.000000	-10.000000	-10.000000	-10.000000	0.000000
3.221072	-0.069490	0.845909	-0.220318	0.431291	1.000000
3.801331	-0.069490	5.433929	-0.117927	5.751626	1.000000
-10.000000	-10.000000	-10.000000	-10.000000	-10.000000	0.000000
3.876177	-0.069490	0.879663	0.174051	1.637474	1.000000
-10.000000	-10.000000	-10.000000	-10.000000	-10.000000	0.000000
-10.000000	-10.000000	-10.000000	-10.000000	-10.000000	0.000000
2.945583	-0.069490	-0.072380	0.008027	-0.126289	1.000000
-10.000000	-10.000000	-10.000000	-10.000000	-10.000000	0.000000
-10.000000	-10.000000	-10.000000	-10.000000	-10.000000	0.000000
-10.000000	-10.000000	-10.000000	-10.000000	-10.000000	0.000000
-10.000000	-10.000000	-10.000000	-10.000000	-10.000000	0.000000
3.251558	-0.069490	0.181372	-0.098606	0.775809	1.000000
-10.000000	-10.000000	-10.000000	-10.000000	-10.000000	0.000000
-10.000000	-10.000000	-10.000000	-10.000000	-10.000000	0.000000
3.366485	-0.069490	2.128863	-0.055666	0.739888	1.000000
-10.000000	-10.000000	-10.000000	-10.000000	-10.000000	0.000000
-10.000000	-10.000000	-10.000000	-10.000000	-10.000000	0.000000
-10.000000	-10.000000	-10.000000	-10.000000	-10.000000	0.000000
-10.000000	-10.000000	-10.000000	-10.000000	-10.000000	0.000000
-10.000000	-10.000000	-10.000000	-10.000000	-10.000000	0.000000
3.056217	-0.069490	1.133636	-0.006763	0.967315	1.000000
-10.000000	-10.000000	-10.000000	-10.000000	-10.000000	0.000000
3.636475	1.067504	1.691854	0.267771	3.662570	1.000000
-10.000000	-10.000000	-10.000000	-10.000000	-10.000000	0.000000
-10.000000	-10.000000	-10.000000	-10.000000	-10.000000	0.000000
3.281308	-0.069490	1.440432	-0.224091	1.468652	1.000000
-10.000000	-10.000000	-10.000000	-10.000000	-10.000000	0.000000
-10.000000	-10.000000	-10.000000	-10.000000	-10.000000	0.000000
4.647395	-0.069490	3.106466	-0.008401	12.864023	1.000000
-10.000000	-10.000000	-10.000000	-10.000000	-10.000000	0.000000
2.640814	-0.069490	0.028920	0.423807	0.346302	1.000000
-10.000000	-10.000000	-10.000000	-10.000000	-10.000000	0.000000
3.221072	-0.069490	2.352568	0.370194	4.442527	1.000000
-10.000000	-10.000000	-10.000000	-10.000000	-10.000000	0.000000
3.700903	-0.069490	9.168716	-0.104486	0.631824	1.000000
3.189815	-0.069490	0.682529	-0.222838	0.309001	1.000000
3.496562	-0.069490	-0.072380	-0.120810	-0.012467	1.000000
-10.000000	-10.000000	-10.000000	-10.000000	-10.000000	0.000000
3.056217	-0.069490	3.761353	0.562559	0.835754	1.000000
2.735829	-0.069490	0.395621	0.437529	1.171226	1.000000
-10.000000	-10.000000	-10.000000	-10.000000	-10.000000	0.000000
3.762134	-0.069490	0.590572	-0.106639	0.760030	1.000000
-10.000000	-10.000000	-10.000000	-10.000000	-10.000000	0.000000
2.689235	-0.069490	1.232552	-0.213373	0.163105	1.000000
-10.000000	-10.000000	-10.000000	-10.000000	-10.000000	0.000000
3.762134	-0.069490	1.669565	0.610133	3.431180	1.000000
2.780728	-0.069490	0.111110	-0.054873	0.997769	1.000000
-10.000000	-10.000000	-10.000000	-10.000000	-10.000000	0.000000
2.780728	-0.069490	-0.014180	0.431715	-0.049069	1.000000
3.894200	-0.069490	1.819658	-0.157336	2.407280	1.000000
-10.000000	-10.000000	-10.000000	-10.000000	-10.000000	0.000000
2.824051	-0.069490	0.987057	0.226499	1.980662	1.000000
3.338741	-0.069490	0.889050	-0.124112	0.767804	1.000000
3.056217	-0.069490	0.533644	0.462743	0.944986	1.000000
-10.000000	-10.000000	-10.000000	-10.000000	-10.000000	0.000000
3.471620	-0.069490	-0.072380	0.018380	-0.019214	1.000000
2.906387	-0.069490	0.395464	-0.237933	0.341526	1.000000
3.980570	-0.069490	2.003436	-0.017252	4.863991	1.000000
3.636475	-0.069490	3.706634	0.125448	3.094515	1.000000
4.061290	-0.069490	1.259273	-0.128108	10.156154	1.000000
3.781888	-0.069490	1.423077	-0.000738	-0.196413	1.000000
4.013494	-0.069490	10.668359	0.137370	6.404370	1.000000
3.281308	-0.069490	0.144719	0.082596	0.286497	1.000000
-10.000000	-10.000000	-10.000000	-10.000000	-10.000000	0.000000
3.894200	-0.069490	2.863946	-0.140980	1.033721	1.000000
-10.000000	-10.000000	-10.000000	-10.000000	-10.000000	0.000000
-10.000000	-10.000000	-10.000000	-10.000000	-10.000000	0.000000
-10.000000	-10.000000	-10.000000	-10.000000	-10.000000	0.000000
3.157747	-0.069490	1.368424	-0.132139	0.462944	1.000000
4.685680	-0.069490	10.088846	-0.224379	3.699228	1.000000
-10.000000	-10.000000	-10.000000	-10.000000	-10.000000	0.000000
3.124822	-0.069490	0.896604	-0.279426	0.256786	1.000000
-10.000000	-10.000000	-10.000000	-10.000000	-10.000000	0.000000
3.568499	-0.069490	6.709346	-0.043091	2.520257	1.000000
-10.000000	-10.000000	-10.000000	-10.000000	-10.000000	0.000000
3.544983	-0.069490	1.604446	0.006647	3.784860	1.000000
-10.000000	-10.000000	-10.000000	-10.000000	-10.000000	0.000000
3.221072	-0.069490	0.533994	-0.237289	0.994023	1.000000
-10.000000	-10.000000	-10.000000	-10.000000	-10.000000	0.000000
-10.000000	-10.000000	-10.000000	-10.000000	-10.000000	0.000000
-10.000000	-10.000000	-10.000000	-10.000000	-10.000000	0.000000
3.636475	-0.069490	5.227942	0.161101	3.735889	1.000000
-10.000000	-10.000000	-10.000000	-10.000000	-10.000000	0.000000
4.045563	-0.069490	7.894368	0.021257	3.782245	1.000000
3.658327	-0.069490	3.451018	-0.023953	3.717074	1.000000
3.679798	-0.069490	2.203353	0.022291	1.385759	1.000000
-10.000000	-10.000000	-10.000000	-10.000000	-10.000000	0.000000
2.590416	8.034647	-0.020077	0.620856	1.572587	1.000000
-10.000000	-10.000000	-10.000000	-10.000000	-10.000000	0.000000
4.061290	-0.069490	2.695416	0.000133	5.620178	1.000000
2.365325	-0.069490	1.466432	0.334033	1.887661	1.000000
3.420171	-0.069490	2.777184	0.238746	1.941261	1.000000
-10.000000	-10.000000	-10.000000	-10.000000	-10.000000	0.000000
-10.000000	-10.000000	-10.000000	-10.000000	-10.000000	0.000000
3.420171	-0.069490	1.195587	-0.121313	0.138751	1.000000
-10.000000	-10.000000	-10.000000	-10.000000	-10.000000	0.000000
3.420171	-0.069490	0.850369	-0.091512	2.185508	1.000000
-10.000000	-10.000000	-10.000000	-10.000000	-10.000000	0.000000
3.366485	-0.069490	8.038786	-0.010541	1.196170	1.000000
3.056217	-0.069490	0.790907	0.079263	2.345916	1.000000
-10.000000	-10.000000	-10.000000	-10.000000	-10.000000	0.000000
-10.000000	-10.000000	-10.000000	-10.000000	-10.000000	0.000000
3.568499	-0.069490	5.934023	-0.089320	1.345557	1.000000
3.876177	-0.069490	0.566347	-0.034940	1.679709	1.000000
3.124822	-0.069490	0.117756	-0.279426	-0.164822	1.000000
3.251558	-0.069490	1.364258	-0.178086	1.123591	1.000000
-10.000000	-10.000000	-10.000000	-10.000000	-10.000000	0.000000
3.366485	-0.069490	2.162182	-0.140323	1.391503	1.000000
-10.000000	-10.000000	-10.000000	-10.000000	-10.000000	0.000000
-10.000000	-10.000000	-10.000000	-10.000000	-10.000000	0.000000
3.366485	-0.069490	0.728469	-0.199596	0.009640	1.000000
3.056217	-0.069490	1.489162	0.025632	0.738671	1.000000
3.189815	-0.069490	0.058274	0.056904	0.629047	1.000000
-10.000000	-10.000000	-10.000000	-10.000000	-10.000000	0.000000
2.780728	-0.069490	0.641991	-0.089836	0.038561	1.000000
-10.000000	-10.000000	-10.000000	-10.000000	-10.000000	0.000000
3.839321	-0.069490	3.232528	0.173940	2.182242	1.000000
5.870402	-0.069490	19.134064	-0.218937	40.011415	1.000000
3.157747	-0.069490	0.394999	0.051199	1.009697	1.000000
3.221072	-0.069490	2.249883	0.028989	2.652198	1.000000
4.587646	-0.069490	12.798989	-0.167678	2.904537	1.000000
3.521010	-0.069490	31.333527	-0.039110	1.649763	1.000000
-10.000000	-10.000000	-10.000000	-10.000000	-10.000000	0.000000
-10.000000	-10.000000	-10.000000	-10.000000	-10.000000	0.000000
-10.000000	-10.000000	-10.000000	-10.000000	-10.000000	0.000000
-10.000000	-10.000000	-10.000000	-10.000000	-10.000000	0.000000
-10.000000	-10.000000	-10.000000	-10.000000	-10.000000	0.000000
3.700903	-0.069490	2.984115	0.010131	0.814303	1.000000
-10.000000	-10.000000	-10.000000	-10.000000	-10.000000	0.000000
3.700903	-0.069490	4.561408	-0.030305	1.580443	1.000000
3.124822	-0.069490	1.055876	-0.140115	0.469967	1.000000
-10.000000	-10.000000	-10.000000	-10.000000	-10.000000	0.000000
-10.000000	-10.000000	-10.000000	-10.000000	-10.000000	0.000000
3.189815	-0.069490	-0.032444	-0.169446	-0.159186	1.000000
3.393620	-0.069490	0.083042	-0.111544	1.458051	1.000000
-10.000000	-10.000000	-10.000000	-10.000000	-10.000000	0.000000
2.482993	6.071482	0.125717	0.775454	3.893032	1.000000
-10.000000	-10.000000	-10.000000	-10.000000	-10.000000	0.000000
3.189815	-0.069490	0.713680	0.048345	0.838259	1.000000
2.780728	-0.069490	0.781383	0.031705	1.822562	1.000000
-10.000000	-10.000000	-10.000000	-10.000000	-10.000000	0.000000
3.124822	-0.069490	0.792634	0.409927	2.340606	1.000000
2.865905	-0.069490	0.159780	0.417014	2.940010	1.000000
-10.000000	-10.000000	-10.000000	-10.000000	-10.000000	0.000000
3.420171	-0.069490	1.274921	-0.079631	2.127910	1.000000
2.780728	-0.069490	1.253066	-0.178086	0.926218	1.000000
3.471620	-0.069490	-0.072380	-0.249956	0.710768	1.000000
-10.000000	-10.000000	-10.000000	-10.000000	-10.000000	0.000000
3.157747	-0.069490	1.562188	-0.141446	0.982286	1.000000
3.762134	-0.069490	4.722912	-0.174416	3.373810	1.000000
3.124822	-0.069490	1.082126	-0.249317	1.376570	1.000000
3.742059	-0.069490	9.210205	-0.039969	2.226120	1.000000
-10.000000	-10.000000	-10.000000	-10.000000	-10.000000	0.000000
3.366485	-0.069490	3.271822	-0.266104	1.014562	1.000000
3.281308	-0.069490	0.694902	0.227028	2.184150	1.000000
-10.000000	-10.000000	-10.000000	-10.000000	-10.000000	0.000000
2.906387	-0.069490	0.994466	0.155054	0.595923	1.000000
-10.000000	-10.000000	-10.000000	-10.000000	-10.000000	0.000000
-10.000000	-10.000000	-10.000000	-10.000000	-10.000000	0.000000
-10.000000	-10.000000	-10.000000	-10.000000	-10.000000	0.000000
-10.000000	-10.000000	-10.000000	-10.000000	-10.000000	0.000000
-10.000000	-10.000000	-10.000000	-10.000000	-10.000000	0.000000
2.235249	-0.069490	-0.072380	-0.293199	-0.215110	1.000000
-10.000000	-10.000000	-10.000000	-10.000000	-10.000000	0.000000
3.310358	-0.069490	0.434376	0.180616	0.682817	1.000000
-10.000000	-10.000000	-10.000000	-10.000000	-10.000000	0.000000
-10.000000	-10.000000	-10.000000	-10.000000	-10.000000	0.000000
-10.000000	-10.000000	-10.000000	-10.000000	-10.000000	0.000000
3.801331	-0.069490	9.173680	-0.149648	3.817156	1.000000
-10.000000	-10.000000	-10.000000	-10.000000	-10.000000	0.000000
-10.000000	-10.000000	-10.000000	-10.000000	-10.000000	0.000000
-10.000000	-10.000000	-10.000000	-10.000000	-10.000000	0.000000
3.496562	-0.069490	3.387779	-0.073669	1.614684	1.000000
3.839321	-0.069490	0.084550	0.162576	1.613597	1.000000
3.124822	-0.069490	0.091801	0.928263	0.724323	1.000000
-10.000000	-10.000000	-10.000000	-10.000000	-10.000000	0.000000
5.297343	-0.069490	27.052877	-0.165340	17.364363	1.000000
-10.000000	-10.000000	-10.000000	-10.000000	-10.000000	0.000000
3.781888	12.328235	5.553101	0.323554	2.593803	1.000000
-10.000000	-10.000000	-10.000000	-10.000000	-10.000000	0.000000
3.911964	-0.069490	6.443262	-0.083473	4.737431	1.000000
-10.000000	-10.000000	-10.000000	-10.000000	-10.000000	0.000000
-10.000000	-10.000000	-10.000000	-10.000000	-10.000000	0.000000
-10.000000	-10.000000	-10.000000	-10.000000	-10.000000	0.000000
3.521010	-0.069490	-0.072380	0.195708	-0.064246	1.000000
3.056217	-0.069490	6.093243	0.143031	0.512794	1.000000
3.281308	-0.069490	0.222723	0.075288	1.162671	1.000000
3.157747	-0.069490	-0.038704	-0.244718	-0.037515	1.000000
-10.000000	-10.000000	-10.000000	-10.000000	-10.000000	0.000000
2.824051	-0.069490	0.438242	-0.140115	1.292176	1.000000
-10.000000	-10.000000	-10.000000	-10.000000	-10.000000	0.000000
3.980570	-0.069490	0.583532	-0.119922	1.159314	1.000000
-10.000000	-10.000000	-10.000000	-10.000000	-10.000000	0.000000
-10.000000	-10.000000	-10.000000	-10.000000	-10.000000	0.000000
-10.000000	-10.000000	-10.000000	-10.000000	-10.000000	0.000000
-10.000000	-10.000000	-10.000000	-10.000000	-10.000000	0.000000
3.929477	-0.069490	5.397760	-0.146966	1.773773	1.000000
-10.000000	-10.000000	-10.000000	-10.000000	-10.000000	0.000000
2.945583	5.548694	1.312359	0.436404	0.590278	1.000000
4.288983	-0.069490	16.457128	-0.118533	2.075465	1.000000
2.590416	-0.069490	1.827413	-0.190110	1.762352	1.000000
3.801331	-0.069490	3.376840	0.342872	4.744771	1.000000
-10.000000	-10.000000	-10.000000	-10.000000	-10.000000	0.000000
3.090996	-0.069490	0.065119	-0.297203	-0.191945	1.000000
3.338741	-0.069490	1.455452	0.071522	0.112695	1.000000
-10.000000	-10.000000	-10.000000	-10.000000	-10.000000	0.000000
-10.000000	-10.000000	-10.000000	-10.000000	-10.000000	0.000000
3.366485	-0.069490	1.379150	-0.246079	1.618692	1.000000
4.713634	-0.069490	4.634669	0.050810	14.248913	1.000000
3.393620	-0.069490	-0.072380	-0.018683	0.581461	1.000000
3.801331	-0.069490	1.142748	0.016708	9.665396	1.000000
3.801331	-0.069490	0.879494	-0.159195	1.307319	1.000000
-10.000000	-10.000000	-10.000000	-10.000000	-10.000000	0.000000
3.721653	-0.069490	2.481737	-0.087121	1.129610	1.000000
3.857886	-0.069490	15.648360	-0.034303	1.985664	1.000000
3.471620	-0.069490	1.376336	-0.089789	1.875644	1.000000
-10.000000	-10.000000	-10.000000	-10.000000	-10.000000	0.000000
-10.000000	-10.000000	-10.000000	-10.000000	-10.000000	0.000000
3.124822	-0.069490	0.597037	0.005855	3.857619	1.000000
3.679798	-0.069490	4.651273	0.014710	0.482477	1.000000
4.151666	-0.069490	12.953523	-0.017953	4.609094	1.000000
3.679798	-0.069490	1.546454	0.044979	2.071180	1.000000
3.894200	-0.069490	2.197710	0.001714	1.886035	1.000000
-10.000000	-10.000000	-10.000000	-10.000000	-10.000000	0.000000
3.310358	-0.069490	0.419147	-0.070869	-0.125844	1.000000
3.894200	-0.069490	6.568360	-0.132817	0.920049	1.000000
-10.000000	-10.000000	-10.000000	-10.000000	-10.000000	0.000000
-10.000000	-10.000000	-10.000000	-10.000000	-10.000000	0.000000
-10.000000	-10.000000	-10.000000	-10.000000	-10.000000	0.000000
3.521010	-0.069490	2.025045	-0.200584	-0.083545	1.000000
3.894200	-0.069490	2.055420	0.057384	0.857255	1.000000
3.911964	-0.069490	1.214072	-0.000177	8.951614	1.000000
3.857886	-0.069490	1.319986	0.386611	4.819356	1.000000
2.906387	-0.069490	0.480750	-0.151666	0.734253	1.000000
3.281308	-0.069490	1.343229	0.269730	1.791134	1.000000
-10.000000	-10.000000	-10.000000	-10.000000	-10.000000	0.000000
3.820472	-0.069490	1.693101	-0.156011	1.467319	1.000000
3.189815	-0.069490	0.525063	-0.285696	0.144929	1.000000
3.221072	-0.069490	4.431933	-0.077853	2.416482	1.000000
-10.000000	-10.000000	-10.000000	-10.000000	-10.000000	0.000000
3.911964	-0.069490	-0.072380	-0.293876	-0.034698	1.000000
-10.000000	-10.000000	-10.000000	-10.000000	-10.000000	0.000000
3.496562	4.093446	2.592451	0.276650	2.628550	1.000000
3.521010	-0.069490	0.660845	0.015468	1.848734	1.000000
3.679798	-0.069490	3.812826	0.365225	3.036358	1.000000
3.393620	-0.069490	0.202789	-0.074238	0.950675	1.000000
3.420171	-0.069490	0.089330	-0.020553	0.130281	1.000000
2.906387	-0.069490	0.110030	0.236214	1.248177	1.000000
-10.000000	-10.000000	-10.000000	-10.000000	-10.000000	0.000000
4.666686	-0.069490	16.681539	-0.109694	9.008309	1.000000
-10.000000	-10.000000	-10.000000	-10.000000	-10.000000	0.000000
-10.000000	-10.000000	-10.000000	-10.000000	-10.000000	0.000000
-10.000000	-10.000000	-10.000000	-10.000000	-10.000000	0.000000
-10.000000	-10.000000	-10.000000	-10.000000	-10.000000	0.000000
3.090996	-0.069490	0.744580	0.195990	2.341308	1.000000
-10.000000	-10.000000	-10.000000	-10.000000	-10.000000	0.000000
3.310358	-0.069490	0.858688	-0.164168	0.136621	1.000000
-10.000000	-10.000000	-10.000000	-10.000000	-10.000000	0.000000
3.762134	-0.069490	9.136907	0.225077	1.525152	1.000000
-10.000000	-10.000000	-10.000000	-10.000000	-10.000000	0.000000
-10.000000	-10.000000	-10.000000	-10.000000	-10.000000	0.000000
-10.000000	-10.000000	-10.000000	-10.000000	-10.000000	0.000000
3.251558	-0.069490	-0.072380	0.026544	1.007465	1.000000
-10.000000	-10.000000	-10.000000	-10.000000	-10.000000	0.000000
-10.000000	-10.000000	-10.000000	-10.000000	-10.000000	0.000000
3.839321	5.548694	4.843201	0.012974	1.953832	1.000000
-10.000000	-10.000000	-10.000000	-10.000000	-10.000000	0.000000
-10.000000	-10.000000	-10.000000	-10.000000	-10.000000	0.000000
2.689235	-0.069490	0.017746	-0.213373	-0.056286	1.000000
4.235875	-0.069490	5.629249	-0.066441	8.478411	1.000000
3.636475	-0.069490	11.251263	-0.004358	2.393419	1.000000
-10.000000	-10.000000	-10.000000	-10.000000	-10.000000	0.000000
4.314705	-0.069490	0.310719	0.039881	11.983928	1.000000
-10.000000	-10.000000	-10.000000	-10.000000	-10.000000	0.000000
3.820472	-0.069490	1.404009	0.122051	5.366606	1.000000
-10.000000	-10.000000	-10.000000	-10.000000	-10.000000	0.000000
2.906387	-0.069490	1.873503	0.168652	1.933563	1.000000
-10.000000	-10.000000	-10.000000	-10.000000	-10.000000	0.000000
-10.000000	-10.000000	-10.000000	-10.000000	-10.000000	0.000000
-10.000000	-10.000000	-10.000000	-10.000000	-10.000000	0.000000
3.839321	-0.069490	6.050472	-0.013278	3.113728	1.000000
-10.000000	-10.000000	-10.000000	-10.000000	-10.000000	0.000000
3.568499	-0.069490	4.412610	0.183173	3.805064	1.000000
-10.000000	-10.000000	-10.000000	-10.000000	-10.000000	0.000000
-10.000000	-10.000000	-10.000000	-10.000000	-10.000000	0.000000
3.544983	-0.069490	6.339605	-0.152170	1.401516	1.000000
3.521010	5.548694	1.134708	1.021995	2.745884	1.000000
-10.000000	-10.000000	-10.000000	-10.000000	-10.000000	0.000000
4.166106	-0.069490	14.769689	-0.119986	1.854263	1.000000
-10.000000	-10.000000	-10.000000	-10.000000	-10.000000	0.000000
-10.000000	-10.000000	-10.000000	-10.000000	-10.000000	0.000000
-10.000000	-10.000000	-10.000000	-10.000000	-10.000000	0.000000
-10.000000	-10.000000	-10.000000	-10.000000	-10.000000	0.000000
3.251558	-0.069490	0.403434	0.504010	1.846456	1.000000
-10.000000	-10.000000	-10.000000	-10.000000	-10.000000	0.000000
-10.000000	-10.000000	-10.000000	-10.000000	-10.000000	0.000000
3.721653	-0.069490	6.786382	-0.177619	1.624572	1.000000
-10.000000	-10.000000	-10.000000	-10.000000	-10.000000	0.000000
4.151666	-0.069490	7.068316	0.022062	6.950431	1.000000
4.524857	-0.069490	4.327825	-0.050701	5.700846	1.000000
2.906387	-0.069490	-0.072380	-0.310722	-0.291623	1.000000
4.262715	-0.069490	9.595099	0.023849	5.294466	1.000000
-10.000000	-10.000000	-10.000000	-10.000000	-10.000000	0.000000
-10.000000	-10.000000	-10.000000	-10.000000	-10.000000	0.000000
-10.000000	-10.000000	-10.000000	-10.000000	-10.000000	0.000000
-10.000000	-10.000000	-10.000000	-10.000000	-10.000000	0.000000
-10.000000	-10.000000	-10.000000	-10.000000	-10.000000	0.000000
-10.000000	-10.000000	-10.000000	-10.000000	-10.000000	0.000000
-10.000000	-10.000000	-10.000000	-10.000000	-10.000000	0.000000
4.492223	-0.069490	26.680728	0.027495	4.239064	1.000000
-10.000000	-10.000000	-10.000000	-10.000000	-10.000000	0.000000
4.045563	-0.069490	4.997576	-0.043129	1.058605	1.000000
-10.000000	-10.000000	-10.000000	-10.000000	-10.000000	0.000000
4.029633	-0.069490	3.644822	-0.110757	2.329597	1.000000
-10.000000	-10.000000	-10.000000	-10.000000	-10.000000	0.000000
-10.000000	-10.000000	-10.000000	-10.000000	-10.000000	0.000000
-10.000000	-10.000000	-10.000000	-10.000000	-10.000000	0.000000
-10.000000	-10.000000	-10.000000	-10.000000	-10.000000	0.000000
4.802491	-0.069490	1.035103	0.008806	14.389046	1.000000
-10.000000	-10.000000	-10.000000	-10.000000	-10.000000	0.000000
-10.000000	-10.000000	-10.000000	-10.000000	-10.000000	0.000000
3.496562	-0.069490	1.956228	0.091186	2.673496	1.000000
-10.000000	-10.000000	-10.000000	-10.000000	-10.000000	0.000000
-10.000000	-10.000000	-10.000000	-10.000000	-10.000000	0.000000
3.544983	-0.069490	14.484208	0.385013	3.018227	1.000000
-10.000000	-10.000000	-10.000000	-10.000000	-10.000000	0.000000
3.221072	-0.069490	-0.036761	-0.003696	-0.206038	1.000000
3.471620	-0.069490	1.928324	0.255276	2.919340	1.000000
3.820472	-0.069490	3.347692	-0.236189	2.986384	1.000000
3.762134	-0.069490	13.417682	-0.177824	1.538334	1.000000
-10.000000	-10.000000	-10.000000	-10.000000	-10.000000	0.000000
-10.000000	-10.000000	-10.000000	-10.000000	-10.000000	0.000000
3.742059	-0.069490	5.830025	-0.119794	3.043519	1.000000
-10.000000	-10.000000	-10.000000	-10.000000	-10.000000	0.000000
2.824051	-0.069490	1.298644	0.195441	0.926281	1.000000
4.301911	-0.069490	25.490685	0.019515	3.430745	1.000000
-10.000000	-10.000000	-10.000000	-10.000000	-10.000000	0.000000
4.435839	-0.069490	9.798759	-0.224993	2.916914	1.000000
5.176800	-0.069490	7.735051	-0.150497	14.892581	1.000000
-10.000000	-10.000000	-10.000000	-10.000000	-10.000000	0.000000
3.221072	-0.069490	0.546641	-0.211849	0.825435	1.000000
3.614230	-0.069490	6.477806	-0.004744	2.015889	1.000000
2.983573	-0.069490	0.395695	-0.136941	0.790893	1.000000
3.496562	-0.069490	6.267606	-0.058032	3.117433	1.000000
-10.000000	-10.000000	-10.000000	-10.000000	-10.000000	0.000000
4.288983	-0.069490	29.813626	-0.018923	3.950357	1.000000
-10.000000	-10.000000	-10.000000	-10.000000	-10.000000	0.000000
3.544983	-0.069490	0.318071	0.030370	1.319917	1.000000
3.310358	-0.069490	-0.072380	0.362948	1.145518	1.000000
4.045563	-0.069490	7.428280	0.174402	4.481771	1.000000
2.235249	-0.069490	0.365213	0.069910	0.624510	1.000000
3.801331	-0.069490	-0.019815	-0.051821	0.690696	1.000000
-10.000000	-10.000000	-10.000000	-10.000000	-10.000000	0.000000
-10.000000	-10.000000	-10.000000	-10.000000	-10.000000	0.000000
-10.000000	-10.000000	-10.000000	-10.000000	-10.000000	0.000000
-10.000000	-10.000000	-10.000000	-10.000000	-10.000000	0.000000
-10.000000	-10.000000	-10.000000	-10.000000	-10.000000	0.000000
3.781888	-0.069490	0.592800	-0.249365	1.116593	1.000000
3.894200	-0.069490	2.041916	0.159504	2.854606	1.000000
-10.000000	-10.000000	-10.000000	-10.000000	-10.000000	0.000000
-10.000000	-10.000000	-10.000000	-10.000000	-10.000000	0.000000
3.614230	-0.069490	1.094609	-0.081573	2.356592	1.000000
3.281308	-0.069490	1.435791	0.283900	4.898300	1.000000
-10.000000	-10.000000	-10.000000	-10.000000	-10.000000	0.000000
3.420171	-0.069490	2.218391	0.153475	0.610081	1.000000
2.983573	-0.069490	0.582457	-0.062399	1.974951	1.000000
3.446163	-0.069490	-0.072380	0.423369	0.355335	1.000000
3.420171	-0.069490	2.167875	-0.109376	2.808884	1.000000
-10.000000	-10.000000	-10.000000	-10.000000	-10.000000	0.000000
-10.000000	-10.000000	-10.000000	-10.000000	-10.000000	0.000000
2.824051	-0.069490	0.689186	0.179855	0.651088	1.000000
2.590416	-0.069490	0.386652	-0.230230	1.348752	1.000000
4.076820	-0.069490	7.929872	-0.269853	0.939696	1.000000
-10.000000	-10.000000	-10.000000	-10.000000	-10.000000	0.000000
-10.000000	-10.000000	-10.000000	-10.000000	-10.000000	0.000000
-10.000000	-10.000000	-10.000000	-10.000000	-10.000000	0.000000
2.906387	-0.069490	0.115625	0.195763	0.159171	1.000000
-10.000000	-10.000000	-10.000000	-10.000000	-10.000000	0.000000
-10.000000	-10.000000	-10.000000	-10.000000	-10.000000	0.000000
3.544983	-0.069490	0.482028	0.367066	5.749922	1.000000
-10.000000	-10.000000	-10.000000	-10.000000	-10.000000	0.000000
3.568499	-0.069490	0.188967	-0.244290	0.343452	1.000000
3.338741	-0.069490	0.953380	0.319136	2.717468	1.000000
3.124822	-0.069490	0.726381	0.025068	0.426233	1.000000
-10.000000	-10.000000	-10.000000	-10.000000	-10.000000	0.000000
-10.000000	-10.000000	-10.000000	-10.000000	-10.000000	0.000000
4.288983	-0.069490	3.611549	-0.100178	6.802653	1.000000
-10.000000	-10.000000	-10.000000	-10.000000	-10.000000	0.000000
-10.000000	-10.000000	-10.000000	-10.000000	-10.000000	0.000000
3.591576	-0.069490	1.671214	0.003410	2.716529	1.000000
-10.000000	-10.000000	-10.000000	-10.000000	-10.000000	0.000000
-10.000000	-10.000000	-10.000000	-10.000000	-10.000000	0.000000
3.281308	-0.069490	14.137960	0.382226	1.183067	1.000000
-10.000000	-10.000000	-10.000000	-10.000000	-10.000000	0.000000
3.020429	-0.069490	0.454869	-0.137320	0.130997	1.000000
3.980570	-0.069490	2.261532	-0.241024	0.306070	1.000000
-10.000000	-10.000000	-10.000000	-10.000000	-10.000000	0.000000
3.496562	-0.069490	1.560541	0.065706	1.854752	1.000000
4.092157	-0.069490	12.367410	-0.072414	3.597848	1.000000
-10.000000	-10.000000	-10.000000	-10.000000	-10.000000	0.000000
-10.000000	-10.000000	-10.000000	-10.000000	-10.000000	0.000000
3.496562	-0.069490	0.863346	0.034995	3.357733	1.000000
3.781888	-0.069490	0.872737	0.135768	1.474546	1.000000
-10.000000	-10.000000	-10.000000	-10.000000	-10.000000	0.000000
3.857886	-0.069490	2.161765	-0.301412	0.158693	1.000000
-10.000000	-10.000000	-10.000000	-10.000000	-10.000000	0.000000
-10.000000	-10.000000	-10.000000	-10.000000	-10.000000	0.000000
3.124822	-0.069490	-0.072380	-0.329924	-0.250785	1.000000
-10.000000	-10.000000	-10.000000	-10.000000	-10.000000	0.000000
3.742059	-0.069490	6.113872	0.004713	1.381272	1.000000
3.568499	-0.069490	1.994867	-0.196932	1.189638	1.000000
3.496562	-0.069490	1.590045	0.060598	1.992588	1.000000
2.640814	-0.069490	0.488560	0.107529	1.943320	1.000000
-10.000000	-10.000000	-10.000000	-10.000000	-10.000000	0.000000
-10.000000	-10.000000	-10.000000	-10.000000	-10.000000	0.000000
-10.000000	-10.000000	-10.000000	-10.000000	-10.000000	0.000000
-10.000000	-10.000000	-10.000000	-10.000000	-10.000000	0.000000
3.820472	-0.069490	2.714988	-0.161684	0.804001	1.000000
2.865905	-0.069490	0.190442	0.086625	-0.159186	1.000000
3.568499	-0.069490	-0.072380	-0.098606	0.417981	1.000000
3.338741	-0.069490	2.763628	-0.276619	-0.033629	1.000000
3.420171	-0.069490	1.325206	0.227442	2.758300	1.000000
-10.000000	-10.000000	-10.000000	-10.000000	-10.000000	0.000000
3.929477	-0.069490	5.266400	-0.054717	1.642231	1.000000
4.045563	-0.069490	59.774882	-0.066132	1.785969	1.000000
-10.000000	-10.000000	-10.000000	-10.000000	-10.000000	0.000000
-10.000000	-10.000000	-10.000000	-10.000000	-10.000000	0.000000
-10.000000	-10.000000	-10.000000	-10.000000	-10.000000	0.000000
-10.000000	-10.000000	-10.000000	-10.000000	-10.000000	0.000000
3.781888	-0.069490	5.021161	-0.110011	1.256786	1.000000
4.029633	-0.069490	1.424293	-0.046108	1.302529	1.000000
3.820472	-0.069490	8.042188	0.267998	2.329439	1.000000
3.281308	-0.069490	0.044190	-0.239434	-0.189353	1.000000
3.997142	-0.069490	0.172201	-0.309351	-0.119025	1.000000
3.471620	-0.069490	0.858595	-0.084337	-0.039023	1.000000
2.865905	-0.069490	0.296112	-0.153707	0.560922	1.000000
3.721653	-0.069490	0.260799	-0.203189	0.645695	1.000000
2.235249	-0.069490	-0.020571	0.069910	0.286982	1.000000
3.521010	-0.069490	0.650330	-0.069078	0.773901	1.000000
3.929477	-0.069490	0.756707	0.060420	1.783246	1.000000
2.906387	-0.069490	0.656715	0.100369	3.995973	1.000000
3.658327	-0.069490	1.212781	-0.151759	0.947523	1.000000
3.614230	-0.069490	1.771651	0.077782	5.422879	1.000000
-10.000000	-10.000000	-10.000000	-10.000000	-10.000000	0.000000
2.906387	-0.069490	-0.072380	-0.024407	-0.254984	1.000000
-10.000000	-10.000000	-10.000000	-10.000000	-10.000000	0.000000
3.963773	-0.069490	13.292389	-0.169644	3.887583	1.000000
-10.000000	-10.000000	-10.000000	-10.000000	-10.000000	0.000000
2.906387	-0.069490	0.385378	-0.108965	1.165036	1.000000
4.924827	-0.069490	4.878037	-0.019636	6.865565	1.000000
3.189815	-0.069490	-0.072380	-0.249702	-0.200091	1.000000
4.827948	-0.069490	0.754731	-0.260181	0.527878	1.000000
3.544983	-0.069490	7.864726	0.101015	0.924314	1.000000
3.056217	-0.069490	-0.011936	-0.283300	-0.199720	1.000000
3.679798	-0.069490	6.701604	0.142375	1.305950	1.000000
3.251558	-0.069490	0.164764	-0.067088	0.069446	1.000000
3.420171	-0.069490	0.852850	-0.020553	1.313289	1.000000
4.877337	-0.069490	0.874705	-0.222409	3.417710	1.000000
3.521010	-0.069490	0.399968	-0.069078	0.108875	1.000000
4.978017	-0.069490	-0.072380	-0.095139	0.661138	1.000000
3.366485	-0.069490	0.180128	-0.199596	-0.168707	1.000000
4.713634	-0.069490	0.140650	-0.251761	0.946826	1.000000
3.310358	-0.069490	5.445768	-0.014123	0.014153	1.000000
2.482993	-0.069490	0.069453	1.315074	0.339234	1.000000
3.544983	-0.069490	0.508549	0.393968	0.954826	1.000000
3.020429	-0.069490	-0.004227	-0.113883	0.180609	1.000000
3.471620	-0.069490	-0.047015	0.192956	0.667249	1.000000
3.781888	-0.069490	-0.009148	0.138908	2.257155	1.000000
3.338741	-0.069490	0.274844	0.011446	0.844172	1.000000
3.157747	-0.069490	-0.072380	-0.206971	-0.163593	1.000000
2.983573	-0.069490	0.521208	0.274419	0.286629	1.000000
3.521010	-0.069490	-0.022190	-0.019209	0.381995	1.000000
3.591576	-0.069490	0.135935	0.055998	0.824324	1.000000
3.393620	-0.069490	2.704134	0.180990	1.689233	1.000000
3.393620	-0.069490	0.140283	-0.149070	-0.081519	1.000000
3.658327	-0.069490	0.501059	-0.131620	0.340817	1.000000
3.762134	-0.069490	0.939685	-0.232596	0.115337	1.000000
3.124822	-0.069490	0.259104	-0.023074	-0.219794	1.000000
3.020429	-0.069490	-0.032830	0.216633	0.473182	1.000000
5.666783	-0.069490	52.449226	-0.197013	3.084857	1.000000
3.568499	-0.069490	0.237847	0.617179	1.164164	1.000000
3.366485	-0.069490	0.742112	0.116662	0.829238	1.000000
3.742059	-0.069490	7.908183	0.038872	0.972752	1.000000
4.492223	-0.069490	16.605020	-0.153140	3.897066	1.000000
3.420171	-0.069490	0.225521	-0.254107	-0.004580	1.000000
4.045563	-0.069490	1.286900	-0.045217	2.000630	1.000000
3.544983	-0.069490	0.114618	-0.260281	0.385319	1.000000
3.591576	-0.069490	-0.072380	0.125448	-0.166583	1.000000
4.061290	-0.069490	0.932493	-0.048537	1.078580	1.000000
3.820472	-0.069490	4.637077	-0.103309	0.711862	1.000000
3.700903	-0.069490	-0.072380	-0.171993	-0.100165	1.000000
3.544983	-0.069490	16.351865	0.001892	0.422020	1.000000
3.894200	-0.069490	0.380716	-0.121950	0.382916	1.000000
3.446163	-0.069490	0.026083	0.354714	1.239408	1.000000
4.288983	-0.069490	0.234504	-0.110055	3.093502	1.000000
3.544983	-0.069490	0.075306	-0.026714	0.965782	1.000000
3.876177	-0.069490	0.292424	0.082610	0.838164	1.000000
3.521010	-0.069490	-0.004920	0.045044	-0.142576	1.000000
3.876177	-0.069490	0.468351	-0.098713	0.654319	1.000000
3.700903	-0.069490	1.977990	-0.244031	0.350464	1.000000
3.820472	-0.069490	0.297608	-0.039404	0.563536	1.000000
3.894200	-0.069490	2.000224	-0.008945	1.430012	1.000000
3.894200	-0.069490	-0.072380	-0.070581	0.546196	1.000000
3.614230	-0.069490	0.128105	0.058583	0.901939	1.000000
3.658327	-0.069490	-0.072380	0.151561	0.398541	1.000000
3.801331	-0.069490	14.476482	0.235987	2.621866	1.000000
3.781888	-0.069490	-0.072380	-0.156637	1.587287	1.000000
3.679798	-0.069490	-0.017495	0.048752	0.516562	1.000000
3.857886	-0.069490	0.739386	-0.045688	1.316280	1.000000
4.076820	-0.069490	2.613530	-0.190246	0.863384	1.000000
3.820472	-0.069490	3.273938	0.119098	1.657707	1.000000
3.781888	-0.069490	0.624008	0.244767	2.151364	1.000000
3.876177	-0.069490	0.440836	-0.293938	0.472466	1.000000
4.076820	-0.069490	1.219074	0.174443	3.961567	1.000000
4.424247	-0.069490	4.056450	-0.015644	3.048225	1.000000
3.679798	-0.069490	0.541510	0.197898	2.120515	1.000000
3.251558	-0.069490	-0.072380	0.149292	0.614541	1.000000
3.366485	-0.069490	1.861980	-0.199596	0.055693	1.000000
3.911964	-0.069490	0.121363	-0.189141	0.420510	1.000000
3.700903	-0.069490	7.326532	-0.179538	0.673951	1.000000
4.166106	-0.069490	2.890437	-0.168550	1.579166	1.000000
3.157747	-0.069490	0.002095	-0.254190	-0.187465	1.000000
4.514074	-0.069490	0.444437	-0.182283	0.377648	1.000000
4.388802	-0.069490	7.071563	-0.057016	4.845628	1.000000
3.857886	-0.069490	0.095015	0.019498	0.750418	1.000000
3.700903	-0.069490	0.525957	-0.266950	-0.164271	1.000000
3.251558	-0.069490	0.051386	-0.074953	1.806465	1.000000
4.029633	-0.069490	0.673080	-0.184825	0.787985	1.000000
3.801331	-0.069490	0.015452	-0.020581	0.575094	1.000000
3.658327	-0.069490	-0.072380	-0.012101	0.030457	1.000000
3.679798	-0.069490	0.063726	-0.173878	0.829163	1.000000
3.544983	-0.069490	-0.072380	-0.191272	0.373570	1.000000
3.281308	-0.069490	0.122938	-0.072650	1.199307	1.000000
5.151212	-0.069490	2.655912	-0.025448	17.821780	1.000000
4.376757	-0.069490	22.672505	0.030346	2.224710	1.000000
4.092157	-0.069490	-0.072380	0.004789	-0.030684	1.000000
4.458703	-0.069490	6.988660	0.173580	4.254295	1.000000
3.781888	-0.069490	1.869816	0.182709	1.945783	1.000000
3.679798	-0.069490	0.774403	-0.088518	1.207401	1.000000
4.045563	-0.069490	0.633784	-0.043129	1.663625	1.000000
3.857886	-0.069490	0.397827	0.598721	4.553088	1.000000
3.801331	-0.069490	5.548691	0.121194	1.326790	1.000000
3.420171	-0.069490	5.201850	0.142020	2.504394	1.000000
-10.000000	-10.000000	-10.000000	-10.000000	-10.000000	0.000000
-10.000000	-10.000000	-10.000000	-10.000000	-10.000000	0.000000
3.496562	-0.069490	0.010190	-0.089344	-0.248977	1.000000
-10.000000	-10.000000	-10.000000	-10.000000	-10.000000	0.000000
4.435839	-0.069490	20.908183	-0.086933	1.576769	1.000000
2.780728	-0.069490	0.619552	0.350417	3.259590	1.000000
4.388802	-0.069490	0.497480	-0.300447	-0.018374	1.000000
3.820472	-0.069490	2.294916	-0.286345	-0.083408	1.000000
3.929477	-0.069490	0.064428	-0.060160	0.305463	1.000000
3.393620	-0.069490	16.729535	-0.111544	0.311343	1.000000
3.876177	-0.069490	0.051129	-0.250988	-0.056768	1.000000
3.876177	-0.069490	21.020515	-0.037700	1.556425	1.000000
3.568499	-0.069490	-0.004381	-0.196932	0.176339	1.000000
3.521010	-0.069490	0.032857	-0.064073	-0.077203	1.000000
3.946744	-0.069490	0.033127	-0.075286	0.285104	1.000000
3.568499	-0.069490	6.456112	0.178725	0.628344	1.000000
4.180379	-0.069490	0.171749	0.284830	4.569405	1.000000
3.997142	-0.069490	0.309838	-0.057417	1.516736	1.000000
2.906387	-0.069490	-0.072380	-0.052469	0.310417	1.000000
3.742059	-0.069490	0.349603	-0.060697	1.651357	1.000000
3.521010	-0.069490	24.596175	-0.049084	0.326338	1.000000
4.617882	-0.069490	-0.072380	-0.281501	-0.244923	1.000000
3.090996	-0.069490	0.039711	-0.128546	0.015176	1.000000
4.947904	-0.069490	-0.072380	-0.049313	3.204605	1.000000
2.983573	-0.069490	56.511611	0.355924	1.556007	1.000000
4.749948	-0.069490	27.908825	-0.161950	1.015094	1.000000
5.084820	-0.069490	21.764750	-0.194400	0.747964	1.000000
3.020429	-0.069490	1.375587	0.970217	1.452248	1.000000
3.781888	-0.069490	-0.072380	-0.104248	0.417081	1.000000
3.251558	-0.069490	1.145946	-0.067088	0.765286	1.000000
3.446163	-0.069490	-0.009285	0.301397	1.727036	1.000000
2.983573	-0.069490	-0.072380	-0.275897	-0.351757	1.000000
3.894200	-0.069490	0.604705	0.298263	4.368335	1.000000
2.689235	-0.069490	-0.014095	0.112714	-0.079975	1.000000
4.166106	-0.069490	4.666323	-0.222868	-0.091717	1.000000
3.521010	-0.069490	0.898863	0.449969	2.311411	1.000000
3.568499	-0.069490	0.022171	-0.038486	-0.052279	1.000000
2.983573	-0.069490	-0.051332	-0.000938	0.106683	1.000000
3.420171	-0.069490	0.746684	0.233097	0.424218	1.000000
3.521010	-0.069490	0.194220	-0.164912	0.309771	1.000000
3.496562	-0.069490	1.962000	-0.120810	0.358636	1.000000
3.056217	-0.069490	-0.039999	0.004054	0.658605	1.000000
3.420171	-0.069490	-0.046475	-0.061851	0.135636	1.000000
3.393620	-0.069490	0.607475	0.272189	0.415130	1.000000
3.980570	-0.069490	0.175447	-0.077721	0.794217	1.000000
3.658327	-0.069490	-0.072380	-0.063619	-0.122830	1.000000
3.894200	-0.069490	-0.072380	-0.157336	0.148718	1.000000
4.137056	-0.069490	0.513713	-0.114712	1.316354	1.000000
2.906387	-0.069490	0.202139	0.460731	0.762833	1.000000
4.275919	-0.069490	5.172687	-0.132596	1.226907	1.000000
4.435839	-0.069490	2.396798	-0.160950	0.994505	1.000000
4.235875	-0.069490	-0.072380	-0.244931	-0.051750	1.000000
4.481150	-0.069490	2.136694	-0.175712	-0.017270	1.000000
4.061290	-0.069490	0.089523	-0.228136	1.176139	1.000000
4.314705	-0.069490	0.196138	0.014710	3.021015	1.000000
4.767712	-0.069490	13.516054	-0.180638	4.672104	1.000000
3.997142	-0.069490	-0.072380	-0.292870	0.120256	1.000000
4.029633	-0.069490	0.250777	-0.176066	0.674482	1.000000
4.222233	-0.069490	0.772607	-0.107447	1.687840	1.000000
4.045563	-0.069490	0.046259	-0.163234	0.586040	1.000000
3.997142	-0.069490	0.073692	-0.174061	1.159551	1.000000
3.894200	-0.069490	-0.072380	0.133475	0.257681	1.000000
4.235875	-0.069490	0.084261	0.008124	1.397807	1.000000
4.676220	-0.069490	0.587319	-0.197528	0.711940	1.000000
4.627798	-0.069490	0.186070	-0.124761	1.846715	1.000000
3.820472	-0.069490	0.116147	-0.075843	1.266359	1.000000
3.762134	-0.069490	-0.072380	-0.198309	-0.080690	1.000000
3.679798	-0.069490	-0.072380	-0.280220	-0.191103	1.000000
3.658327	-0.069490	0.233733	-0.083544	0.403303	1.000000
3.366485	-0.069490	-0.008279	0.920427	1.827939	1.000000
3.963773	-0.069490	0.357471	0.197414	0.864854	1.000000
4.107305	-0.069490	0.348335	-0.126459	0.517814	1.000000
4.412545	-0.069490	0.218253	0.009751	4.356524	1.000000
4.166106	-0.069490	17.181929	0.167910	2.699236	1.000000
3.221072	-0.069490	-0.072380	-0.152880	-0.039000	1.000000
3.446163	-0.069490	-0.001143	0.247631	0.184675	1.000000
4.412545	-0.069490	0.344442	-0.309088	0.379539	1.000000
3.963773	-0.069490	0.070788	-0.162336	0.146844	1.000000
4.503197	-0.069490	0.398351	-0.062113	2.985345	1.000000
4.122270	-0.069490	16.882294	-0.026166	2.364202	1.000000
3.929477	-0.069490	5.019212	0.057931	2.661653	1.000000
3.839321	-0.069490	0.078560	-0.212166	0.655213	1.000000
3.679798	-0.069490	0.729324	-0.201279	0.336840	1.000000
3.801331	-0.069490	0.220921	0.019806	1.486027	1.000000
3.471620	-0.069490	0.225521	-0.024668	0.503682	1.000000
4.076820	-0.069490	5.248133	-0.133697	0.762321	1.000000
4.458703	-0.069490	0.474967	-0.130923	0.728494	1.000000
3.721653	-0.069490	-0.072380	-0.262022	0.035813	1.000000
3.700903	-0.069490	-0.072380	-0.082141	0.281976	1.000000
3.894200	-0.069490	0.399572	-0.245283	0.230743	1.000000
4.637636	-0.069490	0.710691	-0.184301	1.071431	1.000000
3.614230	-0.069490	0.968294	-0.098772	0.856245	1.000000
3.568499	-0.069490	0.301831	-0.196932	0.037096	1.000000
4.122270	-0.069490	2.176485	-0.129720	1.737347	1.000000
4.400730	-0.069490	0.658793	-0.096306	2.252994	1.000000
3.471620	-0.069490	0.331262	-0.122600	0.235170	1.000000
3.544983	-0.069490	0.076570	-0.220756	0.186074	1.000000
3.591576	-0.069490	7.596803	0.404220	2.271875	1.000000
3.446163	-0.069490	0.170474	-0.322340	-0.331683	1.000000
3.997142	-0.069490	0.431804	-0.023511	0.886801	1.000000
3.544983	-0.069490	-0.072380	-0.103626	-0.213255	1.000000
3.894200	-0.069490	0.520147	-0.094862	0.603622	1.000000
3.997142	-0.069490	0.248857	0.037071	2.527542	1.000000
4.327367	-0.069490	1.858805	-0.090773	3.425056	1.000000
4.013494	-0.069490	0.143891	0.020763	0.917127	1.000000
3.338741	-0.069490	-0.052951	-0.165345	0.746706	1.000000
4.400730	-0.069490	5.928602	0.045158	3.852437	1.000000
4.249368	-0.069490	10.619320	-0.213219	0.814201	1.000000
3.338741	-0.069490	-0.072380	-0.172243	0.220201	1.000000
3.614230	-0.069490	0.126495	0.033328	2.824503	1.000000
3.857886	-0.069490	2.025272	0.111880	2.012692	1.000000
3.911964	-0.069490	0.086932	0.041068	1.214337	1.000000
3.496562	-0.069490	0.599880	-0.184210	0.576587	1.000000
3.801331	-0.069490	6.368880	0.050699	2.836747	1.000000
3.946744	-0.069490	-0.023809	-0.100037	0.325995	1.000000
3.839321	-0.069490	5.758133	-0.072003	1.837464	1.000000
4.045563	-0.069490	0.775564	-0.041042	0.837302	1.000000
3.446163	-0.069490	2.183802	-0.022556	0.908943	1.000000
3.700903	-0.069490	-0.048769	-0.008217	-0.065579	1.000000
3.911964	-0.069490	3.375638	0.094801	3.079563	1.000000
4.901311	-0.069490	0.519913	-0.221232	1.882834	1.000000
3.679798	-0.069490	-0.072380	-0.038608	0.225968	1.000000
3.544983	-0.069490	-0.072380	-0.161923	0.214914	1.000000
5.138216	-0.069490	4.328664	-0.280294	1.343937	1.000000
3.124822	-0.069490	-0.072380	-0.149966	-0.222687	1.000000
5.815031	-0.069490	1.108252	-0.257632	2.426977	1.000000
3.338741	-0.069490	0.030356	-0.165345	0.311037	1.000000
3.366485	-0.069490	11.426872	-0.023401	0.083705	1.000000
3.781888	-0.069490	-0.019761	-0.094472	0.117655	1.000000
3.124822	-0.069490	-0.048343	0.680920	0.896332	1.000000
3.496562	-0.069490	-0.000193	-0.016519	0.222389	1.000000
2.824051	-0.069490	-0.072380	0.241972	-0.242314	1.000000
3.591576	-0.069490	2.644221	0.563414	2.404565	1.000000
3.393620	-0.069490	-0.072380	0.036394	-0.057558	1.000000
2.983573	-0.069490	-0.072380	0.286126	0.454982	1.000000
3.471620	-0.069490	-0.072380	0.296487	-0.077990	1.000000
2.865905	-0.069490	0.041280	0.217947	-0.061438	1.000000
3.679798	-0.069490	0.017026	-0.244576	-0.094525	1.000000
3.471620	-0.069490	27.582344	-0.062575	0.306251	1.000000
4.339901	-0.069490	0.189671	0.009608	2.406538	1.000000
3.521010	-0.069490	-0.052951	0.147493	0.240354	1.000000
3.496562	-0.069490	30.587745	-0.120810	-0.038374	1.000000
3.614230	-0.069490	-0.020571	-0.304402	-0.301837	1.000000
2.735829	-0.069490	-0.002006	0.004818	-0.134282	1.000000
4.045563	-0.069490	0.118665	-0.082914	0.617963	1.000000
3.338741	-0.069490	0.110055	-0.144695	0.405626	1.000000
2.945583	-0.069490	0.083047	-0.018088	-0.152270	1.000000
3.124822	-0.069490	0.212568	-0.100863	-0.040905	1.000000
3.393620	-0.069490	-0.072380	-0.074238	0.284738	1.000000
4.947904	-0.069490	12.806411	-0.240018	1.051477	1.000000
4.352309	-0.069490	0.713522	0.007729	2.306910	1.000000
3.658327	-0.069490	1.953297	0.097471	1.634194	1.000000
3.496562	-0.069490	0.939070	0.192104	1.288728	1.000000
4.577400	-0.069490	-0.072380	0.016158	0.367649	1.000000
3.894200	-0.069490	0.783001	0.384111	2.111008	1.000000
3.911964	-0.069490	-0.072380	-0.036485	0.132129	1.000000
4.587646	-0.069490	0.810039	-0.314137	0.422981	1.000000
3.781888	-0.069490	7.704587	-0.010371	0.659498	1.000000
4.076820	-0.069490	0.510246	-0.210564	0.679744	1.000000
3.929477	-0.069490	0.385980	0.075334	1.533638	1.000000
3.839321	-0.069490	2.068950	0.162576	1.832727	1.000000
3.636475	-0.069490	-0.072380	-0.111544	0.504547	1.000000
4.235875	-0.069490	0.276912	-0.199449	1.133561	1.000000
4.107305	-0.069490	0.780500	-0.197517	0.417367	1.000000
3.857886	-0.069490	0.155902	-0.003100	1.191307	1.000000
3.911964	-0.069490	3.071704	-0.210486	0.437035	1.000000
2.689235	-0.069490	-0.072380	-0.089134	0.179974	1.000000
3.997142	-0.069490	0.878256	-0.250685	0.324155	1.000000
4.061290	-0.069490	-0.072380	-0.091429	-0.050536	1.000000
4.107305	-0.069490	0.015048	-0.101679	0.444000	1.000000
3.521010	-0.069490	-0.072380	-0.079098	0.209043	1.000000
3.980570	-0.069490	-0.072380	0.234664	0.855698	1.000000
4.029633	-0.069490	1.006151	-0.099937	1.686181	1.000000
4.092157	-0.069490	1.074148	-0.113321	1.316166	1.000000
3.876177	-0.069490	0.104591	0.109640	0.874217	1.000000
3.496562	-0.069490	-0.072380	0.060598	-0.203377	1.000000
4.314705	-0.069490	1.469688	0.310417	5.549776	1.000000
4.352309	-0.069490	8.859665	-0.110781	2.174505	1.000000
3.420171	-0.069490	-0.072380	0.130543	0.133558	1.000000
3.636475	-0.069490	3.207022	0.024196	0.791955	1.000000
4.352309	-0.069490	3.141099	-0.029856	2.554680	1.000000
3.568499	-0.069490	0.273429	0.043834	0.872723	1.000000
3.997142	-0.069490	0.036208	-0.167140	-0.091158	1.000000
4.045563	-0.069490	0.536476	-0.150485	1.468737	1.000000
3.521010	-0.069490	-0.027047	-0.059073	0.114950	1.000000
4.909199	-0.069490	12.027477	-0.049364	8.410951	1.000000
4.364594	-0.069490	0.397896	-0.176729	0.127138	1.000000
4.339901	-0.069490	0.328598	-0.242552	2.098642	1.000000
4.166106	-0.069490	0.049722	-0.130280	0.801378	1.000000
4.314705	-0.069490	2.348886	0.084678	3.856316	1.000000
3.591576	-0.069490	-0.072380	-0.116515	0.108961	1.000000
3.876177	-0.069490	-0.072380	-0.023914	0.371336	1.000000
3.997142	-0.069490	0.042129	0.237130	1.934130	1.000000
3.742059	-0.069490	-0.072380	0.157015	0.453344	1.000000
4.262715	-0.069490	7.823263	-0.215951	0.602748	1.000000
3.251558	-0.069490	-0.072380	-0.138223	0.563313	1.000000
3.310358	-0.069490	-0.072380	-0.171402	0.416779	1.000000
3.911964	-0.069490	0.147718	0.028207	0.414052	1.000000
3.124822	-0.069490	-0.072380	0.260491	0.682781	1.000000
4.013494	-0.069490	0.952301	-0.129164	0.628694	1.000000
3.568499	-0.069490	-0.039999	-0.211102	1.339437	1.000000
4.107305	-0.069490	0.273737	-0.185940	0.888214	1.000000
3.614230	-0.069490	4.150298	0.096281	0.800092	1.000000
3.929477	-0.069490	0.117418	-0.062696	1.736917	1.000000
4.597807	-0.069490	5.835689	-0.131986	2.054017	1.000000
4.352309	-0.069490	0.177071	-0.082847	2.080305	1.000000
4.013494	-0.069490	0.542832	-0.084702	1.074752	1.000000
4.447324	-0.069490	1.368935	-0.069464	1.066459	1.000000
3.781888	-0.069490	-0.072380	0.002470	0.611961	1.000000
3.544983	-0.069490	4.843499	0.244590	0.292538	1.000000
3.614230	-0.069490	-0.072380	0.414009	0.461743	1.000000
3.911964	-0.069490	4.642880	0.043637	1.566899	1.000000
4.092157	-0.069490	2.712548	-0.211785	0.978447	1.000000
4.013494	-0.069490	1.654225	-0.135860	0.652993	1.000000
3.521010	-0.069490	-0.072380	0.352287	-0.084908	1.000000
3.310358	-0.069490	2.458094	-0.042433	1.056521	1.000000
3.591576	-0.069490	-0.072380	-0.045177	0.552706	1.000000
4.045563	-0.069490	-0.072380	-0.068227	-0.183456	1.000000
3.521010	-0.069490	0.252607	-0.079098	1.973082	1.000000
4.180379	-0.069490	0.529457	-0.123225	0.765995	1.000000
3.446163	-0.069490	2.008458	0.160655	0.475249	1.000000
4.424247	-0.069490	1.309297	-0.264354	0.312682	1.000000
3.591576	-0.069490	0.219843	-0.156995	0.776830	1.000000
3.544983	-0.069490	-0.072380	-0.142432	0.395592	1.000000
3.658327	-0.069490	0.586118	-0.063619	0.859582	1.000000
3.700903	-0.069490	-0.072380	-0.164457	-0.111659	1.000000
3.997142	-0.069490	0.015317	0.072703	0.103165	1.000000
4.388802	-0.069490	2.270921	-0.225586	0.907247	1.000000
3.820472	-0.069490	-0.072380	-0.115555	-0.310622	1.000000
3.310358	-0.069490	0.354593	-0.280898	-0.037088	1.000000
3.742059	-0.069490	0.029673	-0.147794	0.577159	1.000000
3.946744	-0.069490	1.814148	-0.263293	1.113218	1.000000
3.420171	-0.069490	-0.020211	-0.139259	0.087774	1.000000
4.151666	-0.069490	0.162569	-0.081092	1.522034	1.000000
-10.000000	-10.000000	-10.000000	-10.000000	-10.000000	0.000000
3.124822	-0.069490	-0.072380	-0.239312	-0.111252	1.000000
3.310358	-0.069490	12.874123	-0.021189	1.715349	1.000000
4.029633	-0.069490	-0.072380	-0.295329	-0.366260	1.000000
3.338741	-0.069490	-0.072380	-0.311792	-0.366260	1.000000
4.122270	-0.069490	-0.072380	-0.174619	0.081622	1.000000
3.658327	-0.069490	0.730091	-0.023953	1.814708	1.000000
3.857886	-0.069490	0.084342	-0.325175	-0.223280	1.000000
2.865905	-0.069490	-0.029638	0.318254	0.353749	1.000000
3.056217	-0.069490	-0.072380	-0.340071	-0.306841	1.000000
4.758862	-0.069490	0.740889	-0.268727	0.480502	1.000000
4.107305	-0.069490	0.852702	-0.162850	0.442922	1.000000
3.251558	-0.069490	1.346273	-0.027908	-0.001993	1.000000
3.839321	-0.069490	-0.072380	-0.303265	-0.186347	1.000000
4.412545	-0.069490	0.110678	-0.147103	1.255950	1.000000
4.388802	-0.069490	0.013429	-0.132323	0.720672	1.000000
3.544983	-0.069490	-0.072380	-0.060249	-0.189875	1.000000
4.275919	-0.069490	0.254964	-0.086431	1.229996	1.000000
3.420171	-0.069490	0.467902	0.204774	0.832822	1.000000
3.420171	-0.069490	-0.072380	-0.044119	-0.366260	1.000000
3.591576	-0.069490	0.065237	-0.166026	0.572966	1.000000
3.568499	-0.069490	2.397937	-0.225305	0.234947	1.000000
4.740969	-0.069490	8.067098	-0.198767	2.556046	1.000000
3.056217	-0.069490	0.011565	0.237508	1.583534	1.000000
4.327367	-0.069490	1.945124	-0.251369	-0.188585	1.000000
4.013494	-0.069490	0.505510	0.025120	2.534324	1.000000
4.657078	-0.069490	0.252339	-0.221233	0.114109	1.000000
5.000130	-0.069490	0.427746	-0.141589	3.345015	1.000000
3.157747	-0.069490	11.605109	-0.197569	0.016996	1.000000
3.020429	-0.069490	-0.072380	-0.078889	0.049066	1.000000
3.496562	-0.069490	-0.065904	0.266762	0.127908	1.000000
3.446163	-0.069490	-0.030285	0.033519	0.132754	1.000000
3.658327	-0.069490	0.440260	0.163093	-0.015397	1.000000
2.983573	-0.069490	3.489109	0.994060	1.305141	1.000000
3.857886	-0.069490	0.553211	-0.105791	0.617868	1.000000
2.983573	-0.069490	-0.072380	0.059938	-0.228868	1.000000
3.929477	-0.069490	0.031934	-0.055090	0.801025	1.000000
3.446163	-0.069490	-0.046475	0.349403	-0.059507	1.000000
4.122270	-0.069490	1.183848	-0.074036	1.982827	1.000000
3.929477	-0.069490	0.006976	-0.211555	0.126272	1.000000
4.208439	-0.069490	1.420652	-0.206101	0.108023	1.000000
3.929477	-0.069490	-0.072380	0.154293	0.051533	1.000000
4.013494	-0.069490	0.152665	-0.014199	0.478050	1.000000
3.471620	-0.069490	-0.072380	-0.084337	-0.305392	1.000000
3.189815	-0.069490	-0.002762	-0.249702	-0.193096	1.000000
2.780728	-0.069490	-0.062666	-0.213730	0.047121	1.000000
3.679798	-0.069490	6.119380	0.097607	2.053392	1.000000
3.894200	-0.069490	0.052012	0.009697	0.290760	1.000000
3.700903	-0.069490	-0.072380	-0.202226	-0.111252	1.000000
3.820472	-0.069490	-0.072380	-0.121686	0.138063	1.000000
4.222233	-0.069490	37.859282	0.121577	1.959843	1.000000
3.338741	-0.069490	-0.072380	-0.165345	-0.267919	1.000000
4.740969	-0.069490	-0.072380	-0.201494	0.160384	1.000000
3.839321	-0.069490	-0.072380	0.091088	0.265292	1.000000
3.700903	-0.069490	0.044573	0.122731	1.112166	1.000000
3.857886	-0.069490	1.163909	-0.210157	0.844044	1.000000
4.107305	-0.069490	-0.072380	-0.265469	0.201729	1.000000
4.388802	-0.069490	0.573445	-0.053452	2.522678	1.000000
4.587646	-0.069490	-0.072380	-0.185147	2.183869	1.000000
4.208439	-0.069490	1.559250	-0.019001	2.111108	1.000000
4.767712	-0.069490	0.333500	-0.118566	1.488136	1.000000
3.742059	-0.069490	-0.072380	-0.179442	-0.188585	1.000000
3.820472	-0.069490	1.002456	-0.170949	0.532165	1.000000
4.222233	-0.069490	0.796967	0.072749	2.690834	1.000000
4.400730	-0.069490	-0.072380	-0.145739	0.953100	1.000000
4.492223	-0.069490	-0.072380	-0.118627	0.850637	1.000000
4.424247	-0.069490	10.786171	0.051944	2.994724	1.000000
3.700903	-0.069490	0.092211	-0.209807	0.737952	1.000000
3.679798	-0.069490	0.047428	-0.252480	-0.017752	1.000000
4.412545	-0.069490	1.399384	-0.168000	0.282832	1.000000
3.496562	-0.069490	-0.072380	-0.042433	0.457471	1.000000
4.524857	-0.069490	1.666663	-0.243458	0.502939	1.000000
2.689235	-0.069490	-0.072380	0.032737	-0.019575	1.000000
3.801331	-0.069490	-0.072380	-0.175138	-0.075574	1.000000
4.339901	-0.069490	-0.072380	-0.162188	-0.153172	1.000000
3.876177	-0.069490	-0.072380	-0.054282	0.169494	1.000000
3.221072	-0.069490	0.194193	-0.161271	0.423615	1.000000
4.029633	-0.069490	-0.041618	-0.189208	0.580413	1.000000
4.061290	-0.069490	0.529897	-0.228136	0.581112	1.000000
4.092157	-0.069490	0.973393	-0.213498	0.299754	1.000000
3.963773	-0.069490	-0.072380	-0.285237	-0.121901	1.000000
3.876177	-0.069490	-0.072380	-0.322732	-0.265929	1.000000
4.301911	-0.069490	7.660553	0.233806	3.917881	1.000000
4.166106	-0.069490	-0.072380	-0.226388	0.178324	1.000000
4.447324	-0.069490	1.413769	-0.190650	1.335575	1.000000
3.446163	-0.069490	-0.072380	0.011148	0.190883	1.000000
3.839321	-0.069490	0.158763	0.148342	0.579599	1.000000
3.721653	-0.069490	-0.072380	-0.273114	-0.285949	1.000000
3.521010	-0.069490	-0.072380	-0.114294	0.253774	1.000000
3.980570	-0.069490	0.046457	-0.169510	0.966664	1.000000
3.568499	-0.069490	0.078642	0.258315	0.115241	1.000000
3.338741	-0.069490	-0.059428	0.163867	0.963974	1.000000
4.029633	-0.069490	2.215607	0.381003	3.166355	1.000000
3.801331	-0.069490	-0.072380	0.208985	-0.005431	1.000000
3.420171	-0.069490	9.136833	0.350701	1.367923	1.000000
3.997142	-0.069490	33.468909	-0.150574	0.488612	1.000000
3.857886	-0.069490	0.191612	-0.108667	1.130103	1.000000
4.092157	-0.069490	0.104912	-0.195928	-0.138840	1.000000
3.963773	-0.069490	1.641295	-0.051314	1.131637	1.000000
4.122270	-0.069490	0.816695	-0.253959	0.223652	1.000000
3.679798	-0.069490	-0.072380	-0.131056	-0.306841	1.000000
3.742059	-0.069490	0.173442	0.035465	0.090432	1.000000
3.894200	-0.069490	0.028374	-0.201159	0.127094	1.000000
3.911964	-0.069490	-0.072380	-0.049503	-0.111466	1.000000
3.762134	-0.069490	-0.072380	-0.212002	-0.042301	1.000000
3.929477	-0.069490	-0.072380	-0.326838	0.074529	1.000000
3.310358	-0.069490	0.148540	0.296022	-0.009276	1.000000
3.801331	-0.069490	0.020367	-0.114764	-0.000567	1.000000
4.947904	-0.069490	24.173169	-0.212691	2.255142	1.000000
4.249368	-0.069490	-0.072380	0.244825	1.094328	1.000000
3.157747	-0.069490	0.028711	-0.067372	-0.304238	1.000000
4.447324	-0.069490	0.644960	0.048012	0.762147	1.000000
3.911964	-0.069490	0.284322	-0.133448	0.697128	1.000000
4.458703	-0.069490	0.355338	-0.008115	0.701488	1.000000
3.742059	-0.069490	-0.072380	-0.137280	-0.287796	1.000000
3.820472	-0.069490	-0.072380	-0.283199	-0.366260	1.000000
3.056217	-0.069490	-0.072380	-0.017598	0.095661	1.000000
4.151666	-0.069490	1.014284	-0.143081	1.207300	1.000000
4.107305	-0.069490	-0.072380	-0.195586	0.850632	1.000000
2.689235	-0.069490	-0.072380	-0.109674	-0.162254	1.000000
4.151666	-0.069490	0.028683	-0.194902	0.763486	1.000000
3.997142	-0.069490	2.086733	0.005730	0.945618	1.000000
4.194488	-0.069490	-0.072380	-0.006850	0.372447	1.000000
3.568499	-0.069490	-0.072380	-0.112560	0.070020	1.000000
3.781888	-0.069490	0.137989	0.138908	1.075370	1.000000
4.122270	-0.069490	0.028675	-0.124130	0.700106	1.000000
2.235249	-0.069490	0.305574	0.069910	3.146827	1.000000
3.189815	-0.069490	0.225205	0.099529	0.614964	1.000000
3.056217	-0.069490	-0.072380	-0.093961	-0.175050	1.000000
4.932568	-0.069490	10.393345	-0.169687	3.017602	1.000000
3.839321	-0.069490	0.325293	0.047809	1.020824	1.000000
3.496562	-0.069490	-0.072380	0.040124	0.904971	1.000000
3.820472	-0.069490	6.836780	-0.124754	0.081457	1.000000
4.194488	-0.069490	-0.072380	-0.211394	-0.058192	1.000000
3.820472	-0.069490	0.469286	-0.030327	1.826434	1.000000
3.911964	-0.069490	-0.072380	-0.141374	0.368550	1.000000
3.876177	-0.069490	0.078459	-0.319847	0.104663	1.000000
3.568499	-0.069490	1.104813	-0.163988	0.638074	1.000000
3.338741	-0.069490	-0.065364	0.241972	1.885231	1.000000
3.636475	-0.069490	-0.072380	-0.186817	-0.264257	1.000000
4.061290	-0.069490	-0.072380	-0.044467	-0.366260	1.000000
4.376757	-0.069490	-0.072380	-0.297139	-0.175705	1.000000
3.521010	-0.069490	-0.072380	-0.303615	-0.366260	1.000000
4.013494	-0.069490	0.153780	-0.266714	0.409573	1.000000
4.194488	-0.069490	0.022603	-0.124820	0.545456	1.000000
3.591576	-0.069490	-0.072380	-0.298420	-0.366260	1.000000
3.251558	-0.069490	-0.027587	-0.059233	0.222007	1.000000
3.963773	-0.069490	12.339391	-0.292687	0.357572	1.000000
4.092157	-0.069490	-0.072380	-0.221715	-0.277561	1.000000
3.221072	-0.069490	0.590223	0.385630	0.692279	1.000000
4.107305	-0.069490	-0.072380	-0.247926	-0.199433	1.000000
3.568499	-0.069490	-0.072380	-0.192215	-0.366260	1.000000
1.924980	-0.069490	0.208568	-0.258566	0.099041	1.000000
3.721653	-0.069490	1.263654	0.413928	0.995720	1.000000
3.496562	-0.069490	0.052528	-0.237527	-0.270632	1.000000
3.251558	-0.069490	8.721992	0.988420	1.475335	1.000000
3.446163	-0.069490	-0.072380	-0.130471	-0.366260	1.000000
2.482993	-0.069490	-0.072380	-0.071581	-0.209332	1.000000
3.894200	-0.069490	0.480841	0.115191	1.587037	1.000000
4.061290	-0.069490	-0.072380	-0.320925	-0.366260	1.000000
3.544983	-0.069490	-0.072380	-0.340071	-0.366260	1.000000
3.894200	-0.069490	-0.072380	-0.340071	-0.366260	1.000000
4.314705	-0.069490	-0.072380	-0.293936	0.096307	1.000000
4.013494	-0.069490	-0.072380	0.051199	0.854150	1.000000
3.679798	-0.069490	-0.072380	-0.340071	-0.366260	1.000000
2.824051	-0.069490	-0.072380	-0.340071	-0.366260	1.000000
2.865905	-0.069490	-0.046987	0.444953	1.254371	1.000000
3.568499	-0.069490	0.047860	-0.010928	1.011980	1.000000
3.124822	-0.069490	-0.072380	-0.340071	-0.366260	1.000000
2.590416	-0.069490	-0.072380	-0.043583	0.238945	1.000000
3.310358	-0.069490	4.348204	0.611067	1.346651	1.000000
3.636475	-0.069490	-0.072380	-0.237495	-0.233212	1.000000
3.614230	-0.069490	0.034116	-0.043043	0.568916	1.000000
2.824051	-0.069490	-0.072380	-0.340071	-0.366260	1.000000
3.281308	-0.069490	-0.072380	-0.254814	0.275750	1.000000
3.997142	-0.069490	-0.072380	-0.309351	-0.248564	1.000000
3.020429	-0.069490	-0.072380	-0.291784	-0.319895	1.000000
4.013494	-0.069490	-0.072380	-0.340071	-0.366260	1.000000
3.929477	-0.069490	1.173390	0.146932	1.622136	1.000000
3.157747	-0.069490	-0.072380	-0.311316	-0.366260	1.000000
3.338741	-0.069490	-0.072380	-0.290665	-0.124855	1.000000
3.420171	-0.069490	0.027460	-0.333892	-0.202230	1.000000
3.679798	-0.069490	-0.072380	0.014710	0.735046	1.000000
3.679798	-0.069490	2.119224	-0.100091	0.555944	1.000000
4.061290	-0.069490	0.039021	-0.163562	0.669478	1.000000
3.338741	-0.069490	-0.072380	-0.297700	-0.248564	1.000000
2.640814	-0.069490	-0.072380	-0.293876	-0.278896	1.000000
2.689235	-0.069490	-0.072380	0.052825	0.057719	1.000000
3.124822	-0.069490	-0.072380	-0.299577	-0.265929	1.000000
6.167363	-0.069490	-0.072380	-0.270250	0.575957	1.000000
3.820472	-0.069490	-0.072380	-0.239312	-0.093608	1.000000
5.176800	-0.069490	3.142059	-0.174097	1.733204	1.000000
4.704386	-0.069490	-0.072380	-0.145480	0.364344	1.000000
3.894200	-0.069490	-0.072380	0.052103	0.236667	1.000000
3.801331	-0.069490	0.150765	-0.261926	-0.080450	1.000000
3.700903	-0.069490	28.009010	-0.000872	-0.057269	1.000000
3.393620	-0.069490	-0.072380	-0.212106	-0.338186	1.000000
3.446163	-0.069490	-0.072380	-0.130471	-0.227165	1.000000
3.393620	-0.069490	-0.072380	-0.243858	0.139950	1.000000
3.310358	-0.069490	-0.047447	0.369602	0.008065	1.000000
3.420171	-0.069490	-0.072380	-0.211555	-0.183269	1.000000
3.090996	-0.069490	-0.072380	-0.076739	-0.366260	1.000000
2.640814	-0.069490	-0.072380	0.685812	-0.366260	1.000000
2.945583	-0.069490	-0.072380	-0.005017	-0.366260	1.000000
3.338741	-0.069490	-0.072380	0.451973	0.238050	1.000000
3.946744	-0.069490	-0.072380	-0.210092	-0.366260	1.000000
2.689235	-0.069490	-0.072380	0.152331	-0.201023	1.000000
5.214214	-0.069490	2.050171	-0.307041	0.562270	1.000000
3.568499	-0.069490	-0.072380	0.271484	-0.283555	1.000000
4.029633	-0.069490	-0.072380	-0.197985	-0.256143	1.000000
3.471620	-0.069490	-0.072380	0.218996	0.057273	1.000000
4.013494	-0.069490	-0.072380	-0.069213	0.533878	1.000000
3.281308	-0.069490	-0.029894	0.574457	1.660258	1.000000
2.590416	-0.069490	-0.072380	0.004523	-0.366260	1.000000
3.281308	-0.069490	-0.072380	-0.193515	-0.227165	1.000000
3.090996	-0.069490	-0.072380	-0.004908	-0.366260	1.000000
3.366485	-0.069490	-0.072380	-0.049200	-0.021810	1.000000
3.366485	-0.069490	-0.072380	0.129244	0.214149	1.000000
3.310358	-0.069490	-0.072380	-0.193152	-0.366260	1.000000
2.780728	-0.069490	-0.072380	0.218152	-0.209332	1.000000
2.010158	-0.069490	-0.072380	0.452454	-0.366260	1.000000
3.157747	-0.069490	-0.072380	-0.311316	-0.179001	1.000000
3.946744	-0.069490	0.197607	-0.067879	1.358449	1.000000
2.235249	-0.069490	-0.072380	-0.340071	-0.366260	1.000000
3.020429	-0.069490	-0.019761	-0.231932	-0.184233	1.000000
5.029010	-0.069490	-0.072380	-0.290665	0.917249	1.000000
3.544983	-0.069490	0.324281	-0.127852	-0.064263	1.000000
4.424247	-0.069490	-0.072380	-0.274784	-0.184064	1.000000
2.482993	-0.069490	-0.051332	-0.189521	-0.273530	1.000000
3.839321	-0.069490	-0.072380	-0.107498	-0.153753	1.000000
3.281308	-0.069490	-0.072380	-0.170678	-0.250785	1.000000
2.865905	-0.069490	-0.072380	-0.092772	-0.175004	1.000000
4.676220	-0.069490	-0.072380	-0.254624	-0.366260	1.000000
2.865905	-0.069490	-0.072380	-0.246210	-0.366260	1.000000
2.640814	-0.069490	-0.072380	-0.316932	-0.366260	1.000000
4.262715	-0.069490	-0.072380	-0.162210	-0.366260	1.000000
3.544983	-0.069490	1.833202	-0.055448	-0.128440	1.000000
3.591576	-0.069490	-0.072380	-0.107554	-0.366260	1.000000
3.762134	-0.069490	8.695072	-0.205152	-0.165073	1.000000
3.636475	-0.069490	-0.072380	-0.305696	-0.366260	1.000000
3.762134	-0.069490	-0.072380	-0.239476	0.304799	1.000000
4.222233	-0.069490	-0.072380	-0.320495	-0.366260	1.000000
4.045563	-0.069490	-0.072380	-0.268316	-0.366260	1.000000
4.029633	-0.069490	-0.072380	-0.317661	-0.071058	1.000000
3.911964	-0.069490	-0.072380	-0.136089	0.063861	1.000000
3.221072	-0.069490	-0.072380	-0.144500	-0.366260	1.000000
4.435839	-0.069490	5.635630	-0.232902	0.588499	1.000000
4.400730	-0.069490	-0.072380	-0.248168	-0.366260	1.000000
3.839321	-0.069490	-0.072380	-0.131272	-0.092685	1.000000
4.208439	-0.069490	-0.072380	-0.202829	-0.366260	1.000000
4.567069	-0.069490	4.791438	-0.023629	2.488350	1.000000
4.122270	-0.069490	0.114725	-0.189656	0.070653	1.000000
4.013494	-0.069490	-0.072380	-0.314760	-0.366260	1.000000
4.235875	-0.069490	-0.072380	-0.332089	-0.366260	1.000000
4.122270	-0.069490	0.064593	-0.174619	0.684625	1.000000
3.946744	-0.069490	-0.072380	0.059158	0.063151	1.000000
4.013494	-0.069490	-0.072380	-0.162715	-0.171016	1.000000
3.124822	-0.069490	-0.072380	-0.299577	-0.366260	1.000000
3.820472	-0.069490	0.160241	-0.245563	0.445439	1.000000
3.281308	-0.069490	-0.072380	-0.125248	-0.366260	1.000000
3.857886	-0.069490	-0.010857	-0.077100	0.454180	1.000000
4.235875	-0.069490	-0.072380	-0.327304	-0.366260	1.000000
3.721653	-0.069490	-0.072380	-0.058430	-0.336836	1.000000
3.700903	-0.069490	-0.072380	0.307270	0.298335	1.000000
3.946744	-0.069490	-0.072380	-0.207570	-0.131846	1.000000
3.894200	-0.069490	-0.072380	-0.250820	-0.366260	1.000000
3.090996	-0.069490	-0.072380	-0.340071	-0.366260	1.000000
3.157747	-0.069490	-0.072380	-0.301759	-0.366260	1.000000
2.945583	-0.069490	-0.072380	-0.031185	-0.366260	1.000000
4.587646	-0.069490	0.119505	-0.069863	1.464485	1.000000
4.076820	-0.069490	-0.072380	-0.327624	-0.366260	1.000000
3.929477	-0.069490	-0.072380	-0.167564	-0.366260	1.000000
2.640814	-0.069490	-0.072380	-0.270902	-0.366260	1.000000
4.061290	-0.069490	-0.072380	-0.016049	0.438370	1.000000
4.208439	-0.069490	-0.072380	-0.340071	-0.366260	1.000000
3.420171	-0.069490	-0.072380	0.072851	-0.366260	1.000000
4.222233	-0.069490	-0.072380	-0.161239	0.167318	1.000000
2.983573	-0.069490	-0.072380	0.059938	-0.366260	1.000000
4.013494	-0.069490	-0.072380	-0.294124	-0.366260	1.000000
3.568499	-0.069490	0.085284	0.071041	0.119213	1.000000
3.911964	-0.069490	-0.072380	-0.189141	-0.366260	1.000000
2.689235	22.406942	0.486009	0.092813	4.401482	1.000000
3.839321	-0.069490	-0.072380	-0.203128	-0.366260	1.000000
4.275919	-0.069490	-0.072380	-0.270163	-0.366260	1.000000
4.208439	-0.069490	-0.072380	-0.157186	-0.366260	1.000000
3.781888	-0.069490	-0.072380	-0.239365	-0.366260	1.000000
3.614230	-0.069490	0.112600	-0.220478	0.237046	1.000000
3.636475	-0.069490	-0.072380	-0.229021	-0.260739	1.000000
4.013494	-0.069490	-0.072380	-0.171691	-0.125641	1.000000
3.020429	-0.069490	-0.072380	-0.009470	-0.366260	1.000000
3.980570	-0.069490	-0.072380	-0.277083	-0.366260	1.000000
4.045563	-0.069490	-0.072380	-0.340071	-0.366260	1.000000
4.107305	-0.069490	-0.072380	-0.101679	-0.145925	1.000000
3.876177	-0.069490	-0.072380	0.055465	-0.366260	1.000000
3.679798	-0.069490	-0.072380	0.022291	0.006522	1.000000
3.251558	-0.069490	-0.072380	-0.154138	-0.269114	1.000000
5.375225	-0.069490	1.752194	-0.283212	0.091147	1.000000
4.412545	-0.069490	-0.072380	0.018793	0.068571	1.000000
4.503197	-0.069490	-0.072380	-0.316441	-0.100518	1.000000
3.801331	-0.069490	-0.072380	-0.178332	0.112570	1.000000
4.314705	-0.069490	-0.072380	-0.224662	0.106340	1.000000
3.496562	-0.069490	-0.072380	-0.280503	-0.366260	1.000000
3.700903	-0.069490	1.201692	0.140708	0.657699	1.000000
3.090996	-0.069490	-0.072380	-0.159832	-0.088069	1.000000
3.636475	-0.069490	-0.072380	0.271688	0.837457	1.000000
4.151666	-0.069490	-0.072380	-0.334567	-0.237803	1.000000
3.679798	-0.069490	0.186067	-0.248527	-0.276257	1.000000
3.997142	-0.069490	0.450905	0.127983	2.012695	1.000000
2.906387	-0.069490	-0.072380	-0.094794	-0.131209	1.000000
3.636475	-0.069490	-0.072380	0.011974	-0.269114	1.000000
4.029633	-0.069490	-0.072380	-0.326616	-0.180347	1.000000
3.521010	-0.069490	-0.072380	-0.129437	-0.102752	1.000000
3.911964	-0.069490	0.829265	-0.154607	1.367544	1.000000
4.122270	-0.069490	-0.072380	-0.303571	-0.110847	1.000000
4.327367	-0.069490	-0.072380	-0.141194	-0.056668	1.000000
4.045563	-0.069490	-0.072380	-0.106061	0.612174	1.000000
4.151666	-0.069490	-0.004381	0.147435	1.007580	1.000000
3.894200	-0.069490	-0.072380	-0.306456	-0.256971	1.000000
3.679798	-0.069490	-0.072380	-0.216989	-0.366260	1.000000
3.568499	-0.069490	-0.072380	-0.330428	-0.366260	1.000000
4.447324	-0.069490	10.347450	-0.007044	3.353664	1.000000
4.208439	-0.069490	-0.072380	-0.183228	0.308394	1.000000
4.364594	-0.069490	0.283960	-0.307839	0.090610	1.000000
4.076820	-0.069490	0.190712	-0.228905	0.004681	1.000000
3.762134	-0.069490	-0.017333	-0.089807	0.061813	1.000000
3.658327	-0.069490	-0.072380	0.239443	-0.236043	1.000000
4.262715	-0.069490	-0.072380	-0.108917	0.139929	1.000000
3.876177	-0.069490	2.485510	0.327766	1.474032	1.000000
3.471620	-0.069490	-0.072380	-0.144567	0.129912	1.000000
3.762134	-0.069490	-0.072380	-0.229159	-0.262528	1.000000
4.194488	-0.069490	-0.072380	-0.149674	1.120476	1.000000
4.166106	-0.069490	3.344758	0.032399	1.523096	1.000000
3.742059	-0.069490	-0.072380	-0.214790	-0.197491	1.000000
4.122270	-0.069490	0.070665	-0.259664	-0.112386	1.000000
2.824051	-0.069490	-0.072380	0.272807	-0.085425	1.000000
3.929477	-0.069490	-0.072380	-0.012158	0.340751	1.000000
3.946744	-0.069490	0.064876	-0.149827	-0.181148	1.000000
3.820472	-0.069490	1.229622	0.059746	0.657826	1.000000
3.420171	-0.069490	-0.072380	0.124797	0.234013	1.000000
4.061290	-0.069490	-0.001143	-0.138739	0.928341	1.000000
4.107305	-0.069490	-0.072380	-0.073205	0.415607	1.000000
3.980570	-0.069490	-0.072380	-0.267448	-0.152408	1.000000
3.281308	-0.069490	-0.072380	-0.332273	-0.256971	1.000000
4.045563	-0.069490	0.018555	-0.156856	0.374791	1.000000
4.194488	-0.069490	5.731267	-0.003604	1.725951	1.000000
3.614230	-0.069490	-0.072380	-0.094468	-0.077417	1.000000
3.762134	-0.069490	-0.072380	-0.184645	-0.138523	1.000000
4.376757	-0.069490	-0.072380	-0.135595	0.803196	1.000000
4.869242	-0.069490	-0.072380	-0.290548	-0.186254	1.000000
3.946744	-0.069490	-0.072380	-0.159832	-0.100552	1.000000
4.122270	-0.069490	-0.072380	-0.167114	-0.338186	1.000000
3.420171	-0.069490	-0.072380	-0.139259	-0.366260	1.000000
3.721653	-0.069490	0.875574	-0.065591	0.456867	1.000000
3.781888	-0.069490	-0.072380	-0.087963	-0.007946	1.000000
3.742059	-0.069490	16.819419	0.612022	1.825822	1.000000
3.997142	-0.069490	-0.072380	-0.262375	0.031945	1.000000
3.801331	-0.069490	-0.072380	-0.042433	-0.219410	1.000000
4.045563	-0.069490	0.729687	-0.270479	-0.126750	1.000000
3.946744	-0.069490	-0.072380	-0.085175	0.001254	1.000000
3.742059	-0.069490	-0.072380	-0.221884	0.036579	1.000000
4.180379	-0.069490	-0.072380	-0.094523	-0.090819	1.000000
3.929477	-0.069490	-0.072380	-0.321553	-0.305058	1.000000
3.544983	-0.069490	0.015048	-0.099186	0.018900	1.000000
3.544983	-0.069490	0.092761	-0.084311	-0.011345	1.000000
2.824051	-0.069490	-0.072380	-0.140115	-0.270632	1.000000
4.301911	-0.069490	-0.072380	-0.234903	0.240203	1.000000
4.314705	-0.069490	-0.072380	-0.066578	0.190420	1.000000
3.929477	-0.069490	-0.072380	-0.229757	-0.277561	1.000000
3.839321	-0.069490	1.685793	0.308274	0.880432	1.000000
3.876177	-0.069490	2.312087	-0.140650	-0.301151	1.000000
3.700903	-0.069490	-0.072380	-0.270777	-0.306841	1.000000
4.503197	-0.069490	0.284535	-0.262320	-0.191981	1.000000
3.393620	-0.069490	-0.072380	-0.288577	-0.366260	1.000000
3.857886	-0.069490	-0.072380	-0.275799	0.137045	1.000000
3.801331	-0.069490	4.148849	-0.219992	-0.057754	1.000000
-10.000000	-10.000000	-10.000000	-10.000000	-10.000000	0.000000
2.235249	-0.069490	0.498812	-0.200471	1.666282	1.000000
3.997142	2.874441	1.638213	0.030368	8.214927	1.000000
-10.000000	-10.000000	-10.000000	-10.000000	-10.000000	0.000000
-10.000000	-10.000000	-10.000000	-10.000000	-10.000000	0.000000
2.865905	-0.069490	0.809046	0.203488	0.650974	1.000000
-10.000000	-10.000000	-10.000000	-10.000000	-10.000000	0.000000
-10.000000	-10.000000	-10.000000	-10.000000	-10.000000	0.000000
3.929477	-0.069490	1.638177	-0.007126	7.954623	1.000000
2.906387	19.144024	1.578687	-0.151666	2.403757	1.000000
2.235249	-0.069490	0.029508	-0.293199	0.028466	1.000000
-10.000000	-10.000000	-10.000000	-10.000000	-10.000000	0.000000
2.824051	8.532476	0.666259	0.364427	4.580608	1.000000
-10.000000	-10.000000	-10.000000	-10.000000	-10.000000	0.000000
-10.000000	-10.000000	-10.000000	-10.000000	-10.000000	0.000000
3.636475	-0.069490	1.653240	0.007895	5.014449	1.000000
-10.000000	-10.000000	-10.000000	-10.000000	-10.000000	0.000000
-10.000000	-10.000000	-10.000000	-10.000000	-10.000000	0.000000
-10.000000	-10.000000	-10.000000	-10.000000	-10.000000	0.000000
-10.000000	-10.000000	-10.000000	-10.000000	-10.000000	0.000000
-10.000000	-10.000000	-10.000000	-10.000000	-10.000000	0.000000
2.906387	1.253562	-0.072380	0.114084	5.096676	1.000000
4.029633	-0.069490	8.218167	-0.044949	0.973203	1.000000
-10.000000	-10.000000	-10.000000	-10.000000	-10.000000	0.000000
-10.000000	-10.000000	-10.000000	-10.000000	-10.000000	0.000000
2.301999	-0.069490	0.627312	-0.134328	0.887326	1.000000
3.310358	2.754098	1.523816	0.097881	6.175850	1.000000
2.983573	-0.069490	2.168318	-0.199729	1.937128	1.000000
-10.000000	-10.000000	-10.000000	-10.000000	-10.000000	0.000000
-10.000000	-10.000000	-10.000000	-10.000000	-10.000000	0.000000
2.640814	-0.069490	0.175138	0.150613	1.196953	1.000000
-10.000000	-10.000000	-10.000000	-10.000000	-10.000000	0.000000
3.614230	-0.069490	9.559382	-0.068703	1.292202	1.000000
3.801331	-0.069490	2.009633	-0.076924	7.155590	1.000000
-10.000000	-10.000000	-10.000000	-10.000000	-10.000000	0.000000
3.157747	-0.069490	0.524341	0.042156	3.266315	1.000000
2.235249	-0.069490	0.430265	0.659623	1.027804	1.000000
-10.000000	-10.000000	-10.000000	-10.000000	-10.000000	0.000000
-10.000000	-10.000000	-10.000000	-10.000000	-10.000000	0.000000
-10.000000	-10.000000	-10.000000	-10.000000	-10.000000	0.000000
2.983573	-0.069490	0.168283	0.470588	3.538363	1.000000
2.906387	-0.069490	0.295632	0.356057	0.820018	1.000000
-10.000000	-10.000000	-10.000000	-10.000000	-10.000000	0.000000
3.496562	-0.069490	0.439373	0.167023	4.151675	1.000000
3.471620	2.873725	1.383547	0.108908	3.676736	1.000000
3.281308	-0.069490	0.233891	0.205570	5.412563	1.000000
2.983573	-0.069490	0.740284	0.084128	0.725833	1.000000
-10.000000	-10.000000	-10.000000	-10.000000	-10.000000	0.000000
2.010158	-0.069490	-0.033061	-0.340071	1.228894	1.000000
-10.000000	-10.000000	-10.000000	-10.000000	-10.000000	0.000000
-10.000000	-10.000000	-10.000000	-10.000000	-10.000000	0.000000
-10.000000	-10.000000	-10.000000	-10.000000	-10.000000	0.000000
-10.000000	-10.000000	-10.000000	-10.000000	-10.000000	0.000000
3.090996	-0.069490	0.278129	0.136380	4.650647	1.000000
3.636475	-0.069490	1.592732	0.032331	2.678050	1.000000
4.327367	-0.069490	1.443824	-0.174583	18.698335	1.000000
-10.000000	-10.000000	-10.000000	-10.000000	-10.000000	0.000000
-10.000000	-10.000000	-10.000000	-10.000000	-10.000000	0.000000
4.194488	-0.069490	4.259246	-0.091832	10.637524	1.000000
2.365325	-0.017018	1.307384	-0.192132	0.469007	1.000000
2.983573	-0.069490	1.441355	-0.111997	1.987813	1.000000
2.865905	-0.069490	0.300864	-0.184393	1.888718	1.000000
-10.000000	-10.000000	-10.000000	-10.000000	-10.000000	0.000000
-10.000000	-10.000000	-10.000000	-10.000000	-10.000000	0.000000
-10.000000	-10.000000	-10.000000	-10.000000	-10.000000	0.000000
1.924980	-0.069490	0.077236	-0.340071	-0.014106	1.000000
-10.000000	-10.000000	-10.000000	-10.000000	-10.000000	0.000000
1.627246	-0.069490	0.442110	-0.340071	0.456962	1.000000
-10.000000	-10.000000	-10.000000	-10.000000	-10.000000	0.000000
-10.000000	-10.000000	-10.000000	-10.000000	-10.000000	0.000000
-10.000000	-10.000000	-10.000000	-10.000000	-10.000000	0.000000
3.189815	1.025573	1.951188	0.056904	4.131978	1.000000
4.061290	-0.069490	12.511172	-0.136675	0.809521	1.000000
-10.000000	-10.000000	-10.000000	-10.000000	-10.000000	0.000000
4.137056	-0.069490	1.385370	-0.049701	3.601072	1.000000
