8.849439769983291626e-02 1.550994068384170532e-01 -4.554572049528360367e-03 4.883615374565124512e-01 -4.585577845573425293e-01 -5.107349753379821777e-01 1.136426091194152832e+00 -1.158485841006040573e-02 -1.351215690374374390e-01 -5.118889361619949341e-02 7.836050391197204590e-01 -3.533022999763488770e-01 -4.675666391849517822e-01 -3.676153421401977539e-01 -2.256090193986892700e-01 1.485992074012756348e-01 9.404251724481582642e-02 -8.156593143939971924e-02 -6.601744890213012695e-01 -5.707063674926757812e-01 -2.669026553630828857e-01 6.408918499946594238e-01 7.122591882944107056e-02 -9.239450097084045410e-01 8.296102285385131836e-02 3.194595277309417725e-01 -5.540142059326171875e-01 -7.852318882942199707e-02 -2.659559547901153564e-01 -7.969602197408676147e-02 1.048155725002288818e-01 3.250780701637268066e-01 -2.880580425262451172e-01 -5.413783788681030273e-01 -8.329173326492309570e-01 -7.436023652553558350e-02 9.346754848957061768e-02 3.660226762294769287e-01 -1.212914660573005676e-01 -3.201639354228973389e-01 -4.019650220870971680e-01 -4.295400679111480713e-01 -1.562482714653015137e-01 -6.346915364265441895e-01 3.280448317527770996e-01 8.410739153623580933e-02 9.823100268840789795e-02 6.731142103672027588e-02 1.125220768153667450e-02 5.231069326400756836e-01 -5.126631855964660645e-01 -2.089725136756896973e-01 -7.419678568840026855e-01 3.825399279594421387e-01 2.757445275783538818e-01 -4.107472598552703857e-01 4.061336815357208252e-01 -9.583699703216552734e-01 -6.344907283782958984e-01 -8.107081986963748932e-03 -4.752108752727508545e-01 -9.975381493568420410e-01 -4.844402372837066650e-01 -2.619137763977050781e-01
-1.493080612272024155e-02 1.431118845939636230e-01 -1.984635181725025177e-02 4.456689357757568359e-01 -4.821716547012329102e-01 -6.849949955940246582e-01 1.102438926696777344e+00 1.015266776084899902e-02 -9.186221659183502197e-02 -5.599563196301460266e-02 5.732817053794860840e-01 -4.052112400531768799e-01 -3.979390859603881836e-01 -3.828183710575103760e-01 -9.083022177219390869e-02 1.642718911170959473e-01 6.771011650562286377e-02 -1.254109442234039307e-01 -6.218122839927673340e-01 -5.261454582214355469e-01 -4.736130237579345703e-01 6.992399096488952637e-01 1.976608037948608398e-01 -9.614680409431457520e-01 1.924721449613571167e-01 3.447986245155334473e-01 -3.607064485549926758e-01 8.151736110448837280e-02 -2.796934247016906738e-01 -9.264241158962249756e-02 1.002922579646110535e-01 4.321048557758331299e-01 -2.235863059759140015e-01 -4.870384037494659424e-01 -9.068251252174377441e-01 -9.305495023727416992e-02 -5.202184244990348816e-02 3.133863806724548340e-01 -2.791208624839782715e-01 -2.819821536540985107e-01 -3.318192064762115479e-01 -3.096607029438018799e-01 -4.396817684173583984e-01 -3.803406059741973877e-01 2.443598210811614990e-01 1.300641298294067383e-01 -6.778927892446517944e-02 1.419259887188673019e-02 7.099107839167118073e-03 6.371879577636718750e-01 -5.020473003387451172e-01 -3.858306258916854858e-02 -6.874708533287048340e-01 1.743260920047760010e-01 2.908072471618652344e-01 -2.602418363094329834e-01 3.706087470054626465e-01 -9.196680784225463867e-01 -7.424056529998779297e-01 4.154267162084579468e-02 -4.843493998050689697e-01 -9.704905152320861816e-01 -5.402046442031860352e-01 -2.848169803619384766e-01
1.424619462341070175e-02 1.818783730268478394e-01 1.310135424137115479e-01 3.918333649635314941e-01 -4.936693012714385986e-01 -7.007924914360046387e-01 1.216976642608642578e+00 -1.455400139093399048e-01 -1.044306233525276184e-01 -3.642397746443748474e-02 4.534477591514587402e-01 -5.892333984375000000e-01 -5.079178214073181152e-01 -4.632827341556549072e-01 -5.412882938981056213e-02 1.171792671084403992e-01 -1.417463719844818115e-01 -1.219411864876747131e-01 -6.519191861152648926e-01 -5.369794964790344238e-01 -3.022082149982452393e-01 5.083152055740356445e-01 6.842269748449325562e-02 -8.645424246788024902e-01 3.431298956274986267e-02 3.759159743785858154e-01 -4.824303686618804932e-01 -9.022690355777740479e-02 -3.646028339862823486e-01 -4.970269650220870972e-02 1.647427827119827271e-01 3.554328680038452148e-01 -2.913645505905151367e-01 -5.719454288482666016e-01 -9.094157218933105469e-01 4.391247779130935669e-02 -1.229441538453102112e-01 4.153834879398345947e-01 -1.347632408142089844e-01 -2.964116632938385010e-01 -5.161486268043518066e-01 -2.959943413734436035e-01 -3.640915453433990479e-01 -6.465248465538024902e-01 2.611360251903533936e-01 2.533329129219055176e-01 -6.557097285985946655e-02 -1.269082259386777878e-02 -2.877606637775897980e-02 3.628996908664703369e-01 -4.258933961391448975e-01 -7.699958514422178268e-03 -6.117949485778808594e-01 4.458443224430084229e-01 2.398112565279006958e-01 -2.413804233074188232e-01 3.321289122104644775e-01 -8.293373584747314453e-01 -6.491510272026062012e-01 -7.440154254436492920e-02 -4.653435349464416504e-01 -9.030864834785461426e-01 -4.153232276439666748e-01 -2.011256515979766846e-01
-9.999889880418777466e-02 1.043221950531005859e-01 3.659616410732269287e-02 4.134643971920013428e-01 -4.828604459762573242e-01 -6.112124323844909668e-01 1.012200236320495605e+00 -3.474175557494163513e-02 -6.158987525850534439e-03 -1.281965374946594238e-01 6.850341558456420898e-01 -4.854192733764648438e-01 -6.406846046447753906e-01 -2.829255461692810059e-01 -1.716530174016952515e-01 8.611647039651870728e-02 9.607033431529998779e-02 -1.514351218938827515e-01 -5.608888864517211914e-01 -5.585309267044067383e-01 -3.433253765106201172e-01 6.401767134666442871e-01 -6.222399324178695679e-02 -9.788257479667663574e-01 1.441843658685684204e-01 2.945221662521362305e-01 -3.178932964801788330e-01 -7.538118958473205566e-02 -1.901761442422866821e-01 -7.041049003601074219e-02 1.154219210147857666e-01 4.262134134769439697e-01 -2.762046158313751221e-01 -3.265898227691650391e-01 -1.008610367774963379e+00 -3.365812078118324280e-02 5.024436488747596741e-02 2.209396213293075562e-01 -2.246790677309036255e-01 -3.273134529590606689e-01 -5.058172941207885742e-01 -2.045073211193084717e-01 -3.236710727214813232e-01 -5.180536508560180664e-01 1.227288097143173218e-01 6.414188444614410400e-02 -2.167253941297531128e-02 4.067499563097953796e-02 -9.287279099225997925e-02 4.741880893707275391e-01 -6.357570886611938477e-01 -2.436885237693786621e-01 -6.581507921218872070e-01 2.464351952075958252e-01 2.932027876377105713e-01 -2.220871448516845703e-01 3.574984371662139893e-01 -9.707577228546142578e-01 -5.727771520614624023e-01 -6.073731929063796997e-02 -5.237873196601867676e-01 -1.002638697624206543e+00 -5.284792780876159668e-01 -1.719219535589218140e-01
-1.735255122184753418e-02 9.112665802240371704e-02 -1.948579400777816772e-01 4.132492542266845703e-01 -4.884978532791137695e-01 -5.914525985717773438e-01 1.126684308052062988e+00 -4.971784353256225586e-02 -1.631475836038589478e-01 -1.548047065734863281e-01 5.860070586204528809e-01 -6.097670197486877441e-01 -4.578917026519775391e-01 -3.521956801414489746e-01 -1.144242137670516968e-01 2.191721946001052856e-01 2.004720270633697510e-02 -2.161879837512969971e-01 -6.349724531173706055e-01 -5.977505445480346680e-01 -5.855350494384765625e-01 4.960191547870635986e-01 3.363496810197830200e-02 -9.271375536918640137e-01 1.369499564170837402e-01 3.332418203353881836e-01 -3.933973312377929688e-01 -5.307292193174362183e-02 -2.978742420673370361e-01 -2.497559636831283569e-01 2.236393094062805176e-01 3.917676508426666260e-01 -2.169178128242492676e-01 -5.654417276382446289e-01 -8.516579866409301758e-01 -1.626318134367465973e-02 5.993509665131568909e-02 4.887694716453552246e-01 -1.545950919389724731e-01 -2.820935249328613281e-01 -4.560968875885009766e-01 -2.905581891536712646e-01 -1.723223775625228882e-01 -4.052702784538269043e-01 3.403164744377136230e-01 2.900962345302104950e-02 3.827929496765136719e-02 -1.794097130186855793e-03 -5.259354133158922195e-03 5.026195645332336426e-01 -5.483391880989074707e-01 -2.642921730875968933e-02 -7.210872769355773926e-01 2.401120662689208984e-01 1.269829869270324707e-01 -2.633472681045532227e-01 3.971447348594665527e-01 -9.725574254989624023e-01 -5.761105418205261230e-01 -4.579304158687591553e-02 -5.156400203704833984e-01 -9.066557884216308594e-01 -4.719650447368621826e-01 -3.230997025966644287e-01
7.541191298514604568e-03 1.496223658323287964e-01 -5.217555910348892212e-03 4.261860847473144531e-01 -4.284743666648864746e-01 -6.945049166679382324e-01 1.139376997947692871e+00 -3.373814374208450317e-02 -1.829856485128402710e-01 -8.348051458597183228e-02 6.044276952743530273e-01 -3.810000419616699219e-01 -4.757369160652160645e-01 -4.373388588428497314e-01 -1.199100911617279053e-02 2.914052307605743408e-01 9.959626942873001099e-02 -5.330531671643257141e-02 -6.097053289413452148e-01 -5.121606588363647461e-01 -2.920603454113006592e-01 6.744038462638854980e-01 1.806709319353103638e-01 -9.976570606231689453e-01 1.510108262300491333e-01 2.357670962810516357e-01 -3.509487211704254150e-01 -1.620046049356460571e-01 -2.782630622386932373e-01 -1.379823088645935059e-01 1.864078342914581299e-01 3.412990272045135498e-01 -2.380781322717666626e-01 -5.010895729064941406e-01 -8.540593385696411133e-01 6.810133904218673706e-02 -2.788232266902923584e-02 3.710313439369201660e-01 -2.332167774438858032e-01 -3.369499146938323975e-01 -4.419746398925781250e-01 -2.607391774654388428e-01 -2.630887925624847412e-01 -4.801201820373535156e-01 3.345686495304107666e-01 7.934959232807159424e-02 2.600403688848018646e-02 1.570003181695938110e-01 8.325923234224319458e-03 4.852856397628784180e-01 -5.464864969253540039e-01 -1.432627737522125244e-01 -6.883462667465209961e-01 2.922825515270233154e-01 2.139146476984024048e-01 -1.806953251361846924e-01 3.901645243167877197e-01 -9.144254326820373535e-01 -7.692427635192871094e-01 4.845332878176122904e-04 -5.994685888290405273e-01 -9.253755211830139160e-01 -5.091903805732727051e-01 -2.649695575237274170e-01
7.842513918876647949e-02 2.388585060834884644e-01 -5.550461262464523315e-02 2.613083124160766602e-01 -4.269172549247741699e-01 -6.659972071647644043e-01 1.204360127449035645e+00 3.978541120886802673e-02 -2.721529453992843628e-02 -6.860158592462539673e-02 6.356157660484313965e-01 -3.196227848529815674e-01 -4.806567430496215820e-01 -2.052473276853561401e-01 -6.942735612392425537e-02 2.491832822561264038e-01 4.801807180047035217e-02 -1.164786219596862793e-01 -5.593280792236328125e-01 -5.101884603500366211e-01 -4.836291670799255371e-01 5.425377488136291504e-01 9.462574124336242676e-02 -9.705783724784851074e-01 1.921393871307373047e-01 2.966802716255187988e-01 -3.843304216861724854e-01 -5.778158665634691715e-04 -2.892947196960449219e-01 -1.277263313531875610e-01 1.015050187706947327e-01 3.954747319221496582e-01 -3.699647486209869385e-01 -4.555998742580413818e-01 -8.578357696533203125e-01 -8.293557912111282349e-02 -6.587292999029159546e-02 3.661651015281677246e-01 -2.335962057113647461e-01 -2.990722060203552246e-01 -4.187537133693695068e-01 -3.463616967201232910e-01 -3.065546452999114990e-01 -5.917853713035583496e-01 2.709331810474395752e-01 1.723358631134033203e-01 -2.202433720231056213e-02 1.243567019701004028e-01 3.719108924269676208e-02 4.534926116466522217e-01 -5.094636082649230957e-01 -1.018474474549293518e-01 -6.510841250419616699e-01 3.422512710094451904e-01 3.897517621517181396e-01 -2.787682712078094482e-01 3.436595797538757324e-01 -8.742403388023376465e-01 -7.050225138664245605e-01 7.848638296127319336e-02 -4.615387320518493652e-01 -9.843172430992126465e-01 -5.091465711593627930e-01 -2.565070092678070068e-01
-5.423846840858459473e-02 -8.607783354818820953e-03 -1.600843481719493866e-02 3.497322499752044678e-01 -4.582349359989166260e-01 -6.625431180000305176e-01 1.108440518379211426e+00 -1.067872345447540283e-02 -1.664991825819015503e-01 -2.836420200765132904e-02 5.829894542694091797e-01 -3.398604393005371094e-01 -6.593229770660400391e-01 -3.571711480617523193e-01 -1.257317066192626953e-01 1.369456946849822998e-01 7.921686768531799316e-02 -2.260965704917907715e-01 -6.385493874549865723e-01 -5.809772014617919922e-01 -4.150230288505554199e-01 5.174142122268676758e-01 8.248023688793182373e-02 -9.340630173683166504e-01 1.587630808353424072e-01 4.151158332824707031e-01 -3.403171002864837646e-01 -3.646119683980941772e-02 -8.607479184865951538e-02 -8.934545516967773438e-02 1.985556781291961670e-01 4.001271724700927734e-01 -1.678876131772994995e-01 -6.088370680809020996e-01 -7.989716529846191406e-01 -1.115523502230644226e-01 1.490380465984344482e-01 4.620375931262969971e-01 -1.667566299438476562e-01 -2.971442043781280518e-01 -3.579380214214324951e-01 -3.733026683330535889e-01 -2.947164475917816162e-01 -5.955701470375061035e-01 2.505511939525604248e-01 1.268348842859268188e-01 -1.510480698198080063e-02 1.504539139568805695e-02 4.906228184700012207e-02 5.144295096397399902e-01 -4.767414927482604980e-01 -4.107496142387390137e-02 -7.057972550392150879e-01 2.906332910060882568e-01 2.136732637882232666e-01 -3.094714581966400146e-01 5.143489241600036621e-01 -1.054389715194702148e+00 -6.299427151679992676e-01 2.082062140107154846e-02 -6.007049679756164551e-01 -8.126456737518310547e-01 -4.368643164634704590e-01 -1.834213435649871826e-01
-6.283092498779296875e-02 1.330964863300323486e-01 2.063786052167415619e-02 3.870118558406829834e-01 -5.030038952827453613e-01 -6.953518986701965332e-01 1.212387323379516602e+00 -9.053025394678115845e-02 -2.124443948268890381e-01 5.587503686547279358e-02 6.730561852455139160e-01 -3.645393550395965576e-01 -4.665751755237579346e-01 -3.064666986465454102e-01 -7.491926848888397217e-02 1.737274825572967529e-01 3.812693431973457336e-02 -1.308891475200653076e-01 -5.413508415222167969e-01 -5.044435262680053711e-01 -3.756113946437835693e-01 5.320494174957275391e-01 1.750403270125389099e-02 -9.955722689628601074e-01 9.704903513193130493e-02 2.441570013761520386e-01 -3.936849236488342285e-01 3.795709460973739624e-02 -3.511348068714141846e-01 -3.554393723607063293e-02 1.578359752893447876e-01 3.729867339134216309e-01 -2.434438616037368774e-01 -5.484603643417358398e-01 -7.910306453704833984e-01 -1.647124737501144409e-01 5.220099352300167084e-03 3.593218922615051270e-01 -9.864157438278198242e-02 -3.984868824481964111e-01 -3.588819503784179688e-01 -2.922997474670410156e-01 -3.536829352378845215e-01 -5.348008275032043457e-01 1.602772474288940430e-01 9.073752164840698242e-02 -1.513131707906723022e-01 -5.230996012687683105e-02 -2.968238666653633118e-02 3.867655396461486816e-01 -5.803875327110290527e-01 -1.874570846557617188e-01 -6.431450247764587402e-01 2.616609632968902588e-01 2.609480023384094238e-01 -4.288173913955688477e-01 5.033381581306457520e-01 -9.391478896141052246e-01 -5.778518319129943848e-01 -8.851507306098937988e-02 -5.531117320060729980e-01 -9.496251940727233887e-01 -4.791899323463439941e-01 -3.239763677120208740e-01
7.160507142543792725e-02 8.654957264661788940e-02 2.111259847879409790e-02 4.636965990066528320e-01 -4.973313510417938232e-01 -5.344257950782775879e-01 1.099500179290771484e+00 -1.031001731753349304e-01 -1.017517298460006714e-01 8.861842751502990723e-02 7.230586409568786621e-01 -4.704777300357818604e-01 -4.020978808403015137e-01 -3.186052441596984863e-01 -4.232525080442428589e-02 2.108479887247085571e-01 6.196592003107070923e-03 -2.586648762226104736e-01 -6.842194795608520508e-01 -5.477516055107116699e-01 -3.096362948417663574e-01 4.287786483764648438e-01 -8.109562098979949951e-03 -1.026488780975341797e+00 1.632604449987411499e-01 3.364507257938385010e-01 -4.311608970165252686e-01 8.190255612134933472e-02 -3.577033281326293945e-01 -2.029341459274291992e-01 2.292000949382781982e-01 5.036531686782836914e-01 -2.701202332973480225e-01 -5.037063956260681152e-01 -8.935008049011230469e-01 1.141513977199792862e-02 1.928178779780864716e-02 4.118889570236206055e-01 -3.946554362773895264e-01 -4.325078427791595459e-01 -4.950137436389923096e-01 -2.877095937728881836e-01 -3.489803373813629150e-01 -4.773503541946411133e-01 2.293350994586944580e-01 -3.002341091632843018e-02 -9.118920564651489258e-02 -1.050801295787096024e-02 3.769284579902887344e-03 4.681272506713867188e-01 -4.230830967426300049e-01 5.714773200452327728e-03 -7.303644418716430664e-01 3.219716846942901611e-01 2.127080559730529785e-01 -2.861826717853546143e-01 2.788383960723876953e-01 -9.203886985778808594e-01 -6.129915714263916016e-01 -9.080087393522262573e-02 -5.338354706764221191e-01 -9.681922197341918945e-01 -4.202320873737335205e-01 -1.757323443889617920e-01
-2.678856551647186279e-01 -1.839537173509597778e-01 3.572771251201629639e-01 -4.535883963108062744e-01 -1.803431659936904907e-01 -2.035339623689651489e-01 -4.892225563526153564e-02 -4.311834573745727539e-01 8.015707135200500488e-02 1.918972730636596680e-01 2.979576960206031799e-02 -6.271806359291076660e-02 -1.081052571535110474e-01 3.003003597259521484e-01 3.850217908620834351e-02 2.842158079147338867e-01 6.998420506715774536e-02 -3.449342548847198486e-01 -8.717142939567565918e-01 8.968000411987304688e-01 -5.206134915351867676e-01 2.082938887178897858e-02 -2.924667000770568848e-01 -6.064673662185668945e-01 -4.728019237518310547e-01 1.857187449932098389e-01 -5.938771963119506836e-01 3.896595239639282227e-01 -4.630803167819976807e-01 -4.670514762401580811e-01 8.091369271278381348e-01 -1.126486528664827347e-02 -5.988790988922119141e-01 2.966690361499786377e-01 3.874533176422119141e-01 -3.431845605373382568e-01 -1.901545673608779907e-01 -4.172421991825103760e-01 2.734024226665496826e-01 -3.961728513240814209e-01 -9.441722631454467773e-01 -1.011689379811286926e-01 2.438946515321731567e-01 1.638845950365066528e-01 -4.832211434841156006e-01 5.576774477958679199e-03 8.813781142234802246e-01 1.232371106743812561e-01 -5.999340415000915527e-01 6.562945246696472168e-02 1.299460679292678833e-01 3.385073840618133545e-01 -3.457196652889251709e-01 6.140429154038429260e-02 -1.572190821170806885e-01 2.826515138149261475e-01 5.740931630134582520e-01 -5.754066705703735352e-01 -4.985108375549316406e-01 4.823226034641265869e-01 -4.773228466510772705e-01 -7.081381678581237793e-01 -1.243488073348999023e+00 1.008900925517082214e-01
-1.405855715274810791e-01 9.012919664382934570e-02 5.104751884937286377e-02 4.393182694911956787e-01 -4.334270656108856201e-01 -6.251562833786010742e-01 1.108914971351623535e+00 -2.752396091818809509e-02 -9.554082900285720825e-02 -5.092203244566917419e-02 5.561107993125915527e-01 -5.067754387855529785e-01 -4.744862318038940430e-01 -4.117526113986968994e-01 -4.788537696003913879e-02 1.536390185356140137e-01 6.146248430013656616e-02 -1.215555220842361450e-01 -6.450204253196716309e-01 -5.174120068550109863e-01 -3.495756685733795166e-01 5.786280632019042969e-01 1.077309921383857727e-01 -9.287829399108886719e-01 2.266741991043090820e-01 2.473399639129638672e-01 -3.910649120807647705e-01 -3.563904762268066406e-02 -2.179393023252487183e-01 -2.246023267507553101e-01 9.009353816509246826e-02 3.549615144729614258e-01 -3.033945560455322266e-01 -4.288428425788879395e-01 -8.347920179367065430e-01 -3.692261502146720886e-02 4.685305058956146240e-02 2.816215753555297852e-01 -1.801859140396118164e-01 -4.218624234199523926e-01 -3.850570619106292725e-01 -4.211044311523437500e-01 -2.888187468051910400e-01 -5.174855589866638184e-01 3.730619549751281738e-01 1.917702704668045044e-01 -1.384959649294614792e-02 3.709125891327857971e-02 4.739882797002792358e-02 5.164436101913452148e-01 -5.941328406333923340e-01 -3.244828432798385620e-02 -8.801470994949340820e-01 4.594106376171112061e-01 2.825627624988555908e-01 -2.784735262393951416e-01 3.784221410751342773e-01 -9.667664170265197754e-01 -6.153612732887268066e-01 -3.902909904718399048e-02 -4.931770265102386475e-01 -9.730793833732604980e-01 -4.973585307598114014e-01 -3.361793756484985352e-01
4.778397083282470703e-01 -6.772931814193725586e-01 -8.956387639045715332e-02 4.188491031527519226e-02 5.386801958084106445e-01 -5.242228507995605469e-01 3.833204805850982666e-01 -5.051410198211669922e-01 -4.458811283111572266e-01 2.954478561878204346e-01 1.213172227144241333e-01 -3.883811831474304199e-01 -5.157957673072814941e-01 8.885030448436737061e-02 3.979242220520973206e-02 6.724119186401367188e-01 1.781313121318817139e-01 1.353897303342819214e-01 -1.750000268220901489e-01 7.127590179443359375e-01 -2.340243309736251831e-01 8.337281346321105957e-01 -9.404903650283813477e-01 -1.751334518194198608e-01 -3.390878736972808838e-01 2.427020817995071411e-01 -5.667579770088195801e-01 2.621532678604125977e-01 5.743739008903503418e-01 -6.087400317192077637e-01 -8.280960470438003540e-02 1.623195558786392212e-01 -2.541114687919616699e-01 -1.892848499119281769e-02 -1.199295818805694580e-01 3.891028761863708496e-01 -6.312972307205200195e-01 -5.469332337379455566e-01 1.393373608589172363e-01 -6.378250122070312500e-01 3.252808749675750732e-01 -7.307236194610595703e-01 2.512990236282348633e-01 -2.438048869371414185e-01 -1.593906432390213013e-01 -1.300698369741439819e-01 7.000359892845153809e-01 -6.737391948699951172e-01 2.121545821428298950e-01 4.470386505126953125e-01 -5.940438807010650635e-02 -2.136048227548599243e-01 1.082814782857894897e-01 1.154367532581090927e-02 -1.369404792785644531e-01 -4.458039700984954834e-01 7.032212018966674805e-01 -4.259401559829711914e-01 -3.642744421958923340e-01 -9.866290539503097534e-02 -1.130010485649108887e-01 1.580661833286285400e-01 -2.099431604146957397e-01 -4.404182136058807373e-01
2.119266390800476074e-01 -2.680163085460662842e-01 -3.652005493640899658e-01 -6.419976055622100830e-02 -3.560052812099456787e-01 -4.668499529361724854e-01 -4.819858446717262268e-02 -8.267889618873596191e-01 3.020478188991546631e-01 -3.550232201814651489e-02 4.909088313579559326e-01 -2.472217231988906860e-01 1.007546931505203247e-01 -4.467721283435821533e-01 7.785002142190933228e-02 3.497267067432403564e-01 -2.526661194860935211e-02 1.819577366113662720e-01 -5.358118414878845215e-01 9.651715755462646484e-01 2.482188045978546143e-01 4.082590043544769287e-01 -5.384668707847595215e-01 5.576276034116744995e-02 -9.048812091350555420e-02 -1.820493116974830627e-02 -1.072340607643127441e-01 3.620206117630004883e-01 1.611714214086532593e-01 -9.172406047582626343e-02 7.917861938476562500e-01 2.731887996196746826e-01 -3.440276160836219788e-02 -8.660361170768737793e-02 -3.727022707462310791e-01 -1.630676686763763428e-01 5.106411576271057129e-01 3.412419259548187256e-01 3.478467762470245361e-01 2.208277285099029541e-01 -4.761128127574920654e-01 -5.985521152615547180e-02 -6.799988746643066406e-01 5.735145211219787598e-01 3.275393247604370117e-01 4.013055264949798584e-01 4.802295863628387451e-01 -5.673896074295043945e-01 5.372334122657775879e-01 9.897624701261520386e-02 -2.326876372098922729e-01 4.877369403839111328e-01 1.285390704870223999e-01 -3.130003213882446289e-01 2.141228765249252319e-01 -5.865632742643356323e-02 -2.109608650207519531e-01 -3.408282399177551270e-01 1.080871894955635071e-01 5.271159410476684570e-01 -2.304588556289672852e-01 -5.131988525390625000e-01 -8.195151686668395996e-01 -3.810366988182067871e-01
3.281305730342864990e-01 -7.674714922904968262e-01 -4.231354296207427979e-01 1.934174895286560059e-01 -4.313041865825653076e-01 -8.215031772851943970e-02 -1.004278659820556641e-01 4.177004471421241760e-02 -2.482679784297943115e-01 -6.937569379806518555e-02 -8.171132765710353851e-03 -7.177529335021972656e-01 3.768396377563476562e-01 -1.608923822641372681e-01 -3.142505288124084473e-01 3.130359649658203125e-01 -4.641456305980682373e-01 -3.195969760417938232e-01 -4.476366937160491943e-01 8.677858114242553711e-02 -2.907756529748439789e-02 7.845314741134643555e-01 6.387487798929214478e-02 -1.022866010665893555e+00 -2.579731866717338562e-02 6.815775632858276367e-01 -6.546192169189453125e-01 -5.977398753166198730e-01 3.058299124240875244e-01 -3.021670877933502197e-01 -8.276345133781433105e-01 -8.453178405761718750e-01 2.351927757263183594e-01 -2.792462408542633057e-01 2.118148207664489746e-01 -1.625685989856719971e-01 -6.123328804969787598e-01 3.097322583198547363e-01 8.906752467155456543e-01 -2.614238858222961426e-01 -7.336071878671646118e-02 -2.561110258102416992e-01 -7.424461841583251953e-01 -2.424484342336654663e-01 5.931154265999794006e-02 4.887391328811645508e-01 5.323700979351997375e-02 -6.118329167366027832e-01 -8.889984488487243652e-01 2.968896627426147461e-01 2.317349165678024292e-01 2.677843868732452393e-01 -1.241855621337890625e-01 7.001800537109375000e-01 -2.413329184055328369e-01 3.059180453419685364e-02 4.833085238933563232e-01 -3.390231132507324219e-01 -4.477674067020416260e-01 -3.512441366910934448e-02 -8.164928555488586426e-01 -1.270294308662414551e+00 -8.819370865821838379e-01 -4.587552547454833984e-01
-9.445078670978546143e-02 -7.240128517150878906e-01 -1.011661812663078308e-02 -3.196874856948852539e-01 5.510804653167724609e-01 -1.796292811632156372e-01 6.598471403121948242e-01 -6.000414490699768066e-01 -3.905564844608306885e-01 4.466905891895294189e-01 6.218458414077758789e-01 -7.580793499946594238e-01 7.805263251066207886e-02 -2.903640642762184143e-02 -7.573960721492767334e-02 1.099850296974182129e+00 7.068841159343719482e-02 3.212105929851531982e-01 -7.375028133392333984e-01 8.524987101554870605e-01 2.699159681797027588e-01 1.024112820625305176e+00 -2.131544053554534912e-01 -7.818504422903060913e-02 -4.589644968509674072e-01 -5.843495130538940430e-01 -6.391404271125793457e-01 1.487208250910043716e-02 2.649711072444915771e-01 1.019383594393730164e-01 -7.570195198059082031e-02 5.762813091278076172e-01 -2.145217806100845337e-01 -1.160217598080635071e-01 -3.075284324586391449e-02 -4.095204472541809082e-01 -3.323913216590881348e-01 3.492133915424346924e-01 8.282566070556640625e-02 -4.178379774093627930e-01 -5.576857924461364746e-01 -1.451655328273773193e-01 -1.503753960132598877e-01 -2.094050198793411255e-01 -5.369551181793212891e-01 2.543339431285858154e-01 1.240411847829818726e-01 -7.750290036201477051e-01 1.952469050884246826e-01 1.897456496953964233e-01 1.301472932100296021e-01 1.024268195033073425e-01 4.027549326419830322e-01 1.326795965433120728e-01 -1.257894635200500488e-01 -1.466365307569503784e-01 4.811643436551094055e-02 -6.219218373298645020e-01 -4.134590029716491699e-01 -4.642287641763687134e-02 -4.008103534579277039e-02 -4.763748049736022949e-01 2.780513763427734375e-01 -8.541473746299743652e-02
4.770605266094207764e-01 -8.544025421142578125e-01 1.207034289836883545e-01 4.929925501346588135e-02 2.012192308902740479e-01 -2.343287914991378784e-01 3.738873004913330078e-01 -1.270031481981277466e-01 -6.042361259460449219e-01 1.668609976768493652e-01 3.828460872173309326e-01 -4.901400804519653320e-01 -5.504205822944641113e-01 3.716692924499511719e-01 4.188020527362823486e-02 1.055143952369689941e+00 2.170193940401077271e-01 1.369245350360870361e-01 -4.475367069244384766e-01 7.218061685562133789e-01 5.874627083539962769e-02 9.088937044143676758e-01 -9.734231047332286835e-03 -1.228842064738273621e-01 -1.961959153413772583e-01 -1.981415003538131714e-01 -6.575106382369995117e-01 3.387235105037689209e-02 2.132636904716491699e-01 -4.630132913589477539e-01 9.520728141069412231e-02 1.053688004612922668e-01 -2.769584059715270996e-01 -1.176856979727745056e-01 2.013637274503707886e-01 -1.951892971992492676e-01 -1.497031897306442261e-01 -4.743517041206359863e-01 -3.681876510381698608e-02 -5.138586163520812988e-01 2.127526551485061646e-01 -4.914717972278594971e-01 -2.192770987749099731e-01 8.184140548110008240e-03 -8.459274470806121826e-02 1.108499318361282349e-01 3.584691584110260010e-01 -6.806673407554626465e-01 4.091383218765258789e-01 1.960665136575698853e-01 1.241141036152839661e-01 -3.167878985404968262e-01 6.485885381698608398e-01 1.682610660791397095e-01 -7.455855607986450195e-02 3.341658711433410645e-01 6.040301322937011719e-01 -6.355754733085632324e-01 -3.582817018032073975e-01 -6.826322525739669800e-02 -1.744890026748180389e-02 1.113633736968040466e-01 -3.462084233760833740e-01 -5.019596219062805176e-01
-2.607288956642150879e-01 -1.556461453437805176e-01 -7.290946245193481445e-01 -2.769078016281127930e-01 -3.810753524303436279e-01 -3.852219581604003906e-01 8.830034136772155762e-01 -4.874310195446014404e-01 1.368757337331771851e-01 5.953816771507263184e-01 2.277716249227523804e-01 -8.145058751106262207e-01 1.775527000427246094e-02 1.798889040946960449e-01 -3.564776182174682617e-01 9.977598190307617188e-01 -4.644179716706275940e-02 -5.814640522003173828e-01 -3.591582179069519043e-01 -2.195968478918075562e-01 -5.422651171684265137e-01 1.500587105751037598e+00 -1.127806082367897034e-01 1.183657869696617126e-01 5.561065673828125000e-02 5.737081170082092285e-01 -5.417430996894836426e-01 -2.644877135753631592e-01 4.316316843032836914e-01 -5.720831751823425293e-01 -6.098296046257019043e-01 7.877657562494277954e-02 -9.950770735740661621e-01 -7.263413667678833008e-01 -4.462449550628662109e-01 7.637573480606079102e-01 6.350604295730590820e-01 6.812081336975097656e-01 1.652750223875045776e-01 -6.093975529074668884e-02 -6.702898144721984863e-01 -6.202828884124755859e-01 -8.306535892188549042e-03 1.397769451141357422e-01 -3.324344754219055176e-01 4.360825717449188232e-01 -2.992142438888549805e-01 -7.499883174896240234e-01 -6.367562413215637207e-01 -2.897454202175140381e-01 -1.446830779314041138e-01 2.478961944580078125e-01 4.716744422912597656e-01 -5.836573839187622070e-01 -3.676968812942504883e-02 6.462942063808441162e-02 1.234384894371032715e+00 -1.958921253681182861e-01 -6.415597796440124512e-01 -2.712160050868988037e-01 -8.901874423027038574e-01 -1.397295743227005005e-01 -9.132599234580993652e-01 -6.328585743904113770e-01
4.694832265377044678e-01 -4.356387853622436523e-01 -3.941227793693542480e-01 -1.488361060619354248e-01 -2.864235043525695801e-01 -3.048788905143737793e-01 5.910068750381469727e-01 6.159605383872985840e-01 4.822553321719169617e-02 -1.495507657527923584e-01 1.033663153648376465e+00 -4.635776281356811523e-01 4.321559965610504150e-01 -5.182319879531860352e-01 3.770297169685363770e-01 -1.105420216917991638e-01 1.424629539251327515e-01 -5.982660651206970215e-01 -2.248759418725967407e-01 -3.288820758461952209e-02 -2.424288392066955566e-01 8.358570337295532227e-01 -2.444507479667663574e-01 -5.066743493080139160e-01 -4.423991143703460693e-01 7.336848974227905273e-01 -1.987999379634857178e-01 3.196073770523071289e-01 1.806124113500118256e-02 -5.588041543960571289e-01 -1.887862086296081543e-01 3.444428741931915283e-01 -4.951736629009246826e-01 -1.167870759963989258e-01 -1.571217626333236694e-01 2.703254818916320801e-01 2.245358973741531372e-01 2.903866171836853027e-01 3.233218789100646973e-01 5.452764630317687988e-01 -3.545476198196411133e-01 5.864630639553070068e-02 2.264710217714309692e-01 1.416999995708465576e-01 -4.854319393634796143e-01 7.898790836334228516e-01 1.003163576126098633e+00 -4.566068649291992188e-01 -1.979757845401763916e-01 -2.780526876449584961e-01 5.039404630661010742e-01 -8.393257856369018555e-01 -1.580916345119476318e-01 3.996542394161224365e-01 -5.833330750465393066e-01 6.053073406219482422e-01 6.756815314292907715e-01 -8.781215548515319824e-01 -7.985122203826904297e-01 1.448365896940231323e-01 2.566049993038177490e-01 -1.304973363876342773e+00 -8.601164072751998901e-02 -2.567053437232971191e-01
1.368821710348129272e-01 -9.115311503410339355e-02 -2.150323390960693359e-01 3.216289281845092773e-01 -3.161276280879974365e-01 -5.534231662750244141e-01 4.625291526317596436e-01 -4.306619763374328613e-01 -4.220357835292816162e-01 -4.446518793702125549e-02 3.915703892707824707e-01 -5.218623876571655273e-01 5.378653407096862793e-01 -1.797423064708709717e-01 5.551077127456665039e-01 -3.532772958278656006e-01 2.495837062597274780e-01 -4.338619858026504517e-02 6.292640566825866699e-01 8.548748493194580078e-01 -1.292641013860702515e-01 1.415954232215881348e+00 -1.080312967300415039e+00 -1.039858832955360413e-01 -1.551894694566726685e-01 2.302517555654048920e-02 -1.933834552764892578e-01 -3.459987789392471313e-02 2.735888659954071045e-01 7.423977833241224289e-03 4.395088851451873779e-01 -1.428832113742828369e-01 -6.362004876136779785e-01 -7.141244411468505859e-02 1.170865148305892944e-01 4.555179923772811890e-02 4.925437569618225098e-01 3.674440383911132812e-01 9.823076426982879639e-02 -2.960965335369110107e-01 -3.704136312007904053e-01 -4.681291282176971436e-01 -1.315873116254806519e-01 4.409888684749603271e-01 7.926627993583679199e-01 6.371561288833618164e-01 1.260541826486587524e-01 -5.912123322486877441e-01 -2.861866354942321777e-01 3.895137012004852295e-01 -1.751975901424884796e-02 4.234623610973358154e-01 -7.951092720031738281e-02 -4.012750685214996338e-01 5.720614790916442871e-01 -3.553070127964019775e-01 -3.054251149296760559e-02 2.926367148756980896e-02 -9.348124265670776367e-01 1.227997839450836182e-01 -7.519471645355224609e-01 -7.778576612472534180e-01 -4.132904112339019775e-01 4.329808652400970459e-01
6.302508115768432617e-01 -5.734053850173950195e-01 1.037699729204177856e-01 -8.808161616325378418e-01 3.900346457958221436e-01 -5.810039043426513672e-01 3.388393670320510864e-02 1.167034655809402466e-01 -1.823630779981613159e-01 -1.004464253783226013e-01 3.697958588600158691e-01 -4.116252064704895020e-01 -2.049307972192764282e-01 -5.122159123420715332e-01 5.786646604537963867e-01 -3.328593373298645020e-01 -2.015058249235153198e-01 -6.701087355613708496e-01 -5.510548949241638184e-01 2.414649128913879395e-01 -7.603762745857238770e-01 8.915560245513916016e-01 -1.854951381683349609e-01 -3.062216043472290039e-01 -6.925107538700103760e-02 4.458822906017303467e-01 -4.761521220207214355e-01 -5.214124321937561035e-01 5.828469395637512207e-01 -1.801916807889938354e-01 5.676181912422180176e-01 4.612429738044738770e-01 -8.271679282188415527e-01 -3.933166861534118652e-01 4.812328517436981201e-01 8.914683461189270020e-01 -7.026992738246917725e-02 1.014831900596618652e+00 2.318179607391357422e-01 -7.129478454589843750e-01 -6.785250902175903320e-01 3.894163370132446289e-01 1.417282819747924805e-01 -3.450657725334167480e-01 -8.589215278625488281e-01 4.864366054534912109e-01 4.435321390628814697e-01 -3.005403876304626465e-01 3.380760550498962402e-02 -2.831261754035949707e-01 -5.256847739219665527e-01 -2.901495993137359619e-01 8.811223506927490234e-02 8.446758985519409180e-01 -1.306547671556472778e-01 4.590273201465606689e-01 3.882754147052764893e-01 -1.128516674041748047e+00 -5.873329639434814453e-01 -1.782916337251663208e-01 -9.127473235130310059e-01 -1.133215785026550293e+00 -1.163492679595947266e+00 5.147419571876525879e-01
6.158137917518615723e-01 -7.741335034370422363e-01 -3.332689106464385986e-01 -1.094255670905113220e-01 3.052414022386074066e-02 -5.583307743072509766e-01 3.515517711639404297e-01 6.163718178868293762e-02 -4.402150809764862061e-01 1.681722700595855713e-01 5.139552950859069824e-01 -7.882141470909118652e-01 -4.355303645133972168e-01 2.443558424711227417e-01 3.944229185581207275e-01 2.190575599670410156e-01 1.748643964529037476e-01 -1.878838986158370972e-01 -9.725311398506164551e-02 7.173939347267150879e-01 2.790768742561340332e-01 1.064944624900817871e+00 -8.493164181709289551e-01 -2.439116835594177246e-01 -4.408506453037261963e-01 5.481758117675781250e-01 -6.676172614097595215e-01 3.448025286197662354e-01 8.091625571250915527e-02 -6.961097121238708496e-01 4.147143959999084473e-01 -3.585421713069081306e-03 2.976262271404266357e-01 -4.265735745429992676e-01 -6.351562738418579102e-01 7.051490545272827148e-01 -1.155943609774112701e-02 -3.896646201610565186e-01 6.702388525009155273e-01 -3.380597233772277832e-01 7.908110022544860840e-01 -5.901625156402587891e-01 -3.977238535881042480e-01 -2.413045242428779602e-02 5.747781321406364441e-02 3.343957662582397461e-02 3.693140149116516113e-01 -5.375145077705383301e-01 7.710379362106323242e-01 1.523864362388849258e-02 3.708173334598541260e-01 -1.782912313938140869e-01 -6.266284734010696411e-02 -2.789475619792938232e-01 -4.483546912670135498e-01 1.142908036708831787e-01 6.808910369873046875e-01 -6.968860030174255371e-01 -4.086368083953857422e-01 -3.355219587683677673e-02 -7.039283961057662964e-02 -3.612183034420013428e-01 2.085117436945438385e-02 -3.610614240169525146e-01
2.383940815925598145e-01 -4.302156269550323486e-01 -1.412826627492904663e-01 -4.633710384368896484e-01 -2.609182298183441162e-01 -1.201172098517417908e-01 5.440252423286437988e-01 -1.023103952407836914e+00 7.153145968914031982e-02 -2.520231306552886963e-01 6.482223868370056152e-01 -5.532991886138916016e-01 1.174877732992172241e-01 -3.851544857025146484e-01 -1.221081055700778961e-02 1.713067442178726196e-01 -2.473807632923126221e-01 -2.282457798719406128e-01 -3.250322341918945312e-01 8.477820754051208496e-01 6.582372635602951050e-02 1.002145528793334961e+00 -4.384951293468475342e-01 -2.695052623748779297e-01 -1.692982465028762817e-01 -2.634392380714416504e-01 -1.395807135850191116e-02 1.035566702485084534e-01 5.886560305953025818e-02 4.080227017402648926e-02 3.562699854373931885e-01 -1.364742070436477661e-01 3.021101057529449463e-01 -3.089512586593627930e-01 -4.922357797622680664e-01 1.799161136150360107e-01 4.553540647029876709e-01 4.607354998588562012e-01 2.704990506172180176e-01 3.185919672250747681e-02 -6.164141297340393066e-01 -3.009337186813354492e-01 -2.924206554889678955e-01 4.509584307670593262e-01 6.455364227294921875e-01 2.803294062614440918e-01 9.144353270530700684e-01 -2.638612687587738037e-02 -1.243298202753067017e-01 7.406670451164245605e-01 1.020573154091835022e-01 8.749745488166809082e-01 3.703612685203552246e-01 -4.382661283016204834e-01 2.451956570148468018e-01 -1.570786833763122559e-01 5.999606251716613770e-01 -2.688531577587127686e-01 -4.790819063782691956e-02 4.669879972934722900e-01 1.530375033617019653e-01 -3.800167739391326904e-01 -3.219051063060760498e-01 -6.659263372421264648e-01
7.582189887762069702e-02 -4.506995379924774170e-01 -2.893767654895782471e-01 -4.013709425926208496e-01 -1.142774820327758789e-01 -6.535751223564147949e-01 3.900395631790161133e-01 3.787215352058410645e-01 -1.873680502176284790e-01 3.759029805660247803e-01 -2.214382737874984741e-01 -7.391545176506042480e-01 -5.729305744171142578e-01 1.231818944215774536e-01 2.815830148756504059e-02 -7.012935727834701538e-02 -8.797974139451980591e-02 -5.035821199417114258e-01 -3.435732722282409668e-01 6.582220196723937988e-01 -5.509544610977172852e-01 8.764194250106811523e-01 -2.073697745800018311e-01 -3.019255399703979492e-01 1.303507834672927856e-01 3.271669149398803711e-01 -5.028836056590080261e-02 -6.511450409889221191e-01 2.570392191410064697e-01 9.880447387695312500e-02 1.761066615581512451e-01 -4.355817735195159912e-01 -1.162256360054016113e+00 4.064354002475738525e-01 -3.962076306343078613e-01 7.402211427688598633e-01 1.283034216612577438e-02 9.691805839538574219e-01 1.299408376216888428e-01 6.395524144172668457e-01 -4.510278403759002686e-01 -1.293262243270874023e-01 1.849429756402969360e-01 -4.252346456050872803e-01 -1.085977196693420410e+00 -1.935344040393829346e-01 7.633057236671447754e-01 -4.801596999168395996e-01 -2.410251945257186890e-01 7.248656153678894043e-01 5.329337716102600098e-02 -6.996212154626846313e-02 3.674016892910003662e-01 1.120270967483520508e+00 1.882751584053039551e-01 1.521740853786468506e-02 5.320271253585815430e-01 -6.053187847137451172e-01 -1.104759573936462402e+00 7.872059345245361328e-01 -5.739831924438476562e-01 -1.395897030830383301e+00 -9.422683715820312500e-01 -2.198545634746551514e-01
2.346469759941101074e-01 -4.973875880241394043e-01 3.479046821594238281e-01 1.013401597738265991e-01 -4.600600339472293854e-03 -1.361515372991561890e-01 4.260890185832977295e-01 -1.596700400114059448e-01 3.749721348285675049e-01 -1.472114622592926025e-01 4.185678958892822266e-01 -1.039285063743591309e+00 -1.816295981407165527e-01 -4.420879781246185303e-01 1.021346151828765869e-01 -2.036181837320327759e-02 1.089508086442947388e-01 -1.892337948083877563e-01 6.910412758588790894e-02 1.237291172146797180e-01 -1.721178442239761353e-01 1.139455810189247131e-01 -4.331121146678924561e-01 -8.581352233886718750e-01 8.919567614793777466e-02 6.001795530319213867e-01 -8.530016541481018066e-01 5.870476365089416504e-02 3.939697444438934326e-01 2.559237480163574219e-01 -9.310098886489868164e-01 -5.390182137489318848e-01 1.270568519830703735e-01 8.402180671691894531e-02 4.669101834297180176e-01 -8.145710080862045288e-02 1.126183010637760162e-02 1.973571442067623138e-02 1.100387334823608398e+00 -1.791852712631225586e-01 1.892544776201248169e-01 -1.277909278869628906e-01 -7.567545175552368164e-01 -8.051089048385620117e-01 -6.247504949569702148e-01 6.274054050445556641e-01 -4.194746911525726318e-01 -3.283660113811492920e-01 -1.077952742576599121e+00 4.178014099597930908e-01 1.270125657320022583e-01 -2.143902331590652466e-02 2.450801134109497070e-01 3.593213558197021484e-01 -2.669955790042877197e-01 -3.368083015084266663e-02 3.395797908306121826e-01 -3.363763391971588135e-01 -5.935668945312500000e-01 3.641032576560974121e-01 -1.022649168968200684e+00 -9.564258456230163574e-01 -5.646181106567382812e-01 -1.207690000534057617e+00
3.444988280534744263e-02 -5.486304759979248047e-01 -8.351250886917114258e-01 -3.155729770660400391e-01 -3.543403446674346924e-01 3.640009462833404541e-01 8.869079351425170898e-01 3.560317754745483398e-01 -7.664759159088134766e-01 5.760425925254821777e-01 2.776892185211181641e-01 -1.171233057975769043e+00 -4.073323309421539307e-01 -1.291144371032714844e+00 -2.576245069503784180e-01 3.284488022327423096e-01 4.809714257717132568e-01 -6.068825721740722656e-01 3.739714920520782471e-01 4.499744772911071777e-01 -1.536872088909149170e-01 1.081418395042419434e+00 4.070237278938293457e-01 -4.910604953765869141e-01 -2.496911436319351196e-01 1.050848484039306641e+00 -1.011985301971435547e+00 -1.261061429977416992e-01 -1.418715566396713257e-01 -3.874829038977622986e-02 2.824687398970127106e-02 2.770586609840393066e-01 -1.088919997215270996e+00 -5.477837920188903809e-01 -8.921833634376525879e-01 4.164426773786544800e-02 1.874670088291168213e-01 6.077703461050987244e-02 1.757677048444747925e-01 4.000853300094604492e-01 1.279187798500061035e-01 1.889369934797286987e-01 -7.393071055412292480e-01 -7.163242995738983154e-02 -1.933715343475341797e-01 -1.144355311989784241e-01 4.727145433425903320e-01 -3.444654941558837891e-01 -1.065749883651733398e+00 5.500143766403198242e-01 -2.796610295772552490e-01 5.622210502624511719e-01 4.205608963966369629e-01 -3.206767141819000244e-01 5.124747753143310547e-01 6.640394330024719238e-01 4.907979164272546768e-03 -1.327404499053955078e+00 7.881281897425651550e-03 1.224178448319435120e-01 -6.250432878732681274e-02 -1.641685843467712402e+00 -1.032649636268615723e+00 1.608362942934036255e-01
-3.278647363185882568e-01 8.198552764952182770e-03 -6.136303544044494629e-01 -1.465918868780136108e-01 7.600019127130508423e-02 -2.890806198120117188e-01 7.682911157608032227e-01 -1.447370052337646484e-01 3.020100295543670654e-01 -6.962589621543884277e-01 1.029301881790161133e+00 -8.654673099517822266e-01 -3.908319398760795593e-02 -1.992495357990264893e-01 4.375230148434638977e-02 9.961283206939697266e-02 1.703165322542190552e-01 -8.058173060417175293e-01 -4.638348519802093506e-01 -2.742315530776977539e-01 -8.411637544631958008e-01 5.783802866935729980e-01 3.541184216737747192e-02 -5.185932517051696777e-01 -3.733428418636322021e-01 4.821013510227203369e-01 -6.493687629699707031e-02 -1.950134187936782837e-01 -1.730460226535797119e-01 -7.096375823020935059e-01 1.548997312784194946e-01 -4.499071463942527771e-02 -8.794465661048889160e-01 4.858619570732116699e-01 -2.029561400413513184e-01 2.243670225143432617e-01 5.686929449439048767e-02 7.750904560089111328e-01 1.703916639089584351e-01 -2.532418258488178253e-02 -1.155915558338165283e-01 2.231505215167999268e-01 1.349691897630691528e-01 -1.315685212612152100e-01 -1.198171973228454590e-01 6.741712093353271484e-01 8.921359777450561523e-01 -2.674391567707061768e-01 -3.260841965675354004e-01 3.209366500377655029e-01 -3.053085505962371826e-01 -4.256741106510162354e-01 -3.919346332550048828e-01 6.729918718338012695e-01 -1.065266609191894531e+00 3.507253825664520264e-01 5.137287378311157227e-01 -1.015672802925109863e+00 -1.176148295402526855e+00 -1.208207830786705017e-01 -1.984834074974060059e-01 -1.020087122917175293e+00 -8.839048445224761963e-02 -3.637625277042388916e-02
-5.543344840407371521e-02 1.269780844449996948e-01 -2.366092354059219360e-01 6.662140134721994400e-03 -4.637941718101501465e-01 -4.570614099502563477e-01 1.198581576347351074e+00 5.712350085377693176e-02 -5.665615573525428772e-02 -4.936656951904296875e-01 6.252092123031616211e-01 -9.411208033561706543e-01 -5.752404332160949707e-01 -3.331881165504455566e-01 3.779971301555633545e-01 -3.430765271186828613e-01 1.033391878008842468e-01 -1.354562193155288696e-01 -5.606853961944580078e-01 -3.399991393089294434e-01 -4.106040596961975098e-01 6.168733239173889160e-01 2.855752408504486084e-01 -7.487943172454833984e-01 -5.740412473678588867e-01 7.167453169822692871e-01 1.042719185352325439e-01 -3.376228362321853638e-02 -1.950145214796066284e-01 -4.366730451583862305e-01 4.577606171369552612e-02 8.662036806344985962e-02 -7.018982172012329102e-01 -2.682368271052837372e-02 -6.053348779678344727e-01 7.295489311218261719e-02 -1.280248016119003296e-01 8.060249090194702148e-01 1.142095252871513367e-01 -1.756023019552230835e-01 -6.309106349945068359e-01 4.405274242162704468e-02 -2.247217446565628052e-01 -1.040331572294235229e-01 -9.748457372188568115e-02 9.889686107635498047e-01 8.942181468009948730e-01 -2.265840172767639160e-01 -1.244511008262634277e-01 2.420526742935180664e-01 -4.458649158477783203e-01 -4.829197227954864502e-01 -3.288125991821289062e-01 6.729468703269958496e-01 -6.916502118110656738e-01 2.837163209915161133e-01 7.871652245521545410e-01 -7.682189345359802246e-01 -8.953423500061035156e-01 -2.113006636500358582e-02 -2.933940589427947998e-01 -7.486151456832885742e-01 -2.015206962823867798e-01 2.882036752998828888e-02
5.568335577845573425e-02 2.140185534954071045e-01 9.796296246349811554e-03 5.470007061958312988e-01 -4.625736773014068604e-01 -5.774620771408081055e-01 9.956759214401245117e-01 -6.833888590335845947e-02 -2.602889239788055420e-01 -1.564341783523559570e-01 6.238644719123840332e-01 -4.118931591510772705e-01 -4.895227849483489990e-01 -2.847650051116943359e-01 -3.481502830982208252e-01 1.531016826629638672e-01 2.503916919231414795e-01 -8.602173626422882080e-02 -6.287907361984252930e-01 -4.930050373077392578e-01 -5.102487206459045410e-01 5.023692250251770020e-01 8.471688628196716309e-02 -8.548319339752197266e-01 1.151584014296531677e-01 3.759557008743286133e-01 -2.907224595546722412e-01 7.066170126199722290e-02 -2.842005491256713867e-01 -8.973907679319381714e-02 7.373879104852676392e-02 3.968726992607116699e-01 -2.014464139938354492e-01 -6.239094138145446777e-01 -8.963837623596191406e-01 -3.468360751867294312e-03 5.538613721728324890e-02 4.745737910270690918e-01 -3.109427168965339661e-02 -3.551568388938903809e-01 -4.448499977588653564e-01 -1.922727525234222412e-01 -3.485954105854034424e-01 -4.468902945518493652e-01 2.542022168636322021e-01 1.369913369417190552e-01 -1.806317828595638275e-02 -9.041661769151687622e-02 1.279905289411544800e-01 5.163369178771972656e-01 -4.228555858135223389e-01 -2.134455293416976929e-01 -8.393645286560058594e-01 3.593170046806335449e-01 2.701256573200225830e-01 -2.316043972969055176e-01 6.124327182769775391e-01 -8.767496347427368164e-01 -7.347679734230041504e-01 -2.688909508287906647e-02 -5.971379280090332031e-01 -1.003926157951354980e+00 -5.025976300239562988e-01 -1.965308338403701782e-01
-1.834227740764617920e-01 -2.846237719058990479e-01 -3.846021136268973351e-03 -4.367369711399078369e-01 1.148833781480789185e-01 -8.178231120109558105e-01 3.275226056575775146e-01 -3.858531117439270020e-01 -2.914112806320190430e-01 3.760907649993896484e-01 4.893103241920471191e-01 -5.842603445053100586e-01 2.858310937881469727e-01 -7.684422284364700317e-02 -2.188351899385452271e-01 1.262946128845214844e+00 2.252056896686553955e-01 -2.368482649326324463e-01 -4.393265247344970703e-01 6.059882044792175293e-01 -8.965352922677993774e-02 1.182382822036743164e+00 -7.375910133123397827e-02 2.365968227386474609e-01 1.900623440742492676e-01 1.133581027388572693e-01 -6.304002553224563599e-02 -5.569044500589370728e-02 5.892585515975952148e-01 -7.276549339294433594e-01 -1.808203011751174927e-01 2.964752316474914551e-01 -6.642022132873535156e-01 -2.271959930658340454e-01 -2.046607583761215210e-01 1.544328331947326660e-01 -4.981595650315284729e-02 4.438512772321701050e-02 -2.333290129899978638e-01 -3.317592144012451172e-01 -2.740983664989471436e-01 -7.622700929641723633e-01 2.767351269721984863e-01 4.590633213520050049e-01 -5.744351074099540710e-02 4.562408626079559326e-01 -1.102220937609672546e-01 -7.731179594993591309e-01 -4.096049666404724121e-01 -1.239181980490684509e-01 -5.831995606422424316e-01 4.223112463951110840e-01 2.995723485946655273e-01 -2.475869804620742798e-01 -3.718926757574081421e-02 1.228708848357200623e-01 7.641061544418334961e-01 1.533043086528778076e-01 -2.677006721496582031e-01 -3.762487769126892090e-01 -3.550415933132171631e-01 -2.960315346717834473e-01 -3.224769234657287598e-01 -5.213676691055297852e-01
4.772992432117462158e-01 -4.597801566123962402e-01 -2.342902570962905884e-01 -1.915640085935592651e-01 3.926782608032226562e-01 -2.737551331520080566e-01 8.295005559921264648e-02 -4.251534044742584229e-01 -7.598331570625305176e-01 1.190735213458538055e-02 2.826863154768943787e-02 -9.376291036605834961e-01 -5.130967497825622559e-01 1.169929206371307373e-01 4.477134644985198975e-01 3.069252669811248779e-01 -4.469262659549713135e-01 -3.902560174465179443e-01 2.759498953819274902e-01 7.950243353843688965e-01 -4.483636319637298584e-01 9.953810572624206543e-01 -8.499877452850341797e-01 -1.925317645072937012e-01 -2.442686110734939575e-01 7.683620452880859375e-01 -6.371567249298095703e-01 -1.348232328891754150e-01 5.808925628662109375e-01 -6.196395754814147949e-01 3.799694776535034180e-01 3.023689091205596924e-01 -1.423001289367675781e-01 -6.747269630432128906e-02 -6.285378336906433105e-01 2.954442799091339111e-01 -1.314572691917419434e-01 3.580607706680893898e-03 5.010793209075927734e-01 -5.119062960147857666e-03 4.203519523143768311e-01 -7.027189135551452637e-01 -8.977367877960205078e-01 2.652949690818786621e-01 4.799640774726867676e-01 -1.872102469205856323e-01 8.094145059585571289e-01 -2.993281483650207520e-01 3.258795440196990967e-01 1.441448330879211426e-01 -9.357015788555145264e-02 -6.834875941276550293e-01 -2.945267856121063232e-01 -2.430177927017211914e-01 -3.284264355897903442e-03 -1.009259700775146484e+00 4.154283106327056885e-01 -8.067399263381958008e-01 -3.393916189670562744e-01 3.070037662982940674e-01 -1.363600492477416992e-01 -8.845108002424240112e-02 -2.334481328725814819e-01 -2.950181365013122559e-01
-6.325680762529373169e-02 -5.968848466873168945e-01 6.767752021551132202e-02 -6.220556423068046570e-02 7.071720808744430542e-02 -5.015943646430969238e-01 -2.642504572868347168e-01 2.228557318449020386e-01 1.885025054216384888e-01 -5.500609874725341797e-01 2.493839263916015625e-01 -5.798304677009582520e-01 -5.544701814651489258e-01 -9.048672914505004883e-01 -6.385477185249328613e-01 -1.474426388740539551e-01 2.494472712278366089e-01 -4.202153384685516357e-01 -1.340503245592117310e-01 1.026125669479370117e+00 -2.340559661388397217e-01 8.219986557960510254e-01 1.030308604240417480e-01 -3.346909880638122559e-01 -5.955703258514404297e-01 5.057915449142456055e-01 -8.437495231628417969e-01 -1.781211607158184052e-02 -1.438642293214797974e-01 5.220075603574514389e-03 2.452991008758544922e-01 -2.719388306140899658e-01 -9.635473489761352539e-01 3.970299959182739258e-01 4.270770587027072906e-03 1.063316464424133301e+00 6.819478273391723633e-01 8.302999734878540039e-01 5.029471516609191895e-01 -4.752623140811920166e-01 -4.011383652687072754e-01 -2.176009267568588257e-01 2.949670553207397461e-01 -5.644754171371459961e-01 6.869862973690032959e-02 3.920031711459159851e-03 6.277431845664978027e-01 2.409479469060897827e-01 -1.969912499189376831e-01 -1.863678842782974243e-01 -5.457009747624397278e-02 -3.863607347011566162e-01 -2.417338453233242035e-02 1.018174290657043457e+00 6.399448513984680176e-01 8.362599462270736694e-02 6.700309514999389648e-01 -4.171229898929595947e-01 -6.606368422508239746e-01 -4.449389278888702393e-01 -5.348045825958251953e-01 -1.023232102394104004e+00 -3.513644337654113770e-01 -3.911445438861846924e-01
2.621185481548309326e-01 -2.147129029035568237e-01 1.775762252509593964e-02 4.249326288700103760e-01 4.325995221734046936e-02 -5.652602314949035645e-01 3.455771803855895996e-01 -6.424060463905334473e-01 -4.508307278156280518e-01 -1.470087319612503052e-01 5.212213397026062012e-01 -6.314289569854736328e-01 3.528364002704620361e-01 -3.855614364147186279e-01 7.772688567638397217e-02 2.351845502853393555e-01 1.548874005675315857e-02 -2.464451789855957031e-01 2.069626450538635254e-01 8.500462770462036133e-01 -4.643250703811645508e-01 9.004544019699096680e-01 -8.538517355918884277e-01 4.532961640506982803e-03 -2.507993280887603760e-01 7.247605174779891968e-02 9.121264517307281494e-02 1.234369352459907532e-01 4.427451193332672119e-01 1.095459908246994019e-01 2.045326679944992065e-01 2.125230850651860237e-03 -3.738614618778228760e-01 -3.517580032348632812e-01 -3.880007192492485046e-02 -2.777699567377567291e-02 2.682760655879974365e-01 1.229515820741653442e-01 5.003333091735839844e-01 2.926531992852687836e-02 -4.753499031066894531e-01 -5.090388283133506775e-02 -5.443086102604866028e-02 3.854587674140930176e-01 8.798052072525024414e-01 4.602302908897399902e-01 4.268388450145721436e-01 -5.835855007171630859e-01 1.686723083257675171e-01 3.233650326728820801e-01 1.522933365777134895e-03 2.978276312351226807e-01 -5.150090530514717102e-02 -4.886714220046997070e-01 -1.522463411092758179e-01 -6.334195137023925781e-01 -2.069669812917709351e-01 -3.342422842979431152e-02 -2.121112942695617676e-01 5.510194301605224609e-01 -3.571380376815795898e-01 -6.486976146697998047e-01 -6.799679994583129883e-01 1.631817370653152466e-01
-4.409773051738739014e-01 -7.743690907955169678e-02 1.204954907298088074e-01 -8.084185719490051270e-01 -6.051319837570190430e-01 -4.214825332164764404e-01 -3.754579722881317139e-01 -8.786368370056152344e-01 3.420665860176086426e-01 -5.673422813415527344e-01 1.482929568737745285e-02 -4.675793945789337158e-01 -1.255790293216705322e-01 -2.426134496927261353e-01 7.241882383823394775e-02 2.373366802930831909e-01 4.214448332786560059e-01 1.708778738975524902e-01 -6.955572962760925293e-01 5.624240040779113770e-01 -2.637513577938079834e-01 4.179490506649017334e-01 -2.739794850349426270e-01 -3.805798888206481934e-01 -5.034796893596649170e-02 3.546969294548034668e-01 -2.069277912378311157e-01 8.668488264083862305e-02 2.581320405006408691e-01 -6.679334044456481934e-01 1.204935073852539062e+00 -7.755211740732192993e-02 -2.401466071605682373e-01 -4.179783463478088379e-01 -3.273737728595733643e-01 -1.798010766506195068e-01 4.704464972019195557e-02 -6.130077838897705078e-01 -4.294709861278533936e-01 2.759687304496765137e-01 -4.534006714820861816e-01 -9.566596150398254395e-02 -8.148508146405220032e-03 4.330372214317321777e-01 3.202762082219123840e-02 2.290085852146148682e-01 5.705868601799011230e-01 -5.354204773902893066e-01 -3.440784513950347900e-01 -2.057866752147674561e-01 3.054594695568084717e-01 1.763930618762969971e-01 -1.321981400251388550e-01 1.630450934171676636e-01 4.153130352497100830e-01 2.037950009107589722e-01 -2.378022223711013794e-01 -1.325538307428359985e-01 -2.773447334766387939e-01 3.694482445716857910e-01 -3.690369725227355957e-01 -1.042847871780395508e+00 -1.199558019638061523e+00 -1.939630210399627686e-01
4.263423383235931396e-03 -1.752814948558807373e-01 5.908125042915344238e-01 5.802344903349876404e-02 -3.386962413787841797e-01 -1.552405208349227905e-01 -1.100371256470680237e-01 -7.107474207878112793e-01 -2.319571562111377716e-02 -4.721034169197082520e-01 4.907006323337554932e-01 -1.556849181652069092e-01 -5.994690656661987305e-01 -4.124257862567901611e-01 -4.000326246023178101e-02 3.926739469170570374e-02 1.542732268571853638e-01 -4.507116973400115967e-01 2.705799937248229980e-01 4.193498194217681885e-01 -3.686354756355285645e-01 2.790276110172271729e-01 -1.728268861770629883e-01 -4.970768094062805176e-01 -5.565697327256202698e-03 -3.657293319702148438e-01 -9.295262694358825684e-01 2.270674854516983032e-01 2.473645955324172974e-01 9.952447563409805298e-02 -8.124738931655883789e-01 -2.193917036056518555e-01 3.061084263026714325e-02 2.562388479709625244e-01 2.361592203378677368e-01 -5.130564570426940918e-01 5.534023046493530273e-02 3.383584320545196533e-01 5.659074783325195312e-01 1.108026355504989624e-01 2.156614810228347778e-01 -5.983311533927917480e-01 -2.354193180799484253e-01 -8.402708172798156738e-01 -4.180187582969665527e-01 -5.590452998876571655e-02 -1.064060032367706299e-01 -1.635421365499496460e-01 -5.226029753684997559e-01 -3.921934366226196289e-01 3.136481344699859619e-01 -1.366951912641525269e-01 3.562451303005218506e-01 -1.317596733570098877e-01 3.113645613193511963e-01 5.074046254158020020e-01 5.585445761680603027e-01 -7.700980901718139648e-01 -4.827666878700256348e-01 -2.127039432525634766e-01 -9.307152032852172852e-01 -9.040054678916931152e-01 -5.207114815711975098e-01 -5.068530440330505371e-01
8.143063634634017944e-02 -4.698569476604461670e-01 -1.128888949751853943e-01 8.413639850914478302e-03 2.236237823963165283e-01 -1.124735996127128601e-01 5.408727750182151794e-02 -3.534564375877380371e-01 -6.967732310295104980e-01 -3.298452794551849365e-01 -8.109156787395477295e-02 2.999675869941711426e-01 -3.561878502368927002e-01 -3.996537625789642334e-01 -2.417861819267272949e-01 6.053670644760131836e-01 -4.221215844154357910e-01 -5.137513279914855957e-01 -3.934245109558105469e-01 3.738378584384918213e-01 -4.933298379182815552e-02 1.229806542396545410e+00 -2.112160772085189819e-01 -9.206916093826293945e-01 -2.651473283767700195e-01 9.344604611396789551e-02 -1.073848843574523926e+00 -1.099422872066497803e-01 1.354862153530120850e-01 2.823603451251983643e-01 -1.101591944694519043e+00 -7.734869122505187988e-01 -2.269929647445678711e-01 9.399953484535217285e-02 1.423473805189132690e-01 -9.518389105796813965e-01 -7.124909758567810059e-01 3.920487463474273682e-01 5.795494914054870605e-01 4.174676164984703064e-02 9.142584353685379028e-02 -3.947984874248504639e-01 -3.461147844791412354e-01 -2.135678827762603760e-01 -3.249540328979492188e-01 5.602227151393890381e-02 5.249414965510368347e-02 -3.765211999416351318e-01 -4.841648042201995850e-01 -4.981222152709960938e-01 3.090020716190338135e-01 -1.530952472239732742e-02 -6.428178399801254272e-02 2.873350083827972412e-01 -2.597097456455230713e-01 3.323798775672912598e-01 6.576357483863830566e-01 -4.807662367820739746e-01 -2.264381498098373413e-01 -3.152940571308135986e-01 -3.380212783813476562e-01 -6.763660311698913574e-01 -1.116761684417724609e+00 -3.247082531452178955e-01
-4.104091823101043701e-01 -4.503842592239379883e-01 -1.082332655787467957e-01 -2.668656110763549805e-01 -4.940051734447479248e-01 -2.720828354358673096e-01 2.761947512626647949e-01 -4.446322321891784668e-01 -1.883334219455718994e-01 -1.528849005699157715e-01 6.693444848060607910e-01 -3.450270369648933411e-02 -5.477022528648376465e-01 -8.136679418385028839e-03 4.852919280529022217e-02 9.532202035188674927e-02 -3.732023015618324280e-02 -1.695596873760223389e-01 -5.236096978187561035e-01 7.707446217536926270e-01 -3.720068335533142090e-01 -3.838812112808227539e-01 -2.277741581201553345e-01 -1.083649516105651855e+00 1.181168705224990845e-01 2.251921445131301880e-01 -7.863188385963439941e-01 6.628777086734771729e-02 5.287202596664428711e-01 -1.230206131935119629e+00 -4.380710721015930176e-01 1.708340495824813843e-01 -5.751447081565856934e-01 4.469045251607894897e-02 2.862584888935089111e-01 4.463427662849426270e-01 1.981184929609298706e-01 -1.057636141777038574e-01 -3.585260733962059021e-02 -1.464645117521286011e-01 -3.771971762180328369e-01 7.892288565635681152e-01 -6.122955083847045898e-01 3.124893307685852051e-01 6.639018058776855469e-01 -2.988619506359100342e-01 -1.258064359426498413e-01 -4.642957448959350586e-01 -2.463551014661788940e-01 4.363034367561340332e-01 2.183872461318969727e-01 1.128779575228691101e-01 2.888853251934051514e-01 -5.128558874130249023e-01 5.207824707031250000e-01 1.242092028260231018e-01 2.786109149456024170e-01 -6.292487978935241699e-01 -3.371454402804374695e-02 8.471566438674926758e-01 -8.627491071820259094e-03 -2.715209424495697021e-01 -5.339841246604919434e-01 5.037142336368560791e-02
-7.801464200019836426e-02 -1.419686228036880493e-01 -1.026051402091979980e+00 1.375038027763366699e-01 1.525364518165588379e-01 3.245012164115905762e-01 7.453019618988037109e-01 4.095034003257751465e-01 2.953103482723236084e-01 -4.212607443332672119e-01 4.225932061672210693e-01 -9.275180101394653320e-01 2.588130235671997070e-01 -8.235372900962829590e-01 5.448352098464965820e-01 -4.367787539958953857e-01 -1.756976246833801270e-01 -7.884048223495483398e-01 -1.272513389587402344e+00 1.231654658913612366e-01 -7.606266736984252930e-01 2.989985048770904541e-01 -8.171331286430358887e-01 -7.904414534568786621e-01 -4.382837712764739990e-01 -2.261040918529033661e-02 -2.178253531455993652e-01 2.754768133163452148e-01 6.979132294654846191e-01 6.516078114509582520e-01 -3.719281554222106934e-01 4.833469688892364502e-01 -1.134658455848693848e+00 -4.999666810035705566e-01 -5.972379446029663086e-01 3.038448393344879150e-01 -9.255317598581314087e-02 5.451225638389587402e-01 3.473089635372161865e-01 -3.809463381767272949e-01 2.421974241733551025e-01 -4.885558485984802246e-01 7.656758651137351990e-03 1.640873700380325317e-01 -5.181304812431335449e-01 -4.683417454361915588e-02 1.385777294635772705e-01 -1.014582991600036621e+00 9.070549160242080688e-02 -1.846212595701217651e-01 4.212166965007781982e-01 -3.418764770030975342e-01 2.492666691541671753e-01 -2.969187200069427490e-01 4.918931126594543457e-01 -7.096277475357055664e-01 8.589371442794799805e-01 -7.549460530281066895e-01 -7.933813929557800293e-01 2.914796769618988037e-01 -1.024107813835144043e+00 -8.801162838935852051e-01 -9.616656899452209473e-01 -7.259979844093322754e-01
5.572292208671569824e-01 -3.534685373306274414e-01 -4.248073995113372803e-01 1.679990440607070923e-01 3.404882252216339111e-01 -9.214875698089599609e-01 7.374835610389709473e-01 7.506040483713150024e-02 -3.733890056610107422e-01 1.971655935049057007e-01 2.535484433174133301e-01 -5.675325989723205566e-01 -5.063697099685668945e-01 -4.388525187969207764e-01 4.328570365905761719e-01 8.530478477478027344e-01 1.800713390111923218e-01 3.233826458454132080e-01 -8.547586798667907715e-01 1.120049715042114258e+00 -4.709137082099914551e-01 9.379182457923889160e-01 -8.100982010364532471e-02 -2.268520742654800415e-01 -1.787196029908955097e-03 -2.603530883789062500e-01 -1.216474547982215881e-01 -5.330082029104232788e-02 1.487645506858825684e-01 8.819634467363357544e-02 -2.513567805290222168e-01 7.384694218635559082e-01 1.316512972116470337e-01 -1.068934872746467590e-01 -3.481236398220062256e-01 -6.568323373794555664e-01 -1.709537655115127563e-01 2.363692373037338257e-01 5.315060019493103027e-01 -7.111814618110656738e-02 1.307244691997766495e-02 3.146233856678009033e-01 -2.159658968448638916e-01 6.237846016883850098e-01 5.856548249721527100e-02 9.214061312377452850e-03 6.310340762138366699e-01 -6.964296698570251465e-01 -3.531691133975982666e-01 1.684247106313705444e-01 -3.469813168048858643e-01 2.006054818630218506e-01 5.844079852104187012e-01 1.034625470638275146e-01 4.462020397186279297e-01 3.840636610984802246e-01 4.767013490200042725e-01 -1.445428729057312012e-01 9.939437359571456909e-02 9.674646891653537750e-03 -5.788465142250061035e-01 -3.905355334281921387e-01 1.511908471584320068e-01 -4.742970466613769531e-01
-4.090000689029693604e-01 -1.937753260135650635e-01 -1.500339806079864502e-01 -3.096809089183807373e-01 -1.719878613948822021e-01 -3.651854991912841797e-01 6.032464504241943359e-01 -4.209045469760894775e-01 7.410002499818801880e-02 -9.998492151498794556e-02 7.856688499450683594e-01 -3.063485212624073029e-02 -2.147570252418518066e-02 -4.581477046012878418e-01 -2.671114802360534668e-01 3.811958432197570801e-02 -2.451381683349609375e-01 -7.525053620338439941e-01 -6.412749290466308594e-01 9.755164980888366699e-01 -3.760428428649902344e-01 3.515614569187164307e-02 -6.086865663528442383e-01 -5.829109549522399902e-01 -4.990404248237609863e-01 2.225725948810577393e-01 -5.395051240921020508e-01 -2.788884043693542480e-01 -2.507375180721282959e-01 -2.788940370082855225e-01 3.638443350791931152e-01 -6.794838607311248779e-02 9.601793438196182251e-02 -2.480170875787734985e-01 9.033466130495071411e-02 3.718195855617523193e-02 1.175105795264244080e-01 -3.735086023807525635e-01 2.500245571136474609e-01 -3.365185558795928955e-01 -7.584697604179382324e-01 1.356258988380432129e-01 -4.263596832752227783e-01 4.456296563148498535e-01 1.136573031544685364e-01 4.622991383075714111e-01 8.751344680786132812e-01 -1.080476399511098862e-02 1.079339757561683655e-01 4.973438382148742676e-01 7.024661898612976074e-01 3.945760726928710938e-01 1.098169758915901184e-01 -1.928706318140029907e-01 1.914659142494201660e-01 -1.250518709421157837e-01 5.225389599800109863e-01 8.968586474657058716e-02 1.077173724770545959e-01 1.133532047271728516e+00 -8.269549608230590820e-01 -3.577768206596374512e-01 -7.278183698654174805e-01 2.812106311321258545e-01
6.087621450424194336e-01 -1.211253166198730469e+00 -1.195228219032287598e+00 -4.197910800576210022e-02 -1.359960436820983887e+00 6.884671449661254883e-01 1.435897946357727051e-01 -1.710424870252609253e-01 2.746573686599731445e-01 8.952150344848632812e-01 4.990042746067047119e-01 2.533477246761322021e-01 6.028629373759031296e-03 -5.013903975486755371e-01 2.390168458223342896e-01 8.361901640892028809e-01 1.154908314347267151e-01 -9.733521342277526855e-01 -6.988395452499389648e-01 1.043050433509051800e-03 -1.286654353141784668e+00 9.483253955841064453e-01 -1.100605010986328125e+00 -9.792287945747375488e-01 6.849122643470764160e-01 8.404001593589782715e-01 -2.393063306808471680e-01 3.541728481650352478e-02 8.709338903427124023e-01 -5.898498296737670898e-01 5.408743619918823242e-01 7.458242177963256836e-01 -5.250836014747619629e-01 -4.141212105751037598e-01 -2.593675553798675537e-01 5.445259809494018555e-01 -2.926915287971496582e-01 9.448977708816528320e-01 -4.079485535621643066e-01 -1.286028504371643066e+00 1.607616543769836426e-01 -3.991349041461944580e-01 -6.095738410949707031e-01 6.274867653846740723e-01 -4.707553088665008545e-01 6.140511035919189453e-01 5.271860361099243164e-01 -1.857785731554031372e-01 -8.202569484710693359e-01 5.669628977775573730e-01 -1.927416622638702393e-01 1.056854147464036942e-02 -5.201393961906433105e-01 -7.314035892486572266e-01 8.343145847320556641e-01 -4.867092706263065338e-03 1.243107795715332031e+00 -1.450431197881698608e-01 -7.744932174682617188e-01 -4.652324914932250977e-01 -5.784388184547424316e-01 -2.176899194717407227e+00 -5.247343778610229492e-01 -5.018386840820312500e-01
-1.160266995429992676e-01 -5.021328926086425781e-01 -2.130145765841007233e-02 -3.982487320899963379e-01 1.221695635467767715e-02 -2.762108445167541504e-01 2.810293436050415039e-01 -3.369643688201904297e-01 2.848641574382781982e-01 -3.717840611934661865e-01 -2.264583706855773926e-01 -1.983731240034103394e-01 -5.264024138450622559e-01 -9.294801205396652222e-02 -3.807771503925323486e-01 3.877754509449005127e-01 3.587782680988311768e-01 -6.637611389160156250e-01 -8.646985888481140137e-01 9.764855504035949707e-01 -2.851914465427398682e-01 2.687874436378479004e-01 -7.886801660060882568e-02 -6.357623934745788574e-01 -4.347838461399078369e-01 3.053549230098724365e-01 -2.907018959522247314e-01 1.520949602127075195e-01 1.305847615003585815e-02 -2.893138527870178223e-01 6.958202719688415527e-01 -1.096611469984054565e-01 -5.318520069122314453e-01 2.234662510454654694e-02 8.149169087409973145e-01 -3.860793709754943848e-01 1.168890371918678284e-01 -4.534217417240142822e-01 -2.259660661220550537e-01 -4.551751911640167236e-01 -4.925208091735839844e-01 -2.043301165103912354e-01 4.328716695308685303e-01 2.886026799678802490e-01 -7.448462843894958496e-01 -5.314439535140991211e-01 5.290167331695556641e-01 -3.529990911483764648e-01 -6.088356375694274902e-01 3.382454439997673035e-02 -2.089436352252960205e-01 -1.857363502494990826e-03 -4.341424405574798584e-01 4.493184015154838562e-02 -1.318632364273071289e-01 4.613560438156127930e-01 3.795979917049407959e-01 -6.584116816520690918e-01 -6.536781787872314453e-01 5.063544511795043945e-01 -3.496901392936706543e-01 -5.715857744216918945e-01 -7.127170562744140625e-01 -5.276716500520706177e-02
2.584520578384399414e-01 -2.020056992769241333e-01 3.371024727821350098e-01 8.431768417358398438e-02 1.292330771684646606e-01 -2.666001617908477783e-01 7.980554550886154175e-02 -1.041119933128356934e+00 -2.038458287715911865e-01 2.923368662595748901e-02 3.475522696971893311e-01 -7.040154337882995605e-01 -3.803102374076843262e-01 2.668573856353759766e-01 4.200377762317657471e-01 4.446681737899780273e-01 -1.404782235622406006e-01 -4.248684048652648926e-01 -5.618342757225036621e-01 -7.301226258277893066e-02 -4.847559928894042969e-01 2.405417263507843018e-01 -2.725442647933959961e-01 -6.422439813613891602e-01 -3.643431514501571655e-02 8.242086172103881836e-01 -3.683752119541168213e-01 4.207525029778480530e-02 3.420403599739074707e-01 -7.199655175209045410e-01 9.758939594030380249e-02 6.695578694343566895e-01 -9.166187644004821777e-01 2.306376248598098755e-01 2.739916928112506866e-02 1.299989521503448486e-01 3.886780142784118652e-01 2.953105270862579346e-01 2.882626354694366455e-01 1.798686683177947998e-01 2.864643931388854980e-01 1.649804227054119110e-02 -5.657925605773925781e-01 7.759943604469299316e-01 2.658960521221160889e-01 -4.576148986816406250e-01 1.961565315723419189e-01 -9.874088764190673828e-01 -4.072780013084411621e-01 1.795747578144073486e-01 2.532740831375122070e-01 -9.460242092609405518e-02 3.672780394554138184e-01 6.096587330102920532e-02 7.309957146644592285e-01 -1.972182095050811768e-01 1.841369569301605225e-01 -2.980889379978179932e-01 -1.509154886007308960e-01 1.856665313243865967e-01 3.243803977966308594e-01 -1.937634199857711792e-01 9.852905571460723877e-02 6.293249130249023438e-01
4.703558981418609619e-01 -2.260603606700897217e-01 -4.219498336315155029e-01 -3.664272725582122803e-01 2.840107083320617676e-01 8.532789349555969238e-02 1.528041809797286987e-01 -4.844313561916351318e-01 -1.032432079315185547e+00 -3.750866353511810303e-01 1.887600272893905640e-01 -1.212788343429565430e+00 -6.052187681198120117e-01 -3.657013475894927979e-01 1.756446510553359985e-01 7.945456504821777344e-01 -3.753332793712615967e-01 -7.330278158187866211e-01 2.209151536226272583e-01 2.695803046226501465e-01 -1.846698969602584839e-01 6.138834357261657715e-01 -9.231358170509338379e-01 -2.251595854759216309e-01 -7.809176445007324219e-01 1.303577899932861328e+00 -6.589822173118591309e-01 -3.955249786376953125e-01 5.099862217903137207e-01 -3.840617537498474121e-01 1.922483444213867188e-01 9.700030088424682617e-02 -6.738756895065307617e-01 -2.558060288429260254e-01 -5.474328398704528809e-01 4.496358036994934082e-01 4.070907831192016602e-01 2.964524626731872559e-01 4.263268709182739258e-01 9.438163787126541138e-02 4.598295316100120544e-02 -1.134528279304504395e+00 -5.646660923957824707e-01 4.109383821487426758e-01 8.082600831985473633e-01 -1.404832303524017334e-01 7.556287646293640137e-01 -2.976953983306884766e-01 4.678871110081672668e-02 3.472110033035278320e-01 2.656391561031341553e-01 -5.492721199989318848e-01 -4.766030609607696533e-01 -2.830213606357574463e-01 -3.320194482803344727e-01 -8.505802750587463379e-01 9.412898123264312744e-02 -1.136755108833312988e+00 -9.105730056762695312e-01 4.759026169776916504e-01 -7.439918071031570435e-02 -9.293544292449951172e-02 -4.326098561286926270e-01 -1.068945303559303284e-01
4.182243347167968750e-01 -3.561728894710540771e-01 1.377830356359481812e-01 6.525785923004150391e-01 -5.682432651519775391e-01 -3.531386256217956543e-01 3.404497206211090088e-01 -1.995644569396972656e-01 -3.031004071235656738e-01 5.633567459881305695e-03 4.915496706962585449e-02 -8.496091365814208984e-01 1.606691032648086548e-01 -3.172089457511901855e-01 5.705288648605346680e-01 1.385793089866638184e-01 -2.506665419787168503e-03 -1.992810964584350586e-01 -2.469877712428569794e-02 9.237108230590820312e-01 -7.599738836288452148e-01 1.286997318267822266e+00 -9.435253739356994629e-01 -5.926697850227355957e-01 -4.682177603244781494e-01 3.758281767368316650e-01 -5.561457201838493347e-02 -1.814370602369308472e-02 3.577637374401092529e-01 3.899471089243888855e-02 1.642992645502090454e-01 -2.012518644332885742e-01 -7.958489060401916504e-01 -4.336830675601959229e-01 2.592796087265014648e-01 -1.097737923264503479e-01 8.100184202194213867e-01 5.329772830009460449e-01 5.455152988433837891e-01 -1.889432966709136963e-01 9.468124806880950928e-02 -1.770572364330291748e-01 1.325597167015075684e-01 2.829825282096862793e-01 5.406898856163024902e-01 7.718967199325561523e-01 -4.802856147289276123e-01 1.956555396318435669e-01 1.985372453927993774e-01 8.225608468055725098e-01 -7.555985450744628906e-02 6.149061769247055054e-02 3.663053512573242188e-01 9.156352281570434570e-02 7.610031217336654663e-02 -3.059372901916503906e-01 -1.250850707292556763e-01 -1.688476204872131348e-01 -3.616985380649566650e-01 1.420716196298599243e-01 -3.590901494026184082e-01 -8.119640350341796875e-01 -5.753782391548156738e-01 7.417643070220947266e-01
-4.078934192657470703e-01 -4.420992434024810791e-01 -1.287341713905334473e+00 -3.273212537169456482e-02 3.375379741191864014e-01 -7.896004915237426758e-01 1.133025527000427246e+00 -5.490802694112062454e-03 6.554604172706604004e-01 -6.315565705299377441e-01 -5.944731831550598145e-01 -1.084265112876892090e+00 -1.196377158164978027e+00 -1.113973855972290039e+00 -1.403709352016448975e-01 1.099853634834289551e+00 -2.692997455596923828e-01 -1.381052851676940918e+00 -3.323878347873687744e-01 7.298103570938110352e-01 -1.443195819854736328e+00 1.199137568473815918e+00 -7.241398692131042480e-01 -1.329992532730102539e+00 1.682800613343715668e-02 1.152254343032836914e+00 -8.891088962554931641e-01 5.058292746543884277e-01 -2.984227538108825684e-01 1.249359548091888428e-01 -6.314610838890075684e-01 4.542756378650665283e-01 -2.970039248466491699e-01 1.767147034406661987e-01 2.355557084083557129e-01 2.185034379363059998e-02 2.081845551729202271e-01 6.872834563255310059e-01 6.720607876777648926e-01 5.578756332397460938e-01 -1.072371721267700195e+00 3.615830242633819580e-01 -7.105172872543334961e-01 -4.694823920726776123e-01 -1.933892220258712769e-01 -1.478578001260757446e-01 2.800987064838409424e-01 -7.988348007202148438e-01 -5.277540087699890137e-01 1.267991781234741211e+00 -1.857705861330032349e-01 2.880532443523406982e-01 1.211200803518295288e-01 -1.868889033794403076e-01 8.050874471664428711e-01 4.488882049918174744e-02 -3.134299814701080322e-01 -7.683004736900329590e-01 -1.473291754722595215e+00 -1.203947141766548157e-01 -6.153966784477233887e-01 2.063899189233779907e-01 -9.489808678627014160e-01 -1.180233955383300781e+00
7.059528827667236328e-01 -2.415652126073837280e-01 -3.135104477405548096e-01 -5.393614768981933594e-01 3.389853537082672119e-01 -1.582673490047454834e-01 5.732511281967163086e-01 5.273182392120361328e-01 -7.911372780799865723e-01 5.934695005416870117e-01 4.384317398071289062e-01 -8.472707867622375488e-01 -4.909824132919311523e-01 -9.048911333084106445e-01 1.735074222087860107e-01 4.415305852890014648e-01 2.314193248748779297e-01 1.800514906644821167e-01 -1.080046296119689941e+00 9.152854681015014648e-01 -9.331759810447692871e-01 8.144528269767761230e-01 1.785021722316741943e-01 -1.493797779083251953e+00 -5.398586988449096680e-01 1.529901325702667236e-01 -5.233615040779113770e-01 -2.676967382431030273e-01 3.029716014862060547e-01 2.272294163703918457e-01 4.211812615394592285e-01 3.273685574531555176e-01 7.214653491973876953e-02 4.217579029500484467e-03 -1.113052487373352051e+00 1.157887816429138184e+00 4.943785369396209717e-01 2.980932965874671936e-02 -4.933198392391204834e-01 1.950622349977493286e-01 -3.924921154975891113e-01 -3.513193726539611816e-01 -9.246664047241210938e-01 1.200130656361579895e-01 3.370037376880645752e-01 7.474185228347778320e-01 -3.197008371353149414e-01 -1.111485436558723450e-01 -8.894765377044677734e-01 -9.099935740232467651e-02 8.987488746643066406e-01 -1.194833278656005859e+00 -7.105078548192977905e-02 1.193145960569381714e-01 -5.133464932441711426e-01 1.094424817711114883e-02 1.033413529396057129e+00 -5.894697904586791992e-01 6.145480275154113770e-02 2.357245832681655884e-01 -1.316088199615478516e+00 -1.499328851699829102e+00 -7.384831905364990234e-01 3.593883812427520752e-01
5.589020252227783203e-01 -6.143022775650024414e-01 -4.174195230007171631e-01 -1.983881294727325439e-01 -4.689581394195556641e-01 -4.350666105747222900e-01 6.449956893920898438e-01 -2.018039673566818237e-01 -8.353586494922637939e-02 1.796884089708328247e-01 7.892493158578872681e-02 -1.425296366214752197e-01 3.129277750849723816e-02 -3.345573544502258301e-01 1.821655780076980591e-01 8.730794787406921387e-01 7.454338669776916504e-02 -1.920534968376159668e-01 -6.356452107429504395e-01 7.946328520774841309e-01 -1.371998041868209839e-01 6.939373612403869629e-01 -6.358367204666137695e-02 -6.278263032436370850e-02 -3.357182741165161133e-01 -3.477096855640411377e-01 -5.975586771965026855e-01 3.406903147697448730e-01 4.204725921154022217e-01 -2.360693812370300293e-01 -3.818278014659881592e-01 6.407979726791381836e-01 -5.581848025321960449e-01 -6.770192831754684448e-02 -5.627198517322540283e-02 -2.594561688601970673e-02 -3.943354487419128418e-01 -2.947734594345092773e-01 5.848690271377563477e-01 5.432235822081565857e-02 2.832764387130737305e-01 -9.525241851806640625e-01 1.807967573404312134e-01 -2.794319577515125275e-02 -6.073098182678222656e-01 3.407850265502929688e-01 6.667957901954650879e-01 -4.815959036350250244e-01 2.704145014286041260e-01 1.463367044925689697e-01 4.010019823908805847e-02 -1.235548704862594604e-01 -3.043165504932403564e-01 5.180967971682548523e-02 -1.176619678735733032e-01 2.730226814746856689e-01 1.082828402519226074e+00 -2.049981206655502319e-01 2.588057219982147217e-01 -3.232151269912719727e-01 1.725285053253173828e-01 -5.218487977981567383e-01 1.729884594678878784e-01 1.686811074614524841e-02
-4.017469584941864014e-01 2.422480881214141846e-01 6.285080220550298691e-03 -1.899067461490631104e-01 -3.824936747550964355e-01 -5.677172541618347168e-01 1.635323017835617065e-01 -7.594397664070129395e-01 -1.046146228909492493e-01 4.708147048950195312e-02 3.732844591140747070e-01 -6.095317006111145020e-01 3.155352175235748291e-01 -2.082450985908508301e-01 1.441627591848373413e-01 3.114469349384307861e-01 2.787038683891296387e-01 -6.962390989065170288e-02 -1.167144551873207092e-01 8.083196282386779785e-01 -7.287574559450149536e-02 9.333347082138061523e-01 -4.031493365764617920e-01 -4.980729892849922180e-02 1.642045676708221436e-01 -2.094231694936752319e-01 -1.941687315702438354e-01 3.668343126773834229e-01 9.473969340324401855e-01 -1.260201334953308105e-01 6.590880155563354492e-01 -3.070197068154811859e-02 -2.087368667125701904e-01 -1.391895860433578491e-01 -5.234905481338500977e-01 -8.453299850225448608e-02 2.740052044391632080e-01 1.247780919075012207e-01 -6.623955368995666504e-01 1.216727644205093384e-01 -2.720989584922790527e-01 -2.580949962139129639e-01 -1.239717155694961548e-01 7.159954905509948730e-01 6.102584600448608398e-01 4.008906185626983643e-01 3.439396321773529053e-01 -6.693505048751831055e-01 -2.123958021402359009e-01 -3.223187625408172607e-01 -3.860836327075958252e-01 3.153178691864013672e-01 4.146873056888580322e-01 -5.786703824996948242e-01 -6.897940300405025482e-03 -2.003402858972549438e-01 2.458520531654357910e-01 6.521632075309753418e-01 -2.782998681068420410e-01 1.578914076089859009e-01 -4.307215809822082520e-01 -9.558274745941162109e-01 -7.942689061164855957e-01 1.726391538977622986e-02
9.806112200021743774e-02 -3.208743333816528320e-01 3.201569020748138428e-01 -5.390001088380813599e-02 9.428846836090087891e-02 -5.671427845954895020e-01 2.155414223670959473e-01 -6.313152909278869629e-01 -2.666644752025604248e-01 8.848083764314651489e-02 2.018772959709167480e-01 -2.767977416515350342e-01 -1.602911353111267090e-01 -2.078343927860260010e-01 1.532254815101623535e-01 8.968055844306945801e-01 -2.684044539928436279e-01 -1.359279900789260864e-01 -1.116370916366577148e+00 3.263468444347381592e-01 -4.549889639019966125e-02 1.007053852081298828e+00 -2.610046267509460449e-01 -3.893986344337463379e-01 -2.418927103281021118e-01 1.864273101091384888e-01 -9.221222996711730957e-01 1.805846989154815674e-01 3.897352218627929688e-01 -8.819440603256225586e-01 3.580016200430691242e-04 7.342113256454467773e-01 -5.214750766754150391e-01 4.744382202625274658e-01 2.498019188642501831e-01 2.822712622582912445e-02 1.878706812858581543e-01 3.490209877490997314e-01 2.581188976764678955e-01 -1.868038251996040344e-02 -5.337502807378768921e-03 -5.480448603630065918e-01 3.728524148464202881e-01 4.971987307071685791e-01 -2.940841019153594971e-01 9.200721979141235352e-03 -4.536392986774444580e-01 -5.417856574058532715e-01 1.313195377588272095e-02 5.904224514961242676e-01 6.742864847183227539e-03 -2.404957562685012817e-01 6.271185874938964844e-01 1.733285188674926758e-01 3.074407577514648438e-01 -2.542566359043121338e-01 4.788889586925506592e-01 1.707977801561355591e-02 -2.155459225177764893e-01 -1.121536269783973694e-02 2.113242000341415405e-01 1.080608665943145752e-01 1.563360095024108887e-01 2.781248688697814941e-01
3.906849622726440430e-01 -5.075551867485046387e-01 3.571798801422119141e-01 -2.364937812089920044e-01 5.625099409371614456e-03 -3.118881881237030029e-01 2.197347581386566162e-01 -5.395509004592895508e-01 -7.296510934829711914e-01 5.770248826593160629e-03 5.309426188468933105e-01 -8.144078254699707031e-01 -5.285986065864562988e-01 -1.850185096263885498e-01 7.514489293098449707e-01 3.732576966285705566e-01 -2.537743747234344482e-01 -4.249326586723327637e-01 2.283802181482315063e-01 4.755162596702575684e-01 -5.009143948554992676e-01 6.314041614532470703e-01 -9.407256245613098145e-01 -8.829444646835327148e-02 -3.684082925319671631e-01 7.939851284027099609e-01 -4.994103014469146729e-01 1.579907983541488647e-01 4.326183199882507324e-01 -7.067681550979614258e-01 1.984117776155471802e-01 -7.096877694129943848e-02 -2.660940587520599365e-01 -2.885973751544952393e-01 -5.139967203140258789e-01 6.097363829612731934e-01 -3.327150940895080566e-01 -9.052550047636032104e-02 4.607618451118469238e-01 -8.007182180881500244e-02 1.848606765270233154e-01 -7.447429895401000977e-01 -8.722899556159973145e-01 4.162949621677398682e-01 6.663138866424560547e-01 -2.019545733928680420e-01 5.930847525596618652e-01 -7.609592676162719727e-01 9.952973574399948120e-02 4.297264516353607178e-01 1.646527051925659180e-01 -4.455292820930480957e-01 -1.070728078484535217e-01 -4.753867685794830322e-01 -2.656901180744171143e-01 -9.737373590469360352e-01 -2.445943206548690796e-01 -3.093469738960266113e-01 -2.810393869876861572e-01 2.249310016632080078e-01 2.109848260879516602e-01 -2.563582062721252441e-01 -1.160996705293655396e-01 3.299262225627899170e-01
8.724440932273864746e-01 -3.512698113918304443e-01 -2.612179219722747803e-01 1.521836519241333008e-01 3.697829544544219971e-01 -6.977570652961730957e-01 5.105076432228088379e-01 -7.563570737838745117e-01 -6.276252269744873047e-01 -3.611963689327239990e-01 3.144710361957550049e-01 -7.472279071807861328e-01 -3.161043524742126465e-01 -6.103053316473960876e-02 3.324635326862335205e-01 1.947276294231414795e-01 -2.034696638584136963e-01 2.717382907867431641e-01 1.730325222015380859e-01 9.135462045669555664e-01 -2.358216941356658936e-01 9.091979265213012695e-01 -1.126388549804687500e+00 -8.090685307979583740e-02 4.521155357360839844e-01 6.934720873832702637e-01 -7.487727403640747070e-01 -1.625458300113677979e-01 7.541069388389587402e-02 -4.156358838081359863e-01 7.227042317390441895e-01 -1.036003008484840393e-01 2.670367062091827393e-01 1.356005948036909103e-02 -3.866665065288543701e-01 9.124010056257247925e-02 3.086851537227630615e-01 3.153477013111114502e-01 4.998007416725158691e-01 -2.719174027442932129e-01 2.443672344088554382e-02 -8.557517826557159424e-02 -3.024975061416625977e-01 -1.387387067079544067e-01 3.473701179027557373e-01 3.449622690677642822e-01 7.408135533332824707e-01 -6.202452182769775391e-01 4.998656213283538818e-01 3.843855857849121094e-01 4.093565046787261963e-02 -7.304795086383819580e-02 1.639853231608867645e-02 -3.838199973106384277e-01 -3.787163496017456055e-01 -4.769221842288970947e-01 -2.294350266456604004e-01 -1.270752251148223877e-01 -2.132484316825866699e-01 1.181960478425025940e-01 -6.531931459903717041e-02 -2.101018577814102173e-01 -6.691979169845581055e-01 -4.030052125453948975e-01
6.279827952384948730e-01 -3.572965860366821289e-01 -5.299009680747985840e-01 3.704610466957092285e-01 -3.976567685604095459e-01 -1.038152202963829041e-01 2.422177642583847046e-01 -4.735544919967651367e-01 -3.148528933525085449e-01 -5.536540970206260681e-02 7.705177664756774902e-01 -3.413304090499877930e-01 2.085667699575424194e-01 -7.242232561111450195e-01 -2.689236775040626526e-02 2.109076529741287231e-01 -1.075158640742301941e-01 -3.252834677696228027e-01 -2.797821462154388428e-01 9.537806510925292969e-01 -1.656043231487274170e-01 6.154479980468750000e-01 -2.827205657958984375e-01 1.576226800680160522e-01 -1.505555510520935059e-01 -5.691065788269042969e-01 -5.552580952644348145e-01 -4.391767084598541260e-02 5.594167485833168030e-02 5.111711099743843079e-02 -1.687452048063278198e-01 3.341643214225769043e-01 -2.000530660152435303e-01 2.915466725826263428e-01 -3.608875870704650879e-01 1.623139157891273499e-02 9.209747314453125000e-01 2.356700450181961060e-01 7.108914256095886230e-01 -2.056317329406738281e-01 1.449399292469024658e-01 -5.926110148429870605e-01 8.345193415880203247e-02 -3.652120232582092285e-01 2.785758078098297119e-01 8.774138689041137695e-01 6.610426902770996094e-01 -2.438507787883281708e-02 3.897461295127868652e-02 3.578241765499114990e-01 4.843645095825195312e-01 7.388916611671447754e-01 -2.424714416265487671e-01 1.394498944282531738e-01 2.370351552963256836e-01 2.691601030528545380e-02 4.524350762367248535e-01 -7.272337377071380615e-02 2.852965593338012695e-01 3.926832377910614014e-01 6.314704567193984985e-02 -5.487118959426879883e-01 -1.481247544288635254e-01 2.682665735483169556e-02
3.155514895915985107e-01 -5.892937779426574707e-01 1.190998777747154236e-01 -4.919455945491790771e-01 2.882230877876281738e-01 -6.580833792686462402e-01 4.514499604701995850e-01 -9.480307698249816895e-01 -3.357730433344841003e-02 -6.080727279186248779e-02 4.460896849632263184e-01 -5.754779577255249023e-01 8.198697865009307861e-02 -1.517271399497985840e-01 1.563593149185180664e-01 8.430936932563781738e-01 -4.827612638473510742e-02 1.204506680369377136e-01 -6.053279638290405273e-01 4.799635410308837891e-01 -4.059865772724151611e-01 8.705970644950866699e-01 -1.923267394304275513e-01 1.128144264221191406e-01 -7.261351495981216431e-02 -8.281955718994140625e-01 -8.633691817522048950e-02 -6.659625470638275146e-02 2.218754142522811890e-01 -7.735566794872283936e-02 -1.209922358393669128e-01 3.473711907863616943e-01 -1.168189048767089844e-01 -2.164354473352432251e-01 4.693331196904182434e-02 -8.650491386651992798e-02 2.662192285060882568e-01 1.567536294460296631e-01 6.108028292655944824e-01 -5.103731751441955566e-01 -8.782968670129776001e-02 1.985418237745761871e-02 -2.985902428627014160e-01 9.274030327796936035e-01 2.225507497787475586e-01 4.271736145019531250e-01 1.004771217703819275e-01 -3.521302640438079834e-01 6.286837160587310791e-02 1.105540320277214050e-01 -3.678707778453826904e-01 2.232373803853988647e-01 2.967124283313751221e-01 3.627102449536323547e-02 1.564672291278839111e-01 -4.751490429043769836e-03 3.525441586971282959e-01 6.483167875558137894e-03 -6.181707233190536499e-02 3.739526867866516113e-01 6.773571670055389404e-02 -4.356034100055694580e-01 1.086113005876541138e-01 -3.873126506805419922e-01
8.961980938911437988e-01 -9.200162440538406372e-02 2.268805205821990967e-01 -3.344593942165374756e-01 1.642995178699493408e-01 7.298275828361511230e-01 4.383505284786224365e-01 -4.201628863811492920e-01 -1.320985406637191772e-01 -2.051050402224063873e-02 4.495185315608978271e-01 2.818410694599151611e-01 2.305798046290874481e-02 -1.402923613786697388e-01 -5.645951032638549805e-01 2.354776412248611450e-01 -2.370587885379791260e-01 -1.073950231075286865e-01 -1.581550389528274536e-01 6.875686049461364746e-01 3.710150485858321190e-03 6.595304608345031738e-01 -2.691738307476043701e-01 -1.202056884765625000e+00 -2.889789342880249023e-01 -1.903446763753890991e-01 -9.584666490554809570e-01 2.569361627101898193e-01 1.874430477619171143e-01 -1.347113996744155884e-01 -5.855162739753723145e-01 -2.973214983940124512e-01 -8.163168430328369141e-01 4.269006848335266113e-01 4.388340115547180176e-01 -4.271738231182098389e-01 2.178107351064682007e-01 -1.283007115125656128e-01 1.850949376821517944e-01 -1.925162822008132935e-01 1.889443248510360718e-01 -2.222054600715637207e-01 -1.846111863851547241e-01 -2.652786672115325928e-01 -1.352375894784927368e-01 -3.225818276405334473e-01 1.274773329496383667e-01 -3.869934678077697754e-01 -4.027417004108428955e-01 -5.592597126960754395e-01 -1.073118820786476135e-01 -6.519352644681930542e-02 -3.343317508697509766e-01 1.883063912391662598e-01 1.147854551672935486e-01 3.018225133419036865e-01 3.403303325176239014e-01 -2.169865071773529053e-01 1.573137193918228149e-01 -3.078918755054473877e-01 -7.174953222274780273e-01 -3.252333700656890869e-01 -6.132050752639770508e-01 -4.641392529010772705e-01
6.992071121931076050e-02 2.239084988832473755e-01 -7.363181114196777344e-01 -3.013509698212146759e-02 -4.217000305652618408e-01 -5.603672862052917480e-01 1.129867672920227051e+00 -3.128147125244140625e-01 -4.728879332542419434e-01 -4.750787615776062012e-01 2.682097256183624268e-01 -8.811022639274597168e-01 -6.783167719841003418e-01 -5.421390533447265625e-01 6.408756971359252930e-01 -3.104273378849029541e-01 3.693625032901763916e-01 -2.167100310325622559e-01 -3.228260874748229980e-01 3.998124971985816956e-02 -6.839458346366882324e-01 7.398159503936767578e-01 5.264573693275451660e-01 -1.348505735397338867e+00 -3.948849439620971680e-01 8.142886757850646973e-01 2.037246674299240112e-01 -1.346289366483688354e-01 2.012144029140472412e-01 -7.374585866928100586e-01 1.933225095272064209e-01 -1.683015376329421997e-01 -5.142782330513000488e-01 3.080926537513732910e-01 -4.567576944828033447e-01 -3.543660342693328857e-01 4.517266452312469482e-01 1.462148785591125488e+00 3.376174271106719971e-01 9.651800990104675293e-02 -5.718220472335815430e-01 -2.914707958698272705e-01 -5.566958189010620117e-01 -4.275550842285156250e-01 1.688400357961654663e-01 7.879816293716430664e-01 7.119806408882141113e-01 -4.817722141742706299e-01 -1.790316402912139893e-01 6.292667984962463379e-02 2.627419233322143555e-01 -2.077210843563079834e-01 -4.649639129638671875e-02 4.678852558135986328e-01 -1.162014245986938477e+00 9.950128942728042603e-02 1.088696599006652832e+00 -6.176750659942626953e-01 -5.928668379783630371e-01 5.485082417726516724e-02 -1.113171815872192383e+00 -2.174466475844383240e-02 -1.137954741716384888e-01 -2.051169127225875854e-01
7.387641668319702148e-01 -4.262635707855224609e-01 3.096390068531036377e-01 4.768714308738708496e-01 -4.012925922870635986e-01 1.181378602981567383e+00 4.958263933658599854e-01 1.460535973310470581e-01 5.602706074714660645e-01 -3.368907049298286438e-02 2.158963531255722046e-01 -3.243214488029479980e-01 -3.927169442176818848e-01 -7.031483650207519531e-01 -4.359195232391357422e-01 -3.269400298595428467e-01 -7.183943986892700195e-01 -2.014631181955337524e-01 -4.365486502647399902e-01 7.717221379280090332e-01 -7.019904851913452148e-01 1.709616929292678833e-02 -1.871626451611518860e-02 -9.198076725006103516e-01 1.490337997674942017e-01 8.830215781927108765e-02 -7.747519016265869141e-01 -2.330310195684432983e-01 9.531454443931579590e-01 -4.858505725860595703e-01 2.499039620161056519e-01 -5.179206132888793945e-01 -4.627162814140319824e-01 -5.096029043197631836e-01 -5.718536376953125000e-01 -7.549364864826202393e-02 -3.048572838306427002e-01 3.421171009540557861e-01 6.521589756011962891e-01 -5.304228663444519043e-01 -5.199393033981323242e-01 -5.276957154273986816e-01 3.767092227935791016e-01 -3.810496628284454346e-01 2.302451729774475098e-01 6.306362152099609375e-01 1.110179275274276733e-01 -8.256306052207946777e-01 -7.122486829757690430e-01 4.282846152782440186e-01 -8.265427947044372559e-01 -2.641825675964355469e-01 4.791656434535980225e-01 -7.848313450813293457e-02 1.855459064245223999e-01 7.707392573356628418e-01 5.919315814971923828e-01 -3.939645290374755859e-01 -2.231409549713134766e-01 1.739545613527297974e-01 -1.181479573249816895e+00 -7.074543833732604980e-01 -4.114617109298706055e-01 -6.413199901580810547e-01
4.225377440452575684e-01 -2.954209148883819580e-01 -8.909317851066589355e-02 -2.639787197113037109e-01 8.055625110864639282e-02 -5.864396691322326660e-01 -8.389292657375335693e-02 -4.398397803306579590e-01 -8.659163862466812134e-02 7.142487913370132446e-02 -6.504749879240989685e-03 -5.014904141426086426e-01 -2.350408732891082764e-01 3.543792366981506348e-01 1.462744474411010742e-01 2.135784178972244263e-01 2.245202809572219849e-01 -1.633740402758121490e-02 -6.991902589797973633e-01 7.589251995086669922e-01 -3.046300411224365234e-01 5.548457503318786621e-01 3.459820449352264404e-01 -3.522074222564697266e-01 -5.176976919174194336e-01 1.072939112782478333e-01 -2.221943885087966919e-01 -3.187682926654815674e-01 1.249048206955194473e-02 -8.521697521209716797e-01 3.380428850650787354e-01 1.687576621770858765e-01 -9.083952903747558594e-01 2.366059720516204834e-01 5.501945614814758301e-01 6.768372654914855957e-02 -2.382305860519409180e-01 -2.269602715969085693e-01 -1.539361923933029175e-01 -8.873463869094848633e-01 -4.200560152530670166e-01 -2.851278483867645264e-01 6.417601704597473145e-01 1.875552982091903687e-01 -5.407732129096984863e-01 1.073360666632652283e-01 2.201402783393859863e-01 -6.869285702705383301e-01 -2.332356721162796021e-01 6.063098311424255371e-01 3.283289819955825806e-02 -4.748358428478240967e-01 4.316599071025848389e-01 7.505393773317337036e-02 6.097028031945228577e-03 -3.190053254365921021e-02 4.995073974132537842e-01 -3.548860847949981689e-01 -3.329737782478332520e-01 4.070883691310882568e-01 -4.522705450654029846e-02 -5.065385699272155762e-01 1.338022202253341675e-01 1.527623534202575684e-01
-1.260540336370468140e-01 -3.848881721496582031e-01 -1.139941215515136719e-01 3.308364450931549072e-01 -1.448860913515090942e-01 -5.487275868654251099e-02 3.960862457752227783e-01 3.467421233654022217e-01 2.262663245201110840e-01 -1.551693975925445557e-01 6.862984895706176758e-01 -1.728744357824325562e-01 -1.277972161769866943e-01 -3.285539448261260986e-01 -2.182835042476654053e-01 1.393732130527496338e-01 4.009278118610382080e-01 -6.123697757720947266e-01 -4.487844705581665039e-01 8.778465390205383301e-01 -4.275582134723663330e-01 3.345845937728881836e-01 -5.520646572113037109e-01 -1.435050368309020996e+00 -6.757615208625793457e-01 1.516447663307189941e-01 -4.712698161602020264e-01 -7.860196828842163086e-01 -6.095508337020874023e-01 -4.642941951751708984e-01 -7.145611196756362915e-02 3.483313918113708496e-01 -3.248649537563323975e-01 -5.725486874580383301e-01 1.805917918682098389e-01 -1.568069905042648315e-01 8.648430705070495605e-01 7.456171512603759766e-01 8.702695965766906738e-01 -2.622286379337310791e-01 -4.155851602554321289e-01 -2.786397039890289307e-01 -1.875942200422286987e-01 3.783216178417205811e-01 -7.150966557674109936e-04 1.015828609466552734e+00 -5.841496400535106659e-03 -3.146248683333396912e-02 -1.916978210210800171e-01 7.899150252342224121e-01 3.834460079669952393e-01 4.379941225051879883e-01 3.468835353851318359e-01 -4.090276658535003662e-01 6.098386049270629883e-01 -2.775386571884155273e-01 7.343897223472595215e-01 -1.113964840769767761e-01 -6.502814292907714844e-01 6.475751996040344238e-01 -4.679311811923980713e-01 -3.527601063251495361e-01 -1.261046886444091797e+00 9.608831405639648438e-01
4.770109653472900391e-01 -4.171931147575378418e-01 1.637734100222587585e-02 -2.417176961898803711e-01 -1.082203835248947144e-01 -6.780830621719360352e-01 4.176966249942779541e-01 -4.101090133190155029e-01 4.290758073329925537e-02 -3.663385286927223206e-03 8.045930266380310059e-01 -2.553299069404602051e-01 4.009733498096466064e-01 -2.167155146598815918e-01 5.139791965484619141e-01 3.833907246589660645e-01 -2.333819121122360229e-01 -4.338206648826599121e-01 1.597008407115936279e-01 7.778726220130920410e-01 -2.125255763530731201e-01 6.957067251205444336e-01 -7.098171114921569824e-01 1.859749704599380493e-01 2.262186259031295776e-02 4.855118691921234131e-02 -4.757343828678131104e-01 -3.885671794414520264e-01 5.981764197349548340e-01 4.923374354839324951e-01 3.894746899604797363e-01 1.884234547615051270e-01 3.148246407508850098e-01 1.482265293598175049e-01 -2.544801831245422363e-01 3.440029919147491455e-02 4.722059667110443115e-01 4.619504213333129883e-01 2.224864214658737183e-01 -3.776535391807556152e-01 -4.792664647102355957e-01 -1.976129226386547089e-02 -2.700028941035270691e-02 2.288244813680648804e-01 6.232370138168334961e-01 1.248010620474815369e-01 7.339618802070617676e-01 -3.783107101917266846e-01 1.812601983547210693e-01 7.137525081634521484e-01 5.498381704092025757e-02 6.107594370841979980e-01 -2.452999167144298553e-02 -3.522561192512512207e-01 2.086712121963500977e-01 -2.532137334346771240e-01 2.421811372041702271e-01 -5.902025103569030762e-02 -9.973700344562530518e-02 4.410995841026306152e-01 -3.127751946449279785e-01 -7.312163710594177246e-01 -4.588125050067901611e-01 -3.149172067642211914e-01
3.137332201004028320e-02 -7.961787283420562744e-02 -5.505102276802062988e-01 -9.215291589498519897e-02 -6.033580377697944641e-02 -1.887474656105041504e-01 -7.245235145092010498e-02 -6.467251777648925781e-01 -4.297401309013366699e-01 2.933412194252014160e-01 1.211459517478942871e+00 -3.077253885567188263e-02 9.250774234533309937e-02 -3.963567912578582764e-01 4.356617629528045654e-01 3.800806105136871338e-01 1.046027839183807373e-01 -3.540767431259155273e-01 -4.765762090682983398e-01 9.228919744491577148e-01 -6.407186388969421387e-01 8.076881766319274902e-01 -4.643613994121551514e-01 1.741668730974197388e-01 1.021185889840126038e-02 -4.883927479386329651e-02 -1.996706239879131317e-02 8.505430817604064941e-02 5.030087232589721680e-01 6.637688726186752319e-02 4.018011093139648438e-01 -2.536689043045043945e-01 -6.751332432031631470e-02 -1.114559397101402283e-01 -5.718325376510620117e-01 -2.363636642694473267e-01 3.408077061176300049e-01 2.166601866483688354e-01 6.208837032318115234e-01 -1.258587986230850220e-01 -6.367704272270202637e-01 -2.447251975536346436e-01 -3.443424701690673828e-01 2.774026095867156982e-01 3.275483548641204834e-01 4.982521831989288330e-01 6.265992522239685059e-01 -2.671165168285369873e-01 4.868333339691162109e-01 1.959905326366424561e-01 -4.783443734049797058e-02 5.638678669929504395e-01 2.246896922588348389e-01 -1.818391683627851307e-05 4.111072123050689697e-01 -3.973836302757263184e-01 1.343407481908798218e-01 -2.270923852920532227e-01 2.116792947053909302e-01 5.738557577133178711e-01 -1.239290162920951843e-01 -5.966622829437255859e-01 -2.293898761272430420e-01 -4.041366279125213623e-01
-4.049601852893829346e-01 -2.646523416042327881e-01 -1.050184607505798340e+00 -3.715944588184356689e-01 -4.638288915157318115e-01 3.872646763920783997e-02 3.311797976493835449e-01 -4.631337821483612061e-01 -1.774180382490158081e-01 3.750999569892883301e-01 1.764910519123077393e-01 -1.106773734092712402e+00 4.293075203895568848e-01 -9.542627334594726562e-01 1.890584677457809448e-01 7.379809021949768066e-01 5.318548679351806641e-01 -7.438149303197860718e-02 4.256095588207244873e-01 4.107847511768341064e-01 -8.733927607536315918e-01 8.152402639389038086e-01 -5.476471781730651855e-01 -1.477493762969970703e+00 7.016726732254028320e-01 3.426716104149818420e-02 -9.888288378715515137e-01 -1.361582279205322266e-01 1.570967286825180054e-01 8.167273551225662231e-02 -8.323139697313308716e-02 6.232806444168090820e-01 -8.456189036369323730e-01 3.481585979461669922e-01 -7.928698062896728516e-01 3.542585670948028564e-01 -3.408783972263336182e-01 3.389380276203155518e-01 7.063186168670654297e-01 2.231613397598266602e-01 -7.590992450714111328e-01 -5.300105735659599304e-02 2.022744864225387573e-01 -2.168106883764266968e-01 -2.806229591369628906e-01 1.326653808355331421e-01 -3.489890694618225098e-01 2.370945662260055542e-01 -6.472910940647125244e-02 8.992257714271545410e-01 1.015008330345153809e+00 -6.751611828804016113e-01 -1.000872403383255005e-01 -5.672759190201759338e-02 -3.387989997863769531e-01 -3.352600038051605225e-01 5.325658321380615234e-01 -6.471276879310607910e-01 -8.780505061149597168e-01 9.841516613960266113e-02 -2.261561304330825806e-01 -8.023033738136291504e-01 -1.230782985687255859e+00 -5.999615192413330078e-01
3.427223563194274902e-01 -2.972762286663055420e-01 -5.270881652832031250e-01 1.769799888134002686e-01 1.644264310598373413e-01 -4.123474359512329102e-01 3.575590848922729492e-01 -5.869247913360595703e-01 -3.691818118095397949e-01 -2.951761484146118164e-01 3.805761337280273438e-01 -4.220051765441894531e-01 -6.891775131225585938e-02 2.193290889263153076e-01 5.755246877670288086e-01 1.028895303606987000e-01 -3.180181086063385010e-01 3.260688781738281250e-01 -9.998416900634765625e-02 1.098649501800537109e+00 2.568819746375083923e-02 9.825121760368347168e-01 -7.939915060997009277e-01 -4.761764407157897949e-02 -2.266113013029098511e-01 2.906666100025177002e-01 -8.834680169820785522e-02 -1.101792529225349426e-01 4.213891625404357910e-01 -7.575875520706176758e-02 2.542066872119903564e-01 2.062181979417800903e-01 5.994702875614166260e-02 1.811051070690155029e-01 -6.510913372039794922e-01 1.721374988555908203e-01 2.258562892675399780e-01 6.128693465143442154e-03 4.982543587684631348e-01 -5.067619681358337402e-01 -4.316741228103637695e-01 -6.245740652084350586e-01 -5.230663418769836426e-01 9.238874167203903198e-02 4.851112067699432373e-01 3.430731892585754395e-01 7.053471803665161133e-01 -1.075483858585357666e-01 2.933239042758941650e-01 3.390297591686248779e-01 2.004596292972564697e-01 4.719156324863433838e-01 -8.187895268201828003e-02 -5.664579868316650391e-01 2.005042731761932373e-01 -3.760609328746795654e-01 4.650213196873664856e-02 -1.954334080219268799e-01 6.845406442880630493e-02 6.820076107978820801e-01 -3.437745869159698486e-01 -5.830512642860412598e-01 -3.350702822208404541e-01 -2.532263696193695068e-01
-2.349108010530471802e-01 -3.097222149372100830e-01 3.357783555984497070e-01 -3.048318922519683838e-01 -6.904762983322143555e-02 -1.303451359272003174e-01 2.914078067988157272e-03 -3.686703741550445557e-01 1.611219346523284912e-01 8.019861578941345215e-02 3.292613849043846130e-02 4.677546024322509766e-02 -2.158524692058563232e-01 3.188974410295486450e-02 -1.407030671834945679e-01 3.954074382781982422e-01 4.021464288234710693e-01 -3.704890906810760498e-01 -7.829103469848632812e-01 7.681968808174133301e-01 -5.016037225723266602e-01 -1.007510423660278320e-01 -3.674924075603485107e-01 -5.247840881347656250e-01 -5.710516571998596191e-01 1.259703636169433594e-01 -3.920962214469909668e-01 1.095531582832336426e-01 -1.019839495420455933e-01 -3.277034163475036621e-01 9.121846556663513184e-01 -1.637548208236694336e-01 -5.529726147651672363e-01 3.115105032920837402e-01 2.615057826042175293e-01 -3.404491543769836426e-01 -1.883263885974884033e-02 -4.683643877506256104e-01 1.792663186788558960e-01 -4.120092391967773438e-01 -7.174096703529357910e-01 3.014423139393329620e-02 3.700773715972900391e-01 4.614290297031402588e-01 -5.445498824119567871e-01 -6.100291013717651367e-02 9.422261714935302734e-01 -2.358503937721252441e-01 -4.751590788364410400e-01 1.022972428472712636e-04 1.295079141855239868e-01 3.013539016246795654e-01 -2.660204172134399414e-01 -6.199404224753379822e-02 -7.821540534496307373e-02 3.437377139925956726e-02 8.969745635986328125e-01 -6.059131622314453125e-01 -4.357602000236511230e-01 5.004194378852844238e-01 -5.633674860000610352e-01 -5.906067490577697754e-01 -1.090010404586791992e+00 -3.717643767595291138e-02
5.892441868782043457e-01 4.300033450126647949e-01 -9.485123157501220703e-01 -7.035834193229675293e-01 4.220605790615081787e-01 8.281724900007247925e-02 1.058219552040100098e+00 2.620770782232284546e-02 2.528931200504302979e-01 -9.092910885810852051e-01 1.592928171157836914e+00 -1.578447222709655762e+00 -1.983969509601593018e-01 -4.398048389703035355e-03 -5.939022898674011230e-01 2.480920404195785522e-01 -2.714487314224243164e-01 -6.570094227790832520e-01 -1.616112142801284790e-01 4.342661499977111816e-01 -1.003386855125427246e+00 1.151847958564758301e+00 -2.672920823097229004e-01 -7.374539971351623535e-01 5.251818299293518066e-01 4.658498167991638184e-01 -1.044841408729553223e+00 -1.042740568518638611e-01 1.644015163183212280e-01 -1.769158691167831421e-01 2.637911736965179443e-01 3.263209164142608643e-01 -1.542035397142171860e-02 -7.190754413604736328e-01 1.489219814538955688e-01 2.266116738319396973e-01 1.105899691581726074e+00 1.887942701578140259e-01 -3.012691736221313477e-01 -2.425942569971084595e-01 -1.035804033279418945e+00 -1.053178310394287109e+00 -2.715146243572235107e-01 -2.941969633102416992e-01 -6.059891581535339355e-01 -1.413319706916809082e-01 1.439986974000930786e-01 -6.570348143577575684e-01 1.688996329903602600e-03 2.962575554847717285e-01 9.134867787361145020e-01 -5.896533280611038208e-02 6.289533376693725586e-01 4.960899651050567627e-01 7.722090482711791992e-01 6.690537929534912109e-01 8.100371062755584717e-02 -5.828871726989746094e-01 -1.543895959854125977e+00 2.017903774976730347e-01 -9.262303709983825684e-01 -2.155801355838775635e-01 -6.952060461044311523e-01 -1.392968744039535522e-01
-1.114804372191429138e-01 -5.578208565711975098e-01 -2.924422919750213623e-01 -5.509049892425537109e-01 -1.161578148603439331e-01 -4.616970121860504150e-01 9.454404003918170929e-03 -8.662494421005249023e-01 2.162614762783050537e-01 -4.655862972140312195e-02 -1.415871456265449524e-02 -6.286868453025817871e-01 -9.957273304462432861e-02 -2.949052453041076660e-01 -1.623252928256988525e-01 3.324642311781644821e-03 7.265694737434387207e-01 -3.485622406005859375e-01 -1.166373133659362793e+00 1.118298411369323730e+00 -2.547070384025573730e-01 2.945132553577423096e-01 2.279225885868072510e-01 -8.425840735435485840e-01 -2.927762866020202637e-01 7.111506462097167969e-01 -3.641173243522644043e-01 2.834645798429846764e-03 -3.242210149765014648e-01 -1.979688256978988647e-01 1.101745724678039551e+00 -1.057571247220039368e-01 -7.143705487251281738e-01 -4.565377831459045410e-01 8.878302574157714844e-02 -4.593636393547058105e-01 -3.439802825450897217e-01 -6.160983443260192871e-01 -2.530756965279579163e-02 -3.125616908073425293e-01 -3.300060033798217773e-01 -5.067503452301025391e-01 5.767080187797546387e-01 3.228256702423095703e-01 -3.349257409572601318e-01 -2.398237287998199463e-01 -8.778753108344972134e-04 -3.578494191169738770e-01 -5.865262746810913086e-01 8.030980080366134644e-02 -1.097494643181562424e-02 -7.861328125000000000e-02 -1.195662096142768860e-01 -8.403426408767700195e-02 -2.796309888362884521e-01 -1.539311837404966354e-02 5.671994090080261230e-01 -8.285767436027526855e-01 -6.777647137641906738e-01 4.339253902435302734e-01 -3.418710231781005859e-01 -4.594461023807525635e-01 -7.121050357818603516e-01 1.946398317813873291e-01
3.302807509899139404e-01 -4.901089668273925781e-01 -4.612084031105041504e-01 -7.426582276821136475e-02 2.028890550136566162e-01 -7.568634152412414551e-01 6.522506475448608398e-01 -7.308065891265869141e-01 -2.657501399517059326e-02 1.551622599363327026e-01 7.874377369880676270e-01 -1.538144946098327637e-01 -8.863397873938083649e-03 -1.845040768384933472e-01 4.775342941284179688e-01 4.576478004455566406e-01 -2.692387998104095459e-01 2.741612493991851807e-01 -7.168536186218261719e-01 8.792818784713745117e-01 8.807037025690078735e-02 4.297554194927215576e-01 -4.839800298213958740e-01 3.940666317939758301e-01 -3.892042338848114014e-01 -1.062629371881484985e-01 -2.414748966693878174e-01 -5.234933644533157349e-02 1.917781382799148560e-01 -3.073439300060272217e-01 -2.849694574251770973e-03 6.134718656539916992e-02 3.208672106266021729e-01 -3.262426331639289856e-02 -2.617645263671875000e-01 -5.348149538040161133e-01 4.976636469364166260e-01 1.031684130430221558e-01 4.625120759010314941e-01 -5.924021080136299133e-02 -1.208763346076011658e-01 4.767488315701484680e-02 -8.578047156333923340e-03 3.147771358489990234e-01 1.699856668710708618e-01 3.646253645420074463e-01 3.034122586250305176e-01 -1.007003188133239746e+00 2.150793820619583130e-01 4.364626482129096985e-02 1.085787788033485413e-01 1.728612929582595825e-01 2.306113541126251221e-01 2.282154411077499390e-01 2.636737823486328125e-01 -1.723167002201080322e-01 4.155296087265014648e-01 -1.714002043008804321e-01 3.887450695037841797e-02 3.343621790409088135e-01 6.854180991649627686e-02 -6.398468613624572754e-01 2.104499749839305878e-02 3.366289311088621616e-04
5.044388771057128906e-01 -5.560571551322937012e-01 -3.771361410617828369e-01 1.359352562576532364e-02 3.055443763732910156e-01 -5.898379683494567871e-01 7.690244913101196289e-01 -5.201035737991333008e-01 -1.617531925439834595e-01 2.495736330747604370e-01 2.033089548349380493e-01 -2.596622109413146973e-01 -2.076735347509384155e-01 -2.540841512382030487e-02 -2.164977341890335083e-01 8.905839323997497559e-01 2.052053213119506836e-01 1.269597746431827545e-02 -4.279743134975433350e-01 1.084562540054321289e+00 -3.119685947895050049e-01 7.374101281166076660e-01 -8.180473744869232178e-02 -2.458963096141815186e-01 -1.190109401941299438e-01 -6.307370066642761230e-01 -2.069248706102371216e-01 1.802163571119308472e-02 4.568509757518768311e-01 -3.271923661231994629e-01 -2.509260177612304688e-01 5.407532453536987305e-01 1.170853432267904282e-02 1.226614043116569519e-01 -1.691447347402572632e-01 -5.341584086418151855e-01 -3.655664920806884766e-01 -9.794406592845916748e-02 4.119858145713806152e-01 6.429111957550048828e-02 -1.708804517984390259e-01 -2.167519778013229370e-01 -2.790792286396026611e-02 1.392989605665206909e-01 -1.120533198118209839e-01 3.525064326822757721e-03 4.524403214454650879e-01 -7.014629244804382324e-01 2.599723935127258301e-01 2.380332350730895996e-01 -1.759523302316665649e-01 7.315069437026977539e-02 4.247204065322875977e-01 1.694710701704025269e-01 1.420948952436447144e-01 4.400097727775573730e-01 3.353697061538696289e-01 -3.276747465133666992e-01 -3.807214275002479553e-02 3.788363561034202576e-02 -1.742766201496124268e-01 -3.637036085128784180e-01 3.155940175056457520e-01 -1.708800643682479858e-01
1.526995301246643066e-01 -8.410037755966186523e-01 1.412216722965240479e-01 6.728201359510421753e-02 3.054813146591186523e-01 -3.837076723575592041e-01 7.992658615112304688e-01 -3.510619699954986572e-01 -1.306204497814178467e-01 4.629234075546264648e-01 -2.530771791934967041e-01 -1.010202020406723022e-01 -1.746757626533508301e-01 -2.033621817827224731e-01 5.832059383392333984e-01 7.217559814453125000e-01 3.562272489070892334e-01 -6.677558273077011108e-02 -7.742428779602050781e-01 4.941060841083526611e-01 -3.511880934238433838e-01 9.276427626609802246e-01 2.001801431179046631e-01 -1.509336680173873901e-01 -1.335651278495788574e-01 -8.199131488800048828e-02 -3.646755814552307129e-01 6.387270521372556686e-03 1.825208067893981934e-01 -8.551518917083740234e-01 -5.583833456039428711e-01 7.319039106369018555e-02 -3.384564816951751709e-01 1.390951424837112427e-01 -2.566396072506904602e-02 -2.875379323959350586e-01 -2.798696421086788177e-02 -3.897582739591598511e-02 3.144020736217498779e-01 -5.372868776321411133e-01 1.121780462563037872e-02 -4.707171320915222168e-01 2.230750322341918945e-01 6.571125984191894531e-01 1.386425197124481201e-01 -4.358738288283348083e-02 6.645704805850982666e-02 -7.128534317016601562e-01 1.314951479434967041e-01 3.265450596809387207e-01 7.397044915705919266e-03 -2.585073411464691162e-01 8.413819074630737305e-01 -1.689954549074172974e-01 4.483899176120758057e-01 2.351180166006088257e-01 1.528079956769943237e-01 -2.036898285150527954e-01 -3.239907622337341309e-01 -1.137239858508110046e-01 -3.412149250507354736e-01 -4.397859051823616028e-02 -8.703006803989410400e-02 -2.426137328147888184e-01
1.321320142596960068e-02 -2.942317724227905273e-01 -7.390112429857254028e-02 -4.117490649223327637e-01 -1.554851233959197998e-01 -4.453532695770263672e-01 3.422858417034149170e-01 -6.382474303245544434e-01 4.654469788074493408e-01 -1.167388781905174255e-01 -2.868175506591796875e-01 -5.345064997673034668e-01 -3.979291021823883057e-01 -3.779425919055938721e-01 -1.446120738983154297e-01 3.893983662128448486e-01 6.625538468360900879e-01 -2.198518514633178711e-01 -6.674086451530456543e-01 1.152975320816040039e+00 -6.812942624092102051e-01 4.253503680229187012e-01 -1.691523045301437378e-01 -5.581813454627990723e-01 -1.613821238279342651e-01 8.245237469673156738e-01 -3.345434665679931641e-01 -3.042260941583663225e-04 -3.404225707054138184e-01 -2.518755793571472168e-01 7.716158628463745117e-01 6.073499098420143127e-02 -3.578884303569793701e-01 -1.053140088915824890e-01 3.040900528430938721e-01 -5.136529803276062012e-01 -4.250018298625946045e-01 -4.220549464225769043e-01 -1.166794896125793457e-01 -9.203691482543945312e-01 -5.338320136070251465e-01 -2.056366950273513794e-01 3.795432448387145996e-01 2.507720291614532471e-01 -1.113914966583251953e+00 -1.476947963237762451e-01 3.447107076644897461e-01 -1.118690967559814453e-01 -7.269001603126525879e-01 2.277945280075073242e-01 2.652232348918914795e-01 -1.563769131898880005e-01 -2.968236804008483887e-01 -2.978761494159698486e-01 2.050553858280181885e-01 -1.028323918581008911e-01 7.472851276397705078e-01 -5.750861763954162598e-01 -5.885606408119201660e-01 4.627505540847778320e-01 -2.338079065084457397e-01 -7.814524769783020020e-01 -6.050286889076232910e-01 1.380409598350524902e-01
-2.806313037872314453e-01 3.157853782176971436e-01 -5.433108210563659668e-01 -6.435157060623168945e-01 -5.789843201637268066e-01 9.410606622695922852e-01 8.564636707305908203e-01 -1.241507604718208313e-01 1.663419604301452637e-01 -1.712358295917510986e-01 1.716918706893920898e+00 -8.642073869705200195e-01 2.254388034343719482e-01 -6.062926054000854492e-01 1.606749534606933594e+00 1.638513445854187012e+00 9.777706265449523926e-01 -7.074934840202331543e-01 -4.348839521408081055e-01 -2.056699842214584351e-01 1.724524348974227905e-01 2.284526377916336060e-01 -8.451299667358398438e-01 -6.441907286643981934e-01 -3.620417416095733643e-01 8.989783525466918945e-01 -1.343109369277954102e+00 2.442582547664642334e-01 6.657875180244445801e-01 -7.532978057861328125e-01 1.923976838588714600e-01 -4.540143907070159912e-02 -5.466021597385406494e-02 1.415771096944808960e-01 -1.262857794761657715e+00 2.201037555932998657e-01 6.606747508049011230e-01 6.360015273094177246e-01 1.796726137399673462e-01 -5.287824869155883789e-01 -8.145171999931335449e-01 -8.827806264162063599e-02 -2.393491007387638092e-02 -8.998523652553558350e-02 -5.604525208473205566e-01 5.856965184211730957e-01 6.125020384788513184e-01 -6.253083348274230957e-01 -5.999849438667297363e-01 6.201324462890625000e-01 -8.270692825317382812e-01 -1.367666840553283691e+00 -2.734386324882507324e-01 3.662400841712951660e-01 5.148703455924987793e-01 -4.178678095340728760e-01 1.011912465095520020e+00 -3.022204339504241943e-01 -2.137374132871627808e-01 -1.993592232465744019e-01 -1.588609099388122559e+00 -9.988480210304260254e-01 -1.319455027580261230e+00 -1.800453811883926392e-01
-1.555194258689880371e-01 -1.962176412343978882e-01 2.656485438346862793e-01 6.091818213462829590e-01 -2.448241263628005981e-01 -1.392352283000946045e-01 4.388092160224914551e-01 -4.692049324512481689e-01 -1.942705810070037842e-01 -1.703283339738845825e-01 3.406155705451965332e-01 -7.500340938568115234e-01 1.683312356472015381e-01 -4.883084297180175781e-01 4.815099537372589111e-01 2.493418902158737183e-01 3.375289142131805420e-01 -5.945851281285285950e-02 -3.250581622123718262e-01 1.017836093902587891e+00 -5.704222917556762695e-01 8.837571144104003906e-01 -5.114570260047912598e-01 -5.230210423469543457e-01 -5.972630381584167480e-01 1.979487575590610504e-02 -4.849968254566192627e-01 -6.987442374229431152e-01 -6.402105838060379028e-02 -8.590965718030929565e-02 -1.332342475652694702e-01 -1.028668433427810669e-01 -5.271955132484436035e-01 -1.927790194749832153e-01 2.937605679035186768e-01 2.381295152008533478e-02 6.330344676971435547e-01 5.364413261413574219e-01 4.587746560573577881e-01 -4.256857037544250488e-01 3.842570483684539795e-01 -4.245674908161163330e-01 5.309209823608398438e-01 3.949777483940124512e-01 3.127854168415069580e-01 7.433347702026367188e-01 -3.810784816741943359e-01 -3.239941895008087158e-01 -1.283610910177230835e-01 6.136375665664672852e-01 3.633931651711463928e-02 -1.595574915409088135e-01 1.242423355579376221e-01 8.970078080892562866e-02 8.584750294685363770e-01 -1.403746306896209717e-01 9.201790392398834229e-02 1.164340749382972717e-01 -3.239565491676330566e-01 4.109885394573211670e-01 -5.684266239404678345e-02 -4.023170769214630127e-01 1.248404197394847870e-02 7.670481801033020020e-01
1.345986127853393555e+00 -3.195547759532928467e-01 -1.328575313091278076e-01 -2.891253232955932617e-01 -1.578290313482284546e-01 -2.323925942182540894e-01 5.160981416702270508e-01 1.141011193394660950e-01 3.312692940235137939e-01 -4.805450737476348877e-01 4.038584828376770020e-01 -4.680027365684509277e-01 -6.422656029462814331e-02 1.920724809169769287e-01 8.707586526870727539e-01 7.060603499412536621e-01 2.909708023071289062e-01 -1.152263283729553223e+00 -7.830617949366569519e-03 4.520531594753265381e-01 -6.685506701469421387e-01 1.972831226885318756e-02 -5.981900691986083984e-01 -1.312700867652893066e+00 -6.128321290016174316e-01 6.473552584648132324e-01 -9.240606427192687988e-02 -1.670061945915222168e-01 2.932413518428802490e-01 -2.094230502843856812e-01 6.533455103635787964e-02 3.669431805610656738e-02 -5.796045064926147461e-01 2.615725696086883545e-01 -1.074052214622497559e+00 2.256499528884887695e-01 -2.261797636747360229e-01 2.114645242691040039e-01 2.234331369400024414e-01 -1.098994389176368713e-01 -4.115853309631347656e-01 4.403439760208129883e-01 -7.686020135879516602e-01 -2.056765258312225342e-01 3.603081405162811279e-02 -3.667721152305603027e-01 -4.545717835426330566e-01 4.643363133072853088e-02 -5.142577290534973145e-01 -4.022372364997863770e-01 -8.714040741324424744e-03 -2.318915575742721558e-01 4.720020294189453125e-01 1.900485455989837646e-01 5.474886298179626465e-01 -1.511196047067642212e-01 5.665581226348876953e-01 1.068303920328617096e-02 -6.115834712982177734e-01 -5.882689356803894043e-01 -2.553544193506240845e-02 -7.964793443679809570e-01 -8.870990872383117676e-01 -2.545903921127319336e-01
7.445335984230041504e-01 -1.649840354919433594e+00 -2.515955567359924316e-01 -2.231760919094085693e-01 -2.253693193197250366e-01 -6.596586704254150391e-01 1.882014721632003784e-01 -2.048477232456207275e-01 8.273106813430786133e-01 -2.847541868686676025e-01 -1.373589634895324707e-01 -7.583700418472290039e-01 -3.369936347007751465e-01 -1.508490324020385742e+00 1.256732583045959473e+00 8.522365093231201172e-01 -7.732557654380798340e-01 -2.547043561935424805e-01 3.032316863536834717e-01 1.457864344120025635e-01 -6.875702142715454102e-01 5.441850423812866211e-01 2.652651965618133545e-01 -7.733765244483947754e-01 -1.526804566383361816e-01 5.486363768577575684e-01 -3.326613903045654297e-01 -1.510673314332962036e-01 -1.638002544641494751e-01 -2.208023369312286377e-01 -3.980378806591033936e-01 6.967177987098693848e-01 -1.151207685470581055e+00 2.262539416551589966e-01 -7.116315364837646484e-01 2.347356081008911133e-01 4.233639538288116455e-01 1.587410867214202881e-01 6.746997833251953125e-01 -3.115996718406677246e-01 -3.384148478507995605e-01 1.212113946676254272e-01 -8.325722217559814453e-01 3.773571550846099854e-01 -1.079405903816223145e+00 1.006898999214172363e+00 1.266868263483047485e-01 -3.462672233581542969e-01 -2.483030408620834351e-01 5.963858366012573242e-01 -2.207400649785995483e-01 -5.834657549858093262e-01 -7.813436388969421387e-01 1.262588705867528915e-02 -3.368235230445861816e-01 -6.519255638122558594e-01 2.236610352993011475e-01 -1.388889849185943604e-01 -4.783646762371063232e-01 3.608815670013427734e-01 -1.193367362022399902e+00 -1.216624617576599121e+00 -1.631512880325317383e+00 5.122891440987586975e-02
2.313233911991119385e-01 -5.212385058403015137e-01 -6.741713881492614746e-01 1.108178868889808655e-01 -1.580342054367065430e-01 5.314315482974052429e-02 -1.080094948410987854e-01 -3.635335564613342285e-01 -4.772147908806800842e-02 5.880076289176940918e-01 1.962850242853164673e-01 -6.694871187210083008e-01 -2.012024223804473877e-01 -1.045307159423828125e+00 3.028732910752296448e-02 3.455037772655487061e-01 5.822533369064331055e-01 -5.312135219573974609e-01 8.809088170528411865e-02 6.586819887161254883e-01 -9.960229396820068359e-01 9.648072123527526855e-01 -2.679050564765930176e-01 -1.401600122451782227e+00 7.140835523605346680e-01 3.165237605571746826e-01 -3.993509709835052490e-01 -2.201873511075973511e-01 -1.731393039226531982e-01 2.817876935005187988e-01 -2.192430049180984497e-01 8.749200105667114258e-01 -1.192955017089843750e+00 3.400283157825469971e-01 -9.384307265281677246e-01 2.778148651123046875e-01 -3.349491655826568604e-01 4.918670058250427246e-01 5.338993668556213379e-01 1.264737397432327271e-01 -1.128438472747802734e+00 -4.174192845821380615e-01 -1.107307076454162598e-01 1.418655216693878174e-01 1.063890829682350159e-01 1.334151476621627808e-01 -4.169580936431884766e-01 -1.590390130877494812e-02 -5.626390576362609863e-01 1.111268401145935059e+00 9.553973078727722168e-01 -5.283948779106140137e-01 -3.475389778614044189e-01 -2.778861522674560547e-01 -4.953737556934356689e-01 4.060935229063034058e-02 4.832344949245452881e-01 -5.047491192817687988e-01 -2.982414960861206055e-01 -3.536091744899749756e-01 -1.662395149469375610e-01 -9.637096524238586426e-01 -1.241815090179443359e+00 -1.098256349563598633e+00
8.526399135589599609e-01 -8.104315996170043945e-01 -2.284886538982391357e-01 -7.358467578887939453e-01 -5.455195307731628418e-01 -4.677162468433380127e-01 5.650581717491149902e-01 -7.592759728431701660e-01 4.769925400614738464e-02 -2.277849316596984863e-01 5.962167382240295410e-01 -6.057546138763427734e-01 6.433621644973754883e-01 -4.795680046081542969e-01 8.357795327901840210e-02 2.485360801219940186e-01 1.266844570636749268e-01 -2.843499183654785156e-01 -4.612461924552917480e-01 6.688854098320007324e-01 -2.092320472002029419e-01 5.578396916389465332e-01 -3.793714940547943115e-01 -1.923635900020599365e-01 -3.047241866588592529e-01 -5.132615566253662109e-01 2.241527885198593140e-01 -2.455436289310455322e-01 1.908663064241409302e-01 3.472150266170501709e-01 3.295094668865203857e-01 4.496474564075469971e-01 3.302415013313293457e-01 7.000189274549484253e-02 -6.021229624748229980e-01 4.823645353317260742e-01 7.494117617607116699e-01 1.107689380645751953e+00 3.616686761379241943e-01 -7.123762369155883789e-02 -1.836177706718444824e-01 -4.012875258922576904e-01 -4.560132026672363281e-01 2.132906913757324219e-01 3.495059013366699219e-01 2.318465337157249451e-02 5.737377405166625977e-01 -6.323032379150390625e-01 -1.734415292739868164e-01 6.800475120544433594e-01 1.370327472686767578e-01 4.822124838829040527e-01 -2.613998055458068848e-01 7.509154081344604492e-02 7.650602608919143677e-02 3.171434402465820312e-01 1.151840686798095703e-01 -2.626262605190277100e-01 1.457280218601226807e-01 5.714765787124633789e-01 -3.210189640522003174e-01 -2.216003090143203735e-01 -9.272506833076477051e-01 -6.386879086494445801e-01
-4.109803959727287292e-02 -7.431720197200775146e-02 -5.332921743392944336e-01 4.288880527019500732e-01 -4.400773048400878906e-01 -2.206314057111740112e-01 1.082220315933227539e+00 3.908270597457885742e-01 -2.345400154590606689e-01 -9.740570187568664551e-01 7.710950970649719238e-01 -1.852368265390396118e-01 9.909249097108840942e-02 -5.374237895011901855e-01 2.744318917393684387e-02 7.351112365722656250e-02 -3.257741918787360191e-03 -8.459687232971191406e-02 2.073421329259872437e-01 1.083432435989379883e+00 -8.723514080047607422e-01 6.358800530433654785e-01 2.381094545125961304e-01 -6.762014031410217285e-01 1.720221489667892456e-01 7.063078284263610840e-01 -5.499030351638793945e-01 -1.190173327922821045e-01 6.057068109512329102e-01 -1.324146091938018799e-01 6.214734911918640137e-01 1.981272697448730469e-01 -5.697494149208068848e-01 -4.883504211902618408e-01 -2.222403138875961304e-01 6.329935193061828613e-01 -2.094679772853851318e-01 4.871424436569213867e-01 5.938446521759033203e-01 2.094877511262893677e-01 -1.135750859975814819e-01 -6.405729055404663086e-01 -5.992091894149780273e-01 4.008358418941497803e-01 -6.354463696479797363e-01 -2.210973501205444336e-01 -5.307228118181228638e-02 -7.026214599609375000e-01 -7.215269804000854492e-01 4.923842549324035645e-01 5.513135194778442383e-01 2.263951599597930908e-01 3.660847842693328857e-01 6.807936429977416992e-01 -7.910929620265960693e-03 -2.906778454780578613e-01 5.540762543678283691e-01 -9.125823378562927246e-01 -2.091179192066192627e-01 -5.198509693145751953e-01 -2.875116765499114990e-01 -4.354998171329498291e-01 -1.031317114830017090e+00 -2.736688554286956787e-01
8.127770572900772095e-02 -5.666528344154357910e-01 1.039921957999467850e-02 -4.839499592781066895e-01 1.297664046287536621e-01 -7.642421126365661621e-01 1.500475108623504639e-01 2.738540172576904297e-01 1.349302530288696289e-01 -2.320054173469543457e-01 1.922778487205505371e-01 -5.035399198532104492e-01 -2.555426955223083496e-01 -1.829295456409454346e-01 7.252302020788192749e-02 6.522869691252708435e-03 5.300508141517639160e-01 -3.723568320274353027e-01 -7.888569831848144531e-01 6.291879415512084961e-01 -3.622753024101257324e-01 7.327535748481750488e-01 4.149620886892080307e-03 -2.470277696847915649e-01 -2.737495005130767822e-01 6.200345754623413086e-01 -1.758663058280944824e-01 -2.797506749629974365e-01 -2.841045856475830078e-01 -4.341246187686920166e-01 2.561752200126647949e-01 -1.548250317573547363e-01 -1.143832087516784668e+00 2.984466254711151123e-01 2.490404993295669556e-01 5.223197937011718750e-01 -2.165998220443725586e-01 8.359933495521545410e-01 2.214880734682083130e-01 -2.101574838161468506e-01 -6.751848459243774414e-01 2.828801572322845459e-01 7.062965035438537598e-01 -1.893057972192764282e-01 -5.862038731575012207e-01 1.402120441198348999e-01 9.221264123916625977e-01 -2.384112179279327393e-01 -3.476838767528533936e-01 -3.615143150091171265e-02 -3.180314302444458008e-01 -6.691417694091796875e-01 -2.384308353066444397e-02 7.724979519844055176e-01 -2.538306713104248047e-01 2.854596972465515137e-01 5.610789656639099121e-01 -6.898426413536071777e-01 -6.477001905441284180e-01 4.479651749134063721e-01 -1.689998656511306763e-01 -6.548781394958496094e-01 -5.656717419624328613e-01 1.575745344161987305e-01
2.984004020690917969e-01 -6.267796456813812256e-02 2.494080662727355957e-01 -6.252558827400207520e-01 -9.527111053466796875e-01 4.659050405025482178e-01 1.418844014406204224e-01 -4.454051256179809570e-01 -4.098639786243438721e-01 -3.908214271068572998e-01 3.354584574699401855e-01 9.009192138910293579e-02 -7.774928808212280273e-01 1.203488633036613464e-01 1.078816279768943787e-01 1.655044704675674438e-01 -1.047371514141559601e-02 -6.766119003295898438e-01 -1.122788414359092712e-01 7.152203321456909180e-01 -5.571337342262268066e-01 -4.585230946540832520e-01 -9.951192885637283325e-03 -1.250108718872070312e+00 -2.554619610309600830e-01 3.117751181125640869e-01 -8.397118449211120605e-01 2.883778512477874756e-01 -1.159021724015474319e-02 -8.346908539533615112e-02 -1.104180291295051575e-01 -1.747360378503799438e-01 -4.067241549491882324e-01 4.510758817195892334e-01 3.765578866004943848e-01 -1.725214719772338867e-01 1.432075649499893188e-01 -5.149689316749572754e-01 -2.268763780593872070e-01 -1.089632958173751831e-01 -3.102122247219085693e-01 2.532320320606231689e-01 -2.497717738151550293e-01 3.988514840602874756e-01 -4.585893750190734863e-01 -3.780635297298431396e-01 2.581572346389293671e-02 -2.679115533828735352e-01 -4.486512839794158936e-01 -1.900386512279510498e-01 2.102321758866310120e-02 -3.999167680740356445e-02 -1.728283017873764038e-01 1.416242420673370361e-01 3.219157457351684570e-01 1.693978756666183472e-01 2.158859968185424805e-01 -3.858154714107513428e-01 -3.298443853855133057e-01 4.426151514053344727e-01 -1.068632721900939941e+00 -7.347291707992553711e-01 -2.201872318983078003e-01 -3.709585964679718018e-01
-4.922946393489837646e-01 -1.912550330162048340e-01 -1.002543792128562927e-01 2.178442329168319702e-01 -3.513184189796447754e-01 -8.332757353782653809e-01 -2.555868029594421387e-01 -1.003998279571533203e+00 5.734003707766532898e-02 -2.466739714145660400e-01 3.772166967391967773e-01 -2.310537034645676613e-03 -3.596006929874420166e-01 3.783736526966094971e-01 4.076948165893554688e-01 1.243254095315933228e-01 -4.795039445161819458e-02 6.620638817548751831e-02 -7.611689567565917969e-01 5.450456738471984863e-01 -1.761057227849960327e-01 4.853869676589965820e-01 -2.898458540439605713e-01 -9.667489528656005859e-01 -8.842691034078598022e-02 -2.542688548564910889e-01 -3.628251552581787109e-01 1.457387506961822510e-01 2.883340418338775635e-01 -6.018684506416320801e-01 -3.262728750705718994e-01 5.043108463287353516e-01 -6.527830362319946289e-01 -2.063800692558288574e-01 3.158240616321563721e-01 -2.389597008004784584e-03 6.778252720832824707e-01 2.975413799285888672e-01 -2.198364138603210449e-01 -6.224892735481262207e-01 2.107177078723907471e-01 8.207371830940246582e-01 1.478900611400604248e-01 6.375614404678344727e-01 -1.437139809131622314e-01 1.398183498531579971e-02 8.321516960859298706e-02 -7.321491837501525879e-01 6.252104043960571289e-02 5.124458670616149902e-01 1.963399946689605713e-01 4.662062507122755051e-03 6.378419399261474609e-01 -2.024486362934112549e-01 4.874779582023620605e-01 3.505842983722686768e-01 8.080773055553436279e-02 -1.533570587635040283e-01 -1.961829811334609985e-01 5.444386601448059082e-01 2.488873898983001709e-01 -3.085418343544006348e-01 -1.326116323471069336e-01 1.483460664749145508e-01
5.456939935684204102e-01 -5.886533260345458984e-01 -9.164104238152503967e-03 4.109444618225097656e-01 1.078365147113800049e-01 -1.405485272407531738e-01 4.253603219985961914e-01 -5.472999811172485352e-01 3.715315088629722595e-02 3.867198526859283447e-01 4.235152900218963623e-01 -7.083818316459655762e-01 2.851572632789611816e-02 2.272759824991226196e-01 -1.499399244785308838e-01 3.681418001651763916e-01 1.088118404150009155e-01 -2.527403831481933594e-01 -2.783086523413658142e-02 8.832479119300842285e-01 -2.426744252443313599e-01 -1.011531054973602295e-02 2.094168215990066528e-01 -9.163556694984436035e-01 -3.578544855117797852e-01 4.166188240051269531e-01 -2.260262668132781982e-01 1.108583062887191772e-01 3.717599511146545410e-01 -6.075215339660644531e-01 -3.655737936496734619e-01 -6.450619082897901535e-03 -6.639943122863769531e-01 3.538680076599121094e-01 1.281196922063827515e-01 2.772150933742523193e-01 -4.931355714797973633e-01 -5.761356353759765625e-01 -1.064972355961799622e-01 -8.073018789291381836e-01 3.378717228770256042e-02 4.450844526290893555e-01 6.928028911352157593e-02 -6.617856025695800781e-02 -1.336662918329238892e-01 -1.180684268474578857e-01 -8.168831467628479004e-02 -6.487819552421569824e-01 2.032999694347381592e-01 4.092475175857543945e-01 5.403456743806600571e-03 -4.346353113651275635e-01 5.320150256156921387e-01 3.183186054229736328e-01 4.487181007862091064e-01 8.377973437309265137e-01 4.974107146263122559e-01 -4.804276227951049805e-01 -1.489381641149520874e-01 3.832040131092071533e-01 -7.125310897827148438e-01 3.434490859508514404e-01 1.366677731275558472e-01 -5.579543113708496094e-01
9.371020644903182983e-02 -4.089146852493286133e-01 -9.815042465925216675e-02 -2.308948189020156860e-01 -1.775664985179901123e-01 4.592251479625701904e-01 1.059735059738159180e+00 6.146029233932495117e-01 -4.929752275347709656e-02 1.228804215788841248e-01 1.218340873718261719e+00 -2.619040906429290771e-01 1.561205685138702393e-01 -2.774847149848937988e-01 4.704630374908447266e-01 -9.223130345344543457e-02 5.526540875434875488e-01 -5.120934247970581055e-01 5.786748230457305908e-02 -5.508349835872650146e-02 -6.141412258148193359e-01 9.147720336914062500e-01 -7.220112681388854980e-01 -6.959093213081359863e-01 -4.538702964782714844e-01 4.864473640918731689e-01 -5.399626493453979492e-01 2.107533216476440430e-01 4.659143090248107910e-01 -6.447107791900634766e-01 -8.891128003597259521e-03 4.447821676731109619e-01 -2.299007028341293335e-01 -9.087715744972229004e-01 8.512924611568450928e-02 1.512815952301025391e-01 2.283456325531005859e-01 1.057665824890136719e+00 2.205809652805328369e-01 3.252228498458862305e-01 -5.364104509353637695e-01 -6.688934285193681717e-03 3.333643972873687744e-01 -1.280775964260101318e-01 1.659414321184158325e-01 3.919788002967834473e-01 3.764676749706268311e-01 -2.357792556285858154e-01 -8.166590332984924316e-01 -5.000743083655834198e-03 9.031949639320373535e-01 -8.250172734260559082e-01 9.058385342359542847e-02 2.106128931045532227e-01 -3.688829541206359863e-01 5.047590732574462891e-01 9.145462512969970703e-01 -4.432491064071655273e-01 -5.010809302330017090e-01 2.308720648288726807e-01 3.452905416488647461e-01 -1.749571561813354492e+00 -7.523052096366882324e-01 -6.068682074546813965e-01
7.665211558341979980e-01 -1.639800667762756348e-01 -8.426896929740905762e-01 -5.601758882403373718e-02 -3.866482079029083252e-01 -7.539966702461242676e-01 4.266392588615417480e-01 7.055393606424331665e-02 1.999805867671966553e-02 1.947012692689895630e-01 7.841719388961791992e-01 -3.799005746841430664e-01 1.038636267185211182e-01 -1.850814819335937500e-01 3.275873064994812012e-01 3.757694959640502930e-01 -2.047428041696548462e-01 -1.967120319604873657e-01 -4.069509804248809814e-01 8.340742588043212891e-01 1.860471069812774658e-01 8.798241019248962402e-01 -4.437941908836364746e-01 -2.962382137775421143e-01 2.507039532065391541e-02 1.846379786729812622e-01 -6.263992190361022949e-01 1.294313967227935791e-01 -4.032749682664871216e-03 -3.798448145389556885e-01 -3.083615005016326904e-01 4.107054173946380615e-01 1.178753376007080078e-01 -1.840510964393615723e-01 -5.117371082305908203e-01 1.930691301822662354e-01 5.115616321563720703e-01 -2.278235554695129395e-01 7.764848470687866211e-01 3.014870584011077881e-01 2.369606792926788330e-01 -5.872104167938232422e-01 1.359757035970687866e-01 -8.800718188285827637e-02 -5.015217065811157227e-01 5.500464439392089844e-01 8.041172027587890625e-01 -6.316434144973754883e-01 3.831932246685028076e-01 -2.606037557125091553e-01 2.474982589483261108e-01 -3.871824741363525391e-01 -9.931125491857528687e-02 -2.003013342618942261e-01 -2.165241390466690063e-01 1.942651867866516113e-01 5.998132228851318359e-01 -7.278527617454528809e-01 -1.919160783290863037e-01 -1.052192747592926025e-01 6.283276081085205078e-01 -9.432161450386047363e-01 1.356908679008483887e-01 -1.836092770099639893e-02
-2.290924191474914551e-01 -5.220184102654457092e-02 3.926202058792114258e-01 -4.216706752777099609e-01 -2.807551324367523193e-01 -3.360072672367095947e-01 -3.885758817195892334e-01 -9.209642410278320312e-01 1.942443996667861938e-01 -3.681778907775878906e-01 3.963315188884735107e-01 1.715840958058834076e-02 -4.864287376403808594e-01 5.399575456976890564e-03 2.119182199239730835e-01 1.177515164017677307e-01 1.987334787845611572e-01 4.581095278263092041e-02 -6.666744947433471680e-01 4.791275858879089355e-01 -2.120785117149353027e-01 -3.220749199390411377e-01 -2.310340404510498047e-01 -7.916632890701293945e-01 3.637376129627227783e-01 3.062689900398254395e-01 -3.325940668582916260e-01 3.888364434242248535e-01 8.399478793144226074e-01 -6.036577820777893066e-01 8.450451493263244629e-02 3.358148634433746338e-01 -5.315436720848083496e-01 -3.976261615753173828e-01 -2.307599186897277832e-01 6.801480799913406372e-02 5.083798170089721680e-01 2.367757707834243774e-01 -2.798225283622741699e-01 4.721756875514984131e-01 -1.463238447904586792e-01 5.747422575950622559e-02 -4.864178001880645752e-01 2.456748932600021362e-01 4.435254335403442383e-01 6.103351339697837830e-02 -8.514982461929321289e-02 -5.869366526603698730e-01 -2.784477174282073975e-01 -1.788189560174942017e-01 4.898941814899444580e-01 4.684995859861373901e-02 -2.277061045169830322e-01 -3.744391724467277527e-02 4.965537488460540771e-01 2.920823395252227783e-01 -2.885656654834747314e-01 1.224662885069847107e-01 -5.083315968513488770e-01 1.339152008295059204e-01 -3.760792016983032227e-01 -5.863646864891052246e-01 -5.733441114425659180e-01 -1.500763297080993652e-01
9.514492154121398926e-01 5.012328177690505981e-02 3.944437205791473389e-01 -1.111875250935554504e-01 -1.502220034599304199e-01 7.541079074144363403e-02 2.982837855815887451e-01 -5.889958143234252930e-01 2.628922164440155029e-01 -2.200454771518707275e-01 3.758870959281921387e-01 -5.737672448158264160e-01 -2.782966196537017822e-01 1.687011681497097015e-02 5.592461824417114258e-01 8.864781856536865234e-01 -2.866794764995574951e-01 -7.752005457878112793e-01 -2.751573622226715088e-01 2.927696108818054199e-01 -3.754976689815521240e-01 -3.759089112281799316e-02 -3.185628727078437805e-02 -9.447130560874938965e-01 -1.726626008749008179e-01 5.137451291084289551e-01 -9.947641938924789429e-02 -6.369135528802871704e-02 2.540346002206206322e-03 -4.827179014682769775e-01 1.965034604072570801e-01 2.586262524127960205e-01 -8.035517334938049316e-01 7.031083106994628906e-02 -7.696553468704223633e-01 5.032958388328552246e-01 -1.373181194067001343e-01 4.699830412864685059e-01 -5.521376803517341614e-02 3.348341882228851318e-01 1.988962292671203613e-01 1.781963407993316650e-01 -6.081080436706542969e-01 -3.630581796169281006e-01 -1.124676689505577087e-01 -4.831685125827789307e-01 -6.221798658370971680e-01 -2.961037158966064453e-01 -4.518577456474304199e-01 -6.120390892028808594e-01 4.511790275573730469e-01 5.106566846370697021e-02 1.977881193161010742e-01 -3.433480113744735718e-02 5.801348090171813965e-01 -1.747056394815444946e-01 2.453885823488235474e-01 5.661388486623764038e-02 -9.205458164215087891e-01 -1.723181009292602539e-01 1.140275523066520691e-01 -8.879076242446899414e-01 -3.470218181610107422e-01 6.307325512170791626e-02
7.332101464271545410e-01 -1.643552035093307495e-01 4.827164709568023682e-01 -5.359694361686706543e-01 4.207401871681213379e-01 4.107886254787445068e-01 5.133826136589050293e-01 5.113561172038316727e-03 1.944638788700103760e-01 4.887278005480766296e-02 3.907186686992645264e-01 -3.846883475780487061e-01 -4.666753113269805908e-01 -2.628224790096282959e-01 2.397442013025283813e-01 9.511057138442993164e-01 -3.016234636306762695e-01 -5.980395078659057617e-01 9.926687926054000854e-02 -1.303732693195343018e-01 -9.993390738964080811e-02 2.715198323130607605e-02 -1.656230241060256958e-01 -1.171797871589660645e+00 2.442291229963302612e-01 2.836211025714874268e-01 8.141072094440460205e-02 6.775361299514770508e-01 5.392564535140991211e-01 -4.456852674484252930e-01 2.114432156085968018e-01 -2.440460622310638428e-01 -9.102068543434143066e-01 7.409220188856124878e-02 -3.195181787014007568e-01 -7.575131207704544067e-02 1.084701530635356903e-02 1.215428188443183899e-01 9.237433671951293945e-01 -4.594729542732238770e-01 -5.081110820174217224e-02 -3.956331610679626465e-01 -5.691796541213989258e-01 -4.071397706866264343e-02 -1.814234852790832520e-01 -5.315861701965332031e-01 -1.138483732938766479e-01 -1.025723457336425781e+00 -6.702571511268615723e-01 -1.718793660402297974e-01 2.683649659156799316e-01 -2.953708637505769730e-03 -2.519199438393115997e-02 4.383029639720916748e-01 4.008085429668426514e-01 1.519251167774200439e-01 1.816488057374954224e-01 -1.145919319242238998e-02 -2.988803982734680176e-01 2.158383727073669434e-01 -2.354893088340759277e-01 -4.507498741149902344e-01 1.031745076179504395e-01 3.366294205188751221e-01
-1.761165261268615723e-01 -5.861109495162963867e-01 -3.065454028546810150e-02 -4.982811957597732544e-02 -6.500952690839767456e-02 4.383907616138458252e-01 2.194369584321975708e-01 -3.606648445129394531e-01 5.192882418632507324e-01 5.172131061553955078e-01 1.822011619806289673e-01 -1.053941324353218079e-01 -5.402914881706237793e-01 -4.902515560388565063e-02 -3.230158090591430664e-01 6.458529829978942871e-01 -2.287234216928482056e-01 5.646398663520812988e-02 1.326237767934799194e-01 1.545942872762680054e-01 2.999165467917919159e-02 6.453517824411392212e-02 1.474085599184036255e-01 -1.342960357666015625e+00 3.697867095470428467e-01 2.697558328509330750e-02 -4.461140036582946777e-01 4.519982039928436279e-01 1.188372254371643066e+00 -2.930914163589477539e-01 2.412629425525665283e-01 1.268942803144454956e-01 -9.073948860168457031e-01 -1.261312663555145264e-01 -8.225721120834350586e-01 -3.540743291378021240e-01 4.729688167572021484e-01 1.938591748476028442e-01 6.754722595214843750e-01 -5.089570879936218262e-01 1.505440175533294678e-01 -2.689573466777801514e-01 -4.110433459281921387e-01 1.444062441587448120e-01 -2.871842384338378906e-01 1.074514463543891907e-01 2.268850207328796387e-01 -8.856272101402282715e-01 -5.578831434249877930e-01 -2.852204144001007080e-01 4.807289540767669678e-01 -7.518168538808822632e-02 1.158751994371414185e-01 3.657517135143280029e-01 -6.334060430526733398e-02 6.012164950370788574e-01 -1.761631816625595093e-01 2.119504362344741821e-01 -6.294900178909301758e-01 8.563736453652381897e-03 -1.805363446474075317e-01 -6.907032132148742676e-01 -5.470490455627441406e-01 1.593461036682128906e-01
5.105314850807189941e-01 -5.466355085372924805e-01 3.899354636669158936e-01 2.215811610221862793e-01 -1.186842247843742371e-01 5.149453878402709961e-01 -2.082229033112525940e-02 -2.345642745494842529e-01 3.154218494892120361e-01 1.335115432739257812e-01 1.844496726989746094e-01 -2.249305844306945801e-01 -8.136963471770286560e-03 -3.601217865943908691e-01 -4.694216549396514893e-01 2.327012866735458374e-01 1.517346650362014771e-01 -1.706158816814422607e-01 -7.658301293849945068e-02 5.517598986625671387e-01 -2.558519542217254639e-01 7.207076996564865112e-02 1.337760537862777710e-01 -8.447476625442504883e-01 1.099146232008934021e-01 -2.496637962758541107e-02 -7.171913981437683105e-01 1.397225260734558105e-01 8.354734778404235840e-01 -4.516190886497497559e-01 -3.224402070045471191e-01 -7.437928915023803711e-01 -5.280866622924804688e-01 -2.065432369709014893e-01 1.552654951810836792e-01 -3.548315763473510742e-01 -7.706371694803237915e-02 1.011645793914794922e-01 4.781205654144287109e-01 -4.628141522407531738e-01 4.331013262271881104e-01 4.271874949336051941e-02 -3.489544689655303955e-01 -7.708336710929870605e-01 -3.659964725375175476e-02 1.703838109970092773e-01 1.242371648550033569e-01 -4.188782572746276855e-01 -8.055314421653747559e-01 1.850140243768692017e-01 -1.596142351627349854e-01 -4.128708243370056152e-01 -1.175757721066474915e-01 3.152555525302886963e-01 2.684862017631530762e-01 3.576112389564514160e-01 3.992097675800323486e-01 -1.886342018842697144e-01 -1.410585045814514160e-01 2.813199758529663086e-01 -6.380245685577392578e-01 -3.517158329486846924e-01 1.200616732239723206e-01 -5.380105376243591309e-01
-5.187625065445899963e-02 -1.874585449695587158e-01 5.747929811477661133e-01 1.924965977668762207e-01 -5.426242351531982422e-01 -3.377077281475067139e-01 -3.553702533245086670e-01 -6.852199435234069824e-01 1.046133786439895630e-01 -5.278802514076232910e-01 6.482825279235839844e-01 -2.594796717166900635e-01 -3.148985803127288818e-01 -5.519948005676269531e-01 -1.365952491760253906e-01 -1.020398214459419250e-01 -4.341633245348930359e-02 -1.112385317683219910e-01 7.581266760826110840e-02 2.235252559185028076e-01 -8.783330917358398438e-01 2.605074942111968994e-01 -2.868765406310558319e-02 -4.048697948455810547e-01 -2.378269582986831665e-01 7.159949094057083130e-02 -8.368825912475585938e-01 2.231519371271133423e-01 1.872288584709167480e-01 -6.104629859328269958e-02 -2.229350060224533081e-01 -2.495832145214080811e-01 -4.042099416255950928e-01 2.314446866512298584e-01 -6.842353343963623047e-01 4.801938682794570923e-02 4.228224754333496094e-01 4.663693606853485107e-01 2.385201603174209595e-01 4.388018548488616943e-01 4.920440614223480225e-01 -1.872717738151550293e-01 -2.133091241121292114e-01 -5.907865762710571289e-01 -8.942407369613647461e-02 -1.718527376651763916e-01 -4.980611801147460938e-01 -8.935751020908355713e-02 -2.426155656576156616e-01 -7.028709650039672852e-01 5.670204758644104004e-01 1.611312478780746460e-01 -2.847396433353424072e-01 -8.874709159135818481e-02 5.516529083251953125e-01 5.886805653572082520e-01 2.770861089229583740e-01 -2.359035313129425049e-01 -8.035242557525634766e-01 2.409698255360126495e-02 -4.384556710720062256e-01 -8.228288292884826660e-01 -6.423807144165039062e-01 -9.975747764110565186e-02
1.747105270624160767e-01 -1.379617601633071899e-01 6.931979656219482422e-01 -7.590194791555404663e-02 -3.716465532779693604e-01 -2.292925268411636353e-01 -4.749951362609863281e-01 -3.253415822982788086e-01 -1.530563682317733765e-01 -2.932408154010772705e-01 2.956495881080627441e-01 -1.485932711511850357e-02 -3.039094507694244385e-01 -1.028443500399589539e-01 4.199906587600708008e-01 1.695915311574935913e-01 -1.739256680011749268e-01 -1.161648780107498169e-01 -1.169646829366683960e-01 5.431656241416931152e-01 -5.064139366149902344e-01 -1.742754578590393066e-01 7.675442844629287720e-02 -9.524840116500854492e-01 -4.413551464676856995e-02 -5.660161375999450684e-02 -9.012395739555358887e-01 9.758634567260742188e-01 3.633864521980285645e-01 -6.906333565711975098e-01 -3.246859088540077209e-02 -5.841288715600967407e-02 -3.695598542690277100e-01 -6.319580078125000000e-01 -7.368944883346557617e-01 5.583680421113967896e-02 3.274859488010406494e-01 4.661850631237030029e-01 -7.189582586288452148e-01 3.170128166675567627e-01 -5.215875804424285889e-02 1.425028443336486816e-01 -6.108164191246032715e-01 -8.832009136676788330e-02 -4.087129831314086914e-01 2.542385160923004150e-01 7.648330181837081909e-03 -2.652448117733001709e-01 -4.884515106678009033e-01 3.337109461426734924e-02 -1.483203261159360409e-03 1.551610082387924194e-01 -9.276935458183288574e-01 -2.547222673892974854e-01 5.021703839302062988e-01 3.892928063869476318e-01 -1.197020057588815689e-02 -4.810859262943267822e-01 -7.219560146331787109e-01 -8.342618495225906372e-02 -5.652035474777221680e-01 -5.929986834526062012e-01 -2.915385365486145020e-01 -2.789118885993957520e-01
8.823248147964477539e-01 -4.067405164241790771e-01 -1.019780933856964111e-01 -3.506880104541778564e-01 4.231593571603298187e-03 3.547578155994415283e-01 6.349048614501953125e-01 -2.106571793556213379e-01 -3.006579540669918060e-02 -3.216136991977691650e-01 3.867966532707214355e-01 2.408691197633743286e-01 -3.763723373413085938e-01 4.281616806983947754e-01 4.453030228614807129e-01 8.140035271644592285e-01 2.995837628841400146e-01 -6.769939661026000977e-01 1.443737447261810303e-01 3.246723413467407227e-01 -1.429759263992309570e-01 7.535675168037414551e-02 -3.437750414013862610e-02 -1.400884389877319336e+00 -2.755578160285949707e-01 8.872164785861968994e-02 -2.594054341316223145e-01 2.625856399536132812e-01 7.759552448987960815e-02 -1.396280676126480103e-01 1.787300854921340942e-01 -1.970427334308624268e-01 -1.008071184158325195e+00 2.387497946619987488e-02 -3.944014608860015869e-01 1.827856153249740601e-01 -3.140492737293243408e-01 -2.679623067378997803e-01 -1.331046372652053833e-01 -1.985199451446533203e-01 -4.253635406494140625e-01 6.277040243148803711e-01 -2.823221385478973389e-01 -5.269808769226074219e-01 5.710629373788833618e-02 -3.715401887893676758e-01 -5.456967949867248535e-01 -6.092448830604553223e-01 -5.392443537712097168e-01 -2.771931588649749756e-01 3.018217086791992188e-01 -1.527032554149627686e-01 -1.411362588405609131e-01 3.775927424430847168e-02 7.068556547164916992e-01 3.720464557409286499e-02 4.699201583862304688e-01 -2.190610319375991821e-01 -6.532929539680480957e-01 -1.679740846157073975e-01 -5.776452422142028809e-01 -4.091736674308776855e-01 1.280639879405498505e-02 -3.113988637924194336e-01
5.681590437889099121e-01 -2.394129931926727295e-01 1.571115702390670776e-01 -4.672564566135406494e-02 -6.541568785905838013e-02 3.300379216670989990e-01 -2.222755104303359985e-01 3.256176710128784180e-01 6.231088042259216309e-01 -2.545074522495269775e-01 8.474810123443603516e-01 -3.795608878135681152e-02 -4.731230437755584717e-01 -4.427938759326934814e-01 5.047498941421508789e-01 8.171541690826416016e-01 3.461742401123046875e-02 -3.685843572020530701e-02 -6.883673369884490967e-02 -1.353587508201599121e-01 -6.856160163879394531e-01 3.165785074234008789e-01 2.828041911125183105e-01 -1.350041031837463379e+00 1.153344288468360901e-01 4.467180967330932617e-01 -1.401776671409606934e-01 5.574877858161926270e-01 6.119523644447326660e-01 -4.767243936657905579e-02 7.757897675037384033e-02 -5.617005825042724609e-01 -4.683024287223815918e-01 -5.131172537803649902e-01 -2.032262682914733887e-01 1.513412874191999435e-02 -1.256545633077621460e-01 1.722308993339538574e-01 2.461753785610198975e-01 3.909842073917388916e-01 3.127708435058593750e-01 -6.302672028541564941e-01 -7.074062228202819824e-01 -8.875480294227600098e-01 3.116248250007629395e-01 -3.231786489486694336e-01 3.678364157676696777e-01 -5.354474782943725586e-01 -3.403717875480651855e-01 6.958430409431457520e-01 -3.909165561199188232e-01 -2.802523374557495117e-01 1.074905693531036377e-02 4.177142679691314697e-01 7.866115570068359375e-01 1.382203400135040283e-01 6.971680521965026855e-01 -1.421497017145156860e-01 -7.883127927780151367e-01 5.151806473731994629e-01 -9.529764652252197266e-01 -6.412966847419738770e-01 2.412578761577606201e-01 2.459390014410018921e-01
7.414547801017761230e-01 6.966894865036010742e-02 5.006071329116821289e-01 -2.484853118658065796e-01 2.120195887982845306e-02 5.026185512542724609e-01 3.124390244483947754e-01 -3.733954727649688721e-01 5.395730137825012207e-01 7.729403674602508545e-03 5.808938145637512207e-01 -3.417171537876129150e-01 -7.753537297248840332e-01 -3.603025674819946289e-01 1.472753379493951797e-02 2.870875783264636993e-02 -7.744105905294418335e-02 -6.202908754348754883e-01 4.389468729496002197e-01 3.754562512040138245e-02 3.025951422750949860e-02 3.772033751010894775e-01 9.647519886493682861e-02 -8.957173824310302734e-01 2.679459154605865479e-01 -1.852149665355682373e-01 -9.622637033462524414e-01 2.051701396703720093e-01 6.328364014625549316e-01 -1.783785820007324219e-01 -3.160403072834014893e-01 -6.112242937088012695e-01 -4.689283370971679688e-01 4.012194573879241943e-01 4.493099153041839600e-01 7.365547120571136475e-02 1.725589483976364136e-01 -1.842045783996582031e-01 7.727039456367492676e-01 2.070350646972656250e-01 2.057206183671951294e-01 1.024756729602813721e-01 -3.176317512989044189e-01 -2.590374648571014404e-01 -2.790892124176025391e-01 2.294710874557495117e-01 -4.241888523101806641e-01 -4.720859229564666748e-01 -1.000166773796081543e+00 1.321413367986679077e-01 2.348468154668807983e-01 -2.581054270267486572e-01 -9.395079314708709717e-02 1.713840365409851074e-01 1.085728555917739868e-01 1.096328571438789368e-01 3.783083856105804443e-01 -6.232089400291442871e-01 5.439467355608940125e-02 3.548528552055358887e-01 -1.060924768447875977e+00 -6.073955893516540527e-01 -4.363225698471069336e-01 -5.356796383857727051e-01
1.013865843415260315e-01 -1.311607360839843750e-01 2.847821414470672607e-01 1.134062372148036957e-02 -5.122867226600646973e-01 -2.310011833906173706e-01 -1.391493827104568481e-01 -6.443943977355957031e-01 2.131952494382858276e-01 -8.881655931472778320e-01 3.724316954612731934e-01 -3.150017857551574707e-01 -3.680907189846038818e-01 5.657210201025009155e-02 4.040289521217346191e-01 4.210403263568878174e-01 -2.774669043719768524e-02 -2.763933837413787842e-01 3.368644788861274719e-02 3.190459311008453369e-01 -9.509423375129699707e-01 -3.679984807968139648e-01 -1.790301054716110229e-01 -7.761939764022827148e-01 7.872510701417922974e-02 2.466967403888702393e-01 -1.160784244537353516e+00 4.058727324008941650e-01 9.584844857454299927e-02 -3.898226320743560791e-01 -2.191929221153259277e-01 2.511705644428730011e-02 -5.057021379470825195e-01 -1.916779130697250366e-01 -7.526367902755737305e-01 1.766283065080642700e-01 1.817588359117507935e-01 6.349412798881530762e-01 -3.952336609363555908e-01 7.238835096359252930e-01 -2.326520383358001709e-01 -1.064917743206024170e-01 4.634484276175498962e-02 -3.118464648723602295e-01 -4.167373180389404297e-01 -2.820878848433494568e-02 -1.516073942184448242e-01 -1.708011776208877563e-01 -1.843055933713912964e-01 -4.206247925758361816e-01 2.583048343658447266e-01 3.320741951465606689e-01 -3.603234589099884033e-01 -2.565792500972747803e-01 7.340500354766845703e-01 3.846650421619415283e-01 -1.841433495283126831e-01 -9.542958438396453857e-02 -5.725301504135131836e-01 -2.610062365420162678e-04 -4.939780533313751221e-01 -9.296537637710571289e-01 -4.001483917236328125e-01 -1.931488364934921265e-01
2.390547096729278564e-01 -2.718739807605743408e-01 6.149528622627258301e-01 3.382394909858703613e-01 -1.135283827781677246e+00 4.916709288954734802e-02 2.027512043714523315e-01 -2.875036299228668213e-01 -3.793559595942497253e-02 -5.608989000320434570e-01 4.848423898220062256e-01 -2.728725671768188477e-01 -4.051468074321746826e-01 -1.616386510431766510e-02 3.629920780658721924e-01 6.073438525199890137e-01 -1.115434337407350540e-03 -3.518919944763183594e-01 -2.649801075458526611e-01 3.037975728511810303e-01 -3.175852894783020020e-01 2.564336955547332764e-01 3.105106055736541748e-01 -8.978360295295715332e-01 3.832910656929016113e-01 7.820817828178405762e-02 -6.589021682739257812e-01 2.491966933012008667e-01 -3.323418498039245605e-01 -6.757700443267822266e-02 -1.230872049927711487e-01 3.750187158584594727e-02 -6.534586548805236816e-01 -5.281569361686706543e-01 -9.790107607841491699e-01 2.818396985530853271e-01 4.585791528224945068e-01 2.438564896583557129e-01 -1.346572190523147583e-01 1.507638543844223022e-01 -2.773245871067047119e-01 1.884945183992385864e-01 -1.073493584990501404e-01 -4.865188896656036377e-01 1.730407178401947021e-01 -4.425811171531677246e-01 -1.939985454082489014e-01 6.275224499404430389e-03 -1.308172792196273804e-01 -4.572006762027740479e-01 1.066795140504837036e-01 1.399088185280561447e-02 -5.952713489532470703e-01 2.589683830738067627e-01 4.437609910964965820e-01 4.314409568905830383e-02 -5.933480709791183472e-02 -9.909966588020324707e-02 -6.843925714492797852e-01 7.320564985275268555e-02 -6.287645101547241211e-01 -6.438164710998535156e-01 -3.336757123470306396e-01 -2.215886712074279785e-01
1.841621249914169312e-01 1.147734150290489197e-01 3.927139937877655029e-01 1.894612163305282593e-01 -6.626947969198226929e-02 -5.207460522651672363e-01 -5.619565397500991821e-02 -2.424435466527938843e-01 -1.614817529916763306e-01 -8.113056421279907227e-02 6.473380923271179199e-01 -1.303782761096954346e-01 1.624148711562156677e-02 -1.305049359798431396e-01 9.811735153198242188e-02 7.359406352043151855e-01 -4.656681120395660400e-01 7.315481454133987427e-02 3.383447602391242981e-02 -2.846044115722179413e-02 -2.548845112323760986e-01 -1.808538138866424561e-01 3.824160993099212646e-01 -1.208720207214355469e+00 -8.783482760190963745e-02 -2.147298902273178101e-01 -3.112623393535614014e-01 5.862753391265869141e-01 6.033603474497795105e-02 -1.474844962358474731e-01 1.149341017007827759e-01 2.438008971512317657e-02 -4.541284143924713135e-01 -5.289660096168518066e-01 -6.418856978416442871e-01 -2.983056008815765381e-01 1.382314413785934448e-01 3.919489383697509766e-01 -2.442005835473537445e-02 6.855002790689468384e-02 3.398242294788360596e-01 -2.208799719810485840e-01 -1.793256849050521851e-01 -6.929258108139038086e-01 2.185095101594924927e-01 -4.512410759925842285e-01 1.251820325851440430e-01 3.075131773948669434e-02 -1.864213943481445312e-01 -8.501434698700904846e-03 -2.383537143468856812e-01 -5.772839188575744629e-01 -2.833085358142852783e-01 -4.216314852237701416e-02 7.400228977203369141e-01 4.435817301273345947e-01 2.530852556228637695e-01 -2.034508436918258667e-01 -8.452172875404357910e-01 -2.431247010827064514e-02 -7.028964161872863770e-01 -6.335692405700683594e-01 -5.603713393211364746e-01 -3.348142504692077637e-01
5.307266712188720703e-01 -4.568301141262054443e-01 3.097348213195800781e-01 5.540719032287597656e-01 -4.819699227809906006e-01 1.597426682710647583e-01 -3.560013771057128906e-01 -3.077885210514068604e-01 2.307499945163726807e-02 -4.417414367198944092e-01 3.170939087867736816e-01 8.757656440138816833e-03 -3.751971125602722168e-01 -7.699846029281616211e-01 -2.305729836225509644e-01 1.594771295785903931e-01 4.861808195710182190e-02 -9.107857942581176758e-02 -1.580279320478439331e-01 7.006160020828247070e-01 -2.911687791347503662e-01 6.044585704803466797e-01 3.778045475482940674e-01 -3.132558763027191162e-01 -6.598281860351562500e-01 -4.147946238517761230e-01 -7.685261368751525879e-01 1.292646378278732300e-01 3.299489617347717285e-01 -7.855340838432312012e-02 -5.514585375785827637e-01 -3.762900829315185547e-01 -4.364531338214874268e-01 2.085110545158386230e-01 -8.448139578104019165e-02 1.141355410218238831e-01 9.073352813720703125e-01 3.592681288719177246e-01 4.645700156688690186e-01 -2.995242476463317871e-01 2.892339229583740234e-01 -5.171230435371398926e-01 1.550786644220352173e-01 -8.122109770774841309e-01 2.587125003337860107e-01 4.955732822418212891e-02 1.584946811199188232e-01 4.103067815303802490e-01 -3.823067247867584229e-01 -2.534129023551940918e-01 2.933505177497863770e-02 2.780228257179260254e-01 1.282268762588500977e-01 2.294346243143081665e-01 4.997391700744628906e-01 -9.840713441371917725e-02 1.138290837407112122e-01 -9.576595388352870941e-03 -6.767126917839050293e-01 -5.744552239775657654e-02 -6.990882754325866699e-01 -5.942432880401611328e-01 1.632051076740026474e-03 -1.924512162804603577e-02
2.431289255619049072e-01 -2.431725263595581055e-01 5.072845220565795898e-01 -2.463851422071456909e-01 4.963466823101043701e-01 -1.536401733756065369e-02 1.683262363076210022e-02 -5.496639013290405273e-01 1.664013415575027466e-02 1.219472289085388184e-01 -1.044479906558990479e-01 3.542596101760864258e-01 -6.274219751358032227e-01 2.097458243370056152e-01 -5.105255842208862305e-01 1.280536651611328125e+00 4.938960671424865723e-01 4.074036609381437302e-03 -5.594843626022338867e-01 4.270442724227905273e-01 3.415262401103973389e-01 6.001934409141540527e-01 1.810289770364761353e-01 -4.765532314777374268e-01 -1.860588192939758301e-01 3.297450393438339233e-02 -6.361767053604125977e-01 2.782508730888366699e-01 1.684209108352661133e-01 2.910785079002380371e-01 -3.011290729045867920e-01 -1.312620341777801514e-01 -2.762140333652496338e-01 1.853256970643997192e-01 -5.790325999259948730e-02 -5.152247548103332520e-01 -1.699931621551513672e-01 -2.099025398492813110e-01 5.813628435134887695e-01 -2.484111487865447998e-01 1.616638749837875366e-01 -7.090279459953308105e-01 1.306957751512527466e-01 -2.263002842664718628e-01 -2.656821012496948242e-01 3.311291933059692383e-01 6.176593303680419922e-01 -6.545717120170593262e-01 -1.262794435024261475e-01 -5.311597883701324463e-02 6.057422142475843430e-03 -1.939076483249664307e-01 4.491340741515159607e-02 -2.228461503982543945e-01 4.044122397899627686e-01 4.678327143192291260e-01 4.292606711387634277e-01 -1.712520569562911987e-01 1.332917716354131699e-03 -1.179424449801445007e-01 -3.703571856021881104e-01 -4.542148113250732422e-01 -1.304142624139785767e-01 9.279657155275344849e-02
4.961327016353607178e-01 -4.201796054840087891e-01 -1.221114635467529297e+00 1.892371475696563721e-01 -6.001467704772949219e-01 -9.821160435676574707e-01 1.084219217300415039e+00 -5.311007499694824219e-01 2.800951302051544189e-01 -2.139439433813095093e-01 4.720695614814758301e-01 -1.010249376296997070e+00 -4.819664955139160156e-01 -1.251878976821899414e+00 -4.258579909801483154e-01 6.489797234535217285e-01 3.844253122806549072e-01 -7.855371236801147461e-01 5.674859881401062012e-01 -1.875152587890625000e-01 -3.461219742894172668e-02 9.541352391242980957e-01 -4.084593951702117920e-01 -9.397975802421569824e-01 -4.147281944751739502e-01 8.016949295997619629e-01 -1.093103051185607910e+00 -3.356902599334716797e-01 8.939211368560791016e-01 3.627747297286987305e-01 1.712036579847335815e-01 1.038332208991050720e-01 -6.995399594306945801e-01 -4.538096785545349121e-01 5.564377903938293457e-01 -2.535510361194610596e-01 2.839931249618530273e-01 5.541029572486877441e-01 -6.161805391311645508e-01 1.823954433202743530e-01 -2.696932256221771240e-01 7.722415775060653687e-02 -8.417103290557861328e-01 6.814769506454467773e-01 -4.987183809280395508e-01 -5.980873480439186096e-02 1.996318995952606201e-01 -4.560698941349983215e-02 -1.480742096900939941e-01 5.106784105300903320e-01 7.392154335975646973e-01 -6.075248718261718750e-01 1.054957211017608643e-01 3.910889923572540283e-01 3.139986395835876465e-01 -1.490599811077117920e-01 5.523837804794311523e-01 -2.013085633516311646e-01 -1.037354707717895508e+00 -5.518440008163452148e-01 -2.829350829124450684e-01 -1.079702496528625488e+00 -3.969194889068603516e-01 -5.914953351020812988e-01
-2.096673995256423950e-01 2.891973033547401428e-02 -9.478321671485900879e-02 -7.554512023925781250e-01 -2.656369656324386597e-02 -2.092423290014266968e-02 2.356055229902267456e-01 2.528736134991049767e-03 4.207014441490173340e-01 1.443917602300643921e-01 1.439142823219299316e-01 -2.913703322410583496e-01 -6.206158399581909180e-01 -3.944627046585083008e-01 2.107335180044174194e-01 5.030068755149841309e-01 -3.022492527961730957e-01 -4.923272877931594849e-02 -2.780082821846008301e-01 -3.510808944702148438e-01 2.942442297935485840e-01 2.024703472852706909e-01 -3.755729496479034424e-01 -1.356131315231323242e+00 2.033463306725025177e-02 1.843496561050415039e-01 -6.470215320587158203e-01 5.792146325111389160e-01 1.223685860633850098e+00 -1.713310778141021729e-01 8.095365166664123535e-01 -2.853897213935852051e-01 -1.407359123229980469e+00 -2.266973555088043213e-01 -5.206017494201660156e-01 1.456369645893573761e-02 3.996379077434539795e-01 4.042482078075408936e-01 5.513392686843872070e-01 -1.882310807704925537e-01 -1.083413604646921158e-02 -9.022670984268188477e-02 -7.619757652282714844e-01 2.293263524770736694e-01 3.212324902415275574e-02 -1.054394692182540894e-01 6.337747722864151001e-02 -8.111478686332702637e-01 -5.536525249481201172e-01 -3.293042480945587158e-01 6.007131338119506836e-01 4.403052031993865967e-01 -1.391008049249649048e-01 4.870578348636627197e-01 1.969836801290512085e-01 7.572168707847595215e-01 -3.311296552419662476e-02 -2.068399339914321899e-01 -2.482285797595977783e-01 1.422758549451828003e-01 -4.383923709392547607e-01 -4.673422574996948242e-01 -1.661834567785263062e-01 -1.191017478704452515e-01
4.810066521167755127e-01 2.028807699680328369e-01 4.856668114662170410e-01 -4.224946796894073486e-01 -2.366207838058471680e-01 2.463860511779785156e-01 1.615191996097564697e-01 -6.281192600727081299e-02 3.739310503005981445e-01 3.256726264953613281e-01 2.196739464998245239e-01 -1.035225540399551392e-01 -5.295803025364875793e-02 -1.578864157199859619e-01 -2.680758237838745117e-01 2.576399445533752441e-01 -5.026603341102600098e-01 1.232923865318298340e-01 7.154994457960128784e-02 2.810348868370056152e-01 -1.666299849748611450e-01 3.020598590373992920e-01 2.533007264137268066e-01 -1.353748321533203125e+00 1.367809250950813293e-02 -8.223453769460320473e-04 -2.869386076927185059e-01 2.815676629543304443e-01 1.006650686264038086e+00 -1.589784920215606689e-01 2.804341539740562439e-02 -3.733945190906524658e-01 -8.324125409126281738e-01 -3.141886293888092041e-01 -5.186879634857177734e-01 8.539717644453048706e-02 2.819001376628875732e-01 1.049756258726119995e-01 4.722299873828887939e-01 -3.792726434767246246e-03 2.559830844402313232e-01 4.692308306694030762e-01 -2.601936459541320801e-01 -4.548072814941406250e-01 -3.518642624840140343e-03 2.524604201316833496e-01 2.865995652973651886e-02 -7.079578042030334473e-01 -4.922516942024230957e-01 4.555525723844766617e-03 3.233883678913116455e-01 -2.668414711952209473e-01 -4.139333069324493408e-01 -5.744799226522445679e-02 5.136290192604064941e-01 1.520027406513690948e-02 -3.566105291247367859e-02 -2.078126519918441772e-01 -6.738055348396301270e-01 -2.688302099704742432e-01 -3.400457203388214111e-01 -5.716355443000793457e-01 -4.961662292480468750e-01 -5.807185173034667969e-01
9.881027042865753174e-02 1.611006818711757660e-02 1.645351350307464600e-01 -3.828371167182922363e-01 2.737603783607482910e-01 -7.761355638504028320e-01 3.984949886798858643e-01 -6.561735272407531738e-01 -3.429274857044219971e-01 4.857161641120910645e-01 3.913118541240692139e-01 -9.249886274337768555e-01 2.801291644573211670e-01 -2.288200706243515015e-01 -2.131429128348827362e-02 1.131688833236694336e+00 4.864219427108764648e-01 -6.070572510361671448e-02 -3.705906867980957031e-01 4.891772568225860596e-01 -3.410687670111656189e-02 1.201861739158630371e+00 -7.690408825874328613e-02 1.946184188127517700e-01 1.821426004171371460e-01 1.282385736703872681e-01 -1.411111950874328613e-01 1.384255737066268921e-01 6.960577964782714844e-01 -9.108759760856628418e-01 -5.110316276550292969e-01 2.990594804286956787e-01 -7.521630525588989258e-01 -2.559847831726074219e-01 -2.262176126241683960e-01 1.315505951642990112e-01 -1.257934421300888062e-01 1.896552741527557373e-02 -1.478374302387237549e-01 -1.922356784343719482e-01 -1.675105541944503784e-01 -6.545879244804382324e-01 3.720333576202392578e-01 3.551598191261291504e-01 -5.779119580984115601e-02 3.463758528232574463e-01 -1.793062835931777954e-01 -7.431735992431640625e-01 -3.412904143333435059e-01 -1.117047742009162903e-01 -4.612942934036254883e-01 4.497070312500000000e-01 2.328925728797912598e-01 -3.800552189350128174e-01 -1.021051779389381409e-02 1.804772913455963135e-01 1.022876620292663574e+00 1.451574563980102539e-01 -1.966930031776428223e-01 -3.586651980876922607e-01 -5.168967247009277344e-01 -2.570391297340393066e-01 -5.892763733863830566e-01 -5.869097709655761719e-01
4.812811613082885742e-01 -5.754782557487487793e-01 3.140123486518859863e-01 1.812815666198730469e-01 -1.317942887544631958e-01 5.461414456367492676e-01 9.179885685443878174e-02 -3.634220063686370850e-01 5.127227306365966797e-01 4.394395947456359863e-01 5.044154524803161621e-01 -4.423727393150329590e-01 -1.825433522462844849e-01 -2.991071939468383789e-01 -3.895704150199890137e-01 3.804259896278381348e-01 -6.491520255804061890e-02 -1.032572910189628601e-01 -1.870318800210952759e-01 7.400704026222229004e-01 -2.078199088573455811e-01 8.876698464155197144e-02 5.383202433586120605e-01 -8.814570903778076172e-01 7.875669747591018677e-02 1.367103457450866699e-01 -6.822009682655334473e-01 -3.712373226881027222e-02 7.815604209899902344e-01 -1.308925151824951172e-01 -4.259293079376220703e-01 -7.671281099319458008e-01 -4.841892123222351074e-01 -2.039978057146072388e-01 2.438936382532119751e-01 -2.690914571285247803e-01 -2.426755875349044800e-01 6.483384221792221069e-02 5.000354647636413574e-01 -2.496305108070373535e-01 2.062054127454757690e-01 -1.575454026460647583e-01 -1.161304861307144165e-01 -8.903650641441345215e-01 -3.360071405768394470e-02 1.154488399624824524e-01 1.762878447771072388e-01 -3.184127509593963623e-01 -1.083199024200439453e+00 1.898738443851470947e-01 1.221846416592597961e-02 -4.729056656360626221e-01 -1.448403596878051758e-01 4.276871681213378906e-01 3.933524191379547119e-01 4.270593523979187012e-01 1.654305756092071533e-01 -3.679100871086120605e-01 -3.448536098003387451e-01 4.676812514662742615e-02 -5.807131528854370117e-01 -1.853198707103729248e-01 1.560064703226089478e-01 -4.067826569080352783e-01
3.639245331287384033e-01 -6.211816072463989258e-01 2.381118983030319214e-01 2.599901854991912842e-01 1.341757029294967651e-01 1.447172164916992188e-01 2.476267665624618530e-01 -6.108627915382385254e-01 2.180713564157485962e-01 5.807802677154541016e-01 5.547960996627807617e-01 -6.535337567329406738e-01 -8.288539201021194458e-02 -4.907018691301345825e-02 -1.759445816278457642e-01 1.057227700948715210e-01 1.075477153062820435e-01 -3.048387467861175537e-01 -1.645044982433319092e-01 9.168288111686706543e-01 -3.169605433940887451e-01 1.322940587997436523e-01 2.011695653200149536e-01 -1.041179895401000977e+00 7.015794515609741211e-03 3.473112285137176514e-01 -3.972285091876983643e-01 1.695262938737869263e-01 5.098320245742797852e-01 -3.217464089393615723e-01 -4.665895700454711914e-01 -6.411892771720886230e-01 -5.706316232681274414e-01 -8.829141408205032349e-02 3.120337128639221191e-01 1.532120257616043091e-01 -5.834892988204956055e-01 -4.137628972530364990e-01 2.728499770164489746e-01 -6.506884098052978516e-01 4.292683601379394531e-01 2.563201189041137695e-01 -1.386606693267822266e-02 -7.253559231758117676e-01 9.424668550491333008e-02 -2.649873867630958557e-02 -8.570557087659835815e-02 -4.602472186088562012e-01 -1.697801947593688965e-01 4.365099370479583740e-01 -9.871017932891845703e-02 -3.319809138774871826e-01 1.304154396057128906e-01 3.457249104976654053e-01 4.421298503875732422e-01 9.322423934936523438e-01 2.460075616836547852e-01 -2.257471978664398193e-01 -2.998150512576103210e-02 5.168357864022254944e-02 -4.822404682636260986e-01 2.019458264112472534e-01 1.908768713474273682e-01 -5.763742923736572266e-01
-3.865871429443359375e-01 -9.870453178882598877e-02 -6.458402425050735474e-02 -6.625105738639831543e-01 -6.351186037063598633e-01 -3.269261419773101807e-01 -4.784817993640899658e-01 -9.646708369255065918e-01 5.257985591888427734e-01 -3.405019938945770264e-01 5.209131911396980286e-02 -4.259823560714721680e-01 -5.724846571683883667e-02 -2.525646984577178955e-01 1.227461993694305420e-01 1.958739459514617920e-01 2.392116934061050415e-01 -7.738517224788665771e-02 -6.997768878936767578e-01 5.381348133087158203e-01 -2.993222773075103760e-01 3.565408885478973389e-01 -8.234730362892150879e-02 -5.357074737548828125e-01 -1.226765364408493042e-01 3.597745001316070557e-01 -2.912869490683078766e-02 1.724571585655212402e-01 4.030798673629760742e-01 -4.910211265087127686e-01 1.164572000503540039e+00 -1.105647385120391846e-01 -1.278799623250961304e-01 -2.811299562454223633e-01 -1.734046638011932373e-01 -9.229201823472976685e-02 -5.675896629691123962e-02 -3.101275563240051270e-01 -5.891399979591369629e-01 3.130022287368774414e-01 -6.860675215721130371e-01 -2.585229873657226562e-01 7.606462575495243073e-03 5.184454917907714844e-01 8.243764191865921021e-02 1.161089316010475159e-01 6.289646029472351074e-01 -6.077324748039245605e-01 -6.003329157829284668e-01 -6.300794333219528198e-02 1.946883350610733032e-01 -4.436060786247253418e-02 -1.438050568103790283e-01 1.267592012882232666e-01 3.315964043140411377e-01 4.102866053581237793e-01 -8.843896538019180298e-02 -1.581727862358093262e-01 -4.522948265075683594e-01 4.672776758670806885e-01 -2.763248383998870850e-01 -9.649695754051208496e-01 -1.367091655731201172e+00 -3.230280876159667969e-01
3.559144139289855957e-01 -5.662426352500915527e-01 -1.761434972286224365e-01 -4.516363441944122314e-01 -1.331288516521453857e-01 -6.634680032730102539e-01 3.081399798393249512e-01 -4.474800229072570801e-01 -6.579951196908950806e-02 -5.907712504267692566e-02 8.845337629318237305e-01 -3.306566178798675537e-01 5.098779797554016113e-01 -2.877905592322349548e-02 3.450553119182586670e-01 4.959689378738403320e-01 -1.702298969030380249e-01 -6.445875167846679688e-01 6.022350117564201355e-02 9.386492371559143066e-01 -3.490880131721496582e-01 7.184734940528869629e-01 -6.311395764350891113e-01 2.276543527841567993e-01 1.299751847982406616e-01 6.238702312111854553e-02 -1.664845496416091919e-01 -1.373413503170013428e-01 5.912088155746459961e-01 5.373454689979553223e-01 2.201124429702758789e-01 -1.052650883793830872e-01 2.965030372142791748e-01 3.316891193389892578e-01 -5.036572217941284180e-01 -1.075883582234382629e-01 5.981396436691284180e-01 4.590340852737426758e-01 2.554908394813537598e-01 -5.446623563766479492e-01 -4.553259611129760742e-01 -5.041196942329406738e-02 -9.977022558450698853e-02 7.974301278591156006e-02 7.107335329055786133e-01 1.521520018577575684e-01 7.740807533264160156e-01 -4.131764769554138184e-01 2.504349648952484131e-01 8.317644596099853516e-01 8.374875783920288086e-02 3.257279694080352783e-01 -5.938600376248359680e-02 -6.295064091682434082e-01 1.508149206638336182e-01 -3.992917537689208984e-01 4.257559776306152344e-01 -5.092539638280868530e-02 -1.590241044759750366e-01 1.593353003263473511e-01 -6.519539356231689453e-01 -7.397406101226806641e-01 -2.884326279163360596e-01 -5.599095299839973450e-02
1.114042028784751892e-01 -8.554587960243225098e-01 8.545134961605072021e-02 4.191963002085685730e-02 3.520744144916534424e-01 -2.738218009471893311e-01 6.743997335433959961e-01 -3.535936176776885986e-01 -1.774964779615402222e-01 6.536799669265747070e-01 -3.444044291973114014e-02 -1.291515212506055832e-02 -1.176766529679298401e-01 -3.126542270183563232e-01 5.266125202178955078e-01 9.578695297241210938e-01 5.866373181343078613e-01 -5.217178910970687866e-02 -8.533704280853271484e-01 3.899499773979187012e-01 -4.473854005336761475e-01 1.153946638107299805e+00 9.511910378932952881e-03 -1.075353994965553284e-01 -1.263462007045745850e-01 -3.419622778892517090e-02 -2.665493786334991455e-01 -5.822931602597236633e-02 2.959057688713073730e-01 -8.272577524185180664e-01 -4.236349165439605713e-01 1.250702887773513794e-01 -1.074357479810714722e-01 -1.079337205737829208e-02 -9.427088499069213867e-02 -9.236662834882736206e-02 1.294904649257659912e-01 -9.883012622594833374e-02 3.399596512317657471e-01 -4.778678715229034424e-01 1.408832967281341553e-01 -3.294897973537445068e-01 2.533693909645080566e-01 2.755811214447021484e-01 3.420360982418060303e-01 -2.876664400100708008e-01 6.228136271238327026e-02 -7.599658966064453125e-01 9.131617844104766846e-04 2.253100425004959106e-01 -7.183911651372909546e-02 -5.812695622444152832e-01 6.814299821853637695e-01 -2.508907020092010498e-01 6.715470552444458008e-01 1.786961704492568970e-01 2.325632721185684204e-01 -3.226509690284729004e-01 -1.767852157354354858e-01 -1.132305413484573364e-01 -2.696633338928222656e-01 -1.214010566473007202e-01 -1.226501911878585815e-01 -2.169811725616455078e-01
9.308318048715591431e-02 -6.363487243652343750e-01 1.583819240331649780e-01 -2.744325995445251465e-01 -1.602905541658401489e-01 6.017358899116516113e-01 9.950640201568603516e-01 6.060574054718017578e-01 -3.560723364353179932e-02 2.476663738489151001e-01 1.378383159637451172e+00 -1.568442136049270630e-01 1.367250382900238037e-01 -3.549899756908416748e-01 6.246317625045776367e-01 -2.513708770275115967e-01 6.908171176910400391e-01 -6.339485645294189453e-01 1.336757987737655640e-01 5.070615559816360474e-02 -4.939230680465698242e-01 9.554344415664672852e-01 -9.103491306304931641e-01 -8.107676506042480469e-01 -4.077623486518859863e-01 5.265868902206420898e-01 -5.335974693298339844e-01 4.491105079650878906e-01 4.521132707595825195e-01 -7.105711102485656738e-01 1.760753989219665527e-01 5.477713942527770996e-01 -1.998089700937271118e-01 -8.198166489601135254e-01 4.276282340288162231e-02 1.333063840866088867e-02 2.015642076730728149e-01 8.456183671951293945e-01 3.147006928920745850e-01 3.305030465126037598e-01 -3.620369434356689453e-01 -1.312588751316070557e-01 3.933373987674713135e-01 -1.124922260642051697e-01 8.439312130212783813e-02 3.299675881862640381e-01 3.869876861572265625e-01 -2.131296694278717041e-01 -7.439641952514648438e-01 1.633957922458648682e-01 7.196877598762512207e-01 -8.093478083610534668e-01 2.075361311435699463e-01 1.100493222475051880e-01 -3.177466392517089844e-01 6.221699714660644531e-01 7.697406411170959473e-01 -5.569189786911010742e-01 -5.129668712615966797e-01 2.988428771495819092e-01 3.726362586021423340e-01 -1.625370502471923828e+00 -8.161728978157043457e-01 -4.921858310699462891e-01
3.003333210945129395e-01 -4.772705435752868652e-01 -4.286788403987884521e-01 4.282360896468162537e-02 1.677679121494293213e-01 -7.056071162223815918e-01 7.053404450416564941e-01 -7.049022912979125977e-01 2.142294123768806458e-02 5.161264538764953613e-02 5.545218586921691895e-01 -2.584602534770965576e-01 -2.667557597160339355e-01 -1.965598464012145996e-01 5.554635524749755859e-01 5.183404088020324707e-01 -2.804729342460632324e-01 -3.147587478160858154e-01 -5.352345108985900879e-01 1.073667407035827637e+00 -7.991693913936614990e-03 8.880279660224914551e-01 -1.511804312467575073e-01 1.234949603676795959e-01 -5.393970757722854614e-02 -7.955533862113952637e-01 -2.905668914318084717e-01 1.377938431687653065e-03 3.244736492633819580e-01 -3.869363367557525635e-01 2.440081723034381866e-02 3.132236897945404053e-01 2.787152528762817383e-01 2.825746536254882812e-01 -3.956371843814849854e-01 -5.559116601943969727e-01 -1.209323033690452576e-01 -4.799817129969596863e-02 6.887848973274230957e-01 -3.486023098230361938e-02 -1.528610885143280029e-01 -9.113901108503341675e-02 1.698885113000869751e-01 1.328594833612442017e-01 5.658178776502609253e-02 1.690458972007036209e-03 3.096639811992645264e-01 -9.616168737411499023e-01 3.981223404407501221e-01 9.797152876853942871e-02 -3.748795688152313232e-01 1.314545869827270508e-01 2.799611687660217285e-01 1.800728440284729004e-01 1.689786761999130249e-01 1.504043787717819214e-01 6.703741848468780518e-02 -2.356166988611221313e-01 -1.046879440546035767e-01 8.352358639240264893e-02 1.016495078802108765e-01 -2.630791664123535156e-01 -9.752206504344940186e-02 2.840850949287414551e-01
-3.289204835891723633e-01 -1.324306279420852661e-01 4.101976156234741211e-01 -5.396232604980468750e-01 -1.980979591608047485e-01 -1.302864253520965576e-01 -2.315534278750419617e-02 -4.404277205467224121e-01 2.690398991107940674e-01 6.132095679640769958e-02 1.780721396207809448e-01 -5.907560139894485474e-02 -1.689537465572357178e-01 1.099145337939262390e-01 -1.306296288967132568e-01 4.372648000717163086e-01 3.136871159076690674e-01 -4.352497756481170654e-01 -6.126230955123901367e-01 1.036363363265991211e+00 -5.689312815666198730e-01 1.652335822582244873e-01 -4.019180536270141602e-01 -4.312542378902435303e-01 -4.205935299396514893e-01 1.801393330097198486e-01 -4.754897058010101318e-01 1.103713661432266235e-01 -3.730345666408538818e-01 -3.233174979686737061e-01 8.073845505714416504e-01 7.345275022089481354e-03 -5.638174414634704590e-01 3.347646892070770264e-01 2.827120721340179443e-01 -5.190125703811645508e-01 -8.686088025569915771e-02 -7.085626125335693359e-01 2.884914577007293701e-01 -3.613001108169555664e-01 -8.887667655944824219e-01 6.271084398031234741e-02 3.694923520088195801e-01 1.615800559520721436e-01 -3.569919764995574951e-01 1.200232058763504028e-01 9.138501286506652832e-01 -2.484547644853591919e-01 -5.310882925987243652e-01 7.020548731088638306e-02 1.357679516077041626e-01 1.693722307682037354e-01 -2.196372300386428833e-01 3.455118834972381592e-02 -1.838594973087310791e-01 1.392297595739364624e-01 4.095346927642822266e-01 -5.652073025703430176e-01 -3.039413094520568848e-01 3.708440661430358887e-01 -4.978320598602294922e-01 -7.168928384780883789e-01 -1.262673974037170410e+00 -7.013420015573501587e-02
7.560088634490966797e-01 -5.236004590988159180e-01 -2.991323545575141907e-02 -7.175124883651733398e-01 2.713115811347961426e-01 -4.723581671714782715e-01 2.436238974332809448e-01 1.625778526067733765e-02 -3.428264707326889038e-02 1.319934576749801636e-01 4.606333673000335693e-01 -3.937310874462127686e-01 -9.211841225624084473e-02 -4.614472687244415283e-01 7.379715442657470703e-01 -4.412574470043182373e-01 -5.344291031360626221e-02 -5.611841678619384766e-01 -8.864892721176147461e-01 3.582887053489685059e-01 -7.724075913429260254e-01 7.982114553451538086e-01 -3.592492640018463135e-02 -4.365601539611816406e-01 -2.158880382776260376e-01 4.724310636520385742e-01 -5.020899176597595215e-01 -7.240862846374511719e-01 6.234105229377746582e-01 -2.976099252700805664e-01 5.059239864349365234e-01 3.322038948535919189e-01 -8.069528937339782715e-01 -3.886904120445251465e-01 4.375176131725311279e-01 8.042483925819396973e-01 1.062800064682960510e-01 1.105971693992614746e+00 1.366816312074661255e-01 -6.583992242813110352e-01 -6.850822567939758301e-01 4.131550490856170654e-01 1.760652512311935425e-01 -3.152282536029815674e-01 -9.608599543571472168e-01 5.635155439376831055e-01 4.128387570381164551e-01 -2.824736535549163818e-01 5.715551786124706268e-03 -3.736420273780822754e-01 -6.731952428817749023e-01 -6.361709535121917725e-02 1.774191260337829590e-01 8.261578679084777832e-01 -1.556743234395980835e-01 3.752835094928741455e-01 2.984073758125305176e-01 -1.170596241950988770e+00 -4.602870941162109375e-01 -7.691293954849243164e-02 -1.081874251365661621e+00 -1.121130108833312988e+00 -1.163666248321533203e+00 4.239975512027740479e-01
1.912998855113983154e-01 -4.376617670059204102e-01 -2.488230168819427490e-01 1.331065744161605835e-01 1.580935344099998474e-02 -5.248519778251647949e-01 5.974691733717918396e-02 -6.163943409919738770e-01 3.054032623767852783e-01 1.056690663099288940e-01 8.241153359413146973e-01 -7.210795879364013672e-01 1.892203092575073242e-01 -5.647366121411323547e-02 3.382709324359893799e-01 4.044089317321777344e-01 -1.556254550814628601e-02 1.777108758687973022e-01 -8.544048666954040527e-01 9.669073820114135742e-01 2.731479704380035400e-01 4.493319690227508545e-01 -6.035420894622802734e-01 7.601839303970336914e-02 5.743580311536788940e-02 -2.127894014120101929e-01 -1.384686231613159180e-01 -1.374417357146739960e-02 3.525432348251342773e-01 -3.095564544200897217e-01 4.889989197254180908e-01 9.868755936622619629e-02 3.340321183204650879e-01 8.061226457357406616e-02 -4.681717753410339355e-01 -4.333961606025695801e-01 4.055573940277099609e-01 2.132554352283477783e-01 4.670967161655426025e-01 3.565995395183563232e-01 -4.430457055568695068e-01 3.732853382825851440e-02 -4.191413819789886475e-01 4.696992337703704834e-01 2.395421266555786133e-01 5.123226642608642578e-01 4.352153241634368896e-01 -6.581415534019470215e-01 2.994593381881713867e-01 5.615569278597831726e-02 -9.042956680059432983e-02 1.680774092674255371e-01 -4.499688744544982910e-02 8.171304315328598022e-02 1.494693905115127563e-01 1.373391598463058472e-01 4.869457334280014038e-02 -3.828360140323638916e-01 2.526156008243560791e-01 4.037343561649322510e-01 -1.171260550618171692e-01 -2.830301523208618164e-01 -5.316159725189208984e-01 1.155295893549919128e-01
-1.501333564519882202e-01 -3.577591776847839355e-01 -1.363717205822467804e-02 -6.016085147857666016e-01 -2.752238810062408447e-01 -2.483551800251007080e-01 3.964129090309143066e-01 -6.826283335685729980e-01 1.567376703023910522e-01 -4.055419936776161194e-02 -6.750957667827606201e-02 -2.617573738098144531e-01 -5.040934681892395020e-01 1.617827825248241425e-02 -4.164211750030517578e-01 5.193449258804321289e-01 3.595896363258361816e-01 -3.421965837478637695e-01 -5.943309664726257324e-01 1.076421976089477539e+00 -5.953250527381896973e-01 7.877437025308609009e-02 -2.302075177431106567e-01 -6.675775051116943359e-01 -2.992649674415588379e-01 4.058169424533843994e-01 -1.459132432937622070e-01 -1.166620552539825439e-01 -1.871757060289382935e-01 -3.397375047206878662e-01 1.004446268081665039e+00 -3.633029162883758545e-01 -4.351204633712768555e-01 -4.446627944707870483e-02 5.260658264160156250e-01 -3.215754628181457520e-01 1.629155687987804413e-02 -3.870321214199066162e-01 1.945833265781402588e-01 -3.350629508495330811e-01 -7.914588451385498047e-01 -2.179414927959442139e-01 4.041101336479187012e-01 3.604979515075683594e-01 -8.428623676300048828e-01 -4.895532876253128052e-02 4.721053540706634521e-01 -1.142319515347480774e-01 -5.668759346008300781e-01 1.052745953202247620e-01 1.833808720111846924e-01 -2.858794033527374268e-01 -4.574983716011047363e-01 -1.935284733772277832e-01 3.312812745571136475e-02 2.085390686988830566e-01 7.064778208732604980e-01 -4.068878591060638428e-01 -4.287187457084655762e-01 2.289318293333053589e-01 -2.972707450389862061e-01 -6.112699508666992188e-01 -8.502799868583679199e-01 9.031112492084503174e-02
9.236541390419006348e-01 -3.067377209663391113e-02 1.530895382165908813e-01 -5.240646004676818848e-01 -1.042429283261299133e-01 9.417605996131896973e-01 5.102395415306091309e-01 -4.577794075012207031e-01 -1.081227064132690430e-01 5.428703501820564270e-02 1.836268305778503418e-01 2.515328824520111084e-01 -1.365537662059068680e-02 -3.800794184207916260e-01 -4.435415565967559814e-01 4.062252342700958252e-01 -1.080529689788818359e-01 -2.402901798486709595e-01 -2.219536155462265015e-01 7.847713232040405273e-01 -3.190317004919052124e-02 4.156759977340698242e-01 -2.303225994110107422e-01 -1.308684587478637695e+00 -3.130104243755340576e-01 -9.988380223512649536e-02 -1.028374075889587402e+00 4.351814463734626770e-02 2.922117710113525391e-01 1.494617480784654617e-02 -4.904213249683380127e-01 -4.463376700878143311e-01 -7.834628820419311523e-01 2.546552121639251709e-01 3.217831254005432129e-01 -3.741364777088165283e-01 1.446550190448760986e-01 -1.274029165506362915e-01 3.559125363826751709e-01 -1.281110644340515137e-01 3.232453763484954834e-01 -2.656557261943817139e-01 2.709598466753959656e-02 -4.161078855395317078e-02 -2.266015708446502686e-01 -3.196045458316802979e-01 3.148926421999931335e-02 -1.867537349462509155e-01 -3.436092734336853027e-01 -3.886096775531768799e-01 -9.130772948265075684e-02 -1.917944401502609253e-01 -3.115615248680114746e-01 1.663840711116790771e-01 -9.728312492370605469e-03 1.242144107818603516e-01 3.096106350421905518e-01 -1.790998429059982300e-01 -2.116806618869304657e-02 -3.972546458244323730e-01 -7.004888653755187988e-01 -4.143485724925994873e-01 -6.648670434951782227e-01 -4.390515685081481934e-01
2.507289946079254150e-01 -4.721128344535827637e-01 1.823482476174831390e-02 -1.788603961467742920e-01 4.331997334957122803e-01 -6.970230937004089355e-01 4.652405381202697754e-01 -7.934151887893676758e-01 4.296474531292915344e-02 -6.031691096723079681e-03 8.913713693618774414e-01 -4.647265076637268066e-01 -8.793894201517105103e-02 -9.316428005695343018e-02 2.677122056484222412e-01 6.032883524894714355e-01 -1.316567212343215942e-01 1.345299482345581055e-01 -4.593106806278228760e-01 7.582930326461791992e-01 1.235967427492141724e-01 1.019390940666198730e+00 -2.520194463431835175e-02 1.785285621881484985e-01 -6.640893220901489258e-02 -3.114934265613555908e-01 -3.524722531437873840e-02 -1.444438695907592773e-01 1.048839315772056580e-01 -3.509987592697143555e-01 -1.788274049758911133e-01 3.421219289302825928e-01 -6.115778815001249313e-03 4.406240954995155334e-02 -1.000449359416961670e-01 -1.227912977337837219e-01 6.652122735977172852e-01 1.147552393376827240e-03 5.442336797714233398e-01 -6.409058719873428345e-02 -5.389890074729919434e-02 2.409896850585937500e-01 -2.066235058009624481e-02 7.207577824592590332e-01 -6.971521675586700439e-02 3.286206126213073730e-01 2.187626212835311890e-01 -8.136679530143737793e-01 3.704847097396850586e-01 2.838833630084991455e-01 -4.729706794023513794e-02 4.500679969787597656e-01 1.687775552272796631e-01 2.832702994346618652e-01 2.304972410202026367e-01 -1.541759669780731201e-01 1.812089532613754272e-01 -8.710236847400665283e-02 2.330714911222457886e-01 1.966097205877304077e-01 -9.517839550971984863e-02 -5.939711332321166992e-01 5.749118281528353691e-04 -1.968420147895812988e-01
1.826311349868774414e-01 -5.506691336631774902e-01 -3.972637057304382324e-01 -4.454012513160705566e-01 -2.634953260421752930e-01 -6.925722360610961914e-01 5.253843069076538086e-01 1.932053416967391968e-01 -2.872288525104522705e-01 2.951256930828094482e-01 -1.895877271890640259e-01 -5.730569958686828613e-01 -5.884368419647216797e-01 -7.180855143815279007e-03 1.309788972139358521e-01 -8.793057873845100403e-03 -7.175211608409881592e-02 -5.781180262565612793e-01 -6.495978236198425293e-01 4.576936662197113037e-01 -5.591740012168884277e-01 1.126892328262329102e+00 -1.143465265631675720e-01 -3.207775354385375977e-01 2.017490267753601074e-01 2.750720083713531494e-01 -2.037677317857742310e-01 -5.956946015357971191e-01 1.272774785757064819e-01 1.266230195760726929e-01 1.225471571087837219e-01 -4.179603159427642822e-01 -1.277205944061279297e+00 7.007594704627990723e-01 -4.120048582553863525e-01 6.175786256790161133e-01 4.978735465556383133e-03 6.418880224227905273e-01 -8.382671326398849487e-02 8.857228755950927734e-01 -4.663341641426086426e-01 -2.079400271177291870e-01 9.560865163803100586e-02 -5.143617987632751465e-01 -1.054844498634338379e+00 -3.983270823955535889e-01 7.186001539230346680e-01 -4.051526784896850586e-01 -2.067679762840270996e-01 5.556175112724304199e-01 -8.025034517049789429e-02 -3.413411602377891541e-02 2.571408450603485107e-01 9.711587429046630859e-01 1.196204498410224915e-01 7.801071554422378540e-02 2.134611904621124268e-01 -5.808701515197753906e-01 -1.004906296730041504e+00 9.509625434875488281e-01 -5.084524154663085938e-01 -1.274504780769348145e+00 -7.129867076873779297e-01 -2.209514528512954712e-01
3.797512650489807129e-01 -5.211933255195617676e-01 -1.140090525150299072e-01 -6.044346690177917480e-01 -6.676822900772094727e-02 -7.818391919136047363e-01 2.740723490715026855e-01 -4.228838682174682617e-01 1.603621095418930054e-01 -3.151392564177513123e-02 9.529024958610534668e-01 -4.197342991828918457e-01 4.334159791469573975e-01 -2.693021297454833984e-01 3.187397718429565430e-01 2.813593149185180664e-01 -1.809804290533065796e-01 -2.974552512168884277e-01 -7.522847969084978104e-03 8.975688815116882324e-01 -2.747146785259246826e-01 7.049118876457214355e-01 -5.618477463722229004e-01 2.809305787086486816e-01 1.679479479789733887e-01 2.335812002420425415e-01 -3.252506852149963379e-01 -2.240461111068725586e-01 3.417099714279174805e-01 6.013182401657104492e-01 2.479337006807327271e-01 1.051332503557205200e-01 2.288881540298461914e-01 2.923399806022644043e-01 -4.726321399211883545e-01 5.423453077673912048e-02 7.245299816131591797e-01 3.249412477016448975e-01 2.442089468240737915e-01 -4.459584355354309082e-01 -2.321302592754364014e-01 -1.138909626752138138e-02 -2.488482892513275146e-01 2.062435150146484375e-01 6.376838088035583496e-01 5.343364924192428589e-02 5.775976777076721191e-01 -5.672891139984130859e-01 3.130526244640350342e-01 8.552377820014953613e-01 9.399788826704025269e-02 5.530700087547302246e-01 -1.119705140590667725e-01 -4.993640482425689697e-01 -7.633896917104721069e-02 -2.328702807426452637e-01 4.325796365737915039e-01 2.419278956949710846e-02 -1.110759824514389038e-01 2.246177010238170624e-02 -7.282457947731018066e-01 -6.579270958900451660e-01 -4.894831180572509766e-01 -3.530668094754219055e-02
2.989138662815093994e-01 -4.239110946655273438e-01 2.293428778648376465e-02 -4.889600574970245361e-01 -8.333291113376617432e-02 -6.396566033363342285e-01 -6.133599579334259033e-02 -6.155731081962585449e-01 -3.017933666706085205e-02 7.171405851840972900e-02 1.441759467124938965e-01 -8.330923914909362793e-01 -5.056241154670715332e-01 2.834261357784271240e-01 1.424169242382049561e-01 2.000815570354461670e-01 3.232511579990386963e-01 2.943938784301280975e-02 -5.715757608413696289e-01 7.863636612892150879e-01 -2.255158275365829468e-01 8.830102086067199707e-01 1.626393496990203857e-01 -2.568827867507934570e-01 -5.513877868652343750e-01 2.215707302093505859e-01 -3.140713870525360107e-01 -3.581850826740264893e-01 -1.899275034666061401e-01 -8.057433962821960449e-01 5.203139781951904297e-01 1.255447268486022949e-01 -7.118838429450988770e-01 3.288429081439971924e-01 4.514288306236267090e-01 9.678485989570617676e-02 -3.569955229759216309e-01 -2.376117110252380371e-01 2.977236919105052948e-02 -9.566536545753479004e-01 -2.173472791910171509e-01 -1.206255108118057251e-01 6.233514547348022461e-01 9.062623232603073120e-02 -5.265984535217285156e-01 1.799970120191574097e-01 1.969029307365417480e-01 -5.586759448051452637e-01 -1.829304397106170654e-01 6.205959320068359375e-01 -1.233373433351516724e-01 -3.406600654125213623e-01 3.294447958469390869e-01 1.846017688512802124e-01 7.995560765266418457e-03 2.201874256134033203e-01 4.610862135887145996e-01 -3.481593430042266846e-01 -4.057706594467163086e-01 3.945106565952301025e-01 9.956725686788558960e-02 -4.557662308216094971e-01 8.349017053842544556e-02 3.217805922031402588e-01
5.317177176475524902e-01 -4.585413932800292969e-01 -1.715818196535110474e-01 -5.233315229415893555e-01 -7.319987565279006958e-02 -6.748080253601074219e-01 1.826752722263336182e-01 -3.320161998271942139e-01 -7.919091731309890747e-02 -2.647075057029724121e-01 9.642466306686401367e-01 -1.908696740865707397e-01 4.587874710559844971e-01 -2.687984108924865723e-01 4.719206392765045166e-01 3.690585494041442871e-01 -2.128878831863403320e-01 -4.273420572280883789e-01 2.504381835460662842e-01 7.611765861511230469e-01 -3.070643246173858643e-01 7.488399744033813477e-01 -4.653406441211700439e-01 2.252101451158523560e-01 2.004640847444534302e-01 1.228383630514144897e-01 -4.210036993026733398e-01 -1.816546916961669922e-01 3.839638233184814453e-01 4.557341933250427246e-01 2.604558765888214111e-01 4.821293801069259644e-02 3.740561604499816895e-01 1.727386713027954102e-01 -4.659856557846069336e-01 -1.033467054367065430e-02 6.159859299659729004e-01 3.000312745571136475e-01 4.451922476291656494e-01 -2.608673572540283203e-01 -4.439737796783447266e-01 -1.572793871164321899e-01 -1.731160283088684082e-01 1.327645629644393921e-01 6.190478801727294922e-01 3.165239095687866211e-01 6.821013092994689941e-01 -3.892035484313964844e-01 3.600526154041290283e-01 9.298663139343261719e-01 2.412057481706142426e-03 4.753642380237579346e-01 -5.913294106721878052e-02 -5.054739713668823242e-01 -4.470849409699440002e-02 -3.516316711902618408e-01 4.014821946620941162e-01 -8.317825198173522949e-02 -2.810340523719787598e-01 1.385833024978637695e-01 -5.986508727073669434e-01 -7.344081401824951172e-01 -3.364899456501007080e-01 -1.611411869525909424e-01
-4.476822912693023682e-01 -3.351108729839324951e-02 1.269549783319234848e-02 -2.960308492183685303e-01 -2.825602591037750244e-01 -5.110203623771667480e-01 -3.532031178474426270e-02 -8.334363102912902832e-01 -2.483035922050476074e-01 2.030418813228607178e-01 3.331496417522430420e-01 -6.019242405891418457e-01 3.722811043262481689e-01 -4.064397215843200684e-01 3.466382920742034912e-01 3.175407052040100098e-01 2.950912415981292725e-01 -2.815661728382110596e-01 -2.921256422996520996e-02 7.884513735771179199e-01 -5.462008714675903320e-02 9.360427260398864746e-01 -4.361165463924407959e-01 -1.435210108757019043e-01 2.211474925279617310e-01 1.645407229661941528e-01 -2.274688780307769775e-01 1.549372524023056030e-01 8.317012190818786621e-01 -7.600999623537063599e-02 4.375030696392059326e-01 1.616778038442134857e-02 -1.467027217149734497e-01 -3.074608147144317627e-01 -6.180688142776489258e-01 -1.903491169214248657e-01 5.500752925872802734e-01 5.538899824023246765e-02 -6.247559189796447754e-01 2.774851322174072266e-01 -6.079834699630737305e-01 -3.584774136543273926e-01 -1.851750910282135010e-01 7.434433698654174805e-01 6.174178123474121094e-01 5.830792784690856934e-01 3.793348670005798340e-01 -7.787729501724243164e-01 -3.729352653026580811e-01 -1.963517218828201294e-01 -5.497851371765136719e-01 2.801681160926818848e-01 4.650642871856689453e-01 -6.382307410240173340e-01 9.476444870233535767e-02 -7.033079117536544800e-02 2.093397676944732666e-01 5.412679314613342285e-01 -3.935083150863647461e-01 -8.419109508395195007e-03 -5.334734916687011719e-01 -6.968215703964233398e-01 -8.050005435943603516e-01 -1.673773676156997681e-01
-1.229423582553863525e-01 1.474077552556991577e-01 -2.733995318412780762e-01 -4.555213078856468201e-02 -2.489331811666488647e-01 -4.193599522113800049e-01 1.244100809097290039e+00 2.103948034346103668e-02 -3.292496800422668457e-01 -3.760310113430023193e-01 5.922351479530334473e-01 -8.448964357376098633e-01 -4.310846924781799316e-01 -3.803534507751464844e-01 5.098772048950195312e-01 -4.698623716831207275e-01 2.356676906347274780e-01 -2.170885652303695679e-01 -6.363366842269897461e-01 -3.446779549121856689e-01 -6.714348196983337402e-01 6.169558167457580566e-01 1.923281848430633545e-01 -1.023288965225219727e+00 -4.087656438350677490e-01 6.295017600059509277e-01 6.587117165327072144e-02 -1.043014302849769592e-01 -2.384436875581741333e-02 -2.971614897251129150e-01 6.755965203046798706e-02 1.387611329555511475e-01 -7.090094685554504395e-01 1.826328337192535400e-01 -5.553852319717407227e-01 1.100021600723266602e-01 -1.609812378883361816e-01 8.084084987640380859e-01 -1.181258633732795715e-01 -3.280877172946929932e-01 -5.953367948532104492e-01 -8.187285810708999634e-02 -7.488978654146194458e-02 -2.204961031675338745e-01 3.162402659654617310e-02 9.491309523582458496e-01 9.177525639533996582e-01 -3.312090635299682617e-01 -2.441434860229492188e-01 2.611567378044128418e-01 -3.177268505096435547e-01 -5.024693608283996582e-01 -4.276187121868133545e-01 6.014269590377807617e-01 -6.972664594650268555e-01 5.809751749038696289e-01 8.100793361663818359e-01 -5.513828992843627930e-01 -9.449179768562316895e-01 2.940492331981658936e-01 2.373078837990760803e-03 -6.213986277580261230e-01 -1.022656634449958801e-01 -2.796209454536437988e-01
2.887167036533355713e-01 -1.952431648969650269e-01 -1.014173403382301331e-01 4.778866469860076904e-01 -4.013184309005737305e-01 -3.136901855468750000e-01 3.705021440982818604e-01 -3.051317036151885986e-01 -4.821645617485046387e-01 -9.685251116752624512e-02 3.881219923496246338e-01 -5.062575936317443848e-01 2.366454005241394043e-01 -2.592268288135528564e-01 6.088998913764953613e-01 -1.908388733863830566e-01 1.496737729758024216e-02 -1.500033885240554810e-01 6.392651796340942383e-01 5.908793807029724121e-01 -3.191768424585461617e-03 1.421952605247497559e+00 -1.164151430130004883e+00 5.445808172225952148e-02 -2.225312143564224243e-01 1.327392458915710449e-01 -1.473910957574844360e-01 -1.400446426123380661e-02 4.049438834190368652e-01 -2.960094995796680450e-02 6.107684373855590820e-01 -1.563939750194549561e-01 -4.203782677650451660e-01 -1.205275654792785645e-01 1.380464285612106323e-01 8.845077455043792725e-02 4.674867391586303711e-01 4.711550772190093994e-01 1.065118759870529175e-01 -5.349712967872619629e-01 -4.918760061264038086e-01 -3.117991089820861816e-01 -2.446071207523345947e-01 3.977125883102416992e-01 8.220933675765991211e-01 8.163669109344482422e-01 3.047696501016616821e-02 -6.295642852783203125e-01 -3.864850401878356934e-01 2.822841107845306396e-01 -6.610438972711563110e-02 1.860567331314086914e-01 -1.175402104854583740e-01 -5.715416073799133301e-01 6.846750974655151367e-01 -7.925911992788314819e-02 1.162568514700978994e-04 -2.933822944760322571e-02 -7.675541639328002930e-01 1.581283956766128540e-01 -1.011310935020446777e+00 -9.086495041847229004e-01 -3.075644075870513916e-01 4.643173515796661377e-01
8.919631838798522949e-01 -4.805505275726318359e-01 -6.887366175651550293e-01 -3.142601996660232544e-02 -4.427523910999298096e-01 -6.677490472793579102e-01 5.041764974594116211e-01 1.753777861595153809e-01 5.584781616926193237e-02 3.883008658885955811e-01 9.633038043975830078e-01 -2.326351404190063477e-01 1.280988305807113647e-01 -4.322220087051391602e-01 2.268841117620468140e-01 3.545773029327392578e-01 -6.273684650659561157e-02 -2.000761628150939941e-01 -1.418863683938980103e-01 5.350995063781738281e-01 3.493228554725646973e-01 8.507537841796875000e-01 -4.029214978218078613e-01 -2.905832529067993164e-01 -2.402889281511306763e-01 1.020243316888809204e-01 -7.077322602272033691e-01 3.172251284122467041e-01 7.214456796646118164e-02 -4.105220437049865723e-01 -3.904570266604423523e-02 3.969237506389617920e-01 2.340804487466812134e-01 -1.166274175047874451e-01 -5.323504805564880371e-01 3.831634223461151123e-01 4.441875517368316650e-01 -2.267856597900390625e-01 7.535422444343566895e-01 1.635370999574661255e-01 3.099460303783416748e-01 -4.198731482028961182e-01 2.265390381217002869e-02 3.815830871462821960e-02 -6.563460826873779297e-01 5.051367878913879395e-01 5.528742074966430664e-01 -6.163685321807861328e-01 4.917023181915283203e-01 -4.264496639370918274e-02 3.028052449226379395e-01 -1.805571913719177246e-01 -1.933428347110748291e-01 -6.805222481489181519e-02 -1.551237702369689941e-01 1.635197252035140991e-01 7.069796919822692871e-01 -5.880035161972045898e-01 -6.569968163967132568e-02 -8.855391293764114380e-02 4.830450117588043213e-01 -1.098038792610168457e+00 -2.641949802637100220e-02 1.943692006170749664e-02
7.034800648689270020e-01 -8.785632252693176270e-01 2.632156312465667725e-01 -1.542992591857910156e-01 -1.668321043252944946e-01 6.781114935874938965e-01 4.737778380513191223e-02 -1.584733873605728149e-01 2.332661747932434082e-01 -3.226889371871948242e-01 -1.557044126093387604e-02 7.254362106323242188e-02 -1.412161588668823242e-01 -6.447032690048217773e-01 -4.488871395587921143e-01 -2.897325903177261353e-02 -5.895996466279029846e-02 6.011163350194692612e-03 -7.297964766621589661e-03 6.010469794273376465e-01 -2.240076065063476562e-01 8.072497248649597168e-01 9.816674143075942993e-02 -8.725455999374389648e-01 -4.260378479957580566e-01 -2.504620254039764404e-01 -6.882167458534240723e-01 1.641789376735687256e-01 6.036174297332763672e-01 -2.663803696632385254e-01 -7.122026085853576660e-01 -3.923476934432983398e-01 -5.097828507423400879e-01 9.672144055366516113e-02 1.877360343933105469e-01 -8.637432754039764404e-02 2.287848293781280518e-01 -1.707068830728530884e-01 5.067079663276672363e-01 -4.262292981147766113e-01 2.977952063083648682e-01 -1.577742248773574829e-01 -1.466010808944702148e-01 -7.323877811431884766e-01 1.497787684202194214e-01 2.218794524669647217e-01 9.992852807044982910e-02 2.034187018871307373e-01 -4.399685859680175781e-01 -4.492366909980773926e-01 -2.320707142353057861e-01 5.899102240800857544e-02 -3.545007109642028809e-01 3.572844862937927246e-01 7.588083148002624512e-01 -1.839893870055675507e-02 3.355182241648435593e-03 -1.681609600782394409e-01 -2.595793008804321289e-01 1.019808053970336914e-01 -7.861865758895874023e-01 -4.179021716117858887e-01 -1.666516996920108795e-02 7.080540060997009277e-02
6.595377326011657715e-01 -5.133054256439208984e-01 1.383198946714401245e-01 -2.295831963419914246e-02 7.204101979732513428e-02 1.720239967107772827e-01 -4.592124223709106445e-01 1.748464852571487427e-01 7.467811107635498047e-01 -1.139936298131942749e-01 8.874363303184509277e-01 9.400159469805657864e-04 -4.198770225048065186e-01 -4.373100101947784424e-01 3.825870454311370850e-01 9.866832494735717773e-01 -1.774172484874725342e-02 -1.730704754590988159e-01 7.718052715063095093e-02 -2.308619618415832520e-01 -6.770192384719848633e-01 4.777522087097167969e-01 1.186850145459175110e-01 -1.443643331527709961e+00 -3.670490905642509460e-02 3.959878087043762207e-01 -2.845118194818496704e-02 8.022161126136779785e-01 6.370494961738586426e-01 5.955647304654121399e-02 2.356762625277042389e-02 -4.451569914817810059e-01 -6.670548319816589355e-01 -4.326122701168060303e-01 -3.271539211273193359e-01 -1.456965953111648560e-01 -2.986200153827667236e-01 4.896328151226043701e-01 2.107717245817184448e-01 2.174890339374542236e-01 1.727430224418640137e-01 -6.018285751342773438e-01 -8.284249901771545410e-01 -8.300952315330505371e-01 4.256119430065155029e-01 -9.598410874605178833e-02 3.902804553508758545e-01 -3.166013956069946289e-01 -3.094899654388427734e-01 6.196627020835876465e-01 -3.097958862781524658e-01 -5.023384094238281250e-01 3.516061697155237198e-03 3.746755123138427734e-01 9.260029196739196777e-01 3.549302518367767334e-01 7.762212157249450684e-01 2.728525735437870026e-02 -6.355403661727905273e-01 5.361214876174926758e-01 -9.911271929740905762e-01 -4.807696044445037842e-01 1.208414062857627869e-01 3.461087048053741455e-01
4.903612136840820312e-01 4.782953858375549316e-02 4.593887627124786377e-01 -4.320651292800903320e-01 3.633714318275451660e-01 4.851031303405761719e-01 3.688840866088867188e-01 -5.495159029960632324e-01 -1.449034065008163452e-01 2.475056201219558716e-01 1.910232901573181152e-01 3.876983225345611572e-01 -1.365791857242584229e-01 3.553669154644012451e-02 -4.983491897583007812e-01 7.909556031227111816e-01 3.671312928199768066e-01 -3.734456598758697510e-01 -5.761431455612182617e-01 7.719191908836364746e-01 2.505858242511749268e-01 7.518892884254455566e-01 -1.711872667074203491e-01 -9.746434688568115234e-01 -7.846648246049880981e-02 -3.447368144989013672e-01 -6.640348434448242188e-01 1.918771713972091675e-01 2.251798361539840698e-01 3.209367766976356506e-02 -2.857888340950012207e-01 -2.318352013826370239e-01 -3.924907147884368896e-01 2.781846225261688232e-01 2.653339207172393799e-01 -5.903093218803405762e-01 1.304103434085845947e-01 -1.992794424295425415e-01 3.589995503425598145e-01 -3.746375739574432373e-01 3.647302389144897461e-01 -5.119482278823852539e-01 9.345650672912597656e-02 -3.400867283344268799e-01 -3.457137048244476318e-01 -9.312023222446441650e-02 4.502060711383819580e-01 -6.294242739677429199e-01 -3.266841918230056763e-02 -3.672429621219635010e-01 -3.214730322360992432e-01 3.008395899087190628e-03 -2.276064157485961914e-01 1.124500855803489685e-01 9.185902029275894165e-02 4.541329145431518555e-01 1.624082773923873901e-01 -1.747720688581466675e-01 -3.746611624956130981e-02 -3.308861851692199707e-01 -4.866413176059722900e-01 -2.814492285251617432e-01 -2.488692998886108398e-01 -5.201717615127563477e-01
-3.956514000892639160e-01 -7.697983831167221069e-02 3.654667735099792480e-01 -3.137093186378479004e-01 -5.144776701927185059e-01 -3.778257071971893311e-01 -2.990141510963439941e-01 -8.606802225112915039e-01 2.245350480079650879e-01 -2.082347124814987183e-01 4.303474426269531250e-01 -2.141990810632705688e-01 -6.106595396995544434e-01 -1.695978268980979919e-02 4.579791128635406494e-01 4.187707602977752686e-02 -3.626384586095809937e-02 -2.493097446858882904e-02 -5.030696988105773926e-01 6.690955162048339844e-01 -2.287341095507144928e-02 -3.096966445446014404e-01 -2.532691657543182373e-01 -1.001118421554565430e+00 3.935128748416900635e-01 4.324809610843658447e-01 -2.873948216438293457e-01 5.395847558975219727e-01 6.918712258338928223e-01 -7.106921076774597168e-01 1.246883496642112732e-01 3.784390985965728760e-01 -4.891760051250457764e-01 -3.985527753829956055e-01 -2.919434309005737305e-01 -1.378210037946701050e-01 4.422943890094757080e-01 2.507373988628387451e-01 -2.677955627441406250e-01 5.145503878593444824e-01 9.834403544664382935e-02 -1.887386105954647064e-02 -3.608945906162261963e-01 7.571720983833074570e-03 2.431313842535018921e-01 7.467406988143920898e-02 1.015206277370452881e-01 -5.854448080062866211e-01 -2.399175614118576050e-01 -3.722930848598480225e-01 3.459774553775787354e-01 1.111053600907325745e-01 -2.639914453029632568e-01 -1.289511620998382568e-01 5.246232748031616211e-01 1.257171034812927246e-01 -2.836221158504486084e-01 2.421271353960037231e-01 -5.228699445724487305e-01 2.570276558399200439e-01 -2.249153107404708862e-01 -4.959885179996490479e-01 -6.317936182022094727e-01 -1.015900149941444397e-01
2.365332841873168945e-01 -2.145534753799438477e-01 3.885881006717681885e-01 1.314557194709777832e-01 -2.003641128540039062e-01 8.085555746220052242e-04 -3.824800550937652588e-01 3.464870527386665344e-02 5.358533263206481934e-01 4.482565075159072876e-02 9.555597901344299316e-01 -1.186971813440322876e-01 -2.993548512458801270e-01 -4.832776188850402832e-01 1.818577647209167480e-01 9.498545527458190918e-01 -3.887703120708465576e-01 -2.932025585323572159e-03 1.216539815068244934e-01 -3.633505105972290039e-01 -6.582649350166320801e-01 1.710541844367980957e-01 3.259697258472442627e-01 -1.117285490036010742e+00 -2.864492125809192657e-02 1.412571370601654053e-01 -1.488935500383377075e-01 4.998756349086761475e-01 1.373299658298492432e-01 5.693299323320388794e-02 2.036913335323333740e-01 -1.397929191589355469e-01 -6.937623620033264160e-01 -5.091102123260498047e-01 -2.310141175985336304e-01 -1.632414460182189941e-01 1.539092697203159332e-02 1.391730457544326782e-01 -6.698991358280181885e-02 3.695863187313079834e-01 2.841094136238098145e-01 -4.590838849544525146e-01 -5.990707874298095703e-01 -4.266529381275177002e-01 3.415781259536743164e-01 -3.049291074275970459e-01 2.425114065408706665e-01 2.092232741415500641e-02 -3.661306202411651611e-01 4.788777530193328857e-01 -3.052684068679809570e-01 -3.366680145263671875e-01 -2.543592453002929688e-01 -2.304518595337867737e-02 8.807289004325866699e-01 2.937696278095245361e-01 6.317774057388305664e-01 -7.934407144784927368e-02 -9.342801570892333984e-01 7.703789323568344116e-02 -9.395663142204284668e-01 -6.222217082977294922e-01 -1.273738779127597809e-02 -2.308389842510223389e-01
2.751561999320983887e-01 -2.668019533157348633e-01 3.609370440244674683e-02 -3.440577536821365356e-02 -6.557883024215698242e-01 -3.470821082592010498e-01 -2.980268597602844238e-01 -5.080780982971191406e-01 9.552455693483352661e-02 -7.359084486961364746e-01 4.950263500213623047e-01 -4.176996648311614990e-01 -4.658791422843933105e-01 1.515344679355621338e-01 4.025226533412933350e-01 1.966678947210311890e-01 -3.204182907938957214e-02 -3.027863800525665283e-01 -2.168155163526535034e-01 2.179117053747177124e-01 -1.093782186508178711e+00 -9.150323271751403809e-02 4.709122702479362488e-02 -9.409938454627990723e-01 4.885844513773918152e-02 2.138596624135971069e-01 -1.067497968673706055e+00 6.499295234680175781e-01 1.634449958801269531e-01 -3.361164927482604980e-01 -4.849296528846025467e-03 6.270291656255722046e-02 -7.459350228309631348e-01 -1.689306795597076416e-01 -6.326951980590820312e-01 3.305965363979339600e-01 1.183476392179727554e-02 8.213958144187927246e-01 -1.965778768062591553e-01 7.508974075317382812e-01 1.408393085002899170e-01 -4.338175058364868164e-02 -1.091280207037925720e-01 -1.907078921794891357e-01 -4.065611660480499268e-01 4.531874507665634155e-02 -2.590576112270355225e-01 1.618871390819549561e-01 -4.692008346319198608e-02 -5.429335832595825195e-01 2.488043010234832764e-01 4.662111103534698486e-01 -1.876677870750427246e-01 -4.924669265747070312e-01 5.232569575309753418e-01 4.256924986839294434e-01 -5.293722823262214661e-02 -2.083610296249389648e-01 -4.690140187740325928e-01 1.310068964958190918e-01 -4.871741235256195068e-01 -8.472858071327209473e-01 -3.052883446216583252e-01 -2.033207565546035767e-01
-7.200727611780166626e-02 4.160456301178783178e-04 6.297951936721801758e-01 8.213039487600326538e-02 -3.354841470718383789e-01 -1.863662749528884888e-01 -2.546297013759613037e-01 -6.157400012016296387e-01 9.777540713548660278e-02 -6.491469144821166992e-01 5.641002058982849121e-01 -3.660804629325866699e-01 -5.593060255050659180e-01 -3.966262638568878174e-01 7.502575218677520752e-02 -1.464085727930068970e-01 1.300143748521804810e-01 1.532758027315139771e-01 9.801109880208969116e-02 3.446734249591827393e-01 -7.303245663642883301e-01 1.985244750976562500e-01 -1.634425818920135498e-01 -5.491247773170471191e-01 -3.561923503875732422e-01 1.905963122844696045e-01 -6.854480504989624023e-01 2.879010736942291260e-01 2.835652530193328857e-01 -1.330948323011398315e-01 -6.233043670654296875e-01 -4.365599527955055237e-02 -5.916622281074523926e-01 1.933750361204147339e-01 -7.480683922767639160e-01 8.359321951866149902e-02 7.003437876701354980e-01 4.185626506805419922e-01 2.310815602540969849e-01 6.379996538162231445e-01 2.654434740543365479e-01 -2.358025312423706055e-01 -2.394189387559890747e-01 -6.167378425598144531e-01 -1.309054624289274216e-02 3.997087106108665466e-02 -4.798861443996429443e-01 8.680646866559982300e-02 -1.517906934022903442e-01 -5.827185511589050293e-01 5.232084989547729492e-01 1.066299006342887878e-01 5.342542659491300583e-03 -4.797189310193061829e-02 5.266359448432922363e-01 5.935872793197631836e-01 1.661583632230758667e-01 -3.129775524139404297e-01 -6.221428513526916504e-01 -1.008597109466791153e-02 -4.194592535495758057e-01 -8.687892556190490723e-01 -8.569533228874206543e-01 -3.262252211570739746e-01
8.872372508049011230e-01 -7.683591544628143311e-02 5.881417989730834961e-01 4.905483871698379517e-02 4.055246114730834961e-01 3.385648727416992188e-01 1.198188513517379761e-01 -7.367863655090332031e-01 -2.409325838088989258e-01 3.704578280448913574e-01 5.860464572906494141e-01 -6.235039830207824707e-01 -6.907657980918884277e-01 7.877874374389648438e-02 4.646844565868377686e-01 5.550099015235900879e-01 -5.285414457321166992e-01 -6.358522176742553711e-01 -4.573192000389099121e-01 -1.927125304937362671e-01 -4.803369939327239990e-01 -5.873504094779491425e-03 -2.405241578817367554e-01 -1.059324026107788086e+00 2.393881380558013916e-01 1.027134537696838379e+00 1.457433998584747314e-01 4.180175811052322388e-02 5.832038521766662598e-01 -1.961601823568344116e-01 1.666361838579177856e-01 1.764519512653350830e-01 -4.498403370380401611e-01 3.026177883148193359e-01 -3.073745369911193848e-01 4.652795195579528809e-01 1.574138998985290527e-01 2.291563153266906738e-01 4.217397570610046387e-01 -1.694408431649208069e-02 1.935130208730697632e-01 -1.877658516168594360e-01 -4.308725297451019287e-01 3.783866465091705322e-01 -1.237005144357681274e-01 -4.372180700302124023e-01 -3.649277687072753906e-01 -4.445003271102905273e-01 -5.972207188606262207e-01 -2.013143151998519897e-01 4.257628619670867920e-01 2.463543415069580078e-01 1.455638259649276733e-01 1.266849786043167114e-01 8.733116984367370605e-01 4.185050725936889648e-01 2.874776422977447510e-01 1.886198222637176514e-01 -7.184731364250183105e-01 -9.601185470819473267e-02 1.857030093669891357e-01 -4.849571585655212402e-01 2.459054589271545410e-01 5.609115362167358398e-01
6.626111268997192383e-01 9.367468953132629395e-02 6.357553601264953613e-01 -4.226460456848144531e-01 4.026084542274475098e-01 1.456243097782135010e-01 4.247322082519531250e-01 -3.822512626647949219e-01 3.175734877586364746e-01 -4.205491766333580017e-02 6.530199050903320312e-01 -4.338572621345520020e-01 -6.013097763061523438e-01 -2.625208497047424316e-01 7.472353428602218628e-02 3.730854988098144531e-01 -2.842828333377838135e-01 -4.728150069713592529e-01 4.781557321548461914e-01 -1.616952568292617798e-01 -4.524570330977439880e-02 2.000644207000732422e-01 1.535854041576385498e-01 -1.546813249588012695e+00 5.024282336235046387e-01 1.037717759609222412e-01 -3.381874263286590576e-01 -8.934666961431503296e-02 4.789701104164123535e-01 1.441494375467300415e-02 2.092990465462207794e-02 -7.108314037322998047e-01 -7.804757952690124512e-01 5.860041454434394836e-02 -2.685896754264831543e-01 -1.930160969495773315e-01 5.392875075340270996e-01 -1.128680631518363953e-01 7.271244525909423828e-01 3.969150781631469727e-02 5.254748463630676270e-01 6.068580597639083862e-02 -3.027364611625671387e-01 -4.602526724338531494e-01 -2.680818736553192139e-01 -2.078923955559730530e-02 -1.652781814336776733e-01 -9.055850505828857422e-01 -1.111853241920471191e+00 6.289719045162200928e-02 1.668890118598937988e-01 -4.153377115726470947e-01 -2.956430427730083466e-02 -6.344219297170639038e-02 1.421665847301483154e-01 3.445973247289657593e-02 3.584192320704460144e-02 -2.935394346714019775e-01 -2.315075695514678955e-01 1.864804923534393311e-01 -4.147644340991973877e-01 -3.738773763179779053e-01 -7.089454680681228638e-02 -4.353600442409515381e-01
8.066165447235107422e-01 -5.274589657783508301e-01 9.203055500984191895e-02 -7.273893952369689941e-01 2.593621909618377686e-01 -3.960289061069488525e-01 1.077613085508346558e-01 9.151969105005264282e-02 -2.880277484655380249e-02 1.066212207078933716e-01 5.709170103073120117e-01 -6.589502096176147461e-02 -4.655241966247558594e-02 -4.022186994552612305e-01 6.570397019386291504e-01 -3.923400938510894775e-01 -1.529042720794677734e-01 -5.955992341041564941e-01 -8.605356216430664062e-01 2.345782965421676636e-01 -6.682638525962829590e-01 8.244368433952331543e-01 -1.171494275331497192e-01 -3.819791674613952637e-01 -2.443821281194686890e-01 5.341199636459350586e-01 -5.700975656509399414e-01 -6.402269601821899414e-01 6.263542771339416504e-01 -2.425074875354766846e-01 3.872659802436828613e-01 4.818023443222045898e-01 -7.569468617439270020e-01 -4.590901732444763184e-01 4.394855201244354248e-01 8.018653988838195801e-01 1.060153171420097351e-01 1.199328184127807617e+00 1.836597025394439697e-01 -5.172589421272277832e-01 -8.015211820602416992e-01 4.253085851669311523e-01 2.143507152795791626e-01 -2.786124646663665771e-01 -9.084249138832092285e-01 5.819306969642639160e-01 5.077878236770629883e-01 -2.938946187496185303e-01 -1.662614345550537109e-01 -3.349627852439880371e-01 -5.759755373001098633e-01 -9.706194698810577393e-02 2.127148061990737915e-01 8.604660034179687500e-01 -1.022803708910942078e-01 5.000967383384704590e-01 2.798066437244415283e-01 -1.059167385101318359e+00 -3.847815394401550293e-01 -8.085060119628906250e-02 -1.113643646240234375e+00 -1.143134236335754395e+00 -1.242116212844848633e+00 4.536961615085601807e-01
9.327223300933837891e-01 -1.165418922901153564e-01 2.441739141941070557e-01 -5.877106785774230957e-01 5.030478537082672119e-02 8.707607984542846680e-01 5.460020899772644043e-01 -4.181047976016998291e-01 -1.571687459945678711e-01 5.867188423871994019e-02 2.856560647487640381e-01 4.298315644264221191e-01 1.382250711321830750e-02 -4.791725575923919678e-01 -5.352251529693603516e-01 4.507758617401123047e-01 -2.052942961454391479e-01 -3.451303541660308838e-01 -2.496241182088851929e-01 5.944940447807312012e-01 -3.051116764545440674e-01 5.402635335922241211e-01 -1.466607898473739624e-01 -1.205821871757507324e+00 -2.967889010906219482e-01 -2.736041247844696045e-01 -1.202926874160766602e+00 6.601131707429885864e-02 2.618547677993774414e-01 8.952547609806060791e-02 -4.569240510463714600e-01 -3.817062079906463623e-01 -7.263623476028442383e-01 4.420348703861236572e-01 2.840376198291778564e-01 -2.367549538612365723e-01 2.656745016574859619e-01 -1.252667307853698730e-01 2.175473570823669434e-01 -5.882204324007034302e-02 1.367012858390808105e-01 -1.784718036651611328e-01 -2.062705606222152710e-01 -2.278594374656677246e-01 -9.418879449367523193e-02 -1.954092979431152344e-01 2.129632234573364258e-02 -5.490193367004394531e-01 -2.493234723806381226e-01 -6.076575517654418945e-01 -1.053631901741027832e-01 -1.114133298397064209e-01 -6.848385930061340332e-02 2.179685682058334351e-01 5.718205496668815613e-02 2.117763459682464600e-01 1.427832692861557007e-01 -3.032228350639343262e-01 3.806621953845024109e-02 -2.929213643074035645e-01 -8.237050175666809082e-01 -3.181757628917694092e-01 -5.106262564659118652e-01 -3.889737427234649658e-01
3.181736469268798828e-01 -4.915528893470764160e-01 -1.546595990657806396e-01 -5.784292221069335938e-01 -1.579985171556472778e-01 -5.565646886825561523e-01 3.214508593082427979e-01 -5.800051689147949219e-01 -5.704760551452636719e-02 -1.043680831789970398e-01 9.646700620651245117e-01 -3.891540169715881348e-01 3.748602867126464844e-01 -2.311849594116210938e-02 4.693262875080108643e-01 3.528836667537689209e-01 -3.348542153835296631e-01 -5.079144239425659180e-01 1.308231707662343979e-02 7.622481584548950195e-01 -2.891986370086669922e-01 5.979839563369750977e-01 -4.447088837623596191e-01 3.763553202152252197e-01 9.635885804891586304e-02 -1.621043682098388672e-02 -3.966495990753173828e-01 -1.785318255424499512e-01 5.388331413269042969e-01 5.000216960906982422e-01 2.621684074401855469e-01 8.372428268194198608e-02 2.192561030387878418e-01 3.135513961315155029e-01 -2.756654024124145508e-01 -9.242070466279983521e-02 4.102024137973785400e-01 3.221734762191772461e-01 2.902204096317291260e-01 -4.940726161003112793e-01 -3.761973977088928223e-01 1.659190207719802856e-01 -3.433926105499267578e-01 2.052331417798995972e-01 6.239161491394042969e-01 1.360176652669906616e-01 8.158921003341674805e-01 -4.099840521812438965e-01 3.040587604045867920e-01 8.671972751617431641e-01 2.279493361711502075e-01 4.358660578727722168e-01 -1.333684027194976807e-01 -5.340849757194519043e-01 1.509352177381515503e-01 -3.893058001995086670e-01 2.777766883373260498e-01 -6.250856071710586548e-02 -2.103286683559417725e-01 1.577395945787429810e-01 -5.225782990455627441e-01 -8.809121251106262207e-01 -4.362778663635253906e-01 -1.184787079691886902e-01
1.784832216799259186e-02 -4.815740287303924561e-01 -1.565001606941223145e-01 -5.541103482246398926e-01 -1.591407656669616699e-01 -1.458545178174972534e-01 5.400148630142211914e-01 -6.362532973289489746e-01 3.092772364616394043e-01 -2.750360071659088135e-01 -1.103576645255088806e-02 -1.478509753942489624e-01 -6.057075262069702148e-01 -3.760879635810852051e-01 -3.804740607738494873e-01 4.006803333759307861e-01 4.124887585639953613e-01 -5.115886330604553223e-01 -7.051470279693603516e-01 8.898417949676513672e-01 -5.958936810493469238e-01 5.204216241836547852e-01 -1.105084270238876343e-01 -5.004884600639343262e-01 -1.332816481590270996e-01 4.552066624164581299e-01 -1.845193207263946533e-01 7.226414978504180908e-02 -1.373557746410369873e-01 -4.036003351211547852e-01 9.072004556655883789e-01 -3.673340380191802979e-01 -4.731916785240173340e-01 -2.073878049850463867e-01 5.386768579483032227e-01 -4.128524065017700195e-01 -2.965237945318222046e-02 -4.422646760940551758e-01 -8.966837823390960693e-02 -6.800912618637084961e-01 -4.913614392280578613e-01 -1.274536103010177612e-01 5.391368269920349121e-01 3.527939915657043457e-01 -1.146011471748352051e+00 -1.187209114432334900e-01 4.430252611637115479e-01 -2.268928587436676025e-01 -6.510580182075500488e-01 1.440424621105194092e-01 1.721917092800140381e-01 -4.972285330295562744e-01 -4.571535885334014893e-01 -1.068633273243904114e-01 1.015556603670120239e-01 1.936370432376861572e-01 5.613591670989990234e-01 -4.701023995876312256e-01 -3.541664481163024902e-01 3.664074838161468506e-01 -4.407455921173095703e-01 -7.361488342285156250e-01 -6.096354126930236816e-01 1.907737851142883301e-01
-3.545014560222625732e-01 -4.030172824859619141e-01 -1.468100249767303467e-01 -3.724734783172607422e-01 -4.606328532099723816e-02 -2.589851021766662598e-01 4.661813676357269287e-01 -4.515618979930877686e-01 1.289763450622558594e-01 -1.904072165489196777e-01 9.231780171394348145e-01 2.756249904632568359e-01 -2.010882943868637085e-01 -4.139183461666107178e-01 1.115494742989540100e-01 1.761978417634963989e-01 -3.912951350212097168e-01 -6.900948286056518555e-01 -5.549967885017395020e-01 9.307703971862792969e-01 -3.477451801300048828e-01 2.185360342264175415e-01 -5.792207121849060059e-01 -5.127751231193542480e-01 -2.458608746528625488e-01 4.642322659492492676e-01 -6.209453940391540527e-01 -3.875227570533752441e-01 -3.413559496402740479e-01 -2.791518867015838623e-01 3.593692481517791748e-01 8.105222135782241821e-02 -1.633029431104660034e-02 -1.125097349286079407e-01 1.423743832856416702e-02 4.189373180270195007e-02 2.473318129777908325e-01 -2.662539184093475342e-01 4.192204177379608154e-01 -3.398613035678863525e-01 -7.474302649497985840e-01 1.414963006973266602e-01 -4.168335199356079102e-01 4.601479172706604004e-01 1.175796836614608765e-01 5.160193443298339844e-01 8.891689181327819824e-01 2.401946485042572021e-01 -1.407290846109390259e-01 5.425686240196228027e-01 4.229167699813842773e-01 4.038514792919158936e-01 8.952990174293518066e-02 -4.880143105983734131e-01 -9.270098060369491577e-02 3.492905944585800171e-02 2.791242003440856934e-01 -3.152020275592803955e-01 -5.488125234842300415e-02 1.105166673660278320e+00 -8.366475701332092285e-01 -2.500940263271331787e-01 -7.324813604354858398e-01 5.296717882156372070e-01
6.129895448684692383e-01 -4.604308307170867920e-01 -4.748437702655792236e-01 -1.302074193954467773e-01 -3.936070501804351807e-01 -6.118596196174621582e-01 4.032610654830932617e-01 -6.132667139172554016e-02 2.672437205910682678e-02 3.275443017482757568e-01 8.394429087638854980e-01 -3.534962534904479980e-01 6.956335902214050293e-02 -2.325827777385711670e-01 3.110933303833007812e-01 3.007075190544128418e-01 -1.060970649123191833e-01 -2.346053868532180786e-01 -4.658445119857788086e-01 6.485796570777893066e-01 4.748916327953338623e-01 9.593939781188964844e-01 -4.111953973770141602e-01 -2.511327862739562988e-01 1.186334807425737381e-02 9.745877236127853394e-02 -7.866755723953247070e-01 1.581908464431762695e-01 9.387598186731338501e-02 -5.009416341781616211e-01 -2.457465976476669312e-01 3.244126141071319580e-01 2.732608020305633545e-01 -1.193182840943336487e-01 -5.460485816001892090e-01 4.684339761734008789e-01 5.937508940696716309e-01 3.091588988900184631e-02 6.157953143119812012e-01 2.065243124961853027e-01 2.374517917633056641e-01 -4.473681747913360596e-01 2.071165889501571655e-01 6.294996291399002075e-02 -5.756676197052001953e-01 4.348381757736206055e-01 6.921229958534240723e-01 -5.740249156951904297e-01 4.830387532711029053e-01 -1.193938478827476501e-01 3.311425447463989258e-01 -2.929732203483581543e-01 -5.251725912094116211e-01 -6.579523533582687378e-02 -2.275664210319519043e-01 2.659707665443420410e-01 7.323343753814697266e-01 -5.928989052772521973e-01 -7.533731311559677124e-02 2.177654299885034561e-03 5.770014524459838867e-01 -1.072781324386596680e+00 1.873966902494430542e-01 -1.262344606220722198e-02
-3.515594303607940674e-01 -2.886480093002319336e-01 -6.055413484573364258e-01 -3.914186358451843262e-01 -2.782478034496307373e-01 -5.040671229362487793e-01 5.524799227714538574e-01 -5.525288581848144531e-01 3.970659673213958740e-01 6.374887228012084961e-01 2.707852423191070557e-01 -8.020796179771423340e-01 -1.597448289394378662e-01 -1.466546058654785156e-01 -2.182666212320327759e-01 9.173954129219055176e-01 -1.885128319263458252e-01 -4.237063229084014893e-01 -5.131694078445434570e-01 -2.320975065231323242e-01 -4.707843959331512451e-01 1.583980917930603027e+00 -1.540680080652236938e-01 -5.313586816191673279e-02 1.043779626488685608e-01 4.309013485908508301e-01 -5.760748386383056641e-01 -4.109922945499420166e-01 5.530945062637329102e-01 -5.899562835693359375e-01 -7.175031304359436035e-01 2.762713097035884857e-02 -1.116608142852783203e+00 -4.350233674049377441e-01 -4.187610745429992676e-01 1.047848463058471680e+00 7.118943929672241211e-01 5.943629741668701172e-01 3.571961224079132080e-01 -2.105039805173873901e-01 -6.513751745223999023e-01 -8.110889792442321777e-01 1.882389746606349945e-02 -3.244028985500335693e-02 -3.530870378017425537e-01 5.641780495643615723e-01 -5.218713283538818359e-01 -6.118263006210327148e-01 -6.873096823692321777e-01 -1.627079993486404419e-01 -2.383674234151840210e-01 1.662910878658294678e-01 2.929029166698455811e-01 -6.903517246246337891e-01 -2.290198951959609985e-01 -4.534317925572395325e-02 1.267563581466674805e+00 1.779665239155292511e-02 -6.593300700187683105e-01 -8.083175122737884521e-02 -7.425416707992553711e-01 -2.799484431743621826e-01 -7.916415333747863770e-01 -4.819661676883697510e-01
4.634889960289001465e-01 -4.256010353565216064e-01 2.676197290420532227e-01 -1.598574966192245483e-01 -7.163672894239425659e-02 -2.961185872554779053e-01 5.409181490540504456e-02 -4.321826696395874023e-01 -7.631469368934631348e-01 7.158609479665756226e-02 4.928900003433227539e-01 -1.027617454528808594e+00 -4.988763630390167236e-01 -8.984529227018356323e-02 5.627378821372985840e-01 2.793451547622680664e-01 -3.226497471332550049e-01 -7.248471975326538086e-01 -9.364091604948043823e-02 3.360953330993652344e-01 -4.243486821651458740e-01 7.767714858055114746e-01 -1.067463278770446777e+00 -1.202970817685127258e-01 -3.946528136730194092e-01 7.764954566955566406e-01 -6.020938754081726074e-01 1.260448843240737915e-01 4.876466989517211914e-01 -6.507989764213562012e-01 1.665155589580535889e-01 1.460803002119064331e-01 -3.333269357681274414e-01 3.058131085708737373e-03 -5.401136279106140137e-01 6.366711258888244629e-01 9.139151871204376221e-02 -2.032408118247985840e-01 6.068659424781799316e-01 2.724600024521350861e-02 9.576041996479034424e-02 -6.909024119377136230e-01 -6.860253214836120605e-01 2.983729839324951172e-01 7.189022898674011230e-01 -1.887471228837966919e-01 6.146585345268249512e-01 -8.477487564086914062e-01 2.371626198291778564e-01 7.333514690399169922e-01 -4.149199277162551880e-02 -4.354044497013092041e-01 -2.497839480638504028e-01 -6.246791481971740723e-01 -2.058516442775726318e-01 -8.880460262298583984e-01 -3.294462859630584717e-01 -3.397294878959655762e-01 -2.981221079826354980e-01 4.067575931549072266e-01 1.606925874948501587e-01 -4.515880346298217773e-01 -1.322246193885803223e-01 1.236361041665077209e-01
1.660541631281375885e-02 -7.447211742401123047e-01 1.452495008707046509e-01 5.617937818169593811e-02 1.033990830183029175e-01 -3.603695034980773926e-01 7.332932353019714355e-01 -4.094615578651428223e-01 -1.371510475873947144e-01 5.519663691520690918e-01 -3.766172826290130615e-01 -1.153852939605712891e-01 -3.587402775883674622e-02 -1.210851520299911499e-01 4.546326100826263428e-01 1.066431045532226562e+00 4.192076921463012695e-01 1.061720103025436401e-01 -7.560082077980041504e-01 5.543982386589050293e-01 -3.290947675704956055e-01 1.045677900314331055e+00 -1.550194472074508667e-01 -1.646736115217208862e-01 -1.364065408706665039e-01 -4.445432871580123901e-02 -2.181566059589385986e-01 5.034292116761207581e-02 3.912023007869720459e-01 -8.808925151824951172e-01 -3.569446206092834473e-01 7.007502764463424683e-02 -1.271615922451019287e-01 1.346113234758377075e-01 1.503566056489944458e-01 -2.887936532497406006e-01 8.220710605382919312e-02 2.002124935388565063e-01 1.679767519235610962e-01 -4.889050424098968506e-01 -8.775468915700912476e-02 -2.645793557167053223e-01 4.266931712627410889e-01 3.395805656909942627e-01 3.308721482753753662e-01 5.351513624191284180e-02 6.793314963579177856e-02 -5.763677358627319336e-01 6.125197280198335648e-03 3.378576040267944336e-01 1.427105665206909180e-01 -4.136574864387512207e-01 7.121373414993286133e-01 -2.248401939868927002e-01 4.194466173648834229e-01 5.571677684783935547e-01 2.223333418369293213e-01 -5.693773627281188965e-01 -2.857128977775573730e-01 -1.162954270839691162e-01 -3.302780687808990479e-01 -1.217920482158660889e-01 2.408663183450698853e-02 -2.087690532207489014e-01
-1.389785949140787125e-02 -1.640871763229370117e-01 6.893638372421264648e-01 5.351157784461975098e-01 -8.136382102966308594e-01 7.493443787097930908e-02 -3.894010186195373535e-01 -6.627498269081115723e-01 -1.990341097116470337e-01 -6.015874743461608887e-01 3.756721317768096924e-01 -9.157001227140426636e-02 -3.665052056312561035e-01 -1.019486188888549805e+00 -1.849431097507476807e-01 1.941009908914566040e-01 2.994155138731002808e-02 9.319993853569030762e-02 3.435375094413757324e-01 2.995784580707550049e-01 -6.261138916015625000e-01 3.400333523750305176e-01 -1.210624724626541138e-01 -4.416715204715728760e-01 -5.338667631149291992e-01 -2.234257757663726807e-01 -5.341863036155700684e-01 2.656498253345489502e-01 -5.219869688153266907e-02 3.259298577904701233e-02 -6.486664414405822754e-01 -2.679099738597869873e-01 -3.461717367172241211e-01 3.890332877635955811e-01 3.381421044468879700e-02 7.333178073167800903e-02 5.734382271766662598e-01 2.790690660476684570e-01 6.372889280319213867e-01 2.760135009884834290e-02 2.095354646444320679e-01 -4.402660429477691650e-01 -9.776697307825088501e-02 -6.106152534484863281e-01 -2.280673980712890625e-01 -4.131065681576728821e-03 6.559175252914428711e-02 -7.588881254196166992e-02 -3.615366518497467041e-01 -6.322391629219055176e-01 1.698043644428253174e-01 2.632911801338195801e-01 2.390488982200622559e-01 -3.291565179824829102e-02 5.075468420982360840e-01 3.074079155921936035e-01 2.287775725126266479e-01 -3.304221034049987793e-01 -5.717541575431823730e-01 -1.822568476200103760e-01 -5.028254389762878418e-01 -9.548875093460083008e-01 -3.179514706134796143e-01 -2.993084192276000977e-01
3.645694628357887268e-02 -1.941295713186264038e-01 5.020701885223388672e-01 2.315747290849685669e-01 -3.161295950412750244e-01 8.262448012828826904e-02 -9.837765246629714966e-02 -7.177748680114746094e-01 -1.737423688173294067e-01 -4.792689383029937744e-01 5.114090442657470703e-01 -1.671045571565628052e-01 -7.709729671478271484e-01 -5.776232481002807617e-01 1.857599765062332153e-01 1.185019984841346741e-01 -8.237833157181739807e-03 -4.389885067939758301e-01 2.201282382011413574e-01 3.991321027278900146e-01 -3.485387563705444336e-01 2.693859338760375977e-01 6.607931107282638550e-02 -4.876526892185211182e-01 -9.546671807765960693e-02 -1.685760766267776489e-01 -6.063758134841918945e-01 2.340053468942642212e-01 3.314561843872070312e-01 3.722025752067565918e-01 -8.740400671958923340e-01 -4.973091781139373779e-01 6.431714445352554321e-02 3.265575766563415527e-01 9.148418903350830078e-02 -3.692764341831207275e-01 -4.844719171524047852e-02 3.120278716087341309e-01 6.002879738807678223e-01 2.263782918453216553e-01 1.770661920309066772e-01 -5.701538920402526855e-01 -3.204318284988403320e-01 -6.216000318527221680e-01 -2.266103327274322510e-01 8.498813211917877197e-02 -2.319098562002182007e-01 -2.886912822723388672e-01 -3.836106061935424805e-01 -2.909876108169555664e-01 1.489028483629226685e-01 -3.016000390052795410e-01 1.754252053797245026e-02 -2.372078448534011841e-01 1.261422187089920044e-01 5.258190631866455078e-01 4.970536530017852783e-01 -8.747314214706420898e-01 -4.734292924404144287e-01 -8.767883479595184326e-02 -9.401891231536865234e-01 -1.037127733230590820e+00 -5.510053634643554688e-01 -7.152356505393981934e-01
7.644922286272048950e-02 4.692617803812026978e-02 5.220947265625000000e-01 2.833788394927978516e-01 -2.264376431703567505e-01 -6.441588997840881348e-01 -2.071873694658279419e-01 -3.462722301483154297e-01 -1.042278483510017395e-01 -6.337710469961166382e-02 7.115808725357055664e-01 1.230382099747657776e-01 -7.050916552543640137e-02 -4.178449809551239014e-01 3.366723954677581787e-01 7.159000039100646973e-01 -6.401848196983337402e-01 3.113549901172518730e-03 2.406566962599754333e-02 7.966880500316619873e-02 -3.585597872734069824e-01 -2.918101549148559570e-01 3.194339573383331299e-01 -1.094123125076293945e+00 -1.181476414203643799e-01 -1.084544230252504349e-02 -1.415903447195887566e-03 6.676337122917175293e-01 8.254199288785457611e-03 -1.132262349128723145e-01 2.369112968444824219e-01 -3.025751411914825439e-01 -5.663742423057556152e-01 -4.844880402088165283e-01 -5.335140228271484375e-01 -2.836275100708007812e-01 -6.344638764858245850e-02 5.713305473327636719e-01 8.361430466175079346e-02 6.895501166582107544e-02 9.546618163585662842e-02 -2.854276299476623535e-01 -2.262839525938034058e-01 -6.616397500038146973e-01 1.885942816734313965e-01 -2.700527906417846680e-01 1.435320377349853516e-01 1.056661084294319153e-01 -1.522246450185775757e-01 1.320216953754425049e-01 -1.650068461894989014e-01 -5.110825300216674805e-01 -2.905416786670684814e-01 1.634971350431442261e-01 7.711297869682312012e-01 2.821895778179168701e-01 2.389775067567825317e-01 -2.844068408012390137e-01 -9.053947329521179199e-01 -4.803382158279418945e-01 -7.827074527740478516e-01 -7.765095233917236328e-01 -4.908666908740997314e-01 -5.440593957901000977e-01
3.584731817245483398e-01 -3.433134853839874268e-01 3.976540267467498779e-01 -1.754959821701049805e-01 2.938240300863981247e-03 6.280360221862792969e-01 8.551118522882461548e-02 -2.851761281490325928e-01 6.037017703056335449e-01 3.975151777267456055e-01 -2.360848709940910339e-02 -3.598673045635223389e-01 -3.663966655731201172e-01 6.791857630014419556e-02 -2.148941755294799805e-01 1.175439238548278809e+00 1.440676152706146240e-01 3.047039806842803955e-01 2.108768522739410400e-01 2.390703111886978149e-01 3.355034291744232178e-01 1.424839347600936890e-01 2.017476856708526611e-01 -9.344393610954284668e-01 1.074104476720094681e-02 7.792748510837554932e-02 -5.538944602012634277e-01 6.138107925653457642e-02 6.858997941017150879e-01 -3.658977448940277100e-01 2.006041631102561951e-02 9.595368057489395142e-02 -5.132812857627868652e-01 1.487547904253005981e-01 -1.065198779106140137e-01 -6.365523338317871094e-01 -2.475211396813392639e-02 1.314440667629241943e-01 7.023137807846069336e-01 -5.211747884750366211e-01 -8.329907059669494629e-02 -6.860536336898803711e-01 -2.452006191015243530e-01 -4.425942599773406982e-01 -3.331716358661651611e-01 -4.267529845237731934e-01 4.423518478870391846e-01 -7.993637919425964355e-01 -3.607796132564544678e-01 -7.239421457052230835e-02 4.548681378364562988e-01 -3.149320557713508606e-02 2.205668687820434570e-01 3.153905868530273438e-01 3.092629313468933105e-01 4.353723227977752686e-01 2.389371842145919800e-01 6.232728436589241028e-02 2.515119314193725586e-01 1.149624511599540710e-01 -4.919168949127197266e-01 -5.271182656288146973e-01 -1.042910944670438766e-02 1.258208900690078735e-01
-3.965472877025604248e-01 -3.961783833801746368e-03 3.711622357368469238e-01 -3.987936079502105713e-01 -6.269444823265075684e-01 -4.046105742454528809e-01 -1.451064348220825195e-01 -7.676804661750793457e-01 3.190372884273529053e-01 -3.493160605430603027e-01 6.091325283050537109e-01 -5.525997653603553772e-02 -7.195678353309631348e-01 -5.848661437630653381e-02 5.246447920799255371e-01 -2.559781633317470551e-02 -1.998715475201606750e-02 6.409585475921630859e-02 -5.527684688568115234e-01 3.766492605209350586e-01 -2.935475856065750122e-02 -1.538565307855606079e-01 -4.186317026615142822e-01 -1.111265897750854492e+00 4.120868146419525146e-01 2.882732748985290527e-01 -3.037615120410919189e-01 4.703794419765472412e-01 7.019258141517639160e-01 -4.251414239406585693e-01 2.606443762779235840e-01 3.593557178974151611e-01 -6.442770361900329590e-01 -2.975661158561706543e-01 -2.674174010753631592e-01 -1.505248844623565674e-01 4.596313834190368652e-01 5.480381846427917480e-01 -4.267449378967285156e-01 4.340318143367767334e-01 1.862829625606536865e-01 4.814108088612556458e-02 -3.465760350227355957e-01 1.918666660785675049e-01 2.936925888061523438e-01 3.592091426253318787e-02 -3.330494463443756104e-02 -7.240268588066101074e-01 -2.681536078453063965e-01 -1.413962543010711670e-01 2.295822799205780029e-01 1.665725857019424438e-01 -3.301788568496704102e-01 -1.870678812265396118e-01 4.968360066413879395e-01 3.037723600864410400e-01 -1.959969401359558105e-01 3.567844629287719727e-01 -5.660417675971984863e-01 3.806810379028320312e-01 -1.761002093553543091e-01 -5.032210946083068848e-01 -5.364035367965698242e-01 -1.358878761529922485e-01
1.962660402059555054e-01 -2.096268683671951294e-01 4.690537452697753906e-01 4.255818724632263184e-01 -7.251075506210327148e-01 2.382338792085647583e-01 -4.749956130981445312e-01 -5.415127873420715332e-01 1.642008125782012939e-01 -4.918997287750244141e-01 2.353979498147964478e-01 -2.097383737564086914e-01 -4.104063808917999268e-01 -1.081939697265625000e+00 -3.859511576592922211e-03 -2.227749861776828766e-02 -2.851675078272819519e-02 4.230430722236633301e-01 -4.373430088162422180e-02 2.405097335577011108e-01 -6.395576000213623047e-01 6.038451194763183594e-01 6.854061782360076904e-02 -3.124471306800842285e-01 -5.959053635597229004e-01 -2.360594123601913452e-01 -9.221597313880920410e-01 3.759406507015228271e-01 1.311104893684387207e-01 -7.739058881998062134e-02 -3.965931832790374756e-01 -1.647392511367797852e-01 -4.754658043384552002e-01 2.877725958824157715e-01 -1.688797473907470703e-01 4.164605438709259033e-01 6.706977486610412598e-01 1.830378770828247070e-01 3.836448192596435547e-01 1.637913435697555542e-01 1.701472848653793335e-01 -3.623168170452117920e-01 -8.558245375752449036e-03 -8.307622671127319336e-01 -1.181580573320388794e-01 1.461092382669448853e-01 -4.000836238265037537e-02 5.837197974324226379e-02 -5.168682709336280823e-02 -3.718161284923553467e-01 2.784691154956817627e-01 3.462128341197967529e-01 7.148263603448867798e-02 2.063288986682891846e-01 9.324101805686950684e-01 2.076212763786315918e-01 3.621008694171905518e-01 5.442124977707862854e-02 -6.767371296882629395e-01 -2.088938504457473755e-01 -3.357412219047546387e-01 -7.426902055740356445e-01 -3.823060691356658936e-01 -1.670349389314651489e-02
6.898490190505981445e-01 -2.076997756958007812e-01 1.007416248321533203e-01 8.131066709756851196e-02 1.549444906413555145e-02 3.190303444862365723e-01 -3.231887221336364746e-01 1.471929252147674561e-01 7.257319092750549316e-01 2.012357413768768311e-01 9.437087178230285645e-01 -6.301865726709365845e-02 -3.253176808357238770e-01 -6.348514556884765625e-01 4.064184129238128662e-01 8.920245170593261719e-01 -1.814506947994232178e-02 -2.662581801414489746e-01 -8.781837299466133118e-03 -1.920085251331329346e-01 -6.861836910247802734e-01 2.765051722526550293e-01 1.961667984724044800e-01 -1.213446974754333496e+00 1.442699581384658813e-01 5.914890170097351074e-01 -1.403429508209228516e-01 5.397892594337463379e-01 6.599423885345458984e-01 6.440640240907669067e-02 3.397288918495178223e-02 -4.988110959529876709e-01 -6.299172043800354004e-01 -3.902664780616760254e-01 -2.320120930671691895e-01 -2.780867554247379303e-02 -3.003156781196594238e-01 1.924058645963668823e-01 2.868338860571384430e-02 2.556977272033691406e-01 3.707804679870605469e-01 -7.502865195274353027e-01 -7.639635801315307617e-01 -7.973229289054870605e-01 3.204770088195800781e-01 -1.039050668478012085e-01 3.449037373065948486e-01 -3.984934687614440918e-01 -4.207040071487426758e-01 6.272207498550415039e-01 -3.093690872192382812e-01 -2.817796468734741211e-01 -1.421420723199844360e-01 3.287148177623748779e-01 7.660511732101440430e-01 3.717372417449951172e-01 5.780915021896362305e-01 -2.301706522703170776e-01 -7.712361216545104980e-01 7.879377007484436035e-01 -1.060262799263000488e+00 -6.681384444236755371e-01 7.196393609046936035e-02 2.095876038074493408e-01
-2.747614681720733643e-02 -1.057381778955459595e-01 5.083144307136535645e-01 7.174807786941528320e-02 -2.051509618759155273e-01 -5.632129907608032227e-01 -6.799580156803131104e-02 -3.102670311927795410e-01 3.825463727116584778e-02 -1.717870235443115234e-01 6.737422943115234375e-01 5.374439805746078491e-02 -2.052137404680252075e-01 -2.104570865631103516e-01 9.237398952245712280e-02 6.275410056114196777e-01 -3.487194478511810303e-01 -2.146632969379425049e-02 8.381287753582000732e-02 2.223525047302246094e-01 -4.664011895656585693e-01 -1.464982628822326660e-01 5.061144828796386719e-01 -1.333512902259826660e+00 1.961194872856140137e-01 -1.324030756950378418e-01 -7.036117464303970337e-02 4.025760889053344727e-01 7.279661297798156738e-02 -1.906355172395706177e-01 1.299320068210363388e-02 -4.680529609322547913e-02 -6.176030039787292480e-01 -4.216528832912445068e-01 -4.565943777561187744e-01 -4.754061102867126465e-01 2.082078754901885986e-01 3.552783429622650146e-01 -9.062114357948303223e-02 9.604005515575408936e-02 4.010224938392639160e-01 -3.869597613811492920e-01 -2.150026112794876099e-01 -6.807560920715332031e-01 1.200059950351715088e-01 -3.421406149864196777e-01 1.712701767683029175e-01 5.330279096961021423e-02 -1.745109856128692627e-01 3.359527289867401123e-01 -2.021191567182540894e-01 -3.298314809799194336e-01 -5.635280609130859375e-01 -4.218770656734704971e-03 9.116361737251281738e-01 3.041273057460784912e-01 1.229617372155189514e-01 -2.106781303882598877e-01 -8.000488877296447754e-01 -3.188445866107940674e-01 -6.672236323356628418e-01 -6.471791267395019531e-01 -6.611507534980773926e-01 -4.393082261085510254e-01
4.462034404277801514e-01 -2.535045444965362549e-01 8.577082753181457520e-01 4.114932715892791748e-01 -3.807499706745147705e-01 -6.090787053108215332e-01 -1.605066210031509399e-01 -1.141572073101997375e-01 -1.586298495531082153e-01 9.279521554708480835e-02 4.624331295490264893e-01 4.329737275838851929e-02 -4.432415962219238281e-01 -4.741814732551574707e-01 -5.016461610794067383e-01 6.527830958366394043e-01 2.689552903175354004e-01 4.305846691131591797e-01 -5.575853213667869568e-02 2.130757868289947510e-01 -2.726686932146549225e-02 3.958188295364379883e-01 4.238572418689727783e-01 -6.975818276405334473e-01 -1.403647065162658691e-01 -2.561515271663665771e-01 -6.897785663604736328e-01 2.378124892711639404e-01 1.720086038112640381e-01 -1.401589717715978622e-02 -2.597625851631164551e-01 -5.335307121276855469e-01 -2.232843339443206787e-01 2.850133180618286133e-01 7.281023263931274414e-02 -4.970683455467224121e-01 1.136087775230407715e-01 2.589994668960571289e-01 3.399515151977539062e-01 -2.740593552589416504e-01 -9.367968142032623291e-02 -7.322577238082885742e-01 1.255771517753601074e-02 -9.392527937889099121e-01 -4.483944773674011230e-01 -2.149761766195297241e-01 2.837164700031280518e-01 -6.896179169416427612e-02 -5.314946174621582031e-01 -6.577505730092525482e-03 -1.268790811300277710e-01 -5.327230691909790039e-01 3.192696571350097656e-01 -3.630765378475189209e-01 4.739407598972320557e-01 5.931969881057739258e-01 1.228734329342842102e-01 4.581423476338386536e-02 -3.995724022388458252e-02 -1.364950686693191528e-01 -4.693818390369415283e-01 -5.041166543960571289e-01 3.099462762475013733e-02 -1.941569298505783081e-01
2.532876431941986084e-01 -2.940031290054321289e-01 4.424002468585968018e-01 3.545216619968414307e-01 -1.057195663452148438e-01 -5.902770161628723145e-01 -2.763943672180175781e-01 -3.639146983623504639e-01 3.688113689422607422e-01 -6.120036244392395020e-01 5.004109740257263184e-01 -2.333747893571853638e-01 -4.889476299285888672e-01 6.510450690984725952e-02 3.885233402252197266e-01 4.078004136681556702e-02 -1.786593645811080933e-01 -4.123548418283462524e-02 1.205992400646209717e-01 2.870621159672737122e-02 -9.145852923393249512e-01 -1.055744960904121399e-01 8.596114814281463623e-02 -7.560312747955322266e-01 -7.816325873136520386e-02 -2.825565040111541748e-01 -5.066864490509033203e-01 4.378191828727722168e-01 1.857387870550155640e-01 -3.963327407836914062e-01 -3.210811018943786621e-01 -2.891436815261840820e-01 -6.984479427337646484e-01 -5.610091686248779297e-01 -2.297049909830093384e-01 -2.723982930183410645e-01 2.471650689840316772e-01 6.235711574554443359e-01 -6.596660614013671875e-02 4.998613595962524414e-01 1.130126714706420898e-01 -4.546982049942016602e-01 -1.822837293148040771e-01 -7.777576446533203125e-01 -1.105230525135993958e-01 -2.288296818733215332e-01 -4.003280028700828552e-02 1.788563728332519531e-01 -2.110644243657588959e-02 -1.540680676698684692e-01 1.852648109197616577e-01 3.050021529197692871e-01 -4.927413761615753174e-01 -3.050433397293090820e-01 8.343813419342041016e-01 5.568982958793640137e-01 3.055970668792724609e-01 -1.132375597953796387e-01 -8.592139482498168945e-01 -2.077051997184753418e-01 -3.390394151210784912e-01 -7.882199287414550781e-01 -8.585482239723205566e-01 -2.319361716508865356e-01
4.808298349380493164e-01 -1.088417410850524902e+00 1.202249452471733093e-01 2.058428972959518433e-01 3.149263858795166016e-01 -8.609131723642349243e-02 2.167789638042449951e-01 -1.845516562461853027e-01 -6.458520889282226562e-01 9.976603835821151733e-02 4.003942310810089111e-01 -4.588145017623901367e-01 -7.459639906883239746e-01 8.150274306535720825e-02 -1.308089345693588257e-01 8.247447609901428223e-01 3.954767584800720215e-01 1.400841474533081055e-01 -3.401932120323181152e-01 5.505643486976623535e-01 -5.788698792457580566e-02 8.787161111831665039e-01 -6.042671799659729004e-01 -2.322692126035690308e-01 -1.883733868598937988e-01 1.689227372407913208e-01 -6.690822243690490723e-01 5.896387621760368347e-02 6.725996732711791992e-01 -6.250282526016235352e-01 1.607662998139858246e-02 2.485207170248031616e-01 -4.521237313747406006e-01 -1.256023794412612915e-01 -9.989851713180541992e-02 -7.222487032413482666e-02 -6.994636654853820801e-01 -8.538017421960830688e-02 1.403507888317108154e-01 -8.233118653297424316e-01 1.597174257040023804e-01 -5.412814617156982422e-01 -3.810278326272964478e-02 4.720564931631088257e-02 -9.792549163103103638e-02 -1.543231029063463211e-02 5.934614539146423340e-01 -6.840847730636596680e-01 7.199462056159973145e-01 1.704535335302352905e-01 7.396407891064882278e-03 -2.383649796247482300e-01 2.658934295177459717e-01 -9.845197200775146484e-02 -2.963461875915527344e-01 -1.169958617538213730e-02 6.365070939064025879e-01 -3.352999091148376465e-01 -2.520196735858917236e-01 -9.279708564281463623e-02 -1.308214217424392700e-01 1.590793877840042114e-01 -1.976172775030136108e-01 -5.240950584411621094e-01
-3.360022008419036865e-01 -5.254165530204772949e-01 6.859736144542694092e-02 -6.522479653358459473e-01 -1.079743355512619019e-01 -2.014957927167415619e-02 2.990392446517944336e-01 -4.126567840576171875e-01 3.471978306770324707e-01 -1.257464736700057983e-01 1.368725001811981201e-01 4.214176908135414124e-02 -4.348426461219787598e-01 -1.797972433269023895e-02 -3.157234489917755127e-01 5.809704065322875977e-01 4.204750359058380127e-01 -4.365653097629547119e-01 -7.222267985343933105e-01 1.044815659523010254e+00 -3.959064483642578125e-01 1.601389348506927490e-01 -1.542800366878509521e-01 -5.904306769371032715e-01 -3.837968707084655762e-01 3.526741266250610352e-01 -3.626422584056854248e-01 5.620448291301727295e-02 -1.478173434734344482e-01 -4.404861629009246826e-01 7.720288634300231934e-01 -1.001027300953865051e-01 -4.368290305137634277e-01 2.515623569488525391e-01 7.054711580276489258e-01 -3.549986481666564941e-01 -2.747927010059356689e-01 -3.508965373039245605e-01 5.246072262525558472e-02 -3.125292360782623291e-01 -7.284540534019470215e-01 -1.997543424367904663e-01 3.475542366504669189e-01 4.744825363159179688e-01 -4.414760768413543701e-01 -1.529128551483154297e-01 6.130840182304382324e-01 -1.869036816060543060e-02 -3.953671455383300781e-01 1.550938338041305542e-01 -5.546307936310768127e-02 -1.235261708498001099e-01 -5.382549166679382324e-01 1.124610677361488342e-01 -8.227667957544326782e-02 3.071225881576538086e-01 6.263135075569152832e-01 -5.323611497879028320e-01 -4.423440098762512207e-01 4.471367299556732178e-01 -5.895161032676696777e-01 -8.498764634132385254e-01 -9.405204653739929199e-01 7.199484109878540039e-02
-7.406487464904785156e-01 -6.784689426422119141e-01 -1.265531331300735474e-01 -6.244967579841613770e-01 -9.799443185329437256e-02 -1.496121734380722046e-01 -2.336609661579132080e-01 -8.116775155067443848e-01 3.735120296478271484e-01 -2.219958603382110596e-01 -7.432867307215929031e-03 -3.692064285278320312e-01 -2.744622156023979187e-02 3.589572012424468994e-02 -5.990442261099815369e-02 2.980300188064575195e-01 2.328376024961471558e-01 -1.113393693231046200e-03 -6.532632708549499512e-01 1.044954419136047363e+00 -4.294415712356567383e-01 1.121039390563964844e-01 -2.076870650053024292e-01 -8.517116904258728027e-01 -2.098845690488815308e-01 5.515615940093994141e-01 -3.608066961169242859e-02 1.289634108543395996e-01 -6.304939091205596924e-02 -2.411588132381439209e-01 1.104380607604980469e+00 -6.516900658607482910e-02 -3.218119442462921143e-01 -8.096454292535781860e-02 1.283528208732604980e-01 -2.511101663112640381e-01 1.571929156780242920e-01 -6.804139018058776855e-01 -1.606503129005432129e-01 -4.200017824769020081e-02 -6.219684481620788574e-01 -3.134822845458984375e-01 3.762029111385345459e-01 3.591218292713165283e-01 -3.937868475914001465e-01 -1.069143265485763550e-01 5.133727788925170898e-01 -4.625465571880340576e-01 -5.261825323104858398e-01 -3.010683655738830566e-01 -3.088843524456024170e-01 -2.412424795329570770e-02 -1.823531389236450195e-01 7.352182269096374512e-02 -6.241037324070930481e-02 8.646014332771301270e-02 2.655568420886993408e-01 -3.970416188240051270e-01 -4.737845361232757568e-01 4.534057080745697021e-01 -5.720025300979614258e-01 -7.428823113441467285e-01 -1.000494241714477539e+00 1.471189782023429871e-02
5.677044019103050232e-02 -5.675046443939208984e-01 -6.155899539589881897e-02 -5.539054274559020996e-01 1.411101967096328735e-01 -8.438273072242736816e-01 -9.310992807149887085e-02 2.305852323770523071e-01 -7.517846673727035522e-02 -1.530797332525253296e-01 1.976794302463531494e-01 -4.238491654396057129e-01 -2.756385803222656250e-01 -2.127657234668731689e-01 2.676997147500514984e-02 -9.126842767000198364e-02 3.298946022987365723e-01 -5.307750105857849121e-01 -8.060804605484008789e-01 6.349914669990539551e-01 -5.033099055290222168e-01 7.856257557868957520e-01 2.167828083038330078e-01 -3.205760121345520020e-01 -1.839028000831604004e-01 7.840024232864379883e-01 -1.672399342060089111e-01 -1.296523660421371460e-01 -2.545426785945892334e-01 -3.350153267383575439e-01 4.434947073459625244e-01 -9.732656180858612061e-02 -9.211822748184204102e-01 5.744386315345764160e-01 1.976791918277740479e-01 6.048944592475891113e-01 -8.687638491392135620e-02 4.467779994010925293e-01 7.340987026691436768e-02 -2.120320796966552734e-01 -5.286972522735595703e-01 3.530203700065612793e-01 6.472931504249572754e-01 -2.008605301380157471e-01 -5.341818332672119141e-01 3.186306357383728027e-01 7.900249958038330078e-01 -2.858134806156158447e-01 -3.304836153984069824e-01 -1.143581643700599670e-01 -2.888318300247192383e-01 -4.582063555717468262e-01 1.328195333480834961e-01 8.708959221839904785e-01 -2.377895265817642212e-01 4.168402254581451416e-01 6.770389080047607422e-01 -6.259005665779113770e-01 -7.681519985198974609e-01 2.396157383918762207e-01 -3.269215524196624756e-01 -8.636777997016906738e-01 -5.330669283866882324e-01 1.858420968055725098e-01
8.870958350598812103e-03 -5.064509510993957520e-01 -9.385765194892883301e-01 -4.250217676162719727e-01 -3.770141601562500000e-01 4.257071316242218018e-01 5.680153965950012207e-01 1.572999358177185059e-01 -8.427220582962036133e-01 5.695487856864929199e-01 3.697345852851867676e-01 -1.319819808006286621e+00 -4.885384738445281982e-01 -1.198006629943847656e+00 -1.350547969341278076e-01 4.142703711986541748e-01 5.909888744354248047e-01 -7.732725143432617188e-01 3.636817336082458496e-01 5.686466693878173828e-01 -2.398995757102966309e-01 1.073305130004882812e+00 4.668025672435760498e-01 -5.170404314994812012e-01 -3.750853240489959717e-01 8.795162439346313477e-01 -9.489961266517639160e-01 -4.611486941576004028e-02 -1.199685111641883850e-01 -2.138823717832565308e-01 -3.755591809749603271e-02 1.757178157567977905e-01 -1.244978070259094238e+00 -3.776566386222839355e-01 -9.695808291435241699e-01 1.225202605128288269e-01 1.532390266656875610e-01 1.291605830192565918e-01 1.107710376381874084e-01 4.798801243305206299e-01 5.936776846647262573e-02 7.246135920286178589e-02 -7.094594240188598633e-01 -1.665512323379516602e-01 1.844527758657932281e-02 -6.639289110898971558e-02 6.458070874214172363e-01 -3.122719824314117432e-01 -1.087244510650634766e+00 5.914046168327331543e-01 -3.543095290660858154e-01 5.746456384658813477e-01 5.026096105575561523e-01 -4.196251034736633301e-01 4.404467046260833740e-01 8.641659021377563477e-01 1.363420337438583374e-01 -1.117971181869506836e+00 -6.808175891637802124e-02 1.072449833154678345e-01 -6.769636273384094238e-02 -1.524076104164123535e+00 -8.387510776519775391e-01 1.815345734357833862e-01
1.087983250617980957e+00 -2.256843000650405884e-01 4.518000781536102295e-01 -2.961123585700988770e-01 -1.319077908992767334e-01 7.219235301017761230e-01 5.232187509536743164e-01 -2.278787940740585327e-01 2.619884908199310303e-01 1.462119668722152710e-01 3.839159309864044189e-01 -7.544849067926406860e-02 -2.775121927261352539e-01 -6.807439923286437988e-01 -4.420457780361175537e-01 2.468729764223098755e-01 2.400455437600612640e-02 5.164374038577079773e-02 1.730586737394332886e-01 2.507008314132690430e-01 1.198041811585426331e-01 3.620980381965637207e-01 -8.250678330659866333e-02 -1.050541877746582031e+00 -1.174033340066671371e-02 -2.502557933330535889e-01 -7.039392590522766113e-01 3.339108824729919434e-01 4.700500965118408203e-01 -2.427835613489151001e-01 -3.342863917350769043e-01 -8.211141228675842285e-01 -4.859087169170379639e-01 2.398455888032913208e-02 7.489960193634033203e-01 -1.740464866161346436e-01 -1.152313053607940674e-01 -1.951451301574707031e-01 4.575233161449432373e-01 -3.388879597187042236e-01 4.398769140243530273e-01 -8.221572637557983398e-02 -2.669562995433807373e-01 -3.636458516120910645e-01 -1.002576872706413269e-01 1.378157883882522583e-01 -1.681922818534076214e-03 -3.053864240646362305e-01 -6.313351988792419434e-01 -1.048907712101936340e-01 -2.354791611433029175e-01 3.704803064465522766e-02 1.052094921469688416e-01 2.455506473779678345e-01 4.429872632026672363e-01 1.693773418664932251e-01 4.014776051044464111e-01 -5.806608796119689941e-01 -2.542120218276977539e-01 1.439125686883926392e-01 -6.394396424293518066e-01 -5.994287133216857910e-01 -4.214776456356048584e-01 -4.528519809246063232e-01
-6.987793743610382080e-02 -5.934885144233703613e-01 -1.064440608024597168e-01 5.662668123841285706e-02 -2.312287241220474243e-01 4.940794706344604492e-01 3.499715328216552734e-01 -8.927775174379348755e-02 6.696826815605163574e-01 5.889611244201660156e-01 9.500735998153686523e-02 -1.341412663459777832e-01 -5.857291817665100098e-01 -1.276902854442596436e-01 -2.862918376922607422e-01 7.968150377273559570e-01 -1.778200864791870117e-01 1.020473018288612366e-01 4.850500822067260742e-02 2.972803711891174316e-01 2.375825196504592896e-01 1.155046001076698303e-01 2.578218281269073486e-02 -1.472960352897644043e+00 2.399359643459320068e-01 1.660184264183044434e-01 -4.273901581764221191e-01 4.615867733955383301e-01 1.294695854187011719e+00 -3.102571070194244385e-01 3.596234917640686035e-01 1.049438267946243286e-01 -7.896164655685424805e-01 -1.067332178354263306e-01 -6.050238609313964844e-01 -3.669255077838897705e-01 6.306729316711425781e-01 1.629386842250823975e-01 4.443709850311279297e-01 -4.770887196063995361e-01 -9.376816451549530029e-03 -7.317396998405456543e-02 -4.848906993865966797e-01 3.402562811970710754e-02 -3.528971672058105469e-01 4.288636744022369385e-01 3.910265862941741943e-01 -1.028893113136291504e+00 -6.834874153137207031e-01 -4.001548588275909424e-01 7.329013347625732422e-01 1.462301472201943398e-03 1.410050839185714722e-01 3.194925487041473389e-01 1.757337749004364014e-01 5.955955982208251953e-01 -3.593498840928077698e-02 1.425061374902725220e-02 -5.737227201461791992e-01 1.321132779121398926e-01 -2.767957448959350586e-01 -4.355974793434143066e-01 -6.332471370697021484e-01 2.111233919858932495e-01
3.584378063678741455e-01 -1.892418414354324341e-01 2.191677540540695190e-01 -8.411827087402343750e-01 -1.061394810676574707e+00 4.602406024932861328e-01 9.763962030410766602e-02 -7.748113870620727539e-01 -1.196162030100822449e-01 -3.470815420150756836e-01 2.123931944370269775e-01 -7.243677973747253418e-02 -5.938295722007751465e-01 -7.683122158050537109e-02 2.699850499629974365e-01 1.455013304948806763e-01 8.964430540800094604e-02 -8.210210204124450684e-01 -4.548449814319610596e-02 4.842240214347839355e-01 -7.654969096183776855e-01 -5.634644627571105957e-01 7.828620076179504395e-02 -1.348097920417785645e+00 -8.044975996017456055e-02 2.091877013444900513e-01 -8.748882412910461426e-01 2.705646455287933350e-01 1.246252954006195068e-01 -1.595737636089324951e-01 -1.938532739877700806e-01 -8.045105636119842529e-02 -3.951673209667205811e-01 4.373677074909210205e-01 5.153340697288513184e-01 8.002381771802902222e-03 2.417756766080856323e-01 -4.011746048927307129e-01 -3.468149006366729736e-01 -3.575468361377716064e-01 -5.692750215530395508e-01 3.200527727603912354e-01 -1.201049834489822388e-01 3.128017783164978027e-01 -1.552060842514038086e-01 -3.284111022949218750e-01 2.379653602838516235e-01 -3.275428116321563721e-01 -4.836907386779785156e-01 -3.409871459007263184e-01 1.023727729916572571e-01 -3.034420683979988098e-02 -2.390774637460708618e-01 -1.263741403818130493e-01 1.752890199422836304e-01 -7.640766352415084839e-02 2.388680428266525269e-01 -4.524973928928375244e-01 -3.510021865367889404e-01 2.993056476116180420e-01 -9.318050146102905273e-01 -7.663109302520751953e-01 -3.385250866413116455e-01 -3.480385541915893555e-01
2.633105814456939697e-01 -5.572937130928039551e-01 -5.345464944839477539e-01 1.064233779907226562e-01 4.224241673946380615e-01 -6.467791795730590820e-01 3.591581881046295166e-01 -6.339838504791259766e-01 2.108914554119110107e-01 2.023957967758178711e-01 5.681511163711547852e-01 -2.269832938909530640e-01 -1.253222674131393433e-01 -1.038894578814506531e-01 5.631471872329711914e-01 4.719085097312927246e-01 -3.870916962623596191e-01 6.158977746963500977e-02 -6.550082564353942871e-01 1.116433858871459961e+00 7.691084593534469604e-02 7.785719037055969238e-01 -2.362871468067169189e-01 1.221736297011375427e-01 -2.095721811056137085e-01 -2.177074998617172241e-01 -1.564063280820846558e-01 -4.426521062850952148e-02 2.965000569820404053e-01 -1.122688204050064087e-01 -3.118378226645290852e-04 2.443125396966934204e-01 3.487468659877777100e-01 3.572283983230590820e-01 -1.590959727764129639e-01 -4.882247149944305420e-01 5.395658016204833984e-01 3.698831796646118164e-02 2.783597409725189209e-01 2.977705560624599457e-03 5.679883807897567749e-02 3.275540769100189209e-01 -1.767749786376953125e-01 2.768021523952484131e-01 2.265003025531768799e-01 3.197261095046997070e-01 3.011049032211303711e-01 -9.382634162902832031e-01 3.405097126960754395e-01 5.470110476016998291e-02 2.157372534275054932e-01 6.457043439149856567e-02 1.130639538168907166e-01 2.237539142370223999e-01 1.683754026889801025e-01 -9.887858480215072632e-02 3.445372581481933594e-01 -2.610789537429809570e-01 6.334209442138671875e-02 2.481955289840698242e-01 1.416288316249847412e-01 -6.958724260330200195e-01 -1.720953583717346191e-01 -7.257337868213653564e-02
9.656810760498046875e-01 -4.686131775379180908e-01 -1.048262510448694229e-02 1.794812530279159546e-01 -3.163730502128601074e-01 1.129031404852867126e-01 4.722031056880950928e-01 -4.590678513050079346e-01 3.021124936640262604e-02 1.396696418523788452e-01 1.506436467170715332e-01 -3.115066885948181152e-01 -1.852913945913314819e-01 5.205483436584472656e-01 4.100686907768249512e-01 7.295659184455871582e-01 5.701060891151428223e-01 -5.513880848884582520e-01 -1.749186590313911438e-02 4.132961928844451904e-01 -1.138620674610137939e-01 1.468629688024520874e-01 1.466449797153472900e-01 -1.087137460708618164e+00 -5.034993290901184082e-01 3.462267816066741943e-01 -2.760117650032043457e-01 1.669665724039077759e-01 4.528269767761230469e-01 -2.025266140699386597e-01 -8.187924325466156006e-02 -8.353290148079395294e-03 -9.834007024765014648e-01 3.792742490768432617e-01 8.977611549198627472e-03 2.031855583190917969e-01 -5.800884962081909180e-01 -4.353286623954772949e-01 -2.820204794406890869e-01 -6.848750710487365723e-01 -2.035179436206817627e-01 8.837060332298278809e-01 -1.060336753726005554e-01 -4.556763172149658203e-01 -1.841694116592407227e-01 -3.969926834106445312e-01 -1.438640654087066650e-01 -6.007843017578125000e-01 2.532603591680526733e-02 1.187719404697418213e-01 -1.462610252201557159e-02 4.829037562012672424e-02 3.900444507598876953e-01 -6.333543360233306885e-02 5.861207246780395508e-01 4.653546512126922607e-01 4.127311110496520996e-01 -5.006343126296997070e-01 -3.555791676044464111e-01 -2.826289646327495575e-02 -6.551280617713928223e-01 1.272946745157241821e-01 1.794175952672958374e-01 -3.333585858345031738e-01
7.241224050521850586e-01 -4.701346457004547119e-01 -4.463097751140594482e-01 -1.274541914463043213e-01 -2.035140991210937500e-01 -4.168301820755004883e-01 6.216651201248168945e-01 -1.193081960082054138e-01 -1.329402625560760498e-01 3.967705965042114258e-01 4.146339893341064453e-01 -2.045140713453292847e-01 -7.887598127126693726e-02 -5.109888315200805664e-01 -6.333420518785715103e-03 8.266892433166503906e-01 -1.237625479698181152e-01 -1.747317612171173096e-01 -6.209819316864013672e-01 6.332869529724121094e-01 -3.359967768192291260e-01 8.038227558135986328e-01 -2.073865830898284912e-01 -1.314743608236312866e-01 -3.300800323486328125e-01 -2.496561855077743530e-01 -8.025352358818054199e-01 5.480690672993659973e-02 6.947168707847595215e-01 -2.112883627414703369e-01 -1.986358314752578735e-01 9.105193018913269043e-01 -3.481924235820770264e-01 -1.911361329257488251e-02 2.226859098300337791e-03 -9.683966636657714844e-02 -3.437182605266571045e-01 -3.851504325866699219e-01 5.385472774505615234e-01 2.110108137130737305e-01 2.169459760189056396e-01 -1.043724417686462402e+00 3.733545839786529541e-01 9.045135229825973511e-02 -3.222049772739410400e-01 1.698968857526779175e-01 8.691887855529785156e-01 -3.761476874351501465e-01 2.890594601631164551e-01 -7.029078900814056396e-02 -8.256120979785919189e-02 -7.841191440820693970e-02 -4.462908506393432617e-01 -7.843574136495590210e-02 3.331630676984786987e-02 4.335067868232727051e-01 1.120600461959838867e+00 -5.460761785507202148e-01 1.597316861152648926e-01 -3.927051126956939697e-01 2.028142958879470825e-01 -3.899582326412200928e-01 1.060897931456565857e-01 5.986864119768142700e-02
3.612331151962280273e-01 -2.009650468826293945e-01 -4.049352109432220459e-01 1.169177442789077759e-01 1.260795295238494873e-01 -7.510094642639160156e-01 7.227526903152465820e-01 -9.059774130582809448e-02 -3.114259839057922363e-01 1.635869294404983521e-01 4.388752281665802002e-01 -5.846020579338073730e-01 -4.534175395965576172e-01 -3.472859263420104980e-01 4.137881994247436523e-01 8.880861401557922363e-01 2.695603370666503906e-01 4.219948053359985352e-01 -8.061690330505371094e-01 1.140343189239501953e+00 -4.680300652980804443e-01 8.512232899665832520e-01 1.233339309692382812e-01 -2.823509573936462402e-01 -2.103094309568405151e-01 -2.328751832246780396e-01 -2.617049217224121094e-01 -3.114221617579460144e-02 1.041250973939895630e-01 2.365655899047851562e-01 -1.827539205551147461e-01 9.141542315483093262e-01 6.768008321523666382e-02 1.840472668409347534e-01 -4.111281335353851318e-01 -5.601015090942382812e-01 -2.867818772792816162e-01 3.214639723300933838e-01 7.509706616401672363e-01 -4.730910807847976685e-02 -2.233125083148479462e-02 4.667489230632781982e-01 -1.766998618841171265e-01 9.003832936286926270e-01 1.843395680189132690e-01 4.575106129050254822e-02 6.965653300285339355e-01 -8.385191559791564941e-01 -1.465793848037719727e-01 1.283416599035263062e-01 -1.071437820792198181e-01 1.744310855865478516e-01 6.935201883316040039e-01 -2.733761072158813477e-02 4.972175359725952148e-01 5.604128241539001465e-01 4.498956203460693359e-01 -7.599038630723953247e-02 -6.685305270366370678e-04 -1.976891756057739258e-01 -7.139614224433898926e-01 -5.009161829948425293e-01 1.256894618272781372e-01 -5.164816975593566895e-01
1.697732806205749512e-01 -5.064619183540344238e-01 -4.934395253658294678e-01 -4.860692024230957031e-01 -8.801127225160598755e-02 -7.716054320335388184e-01 4.046652615070343018e-01 3.111522495746612549e-01 -1.532874256372451782e-01 2.969602942466735840e-01 -1.885856986045837402e-01 -6.489117145538330078e-01 -5.399639606475830078e-01 -2.742897346615791321e-02 1.815461665391921997e-01 -7.183790951967239380e-02 -1.513381004333496094e-01 -5.512034296989440918e-01 -6.667357087135314941e-01 5.224078297615051270e-01 -6.186595559120178223e-01 1.076094150543212891e+00 -1.729633510112762451e-01 -2.766151130199432373e-01 2.403843402862548828e-01 2.592336237430572510e-01 -1.966349035501480103e-01 -6.826657652854919434e-01 1.900979578495025635e-01 9.569819271564483643e-02 1.045388579368591309e-01 -4.409303069114685059e-01 -1.277488112449645996e+00 4.886030256748199463e-01 -4.302339255809783936e-01 6.087084412574768066e-01 -1.172601953148841858e-01 7.894080281257629395e-01 -1.296079950407147408e-03 7.748782038688659668e-01 -4.400768876075744629e-01 -1.449179202318191528e-01 1.383983492851257324e-01 -5.261054635047912598e-01 -1.040574431419372559e+00 -3.432893455028533936e-01 7.365973591804504395e-01 -4.648017883300781250e-01 -2.307876348495483398e-01 5.890570282936096191e-01 -1.167421489953994751e-01 -8.935495465993881226e-02 2.120423465967178345e-01 9.330526590347290039e-01 5.516298860311508179e-02 1.639648079872131348e-01 2.067147791385650635e-01 -5.892528891563415527e-01 -1.025397181510925293e+00 8.808557987213134766e-01 -5.658546686172485352e-01 -1.321194767951965332e+00 -7.871773838996887207e-01 -3.539124876260757446e-02
2.304213494062423706e-01 -1.572693288326263428e-01 2.867029309272766113e-01 -4.147320240736007690e-02 3.519099354743957520e-01 -2.162955701351165771e-01 -2.375461608171463013e-01 -1.137630343437194824e+00 -6.847333163022994995e-02 2.688691616058349609e-01 3.181467950344085693e-01 -9.732822775840759277e-01 -4.153266251087188721e-01 2.582319267094135284e-02 4.156196415424346924e-01 3.235585987567901611e-01 -1.351217776536941528e-01 -6.246644854545593262e-01 -7.238046526908874512e-01 -1.111413165926933289e-01 -5.478889942169189453e-01 4.425111413002014160e-01 -1.768569052219390869e-01 -6.704712510108947754e-01 -8.564373850822448730e-02 7.798989415168762207e-01 -4.126321971416473389e-01 1.227395422756671906e-02 1.637912541627883911e-01 -5.843281745910644531e-01 6.059012189507484436e-02 8.250711560249328613e-01 -9.368158578872680664e-01 1.055661365389823914e-01 -9.684934280812740326e-03 -9.445586800575256348e-02 4.283393025398254395e-01 4.430935978889465332e-01 2.041940093040466309e-01 1.336559057235717773e-01 5.320517718791961670e-02 7.121632806956768036e-03 -6.673899292945861816e-01 7.598124742507934570e-01 2.806368172168731689e-01 -5.746545195579528809e-01 6.132873892784118652e-02 -8.295634984970092773e-01 -3.457303643226623535e-01 4.491336345672607422e-01 3.821508586406707764e-01 -9.276929497718811035e-02 2.775447964668273926e-01 -5.613990873098373413e-02 5.782778859138488770e-01 -1.825952827930450439e-01 1.549896150827407837e-01 -1.917146444320678711e-01 -3.669914603233337402e-02 3.019981682300567627e-01 4.027543663978576660e-01 -4.941970705986022949e-01 1.040627360343933105e-01 4.934287071228027344e-01
3.209564387798309326e-01 -6.757233142852783203e-01 -1.472479943186044693e-02 -4.522939920425415039e-01 -4.583498090505599976e-02 -5.186777114868164062e-01 -1.313756257295608521e-01 -5.420451760292053223e-01 -3.191033750772476196e-02 -4.461830854415893555e-02 3.010137081146240234e-01 -7.053293585777282715e-01 -1.294174492359161377e-01 3.800735771656036377e-01 -3.431651368737220764e-02 2.401014566421508789e-01 3.747072219848632812e-01 -2.102589607238769531e-01 -7.383712530136108398e-01 7.515733838081359863e-01 -2.545418441295623779e-01 8.697587251663208008e-01 1.374243646860122681e-01 -3.317710757255554199e-01 -4.707169234752655029e-01 2.008907794952392578e-01 -1.427307128906250000e-01 -4.005995392799377441e-01 -1.261683851480484009e-01 -9.788071513175964355e-01 3.340567946434020996e-01 1.735498160123825073e-01 -8.276245594024658203e-01 4.120482504367828369e-01 4.840957522392272949e-01 -1.112732104957103729e-03 -1.553919613361358643e-01 -5.110321640968322754e-01 2.451827377080917358e-02 -9.005335569381713867e-01 -2.991498410701751709e-01 -1.041729003190994263e-01 7.692904472351074219e-01 5.736905336380004883e-02 -5.134755373001098633e-01 2.553750574588775635e-01 9.972291439771652222e-02 -5.758898854255676270e-01 -2.067175656557083130e-01 4.204522967338562012e-01 -6.667798757553100586e-02 -3.482208251953125000e-01 1.008393317461013794e-01 2.454065531492233276e-01 -5.717784166336059570e-02 1.912349760532379150e-01 5.662941336631774902e-01 -5.087481141090393066e-01 -4.279333353042602539e-01 4.708652496337890625e-01 1.489554494619369507e-01 -5.231046676635742188e-01 1.113534495234489441e-01 1.663101315498352051e-01
6.583312749862670898e-01 2.688298821449279785e-01 2.690449953079223633e-01 -4.405560791492462158e-01 -7.096634060144424438e-02 1.474999785423278809e-01 -9.642912447452545166e-02 -8.673809468746185303e-02 3.165078163146972656e-01 1.210555061697959900e-01 3.000111281871795654e-01 -3.631487861275672913e-02 4.099792859051376581e-04 -3.588030338287353516e-01 -3.478224575519561768e-01 3.101018071174621582e-01 -3.543229401111602783e-01 2.304272055625915527e-01 -7.882908917963504791e-03 3.293782472610473633e-01 -1.882508099079132080e-01 3.711797893047332764e-01 5.018627047538757324e-01 -1.330011010169982910e+00 -4.858889803290367126e-02 -2.622359199449419975e-03 -2.033915519714355469e-01 4.593566656112670898e-01 9.503753781318664551e-01 -1.560716927051544189e-01 2.012197375297546387e-01 -2.451369315385818481e-01 -8.743231892585754395e-01 -1.001603528857231140e-01 -5.169700384140014648e-01 -3.339135944843292236e-01 3.775698542594909668e-01 1.046576816588640213e-02 4.726602137088775635e-01 -7.685490697622299194e-02 2.656018435955047607e-01 4.176442623138427734e-01 -2.468860298395156860e-01 -4.821718633174896240e-01 1.351229548454284668e-01 3.415898978710174561e-01 -8.609472215175628662e-02 -7.719516158103942871e-01 -6.223936676979064941e-01 6.632358580827713013e-02 4.756915867328643799e-01 -4.808783531188964844e-02 -3.547902703285217285e-01 -1.079898476600646973e-01 2.490321099758148193e-01 5.510956048965454102e-02 -9.648869931697845459e-02 -3.483967185020446777e-01 -1.019052863121032715e+00 -3.201649487018585205e-01 -5.487482547760009766e-01 -2.416966557502746582e-01 -6.391389966011047363e-01 -4.143204092979431152e-01
2.912797927856445312e-01 -6.134161725640296936e-02 1.107976958155632019e-01 -6.601024866104125977e-01 -9.924691319465637207e-01 3.739354610443115234e-01 1.042005270719528198e-01 -7.774915695190429688e-01 -1.291698962450027466e-01 -4.443053007125854492e-01 2.161582410335540771e-01 1.449931859970092773e-01 -4.886063337326049805e-01 3.932823240756988525e-02 2.885958552360534668e-01 1.635213792324066162e-01 -1.530296206474304199e-01 -6.549266576766967773e-01 -1.985178738832473755e-01 7.182365655899047852e-01 -6.519593000411987305e-01 -4.696069955825805664e-01 -2.497176639735698700e-02 -1.541097998619079590e+00 -2.443124912679195404e-02 1.649377644062042236e-01 -9.798634052276611328e-01 4.088776409626007080e-01 -5.603481084108352661e-02 -4.513068869709968567e-02 -2.993474304676055908e-01 -2.361666411161422729e-01 -5.056570768356323242e-01 5.243439674377441406e-01 5.184485912322998047e-01 -1.449853479862213135e-01 3.853069841861724854e-01 -2.803823053836822510e-01 -2.352524548768997192e-01 -2.775702476501464844e-01 -4.820511043071746826e-01 1.064949706196784973e-01 -1.730674356222152710e-01 3.532442152500152588e-01 -5.845574140548706055e-01 -3.355379402637481689e-01 -7.375993300229310989e-03 -4.032357037067413330e-01 -2.947517037391662598e-01 -2.616201937198638916e-01 8.333802968263626099e-02 -1.363074183464050293e-01 -1.915986984968185425e-01 -1.727655678987503052e-01 1.891338676214218140e-01 -8.862826228141784668e-02 1.791485399007797241e-01 -4.848102629184722900e-01 -2.985071539878845215e-01 3.105006515979766846e-01 -1.025511622428894043e+00 -6.155064702033996582e-01 -2.868832647800445557e-01 -3.036767840385437012e-01
-4.343536123633384705e-02 -4.583948850631713867e-01 2.116345614194869995e-01 -2.741258442401885986e-01 2.800860702991485596e-01 1.097992062568664551e-01 3.077870011329650879e-01 -7.076358199119567871e-01 2.715011835098266602e-01 5.579609274864196777e-01 -3.926310539245605469e-01 4.165460467338562012e-01 -6.432325243949890137e-01 2.250359058380126953e-01 -5.806621313095092773e-01 1.109131813049316406e+00 4.149632453918457031e-01 -2.206954061985015869e-01 -5.926938652992248535e-01 7.575193047523498535e-01 8.972859382629394531e-02 1.845001131296157837e-01 4.979869350790977478e-02 -3.266617059707641602e-01 -4.565709531307220459e-01 3.416442573070526123e-01 -6.272832751274108887e-01 3.386723101139068604e-01 1.627085208892822266e-01 1.819914430379867554e-01 5.314283967018127441e-01 -1.908791512250900269e-01 -3.362697362899780273e-01 1.587416678667068481e-01 4.316456019878387451e-01 -6.228961348533630371e-01 -4.304054006934165955e-02 -1.965497434139251709e-01 2.083231061697006226e-01 -1.498776674270629883e-01 -3.704588711261749268e-01 -3.967877626419067383e-01 2.993611395359039307e-01 -3.095260821282863617e-02 -2.621029615402221680e-01 -2.553818747401237488e-02 7.619824409484863281e-01 -1.455560922622680664e-01 -2.576584219932556152e-01 2.022709101438522339e-01 -5.709309875965118408e-02 -7.575384527444839478e-02 -2.824109494686126709e-01 -1.167018264532089233e-01 -1.694495081901550293e-01 7.067649960517883301e-01 8.111753463745117188e-01 -4.275276362895965576e-01 -2.836301624774932861e-01 2.167231738567352295e-01 -4.515216350555419922e-01 -6.291757225990295410e-01 -6.797962784767150879e-01 2.102448791265487671e-01
7.393546700477600098e-01 -2.228981852531433105e-01 3.667353689670562744e-01 -6.860770583152770996e-01 1.829989552497863770e-01 7.753713130950927734e-01 5.235050916671752930e-01 -4.214101731777191162e-01 -2.725768685340881348e-01 5.437458679080009460e-02 5.040242671966552734e-01 2.775966823101043701e-01 -1.023087874054908752e-01 -5.448063611984252930e-01 -4.863348007202148438e-01 3.441401422023773193e-01 3.007943928241729736e-02 1.498366985470056534e-02 -2.201779931783676147e-01 6.578496694564819336e-01 1.498443260788917542e-02 6.427337527275085449e-01 -5.447015166282653809e-02 -1.245517611503601074e+00 -2.303230464458465576e-01 -3.044737577438354492e-01 -1.082662343978881836e+00 1.382408849895000458e-02 4.808165505528450012e-02 -9.289404004812240601e-02 -7.193987965583801270e-01 -4.638593792915344238e-01 -7.364811301231384277e-01 2.466903179883956909e-01 3.321640193462371826e-01 -2.025721222162246704e-01 2.642252147197723389e-01 -2.058185487985610962e-01 3.663728237152099609e-01 -2.178919315338134766e-01 1.137231737375259399e-01 -1.458130478858947754e-01 -1.956501305103302002e-01 -2.146377414464950562e-01 -1.374224573373794556e-01 -2.623243629932403564e-01 2.168716490268707275e-02 -4.004067778587341309e-01 -3.505710065364837646e-01 -4.150114059448242188e-01 -2.626010403037071228e-02 -3.756979405879974365e-01 -2.689678072929382324e-01 2.867271602153778076e-01 -2.452878654003143311e-02 -1.022881045937538147e-01 1.312629878520965576e-01 -1.355540156364440918e-01 -2.691835761070251465e-01 -2.122260928153991699e-01 -8.001437187194824219e-01 -1.536196023225784302e-01 -6.024138331413269043e-01 -5.707206726074218750e-01
2.225754410028457642e-02 1.435733400285243988e-02 -2.529728040099143982e-02 -3.368521034717559814e-01 -2.283354401588439941e-01 -5.246235132217407227e-01 4.154966473579406738e-01 -7.655486464500427246e-01 3.816068768501281738e-01 -1.678769588470458984e-01 -1.631390154361724854e-01 -7.201907634735107422e-01 -7.368161678314208984e-01 -4.170255362987518311e-01 -4.181237220764160156e-01 4.167534708976745605e-01 5.434324145317077637e-01 -2.063268125057220459e-01 -5.313047766685485840e-01 1.020513772964477539e+00 -7.969564199447631836e-01 5.729131102561950684e-01 -1.823877245187759399e-01 -4.653694331645965576e-01 -1.690748929977416992e-01 7.411298751831054688e-01 -2.034258991479873657e-01 2.108578681945800781e-01 -4.167981147766113281e-01 -3.848800063133239746e-01 1.073715090751647949e+00 -2.043842673301696777e-01 -4.236183762550354004e-01 -1.342839151620864868e-01 1.103487163782119751e-01 -5.152262449264526367e-01 -2.065983861684799194e-01 -5.061056017875671387e-01 4.845904931426048279e-02 -8.987739086151123047e-01 -4.110358953475952148e-01 -3.808861672878265381e-01 5.413162112236022949e-01 2.053588628768920898e-01 -1.317965507507324219e+00 1.792773455381393433e-01 4.134486317634582520e-01 -3.283593654632568359e-01 -5.466908216476440430e-01 4.753562510013580322e-01 4.266205430030822754e-01 -3.761538565158843994e-01 -2.265974879264831543e-01 -3.668765127658843994e-01 1.276221722364425659e-01 -4.473822936415672302e-02 4.443067908287048340e-01 -6.099258065223693848e-01 -5.210305452346801758e-01 4.499585926532745361e-01 -2.161791920661926270e-01 -5.887517333030700684e-01 -6.396973729133605957e-01 2.192211002111434937e-01
-3.213163614273071289e-01 -2.453549206256866455e-02 -4.030527547001838684e-02 -6.259912252426147461e-01 -6.168999671936035156e-01 -6.172438859939575195e-01 -4.973766505718231201e-01 -1.040492415428161621e+00 4.364777803421020508e-01 -5.218946337699890137e-01 -2.036993019282817841e-02 -4.835821986198425293e-01 -3.699268102645874023e-01 -2.542488574981689453e-01 3.311700820922851562e-01 3.465100824832916260e-01 3.501007854938507080e-01 2.876575887203216553e-01 -5.676741600036621094e-01 5.932171344757080078e-01 -2.507818639278411865e-01 4.078599214553833008e-01 -9.072178602218627930e-02 -5.025607943534851074e-01 -1.736403405666351318e-01 3.665426075458526611e-01 -4.380666837096214294e-02 -6.906046718358993530e-02 1.771391630172729492e-01 -5.834868550300598145e-01 1.071011304855346680e+00 -5.995399132370948792e-02 -1.110684424638748169e-01 -2.475618571043014526e-01 -4.538175463676452637e-02 -2.726843655109405518e-01 -1.167412325739860535e-01 -4.567032158374786377e-01 -5.857821106910705566e-01 3.410105109214782715e-01 -5.906892418861389160e-01 -8.022339083254337311e-03 -2.052247337996959686e-02 5.326557755470275879e-01 2.333295792341232300e-01 1.845721751451492310e-01 5.262994766235351562e-01 -6.153246760368347168e-01 -5.945644974708557129e-01 -3.532271087169647217e-01 2.909401357173919678e-01 -3.581007942557334900e-03 -2.276768535375595093e-01 1.696874201297760010e-01 3.741707503795623779e-01 1.466749310493469238e-01 8.146896213293075562e-02 -3.135093152523040771e-01 -3.481508195400238037e-01 4.315471649169921875e-01 -4.455974698066711426e-01 -1.026851534843444824e+00 -1.262636184692382812e+00 -2.851637005805969238e-01
2.724972069263458252e-01 -5.145050883293151855e-01 -6.560026854276657104e-02 -5.020801424980163574e-01 -5.530538782477378845e-02 -5.181651115417480469e-01 -2.913766503334045410e-01 -5.080468058586120605e-01 1.141170188784599304e-01 2.310966402292251587e-01 5.375999212265014648e-02 -7.395873069763183594e-01 -3.488057851791381836e-01 1.677867174148559570e-01 1.780418008565902710e-01 2.852797806262969971e-01 2.596405446529388428e-01 -8.274506777524948120e-02 -6.315635442733764648e-01 8.491504788398742676e-01 -4.262947440147399902e-01 7.670037746429443359e-01 1.567618399858474731e-01 -2.300161719322204590e-01 -4.827968180179595947e-01 2.428028136491775513e-01 -1.230377331376075745e-01 -4.208230972290039062e-01 -1.347847282886505127e-01 -9.241389632225036621e-01 3.438591063022613525e-01 2.210373580455780029e-01 -7.652800083160400391e-01 2.857778668403625488e-01 4.010890722274780273e-01 -5.639212206006050110e-02 -1.657818555831909180e-01 -1.089695617556571960e-01 -2.604250982403755188e-02 -9.458544850349426270e-01 -2.382395565509796143e-01 -2.380441427230834961e-01 6.177529096603393555e-01 5.132890120148658752e-02 -4.454455077648162842e-01 7.809951156377792358e-02 1.811773180961608887e-01 -4.578327834606170654e-01 -5.180049687623977661e-02 6.603584289550781250e-01 -2.207816811278462410e-03 -1.165738776326179504e-01 2.140236198902130127e-01 3.491101861000061035e-01 6.054779887199401855e-02 -5.975315719842910767e-02 5.265864729881286621e-01 -3.246227204799652100e-01 -2.584430575370788574e-01 4.281174242496490479e-01 -1.001275777816772461e-01 -3.596611618995666504e-01 1.378049701452255249e-01 1.883717030286788940e-01
-8.962178975343704224e-02 -5.897025465965270996e-01 -2.124735154211521149e-02 -4.823099374771118164e-01 -4.016373306512832642e-02 -8.026872277259826660e-01 6.281458586454391479e-02 4.170674979686737061e-01 1.215647384524345398e-01 -6.023055687546730042e-02 1.878831088542938232e-01 -3.400492072105407715e-01 -2.643572092056274414e-01 -2.455006837844848633e-01 8.016727864742279053e-02 -6.075602024793624878e-02 3.007221817970275879e-01 -5.279323458671569824e-01 -6.521676182746887207e-01 4.895850121974945068e-01 -6.087854504585266113e-01 9.014060497283935547e-01 8.154707401990890503e-02 -2.674615383148193359e-01 -8.149966597557067871e-02 7.863854169845581055e-01 -1.117370277643203735e-01 -1.141761839389801025e-01 -1.753098517656326294e-01 -4.261373281478881836e-01 4.291929304599761963e-01 5.013633519411087036e-02 -1.038800835609436035e+00 5.024133920669555664e-01 1.664276421070098877e-01 4.619713425636291504e-01 -1.777442842721939087e-01 6.175528168678283691e-01 5.332203209400177002e-02 -1.349543333053588867e-01 -5.913621783256530762e-01 2.366519272327423096e-01 8.614380955696105957e-01 -1.730207651853561401e-01 -4.873567819595336914e-01 3.159545063972473145e-01 9.651382565498352051e-01 -1.553656905889511108e-01 -3.453565537929534912e-01 9.760759770870208740e-02 -3.419944047927856445e-01 -4.140057861804962158e-01 1.423357278108596802e-01 6.609889268875122070e-01 -2.483772486448287964e-01 2.978731691837310791e-01 6.827329993247985840e-01 -7.218570113182067871e-01 -7.143471240997314453e-01 1.722393780946731567e-01 -5.040178894996643066e-01 -6.834483742713928223e-01 -4.973923563957214355e-01 8.504596352577209473e-02
2.042730748653411865e-01 -5.874417424201965332e-01 -4.659961462020874023e-01 -3.824547231197357178e-01 -1.873261928558349609e-01 -8.301894068717956543e-01 4.553991854190826416e-01 2.905220687389373779e-01 -1.421653777360916138e-01 4.151763021945953369e-01 -3.470295667648315430e-01 -8.001584410667419434e-01 -6.224640607833862305e-01 -5.078886821866035461e-02 9.193231165409088135e-02 -1.426090002059936523e-01 -1.537145823240280151e-01 -4.471799135208129883e-01 -6.994274854660034180e-01 6.740171313285827637e-01 -5.959590673446655273e-01 1.097889542579650879e+00 -1.070329397916793823e-01 -2.876097559928894043e-01 2.243725806474685669e-01 3.066380023956298828e-01 -1.327504068613052368e-01 -6.838568449020385742e-01 2.652367651462554932e-01 1.674943864345550537e-01 2.634658813476562500e-01 -5.286334156990051270e-01 -1.381441712379455566e+00 5.783805847167968750e-01 -4.451037645339965820e-01 6.884717941284179688e-01 2.549856714904308319e-02 8.185955882072448730e-01 8.453881740570068359e-02 6.508768796920776367e-01 -4.380074739456176758e-01 -1.259092688560485840e-01 1.633107811212539673e-01 -5.893473029136657715e-01 -1.052651882171630859e+00 -4.327118694782257080e-01 6.297791004180908203e-01 -4.923382997512817383e-01 -3.147676289081573486e-01 6.913006901741027832e-01 -6.270176172256469727e-02 1.006963476538658142e-02 7.732799649238586426e-02 9.227111339569091797e-01 3.618953227996826172e-01 4.460174962878227234e-02 2.860563993453979492e-01 -4.926416575908660889e-01 -9.923092126846313477e-01 7.372263669967651367e-01 -5.307708978652954102e-01 -1.327090859413146973e+00 -5.951351523399353027e-01 -2.672240138053894043e-01
-7.355266064405441284e-02 -5.340983867645263672e-01 -9.197004139423370361e-02 -4.949674904346466064e-01 1.169296875596046448e-01 -7.814536094665527344e-01 9.444963932037353516e-02 2.670753002166748047e-01 -2.379324659705162048e-02 -4.290446266531944275e-02 4.957653880119323730e-01 -3.049695193767547607e-01 -4.176745414733886719e-01 -2.023109048604965210e-01 2.800026163458824158e-02 -4.243128001689910889e-02 3.219417333602905273e-01 -5.416980385780334473e-01 -7.174364924430847168e-01 7.229689955711364746e-01 -4.709667265415191650e-01 6.885701417922973633e-01 1.452395021915435791e-01 -3.527580797672271729e-01 -2.290187627077102661e-01 5.481683015823364258e-01 -1.246263533830642700e-01 -1.229035779833793640e-01 -2.620099782943725586e-01 -4.352297186851501465e-01 4.976338446140289307e-01 1.121390610933303833e-01 -1.026967644691467285e+00 5.126572847366333008e-01 2.132997363805770874e-01 6.098194718360900879e-01 -1.028703823685646057e-01 6.188322901725769043e-01 1.185043975710868835e-01 -2.153566330671310425e-01 -5.396683216094970703e-01 4.156363606452941895e-01 8.699119091033935547e-01 -2.533444762229919434e-01 -5.684947371482849121e-01 2.020093798637390137e-01 8.325676918029785156e-01 -2.397234179079532623e-02 -4.667201638221740723e-01 1.757284402847290039e-01 -2.961834073066711426e-01 -3.539259135723114014e-01 9.197974205017089844e-02 7.657801508903503418e-01 -1.078056469559669495e-01 3.989041745662689209e-01 5.474635362625122070e-01 -5.277915000915527344e-01 -8.560609817504882812e-01 2.962820529937744141e-01 -2.518360912799835205e-01 -8.162226080894470215e-01 -3.659379482269287109e-01 4.555369541049003601e-02
-4.123341441154479980e-01 -2.235653549432754517e-01 -9.641293287277221680e-01 -3.308838903903961182e-01 -3.318017721176147461e-01 -7.186657935380935669e-02 2.315728366374969482e-01 -4.905981123447418213e-01 -1.032873615622520447e-01 4.165883958339691162e-01 1.208213269710540771e-01 -1.005496501922607422e+00 4.057747721672058105e-01 -9.748032689094543457e-01 2.702550888061523438e-01 7.201045751571655273e-01 4.529442191123962402e-01 -7.030721753835678101e-02 4.482147395610809326e-01 5.619570016860961914e-01 -1.052442669868469238e+00 8.884569406509399414e-01 -4.689453542232513428e-01 -1.434430599212646484e+00 7.222807407379150391e-01 -1.052815392613410950e-01 -9.235580563545227051e-01 2.508319169282913208e-02 2.382349371910095215e-01 -4.627229645848274231e-02 -2.215367369353771210e-02 6.790224909782409668e-01 -1.008226275444030762e+00 4.769719839096069336e-01 -7.619804143905639648e-01 4.029691219329833984e-01 -1.845663487911224365e-01 1.695720404386520386e-01 6.567585468292236328e-01 5.184078961610794067e-02 -7.246252298355102539e-01 -1.688649803400039673e-01 2.453158497810363770e-01 -4.114128053188323975e-01 -2.565200328826904297e-01 1.061501428484916687e-01 -3.322052359580993652e-01 2.466912567615509033e-01 -1.008884049952030182e-03 1.002468943595886230e+00 8.266709446907043457e-01 -5.941997766494750977e-01 -1.568666398525238037e-01 -1.720873415470123291e-01 -2.914896309375762939e-01 -2.698698043823242188e-01 4.147931635379791260e-01 -7.263955473899841309e-01 -8.267822861671447754e-01 1.515273302793502808e-01 -3.108267784118652344e-01 -7.680134177207946777e-01 -1.435472846031188965e+00 -6.756891012191772461e-01
5.065199136734008789e-01 -1.175713315606117249e-01 -5.410203337669372559e-01 8.010707795619964600e-02 2.012780606746673584e-01 -8.826466798782348633e-01 6.760578751564025879e-01 -1.123282387852668762e-01 -3.191842138767242432e-01 1.040324419736862183e-01 6.175467967987060547e-01 -5.248621106147766113e-01 -6.053435206413269043e-01 -3.517719507217407227e-01 2.720521092414855957e-01 8.158259391784667969e-01 3.633164763450622559e-01 6.015540957450866699e-01 -8.107225894927978516e-01 1.030825734138488770e+00 -3.848656415939331055e-01 7.014994025230407715e-01 -4.419511184096336365e-02 -2.334980219602584839e-01 -1.432554870843887329e-01 -2.475713938474655151e-01 -6.828534603118896484e-02 1.073549017310142517e-01 1.529585123062133789e-01 1.776526868343353271e-01 -3.191825151443481445e-01 7.757487893104553223e-01 -1.288627390749752522e-03 1.683334559202194214e-01 -6.419890522956848145e-01 -4.537624120712280273e-01 -2.125541418790817261e-01 3.921293914318084717e-01 7.615994811058044434e-01 -3.367082402110099792e-02 8.654299378395080566e-02 4.680426716804504395e-01 -8.069872111082077026e-02 6.974778175354003906e-01 6.192497164011001587e-02 -1.478773951530456543e-01 7.549979090690612793e-01 -9.694897532463073730e-01 -2.518373429775238037e-01 1.714003384113311768e-01 1.728368550539016724e-02 1.900130361318588257e-01 7.116959691047668457e-01 -2.308058738708496094e-02 2.552018761634826660e-01 3.732292950153350830e-01 6.064176559448242188e-01 -6.701212376356124878e-02 7.871909439563751221e-02 -9.911021590232849121e-02 -7.444776296615600586e-01 -3.893830776214599609e-01 7.795619219541549683e-02 -4.199135899543762207e-01
3.461253270506858826e-02 -4.802611172199249268e-01 -3.217440545558929443e-01 -5.294220447540283203e-01 -7.755932211875915527e-02 -7.864047884941101074e-01 5.645850896835327148e-01 2.536227703094482422e-01 -2.327525913715362549e-01 3.334007859230041504e-01 -1.814031153917312622e-01 -5.768965482711791992e-01 -6.066449880599975586e-01 -2.345490083098411560e-02 2.218390554189682007e-01 -8.780752308666706085e-03 -8.283133059740066528e-02 -6.500785946846008301e-01 -6.304631233215332031e-01 6.151729226112365723e-01 -6.830148100852966309e-01 1.163353800773620605e+00 -7.298859953880310059e-02 -3.311282694339752197e-01 2.410565614700317383e-01 3.169261813163757324e-01 -1.201805546879768372e-01 -6.484354138374328613e-01 1.736293733119964600e-01 1.901822835206985474e-01 1.314266324043273926e-01 -4.905635714530944824e-01 -1.321284532546997070e+00 6.083734035491943359e-01 -4.793832302093505859e-01 6.852914094924926758e-01 4.153417050838470459e-02 9.323080182075500488e-01 5.140625685453414917e-02 8.435246348381042480e-01 -5.681325197219848633e-01 -4.756141081452369690e-02 1.617689579725265503e-01 -6.326470375061035156e-01 -9.567329287528991699e-01 -2.900934219360351562e-01 7.716343998908996582e-01 -4.362519979476928711e-01 -2.425593435764312744e-01 5.291102528572082520e-01 -2.841041423380374908e-02 -4.916774481534957886e-02 2.584400773048400879e-01 8.686713576316833496e-01 1.966684460639953613e-01 1.488532721996307373e-01 2.151177376508712769e-01 -4.764281511306762695e-01 -1.032657384872436523e+00 8.918219208717346191e-01 -6.369150280952453613e-01 -1.210528850555419922e+00 -8.607699871063232422e-01 -1.531805843114852905e-01
3.273468315601348877e-01 -5.816514492034912109e-01 1.440865732729434967e-02 1.404679566621780396e-01 -3.170965611934661865e-01 3.980314433574676514e-01 -8.129498362541198730e-02 -1.127507686614990234e-01 3.433654606342315674e-01 1.188450753688812256e-01 4.502560198307037354e-01 -1.995366662740707397e-01 -3.262161314487457275e-01 -3.976367115974426270e-01 -4.373676478862762451e-01 1.959964483976364136e-01 -8.903473615646362305e-02 -1.612840443849563599e-01 -5.388347059488296509e-02 6.831602454185485840e-01 -3.108370602130889893e-01 2.033326625823974609e-01 3.450717031955718994e-01 -9.430744051933288574e-01 2.658736705780029297e-01 -1.488774567842483521e-01 -5.401921868324279785e-01 3.030007481575012207e-01 7.239730954170227051e-01 -4.097714722156524658e-01 -3.924785852432250977e-01 -7.964707016944885254e-01 -3.412523269653320312e-01 1.911861747503280640e-01 1.286448389291763306e-01 -3.890863358974456787e-01 -8.620744943618774414e-02 7.420218735933303833e-02 5.462303757667541504e-01 -5.709958076477050781e-01 2.639937698841094971e-01 -2.513943016529083252e-01 -2.952809631824493408e-01 -9.662073850631713867e-01 2.645347500219941139e-03 3.751967549324035645e-01 1.080978885293006897e-01 -4.570061564445495605e-01 -8.937829136848449707e-01 1.944029033184051514e-01 -2.021967470645904541e-01 -4.584900736808776855e-01 -1.835807710886001587e-01 3.729960322380065918e-01 3.989697098731994629e-01 2.941221296787261963e-01 1.776412874460220337e-01 -3.227637410163879395e-01 -1.973547786474227905e-01 6.693638861179351807e-02 -6.656475663185119629e-01 -2.069969922304153442e-01 9.507124125957489014e-02 -3.799313306808471680e-01
4.631012678146362305e-01 -4.408518970012664795e-01 -5.021513998508453369e-02 -1.226003095507621765e-01 1.423118859529495239e-01 -3.441698551177978516e-01 1.024189740419387817e-01 -5.472511053085327148e-01 -7.086050510406494141e-01 1.916131377220153809e-01 3.612235561013221741e-02 -1.167685508728027344e+00 -7.114627957344055176e-01 -1.891879015602171421e-03 3.272433876991271973e-01 3.292890489101409912e-01 -2.164675593376159668e-01 -4.898152649402618408e-01 2.505224347114562988e-01 5.275461077690124512e-01 -4.705849587917327881e-01 9.008041620254516602e-01 -9.733213186264038086e-01 -2.270903810858726501e-02 -2.597863376140594482e-01 7.853322625160217285e-01 -4.182347357273101807e-01 9.651665389537811279e-02 5.404105186462402344e-01 -7.481776475906372070e-01 1.300289928913116455e-01 2.398919612169265747e-01 -2.139141559600830078e-01 -1.345674544572830200e-01 -7.347891330718994141e-01 3.890738785266876221e-01 -2.383689582347869873e-01 7.307747751474380493e-02 4.816970229148864746e-01 1.088171033188700676e-03 3.028286099433898926e-01 -7.455465197563171387e-01 -8.842570185661315918e-01 4.104150831699371338e-01 5.558929443359375000e-01 -1.015735566616058350e-01 6.206268668174743652e-01 -4.939200282096862793e-01 2.315553128719329834e-01 3.288103044033050537e-01 2.917300760746002197e-01 -6.522653698921203613e-01 -2.193468958139419556e-01 -3.770828545093536377e-01 -3.560544550418853760e-02 -1.005241513252258301e+00 3.412039205431938171e-02 -3.322718739509582520e-01 -6.598764061927795410e-01 3.872464001178741455e-01 3.715733066201210022e-02 -3.198103904724121094e-01 -1.676407158374786377e-01 2.826473489403724670e-02
9.204415231943130493e-02 -6.103425025939941406e-01 8.508740365505218506e-02 -8.695213794708251953e-01 2.257032841444015503e-01 -6.549995541572570801e-01 8.825901150703430176e-02 2.341183274984359741e-01 1.108754947781562805e-01 -6.629108637571334839e-02 4.071109592914581299e-01 -3.331745266914367676e-01 -1.537259668111801147e-01 -1.924481838941574097e-01 5.164754986763000488e-01 -3.737924993038177490e-01 2.880416512489318848e-01 -6.914911270141601562e-01 -6.641637086868286133e-01 3.864384293556213379e-01 -6.277893185615539551e-01 8.099806904792785645e-01 4.800776019692420959e-02 -5.122362375259399414e-01 -1.418925970792770386e-01 6.601198911666870117e-01 -2.018907964229583740e-01 -3.764725625514984131e-01 1.388112828135490417e-02 -1.476867794990539551e-01 4.483250081539154053e-01 9.212905168533325195e-02 -7.343778014183044434e-01 -8.036709390580654144e-03 4.321294724941253662e-01 8.635114431381225586e-01 2.625840902328491211e-02 9.387096762657165527e-01 8.677142858505249023e-02 -5.545501708984375000e-01 -3.638830184936523438e-01 2.740207910537719727e-01 3.660508394241333008e-01 -3.994575440883636475e-01 -9.313820004463195801e-01 5.019683837890625000e-01 6.309449672698974609e-01 -3.632602095603942871e-01 -1.270069479942321777e-01 -3.907307982444763184e-01 -5.472515225410461426e-01 -2.486536949872970581e-01 7.669392228126525879e-02 1.000467181205749512e+00 -1.575852483510971069e-01 3.813662528991699219e-01 6.049286127090454102e-01 -8.087170124053955078e-01 -5.224592089653015137e-01 2.444028705358505249e-01 -5.581207275390625000e-01 -9.381341934204101562e-01 -7.558433413505554199e-01 2.316215783357620239e-01
-4.023453891277313232e-01 1.984034925699234009e-01 -3.785787224769592285e-01 -1.687819212675094604e-01 7.148879021406173706e-02 -3.479329645633697510e-01 9.539836645126342773e-01 4.090281575918197632e-02 -4.076373204588890076e-02 -6.650114655494689941e-01 7.068876028060913086e-01 -1.056867003440856934e+00 -8.993063122034072876e-02 -3.428027927875518799e-01 2.514038980007171631e-01 -1.355721354484558105e-01 3.117229342460632324e-01 -6.323443055152893066e-01 -6.538743376731872559e-01 -1.330364644527435303e-01 -7.741630673408508301e-01 3.828648030757904053e-01 1.820621192455291748e-01 -9.330648183822631836e-01 -2.449373900890350342e-01 4.283142983913421631e-01 -2.423107251524925232e-02 -3.119340352714061737e-02 -3.313474059104919434e-01 -5.723078846931457520e-01 2.995265088975429535e-02 1.124344244599342346e-01 -5.205802917480468750e-01 3.856900632381439209e-01 -5.653592944145202637e-01 1.389301419258117676e-01 7.545482367277145386e-02 6.565316319465637207e-01 4.197740182280540466e-02 -1.595729291439056396e-01 -5.340652465820312500e-01 -1.364580690860748291e-01 2.478990145027637482e-02 -2.141352444887161255e-01 3.322888538241386414e-02 8.884670138359069824e-01 9.534987807273864746e-01 -4.689830243587493896e-01 -3.414746522903442383e-01 3.104903697967529297e-01 -2.926326394081115723e-01 -4.432773292064666748e-01 -4.206832349300384521e-01 6.487590670585632324e-01 -9.316378831863403320e-01 3.519993126392364502e-01 6.439760327339172363e-01 -7.222587466239929199e-01 -1.224877357482910156e+00 -9.546041488647460938e-02 -2.427116334438323975e-01 -7.841191291809082031e-01 -1.212580800056457520e-01 -1.534393131732940674e-01
2.954998016357421875e-01 -2.311168015003204346e-01 3.547902703285217285e-01 4.973365068435668945e-01 -8.188430666923522949e-01 -3.762878179550170898e-01 -1.172199994325637817e-01 -2.375468164682388306e-01 2.165018580853939056e-02 -4.924653470516204834e-01 8.902725577354431152e-01 4.937751218676567078e-02 -2.338867187500000000e-01 1.234313249588012695e-01 3.551863133907318115e-02 7.702146172523498535e-01 -3.980980515480041504e-01 -1.415865868330001831e-01 -1.400611996650695801e-01 4.795249551534652710e-02 -2.707298994064331055e-01 2.386473268270492554e-01 2.662447392940521240e-01 -9.409466981887817383e-01 1.062155067920684814e-01 -1.331297457218170166e-01 -8.257488161325454712e-02 5.353060364723205566e-01 -9.172765538096427917e-03 -1.697641909122467041e-01 -2.300593629479408264e-02 2.017424404621124268e-01 -6.076752543449401855e-01 -6.186198592185974121e-01 -7.359103560447692871e-01 -1.145221367478370667e-01 1.283352077007293701e-01 3.216679692268371582e-01 -1.344836503267288208e-01 5.221653729677200317e-02 -5.734801292419433594e-02 -2.291614711284637451e-01 -1.545183658599853516e-01 -5.779786705970764160e-01 -1.103174090385437012e-01 -3.790685236454010010e-01 7.472448982298374176e-03 9.757708013057708740e-02 -3.624410629272460938e-01 -2.190565913915634155e-01 1.936513036489486694e-01 -2.784652411937713623e-01 -7.568591833114624023e-01 -1.001272648572921753e-01 8.854410052299499512e-01 8.602910488843917847e-02 2.860623598098754883e-01 1.156216207891702652e-02 -9.707193970680236816e-01 -5.134652182459831238e-02 -1.000314593315124512e+00 -3.792567253112792969e-01 -1.444092839956283569e-01 -4.118576347827911377e-01
3.333693146705627441e-01 -2.445749789476394653e-01 9.745132178068161011e-02 -7.971588373184204102e-01 -8.507769703865051270e-01 4.960235059261322021e-01 1.005860641598701477e-01 -7.987331748008728027e-01 -1.653690338134765625e-01 -2.087272405624389648e-01 2.148104012012481689e-01 5.873085558414459229e-02 -5.812254548072814941e-01 -6.258565187454223633e-02 1.393173187971115112e-01 2.246893346309661865e-01 1.140587702393531799e-01 -5.822865962982177734e-01 -1.760670244693756104e-01 5.165075063705444336e-01 -5.602426528930664062e-01 -6.769218444824218750e-01 -1.411323696374893188e-01 -1.413668274879455566e+00 -2.315886765718460083e-01 2.521862387657165527e-01 -9.441359639167785645e-01 4.369628727436065674e-01 -6.896672397851943970e-02 -1.037247404456138611e-01 -1.391105949878692627e-01 -2.128681987524032593e-01 -3.113071024417877197e-01 5.019481182098388672e-01 4.107257425785064697e-01 -6.187671050429344177e-02 1.690468341112136841e-01 -3.160350620746612549e-01 -3.793544173240661621e-01 -1.091753765940666199e-01 -6.278855800628662109e-01 1.814225167036056519e-01 -2.981865704059600830e-01 1.947431564331054688e-01 -4.160047769546508789e-01 -2.762006521224975586e-01 1.669704467058181763e-01 -3.300392329692840576e-01 -3.829137384891510010e-01 -2.986502647399902344e-01 5.158937349915504456e-02 -2.359501421451568604e-01 -3.622066676616668701e-01 3.721804171800613403e-02 1.251403093338012695e-01 1.004528999328613281e-01 8.372159302234649658e-02 -5.149587988853454590e-01 -3.693141043186187744e-01 3.148016035556793213e-01 -9.327715635299682617e-01 -8.681450486183166504e-01 -2.878733575344085693e-01 -3.469690084457397461e-01
8.748324587941169739e-03 -1.929759979248046875e-01 6.300238370895385742e-01 2.178742438554763794e-01 -5.102915167808532715e-01 5.706298351287841797e-02 -8.792071789503097534e-02 -7.356849312782287598e-01 -1.010548993945121765e-01 -6.198123097419738770e-01 4.103417992591857910e-01 -7.400532811880111694e-02 -8.074769973754882812e-01 -5.577865839004516602e-01 8.240722119808197021e-02 7.202879339456558228e-02 6.218574196100234985e-02 -4.681690037250518799e-01 2.080378234386444092e-01 4.334441423416137695e-01 -3.748738169670104980e-01 2.285370379686355591e-01 5.957832559943199158e-03 -5.272712707519531250e-01 -1.838199645280838013e-01 -1.774886101484298706e-01 -8.691256642341613770e-01 1.335159093141555786e-01 4.617574214935302734e-01 1.949231028556823730e-01 -7.592051029205322266e-01 -3.801785707473754883e-01 -2.408224716782569885e-02 4.342792332172393799e-01 1.923616528511047363e-01 -3.669727146625518799e-01 -1.637291610240936279e-01 3.538874983787536621e-01 7.251830697059631348e-01 8.316805958747863770e-02 1.542209684848785400e-01 -5.423019528388977051e-01 -1.307175159454345703e-01 -7.980560660362243652e-01 -3.132069408893585205e-01 1.008399501442909241e-01 -2.689679861068725586e-01 -3.274978995323181152e-01 -5.410760045051574707e-01 -3.397766351699829102e-01 2.877752780914306641e-01 -2.444968819618225098e-01 5.450627580285072327e-02 -4.001614153385162354e-01 6.155655533075332642e-02 3.585993051528930664e-01 4.347212314605712891e-01 -8.844667077064514160e-01 -5.659320354461669922e-01 3.852551430463790894e-02 -8.877675533294677734e-01 -8.623427748680114746e-01 -5.353677272796630859e-01 -7.434266209602355957e-01
7.776192426681518555e-01 -5.856364965438842773e-01 2.290253713726997375e-02 -6.894989013671875000e-01 3.157151043415069580e-01 -5.338689684867858887e-01 6.402529776096343994e-02 3.822981845587491989e-03 2.320853061974048615e-02 4.252548143267631531e-02 4.671918153762817383e-01 -3.153389990329742432e-01 6.128053367137908936e-02 -4.284773170948028564e-01 6.731659770011901855e-01 -3.382396101951599121e-01 -1.115316078066825867e-01 -5.572263002395629883e-01 -9.176177382469177246e-01 3.900603055953979492e-01 -6.610777378082275391e-01 7.920281887054443359e-01 -3.854437090922147036e-04 -4.139994978904724121e-01 -1.036973595619201660e-01 5.036411285400390625e-01 -5.274207592010498047e-01 -6.026018261909484863e-01 6.430344581604003906e-01 -2.936471998691558838e-01 3.614088892936706543e-01 4.325929582118988037e-01 -9.637812376022338867e-01 -4.281726181507110596e-01 4.925514757633209229e-01 8.276363611221313477e-01 1.225133836269378662e-01 1.188583374023437500e+00 1.131886318325996399e-01 -5.797738432884216309e-01 -6.352632641792297363e-01 4.817050099372863770e-01 2.847509086132049561e-01 -3.896840214729309082e-01 -9.124162197113037109e-01 5.934163928031921387e-01 3.524311780929565430e-01 -3.381590545177459717e-01 -9.768455289304256439e-03 -3.645345568656921387e-01 -7.493261694908142090e-01 -1.378567367792129517e-01 1.896153390407562256e-01 9.413599967956542969e-01 -5.147187784314155579e-02 4.558873176574707031e-01 3.271501064300537109e-01 -1.203193426132202148e+00 -4.730832278728485107e-01 -1.353717297315597534e-01 -1.071871042251586914e+00 -1.160978436470031738e+00 -1.195010066032409668e+00 5.436818003654479980e-01
-1.073231268674135208e-02 -8.253814578056335449e-01 3.540765494108200073e-02 -1.649195104837417603e-01 3.847763538360595703e-01 -2.230874896049499512e-01 5.909752845764160156e-01 -7.379352450370788574e-01 -5.667746067047119141e-01 3.331504464149475098e-01 6.815094947814941406e-01 -8.042820692062377930e-01 1.064197793602943420e-01 2.089794725179672241e-02 4.483254626393318176e-02 1.326237797737121582e+00 2.205718457698822021e-01 3.803755939006805420e-01 -7.224395275115966797e-01 7.510271072387695312e-01 2.281979918479919434e-01 9.627858400344848633e-01 -1.530437469482421875e-01 -1.327660828828811646e-01 -4.533364772796630859e-01 -4.507864713668823242e-01 -5.784144997596740723e-01 3.619699552655220032e-02 5.940335392951965332e-01 2.765517868101596832e-02 -9.956648200750350952e-02 4.572271406650543213e-01 -9.554951451718807220e-03 1.210231259465217590e-01 1.296518146991729736e-01 -5.348168015480041504e-01 -2.756760418415069580e-01 6.453006863594055176e-01 -1.993702650070190430e-01 -3.669616580009460449e-01 -5.643927454948425293e-01 -1.761241853237152100e-01 -1.083533167839050293e-01 -3.053859770298004150e-01 -7.354681491851806641e-01 1.639729887247085571e-01 1.163181662559509277e-01 -4.829557538032531738e-01 2.170255631208419800e-01 2.315392941236495972e-01 -1.231774836778640747e-01 1.929876059293746948e-01 3.994528949260711670e-01 1.467351764440536499e-01 -1.888966709375381470e-01 1.778836548328399658e-02 1.726529151201248169e-01 -7.314270734786987305e-01 -4.753586947917938232e-01 -1.843075603246688843e-01 1.364093646407127380e-02 -4.617490172386169434e-01 8.295097202062606812e-02 -3.948197513818740845e-02
7.308241128921508789e-01 3.325610607862472534e-02 -4.938353300094604492e-01 -2.963132783770561218e-02 -3.256958425045013428e-01 -5.261445641517639160e-01 3.157106637954711914e-01 4.844631552696228027e-01 1.607361733913421631e-01 -4.199305921792984009e-02 7.927314043045043945e-01 -3.128497898578643799e-01 1.350301355123519897e-01 -1.945171952247619629e-01 4.728078842163085938e-01 4.970842599868774414e-02 -1.191850528120994568e-01 -4.031651318073272705e-01 -1.353516280651092529e-01 2.668799459934234619e-01 -4.280708730220794678e-02 1.057160019874572754e+00 -3.003145158290863037e-01 -2.892561852931976318e-01 -4.323026239871978760e-01 2.678059339523315430e-01 -7.920618653297424316e-01 9.428104758262634277e-02 8.563407510519027710e-02 -5.335142612457275391e-01 -1.798120588064193726e-01 4.519837498664855957e-01 9.555604308843612671e-02 1.858929730951786041e-02 -7.054988145828247070e-01 2.556634843349456787e-01 3.203295767307281494e-01 1.681476645171642303e-02 3.272338807582855225e-01 2.319577485322952271e-01 -1.005596220493316650e-01 -1.235548108816146851e-01 2.725734412670135498e-01 8.472246676683425903e-02 -3.362949490547180176e-01 7.784435153007507324e-01 1.226420044898986816e+00 -5.877876281738281250e-01 1.751126497983932495e-01 -2.249810248613357544e-01 3.570021390914916992e-01 -7.751866579055786133e-01 1.604489982128143311e-01 1.488882899284362793e-01 -7.889453768730163574e-01 6.024907231330871582e-01 6.040091514587402344e-01 -6.678577065467834473e-01 -3.981468975543975830e-01 8.606663346290588379e-02 5.019914507865905762e-01 -1.055070519447326660e+00 -8.160122670233249664e-03 -1.035112887620925903e-02
3.728080093860626221e-01 -3.252232372760772705e-01 1.436074525117874146e-01 -7.182238101959228516e-01 -9.782345890998840332e-01 2.475787997245788574e-01 6.691540032625198364e-02 -6.120743751525878906e-01 4.547806456685066223e-02 -3.487095236778259277e-01 2.575899660587310791e-01 1.047643721103668213e-01 -5.572385787963867188e-01 2.981687486171722412e-01 2.568657398223876953e-01 1.294896900653839111e-01 -1.398814469575881958e-01 -6.989253163337707520e-01 -1.994208544492721558e-01 6.167782545089721680e-01 -5.380124449729919434e-01 -5.226865410804748535e-01 -2.200824022293090820e-01 -1.438132405281066895e+00 -5.497696623206138611e-02 2.401114106178283691e-01 -1.008905172348022461e+00 4.625838398933410645e-01 7.887247949838638306e-02 3.183981776237487793e-02 -1.400669217109680176e-01 -2.014736831188201904e-01 -3.850162327289581299e-01 4.355710446834564209e-01 4.629493057727813721e-01 7.289817184209823608e-02 1.745835691690444946e-01 -4.923098087310791016e-01 -3.159295320510864258e-01 -3.686328232288360596e-01 -4.420692026615142822e-01 2.988866157829761505e-02 -2.807728946208953857e-02 2.341935783624649048e-01 -3.173053860664367676e-01 -4.288538396358489990e-01 1.787577122449874878e-01 -3.394642770290374756e-01 -3.735590279102325439e-01 -2.515709102153778076e-01 -4.165353253483772278e-02 -5.322230607271194458e-02 -3.181614577770233154e-01 1.314117759466171265e-01 1.888501942157745361e-01 1.155403628945350647e-01 3.509245812892913818e-01 -7.000589966773986816e-01 -2.338645607233047485e-01 4.395872056484222412e-01 -1.065814614295959473e+00 -5.672311186790466309e-01 -4.281081557273864746e-01 -4.716157615184783936e-01
3.654347658157348633e-01 -4.956479072570800781e-01 2.122941911220550537e-01 1.223369836807250977e-01 -1.894273906946182251e-01 5.230498909950256348e-01 1.959023997187614441e-02 -1.535080671310424805e-01 2.824656367301940918e-01 4.082696437835693359e-01 4.215028285980224609e-01 -4.161845147609710693e-01 7.774112746119499207e-03 -2.685927450656890869e-01 -2.134692966938018799e-01 1.873196363449096680e-01 7.039346545934677124e-02 -4.544726014137268066e-02 -3.094024956226348877e-01 7.697378396987915039e-01 -4.481964278966188431e-03 1.271043568849563599e-01 2.624242305755615234e-01 -9.368672966957092285e-01 1.348952502012252808e-01 -9.771277755498886108e-02 -6.177155971527099609e-01 7.924565672874450684e-02 7.539874911308288574e-01 -4.711967408657073975e-01 -2.879666388034820557e-01 -9.143362641334533691e-01 -6.008344888687133789e-01 3.929778560996055603e-02 9.923373907804489136e-02 -2.041178494691848755e-01 -1.351649761199951172e-01 4.209916107356548309e-03 5.315206050872802734e-01 -3.209841549396514893e-01 3.657863736152648926e-01 -2.119254469871520996e-01 -3.326349854469299316e-01 -7.835269570350646973e-01 -1.041960492730140686e-01 9.701292216777801514e-02 3.093150071799755096e-02 -4.700531661510467529e-01 -9.301956892013549805e-01 9.924396127462387085e-02 -2.664130628108978271e-01 -4.241127669811248779e-01 1.041035354137420654e-01 1.828496456146240234e-01 4.191841483116149902e-01 3.847233951091766357e-01 2.288358211517333984e-01 -2.334175556898117065e-01 -2.539619803428649902e-01 -6.775750778615474701e-03 -7.704086303710937500e-01 -1.360138505697250366e-01 1.013049334287643433e-01 -4.560281932353973389e-01
3.916962742805480957e-01 -6.803894639015197754e-01 -4.449383616447448730e-01 7.911553233861923218e-02 1.758590042591094971e-01 -4.662209451198577881e-01 7.879715561866760254e-01 -7.511417269706726074e-01 1.322431862354278564e-01 1.891277581453323364e-01 4.271642267704010010e-01 -4.038702249526977539e-01 -4.457883834838867188e-01 -7.828345894813537598e-02 2.080919891595840454e-01 8.761136531829833984e-01 1.373260915279388428e-01 -7.889529317617416382e-02 -2.885437011718750000e-01 8.910934925079345703e-01 -3.142427802085876465e-01 8.311275839805603027e-01 1.179573833942413330e-01 -2.677341699600219727e-01 -2.025207430124282837e-01 -5.648226737976074219e-01 -1.682476550340652466e-01 1.303583979606628418e-01 6.175900697708129883e-01 -2.119669318199157715e-01 -1.647372692823410034e-01 6.416929960250854492e-01 1.268773078918457031e-01 -1.102142333984375000e-01 -2.163622975349426270e-01 -5.449852347373962402e-01 -4.001324772834777832e-01 -1.133647933602333069e-01 5.965558290481567383e-01 -6.773608922958374023e-02 -3.591961860656738281e-01 -2.455512136220932007e-01 1.581459939479827881e-01 3.507192134857177734e-01 -1.040518283843994141e-01 4.299188777804374695e-02 5.542228221893310547e-01 -8.844186663627624512e-01 2.159710973501205444e-01 2.480704486370086670e-01 -4.803736209869384766e-01 -1.091595143079757690e-01 5.495156645774841309e-01 1.584693044424057007e-01 9.836436063051223755e-02 4.694698154926300049e-01 3.186604082584381104e-01 -3.968203663825988770e-01 -8.560723625123500824e-03 -1.540446877479553223e-01 -1.884810812771320343e-02 -1.635150164365768433e-01 8.767512440681457520e-02 -1.028092131018638611e-01
7.162883877754211426e-01 2.725103199481964111e-01 4.525362551212310791e-01 -3.400376737117767334e-01 -1.523617804050445557e-01 2.795414030551910400e-01 1.999971270561218262e-02 -1.480951309204101562e-01 4.547088146209716797e-01 6.074436008930206299e-02 4.295284152030944824e-01 -1.409373134374618530e-01 1.908675953745841980e-02 -1.386195421218872070e-01 -2.720890939235687256e-01 3.846696019172668457e-01 -4.883615076541900635e-01 1.533545106649398804e-01 1.656780987977981567e-01 2.571097016334533691e-01 -1.522979885339736938e-01 3.011427521705627441e-01 3.604303598403930664e-01 -1.333370089530944824e+00 1.717299222946166992e-01 2.029108852148056030e-01 -2.810174524784088135e-01 3.431878983974456787e-01 8.986093401908874512e-01 -2.909032702445983887e-01 2.729100286960601807e-01 -1.731537729501724243e-01 -8.666698336601257324e-01 -2.967273294925689697e-01 -3.421459197998046875e-01 -2.879717350006103516e-01 3.277320563793182373e-01 -2.694477559998631477e-03 4.829765558242797852e-01 -4.287403076887130737e-02 1.629136502742767334e-01 3.935566842555999756e-01 -1.855210363864898682e-01 -5.294627547264099121e-01 4.112962260842323303e-02 5.455303192138671875e-01 -8.536554872989654541e-03 -6.961751580238342285e-01 -4.637937843799591064e-01 -5.039636045694351196e-02 3.004559278488159180e-01 -2.369117289781570435e-01 -1.958826035261154175e-01 1.006138231605291367e-02 2.672564685344696045e-01 -5.053059011697769165e-02 -1.024779602885246277e-01 -2.296659201383590698e-01 -7.732574939727783203e-01 -3.652529716491699219e-01 -3.872307240962982178e-01 -4.456521272659301758e-01 -6.154837608337402344e-01 -5.229734182357788086e-01
