8.283886313438415527e-01 -4.108930230140686035e-01 -2.321935743093490601e-01 7.209117412567138672e-01 9.345192909240722656e-01 -1.909961551427841187e-02 -1.276411488652229309e-02 -2.274855524301528931e-01 -8.633228540420532227e-01 1.712206155061721802e-01 -3.469626009464263916e-01 -7.803083658218383789e-01 -1.283615380525588989e-01 -2.499011904001235962e-01 1.376719865947961807e-02 5.353814363479614258e-01 -4.573521018028259277e-01 -3.827667534351348877e-01 -7.504993081092834473e-01 -1.246874332427978516e-01 -2.482158690690994263e-01 1.086506992578506470e-01 -6.592798978090286255e-02 -1.181300044059753418e+00 -3.038311004638671875e-01 2.272305637598037720e-01 4.404450654983520508e-01 -1.938509643077850342e-01 5.965874791145324707e-01 5.762338638305664062e-01 1.456886678934097290e-01 8.149723708629608154e-02 -1.041651487350463867e+00 -7.392963394522666931e-03 -3.696471154689788818e-01 -6.615846753120422363e-01 -6.965791583061218262e-01 -5.575044825673103333e-02 9.462761227041482925e-04 -6.371699273586273193e-02 3.004527688026428223e-01 1.808711886405944824e-02 3.340854644775390625e-01 -6.502013802528381348e-01 3.361503481864929199e-01 -6.267007589340209961e-01 -2.831299044191837311e-02 -1.213556528091430664e+00 2.272890359163284302e-01 -1.714104562997817993e-01 3.775328993797302246e-01 -6.735795140266418457e-01 -2.154744565486907959e-01 4.005747139453887939e-01 7.288514375686645508e-01 -1.613068729639053345e-01 3.037002123892307281e-02 -3.132619559764862061e-01 -6.193980574607849121e-01 -4.986176788806915283e-01 -1.102888360619544983e-01 -7.147585153579711914e-01 -2.714811861515045166e-01 1.735941916704177856e-01
-9.418086707592010498e-02 2.231235206127166748e-01 3.718254864215850830e-01 3.735195100307464600e-01 -1.430650949478149414e-01 2.577478885650634766e-01 6.976811289787292480e-01 -8.701112270355224609e-01 -7.731727361679077148e-01 3.571889102458953857e-01 -2.050526440143585205e-01 -3.673920929431915283e-01 -3.746344447135925293e-01 -6.841551065444946289e-01 2.847905158996582031e-01 7.488269209861755371e-01 -5.549256503582000732e-02 2.186913937330245972e-01 4.166404604911804199e-01 7.585598826408386230e-01 -3.026136159896850586e-01 2.717118859291076660e-01 -1.624697595834732056e-01 -3.201764523983001709e-01 -7.812882214784622192e-02 1.222982332110404968e-01 -7.250449657440185547e-01 -4.689252078533172607e-01 -1.222024112939834595e-01 -4.260213673114776611e-02 2.096111625432968140e-01 4.413998126983642578e-01 -3.103209137916564941e-01 6.380007416009902954e-02 1.662492901086807251e-01 2.469678074121475220e-01 1.573096066713333130e-01 8.489925861358642578e-01 -6.543270349502563477e-01 1.206697709858417511e-02 4.999850690364837646e-02 3.137497901916503906e-01 5.888864994049072266e-01 2.410386316478252411e-02 1.560585945844650269e-01 4.037308096885681152e-01 -3.082664906978607178e-01 -1.245707392692565918e+00 -8.274687528610229492e-01 4.171481728553771973e-02 2.452566921710968018e-01 4.729084074497222900e-01 1.512629538774490356e-01 -1.926389634609222412e-01 4.769915044307708740e-01 5.058504343032836914e-01 -1.864945590496063232e-01 1.717588454484939575e-01 -1.645380258560180664e-01 -5.272971391677856445e-01 -2.678089141845703125e-01 -6.717659831047058105e-01 2.204461395740509033e-01 4.590058028697967529e-01
-8.678417652845382690e-02 1.073232386261224747e-02 3.935802876949310303e-01 1.897930055856704712e-01 6.021820902824401855e-01 2.820168435573577881e-01 -3.255515098571777344e-01 -3.650594353675842285e-01 -2.973617613315582275e-01 2.028340995311737061e-01 -5.304338932037353516e-01 -3.382028937339782715e-01 -8.041920065879821777e-01 3.210802003741264343e-02 -4.444661438465118408e-01 2.986462414264678955e-01 -1.192768067121505737e-01 -1.482451558113098145e-01 -6.035795211791992188e-01 1.293362855911254883e+00 7.177332043647766113e-01 1.977784484624862671e-01 -4.069096744060516357e-01 -7.054786086082458496e-01 -2.407967299222946167e-02 4.759886264801025391e-01 -2.467682361602783203e-01 -4.032543301582336426e-01 -4.740685522556304932e-01 -1.229703277349472046e-01 9.717374444007873535e-01 -2.619686722755432129e-02 -9.466614127159118652e-01 -1.797320842742919922e-01 -2.692827582359313965e-01 -2.469837367534637451e-01 -5.758048593997955322e-02 1.120781432837247849e-02 7.451111078262329102e-01 6.497563421726226807e-02 -6.187996864318847656e-01 1.116579174995422363e-01 -1.095631942152976990e-01 -6.091473698616027832e-01 6.623283624649047852e-01 -3.156730830669403076e-01 4.303407371044158936e-01 -1.470278203487396240e-01 -5.032359957695007324e-01 -2.077387571334838867e-01 -1.109767332673072815e-01 2.355611026287078857e-01 4.752286374568939209e-01 6.487728953361511230e-01 3.017461597919464111e-01 3.027980625629425049e-01 1.018450260162353516e-01 5.423557162284851074e-01 -5.019931793212890625e-01 -3.517315387725830078e-01 -6.170061230659484863e-01 -7.400602698326110840e-01 1.292622089385986328e-01 1.608073711395263672e-01
2.510923445224761963e-01 2.886308431625366211e-01 4.807183146476745605e-01 -2.756477594375610352e-01 5.722422599792480469e-01 2.450822144746780396e-01 3.063876926898956299e-01 -2.542189955711364746e-01 -8.780969381332397461e-01 -7.923804968595504761e-02 1.410308927297592163e-01 -3.078917264938354492e-01 -7.262745499610900879e-01 -2.432910948991775513e-01 2.050917223095893860e-02 -2.262091636657714844e-01 1.702609658241271973e-01 -5.214653536677360535e-02 -1.455269157886505127e-01 8.301483839750289917e-02 -1.753634363412857056e-01 1.598173826932907104e-01 3.286094069480895996e-01 -1.635109931230545044e-01 3.514089584350585938e-01 1.217146217823028564e-01 -1.857223808765411377e-01 -2.484441101551055908e-01 -2.524502873420715332e-01 4.661849513649940491e-02 4.978638142347335815e-03 -1.386939287185668945e-01 -3.560914695262908936e-01 6.954699009656906128e-02 1.870979666709899902e-01 -4.354417622089385986e-01 5.898912623524665833e-02 7.218852639198303223e-01 -2.466420531272888184e-01 8.732782304286956787e-02 -3.011748753488063812e-02 -1.597497761249542236e-01 2.437385916709899902e-01 2.751713693141937256e-01 -3.319616243243217468e-02 -7.708705663681030273e-01 2.175000756978988647e-01 -8.668196797370910645e-01 -1.001059174537658691e+00 3.961450755596160889e-01 5.066354572772979736e-02 -2.685484290122985840e-01 -3.679278790950775146e-01 -6.470846384763717651e-02 1.674068123102188110e-01 2.219705283641815186e-01 4.855799674987792969e-01 -6.815365552902221680e-01 -1.133702322840690613e-01 2.155497483909130096e-02 1.712045520544052124e-01 -5.163810253143310547e-01 1.332874968647956848e-02 7.687469571828842163e-02
6.451061964035034180e-01 9.047894855029881001e-04 -1.435202211141586304e-01 -4.185290932655334473e-01 5.020827054977416992e-01 3.658421710133552551e-02 4.331502020359039307e-01 -4.322454035282135010e-01 -6.268170475959777832e-01 1.135538294911384583e-01 1.844382435083389282e-01 -5.850533246994018555e-01 5.836467146873474121e-01 -1.463365256786346436e-01 -1.002884283661842346e-01 6.655424237251281738e-01 8.728674650192260742e-01 -4.503715038299560547e-01 4.963458776473999023e-01 3.882623612880706787e-01 1.833799928426742554e-01 1.188579440116882324e+00 -1.002833545207977295e-01 -2.096268385648727417e-01 -2.806328833103179932e-01 6.417907476425170898e-01 -4.140229523181915283e-01 1.634145379066467285e-01 1.602565795183181763e-01 4.801344871520996094e-01 -4.707739055156707764e-01 3.863113522529602051e-01 -1.400701254606246948e-01 -1.706770062446594238e-01 -2.758300006389617920e-01 4.147390834987163544e-03 -5.136169027537107468e-03 4.126688838005065918e-02 -5.033529177308082581e-02 -3.568574488162994385e-01 -5.495753288269042969e-01 5.271664261817932129e-01 1.509283483028411865e-01 -7.417981978505849838e-03 -5.000523477792739868e-02 3.101302981376647949e-01 2.262670844793319702e-01 -4.637117311358451843e-02 -1.999778002500534058e-01 1.766409575939178467e-01 -5.569553375244140625e-02 -4.315088093280792236e-01 5.658027902245521545e-02 3.220382332801818848e-01 1.062139496207237244e-01 7.233672738075256348e-01 7.075224071741104126e-02 -3.844404816627502441e-01 -4.897349178791046143e-01 -4.121378362178802490e-01 -7.521326839923858643e-02 -4.257248044013977051e-01 -1.598057001829147339e-01 1.804734170436859131e-01
-2.494988441467285156e-01 6.048697605729103088e-02 5.808463692665100098e-01 1.948426514863967896e-01 3.622056916356086731e-02 2.841961681842803955e-01 -9.119790047407150269e-03 -5.249060392379760742e-01 1.222186684608459473e-01 5.266290903091430664e-02 3.715978190302848816e-02 3.409570781514048576e-03 -1.453597694635391235e-01 -3.011333048343658447e-01 -2.049557864665985107e-01 6.543921828269958496e-01 -3.161228448152542114e-02 -1.016086935997009277e-01 2.354860752820968628e-01 6.014621257781982422e-01 3.511427044868469238e-01 6.515826582908630371e-01 3.016434907913208008e-01 -5.336329340934753418e-01 6.882684677839279175e-02 3.713541328907012939e-01 -1.387909650802612305e-01 -6.179509684443473816e-02 2.986900322139263153e-02 1.068306192755699158e-01 3.826567232608795166e-01 4.824971556663513184e-01 -3.371226787567138672e-01 -7.660429179668426514e-02 -1.274493783712387085e-01 9.181408584117889404e-02 2.046411037445068359e-01 2.398014664649963379e-01 4.732449948787689209e-01 2.573374286293983459e-02 -3.548425734043121338e-01 4.018924534320831299e-01 4.885236024856567383e-01 -5.184992551803588867e-01 3.065392374992370605e-02 -2.325982898473739624e-01 8.634244203567504883e-01 -4.985884577035903931e-02 -6.900727152824401855e-01 -3.285967409610748291e-01 3.043083846569061279e-01 1.177612394094467163e-01 3.228707015514373779e-01 5.452122092247009277e-01 -1.321220397949218750e-01 8.165733814239501953e-01 4.937358498573303223e-01 2.086703851819038391e-02 -4.377746284008026123e-01 -6.059963703155517578e-01 -4.418041408061981201e-01 -4.508230090141296387e-01 3.181084990501403809e-01 -2.068259380757808685e-02
-1.146135926246643066e-01 -8.196443319320678711e-02 3.752378225326538086e-01 -3.701715469360351562e-01 3.024845421314239502e-01 -6.388314962387084961e-01 3.547868430614471436e-01 -5.277075767517089844e-01 -3.186627104878425598e-02 3.839772045612335205e-01 -1.153031736612319946e-02 -3.704574406147003174e-01 3.477638959884643555e-01 -4.862760007381439209e-01 7.842229306697845459e-02 6.637586951255798340e-01 2.185055762529373169e-01 -3.097622394561767578e-01 -1.222180202603340149e-01 3.175640106201171875e-01 6.710862517356872559e-01 6.269147992134094238e-01 2.126023173332214355e-01 -8.373558521270751953e-02 -1.497549563646316528e-01 6.535344123840332031e-01 -5.074332356452941895e-01 1.079602465033531189e-01 3.464247584342956543e-01 1.357947289943695068e-01 1.047224402427673340e-01 5.238082408905029297e-01 -2.152170240879058838e-01 1.331414729356765747e-01 -1.340915262699127197e-01 -1.975643038749694824e-01 3.607688546180725098e-01 9.728068858385086060e-02 2.256051898002624512e-01 3.611561655998229980e-01 -4.379226565361022949e-01 7.241187691688537598e-01 2.665143609046936035e-01 1.366226524114608765e-01 1.402902603149414062e-01 -8.705507218837738037e-02 3.991211056709289551e-01 -5.039495825767517090e-01 -3.696431815624237061e-01 9.083019942045211792e-02 -1.055942550301551819e-01 -5.983805060386657715e-01 2.139262855052947998e-01 5.527405142784118652e-01 2.830022573471069336e-01 7.544134259223937988e-01 -3.843536972999572754e-01 -4.335313439369201660e-01 -4.659743309020996094e-01 -9.700970649719238281e-01 8.280491083860397339e-02 -2.821278199553489685e-02 -2.953984737396240234e-01 -6.267653107643127441e-01
6.976193785667419434e-01 -2.935676574707031250e-01 3.358457088470458984e-01 1.724616251885890961e-02 4.793701469898223877e-01 -2.751739025115966797e-01 -2.645903229713439941e-01 -4.934234619140625000e-01 -6.307797431945800781e-01 4.467735067009925842e-02 9.314838796854019165e-02 -4.188884198665618896e-01 4.125854372978210449e-01 1.453150063753128052e-01 -3.077465668320655823e-02 1.999546885490417480e-01 2.216482758522033691e-01 3.595589846372604370e-02 -5.063707381486892700e-02 -2.111020833253860474e-01 -1.760107874870300293e-01 3.677887022495269775e-01 4.698159918189048767e-02 -5.789645314216613770e-01 -3.257614970207214355e-01 3.680032677948474884e-03 1.115423217415809631e-01 -2.852212190628051758e-01 -1.361983865499496460e-01 -1.964754313230514526e-01 -1.243788897991180420e-01 -3.349050283432006836e-01 -5.392144322395324707e-01 4.100361838936805725e-02 -2.017447501420974731e-01 -5.976296663284301758e-01 -1.413641422986984253e-01 8.392049372196197510e-02 -1.431367266923189163e-02 -1.099457591772079468e-01 1.939809173345565796e-01 -3.680783510208129883e-02 1.085851341485977173e-01 -5.223472714424133301e-01 -1.047762483358383179e-01 -8.999316692352294922e-01 2.318044006824493408e-01 -1.291561961174011230e+00 -7.387905567884445190e-02 1.992958039045333862e-01 1.464041471481323242e-01 -1.009236931800842285e+00 -2.748753130435943604e-01 2.607815265655517578e-01 4.268925786018371582e-01 2.040511965751647949e-01 -1.467536091804504395e-01 -6.706879734992980957e-01 -5.169208645820617676e-01 -9.876520931720733643e-02 1.401027888059616089e-01 1.321513671427965164e-02 -1.270834356546401978e-01 -3.379764854907989502e-01
-4.890908002853393555e-01 -1.998708583414554596e-02 5.104241371154785156e-01 2.199580073356628418e-01 7.421326041221618652e-01 8.476264476776123047e-01 4.676159024238586426e-01 -4.865330457687377930e-01 -5.084334015846252441e-01 -1.055568903684616089e-01 2.891460061073303223e-01 6.527998484671115875e-03 -3.912757337093353271e-02 -1.854703724384307861e-01 -7.450687885284423828e-02 5.513450503349304199e-01 4.607357978820800781e-01 -7.853271067142486572e-02 1.274686604738235474e-01 4.895721673965454102e-01 -2.478474192321300507e-02 9.480583071708679199e-01 -3.963047564029693604e-01 -2.594302296638488770e-01 -1.153779104351997375e-01 3.244220316410064697e-01 -1.843155324459075928e-01 9.264029562473297119e-02 4.453510344028472900e-01 -1.063814163208007812e-01 -6.473121047019958496e-02 2.826612591743469238e-01 -2.601303756237030029e-01 -2.057251930236816406e-01 1.981528252363204956e-01 4.010666906833648682e-02 1.490948647260665894e-01 1.860712766647338867e-01 5.522830486297607422e-01 -5.360369384288787842e-02 -1.789762824773788452e-01 1.274332255125045776e-01 6.160362362861633301e-01 -3.182293772697448730e-01 2.988851666450500488e-01 1.832605898380279541e-01 3.874497413635253906e-01 -1.012291610240936279e-01 -7.621298432350158691e-01 -2.113846391439437866e-01 -1.167589500546455383e-01 -1.060182452201843262e-01 -1.639818847179412842e-01 1.765225231647491455e-01 -4.007488787174224854e-01 8.554086089134216309e-01 3.620466887950897217e-01 -1.576547026634216309e-01 -2.092735618352890015e-01 -3.351067602634429932e-01 -1.480408608913421631e-01 -1.138343095779418945e+00 2.024998366832733154e-01 4.025778472423553467e-01
3.022475838661193848e-01 -3.747430145740509033e-01 4.016186594963073730e-01 -1.762259937822818756e-02 3.222033679485321045e-01 -8.230028748512268066e-01 1.265655644237995148e-02 -3.793911635875701904e-01 -2.510882318019866943e-01 -7.855506241321563721e-02 3.438849002122879028e-02 -6.318683028221130371e-01 1.600875705480575562e-01 -1.805514842271804810e-01 -5.263580679893493652e-01 5.793333649635314941e-01 9.682352840900421143e-02 -1.303442269563674927e-01 1.584709584712982178e-01 3.643167614936828613e-01 7.706279307603836060e-02 7.615244388580322266e-01 -1.273920834064483643e-01 -2.495117187500000000e-01 -6.852992177009582520e-01 3.811026811599731445e-01 -4.103493988513946533e-01 -6.514899134635925293e-01 -7.261252403259277344e-02 1.547548025846481323e-01 -9.639125317335128784e-03 -2.202489972114562988e-01 -2.273894250392913818e-01 -2.676172927021980286e-02 1.398789882659912109e-01 -2.076911926269531250e-01 4.508931934833526611e-01 -1.824795966967940331e-03 -6.518474221229553223e-02 4.691421985626220703e-01 -1.556609664112329483e-02 7.820616662502288818e-02 3.949248492717742920e-01 -1.878457330167293549e-02 -3.636913299560546875e-01 -1.416695266962051392e-01 9.591917693614959717e-02 -4.087538719177246094e-01 1.163658648729324341e-01 -5.288617014884948730e-01 5.759305953979492188e-01 -7.239747047424316406e-01 -2.263226509094238281e-01 4.577088952064514160e-01 5.945432186126708984e-02 2.732970714569091797e-01 6.934099793434143066e-01 -4.510923027992248535e-01 -8.178344368934631348e-01 -5.845182538032531738e-01 -2.045017778873443604e-01 -3.237239420413970947e-01 6.599240750074386597e-02 -2.533372044563293457e-01
3.736685216426849365e-01 -5.343737006187438965e-01 2.723714709281921387e-01 1.793884485960006714e-02 3.203150331974029541e-01 -3.461281359195709229e-01 -3.040530085563659668e-01 -6.099275350570678711e-01 -9.143821001052856445e-01 6.860999017953872681e-02 5.741719603538513184e-01 7.309787720441818237e-02 -4.651531875133514404e-01 2.778275310993194580e-01 1.431539803743362427e-01 2.726632058620452881e-01 1.453873366117477417e-01 1.210386902093887329e-01 2.688578069210052490e-01 3.813913166522979736e-01 1.692897379398345947e-01 3.246978223323822021e-01 2.294349372386932373e-01 -4.191355705261230469e-01 1.614231616258621216e-01 3.488706648349761963e-01 -3.087570965290069580e-01 -1.086240768432617188e+00 4.860177636146545410e-01 -6.975731253623962402e-02 -4.379219710826873779e-01 -1.660848706960678101e-01 -5.881863832473754883e-01 -7.471571564674377441e-01 -4.531000256538391113e-01 -3.751694783568382263e-02 -4.251538217067718506e-01 1.736086979508399963e-02 -4.306169226765632629e-02 -2.424292117357254028e-01 3.139905929565429688e-01 4.589424729347229004e-01 -6.241105794906616211e-01 -6.031406521797180176e-01 4.789601862430572510e-01 -6.300488710403442383e-01 1.213626191020011902e-01 -1.008611083030700684e+00 2.388743311166763306e-01 4.386796057224273682e-01 1.696255952119827271e-01 -5.626296997070312500e-01 -1.887702941894531250e-01 3.686105906963348389e-01 5.439783930778503418e-01 7.957095503807067871e-01 -6.197628378868103027e-01 -3.649490773677825928e-01 -2.924777865409851074e-01 -1.427036374807357788e-01 3.710300326347351074e-01 -6.212350726127624512e-02 -6.519825011491775513e-02 1.887386143207550049e-01
-8.294358104467391968e-02 3.002126514911651611e-02 4.142818450927734375e-01 3.205362856388092041e-01 4.111097007989883423e-02 1.949280798435211182e-01 -7.010973989963531494e-02 -2.513560950756072998e-01 -4.298160970211029053e-01 4.795313179492950439e-01 -1.816654652357101440e-01 -9.283476509153842926e-03 -6.064536571502685547e-01 -2.053391933441162109e-01 -6.758377552032470703e-01 5.090320110321044922e-01 -1.764609813690185547e-01 -2.628101110458374023e-01 -6.544806361198425293e-01 1.054811596870422363e+00 6.977866291999816895e-01 1.048868671059608459e-01 -2.096452564001083374e-01 -1.031521677970886230e+00 -9.034804999828338623e-02 3.712849915027618408e-01 -5.218927860260009766e-01 -4.865258038043975830e-01 -5.080555677413940430e-01 1.021450012922286987e-01 7.710435986518859863e-01 2.962197363376617432e-01 -7.859736084938049316e-01 -5.896044373512268066e-01 -1.724212169647216797e-01 -6.152602434158325195e-01 -3.438829481601715088e-01 9.724123030900955200e-02 2.484769821166992188e-01 6.260712444782257080e-02 -7.956522703170776367e-01 1.931445896625518799e-01 -1.816940605640411377e-01 -4.387238323688507080e-01 6.264410614967346191e-01 -2.935912311077117920e-01 4.261082708835601807e-01 3.723463714122772217e-01 -5.394466519355773926e-01 -7.236555218696594238e-02 3.808037042617797852e-01 1.411500126123428345e-01 -6.781870871782302856e-02 2.850690484046936035e-01 3.012240491807460785e-02 5.534261465072631836e-01 -9.309090673923492432e-02 3.900778591632843018e-01 -6.365156173706054688e-01 -3.760936856269836426e-02 -3.821128904819488525e-01 -5.917922854423522949e-01 1.757783442735671997e-01 8.977843075990676880e-02
2.040940076112747192e-01 2.836757600307464600e-01 5.582715868949890137e-01 1.334786508232355118e-02 1.888019591569900513e-01 -8.212762475013732910e-01 1.058389768004417419e-01 -7.531699538230895996e-01 2.088963836431503296e-01 2.215179353952407837e-01 4.100057184696197510e-01 2.081322669982910156e-01 -3.308926224708557129e-01 -1.789613515138626099e-01 -1.155641581863164902e-02 5.588985681533813477e-01 -8.790411800146102905e-02 -1.473164558410644531e-01 5.524494871497154236e-02 5.964868068695068359e-01 3.069929778575897217e-01 7.283897399902343750e-01 3.804371356964111328e-01 -4.515109062194824219e-01 -1.636008620262145996e-01 6.897234320640563965e-01 -5.492487549781799316e-01 1.671189069747924805e-01 9.556367993354797363e-02 4.242841899394989014e-01 -4.982168599963188171e-02 4.548264145851135254e-01 -8.858997374773025513e-02 3.593148589134216309e-01 1.362700462341308594e-01 -6.765846014022827148e-01 -3.996004164218902588e-01 2.556460499763488770e-01 5.989367365837097168e-01 7.226710766553878784e-02 -1.318867057561874390e-01 3.997717201709747314e-01 4.875139892101287842e-01 -4.798030853271484375e-01 -4.731712862849235535e-02 2.979315221309661865e-01 2.750285435467958450e-03 -3.552305996417999268e-01 -4.495423436164855957e-01 -5.261505842208862305e-01 4.148895293474197388e-02 -2.203580737113952637e-01 -7.890706509351730347e-02 7.879549264907836914e-01 1.713212952017784119e-02 4.059682488441467285e-01 3.206989467144012451e-01 -1.374333053827285767e-01 -2.491275779902935028e-02 -8.285518288612365723e-01 -3.787417113780975342e-01 -5.407715439796447754e-01 5.625125169754028320e-01 -4.266732037067413330e-01
3.624413311481475830e-01 -3.413206338882446289e-01 1.683480143547058105e-01 9.609641879796981812e-02 6.786937713623046875e-01 -2.468061745166778564e-01 5.011776089668273926e-01 -4.106666445732116699e-01 -1.052047848701477051e+00 5.945762246847152710e-02 3.087493218481540680e-02 -3.687842786312103271e-01 3.025214076042175293e-01 -1.700233817100524902e-01 -5.738564133644104004e-01 4.828436970710754395e-01 3.598519563674926758e-01 -9.310040622949600220e-02 7.112282514572143555e-01 6.420804262161254883e-01 -2.606309950351715088e-01 1.163610100746154785e+00 -5.062680244445800781e-01 3.459522128105163574e-01 -6.336227059364318848e-01 2.896260321140289307e-01 -8.937559276819229126e-02 -2.948651611804962158e-01 1.620186269283294678e-01 3.620810210704803467e-01 -8.039736747741699219e-02 -3.676265776157379150e-01 -5.998259410262107849e-02 -2.064596414566040039e-01 1.877565085887908936e-01 4.501910135149955750e-02 -1.265721172094345093e-01 -6.146963238716125488e-01 1.508792787790298462e-01 1.781708896160125732e-01 -2.562110424041748047e-01 -4.551273584365844727e-02 4.433924555778503418e-01 2.212698608636856079e-01 3.336810469627380371e-01 -2.848039269447326660e-01 3.034745156764984131e-01 -3.458216190338134766e-01 -7.023292779922485352e-02 -1.824788898229598999e-01 -7.970050722360610962e-02 -1.243875268846750259e-02 -3.954510390758514404e-01 5.158730745315551758e-01 -1.935954540967941284e-01 5.512872934341430664e-01 -2.089551091194152832e-01 -2.470602840185165405e-01 2.669793553650379181e-02 2.270027063786983490e-02 -4.266927838325500488e-01 -7.577486634254455566e-01 -2.335634231567382812e-01 4.299134612083435059e-01
5.479666590690612793e-01 -1.610506325960159302e-01 1.961432248353958130e-01 2.331386059522628784e-01 7.177562713623046875e-01 -7.741792798042297363e-01 2.142199277877807617e-01 -1.800832301378250122e-01 -7.408686280250549316e-01 5.579104423522949219e-01 -6.705534458160400391e-01 1.451296955347061157e-01 -6.374568939208984375e-01 8.235093951225280762e-01 1.174001917243003845e-01 8.774196505546569824e-01 1.549736410379409790e-01 1.139124482870101929e-01 -7.677713632583618164e-01 1.471102714538574219e+00 1.366597563028335571e-01 7.308464646339416504e-01 -4.940214753150939941e-01 -5.595828294754028320e-01 4.983026683330535889e-01 -1.624804586172103882e-01 3.538563847541809082e-01 -4.770672693848609924e-02 8.105325698852539062e-01 2.779296636581420898e-01 -4.776920750737190247e-02 -2.295939028263092041e-01 -2.906584441661834717e-01 3.340944945812225342e-01 -5.651081204414367676e-01 -4.071181714534759521e-01 -4.273608028888702393e-01 5.083629488945007324e-01 -7.394936084747314453e-01 3.223745226860046387e-01 4.980550110340118408e-01 2.718960680067539215e-02 -9.167837351560592651e-02 -1.581549942493438721e-01 -8.370314724743366241e-03 3.579650521278381348e-01 1.226190254092216492e-01 -7.357877492904663086e-01 -5.135509967803955078e-01 -2.364238649606704712e-01 -2.792857885360717773e-01 5.983391404151916504e-01 -3.751196339726448059e-02 4.774380922317504883e-01 2.545722126960754395e-01 8.415783047676086426e-01 -1.200013794004917145e-02 -1.796398609876632690e-01 -9.311071634292602539e-01 -1.547304820269346237e-02 -8.209005594253540039e-01 -1.246792674064636230e+00 -9.426214098930358887e-01 -1.444033235311508179e-01
7.680059075355529785e-01 -7.911626696586608887e-01 9.141896665096282959e-02 -6.805647909641265869e-02 7.896284013986587524e-02 -1.999032944440841675e-01 8.078061342239379883e-01 -5.623002648353576660e-01 -7.741169929504394531e-01 -1.281407941132783890e-02 2.412873208522796631e-01 -1.615253388881683350e-01 -1.110476493835449219e+00 6.126030683517456055e-01 -3.034444060176610947e-03 1.253505110740661621e+00 -1.039247870445251465e+00 -3.096362948417663574e-01 -3.381319642066955566e-01 8.343316316604614258e-01 -2.335995435714721680e-01 2.618457376956939697e-01 1.286396086215972900e-01 -3.509761691093444824e-01 2.635951638221740723e-01 6.571166515350341797e-01 -1.342539638280868530e-01 -1.591223478317260742e-02 2.227720916271209717e-01 -2.123151123523712158e-01 -2.956171520054340363e-02 4.838937520980834961e-01 -6.251748204231262207e-01 -1.316482014954090118e-02 -4.399309158325195312e-01 -2.858005650341510773e-02 -8.980516195297241211e-01 4.891322553157806396e-01 5.508366972208023071e-02 2.944974005222320557e-01 -5.127992630004882812e-01 6.925826072692871094e-01 5.342403054237365723e-01 -1.029934883117675781e+00 -1.635369062423706055e-01 4.225092828273773193e-01 6.691849827766418457e-01 -3.491588830947875977e-01 1.177529618144035339e-01 3.347661793231964111e-01 -2.129764854907989502e-01 -6.324163079261779785e-02 -6.499291062355041504e-01 6.546707153320312500e-01 -8.914268761873245239e-02 -7.439309358596801758e-02 1.947850435972213745e-01 -2.034878730773925781e-01 -2.292356221005320549e-03 2.957871854305267334e-01 -6.690188646316528320e-01 -1.058300137519836426e+00 4.363543689250946045e-01 -3.456418514251708984e-01
4.005192816257476807e-01 3.324231803417205811e-01 3.626158237457275391e-01 3.238774463534355164e-02 9.084266424179077148e-01 1.611192971467971802e-01 4.874303340911865234e-01 -6.596594452857971191e-01 -1.352680325508117676e+00 -2.622948884963989258e-01 1.949629746377468109e-02 -5.679447650909423828e-01 4.421739280223846436e-01 -6.304842233657836914e-01 -6.551672220230102539e-01 6.821811199188232422e-01 3.432982563972473145e-01 -5.731076374650001526e-02 3.606757521629333496e-02 5.240271091461181641e-01 -1.625917106866836548e-01 2.268163710832595825e-01 1.803622953593730927e-02 2.601970434188842773e-01 -1.403092443943023682e-01 1.584730893373489380e-01 -3.422553241252899170e-01 -1.415435969829559326e-01 3.761491775512695312e-01 2.321052849292755127e-01 -5.838549137115478516e-01 6.205312013626098633e-01 -1.118772476911544800e-01 -6.456558108329772949e-01 1.540243625640869141e-01 4.662643373012542725e-02 -4.553550854325294495e-02 -1.568834036588668823e-01 2.879825532436370850e-01 1.764119602739810944e-02 -3.867385685443878174e-01 7.386387884616851807e-02 4.830822348594665527e-01 -1.086751073598861694e-01 -1.958705037832260132e-01 3.355304896831512451e-01 3.763009607791900635e-01 -3.538099825382232666e-01 -3.933481872081756592e-01 -1.529944688081741333e-01 -8.218171596527099609e-01 4.423520565032958984e-01 1.919852644205093384e-01 2.509034872055053711e-01 -1.704013943672180176e-01 7.684054374694824219e-01 -4.296940267086029053e-01 -1.883488595485687256e-01 -6.089807748794555664e-01 -7.002505660057067871e-02 -1.209349930286407471e-01 -1.106463074684143066e+00 -4.159041047096252441e-01 5.688055157661437988e-01
-1.576144099235534668e-01 1.412720233201980591e-01 6.581470370292663574e-01 1.233698651194572449e-01 -1.411249190568923950e-01 -1.113347038626670837e-01 -5.538590252399444580e-02 -3.131142556667327881e-01 -4.710803925991058350e-01 -4.812517762184143066e-02 -4.184267818927764893e-01 -6.201144307851791382e-02 -4.343464374542236328e-01 -6.377425789833068848e-01 -2.235732823610305786e-01 4.781739711761474609e-01 1.808246970176696777e-01 -2.596932230517268181e-03 4.276080131530761719e-01 5.579938292503356934e-01 -7.398157566785812378e-02 2.312382161617279053e-01 5.181269645690917969e-01 -7.467770576477050781e-02 1.458894163370132446e-01 3.397522568702697754e-01 -2.921150922775268555e-01 -2.985150516033172607e-01 -1.921574026346206665e-01 -2.400179207324981689e-02 8.155677467584609985e-02 3.752006888389587402e-01 -5.197026729583740234e-01 2.667560577392578125e-01 2.821375727653503418e-01 1.836075931787490845e-01 4.080244302749633789e-01 5.244022011756896973e-01 3.493519499897956848e-02 1.523185707628726959e-02 2.265181578695774078e-02 3.502369225025177002e-01 3.396895527839660645e-01 -2.176185250282287598e-01 -1.338232010602951050e-01 -3.855569064617156982e-01 4.756495356559753418e-01 -6.490653157234191895e-01 -7.806842327117919922e-01 -1.361604183912277222e-01 8.787821233272552490e-02 -2.486692965030670166e-01 3.689131140708923340e-01 1.495712064206600189e-02 -4.277804121375083923e-02 7.690331339836120605e-01 7.528492808341979980e-02 5.107167735695838928e-02 -1.736962050199508667e-01 -7.959768176078796387e-01 -2.482908070087432861e-01 -3.467155396938323975e-01 5.092553496360778809e-01 -1.844363361597061157e-01
8.797925114631652832e-01 -8.405644297599792480e-01 -2.320727258920669556e-01 1.116067051887512207e+00 6.908815503120422363e-01 -5.377115011215209961e-01 3.928220570087432861e-01 2.398250624537467957e-02 -7.312797904014587402e-01 5.623781681060791016e-01 -5.113910436630249023e-01 2.693185210227966309e-01 -1.131725758314132690e-01 4.007016122341156006e-01 1.719381958246231079e-01 6.865751743316650391e-01 -6.725792884826660156e-01 2.645565271377563477e-01 -3.951420783996582031e-01 3.927490115165710449e-01 5.213752985000610352e-01 4.015267789363861084e-01 3.542073071002960205e-01 -7.719066739082336426e-01 3.030535019934177399e-02 8.426611423492431641e-01 -1.216128468513488770e+00 -3.284714221954345703e-01 -1.277834624052047729e-01 -2.610400617122650146e-01 8.102503418922424316e-02 -6.153264641761779785e-01 1.012008413672447205e-01 -4.734459817409515381e-01 2.771631181240081787e-01 -6.556316744536161423e-03 -4.314171969890594482e-01 4.446836113929748535e-01 5.255439877510070801e-01 -4.193555414676666260e-01 -3.304000496864318848e-01 5.889366939663887024e-02 -3.212724626064300537e-02 -2.709534466266632080e-01 2.116673588752746582e-01 2.412720471620559692e-01 1.559786349534988403e-01 -5.941259264945983887e-01 -6.308687925338745117e-01 1.878854334354400635e-01 -1.417017132043838501e-01 1.671091318130493164e-01 -2.032723426818847656e-01 2.657181955873966217e-02 2.689270973205566406e-01 1.893946677446365356e-01 -1.984366327524185181e-01 -2.255932241678237915e-01 -2.234342545270919800e-01 -7.189459800720214844e-01 -4.007080495357513428e-01 -1.255498886108398438e+00 -8.792263269424438477e-01 2.789390981197357178e-01
1.031055822968482971e-01 1.894092559814453125e-01 1.362258493900299072e-01 -1.871047765016555786e-01 2.810872793197631836e-01 -1.735454201698303223e-01 2.914719581604003906e-01 -5.706723332405090332e-01 -1.767660528421401978e-01 1.481839269399642944e-01 3.637146651744842529e-01 -5.219687819480895996e-01 4.533218145370483398e-01 -7.705253362655639648e-02 2.432235330343246460e-01 7.269701957702636719e-01 2.925377190113067627e-01 -2.174587249755859375e-01 3.072065412998199463e-01 5.291514992713928223e-01 3.994729816913604736e-01 4.447764754295349121e-01 3.251996636390686035e-01 2.052645012736320496e-02 -5.923542380332946777e-02 8.509624004364013672e-01 -3.630906641483306885e-01 1.800342053174972534e-01 4.079357162117958069e-02 6.641722321510314941e-01 -4.274606704711914062e-02 3.214937746524810791e-01 -5.805403590202331543e-01 8.314721286296844482e-02 -3.706534802913665771e-01 -5.263808369636535645e-01 1.094994619488716125e-01 4.773112386465072632e-02 -1.379963904619216919e-01 -2.902623265981674194e-02 -3.323065936565399170e-01 5.126652717590332031e-01 1.618459522724151611e-01 -2.670416831970214844e-01 -1.481980234384536743e-01 -5.158841237425804138e-02 5.193401575088500977e-01 -3.701148033142089844e-01 -5.409148521721363068e-03 -1.896710544824600220e-01 -4.382934868335723877e-01 -2.580896615982055664e-01 -8.709424734115600586e-02 7.356842756271362305e-01 -4.846082329750061035e-01 8.495357036590576172e-01 -1.673472523689270020e-01 1.903355866670608521e-01 -2.407244741916656494e-01 -5.953489542007446289e-01 -4.306018054485321045e-01 -1.250743120908737183e-01 2.846667766571044922e-01 -4.172807037830352783e-01
1.275301694869995117e+00 -4.583077132701873779e-01 -2.301937043666839600e-01 1.048370838165283203e+00 1.299284458160400391e+00 -3.748673796653747559e-01 -1.765014529228210449e-01 7.476645708084106445e-02 -3.883540034294128418e-01 9.529266357421875000e-01 -5.035470724105834961e-01 -4.732074216008186340e-02 -3.079748153686523438e-01 -5.189524888992309570e-01 -3.654794692993164062e-01 3.599808514118194580e-01 -1.098171696066856384e-01 4.402987360954284668e-01 -2.243270576000213623e-01 1.311132431030273438e+00 5.355510115623474121e-01 1.993726789951324463e-01 1.228565797209739685e-01 2.288341708481311798e-02 -5.517074093222618103e-02 2.111485749483108521e-01 -5.241806507110595703e-01 -4.807088375091552734e-01 8.534522056579589844e-01 -4.598972201347351074e-02 3.556373417377471924e-01 4.358602464199066162e-01 -2.666500210762023926e-01 5.110842734575271606e-02 -5.732131600379943848e-01 -1.850018948316574097e-01 -7.834318876266479492e-01 3.586761951446533203e-01 2.608415782451629639e-01 7.841665744781494141e-01 -1.325536519289016724e-01 4.275968074798583984e-01 -3.024693131446838379e-01 -2.701782286167144775e-01 2.426752746105194092e-01 1.947160959243774414e-01 -4.923838376998901367e-01 -5.167545080184936523e-01 -9.300428628921508789e-01 4.949292540550231934e-01 -3.577282130718231201e-01 -2.132286876440048218e-01 -2.987492382526397705e-01 7.857627272605895996e-01 1.725964620709419250e-02 5.564311146736145020e-01 1.051966939121484756e-02 -6.125196814537048340e-01 -6.940164566040039062e-01 3.988752365112304688e-01 -2.670919895172119141e-01 -4.015032649040222168e-01 7.365000247955322266e-01 6.460112929344177246e-01
1.354862332344055176e+00 -5.571303367614746094e-01 4.752738475799560547e-01 3.303179144859313965e-02 1.587733328342437744e-01 -9.400445222854614258e-01 -7.473614066839218140e-02 -1.423012316226959229e-01 -5.244280099868774414e-01 1.685257703065872192e-01 5.424423143267631531e-02 -5.082679986953735352e-01 2.282578051090240479e-01 8.135682344436645508e-01 -4.221181273460388184e-01 4.963233470916748047e-01 -4.880094528198242188e-01 4.731770753860473633e-01 -2.936626672744750977e-01 8.226003646850585938e-01 5.091000199317932129e-01 7.557031512260437012e-01 -5.191515088081359863e-01 -5.645279288291931152e-01 -7.002990245819091797e-01 -3.835397213697433472e-02 -6.969131827354431152e-01 -7.164667844772338867e-01 2.998620569705963135e-01 4.026485979557037354e-02 5.719276666641235352e-01 4.568358957767486572e-01 -2.364642620086669922e-01 -3.809483051300048828e-01 -5.079009011387825012e-02 -3.293806314468383789e-01 6.367610692977905273e-01 1.140770688652992249e-01 -3.328952491283416748e-01 1.341269761323928833e-01 -1.096693947911262512e-01 3.529093265533447266e-01 6.163188219070434570e-01 3.186803460121154785e-01 9.056801348924636841e-02 -1.464393585920333862e-01 -2.751284837722778320e-01 -5.726866722106933594e-01 1.384226828813552856e-01 2.546266913414001465e-01 1.542065739631652832e-01 -3.427524864673614502e-01 -1.798773556947708130e-01 2.840504050254821777e-01 3.295844420790672302e-02 2.961980402469635010e-01 6.725295782089233398e-01 -2.892831563949584961e-01 -1.089250922203063965e+00 -6.636890172958374023e-01 -2.947026789188385010e-01 -7.624782919883728027e-01 2.516745030879974365e-01 -4.097043871879577637e-01
4.394665658473968506e-01 6.099090352654457092e-02 -2.993792295455932617e-01 3.153365850448608398e-02 2.620519697666168213e-01 8.389060944318771362e-02 6.179969310760498047e-01 -7.173945903778076172e-01 -7.712741196155548096e-02 1.721904575824737549e-01 3.577297329902648926e-01 -1.617687940597534180e-02 -6.859124302864074707e-01 3.928451836109161377e-01 2.845498919486999512e-01 9.213312268257141113e-01 -7.573135495185852051e-01 -2.630302011966705322e-01 -6.438295245170593262e-01 8.623151183128356934e-01 -1.108451094478368759e-02 5.842257738113403320e-01 4.938820898532867432e-01 -6.533852219581604004e-02 -1.084836572408676147e-01 1.147785544395446777e+00 -8.553040772676467896e-02 5.952595267444849014e-03 8.077818155288696289e-02 2.260103076696395874e-01 -4.356459248811006546e-03 3.290805220603942871e-01 -3.333780169486999512e-01 -7.850561290979385376e-02 -5.022226572036743164e-01 -1.097117736935615540e-01 -3.108120262622833252e-01 4.232225716114044189e-01 1.987628489732742310e-01 -4.545130580663681030e-02 -5.335536003112792969e-01 6.557124257087707520e-01 4.460820555686950684e-01 -8.059384226799011230e-01 -3.581052422523498535e-01 2.747156284749507904e-02 5.523915290832519531e-01 -3.140147328376770020e-01 4.704602807760238647e-02 -7.399994134902954102e-02 -1.757956854999065399e-02 2.064253762364387512e-02 -4.205728769302368164e-01 8.561649918556213379e-01 -3.220981061458587646e-01 6.966880559921264648e-01 5.458745360374450684e-01 -1.511646807193756104e-01 -9.313259273767471313e-03 -6.221233606338500977e-01 -8.227621316909790039e-01 -6.616883873939514160e-01 3.215719759464263916e-01 -5.272277593612670898e-01
7.518210411071777344e-01 -8.178288936614990234e-01 6.222056150436401367e-01 -1.220592390745878220e-02 4.529041051864624023e-01 1.109587326645851135e-01 2.724458873271942139e-01 -2.394820302724838257e-01 -4.396526813507080078e-01 7.163658738136291504e-01 -3.365297019481658936e-01 5.505482479929924011e-02 -4.434280097484588623e-01 4.945305362343788147e-02 -8.123186230659484863e-01 4.893847703933715820e-01 -7.672835588455200195e-01 -1.429289877414703369e-01 -3.290085867047309875e-02 4.590163230895996094e-01 -1.644731685519218445e-02 1.123614907264709473e+00 -2.620320916175842285e-01 -1.091492772102355957e-01 -5.277937650680541992e-01 6.247579455375671387e-01 -5.974808335304260254e-01 -8.986628651618957520e-01 -1.257012337446212769e-01 1.405696570873260498e-01 -3.076139390468597412e-01 3.576388359069824219e-01 -3.374331593513488770e-01 2.974491417407989502e-01 -3.669480085372924805e-01 -1.613814830780029297e-01 2.437944896519184113e-02 -3.298723101615905762e-01 -2.709546089172363281e-01 9.182072281837463379e-01 1.745392233133316040e-01 -1.862930208444595337e-01 -6.215873956680297852e-01 -5.752157568931579590e-01 2.029907554388046265e-01 1.095110829919576645e-02 -1.416478902101516724e-01 -6.701163053512573242e-01 -3.934233486652374268e-01 -5.808763504028320312e-01 -1.029717773199081421e-01 8.610344678163528442e-02 -7.267370223999023438e-01 2.089029997587203979e-01 -2.956163585186004639e-01 3.027426004409790039e-01 -2.895150780677795410e-01 -3.320293128490447998e-01 7.920826226472854614e-02 -2.870526015758514404e-01 -1.380477994680404663e-01 -1.606431007385253906e-01 -7.521681785583496094e-01 2.941670417785644531e-01
8.159977793693542480e-01 3.730956017971038818e-01 5.700743794441223145e-01 -2.709261476993560791e-01 5.774242877960205078e-01 -1.325624436140060425e-01 2.718068063259124756e-01 -4.071189761161804199e-01 -5.582199096679687500e-01 4.993328154087066650e-01 -3.797557950019836426e-01 3.116593956947326660e-01 -6.434865593910217285e-01 8.639609813690185547e-02 -1.484024822711944580e-01 7.675717771053314209e-02 -4.295594990253448486e-02 1.065125092864036560e-01 -2.822331488132476807e-01 -1.426796466112136841e-01 -7.302091717720031738e-01 -2.123858481645584106e-01 1.430645883083343506e-01 -4.136100411415100098e-01 -7.203660905361175537e-02 1.785699576139450073e-01 2.603236399590969086e-02 -4.098043143749237061e-01 -4.272552430629730225e-01 -2.194123566150665283e-01 6.566987037658691406e-01 -3.855687081813812256e-01 -7.772954702377319336e-01 -2.698003053665161133e-01 -1.703723669052124023e-01 -7.735041975975036621e-01 -2.459232509136199951e-01 -6.408724188804626465e-02 -1.093810722231864929e-01 -3.992425501346588135e-01 -1.400141119956970215e-01 1.899302452802658081e-01 4.683170616626739502e-01 -4.533398896455764771e-02 -4.873550534248352051e-01 -5.305399894714355469e-01 3.197668790817260742e-01 -1.020504713058471680e+00 -5.476732850074768066e-01 3.295634090900421143e-01 8.864026516675949097e-02 -5.995915532112121582e-01 -8.122912645339965820e-01 1.711090058088302612e-01 5.326667428016662598e-01 5.465265512466430664e-01 3.236225545406341553e-01 -8.077721595764160156e-01 -6.033607721328735352e-01 1.044823154807090759e-01 7.366961985826492310e-02 -6.795890927314758301e-01 -4.232543706893920898e-01 3.914834856986999512e-01
-3.396697640419006348e-01 -2.155780345201492310e-01 8.223535865545272827e-02 9.356660246849060059e-01 5.219137072563171387e-01 -2.015672624111175537e-01 4.192705452442169189e-01 -5.479480028152465820e-01 -1.059347987174987793e-01 -1.604354381561279297e-01 -9.258682131767272949e-01 2.230539321899414062e-01 -3.748917579650878906e-01 -1.624909937381744385e-01 -1.802817136049270630e-01 9.270611405372619629e-01 -3.742899894714355469e-01 -8.313503861427307129e-02 4.214317202568054199e-01 4.399084150791168213e-01 1.055946126580238342e-01 5.236874222755432129e-01 4.386150538921356201e-01 -4.144292771816253662e-01 8.441364020109176636e-02 2.152456194162368774e-01 -5.355042219161987305e-01 -5.120720267295837402e-01 3.504177927970886230e-01 5.224913358688354492e-01 9.007240533828735352e-01 4.519008696079254150e-01 -4.524644017219543457e-01 2.847002446651458740e-01 2.702971398830413818e-01 -7.737222313880920410e-02 1.640180498361587524e-01 7.630993723869323730e-01 -7.352959364652633667e-02 1.949910223484039307e-01 5.544520616531372070e-01 3.124980628490447998e-01 2.962717413902282715e-01 -6.817336678504943848e-01 -3.622689098119735718e-02 -3.893842399120330811e-01 6.015744805335998535e-01 2.418595254421234131e-01 -6.221056580543518066e-01 1.330352723598480225e-01 -3.103190064430236816e-01 -1.424888968467712402e-01 -1.652982681989669800e-01 1.977570503950119019e-01 3.438938260078430176e-01 1.421226382255554199e+00 1.834091693162918091e-01 -1.460459381341934204e-01 -7.704634070396423340e-01 -6.425618529319763184e-01 -4.410251975059509277e-01 -6.684825420379638672e-01 2.603191733360290527e-01 2.658400237560272217e-01
7.579790949821472168e-01 1.863054782152175903e-01 -2.857421897351741791e-02 3.783176541328430176e-01 -2.007967978715896606e-01 -5.083507895469665527e-01 7.112504243850708008e-01 -7.040882706642150879e-01 -5.065759420394897461e-01 4.497588872909545898e-01 -7.067747116088867188e-01 1.131142303347587585e-01 -7.476371526718139648e-01 3.262436687946319580e-01 7.276125252246856689e-02 1.008834004402160645e+00 -3.800759911537170410e-01 -1.959221214056015015e-01 -9.297583103179931641e-01 1.112285971641540527e+00 -1.762943118810653687e-01 8.076648712158203125e-01 2.165443450212478638e-01 -6.446692943572998047e-01 -6.722500324249267578e-01 -1.316281408071517944e-01 -3.338769376277923584e-01 -1.629781126976013184e-01 4.049976170063018799e-01 1.940596550703048706e-01 3.473944664001464844e-01 3.467575460672378540e-02 -7.284553647041320801e-01 -1.541898697614669800e-01 -3.147160112857818604e-01 -6.138803362846374512e-01 -7.153981328010559082e-01 -4.269141554832458496e-01 1.638513803482055664e-01 4.466895759105682373e-01 -3.086775541305541992e-01 -5.809171795845031738e-01 -9.535713493824005127e-02 1.437149494886398315e-01 1.392416805028915405e-01 1.027010083198547363e-01 -5.786467790603637695e-01 -2.982674539089202881e-01 -3.040634840726852417e-02 7.150325179100036621e-01 -6.959576606750488281e-01 -2.762472033500671387e-01 -2.358424365520477295e-01 -4.179552197456359863e-01 -2.441947907209396362e-01 6.269501447677612305e-01 -1.526230871677398682e-01 -1.740272790193557739e-01 1.730290986597537994e-02 -7.830997109413146973e-01 3.719245791435241699e-01 -9.869159460067749023e-01 4.841629862785339355e-01 8.745900392532348633e-01
6.320168823003768921e-02 -4.595537856221199036e-02 2.377659529447555542e-01 2.231588363647460938e-01 8.190912008285522461e-01 3.566345199942588806e-02 -2.742774486541748047e-01 -2.221370339393615723e-01 -4.864022433757781982e-01 5.616415739059448242e-01 3.915524855256080627e-02 -1.676344722509384155e-01 -2.808138132095336914e-01 1.694354712963104248e-01 -6.796655058860778809e-01 2.928105592727661133e-01 -5.537083148956298828e-01 -1.736240088939666748e-01 -5.988038182258605957e-01 1.045630574226379395e+00 3.097198307514190674e-01 7.495165616273880005e-02 -7.588363289833068848e-01 -1.012280106544494629e+00 -3.803127706050872803e-01 2.896783351898193359e-01 -6.144160032272338867e-01 -4.201054871082305908e-01 -5.034283995628356934e-01 -6.885793805122375488e-02 7.497000098228454590e-01 3.943662345409393311e-01 -7.842394113540649414e-01 -5.262660384178161621e-01 1.955745816230773926e-01 -7.039847373962402344e-01 -7.503325939178466797e-01 -8.323074877262115479e-02 8.370800316333770752e-02 2.910389304161071777e-01 -7.682633399963378906e-01 1.906238496303558350e-01 -5.815749168395996094e-01 -7.489789724349975586e-01 4.736256599426269531e-01 -2.533645136281847954e-03 4.329835474491119385e-01 -1.096761673688888550e-01 -3.827916681766510010e-01 6.749316453933715820e-01 3.281220495700836182e-01 2.828710973262786865e-01 2.395158261060714722e-01 -1.136926189064979553e-01 1.166405454277992249e-01 1.029872298240661621e+00 2.103618085384368896e-01 2.830289900302886963e-01 -1.635534018278121948e-01 2.873352169990539551e-01 -4.902265667915344238e-01 -7.324222922325134277e-01 -1.318594962358474731e-01 5.087786540389060974e-02
1.713201254606246948e-01 -1.846879571676254272e-01 2.690806090831756592e-01 -6.622639298439025879e-01 3.852418065071105957e-01 -5.443384125828742981e-02 1.369584351778030396e-01 -3.405371010303497314e-01 -6.552050709724426270e-01 3.952058851718902588e-01 -2.265428006649017334e-01 -3.795005679130554199e-01 -1.192804947495460510e-01 -2.645690739154815674e-02 5.246084183454513550e-02 3.153148293495178223e-01 3.950015008449554443e-01 -1.324394196271896362e-01 2.548305988311767578e-01 -2.915925681591033936e-01 7.246106863021850586e-01 6.125031113624572754e-01 3.352165520191192627e-01 -4.721322953701019287e-01 1.985267102718353271e-01 9.822462797164916992e-01 -1.356693077832460403e-02 -3.886907696723937988e-01 2.360100448131561279e-01 1.748636215925216675e-01 -3.672175705432891846e-01 3.489472568035125732e-01 -8.727558851242065430e-01 1.446736901998519897e-01 -2.976437509059906006e-01 -1.704082190990447998e-01 -2.719064652919769287e-01 2.486795186996459961e-01 -2.417036332190036774e-02 3.071924149990081787e-01 -2.168927639722824097e-01 5.582987070083618164e-01 -4.593149945139884949e-02 -4.709517657756805420e-01 2.282992154359817505e-01 -2.963003329932689667e-02 -1.456637084484100342e-01 -6.366077065467834473e-01 2.660511136054992676e-01 3.536550998687744141e-01 3.053414262831211090e-02 -7.655010819435119629e-01 -5.197460055351257324e-01 2.501734495162963867e-01 -2.133999764919281006e-01 5.712597370147705078e-01 -5.487533807754516602e-01 -2.653096616268157959e-01 -2.623972594738006592e-01 -5.807709693908691406e-01 6.967382878065109253e-02 4.260048568248748779e-01 -6.858091354370117188e-01 1.652050316333770752e-01
-3.240683972835540771e-01 1.007350087165832520e-01 3.453780114650726318e-01 2.668785750865936279e-01 5.933915376663208008e-01 5.483757853507995605e-01 4.338921904563903809e-01 -5.713014602661132812e-01 -7.670585513114929199e-01 1.064002215862274170e-01 2.269350588321685791e-01 -9.812675416469573975e-02 -3.810105323791503906e-01 -4.002662301063537598e-01 -2.071997523307800293e-01 4.144454002380371094e-01 7.409009933471679688e-01 1.156654655933380127e-01 5.200311541557312012e-01 2.345804572105407715e-01 -5.256058573722839355e-01 3.826206922531127930e-01 1.416392326354980469e-01 2.442092746496200562e-01 1.268853992223739624e-01 1.623386591672897339e-01 -2.988150715827941895e-01 -7.899488508701324463e-02 5.602314323186874390e-02 2.012058496475219727e-01 -4.227732121944427490e-01 2.228147089481353760e-01 -2.530478537082672119e-01 -1.830081045627593994e-01 1.769986450672149658e-01 -3.404229134321212769e-02 5.932967066764831543e-01 3.178690075874328613e-01 -1.045139655470848083e-01 -7.219278486445546150e-04 -2.715345621109008789e-01 3.652875125408172607e-02 3.227398693561553955e-01 -3.200454264879226685e-02 -8.838627487421035767e-02 -1.814326047897338867e-01 1.783889345824718475e-02 -8.216978311538696289e-01 -8.305772542953491211e-01 2.918644547462463379e-01 3.136722370982170105e-02 -1.683852821588516235e-01 1.552476882934570312e-01 -8.865756541490554810e-02 -7.766768336296081543e-02 5.756767392158508301e-01 1.250716112554073334e-02 -1.222206130623817444e-01 -6.497183442115783691e-02 -3.448261618614196777e-01 -8.945313096046447754e-02 -7.568025588989257812e-01 -3.737744316458702087e-02 3.603786230087280273e-01
1.003708362579345703e+00 -6.514024734497070312e-01 -2.902308404445648193e-01 9.142305254936218262e-01 1.559716612100601196e-01 -9.674941897392272949e-01 6.371417045593261719e-01 -7.611992359161376953e-01 -1.287088632583618164e+00 -4.400534927845001221e-02 -2.941685020923614502e-01 5.713566541671752930e-01 -7.032977938652038574e-01 -1.530598849058151245e-01 -3.835156261920928955e-01 4.555813372135162354e-01 -3.623637259006500244e-01 -4.635549485683441162e-01 2.366762906312942505e-01 1.151024222373962402e+00 -7.082276046276092529e-02 -1.237570196390151978e-01 -4.077908098697662354e-01 -1.397894144058227539e+00 3.291643261909484863e-01 5.525211095809936523e-01 -8.136407136917114258e-01 -5.637553334236145020e-01 -9.033005684614181519e-02 2.483289092779159546e-01 -1.429597437381744385e-01 6.506617646664381027e-03 -4.857479035854339600e-01 4.135216176509857178e-01 1.075077876448631287e-01 -1.216634631156921387e+00 6.159363389015197754e-01 -2.705009877681732178e-01 -3.289798498153686523e-01 -1.384873688220977783e-01 -2.425058782100677490e-01 5.345944166183471680e-01 1.404999475926160812e-02 -4.791781306266784668e-01 1.032450079917907715e+00 -3.914173319935798645e-02 -2.903586328029632568e-01 -2.418131828308105469e-01 -2.716022133827209473e-01 8.288048207759857178e-02 -8.379321694374084473e-01 1.386484056711196899e-01 -1.026357889175415039e+00 -1.893986947834491730e-02 3.820714056491851807e-01 2.940539419651031494e-01 -1.282203495502471924e-01 -7.464407086372375488e-01 -1.690305322408676147e-01 2.407073825597763062e-01 -6.663336753845214844e-01 -6.009368300437927246e-01 3.600701987743377686e-01 2.031694501638412476e-01
5.430729389190673828e-01 6.560137867927551270e-01 3.352734446525573730e-01 4.078380763530731201e-03 5.724603533744812012e-01 -1.147800803184509277e+00 3.628304600715637207e-01 -5.068225264549255371e-01 -1.891702413558959961e-01 4.978096485137939453e-01 6.918902397155761719e-01 5.734620690345764160e-01 -5.160766839981079102e-01 5.877728387713432312e-02 -6.532100439071655273e-01 4.405055046081542969e-01 -5.280074477195739746e-01 3.093377053737640381e-01 1.358881592750549316e-01 5.543535947799682617e-01 3.278561234474182129e-01 3.704241514205932617e-01 4.149512648582458496e-01 -7.380774617195129395e-01 -2.939583659172058105e-01 4.011955559253692627e-01 -1.609340608119964600e-01 3.235075771808624268e-01 5.010808706283569336e-01 5.507754087448120117e-01 3.999549150466918945e-01 2.706911265850067139e-01 -4.998181760311126709e-01 1.199499592185020447e-01 5.334381759166717529e-02 -6.153145432472229004e-01 -4.799877405166625977e-01 1.974138468503952026e-01 5.649598240852355957e-01 7.830555737018585205e-02 2.325410395860671997e-01 4.814587831497192383e-01 -3.766479194164276123e-01 -6.449713110923767090e-01 5.605358481407165527e-01 5.884238481521606445e-01 -3.252967000007629395e-01 -7.469195127487182617e-01 -6.525818109512329102e-01 -2.749741077423095703e-01 -1.347463876008987427e-01 2.745904624462127686e-01 -5.645385980606079102e-01 5.778695940971374512e-01 5.123795270919799805e-01 1.263788491487503052e-01 1.057476252317428589e-01 9.613539278507232666e-02 -1.487480103969573975e-01 -6.560995578765869141e-01 -3.039851486682891846e-01 -1.139564394950866699e+00 4.296973347663879395e-02 -9.689855575561523438e-02
8.370174467563629150e-02 -3.283614814281463623e-01 2.300386279821395874e-01 -4.656436741352081299e-01 -1.085392385721206665e-01 4.761152267456054688e-01 -1.177131831645965576e-01 -5.060553550720214844e-01 -7.597938776016235352e-01 1.496433019638061523e-01 -1.723496168851852417e-01 -2.287532947957515717e-02 -7.274638414382934570e-01 -2.092834711074829102e-01 -3.295228481292724609e-01 3.662610352039337158e-01 1.778278052806854248e-01 -1.330674141645431519e-01 4.740701317787170410e-01 -1.182321608066558838e-01 3.261633217334747314e-01 5.066581368446350098e-01 7.028434276580810547e-01 -2.643474936485290527e-01 1.241281852126121521e-01 2.254621237516403198e-01 -7.976172119379043579e-02 -1.022813916206359863e+00 4.749098420143127441e-01 9.546534158289432526e-03 -5.026341080665588379e-01 1.738271266222000122e-01 -6.766162514686584473e-01 -1.774819493293762207e-01 6.093051657080650330e-02 -8.786275982856750488e-03 1.333102732896804810e-01 4.240737557411193848e-01 -6.011252105236053467e-02 2.508758306503295898e-01 4.056189656257629395e-01 -6.801348179578781128e-02 -1.302478164434432983e-01 -4.230542480945587158e-01 2.675172686576843262e-01 -4.798759520053863525e-01 -1.561466008424758911e-01 -8.901035189628601074e-01 -7.202915549278259277e-01 2.630397677421569824e-01 3.055104985833168030e-02 -4.558936953544616699e-01 2.860549092292785645e-02 -1.694557070732116699e-02 1.883659362792968750e-01 6.963644027709960938e-01 2.255856245756149292e-02 -2.879807054996490479e-01 2.187312245368957520e-01 -2.692364454269409180e-01 -8.168839663267135620e-02 -2.329553961753845215e-01 -3.887276947498321533e-01 1.106538474559783936e-01
6.456880569458007812e-01 5.566702485084533691e-01 1.895363181829452515e-01 2.593382894992828369e-01 2.779017388820648193e-01 4.860660806298255920e-02 5.220516920089721680e-01 -1.115955114364624023e+00 -8.806360960006713867e-01 4.407666325569152832e-01 -4.145246148109436035e-01 1.859762892127037048e-02 -5.107279419898986816e-01 -3.041124343872070312e-01 4.213519394397735596e-01 5.844646692276000977e-01 -9.106090664863586426e-01 4.809697344899177551e-02 -9.608733654022216797e-02 6.614146828651428223e-01 1.604523658752441406e-01 2.529582679271697998e-01 -4.216617345809936523e-01 1.911450549960136414e-02 -7.252155989408493042e-02 1.442977041006088257e-02 -1.322141885757446289e-01 -3.088895976543426514e-01 -6.518992781639099121e-01 -1.683999598026275635e-02 6.433784961700439453e-01 -2.703550755977630615e-01 -5.241930484771728516e-01 -2.861448228359222412e-01 -2.120201736688613892e-01 -1.586276888847351074e-01 -3.470623493194580078e-01 4.389697909355163574e-01 -8.092487454414367676e-01 1.350811030715703964e-02 6.285545229911804199e-02 4.438378810882568359e-01 1.126119717955589294e-01 7.269443571567535400e-02 -1.225181594491004944e-01 3.657354712486267090e-01 -4.484585821628570557e-01 -1.131520509719848633e+00 -6.369351744651794434e-01 7.628929615020751953e-02 4.469163250178098679e-03 2.935686409473419189e-01 5.217762663960456848e-02 -4.246319830417633057e-01 2.696435451507568359e-01 7.467305660247802734e-02 7.672645896673202515e-02 -3.190145790576934814e-01 -1.639504283666610718e-01 -3.847931325435638428e-01 2.602015435695648193e-01 -7.519464492797851562e-01 4.953849613666534424e-01 7.728268504142761230e-01
7.567983269691467285e-01 1.289518475532531738e-01 6.038565039634704590e-01 8.211269229650497437e-02 2.585719525814056396e-01 -1.405272334814071655e-01 2.692019641399383545e-01 7.814630120992660522e-02 -9.487021565437316895e-01 2.501029372215270996e-01 -6.698102951049804688e-01 -4.452741146087646484e-01 -5.321385860443115234e-01 1.012360334396362305e+00 3.637844026088714600e-01 -1.044201180338859558e-01 -8.836360573768615723e-01 3.198781311511993408e-01 -4.464860539883375168e-03 2.679564058780670166e-01 8.525875806808471680e-01 5.464839339256286621e-01 -1.747058704495429993e-02 -5.648980736732482910e-01 -5.198729038238525391e-01 6.759667396545410156e-01 -1.425955146551132202e-01 3.709369599819183350e-01 3.177704811096191406e-01 1.598309278488159180e-01 1.696752756834030151e-01 3.461943268775939941e-01 -9.351460933685302734e-01 6.152417510747909546e-02 -2.727409601211547852e-01 -3.791414797306060791e-01 -2.354783117771148682e-01 6.756357550621032715e-01 3.222246170043945312e-01 1.862892210483551025e-01 -3.496983051300048828e-01 5.493158698081970215e-01 -1.211572512984275818e-01 -1.815737783908843994e-01 4.124352931976318359e-01 2.039757519960403442e-01 -1.474409550428390503e-01 -7.599643468856811523e-01 -1.255966275930404663e-01 4.425672590732574463e-01 -4.142077863216400146e-01 -3.304185569286346436e-01 -3.839209675788879395e-01 6.008096337318420410e-01 2.732383608818054199e-01 1.301891922950744629e+00 -9.848490357398986816e-01 6.433369219303131104e-02 -5.617389082908630371e-01 1.472708880901336670e-01 -1.868217885494232178e-01 -1.493895798921585083e-01 -4.810442328453063965e-01 7.589335441589355469e-01
7.810944318771362305e-01 9.729490429162979126e-02 1.366946995258331299e-01 1.067960143089294434e+00 3.776547014713287354e-01 -7.795210480690002441e-01 4.362556040287017822e-01 -1.522205233573913574e+00 -1.631715893745422363e+00 -2.858766913414001465e-01 2.582946978509426117e-02 6.774641275405883789e-01 -4.338628053665161133e-01 5.882906317710876465e-01 9.890449792146682739e-02 4.928035140037536621e-01 -4.538379311561584473e-01 -7.025013864040374756e-02 -9.283807873725891113e-01 1.324830770492553711e+00 4.864425063133239746e-01 1.304136157035827637e+00 -1.240973994135856628e-01 -1.264022707939147949e+00 2.011180818080902100e-01 6.203889250755310059e-01 -5.356082916259765625e-01 -9.931335225701332092e-03 5.108174681663513184e-01 -1.751459948718547821e-02 6.204080581665039062e-01 3.798062801361083984e-01 4.819106161594390869e-01 -7.602339982986450195e-02 2.950947582721710205e-01 -6.732282042503356934e-01 -6.978687047958374023e-01 -2.366403937339782715e-01 -2.416021376848220825e-01 9.420582652091979980e-01 2.750672101974487305e-01 3.003247380256652832e-01 5.699315071105957031e-01 -2.800836563110351562e-01 3.102323114871978760e-01 -7.043249607086181641e-01 2.408252358436584473e-01 -3.841148912906646729e-01 -1.448891043663024902e+00 -1.027625501155853271e-01 -8.721113204956054688e-01 -9.533745646476745605e-01 1.316833347082138062e-01 3.839331567287445068e-01 -3.385608494281768799e-01 3.326702117919921875e-01 -3.645182251930236816e-01 3.783242404460906982e-01 -1.137602925300598145e+00 6.466550827026367188e-01 -4.021626710891723633e-01 2.888336181640625000e-01 -1.940609812736511230e-01 5.576392412185668945e-01
1.116049528121948242e+00 4.843274503946304321e-02 3.324473202228546143e-01 -3.223138749599456787e-01 8.901859521865844727e-01 -2.833903022110462189e-02 4.576568007469177246e-01 -3.545463085174560547e-01 -1.799464464187622070e+00 5.038180947303771973e-01 -6.147460266947746277e-02 7.380520701408386230e-01 -1.098667740821838379e+00 7.978153824806213379e-01 2.202326059341430664e-01 7.852612137794494629e-01 -1.916508674621582031e-01 -1.186408847570419312e-01 6.067104339599609375e-01 1.179757356643676758e+00 4.245137274265289307e-01 -1.736371666193008423e-01 -6.773315668106079102e-01 2.152574015781283379e-03 -2.998861372470855713e-01 2.685363888740539551e-01 -7.537395954132080078e-01 -6.528503447771072388e-02 9.863193631172180176e-01 1.266181766986846924e-01 1.314077019691467285e+00 4.380238354206085205e-01 1.051363274455070496e-01 5.590031743049621582e-01 -4.467074573040008545e-01 -3.018696904182434082e-01 -7.640004158020019531e-01 1.356435008347034454e-03 -2.765813767910003662e-01 9.215126037597656250e-01 -9.094473719596862793e-01 6.648714840412139893e-02 -5.525521188974380493e-02 -9.335735812783241272e-03 5.583747029304504395e-01 -6.544755101203918457e-01 2.443095296621322632e-01 -3.843482136726379395e-01 -5.462408661842346191e-01 -4.291555285453796387e-01 1.123671755194664001e-01 -5.687197446823120117e-01 -2.037200480699539185e-01 -2.581907808780670166e-01 7.205749154090881348e-01 7.131718993186950684e-01 -2.512725293636322021e-01 4.572425484657287598e-01 -7.216001152992248535e-01 -7.033779621124267578e-01 -9.582202434539794922e-01 -6.859450340270996094e-01 4.308440256863832474e-03 2.036116123199462891e-01
6.968741416931152344e-01 -9.690040349960327148e-02 -3.749375343322753906e-01 2.338353544473648071e-01 5.688955783843994141e-01 -8.211748600006103516e-01 4.239777326583862305e-01 -3.456581532955169678e-01 -9.455317854881286621e-01 1.832958161830902100e-01 1.183297764509916306e-02 -6.794254183769226074e-01 4.472354054450988770e-01 1.367556303739547729e-01 -1.746660917997360229e-01 7.164154052734375000e-01 4.822377860546112061e-01 -5.358929634094238281e-01 3.848865330219268799e-01 8.762626647949218750e-01 1.567578315734863281e-01 1.094378709793090820e+00 8.933334052562713623e-02 -2.876095175743103027e-01 -1.458155632019042969e+00 3.888244330883026123e-01 -2.737071514129638672e-01 -2.729957401752471924e-01 -1.534975599497556686e-02 -3.435044288635253906e-01 -5.355296730995178223e-01 -3.026404380798339844e-01 -3.692722916603088379e-01 1.097595244646072388e-01 1.423100978136062622e-01 1.671193093061447144e-01 -3.406175374984741211e-01 -3.053180575370788574e-01 -4.234654009342193604e-01 2.210788577795028687e-01 -3.378129005432128906e-02 5.555241107940673828e-01 2.137573510408401489e-01 -8.497621864080429077e-02 4.788525104522705078e-01 -1.998252719640731812e-01 5.378935933113098145e-01 -6.403026729822158813e-02 -4.186663329601287842e-01 4.628616273403167725e-01 5.281645655632019043e-01 -1.880932003259658813e-01 1.758139580488204956e-02 9.648967534303665161e-02 -5.490371957421302795e-02 4.066115319728851318e-01 2.893505096435546875e-01 -4.355535209178924561e-01 -7.980344891548156738e-01 2.673244178295135498e-01 -2.072660475969314575e-01 -4.273698627948760986e-01 -6.950490921735763550e-02 2.272036522626876831e-01
9.189234972000122070e-01 3.730654418468475342e-01 4.864333868026733398e-01 -4.452401101589202881e-01 7.387967705726623535e-01 -6.819084286689758301e-02 6.620627641677856445e-01 -8.313387036323547363e-01 -9.297741651535034180e-01 2.472733557224273682e-01 3.544361516833305359e-02 3.097243607044219971e-01 -5.022459626197814941e-01 -3.545191884040832520e-01 3.374235928058624268e-01 2.127217948436737061e-01 -4.733298420906066895e-01 -7.224161177873611450e-03 -2.017614245414733887e-01 2.993298768997192383e-01 -3.429564833641052246e-01 -1.238380372524261475e-01 -4.497427493333816528e-02 -1.427319645881652832e-01 2.302058041095733643e-01 1.036856025457382202e-01 -2.937049046158790588e-02 -3.061261475086212158e-01 -4.662261009216308594e-01 -2.134865373373031616e-01 9.122653007507324219e-01 -6.675549596548080444e-02 -5.451973676681518555e-01 -2.602634727954864502e-01 1.333705633878707886e-01 -2.732109427452087402e-01 -5.409821122884750366e-02 4.165628850460052490e-01 -4.654678404331207275e-01 -2.297370731830596924e-01 -8.878038078546524048e-02 3.558769226074218750e-01 1.363129168748855591e-01 -2.312594056129455566e-01 -7.172867655754089355e-01 -1.875338256359100342e-01 -4.908761978149414062e-01 -1.339191794395446777e+00 -8.020455837249755859e-01 2.298183590173721313e-01 7.642764598131179810e-02 -8.952908962965011597e-02 -2.047293335199356079e-01 -3.317282795906066895e-01 1.153940707445144653e-01 2.355541139841079712e-01 4.708705842494964600e-01 -6.689812541007995605e-01 -4.499017596244812012e-01 2.305653989315032959e-01 -7.227704045362770557e-04 -3.632024526596069336e-01 -1.200599446892738342e-01 9.174939990043640137e-01
7.029729485511779785e-01 -6.463332176208496094e-01 7.344745397567749023e-01 -3.664520680904388428e-01 4.802281558513641357e-01 4.089426696300506592e-01 2.616744041442871094e-01 -2.746152877807617188e-01 -5.242764949798583984e-01 7.762894034385681152e-01 -4.063752889633178711e-01 1.565379053354263306e-01 -7.245150208473205566e-01 -9.900406748056411743e-02 -5.360095500946044922e-01 5.735363960266113281e-01 -1.661407798528671265e-01 -2.069874405860900879e-01 -1.573391258716583252e-01 1.321187317371368408e-01 6.539973616600036621e-01 7.998969554901123047e-01 -7.952221203595399857e-04 -2.043825984001159668e-01 -4.103088676929473877e-01 4.794166982173919678e-01 -5.121472477912902832e-01 -9.227255582809448242e-01 1.947310119867324829e-01 2.606121599674224854e-01 -3.169316351413726807e-01 4.163494408130645752e-01 -2.590128779411315918e-01 2.304157763719558716e-01 -1.784171611070632935e-01 -1.086882781237363815e-02 4.357259348034858704e-02 -3.341158330440521240e-01 -3.946958482265472412e-01 6.849478483200073242e-01 3.163827359676361084e-01 2.441236972808837891e-01 -6.337006688117980957e-01 -6.027659773826599121e-01 5.152569711208343506e-02 -1.255710572004318237e-01 -1.317021250724792480e-01 -7.240987420082092285e-01 -5.053483247756958008e-01 2.909461269155144691e-03 5.953998491168022156e-02 -5.168299674987792969e-01 -5.089293718338012695e-01 5.006157327443361282e-03 -1.029327884316444397e-01 3.809661865234375000e-01 -6.234872937202453613e-01 -7.016957737505435944e-03 3.933056592941284180e-01 -5.351210832595825195e-01 -1.164590120315551758e-01 -8.158918470144271851e-03 -8.039255142211914062e-01 1.610992550849914551e-01
6.811035871505737305e-01 -4.483542144298553467e-01 5.687950924038887024e-02 -3.374643027782440186e-01 5.956702232360839844e-01 -5.252685546875000000e-01 1.409530043601989746e-01 -5.033811926841735840e-01 -6.719841957092285156e-01 -2.021072506904602051e-01 1.305622607469558716e-01 -1.673551946878433228e-01 3.101706802845001221e-01 2.956100702285766602e-01 -2.568542063236236572e-01 4.465135931968688965e-01 7.429022192955017090e-01 -3.659857511520385742e-01 3.634576797485351562e-01 -3.536083921790122986e-02 -2.398245185613632202e-01 6.113324761390686035e-01 -3.763420134782791138e-02 -3.092143833637237549e-01 -7.897855639457702637e-01 3.218312561511993408e-01 -8.485116064548492432e-03 -9.783737063407897949e-01 3.191846907138824463e-01 9.071645140647888184e-02 -3.402191698551177979e-01 -6.562984585762023926e-01 -6.882274746894836426e-01 -2.366309314966201782e-01 -7.225473970174789429e-02 1.262277830392122269e-02 -5.006183385848999023e-01 -2.666153758764266968e-02 -2.425516843795776367e-01 -2.726898789405822754e-01 -1.838196814060211182e-01 1.951511502265930176e-01 -3.231047689914703369e-01 -2.728935182094573975e-01 3.781346380710601807e-01 -6.227496266365051270e-01 1.275126487016677856e-01 -6.717242002487182617e-01 -3.966646194458007812e-01 4.689309298992156982e-01 -1.981487125158309937e-01 -5.837144255638122559e-01 1.905121654272079468e-02 4.051163494586944580e-01 2.792554199695587158e-01 3.951283544301986694e-02 2.503184974193572998e-01 -1.799457669258117676e-01 -4.450719058513641357e-01 -8.022588491439819336e-02 2.805674374103546143e-01 -2.309805005788803101e-01 4.637735337018966675e-02 3.364831581711769104e-02
3.016800284385681152e-01 -7.244671583175659180e-01 3.972007930278778076e-01 3.708422183990478516e-01 9.484511613845825195e-01 -3.745687901973724365e-01 6.914394441992044449e-03 -4.312984347343444824e-01 -8.335094451904296875e-01 3.577238321304321289e-01 -1.359991729259490967e-01 1.417228877544403076e-01 -1.074442505836486816e+00 7.219083309173583984e-01 -9.561970233917236328e-01 1.439408183097839355e+00 -7.133781909942626953e-01 -2.592884004116058350e-01 -4.327925741672515869e-01 1.158189103007316589e-01 3.358762562274932861e-01 4.509156346321105957e-01 5.030775070190429688e-02 -6.740399599075317383e-01 1.922743320465087891e-01 9.129473567008972168e-01 -7.262928783893585205e-02 -4.692812636494636536e-02 1.353751751594245434e-03 1.044881790876388550e-01 6.510982513427734375e-01 3.340278863906860352e-01 -3.606872260570526123e-02 -1.214071083813905716e-02 1.416865140199661255e-01 4.833732917904853821e-02 -2.515836358070373535e-01 -1.804387569427490234e-01 -7.647268176078796387e-01 -2.038234323263168335e-01 -1.948249489068984985e-01 -4.576872885227203369e-01 -3.573560714721679688e-01 5.867566466331481934e-01 6.645666360855102539e-01 3.660273849964141846e-01 8.248128741979598999e-02 -8.347299098968505859e-01 2.111258916556835175e-02 3.086920976638793945e-01 -6.369091272354125977e-01 1.516950428485870361e-01 2.103462517261505127e-01 8.871157169342041016e-01 5.833159089088439941e-01 6.952909231185913086e-01 -3.655557632446289062e-01 -7.584007978439331055e-01 -7.803560495376586914e-01 -1.031140089035034180e-01 -4.666988551616668701e-01 -6.993672251701354980e-01 4.896943867206573486e-01 6.282711029052734375e-01
6.648021340370178223e-01 -2.516872286796569824e-01 -1.202885955572128296e-01 -3.298601508140563965e-01 3.226222395896911621e-01 -2.300517261028289795e-01 -8.205531537532806396e-02 -2.349278926849365234e-01 -7.673514485359191895e-01 9.316536784172058105e-02 -1.228393018245697021e-01 -6.912751197814941406e-01 -2.912868857383728027e-01 1.656725704669952393e-01 -1.753494590520858765e-01 3.073618113994598389e-01 5.742257237434387207e-01 -2.480120062828063965e-01 4.973127245903015137e-01 -2.685491740703582764e-01 2.847067117691040039e-01 4.578239321708679199e-01 5.026574134826660156e-01 -8.055534958839416504e-01 -2.432416528463363647e-01 9.995988570153713226e-03 1.942413896322250366e-01 -6.654725670814514160e-01 1.531918197870254517e-01 5.787949264049530029e-02 -3.501460254192352295e-01 -3.120614886283874512e-01 -6.034457683563232422e-01 1.315758675336837769e-01 -1.847013533115386963e-01 -1.168349757790565491e-01 -1.720045208930969238e-01 7.773127406835556030e-02 -3.361829817295074463e-01 1.971134245395660400e-01 -1.222781613469123840e-01 -1.197071047499775887e-03 1.157506033778190613e-01 -5.012865066528320312e-01 -1.596737280488014221e-02 -6.370513439178466797e-01 2.099997401237487793e-01 -9.177305102348327637e-01 -9.964468479156494141e-01 2.449283450841903687e-01 2.628714777529239655e-02 -7.421461939811706543e-01 4.352250695228576660e-02 1.436516642570495605e-01 4.059700369834899902e-01 9.134858101606369019e-02 -9.135490655899047852e-02 -1.694510281085968018e-01 -5.581494793295860291e-02 4.594773426651954651e-02 2.485281229019165039e-01 -2.010619193315505981e-01 -3.314317762851715088e-01 3.137454390525817871e-02
7.327130436897277832e-01 2.539017200469970703e-01 4.085589051246643066e-01 3.920963406562805176e-02 6.217875331640243530e-02 -8.313685655593872070e-02 1.219881400465965271e-01 -2.208855599164962769e-01 -8.979751467704772949e-01 1.731887012720108032e-01 -6.213847398757934570e-01 -2.924606800079345703e-01 -5.791925191879272461e-01 8.703210353851318359e-01 4.675552248954772949e-01 3.310240507125854492e-01 -2.580142319202423096e-01 2.272074669599533081e-01 3.969323635101318359e-02 -1.780861616134643555e-02 8.175954222679138184e-01 5.866776704788208008e-01 1.398915499448776245e-01 -6.531110405921936035e-01 -4.725512564182281494e-01 1.083292007446289062e+00 -1.839972585439682007e-01 2.795621752738952637e-01 3.347293734550476074e-01 2.983233034610748291e-01 1.380414962768554688e-01 4.481665492057800293e-01 -9.734382629394531250e-01 5.393487866967916489e-03 -3.265991806983947754e-01 -3.488606214523315430e-01 4.774602130055427551e-02 5.491769313812255859e-01 1.194134280085563660e-01 4.729005992412567139e-01 -2.795423269271850586e-01 8.112077713012695312e-01 2.033178508281707764e-02 -4.870910644531250000e-01 4.381434619426727295e-01 1.331329643726348877e-01 -3.732951879501342773e-01 -4.825235307216644287e-01 -5.274031683802604675e-02 5.560290813446044922e-01 -2.544920742511749268e-01 -3.647327423095703125e-01 -9.837498515844345093e-02 5.339314937591552734e-01 1.099262014031410217e-01 7.700660228729248047e-01 -1.102062940597534180e+00 -1.406563818454742432e-01 -5.225355029106140137e-01 1.942784786224365234e-01 9.440305642783641815e-03 -1.709282845258712769e-01 -6.946045160293579102e-01 5.958985090255737305e-01
6.453897356986999512e-01 1.110087707638740540e-01 -3.121919035911560059e-01 2.126815542578697205e-02 2.537764012813568115e-01 -4.130698740482330322e-01 5.689498782157897949e-01 -8.893595337867736816e-01 -1.028058409690856934e+00 4.288007616996765137e-01 -2.759252488613128662e-01 -8.737837523221969604e-02 -5.849512815475463867e-01 3.746015429496765137e-01 1.825451552867889404e-01 9.190691113471984863e-01 -6.717059612274169922e-01 -1.177972853183746338e-01 -6.236934661865234375e-01 9.747679829597473145e-01 3.574490249156951904e-01 5.355914235115051270e-01 -1.504956334829330444e-01 -1.877684146165847778e-01 -3.358269631862640381e-01 -1.527069061994552612e-01 -2.597976624965667725e-01 -2.209950387477874756e-01 -7.856157422065734863e-02 -3.759871423244476318e-02 7.132431268692016602e-01 -4.249828755855560303e-01 -3.972090780735015869e-01 -1.325752586126327515e-01 -4.706639945507049561e-01 -4.095617234706878662e-01 -1.908932179212570190e-01 -1.424158960580825806e-01 1.033044308423995972e-01 4.932809472084045410e-01 1.414545625448226929e-01 -1.456664353609085083e-01 1.751637905836105347e-01 -4.739474952220916748e-01 -6.748850643634796143e-02 5.532450675964355469e-01 -4.929441511631011963e-01 -4.437812268733978271e-01 -1.271773129701614380e-01 2.323874682188034058e-01 -3.074474334716796875e-01 2.516666352748870850e-01 1.520291902124881744e-02 -5.695338845252990723e-01 4.623212814331054688e-01 6.175254583358764648e-01 -1.593701355159282684e-02 -2.461728900671005249e-01 4.093671962618827820e-02 -5.785233378410339355e-01 5.747281908988952637e-01 -5.859069228172302246e-01 6.343209147453308105e-01 9.960179328918457031e-01
1.857530355453491211e+00 -2.501547336578369141e-02 5.815216302871704102e-01 9.194137454032897949e-01 5.518182516098022461e-01 3.704013228416442871e-01 6.910376548767089844e-01 -5.509296059608459473e-01 -7.673955559730529785e-01 -3.669203072786331177e-02 -1.645049005746841431e-01 1.965680718421936035e-01 -8.447210788726806641e-01 -1.636543869972229004e-01 2.705083191394805908e-01 7.794888615608215332e-01 -1.517361402511596680e-01 -1.580999940633773804e-01 -2.432173043489456177e-01 5.885397791862487793e-01 8.597241044044494629e-01 6.273095011711120605e-01 9.590277671813964844e-01 2.008511684834957123e-02 -6.480862498283386230e-01 1.966644674539566040e-01 -8.132604360580444336e-01 -5.592284202575683594e-01 -9.384667128324508667e-02 -5.572992563247680664e-01 9.087160825729370117e-01 1.147223711013793945e-01 -6.320210546255111694e-02 -3.444475531578063965e-01 -6.021022796630859375e-01 -1.490047454833984375e+00 3.075259625911712646e-01 -3.757479190826416016e-01 2.529639936983585358e-02 1.632872037589550018e-02 8.164934515953063965e-01 3.292933404445648193e-01 1.482019424438476562e-01 -3.529115617275238037e-01 3.578490614891052246e-01 -1.314369291067123413e-01 2.397899031639099121e-01 -2.285278439521789551e-01 9.850457310676574707e-02 6.064774990081787109e-01 -4.398238658905029297e-01 -3.093215227127075195e-01 6.688113212585449219e-01 6.533818244934082031e-01 1.676190197467803955e-01 5.821231603622436523e-01 -2.465810999274253845e-02 5.909579992294311523e-01 -8.417558073997497559e-01 2.654422223567962646e-01 -3.107458055019378662e-01 -1.168068528175354004e+00 -3.132905066013336182e-01 4.475662708282470703e-01
5.567705631256103516e-01 -4.693761095404624939e-02 5.002635121345520020e-01 3.424824774265289307e-01 7.252177596092224121e-01 -7.404169440269470215e-02 1.086315046995878220e-02 -3.334394395351409912e-01 -5.551192760467529297e-01 -3.688922822475433350e-01 7.402648925781250000e-01 -4.321931600570678711e-01 4.463099837303161621e-01 5.937078595161437988e-01 -5.056399106979370117e-02 9.576634168624877930e-01 5.326133370399475098e-01 -6.212912872433662415e-02 1.052349135279655457e-01 7.316432595252990723e-01 -5.794773995876312256e-02 -8.066463470458984375e-02 4.703410863876342773e-01 -5.391772985458374023e-01 -2.223922610282897949e-01 1.098421169444918633e-03 6.374190002679824829e-02 -6.536656618118286133e-01 -1.031368076801300049e-01 9.990303777158260345e-03 -1.329646632075309753e-02 -7.646099328994750977e-01 -7.121139168739318848e-01 -7.664564847946166992e-01 -3.590696752071380615e-01 -4.454751610755920410e-01 -7.668943405151367188e-01 1.085319370031356812e-01 -2.569015920162200928e-01 2.209830842912197113e-02 2.107142060995101929e-01 -3.143468499183654785e-02 -8.213257044553756714e-02 -4.957810044288635254e-01 4.086864292621612549e-01 -3.552279174327850342e-01 -2.026126347482204437e-02 -7.094588279724121094e-01 2.615614049136638641e-02 1.127742044627666473e-02 -5.103800296783447266e-01 -6.136376857757568359e-01 -5.372545123100280762e-01 2.876602113246917725e-01 4.221593737602233887e-01 5.880999565124511719e-01 -4.197274446487426758e-01 -4.432721138000488281e-01 -1.262786984443664551e-01 -3.463009372353553772e-03 -2.192780822515487671e-01 -2.349399924278259277e-01 3.338667750358581543e-02 -9.363979101181030273e-03
5.394887328147888184e-01 -1.458373069763183594e-01 4.779104515910148621e-02 2.559799253940582275e-01 8.187415003776550293e-01 1.292086243629455566e-01 1.821616590023040771e-01 -1.062110960483551025e-01 -3.506605029106140137e-01 -9.647729992866516113e-02 7.885270118713378906e-01 -1.822031140327453613e-01 5.201232433319091797e-01 3.435336351394653320e-01 4.519353806972503662e-01 1.524304032325744629e+00 3.192115426063537598e-01 -8.531655371189117432e-02 2.765647470951080322e-01 6.658039093017578125e-01 1.682779639959335327e-01 1.940530985593795776e-01 4.254740476608276367e-02 -2.711790204048156738e-01 -2.011399902403354645e-02 1.305497139692306519e-01 -3.820108473300933838e-01 -1.121674776077270508e-01 6.381061859428882599e-03 6.035939455032348633e-01 3.141939938068389893e-01 -4.164333343505859375e-01 -1.337559372186660767e-01 -9.978037476539611816e-01 4.010698795318603516e-01 -7.846927642822265625e-01 -6.717875599861145020e-01 4.445276036858558655e-02 4.059218764305114746e-01 3.662188947200775146e-01 -1.690744049847126007e-02 -2.427561134099960327e-01 1.027418747544288635e-01 -3.756549060344696045e-01 4.346531629562377930e-01 -4.198828041553497314e-01 1.556519418954849243e-01 -7.513681650161743164e-01 -2.403702735900878906e-01 6.020403504371643066e-01 -8.830158710479736328e-01 -4.621626138687133789e-01 -7.933828234672546387e-01 6.227457523345947266e-01 9.326288104057312012e-02 5.554842352867126465e-01 -6.014976501464843750e-01 1.769271306693553925e-02 -4.540864229202270508e-01 -2.592668533325195312e-01 -7.518697977066040039e-01 -4.760500192642211914e-01 4.520411789417266846e-01 5.015667676925659180e-01
1.363338530063629150e-01 2.912669777870178223e-01 3.429085016250610352e-01 1.482624560594558716e-01 7.563562989234924316e-01 1.177161261439323425e-01 7.876583933830261230e-01 -2.724657952785491943e-01 -4.463624656200408936e-01 1.550300978124141693e-02 5.142171382904052734e-01 -5.049606561660766602e-01 6.018278002738952637e-01 -2.416827343404293060e-02 -1.208556666970252991e-01 1.049934387207031250e+00 5.415055751800537109e-01 -3.905338421463966370e-02 3.262367546558380127e-01 1.014088034629821777e+00 2.221040278673171997e-01 4.411397874355316162e-01 3.843376040458679199e-02 1.884373724460601807e-01 9.866848587989807129e-02 3.636588752269744873e-01 -3.360240161418914795e-02 -8.472169190645217896e-02 -2.982593476772308350e-01 2.965996861457824707e-01 -3.184572160243988037e-01 -1.868987679481506348e-01 -1.043276265263557434e-01 -5.272826552391052246e-01 1.835469454526901245e-01 -2.439655959606170654e-01 -4.080037176609039307e-01 -1.113938391208648682e-01 1.609429419040679932e-01 1.427499018609523773e-02 -1.573714762926101685e-01 4.689114168286323547e-02 6.051812171936035156e-01 -1.390650868415832520e-01 2.709305286407470703e-01 -1.426717787981033325e-01 2.101248502731323242e-01 -5.796601772308349609e-01 7.278034090995788574e-02 -1.662547439336776733e-01 -5.970273613929748535e-01 -1.542897224426269531e-01 -3.988203704357147217e-01 5.997079014778137207e-01 -2.519269883632659912e-01 8.794863820075988770e-01 -4.776023328304290771e-01 -6.261577457189559937e-02 1.333080232143402100e-01 -5.277404189109802246e-01 -3.417361974716186523e-01 -5.067802071571350098e-01 8.607747405767440796e-02 1.214584708213806152e-01
6.692668199539184570e-01 -4.358628094196319580e-01 8.264594078063964844e-01 -1.293787825852632523e-02 7.692728042602539062e-01 1.496326830238103867e-02 3.612262904644012451e-01 -7.950476557016372681e-02 -6.770547628402709961e-01 1.384683102369308472e-01 -2.017825841903686523e-01 -7.376750558614730835e-02 4.568970296531915665e-03 -6.989512126892805099e-03 -8.427048921585083008e-01 7.342786788940429688e-01 -5.616019368171691895e-01 -2.627549767494201660e-01 2.577324211597442627e-01 8.748376965522766113e-01 -8.855817839503288269e-03 1.085341334342956543e+00 -5.065777301788330078e-01 4.168556630611419678e-02 -9.738087654113769531e-01 2.260708510875701904e-01 -5.140779018402099609e-01 -8.227899670600891113e-01 -1.038127243518829346e-01 6.864338368177413940e-02 -1.907175034284591675e-01 -4.513102397322654724e-02 3.550364077091217041e-01 2.217072695493698120e-01 8.810325711965560913e-02 -4.821257889270782471e-01 2.789328396320343018e-01 -5.919148325920104980e-01 8.354086428880691528e-02 7.290291786193847656e-01 1.393938511610031128e-01 -9.269817918539047241e-02 2.563458979129791260e-01 -1.353828702121973038e-02 2.768791615962982178e-01 6.642435491085052490e-02 -9.688735753297805786e-02 -5.783024430274963379e-01 -1.425526887178421021e-01 -7.519855499267578125e-01 3.160848319530487061e-01 -1.502749621868133545e-01 -6.303599476814270020e-01 4.808380603790283203e-01 -1.566684544086456299e-01 2.630752027034759521e-01 -1.412831693887710571e-01 -1.517272740602493286e-01 -3.564710319042205811e-01 -2.118865996599197388e-01 -2.633823752403259277e-01 -2.176359295845031738e-01 -5.483120679855346680e-01 1.093364581465721130e-01
8.582728505134582520e-01 -1.803724318742752075e-01 1.829514838755130768e-02 3.030002415180206299e-01 1.745468229055404663e-01 -7.165992259979248047e-01 2.725422978401184082e-01 -2.017037719488143921e-01 -1.620490550994873047e+00 8.833363652229309082e-01 1.740078441798686981e-02 -1.299536973237991333e-01 -2.189008146524429321e-02 2.464610040187835693e-01 2.323908507823944092e-01 9.678179621696472168e-01 -4.911515712738037109e-01 -3.912069797515869141e-01 -9.111041426658630371e-01 4.221352040767669678e-01 2.111936956644058228e-01 8.885245919227600098e-01 6.219651177525520325e-02 -2.320916056632995605e-01 -5.006791278719902039e-02 3.659001365303993225e-02 -6.394684314727783203e-02 -3.886983692646026611e-01 2.999899089336395264e-01 -9.913921356201171875e-02 9.742811918258666992e-01 -1.585075110197067261e-01 -4.709727168083190918e-01 -2.166237533092498779e-01 -3.603326678276062012e-01 -5.222700238227844238e-01 1.116603687405586243e-01 1.894806921482086182e-01 1.673186421394348145e-01 5.918068885803222656e-01 2.076592147350311279e-01 -2.651847302913665771e-01 2.230952531099319458e-01 -7.640869617462158203e-01 2.502769827842712402e-01 5.614751577377319336e-01 3.228230178356170654e-01 -4.746220260858535767e-02 -2.518127262592315674e-01 6.302963197231292725e-02 -2.864908277988433838e-01 6.389644145965576172e-01 -5.351800322532653809e-01 2.160267829895019531e-01 7.817767262458801270e-01 7.461888790130615234e-01 7.341828197240829468e-02 1.281469017267227173e-01 4.201532341539859772e-03 -3.976200819015502930e-01 7.195289134979248047e-01 -4.286002516746520996e-01 5.765186548233032227e-01 8.650620579719543457e-01
3.750038444995880127e-01 3.638796210289001465e-01 6.785390377044677734e-01 5.775731801986694336e-01 6.247965097427368164e-01 -2.785249650478363037e-01 5.016986727714538574e-01 2.562488317489624023e-01 -1.341024041175842285e+00 1.686203628778457642e-01 2.319701611995697021e-01 -3.500398099422454834e-01 -1.170321345329284668e+00 3.521968126296997070e-01 -5.234524607658386230e-01 1.130995452404022217e-01 2.915925532579421997e-02 1.784982085227966309e-01 -4.022601842880249023e-01 3.064983189105987549e-01 1.288183331489562988e-01 5.785675048828125000e-01 2.988131046295166016e-01 -7.818430662155151367e-02 4.670106172561645508e-01 1.568278819322586060e-01 -3.003737628459930420e-01 2.211913764476776123e-01 -2.208578437566757202e-01 -2.803960740566253662e-01 9.404210001230239868e-02 2.471009194850921631e-01 2.612096630036830902e-02 -1.465877331793308258e-02 -1.586163341999053955e-01 -5.870465040206909180e-01 4.595453385263681412e-03 3.648343980312347412e-01 7.697232812643051147e-02 1.197806149721145630e-01 -3.648783564567565918e-01 -8.234010636806488037e-02 -5.227318033576011658e-02 -3.953796923160552979e-01 -9.898917376995086670e-02 -9.847448468208312988e-01 -4.274343848228454590e-01 -6.566233038902282715e-01 -7.848765254020690918e-01 5.501948595046997070e-01 -1.828397512435913086e-01 1.585365235805511475e-01 -4.768032133579254150e-01 -1.769649535417556763e-01 3.446883559226989746e-01 5.617848038673400879e-02 5.184161663055419922e-01 -6.222727894783020020e-01 -3.273804485797882080e-01 1.178239658474922180e-01 -3.786332309246063232e-01 -6.449885368347167969e-01 -2.588881924748420715e-02 2.988333813846111298e-02
5.018576383590698242e-01 2.728303074836730957e-01 1.991322338581085205e-01 3.029719293117523193e-01 7.838475704193115234e-01 -1.447750926017761230e-01 6.907907724380493164e-01 4.809121787548065186e-01 -1.183960556983947754e+00 -5.417732149362564087e-02 2.976175844669342041e-01 3.363859951496124268e-01 -7.266429066658020020e-01 5.848116874694824219e-01 -5.179126262664794922e-01 -1.732914708554744720e-02 -2.943922281265258789e-01 -1.382044106721878052e-01 -3.303568065166473389e-01 8.314688205718994141e-01 -1.057130768895149231e-01 5.662869811058044434e-01 1.557170897722244263e-01 -4.477210640907287598e-01 2.531484887003898621e-02 6.656863093376159668e-01 -3.560821712017059326e-01 -1.205541789531707764e-01 -1.277492046356201172e-01 3.461410105228424072e-02 5.265303254127502441e-01 4.813542962074279785e-01 -6.597478985786437988e-01 -1.518548429012298584e-01 -3.650147318840026855e-01 -2.147223204374313354e-01 -3.530288040637969971e-01 6.381557583808898926e-01 1.405973583459854126e-01 6.992734074592590332e-01 4.070077240467071533e-01 -4.409685730934143066e-01 1.782692372798919678e-01 3.788561224937438965e-01 -1.225930899381637573e-01 -7.196954488754272461e-01 2.551200985908508301e-01 -4.433057308197021484e-01 -8.903941512107849121e-01 9.947149157524108887e-01 -9.425792843103408813e-02 3.017968535423278809e-01 -7.149122655391693115e-02 2.726682722568511963e-01 3.646103441715240479e-01 -2.040781974792480469e-01 7.944908738136291504e-02 -7.019295692443847656e-01 -9.873084723949432373e-02 -4.661944508552551270e-01 -3.108534812927246094e-01 -3.374885618686676025e-01 -2.437805682420730591e-01 2.464127391576766968e-01
7.980783581733703613e-01 -2.391614392399787903e-02 5.233393907546997070e-01 2.033887654542922974e-01 8.897258639335632324e-01 2.165726572275161743e-01 3.355862498283386230e-01 -9.214758276939392090e-01 -1.045772314071655273e+00 -7.020334899425506592e-02 -5.642818212509155273e-01 -2.511405050754547119e-01 -9.656378626823425293e-01 -8.152084797620773315e-02 2.269411981105804443e-01 1.072190850973129272e-01 -4.737327992916107178e-01 3.001381158828735352e-01 1.335159540176391602e-01 2.740769088268280029e-01 3.109740912914276123e-01 4.333640336990356445e-01 -9.416255354881286621e-02 -7.501418888568878174e-02 -1.285316944122314453e-01 2.762933447957038879e-02 1.724334806203842163e-01 -3.199493512511253357e-02 -5.759208202362060547e-01 4.499275982379913330e-02 1.438091099262237549e-01 -3.761860430240631104e-01 -6.007565557956695557e-02 -4.892787635326385498e-01 -4.743899106979370117e-01 -8.345515727996826172e-01 -4.707307219505310059e-01 7.635428905487060547e-01 -7.467588186264038086e-01 3.339466154575347900e-01 -3.148308768868446350e-02 -9.496068209409713745e-02 -1.138368174433708191e-01 1.104133129119873047e-01 2.066108435392379761e-01 1.436803638935089111e-01 3.105368316173553467e-01 -1.105995178222656250e+00 -9.953198432922363281e-01 6.603053212165832520e-01 8.082273602485656738e-02 3.642674684524536133e-01 -2.276889979839324951e-01 -2.061624825000762939e-01 3.626208007335662842e-02 1.336023807525634766e-01 5.655716061592102051e-01 -3.320729732513427734e-01 -1.356337070465087891e-01 -3.631660938262939453e-01 4.883785545825958252e-01 -4.114402234554290771e-01 6.057946085929870605e-01 3.229983896017074585e-02
5.626195669174194336e-02 -3.668790757656097412e-01 3.736955225467681885e-01 -5.999282002449035645e-01 7.727392017841339111e-02 4.476574659347534180e-01 -2.157464921474456787e-01 -5.175067782402038574e-01 -8.715084791183471680e-01 1.125727295875549316e-01 -2.361465543508529663e-01 1.450499892234802246e-01 -6.300705671310424805e-01 -2.257872521877288818e-01 3.531035780906677246e-02 3.768630623817443848e-01 3.119179904460906982e-01 -7.268324494361877441e-02 4.509735703468322754e-01 -4.217972978949546814e-03 2.587902247905731201e-01 4.384524226188659668e-01 7.701534032821655273e-01 -5.127140283584594727e-01 2.363162785768508911e-01 2.780977189540863037e-01 -1.314261257648468018e-01 -9.843950271606445312e-01 5.221952795982360840e-01 -2.855170052498579025e-03 -4.145839214324951172e-01 2.189415395259857178e-01 -3.990069627761840820e-01 -9.585904888808727264e-03 1.810619384050369263e-01 -4.245814681053161621e-02 2.233800888061523438e-01 3.336392641067504883e-01 -6.665675342082977295e-02 2.698687016963958740e-01 1.508762687444686890e-01 4.764869436621665955e-02 -4.199391901493072510e-01 -5.618286132812500000e-01 2.818359136581420898e-01 -4.900301992893218994e-01 1.463427674025297165e-03 -7.008050084114074707e-01 -7.294976711273193359e-01 1.656456738710403442e-01 -3.304221034049987793e-01 -5.575712323188781738e-01 5.071470141410827637e-02 -1.051179990172386169e-01 1.689101606607437134e-01 5.671733617782592773e-01 1.283850055187940598e-03 -3.387288451194763184e-01 1.389434039592742920e-01 -2.152600139379501343e-01 1.695184111595153809e-01 -4.881096184253692627e-01 -2.684283852577209473e-01 4.827388375997543335e-02
3.419513702392578125e-01 -2.035957574844360352e-01 3.441345393657684326e-01 7.013452798128128052e-02 5.353483557701110840e-01 -7.207707762718200684e-01 4.282339289784431458e-02 -4.649728536605834961e-01 -4.464849829673767090e-02 1.323452740907669067e-01 1.151106804609298706e-01 -5.436475276947021484e-01 2.273294180631637573e-01 1.731016635894775391e-01 -2.691664993762969971e-01 4.501693546772003174e-01 1.517724841833114624e-01 3.243243694305419922e-01 1.732042431831359863e-01 9.198436886072158813e-02 -1.526733636856079102e-01 4.895633757114410400e-01 -1.201727017760276794e-01 -3.785825967788696289e-01 -5.302725434303283691e-01 1.394291073083877563e-01 -2.467355877161026001e-02 -4.741246700286865234e-01 -1.632427275180816650e-01 -2.060104161500930786e-01 -2.442354559898376465e-01 -1.228706389665603638e-01 -7.912404537200927734e-01 -1.309178583323955536e-02 -1.098924875259399414e-02 -6.724499464035034180e-01 2.492906451225280762e-01 1.163750141859054565e-01 1.669855415821075439e-01 4.701294004917144775e-02 7.147645950317382812e-02 -1.512996554374694824e-01 2.683579921722412109e-01 -2.811515629291534424e-01 -1.264267265796661377e-01 -6.881071925163269043e-01 1.316495984792709351e-01 -8.572333455085754395e-01 1.182870715856552124e-01 -1.913957595825195312e-01 3.157021701335906982e-01 -9.478744268417358398e-01 -1.657865941524505615e-01 3.754310011863708496e-01 -1.241580769419670105e-01 1.719748973846435547e-02 5.510894060134887695e-01 -4.456277787685394287e-01 -8.359074592590332031e-01 -3.112656176090240479e-01 3.092959523200988770e-01 2.174154669046401978e-01 -1.968811899423599243e-01 -2.143822312355041504e-01
-3.320661187171936035e-01 1.657964885234832764e-01 6.568757891654968262e-01 -4.126518219709396362e-02 -1.236666962504386902e-01 -7.981856912374496460e-02 -7.517844904214143753e-03 -3.498927354812622070e-01 -3.851902186870574951e-01 1.839070953428745270e-02 -5.693952441215515137e-01 -1.280490159988403320e-01 -5.458573698997497559e-01 -8.284677863121032715e-01 -1.317464560270309448e-01 3.831617236137390137e-01 1.039540693163871765e-01 -4.139808937907218933e-02 4.051164090633392334e-01 6.554996967315673828e-01 5.599690601229667664e-02 1.959974318742752075e-01 4.500696957111358643e-01 -3.828237578272819519e-02 -2.529906108975410461e-02 4.157383441925048828e-01 -3.281094729900360107e-01 -4.348451495170593262e-01 8.786167949438095093e-02 1.030843704938888550e-01 5.585599690675735474e-02 3.831105828285217285e-01 -2.918787002563476562e-01 9.294874966144561768e-02 3.255644738674163818e-01 -2.291186749935150146e-01 5.037522912025451660e-01 6.101405024528503418e-01 -5.882377922534942627e-02 2.621286213397979736e-01 -2.965137660503387451e-01 3.115762174129486084e-01 5.068184733390808105e-01 -3.103775084018707275e-01 -2.505188286304473877e-01 -3.703664541244506836e-01 4.670653641223907471e-01 -7.235124111175537109e-01 -8.526914715766906738e-01 -1.747480928897857666e-01 -1.728805601596832275e-01 -3.158292472362518311e-01 5.285704135894775391e-01 7.357825338840484619e-02 1.719737052917480469e-01 6.552180647850036621e-01 2.433248460292816162e-01 7.354860752820968628e-02 -3.501021564006805420e-01 -6.384249329566955566e-01 -1.360500752925872803e-01 -2.190420478582382202e-01 3.185959756374359131e-01 1.427461579442024231e-02
6.917751431465148926e-01 -8.649731278419494629e-01 6.477565169334411621e-01 -4.069039821624755859e-01 4.116948544979095459e-01 2.885740101337432861e-01 1.840031743049621582e-01 -2.368241548538208008e-01 -6.377822160720825195e-01 8.569531440734863281e-01 -1.999014616012573242e-01 1.508505195379257202e-01 -4.700389802455902100e-01 -6.158670037984848022e-02 -3.667293488979339600e-01 5.994654893875122070e-01 -2.637887299060821533e-01 -2.839969098567962646e-01 5.658086016774177551e-02 2.384030818939208984e-01 7.429756522178649902e-01 7.226180434226989746e-01 2.607178129255771637e-02 -2.040090113878250122e-01 -2.480030953884124756e-01 4.167031645774841309e-01 -5.988711118698120117e-01 -9.106280207633972168e-01 1.371036320924758911e-01 4.957919716835021973e-01 -4.327353835105895996e-01 6.710812449455261230e-01 -1.895343512296676636e-01 2.079770267009735107e-01 -3.605776131153106689e-01 -2.625549733638763428e-01 1.549367606639862061e-01 -3.827698826789855957e-01 -5.688455700874328613e-01 5.816702842712402344e-01 1.467961817979812622e-01 3.445784151554107666e-01 -5.925091505050659180e-01 -5.177593231201171875e-01 1.260371208190917969e-01 2.378814388066530228e-04 -2.206983566284179688e-01 -8.068563938140869141e-01 -5.557290315628051758e-01 1.808224320411682129e-01 2.417577207088470459e-01 -3.383269011974334717e-01 -5.930081009864807129e-01 -1.554827094078063965e-01 -2.607370615005493164e-01 3.466140329837799072e-01 -4.436776340007781982e-01 -2.135327160358428955e-01 4.764624834060668945e-01 -3.314499855041503906e-01 -1.713336557149887085e-01 -2.920617461204528809e-01 -7.568908333778381348e-01 5.850109085440635681e-02
-3.078646063804626465e-01 2.733265236020088196e-02 5.611786842346191406e-01 3.643762553110718727e-03 -1.213748678565025330e-01 -8.988828212022781372e-02 -8.989123743958771229e-04 -1.690054237842559814e-01 -3.629686236381530762e-01 2.262329217046499252e-03 -5.257754921913146973e-01 -1.071429625153541565e-01 -4.308226704597473145e-01 -6.198175549507141113e-01 -1.615879535675048828e-01 3.209639489650726318e-01 9.215365350246429443e-02 -1.287646889686584473e-01 5.409064292907714844e-01 6.155327558517456055e-01 1.264951825141906738e-01 3.106135129928588867e-01 4.118377268314361572e-01 -7.274337112903594971e-02 3.547710180282592773e-02 4.313918650150299072e-01 -3.598290979862213135e-01 -3.143295645713806152e-01 2.631435692310333252e-01 2.943410873413085938e-01 1.121083647012710571e-01 4.159078001976013184e-01 -2.994011640548706055e-01 2.037150412797927856e-01 2.488947063684463501e-01 -2.557874023914337158e-01 6.399714946746826172e-01 6.002014279365539551e-01 -1.529924422502517700e-01 2.143691331148147583e-01 -1.460164785385131836e-01 2.150768488645553589e-01 6.057779788970947266e-01 -1.269571334123611450e-01 -1.473474055528640747e-01 -4.288027584552764893e-01 4.488759338855743408e-01 -8.466265797615051270e-01 -7.943024039268493652e-01 -2.290402799844741821e-01 -1.435319334268569946e-01 -1.140082180500030518e-01 4.867597222328186035e-01 1.322498768568038940e-01 2.346922755241394043e-01 7.696262598037719727e-01 2.207522392272949219e-01 -4.607076570391654968e-02 -2.117506414651870728e-01 -5.928759574890136719e-01 -2.789860665798187256e-01 -2.505650818347930908e-01 4.096577763557434082e-01 -1.606583297252655029e-01
1.989269703626632690e-01 -2.679138481616973877e-01 1.628882735967636108e-01 -3.962754905223846436e-01 -2.122367359697818756e-02 2.988910079002380371e-01 -7.993901520967483521e-02 -2.756617069244384766e-01 -1.151849746704101562e+00 2.152923345565795898e-01 -3.635023832321166992e-01 -3.636509180068969727e-01 -3.989651501178741455e-01 -2.831521444022655487e-02 -1.206955220550298691e-02 3.864687085151672363e-01 4.895246326923370361e-01 -5.681308358907699585e-02 3.861903846263885498e-01 -7.411676645278930664e-02 1.154439300298690796e-01 5.191851258277893066e-01 7.568275332450866699e-01 -4.257491230964660645e-01 -1.799761801958084106e-01 2.763048708438873291e-01 9.632639586925506592e-02 -9.999832510948181152e-01 4.701181948184967041e-01 3.001109063625335693e-01 -2.636333405971527100e-01 -1.593456715345382690e-01 -6.035141944885253906e-01 8.791702985763549805e-02 1.088481545448303223e-01 -9.395005553960800171e-02 -1.501668840646743774e-01 1.822422444820404053e-01 -3.565598130226135254e-01 6.291767209768295288e-02 5.505982413887977600e-02 -2.732492387294769287e-01 -1.050036773085594177e-01 -5.087542533874511719e-01 4.239495992660522461e-01 -4.396931231021881104e-01 7.814462482929229736e-02 -7.320304512977600098e-01 -8.968189358711242676e-01 1.820328384637832642e-01 1.630415320396423340e-01 -8.816627264022827148e-01 3.854784369468688965e-02 9.959556162357330322e-02 1.268571764230728149e-01 7.162741571664810181e-02 -4.269423708319664001e-02 -2.100002765655517578e-01 7.006335258483886719e-02 -4.905004426836967468e-02 2.065474838018417358e-01 -2.680929601192474365e-01 -3.936106860637664795e-01 4.842973127961158752e-02
3.740426898002624512e-01 -8.593747019767761230e-02 3.219084739685058594e-01 -7.403751015663146973e-01 2.684730589389801025e-01 1.438476517796516418e-02 2.161497920751571655e-01 -4.074219763278961182e-01 -4.882493615150451660e-01 3.504870533943176270e-01 -2.426926344633102417e-01 -7.010042071342468262e-01 5.030752718448638916e-02 1.691008508205413818e-01 1.104336157441139221e-01 4.647811651229858398e-01 3.997133672237396240e-01 -1.106282509863376617e-02 2.767904698848724365e-01 -2.728438377380371094e-01 7.534639239311218262e-01 3.964700400829315186e-01 3.301811516284942627e-01 -4.291967153549194336e-01 5.924909934401512146e-02 8.740157485008239746e-01 -2.327396869659423828e-01 -4.056304395198822021e-01 2.279761284589767456e-01 3.654121458530426025e-01 -4.111197292804718018e-01 4.954594969749450684e-01 -8.661344051361083984e-01 1.727800816297531128e-02 -3.857700228691101074e-01 -2.799471318721771240e-01 -1.968451887369155884e-01 5.490452051162719727e-02 -1.027971059083938599e-01 4.695186913013458252e-01 -1.374111324548721313e-01 2.753343880176544189e-01 -3.644195497035980225e-01 -4.858349263668060303e-01 2.224104851484298706e-02 -6.922910362482070923e-02 1.232911422848701477e-01 -6.593165397644042969e-01 7.962975651025772095e-02 2.618848681449890137e-01 1.993516087532043457e-02 -5.629120469093322754e-01 -4.042074978351593018e-01 4.937464892864227295e-01 6.170013546943664551e-02 7.367096543312072754e-01 -2.899262309074401855e-01 -3.163942694664001465e-01 -5.191652849316596985e-02 -3.277930021286010742e-01 2.378817051649093628e-01 2.713359594345092773e-01 -7.714114785194396973e-01 1.924649626016616821e-01
7.603198289871215820e-01 1.049877628684043884e-01 3.704029321670532227e-01 1.431454122066497803e-01 1.081058233976364136e-01 -1.930844336748123169e-01 3.681499361991882324e-01 -9.208302199840545654e-02 -8.916464447975158691e-01 3.299230039119720459e-01 -6.495057940483093262e-01 -3.146327733993530273e-01 -5.521909594535827637e-01 8.766559958457946777e-01 4.211577475070953369e-01 -6.282049417495727539e-02 -4.754117429256439209e-01 2.072514444589614868e-01 -4.407192766666412354e-02 2.157606482505798340e-01 9.789977073669433594e-01 3.913747668266296387e-01 -1.446995604783296585e-02 -6.227977275848388672e-01 -3.728303909301757812e-01 9.568207263946533203e-01 -1.154466420412063599e-01 3.288190960884094238e-01 3.702851831912994385e-01 2.495557963848114014e-01 9.856864809989929199e-02 4.988947808742523193e-01 -8.557160496711730957e-01 2.347923070192337036e-02 -1.441541016101837158e-01 -4.166905879974365234e-01 -3.672315552830696106e-02 4.887381494045257568e-01 2.366475760936737061e-02 2.647362053394317627e-01 -2.200932204723358154e-01 6.362037658691406250e-01 1.064877659082412720e-01 -4.813171625137329102e-01 6.251011490821838379e-01 1.439651250839233398e-01 -2.710525393486022949e-01 -6.964086294174194336e-01 -1.108115091919898987e-01 5.435220003128051758e-01 -4.462892413139343262e-01 -3.751412928104400635e-01 -2.987360358238220215e-01 4.471434950828552246e-01 7.149492949247360229e-02 1.075690984725952148e+00 -8.866842985153198242e-01 2.178374677896499634e-02 -6.325430870056152344e-01 1.391432732343673706e-01 -7.339870184659957886e-02 -1.024130210280418396e-01 -5.656933188438415527e-01 6.812790036201477051e-01
6.465886831283569336e-01 1.670489609241485596e-01 -3.876981437206268311e-01 -2.632862031459808350e-01 3.896645307540893555e-01 1.082881614565849304e-01 6.211795210838317871e-01 -3.850180506706237793e-01 -8.147096633911132812e-01 6.387984380125999451e-03 2.975718677043914795e-01 -4.428580403327941895e-01 6.787654161453247070e-01 -1.157950982451438904e-01 -1.810853183269500732e-01 6.326671242713928223e-01 6.271812319755554199e-01 -2.782585918903350830e-01 3.348896801471710205e-01 1.822938770055770874e-01 4.257870912551879883e-01 9.771918654441833496e-01 -2.103863656520843506e-01 -3.088401816785335541e-02 -3.946624398231506348e-01 6.805790662765502930e-01 -7.176152467727661133e-01 8.837482333183288574e-02 1.649376600980758667e-01 5.596852898597717285e-01 -4.462420642375946045e-01 3.808741569519042969e-01 -7.397484034299850464e-02 -1.539032757282257080e-01 -3.307054340839385986e-01 6.786671280860900879e-02 -1.223488822579383850e-01 -2.485423982143402100e-01 -9.031417220830917358e-02 -2.226395308971405029e-01 -4.248054325580596924e-01 5.171208977699279785e-01 1.061415765434503555e-02 2.991374209523200989e-02 1.821419149637222290e-01 4.914523959159851074e-01 4.982963800430297852e-01 -1.436768025159835815e-01 -4.965460002422332764e-01 2.026683390140533447e-01 -2.945568263530731201e-01 -6.489894390106201172e-01 1.108568832278251648e-01 3.536656200885772705e-01 2.287065237760543823e-01 6.333872675895690918e-01 1.465629935264587402e-01 -3.232481777667999268e-01 -5.672734379768371582e-01 -6.619077920913696289e-01 -1.859752237796783447e-01 -2.598100006580352783e-01 -1.098535768687725067e-02 1.787282377481460571e-01
3.134578466415405273e-01 1.686817258596420288e-01 2.025621980428695679e-01 2.438553869724273682e-01 7.162455916404724121e-01 6.801094859838485718e-02 -2.309763580560684204e-01 -2.416957020759582520e-01 -5.850590467453002930e-01 4.588702917098999023e-01 3.258778713643550873e-03 -1.165707409381866455e-01 -2.114834338426589966e-01 8.220194838941097260e-03 -6.257309913635253906e-01 4.051266610622406006e-01 -5.794997811317443848e-01 -6.731239706277847290e-02 -5.004338622093200684e-01 9.512045979499816895e-01 3.771937787532806396e-01 1.745373569428920746e-02 -7.990745306015014648e-01 -1.092699646949768066e+00 -3.542251884937286377e-01 3.525066971778869629e-01 -5.907703638076782227e-01 -4.349976480007171631e-01 -5.341217517852783203e-01 -1.548595726490020752e-01 6.700107455253601074e-01 5.271305441856384277e-01 -8.518303036689758301e-01 -5.254075527191162109e-01 1.326538920402526855e-01 -8.249155282974243164e-01 -5.463882088661193848e-01 -2.843169569969177246e-01 7.832048833370208740e-02 2.705858647823333740e-01 -8.846349716186523438e-01 7.398837059736251831e-02 -5.141682028770446777e-01 -7.102373838424682617e-01 5.212848782539367676e-01 -3.148973733186721802e-02 4.184722900390625000e-01 -1.208307743072509766e-01 -3.049015402793884277e-01 6.378079652786254883e-01 1.902369707822799683e-01 2.341355532407760620e-01 3.704874217510223389e-01 -6.417804211378097534e-02 2.629920840263366699e-01 8.193005919456481934e-01 2.455537766218185425e-01 3.459198176860809326e-01 -6.123093888163566589e-02 1.511498093605041504e-01 -4.256864488124847412e-01 -7.207258939743041992e-01 -1.555278003215789795e-01 -1.272159516811370850e-01
-9.417998790740966797e-02 5.125552043318748474e-02 5.046188235282897949e-01 3.655635938048362732e-02 -1.997379064559936523e-01 -7.142353802919387817e-02 -2.514064610004425049e-01 -3.432586193084716797e-01 -3.342632651329040527e-01 6.854961812496185303e-02 -3.311140537261962891e-01 -4.568483307957649231e-02 -3.990717530250549316e-01 -5.854279994964599609e-01 -2.124814838171005249e-01 3.755733668804168701e-01 9.691188484430313110e-02 2.238166145980358124e-02 5.784837603569030762e-01 6.786009669303894043e-01 8.950953185558319092e-02 3.989005982875823975e-01 6.577613353729248047e-01 1.187841147184371948e-01 5.391591787338256836e-02 3.067472577095031738e-01 -3.055269420146942139e-01 -3.144495189189910889e-01 8.973001688718795776e-02 1.257455199956893921e-01 1.528619825839996338e-01 2.505221366882324219e-01 -2.293208092451095581e-01 2.538720704615116119e-02 2.890056669712066650e-01 -1.790548563003540039e-01 6.859342455863952637e-01 5.380694270133972168e-01 -1.773105114698410034e-01 1.594929248094558716e-01 -1.566373556852340698e-01 1.720018088817596436e-01 2.953871190547943115e-01 -2.824942767620086670e-01 -3.142433464527130127e-01 -2.533894181251525879e-01 4.212933480739593506e-01 -8.298804759979248047e-01 -6.982643008232116699e-01 -2.225513309240341187e-01 -2.558099627494812012e-01 3.766310960054397583e-02 6.010718941688537598e-01 6.496039777994155884e-02 1.923127174377441406e-01 9.426525235176086426e-01 4.108509719371795654e-01 9.345439076423645020e-02 -2.923117578029632568e-01 -8.238947987556457520e-01 -2.239944487810134888e-01 -3.592668473720550537e-01 4.591206908226013184e-01 -7.075554132461547852e-02
6.021079421043395996e-01 -9.554481133818626404e-03 -3.259446471929550171e-02 -4.061598181724548340e-01 6.116472482681274414e-01 -5.798376202583312988e-01 1.683863066136837006e-02 -2.768005132675170898e-01 -5.302068591117858887e-01 -3.603905737400054932e-01 2.745012007653713226e-02 -3.907639682292938232e-01 1.973547041416168213e-01 3.810467123985290527e-01 -2.585231363773345947e-01 2.783340215682983398e-01 4.415311515331268311e-01 -4.035161733627319336e-01 -1.212925743311643600e-02 -1.044669300317764282e-01 -4.193141758441925049e-01 5.078110098838806152e-01 1.520441658794879913e-02 -5.743737220764160156e-01 -6.785276532173156738e-01 4.116323590278625488e-01 1.984986513853073120e-01 -6.213098764419555664e-01 1.471142321825027466e-01 3.536841869354248047e-01 -1.715208441019058228e-01 -2.343444079160690308e-01 -3.912189304828643799e-01 -4.984275996685028076e-01 -1.009156703948974609e-01 -3.774511218070983887e-01 -5.564820766448974609e-01 -8.740941435098648071e-02 -2.914338707923889160e-01 -4.610650241374969482e-02 -1.632629185914993286e-01 1.243679821491241455e-01 -4.933502152562141418e-02 -9.408979117870330811e-02 3.062661886215209961e-01 -9.563907384872436523e-01 1.803300678730010986e-01 -1.018953084945678711e+00 -1.333435177803039551e-01 3.360101208090782166e-02 4.159801900386810303e-01 -9.776369333267211914e-01 -2.581922411918640137e-01 -1.014120578765869141e-01 4.214405417442321777e-01 2.022905796766281128e-01 -4.210543353110551834e-03 -4.048278927803039551e-01 -5.369332432746887207e-01 2.631431212648749352e-03 1.211214065551757812e-01 -1.848676055669784546e-01 -1.241709440946578979e-01 2.012335509061813354e-01
5.602729320526123047e-01 -2.031441479921340942e-01 2.787835896015167236e-01 2.641341388225555420e-01 7.939642667770385742e-01 -7.175378203392028809e-01 2.989995479583740234e-01 -1.763108223676681519e-01 -8.238472342491149902e-01 3.755905032157897949e-01 -7.850403785705566406e-01 2.472016364336013794e-01 -6.828507781028747559e-01 8.017455935478210449e-01 2.674532234668731689e-01 7.827762961387634277e-01 2.443473786115646362e-01 3.879659250378608704e-02 -8.221864700317382812e-01 1.518772363662719727e+00 1.076538488268852234e-01 8.042099475860595703e-01 -4.880972206592559814e-01 -4.601410031318664551e-01 5.157708525657653809e-01 -8.441551029682159424e-02 3.888445496559143066e-01 -3.562892600893974304e-02 8.648115992546081543e-01 7.341554760932922363e-02 -8.162927627563476562e-02 -2.760763466358184814e-01 -2.120963335037231445e-01 4.622853100299835205e-01 -6.498933434486389160e-01 -4.203595221042633057e-01 -4.523044228553771973e-01 5.586811304092407227e-01 -6.396989226341247559e-01 2.804810106754302979e-01 4.531213343143463135e-01 7.912276685237884521e-02 -4.763850569725036621e-02 -2.795854806900024414e-01 7.816395908594131470e-02 3.224245905876159668e-01 1.252598911523818970e-01 -8.123329281806945801e-01 -5.830766558647155762e-01 -4.357739090919494629e-01 -2.335802316665649414e-01 3.286772370338439941e-01 -1.108478680253028870e-01 2.565651535987854004e-01 1.948743760585784912e-01 8.832473158836364746e-01 3.465906530618667603e-02 -1.249708533287048340e-01 -8.824161291122436523e-01 -2.630468010902404785e-01 -8.667601346969604492e-01 -1.041233539581298828e+00 -9.457851648330688477e-01 -3.699378296732902527e-02
1.382514536380767822e-01 -2.954890727996826172e-01 3.896777629852294922e-01 -3.974079489707946777e-01 -1.041608303785324097e-01 3.964173495769500732e-01 -6.313010305166244507e-02 -3.930366039276123047e-01 -7.095601558685302734e-01 2.318355590105056763e-01 -5.118494853377342224e-02 1.255194307304918766e-03 -6.719254255294799805e-01 -2.929752171039581299e-01 7.195173949003219604e-02 4.739245176315307617e-01 2.022954821586608887e-01 -2.413313686847686768e-01 5.588175654411315918e-01 7.710154354572296143e-02 -3.546874970197677612e-02 4.253301918506622314e-01 7.263154983520507812e-01 -4.035950005054473877e-01 2.211148589849472046e-01 2.826707959175109863e-01 -9.097198396921157837e-02 -1.003055930137634277e+00 4.316485524177551270e-01 -7.802376151084899902e-02 -2.866069972515106201e-01 3.279097676277160645e-01 -6.108291149139404297e-01 -9.380158036947250366e-02 1.556099057197570801e-01 2.415716797113418579e-01 1.253927052021026611e-01 4.247071146965026855e-01 -8.496993035078048706e-02 3.162481188774108887e-01 1.135004013776779175e-01 -9.908840060234069824e-02 -4.384980797767639160e-01 -6.451131105422973633e-01 3.782873749732971191e-01 -4.541120827198028564e-01 4.279360547661781311e-02 -8.528515696525573730e-01 -7.415874600410461426e-01 2.785331904888153076e-01 -1.128698885440826416e-01 -5.263530015945434570e-01 -6.546787172555923462e-02 -1.826789677143096924e-01 1.489813178777694702e-01 4.467590749263763428e-01 -4.572614654898643494e-02 -2.033813744783401489e-01 2.480291724205017090e-01 -2.096367180347442627e-01 1.084708720445632935e-01 -2.834279537200927734e-01 -2.619388103485107422e-01 2.498391717672348022e-01
1.252370625734329224e-01 -3.499869406223297119e-01 6.027718260884284973e-02 -3.848641514778137207e-01 3.951614350080490112e-02 4.278618991374969482e-01 -1.165849938988685608e-01 -4.139009118080139160e-01 -1.035188913345336914e+00 1.938866376876831055e-01 -1.766372174024581909e-01 -4.827854633331298828e-01 -4.313095211982727051e-01 4.560372978448867798e-02 -5.351883824914693832e-03 5.050412416458129883e-01 4.446184635162353516e-01 1.655014231801033020e-02 4.793112277984619141e-01 -6.619453430175781250e-02 1.539402604103088379e-01 3.042385876178741455e-01 8.123449683189392090e-01 -3.928779661655426025e-01 -9.746370464563369751e-02 1.745215803384780884e-01 2.931319177150726318e-02 -1.000134706497192383e+00 3.078382909297943115e-01 2.777624726295471191e-01 -2.804059088230133057e-01 -1.804768294095993042e-01 -5.824149250984191895e-01 2.203725576400756836e-01 1.254774481058120728e-01 3.462918847799301147e-02 -1.302251312881708145e-02 2.130916118621826172e-01 -2.467691600322723389e-01 1.869689077138900757e-01 9.293634444475173950e-02 -2.609252035617828369e-01 -2.933622896671295166e-01 -5.562099218368530273e-01 3.399446904659271240e-01 -4.168209433555603027e-01 -6.012095138430595398e-02 -7.420232295989990234e-01 -9.083903431892395020e-01 1.319060176610946655e-01 2.706511318683624268e-02 -7.042265534400939941e-01 3.650418668985366821e-02 2.359059751033782959e-01 3.102200627326965332e-01 1.793709248304367065e-01 7.849040441215038300e-03 -2.628659009933471680e-01 -1.752766668796539307e-01 -2.276806347072124481e-02 1.981264650821685791e-01 -3.525689840316772461e-01 -3.501852452754974365e-01 -7.383662462234497070e-02
6.023149490356445312e-01 -4.825156629085540771e-01 7.068025469779968262e-01 -3.090389966964721680e-01 3.648167550563812256e-01 -5.133190155029296875e-01 3.793628811836242676e-01 -2.873022481799125671e-02 -2.437865734100341797e-01 7.464009523391723633e-02 3.428076952695846558e-02 -5.054033994674682617e-01 8.227687329053878784e-02 -2.582889795303344727e-01 -7.705412507057189941e-01 6.837843060493469238e-01 -3.265108466148376465e-01 5.080098286271095276e-03 4.819145426154136658e-02 5.731204152107238770e-01 7.523553818464279175e-02 9.544599652290344238e-01 -9.437181055545806885e-02 -2.389878630638122559e-01 -9.389755725860595703e-01 1.723750829696655273e-01 -4.804539680480957031e-01 -9.066244959831237793e-01 -1.393132060766220093e-01 1.290500760078430176e-01 -3.759182244539260864e-02 -1.860382407903671265e-01 5.076910927891731262e-02 4.238263666629791260e-01 9.931596368551254272e-02 -6.251816451549530029e-02 2.903497517108917236e-01 -1.214817315340042114e-01 -3.320232732221484184e-03 6.880173087120056152e-01 -1.067286506295204163e-01 -1.751738935708999634e-01 4.087785482406616211e-01 -6.142985075712203979e-02 2.095486037433147430e-02 2.335129529237747192e-01 5.397245660424232483e-02 -4.713183045387268066e-01 1.266579031944274902e-01 -6.119700074195861816e-01 6.377816796302795410e-01 -6.944174170494079590e-01 -4.558843076229095459e-01 4.920175075531005859e-01 -3.256779313087463379e-01 2.294871397316455841e-02 1.503945142030715942e-01 -2.857981622219085693e-01 -5.325593352317810059e-01 -2.834734320640563965e-01 -2.950101196765899658e-01 -4.004613161087036133e-01 -1.973908990621566772e-01 2.178225368261337280e-01
5.566287636756896973e-01 3.915145695209503174e-01 7.640039324760437012e-01 5.507002472877502441e-01 7.973480224609375000e-01 -4.486190080642700195e-01 5.958905816078186035e-01 2.040391564369201660e-01 -1.162193179130554199e+00 1.747823208570480347e-01 3.120274841785430908e-01 -2.546861469745635986e-01 -1.228624939918518066e+00 1.835825294256210327e-01 -5.692330002784729004e-01 1.056648492813110352e-01 -1.367239002138376236e-02 1.825742870569229126e-01 -5.041800737380981445e-01 2.576723098754882812e-01 1.637350320816040039e-01 5.413929224014282227e-01 1.206859201192855835e-01 -4.513635858893394470e-02 5.295646190643310547e-01 4.923332929611206055e-01 -5.392789840698242188e-01 2.098733037710189819e-01 -1.153278201818466187e-01 -4.009721279144287109e-01 7.278686016798019409e-02 1.734187752008438110e-01 1.423207521438598633e-01 2.456828765571117401e-02 -2.169781774282455444e-01 -5.615056753158569336e-01 5.252842977643013000e-02 4.595700502395629883e-01 -1.451513171195983887e-01 -3.856029361486434937e-02 -3.473874330520629883e-01 -8.495173603296279907e-02 -1.583269797265529633e-02 -3.719601631164550781e-01 -1.176449209451675415e-01 -1.114968061447143555e+00 -4.214712083339691162e-01 -7.076100111007690430e-01 -7.606423497200012207e-01 5.406722426414489746e-01 -1.544165164232254028e-01 2.181374281644821167e-01 -3.264891803264617920e-01 -1.016435325145721436e-01 3.065819740295410156e-01 3.299324512481689453e-01 3.754465579986572266e-01 -4.931801557540893555e-01 -2.600716054439544678e-01 2.355352640151977539e-01 -2.899414896965026855e-01 -5.934799909591674805e-01 2.702654339373111725e-02 -6.969902664422988892e-02
3.118663132190704346e-01 3.098745942115783691e-01 6.151077151298522949e-01 -1.499637216329574585e-01 6.916010379791259766e-01 8.111427724361419678e-02 2.996743321418762207e-01 -1.064675115048885345e-02 -7.651953101158142090e-01 -2.062437087297439575e-01 1.034650579094886780e-01 1.843601465225219727e-02 -9.279296398162841797e-01 -2.622680664062500000e-01 -1.442678365856409073e-02 -1.151869371533393860e-01 2.589949369430541992e-01 1.035776659846305847e-01 1.579430550336837769e-01 7.368904352188110352e-02 -2.450601905584335327e-01 2.291510850191116333e-01 3.333359062671661377e-01 -1.302051395177841187e-01 1.704094409942626953e-01 2.516688108444213867e-01 4.500391706824302673e-02 -3.434263765811920166e-01 -2.311513870954513550e-01 5.415320023894309998e-02 6.315116584300994873e-02 -5.505208671092987061e-02 -2.554996684193611145e-02 -1.249171271920204163e-01 4.176960326731204987e-03 -4.811877608299255371e-01 -1.055221706628799438e-01 6.092961430549621582e-01 -2.841505408287048340e-01 -3.636475279927253723e-02 -3.078317940235137939e-01 -3.669259697198867798e-02 4.034029245376586914e-01 1.001208648085594177e-01 1.164012998342514038e-01 -6.232770085334777832e-01 2.639262378215789795e-01 -9.536157846450805664e-01 -1.118461847305297852e+00 6.296637654304504395e-01 1.191990971565246582e-01 -4.595703482627868652e-01 -1.117098182439804077e-01 -5.575448274612426758e-02 1.017302051186561584e-01 1.301143318414688110e-01 5.664020180702209473e-01 -5.554715394973754883e-01 4.617196321487426758e-02 -4.130591452121734619e-02 8.510407805442810059e-02 -3.932522237300872803e-01 -1.018566340208053589e-01 1.545256823301315308e-01
-2.479577064514160156e-01 -1.955389976501464844e-01 2.580039203166961670e-01 1.039867639541625977e+00 2.807248830795288086e-01 -5.428312718868255615e-02 4.844893217086791992e-01 -4.816425740718841553e-01 -2.388425618410110474e-01 -1.313641518354415894e-01 -7.094314098358154297e-01 2.688226103782653809e-01 -4.171036779880523682e-01 -2.095356136560440063e-01 -1.940843909978866577e-01 8.817758560180664062e-01 -5.652126669883728027e-01 -5.427405238151550293e-02 3.343117237091064453e-01 4.188959598541259766e-01 9.898253530263900757e-02 3.905082345008850098e-01 4.236599802970886230e-01 -5.812004208564758301e-01 9.890652447938919067e-02 1.786939613521099091e-02 -2.566306889057159424e-01 -4.868258535861968994e-01 3.883821666240692139e-01 5.142787694931030273e-01 9.221866130828857422e-01 4.116390347480773926e-01 -5.783463120460510254e-01 3.395966887474060059e-01 2.433947473764419556e-01 -1.067733690142631531e-01 7.700444012880325317e-02 6.844353675842285156e-01 -1.259280741214752197e-01 5.602948740124702454e-02 4.553045630455017090e-01 4.514517486095428467e-01 2.199420183897018433e-01 -6.170548200607299805e-01 2.842692658305168152e-02 -2.933059334754943848e-01 6.539447903633117676e-01 2.652964293956756592e-01 -6.336628794670104980e-01 2.987309992313385010e-01 -3.771651685237884521e-01 -6.070617213845252991e-02 -1.732096076011657715e-01 -2.514017559587955475e-02 3.874654173851013184e-01 1.427799344062805176e+00 5.654026567935943604e-02 -2.804909050464630127e-01 -7.352104187011718750e-01 -7.395664453506469727e-01 -4.816353619098663330e-01 -6.223067045211791992e-01 1.795165836811065674e-01 1.798459291458129883e-01
2.642852365970611572e-01 1.952095478773117065e-01 5.351494550704956055e-01 6.556688547134399414e-01 -1.434423178434371948e-01 3.617159128189086914e-01 6.333328485488891602e-01 -7.115814685821533203e-01 -6.985737681388854980e-01 4.213925600051879883e-01 -2.208784669637680054e-01 -2.787523865699768066e-01 -4.006560146808624268e-01 -9.334840774536132812e-01 2.680472731590270996e-01 8.953466415405273438e-01 -1.438826769590377808e-01 1.999216824769973755e-01 4.017419219017028809e-01 1.018040657043457031e+00 -3.236467540264129639e-01 3.014622330665588379e-01 -1.247609108686447144e-01 -2.820516228675842285e-01 -1.384370625019073486e-01 5.193273723125457764e-02 -6.563154458999633789e-01 -2.734814882278442383e-01 1.969227753579616547e-02 1.096492186188697815e-01 3.460614979267120361e-01 3.910744786262512207e-01 -4.072859883308410645e-01 -4.310791566967964172e-02 2.110963314771652222e-02 3.472834229469299316e-01 5.654128789901733398e-01 8.310196399688720703e-01 -5.779467821121215820e-01 2.658837847411632538e-02 2.024961858987808228e-01 4.960493445396423340e-01 4.720520973205566406e-01 4.412426054477691650e-02 1.826468110084533691e-01 1.124456673860549927e-01 -3.835314810276031494e-01 -1.169475793838500977e+00 -7.740938067436218262e-01 -2.637874893844127655e-02 2.455475032329559326e-01 4.101665318012237549e-01 1.150767132639884949e-01 -2.174748182296752930e-01 4.503860473632812500e-01 5.769217610359191895e-01 -3.045321106910705566e-01 8.177860081195831299e-02 -9.347043186426162720e-02 -2.916144430637359619e-01 -1.094764545559883118e-01 -6.622532606124877930e-01 3.571155965328216553e-01 4.453721940517425537e-01
6.355145573616027832e-01 1.983698755502700806e-01 7.135834097862243652e-01 1.680701524019241333e-01 1.585998684167861938e-01 -3.186353743076324463e-01 5.336005687713623047e-01 1.700913757085800171e-01 -8.987704515457153320e-01 3.401828408241271973e-01 -7.848266959190368652e-01 -2.897605299949645996e-01 -3.133111894130706787e-01 1.011727452278137207e+00 3.149875402450561523e-01 -2.164378017187118530e-01 -7.160419821739196777e-01 8.962026238441467285e-02 -1.443257331848144531e-01 3.237516283988952637e-01 8.573142290115356445e-01 4.898273944854736328e-01 -1.838123351335525513e-01 -4.524300694465637207e-01 -4.102305769920349121e-01 8.794602155685424805e-01 -3.056546151638031006e-01 3.448598086833953857e-01 3.082021176815032959e-01 2.727088928222656250e-01 9.343583136796951294e-02 5.005085468292236328e-01 -8.150726556777954102e-01 -8.016863465309143066e-02 -8.497069776058197021e-02 -3.416526615619659424e-01 -1.900760233402252197e-01 6.316533088684082031e-01 1.320666372776031494e-01 1.725354939699172974e-01 -2.747062742710113525e-01 8.469273447990417480e-01 1.761911809444427490e-01 -3.609754145145416260e-01 5.284242630004882812e-01 1.281505823135375977e-01 -2.021871954202651978e-01 -8.301237821578979492e-01 -6.398373097181320190e-02 4.414421617984771729e-01 -5.117175579071044922e-01 -2.744475901126861572e-01 -2.375935912132263184e-01 6.107785701751708984e-01 2.909010350704193115e-01 1.180220246315002441e+00 -7.920337319374084473e-01 6.112433969974517822e-02 -7.611216902732849121e-01 1.000815853476524353e-01 -1.982930153608322144e-01 -1.882749050855636597e-01 -3.463741242885589600e-01 8.896505832672119141e-01
7.137004137039184570e-01 1.112947762012481689e-01 -2.958766222000122070e-01 2.586200237274169922e-01 2.990756332874298096e-01 -7.679756283760070801e-01 6.258049607276916504e-01 -4.457846581935882568e-01 -9.339521527290344238e-01 5.540142953395843506e-02 8.666659891605377197e-02 -5.583176612854003906e-01 2.588796913623809814e-01 1.275235712528228760e-01 -1.831494122743606567e-01 9.260907173156738281e-01 4.314975440502166748e-01 -7.046412229537963867e-01 2.101238667964935303e-01 5.898856520652770996e-01 8.834072202444076538e-02 1.369062423706054688e+00 1.525984108448028564e-01 -2.612287998199462891e-01 -1.457112908363342285e+00 3.528879582881927490e-01 -3.031736314296722412e-01 -2.205686420202255249e-01 1.093288301490247250e-03 -2.730652391910552979e-01 -3.153768777847290039e-01 -3.652521371841430664e-01 -3.906795680522918701e-01 -1.208155080676078796e-01 1.929989010095596313e-01 1.525286585092544556e-01 -4.035540223121643066e-01 -2.430763691663742065e-01 -5.791951417922973633e-01 9.650820493698120117e-02 -9.354347735643386841e-02 3.504977226257324219e-01 4.177398681640625000e-01 -4.160470888018608093e-02 4.053839445114135742e-01 -2.463400363922119141e-01 7.667119503021240234e-01 3.407410159707069397e-02 -4.755912423133850098e-01 3.916026055812835693e-01 5.062336325645446777e-01 -1.773536354303359985e-01 1.874359101057052612e-01 5.809599999338388443e-03 1.493132114410400391e-01 4.751081168651580811e-01 2.290903925895690918e-01 -4.652420282363891602e-01 -9.003853797912597656e-01 1.419422030448913574e-01 -3.660312294960021973e-01 -2.874135971069335938e-01 -2.147650271654129028e-01 1.378628909587860107e-01
-6.622873544692993164e-01 1.877233199775218964e-02 3.105814456939697266e-01 2.856267094612121582e-01 5.933276414871215820e-01 9.723319411277770996e-01 4.419874250888824463e-01 -6.164623498916625977e-01 -7.612668275833129883e-01 -7.310456037521362305e-02 4.454811662435531616e-02 8.144368231296539307e-02 -2.272961884737014771e-01 -4.890920817852020264e-01 -1.435080617666244507e-01 3.480822741985321045e-01 7.004409432411193848e-01 3.790728375315666199e-02 3.611391484737396240e-01 5.183563232421875000e-01 6.523403525352478027e-02 6.001883745193481445e-01 -7.802049629390239716e-03 -2.280716150999069214e-01 2.465548068284988403e-01 3.730113208293914795e-01 -2.571266889572143555e-01 -1.345040556043386459e-02 2.833068668842315674e-01 -2.031604200601577759e-01 -1.982943862676620483e-01 3.395388722419738770e-01 -6.076236814260482788e-02 -2.458677291870117188e-01 1.451863795518875122e-01 1.615117676556110382e-02 3.535256087779998779e-01 -9.337314963340759277e-02 1.344869285821914673e-01 -1.049242764711380005e-01 4.154412075877189636e-02 2.441330254077911377e-01 6.624657511711120605e-01 -4.793988540768623352e-02 -1.195342615246772766e-01 -1.570210754871368408e-01 9.612939506769180298e-02 -6.931360363960266113e-01 -9.274483323097229004e-01 2.160009741783142090e-01 1.428115963935852051e-01 -1.240886747837066650e-01 -1.590589880943298340e-01 2.862687706947326660e-01 -3.569795191287994385e-01 3.780032098293304443e-01 3.495260775089263916e-01 -3.370690643787384033e-01 1.932257553562521935e-03 -1.537802070379257202e-01 6.621655821800231934e-02 -1.191271424293518066e+00 9.731044620275497437e-02 4.891981780529022217e-01
-2.291061282157897949e-01 1.012727841734886169e-01 5.292556881904602051e-01 5.883919447660446167e-02 -2.247716188430786133e-01 -6.353136152029037476e-02 -1.137430965900421143e-01 -4.696012735366821289e-01 -4.193907082080841064e-01 4.637854173779487610e-02 -4.082605540752410889e-01 -5.961256474256515503e-02 -3.291081488132476807e-01 -6.855841875076293945e-01 -9.929323196411132812e-02 4.505756497383117676e-01 2.536801099777221680e-01 2.140924520790576935e-02 3.948780894279479980e-01 6.905164122581481934e-01 -2.142187654972076416e-01 2.840187251567840576e-01 6.737097501754760742e-01 -8.671279065310955048e-03 1.088900715112686157e-01 4.262400269508361816e-01 -5.676944255828857422e-01 -5.727517008781433105e-01 1.436752825975418091e-01 5.722846090793609619e-02 1.254288554191589355e-01 3.948806524276733398e-01 -3.053424656391143799e-01 1.068902611732482910e-01 2.396766692399978638e-01 -1.021715775132179260e-01 4.913015961647033691e-01 5.228627920150756836e-01 -7.631275802850723267e-02 6.177173182368278503e-02 -1.964697986841201782e-01 2.815346717834472656e-01 4.445665478706359863e-01 -1.837485581636428833e-01 -2.006874680519104004e-01 -3.930196166038513184e-01 5.878676772117614746e-01 -7.402123212814331055e-01 -7.145401239395141602e-01 -1.119610220193862915e-01 -1.749068945646286011e-01 -1.762749552726745605e-01 3.752247393131256104e-01 2.087528407573699951e-01 1.923208832740783691e-01 6.371031999588012695e-01 3.184022903442382812e-01 8.399444818496704102e-02 -1.934032440185546875e-01 -7.013061642646789551e-01 -3.265728950500488281e-01 -3.687170147895812988e-01 2.444999814033508301e-01 -1.531395763158798218e-01
3.779645860195159912e-01 4.367091134190559387e-02 2.133408635854721069e-01 1.088332161307334900e-01 7.142521739006042480e-01 -6.700395047664642334e-02 7.035634517669677734e-01 -8.413272351026535034e-02 -6.062608361244201660e-01 2.646723985671997070e-01 3.834989666938781738e-01 -2.181391119956970215e-01 6.094374060630798340e-01 5.670204758644104004e-02 -1.877028942108154297e-01 9.161763191223144531e-01 4.854904711246490479e-01 -2.959797345101833344e-02 7.916298508644104004e-01 8.865117430686950684e-01 1.057552546262741089e-01 6.382746100425720215e-01 -2.039166241884231567e-01 5.176873803138732910e-01 -5.303509235382080078e-01 3.553533554077148438e-01 3.577448427677154541e-02 -2.705400884151458740e-01 -7.684379816055297852e-02 3.665674626827239990e-01 -2.360115014016628265e-02 -2.042032182216644287e-01 -9.373819828033447266e-02 -4.583740532398223877e-01 1.415350437164306641e-01 -1.258226782083511353e-01 -5.347429215908050537e-02 -2.657948732376098633e-01 1.360251456499099731e-01 3.917788267135620117e-01 -4.269974529743194580e-01 -1.783548444509506226e-01 6.579142212867736816e-01 -1.304749250411987305e-01 3.524648249149322510e-01 -3.644458949565887451e-01 3.839489817619323730e-01 -4.183981716632843018e-01 1.866474002599716187e-01 -3.952658772468566895e-01 -1.728488206863403320e-01 -1.504050046205520630e-01 -4.698864221572875977e-01 5.616410970687866211e-01 -2.417158931493759155e-01 6.042398214340209961e-01 -3.898574411869049072e-01 -1.379989981651306152e-01 1.317458748817443848e-01 -1.285673305392265320e-02 -3.652201890945434570e-01 -8.868842720985412598e-01 -1.005430668592453003e-01 1.670633107423782349e-01
7.801409959793090820e-01 -3.690250515937805176e-01 2.362320870161056519e-01 -1.822442710399627686e-01 4.860669076442718506e-01 -2.944112420082092285e-01 -3.740524053573608398e-01 -2.281118333339691162e-01 -5.974357724189758301e-01 5.533318221569061279e-02 -2.561869621276855469e-01 -4.895662367343902588e-01 -9.673070162534713745e-02 1.898527890443801880e-01 2.920863032341003418e-02 4.966941475868225098e-01 5.037500858306884766e-01 5.688616260886192322e-02 1.308217793703079224e-01 -2.440944015979766846e-01 -2.424684315919876099e-01 4.404545724391937256e-01 4.422687590122222900e-01 -7.563936114311218262e-01 -2.545579969882965088e-01 2.673444747924804688e-01 1.519575566053390503e-01 -2.961309850215911865e-01 2.312848269939422607e-01 5.686243250966072083e-02 -2.297752052545547485e-01 -3.037051856517791748e-01 -6.891166567802429199e-01 -6.620481610298156738e-02 8.147026598453521729e-02 -2.767383754253387451e-01 -3.910062015056610107e-01 5.764229595661163330e-02 -3.595176935195922852e-01 2.608554959297180176e-01 6.763689965009689331e-02 -1.129465922713279724e-01 2.078668475151062012e-01 -4.596073031425476074e-01 -2.615225128829479218e-02 -8.614598512649536133e-01 1.164132077246904373e-02 -1.146206855773925781e+00 -4.629393219947814941e-01 1.406208425760269165e-01 5.758377909660339355e-02 -7.539190053939819336e-01 -4.211516305804252625e-02 3.892521858215332031e-01 2.216727882623672485e-01 9.845505654811859131e-02 -8.827047422528266907e-03 -2.825492918491363525e-01 -3.770185708999633789e-01 1.956967450678348541e-02 4.791700839996337891e-01 1.877345331013202667e-02 -3.141722083091735840e-01 -1.390120387077331543e-01
-2.927505970001220703e-01 1.153792161494493484e-02 5.673117637634277344e-01 1.510393768548965454e-01 3.095959499478340149e-02 4.911312758922576904e-01 3.845947608351707458e-02 -5.257018208503723145e-01 1.057685315608978271e-01 -1.565381288528442383e-01 3.365157544612884521e-02 5.176342278718948364e-02 -2.470329105854034424e-01 -3.908980488777160645e-01 -1.197199299931526184e-01 5.310531854629516602e-01 6.380689144134521484e-02 -1.698395162820816040e-01 1.519501209259033203e-02 7.197517156600952148e-01 4.221578836441040039e-01 7.032399773597717285e-01 3.990097045898437500e-01 -5.548446774482727051e-01 2.680648677051067352e-02 4.480817019939422607e-01 -2.542712986469268799e-01 -4.752814397215843201e-02 5.547036603093147278e-02 1.871062815189361572e-01 5.814113616943359375e-01 3.856925070285797119e-01 -5.618968009948730469e-01 -7.048283703625202179e-03 -1.017491444945335388e-01 2.266152948141098022e-01 4.204340577125549316e-01 1.388745307922363281e-01 5.611568689346313477e-01 -3.711742907762527466e-02 -2.639159560203552246e-01 4.884943664073944092e-01 5.260540843009948730e-01 -5.844014883041381836e-01 -5.847499123774468899e-04 -1.909776031970977783e-01 5.055695176124572754e-01 -1.906152516603469849e-01 -4.200816154479980469e-01 -1.748137623071670532e-01 9.437514841556549072e-02 2.535104192793369293e-02 1.522663086652755737e-01 2.461487799882888794e-01 -2.613319158554077148e-01 7.950662970542907715e-01 5.821335911750793457e-01 -2.061583288013935089e-02 -4.526231586933135986e-01 -6.101855039596557617e-01 -3.068839907646179199e-01 -6.416313648223876953e-01 2.950961887836456299e-01 -3.095189929008483887e-01
3.175056278705596924e-01 -1.147688478231430054e-01 2.182827591896057129e-01 -6.757340431213378906e-01 3.615257441997528076e-01 -6.123472377657890320e-02 1.243171691894531250e-01 -4.750098586082458496e-01 -5.601168274879455566e-01 2.384045422077178955e-01 -2.445128411054611206e-01 -4.580444693565368652e-01 -5.150932073593139648e-02 2.883749306201934814e-01 1.420903205871582031e-01 4.911342561244964600e-01 3.411453664302825928e-01 -2.426489591598510742e-01 1.630550175905227661e-01 -2.325144708156585693e-01 8.122239112854003906e-01 5.564579963684082031e-01 1.922772675752639771e-01 -4.824672341346740723e-01 1.167417988181114197e-01 9.083827733993530273e-01 -2.990444935858249664e-02 -3.577896952629089355e-01 3.687679469585418701e-01 2.663415968418121338e-01 -4.340062141418457031e-01 4.784824252128601074e-01 -6.911962628364562988e-01 7.758809626102447510e-02 -1.734299659729003906e-01 -4.696534574031829834e-01 -1.038769856095314026e-01 -4.824134334921836853e-02 1.888393163681030273e-01 4.771610796451568604e-01 -3.506350517272949219e-01 5.793787240982055664e-01 -3.533291518688201904e-01 -3.000805974006652832e-01 2.881646752357482910e-01 -1.131570786237716675e-01 9.324726462364196777e-02 -7.800256013870239258e-01 1.342545151710510254e-01 4.694463014602661133e-01 2.123049795627593994e-01 -6.962561607360839844e-01 -4.667269885540008545e-01 4.743864536285400391e-01 -5.510399863123893738e-02 7.014670372009277344e-01 -3.780005276203155518e-01 -3.848442435264587402e-01 6.638913601636886597e-02 -3.446624875068664551e-01 2.970837056636810303e-01 2.512550055980682373e-01 -7.347407341003417969e-01 1.536671817302703857e-01
5.651854276657104492e-01 -2.072012871503829956e-01 2.611013054847717285e-01 2.580672502517700195e-01 8.004323244094848633e-01 -7.250699400901794434e-01 3.045216500759124756e-01 -1.689261943101882935e-01 -8.389575481414794922e-01 3.892343342304229736e-01 -8.028787970542907715e-01 2.116839885711669922e-01 -6.970447301864624023e-01 7.876778841018676758e-01 2.873017787933349609e-01 8.068218827247619629e-01 2.587784826755523682e-01 4.460002109408378601e-02 -8.529757261276245117e-01 1.481750845909118652e+00 9.832429885864257812e-02 8.387452363967895508e-01 -4.780878424644470215e-01 -4.385764896869659424e-01 5.271030068397521973e-01 -7.362680137157440186e-02 3.776666820049285889e-01 -2.427638322114944458e-02 8.594174981117248535e-01 8.107162266969680786e-02 -7.669419795274734497e-02 -2.562835812568664551e-01 -2.175942063331604004e-01 4.891064167022705078e-01 -6.696202754974365234e-01 -3.911458253860473633e-01 -4.505783319473266602e-01 5.647772550582885742e-01 -6.215370297431945801e-01 2.997618317604064941e-01 4.461846649646759033e-01 1.021731272339820862e-01 -2.894115634262561798e-02 -2.825236320495605469e-01 4.064967110753059387e-02 3.286531865596771240e-01 1.277129948139190674e-01 -8.091488480567932129e-01 -5.987823605537414551e-01 -4.235590100288391113e-01 -2.186001837253570557e-01 3.075992465019226074e-01 -8.752697706222534180e-02 2.555828690528869629e-01 2.121282666921615601e-01 8.964372873306274414e-01 3.783783316612243652e-02 -1.256040036678314209e-01 -9.002748131752014160e-01 -2.934027612209320068e-01 -8.255258798599243164e-01 -1.038884639739990234e+00 -9.712691307067871094e-01 -2.813092805445194244e-02
7.614539265632629395e-01 -1.969889551401138306e-01 4.553022086620330811e-01 -1.425241678953170776e-01 3.375082910060882568e-01 -1.690516471862792969e-01 -2.871161997318267822e-01 -1.886269152164459229e-01 -5.720047354698181152e-01 1.408750712871551514e-01 -3.073168396949768066e-01 -4.506560266017913818e-01 -4.357887431979179382e-03 2.049705535173416138e-01 -2.159880474209785461e-02 4.433903992176055908e-01 4.769221246242523193e-01 8.827453851699829102e-02 9.875952452421188354e-02 -3.641101419925689697e-01 -7.739240676164627075e-02 5.355444550514221191e-01 3.409861326217651367e-01 -6.315051317214965820e-01 -1.426214724779129028e-01 1.086633950471878052e-01 3.133440017700195312e-01 -5.146089196205139160e-01 1.407830119132995605e-01 3.089433610439300537e-01 -1.615158766508102417e-01 -4.023549258708953857e-01 -7.457818984985351562e-01 1.922799088060855865e-02 5.840366706252098083e-02 -3.689218163490295410e-01 -3.872388005256652832e-01 -4.036901891231536865e-02 -3.742842376232147217e-01 2.079645544290542603e-01 -1.785577237606048584e-01 -5.846931785345077515e-02 4.988016560673713684e-02 -5.229194760322570801e-01 2.390064112842082977e-02 -8.496898412704467773e-01 5.127556994557380676e-02 -1.169383168220520020e+00 -4.968643188476562500e-01 1.407181322574615479e-01 1.488468050956726074e-01 -7.836994528770446777e-01 3.927721455693244934e-02 3.157876431941986084e-01 2.273556143045425415e-01 -4.369116574525833130e-02 8.048821240663528442e-02 -4.255740046501159668e-01 -4.199787378311157227e-01 7.642648369073867798e-02 3.163575232028961182e-01 -1.864929050207138062e-01 -1.651791483163833618e-01 -8.039134740829467773e-02
6.237465739250183105e-01 3.793851733207702637e-01 6.896800398826599121e-01 4.360563158988952637e-01 7.801069617271423340e-01 -3.708753883838653564e-01 4.650488197803497314e-01 1.414759308099746704e-01 -1.359746932983398438e+00 1.747245192527770996e-01 2.801898419857025146e-01 -2.843539416790008545e-01 -1.245497703552246094e+00 1.865149140357971191e-01 -4.727061986923217773e-01 9.117261320352554321e-02 4.325707629323005676e-02 1.776978522539138794e-01 -3.470465242862701416e-01 2.924945652484893799e-01 2.390645593404769897e-01 6.191954612731933594e-01 1.621385663747787476e-01 -1.456484943628311157e-01 5.434739589691162109e-01 2.898853123188018799e-01 -4.774757325649261475e-01 2.193786948919296265e-01 -3.393769264221191406e-02 -2.313840836286544800e-01 -8.150117099285125732e-02 2.817795872688293457e-01 1.547777354717254639e-01 3.200253099203109741e-02 -1.979158669710159302e-01 -5.094794034957885742e-01 -4.207303375005722046e-02 3.596054315567016602e-01 -6.096474826335906982e-02 -4.420275799930095673e-03 -3.608823716640472412e-01 -1.968374252319335938e-01 1.215437576174736023e-01 -3.321914374828338623e-01 -7.680624723434448242e-02 -1.093052625656127930e+00 -3.291141986846923828e-01 -6.267368197441101074e-01 -6.382461190223693848e-01 5.857741236686706543e-01 -4.697702825069427490e-02 1.900222599506378174e-01 -2.384079098701477051e-01 -2.973522841930389404e-01 2.916301190853118896e-01 7.286987453699111938e-02 3.356460332870483398e-01 -5.237718820571899414e-01 -2.989414036273956299e-01 2.875997722148895264e-01 -1.865164190530776978e-01 -6.095709800720214844e-01 5.132615193724632263e-02 -8.651036024093627930e-02
2.323512136936187744e-01 3.216359913349151611e-01 2.777003347873687744e-01 7.072364687919616699e-01 -1.393710225820541382e-01 1.286473274230957031e-01 6.118862032890319824e-01 -6.824134588241577148e-01 -7.133096456527709961e-01 2.798241972923278809e-01 -1.454221755266189575e-01 -4.063743352890014648e-01 -4.426844418048858643e-01 -8.814429044723510742e-01 3.769316971302032471e-01 6.824055910110473633e-01 -6.252049654722213745e-02 1.631211042404174805e-01 4.274716675281524658e-01 8.483418822288513184e-01 -3.919539749622344971e-01 3.165614604949951172e-01 -2.466734200716018677e-01 -2.444078326225280762e-01 -1.327632963657379150e-01 1.951679885387420654e-01 -7.270496487617492676e-01 -2.963476181030273438e-01 -6.079168617725372314e-02 2.236078232526779175e-01 1.987437754869461060e-01 3.862279653549194336e-01 -5.808028578758239746e-01 -5.396477878093719482e-02 -1.085325255990028381e-01 1.373648345470428467e-01 3.390668928623199463e-01 8.738525509834289551e-01 -6.033418178558349609e-01 -4.958943463861942291e-03 7.461914420127868652e-02 5.814583897590637207e-01 5.190333127975463867e-01 1.402594298124313354e-01 1.738652139902114868e-01 4.146575629711151123e-01 -4.172070622444152832e-01 -1.122603178024291992e+00 -8.526582717895507812e-01 6.182476505637168884e-02 1.996810287237167358e-01 3.696784973144531250e-01 1.611868143081665039e-01 -1.072378084063529968e-01 5.199238061904907227e-01 5.479356646537780762e-01 -1.320542097091674805e-01 1.094194874167442322e-01 3.441547229886054993e-02 -3.767334222793579102e-01 -1.263563632965087891e-01 -8.027778863906860352e-01 4.483923912048339844e-01 4.626072347164154053e-01
-2.394392788410186768e-01 9.731009602546691895e-02 2.923474609851837158e-01 1.704263985157012939e-01 2.437665313482284546e-01 6.637868285179138184e-01 4.015377163887023926e-01 -5.448573231697082520e-01 -1.026257395744323730e+00 4.088778421282768250e-02 2.112053632736206055e-01 -2.332810461521148682e-01 -1.869228035211563110e-01 -7.209095954895019531e-01 -1.281478703022003174e-01 3.122829198837280273e-01 5.818173289299011230e-01 4.616072401404380798e-02 7.661211490631103516e-01 3.056840896606445312e-01 -3.676968812942504883e-01 6.135011315345764160e-01 2.344441786408424377e-02 6.982737686485052109e-03 4.734488427639007568e-01 1.619960516691207886e-01 7.843342423439025879e-02 -2.995552718639373779e-01 -9.514815174043178558e-03 2.232677489519119263e-01 -1.727256923913955688e-01 2.961939871311187744e-01 -1.390930712223052979e-01 -1.586131155490875244e-01 4.272693395614624023e-01 -1.239642500877380371e-01 3.186852335929870605e-01 1.628771722316741943e-01 -2.671823799610137939e-01 -7.712919265031814575e-02 -1.833935827016830444e-01 1.668787896633148193e-01 4.178206622600555420e-01 -7.583530992269515991e-02 -7.992137223482131958e-02 -1.501488387584686279e-01 2.502677030861377716e-02 -7.723727822303771973e-01 -7.371193766593933105e-01 3.928544819355010986e-01 -1.205295771360397339e-01 -1.652122288942337036e-01 -3.799917101860046387e-01 -1.162023562937974930e-02 2.340799719095230103e-01 5.604533553123474121e-01 1.251193434000015259e-01 -4.223741218447685242e-02 -1.571432054042816162e-01 -2.818092405796051025e-01 1.355806142091751099e-01 -8.395732045173645020e-01 2.228275313973426819e-02 4.723295569419860840e-01
8.176046013832092285e-01 5.747182369232177734e-01 3.402962982654571533e-01 -8.329122327268123627e-03 2.365069836378097534e-01 3.827934339642524719e-02 7.132337689399719238e-01 -1.249374270439147949e+00 -7.482550740242004395e-01 2.386358678340911865e-01 -2.434910982847213745e-01 7.644706964492797852e-02 -5.761619806289672852e-01 -4.181860685348510742e-01 6.416503787040710449e-01 6.160898208618164062e-01 -7.523563504219055176e-01 1.737254485487937927e-02 -8.862533420324325562e-02 6.560253500938415527e-01 1.644550114870071411e-01 1.635807454586029053e-01 -4.756590425968170166e-01 -1.314997375011444092e-01 -1.903582662343978882e-01 2.340101152658462524e-01 -1.578868031501770020e-01 -3.293093144893646240e-01 -5.506068468093872070e-01 -1.946638375520706177e-01 6.776010990142822266e-01 -2.877872586250305176e-01 -3.320265412330627441e-01 -2.284529954195022583e-01 -2.870792746543884277e-01 -8.949695527553558350e-02 -1.251285076141357422e-01 6.501762270927429199e-01 -6.314290761947631836e-01 1.310754120349884033e-01 -1.663526333868503571e-02 2.693641781806945801e-01 -7.681416720151901245e-02 5.784624069929122925e-02 1.589463055133819580e-01 2.509572803974151611e-01 -5.301280021667480469e-01 -1.064336895942687988e+00 -5.710189938545227051e-01 1.440842151641845703e-01 2.442592531442642212e-01 4.210648536682128906e-01 -2.093533128499984741e-01 -4.785051941871643066e-01 3.739814758300781250e-01 1.941122561693191528e-01 -1.681824773550033569e-02 -2.428696304559707642e-01 -4.241824746131896973e-01 -2.977990508079528809e-01 1.690664142370223999e-01 -7.035999298095703125e-01 4.236556589603424072e-01 6.352912187576293945e-01
-5.654912590980529785e-01 -6.141107901930809021e-02 5.888029932975769043e-01 -1.837175525724887848e-02 -2.698212265968322754e-01 3.412532508373260498e-01 -9.477215260267257690e-02 -5.406419634819030762e-01 -2.383481711149215698e-01 8.420686423778533936e-02 -2.878830730915069580e-01 -1.302587836980819702e-01 -3.482034504413604736e-01 -6.110579967498779297e-01 -1.894074678421020508e-01 4.487910866737365723e-01 3.252108097076416016e-01 -1.648486107587814331e-01 1.688620299100875854e-01 8.246798515319824219e-01 2.641922235488891602e-01 3.538607358932495117e-01 3.791666626930236816e-01 -2.911248505115509033e-01 -9.643402695655822754e-02 4.807187020778656006e-01 -3.057871162891387939e-01 -7.247277535498142242e-03 1.133489161729812622e-01 1.131141930818557739e-01 5.149497985839843750e-01 3.865286409854888916e-01 -2.775581479072570801e-01 8.426573872566223145e-02 1.224719360470771790e-01 -1.391125004738569260e-02 3.452646434307098389e-01 4.299168884754180908e-01 4.642204567790031433e-02 -7.655098289251327515e-02 5.125984898768365383e-06 3.226178586483001709e-01 4.303466975688934326e-01 -5.456686615943908691e-01 -1.995145082473754883e-01 -4.005905687808990479e-01 6.245186328887939453e-01 -6.482623219490051270e-01 -6.704229116439819336e-01 -9.702129662036895752e-02 1.221615001559257507e-01 -1.178025156259536743e-01 2.856908142566680908e-01 3.697611093521118164e-01 -1.659552752971649170e-01 5.196812152862548828e-01 5.159158110618591309e-01 -8.992646820843219757e-03 -7.563139498233795166e-02 -6.499604582786560059e-01 -1.930981278419494629e-01 -5.717222690582275391e-01 3.628165721893310547e-01 -2.516551017761230469e-01
6.960143446922302246e-01 4.734327197074890137e-01 4.125057756900787354e-01 9.750251471996307373e-02 8.422876000404357910e-01 4.224578738212585449e-01 3.649086058139801025e-01 -7.174110412597656250e-01 -1.432912826538085938e+00 -3.122629225254058838e-01 3.344562649726867676e-01 -5.135080218315124512e-01 6.089103221893310547e-01 -6.790392398834228516e-01 -5.611808896064758301e-01 4.797454178333282471e-01 2.446328252553939819e-01 1.645880937576293945e-02 2.697678841650485992e-02 7.264326214790344238e-01 9.896156936883926392e-02 2.607237398624420166e-01 2.918600849807262421e-02 2.112085819244384766e-01 -1.538317054510116577e-01 -5.348521098494529724e-02 -4.287203550338745117e-01 -2.393307387828826904e-01 3.832623064517974854e-01 9.243683516979217529e-02 -5.677422285079956055e-01 6.419383287429809570e-01 -1.554896235466003418e-01 -4.976295530796051025e-01 1.832479089498519897e-01 -1.000230610370635986e-01 -3.564095869660377502e-02 -1.138078719377517700e-01 2.683134675025939941e-01 5.901105701923370361e-02 -6.118781566619873047e-01 7.565672695636749268e-02 3.036879003047943115e-01 -2.509268820285797119e-01 -3.845734521746635437e-02 1.808607727289199829e-01 3.059445023536682129e-01 -2.519485652446746826e-01 -2.085234373807907104e-01 -8.672076463699340820e-02 -5.508191585540771484e-01 4.480845630168914795e-01 1.200509071350097656e-02 1.787018477916717529e-01 -3.643264472484588623e-01 6.855759024620056152e-01 -4.883148372173309326e-01 -3.239616751670837402e-01 -6.458206176757812500e-01 -1.852443218231201172e-01 -6.557534635066986084e-02 -1.294817447662353516e+00 -2.643280327320098877e-01 5.225027799606323242e-01
3.823471367359161377e-01 -5.736249685287475586e-01 3.306239843368530273e-01 1.259959489107131958e-01 3.019588291645050049e-01 -7.984014600515365601e-02 1.663103140890598297e-02 -8.345173597335815430e-01 -8.016375303268432617e-01 1.304734200239181519e-01 5.326232910156250000e-01 2.542773783206939697e-01 -2.363564223051071167e-01 1.609816551208496094e-01 1.186905521899461746e-02 2.615499794483184814e-01 2.041530758142471313e-01 1.295694429427385330e-02 3.306927084922790527e-01 3.652792572975158691e-01 1.780742257833480835e-01 2.779723703861236572e-01 4.442837536334991455e-01 -5.615489482879638672e-01 9.921534359455108643e-02 1.633163243532180786e-01 -2.926689684391021729e-01 -1.125928759574890137e+00 4.593727290630340576e-01 -1.029090024530887604e-02 -3.472401797771453857e-01 2.615517936646938324e-02 -7.293934226036071777e-01 -8.621329665184020996e-01 -3.600407838821411133e-01 -4.688347131013870239e-02 -2.176534831523895264e-01 -7.547043263912200928e-02 -8.795427531003952026e-02 -5.642751976847648621e-02 2.772987186908721924e-01 4.446723461151123047e-01 -5.366904735565185547e-01 -5.867630243301391602e-01 4.706896841526031494e-01 -4.303891062736511230e-01 2.051617354154586792e-01 -9.181052446365356445e-01 4.658517241477966309e-01 6.781606078147888184e-01 9.676116704940795898e-02 -5.193694829940795898e-01 -3.752744495868682861e-01 7.677090354263782501e-03 5.504401922225952148e-01 6.806386709213256836e-01 -6.598713994026184082e-01 -5.223569869995117188e-01 -2.767022848129272461e-01 -5.362780764698982239e-02 5.740869045257568359e-01 -2.553740143775939941e-01 -2.028894573450088501e-01 1.532547175884246826e-01
7.856459617614746094e-01 -2.062021344900131226e-01 5.124580487608909607e-02 -4.918684065341949463e-01 1.382662802934646606e-01 -2.538588345050811768e-01 -2.247902452945709229e-01 -1.662083268165588379e-01 -1.078645348548889160e+00 -1.639273576438426971e-02 -3.025189638137817383e-01 -5.421552658081054688e-01 -3.502689898014068604e-01 7.761435210704803467e-02 -5.085708945989608765e-02 4.140777587890625000e-01 7.329944372177124023e-01 -2.347047328948974609e-01 4.382529556751251221e-01 -8.755271881818771362e-02 1.186950132250785828e-01 5.176026225090026855e-01 5.139482617378234863e-01 -6.972598433494567871e-01 -2.776453197002410889e-01 3.164495825767517090e-01 1.826934963464736938e-01 -4.203005135059356689e-01 2.633883357048034668e-01 2.463255375623703003e-01 -1.672365963459014893e-01 -4.781646430492401123e-01 -8.239424824714660645e-01 1.890258193016052246e-01 2.204634435474872589e-02 -5.716631934046745300e-02 -1.701167523860931396e-01 1.234942674636840820e-01 -4.098255559802055359e-02 1.583307832479476929e-01 -9.052702039480209351e-02 -1.361837834119796753e-01 1.173929125070571899e-02 -4.200724959373474121e-01 9.862262010574340820e-02 -7.448303699493408203e-01 -7.114548236131668091e-02 -8.914191126823425293e-01 -8.048466444015502930e-01 2.519627511501312256e-01 7.148475944995880127e-02 -7.565304636955261230e-01 1.836655735969543457e-01 4.146537780761718750e-01 3.613579273223876953e-01 4.530299827456474304e-02 -3.042505122721195221e-02 -3.134370148181915283e-01 -9.924277663230895996e-02 1.596839576959609985e-01 2.702254056930541992e-01 -1.157808154821395874e-01 -3.697325885295867920e-01 1.048126369714736938e-01
2.223201245069503784e-01 3.225219845771789551e-01 6.967750787734985352e-01 -9.880392253398895264e-02 5.902921557426452637e-01 3.921367973089218140e-02 1.640299558639526367e-01 -1.722096353769302368e-01 -8.447884321212768555e-01 -3.521724343299865723e-01 1.815099865198135376e-01 -1.191269680857658386e-01 -8.088215589523315430e-01 -3.042114377021789551e-01 -1.225867867469787598e-01 -8.281429857015609741e-02 5.284549295902252197e-02 5.626711621880531311e-02 1.160998418927192688e-01 1.989419311285018921e-01 -2.053271830081939697e-01 3.160845935344696045e-01 3.202436566352844238e-01 -9.142462909221649170e-02 3.347542285919189453e-01 1.566365510225296021e-01 3.314679488539695740e-02 -2.114402949810028076e-01 -1.508383303880691528e-01 4.136839509010314941e-02 1.220026463270187378e-01 -1.172154024243354797e-01 -9.260100871324539185e-02 -2.706182301044464111e-01 -1.053204312920570374e-01 -4.659406840801239014e-01 7.225986104458570480e-03 6.863893866539001465e-01 -2.104689776897430420e-01 -6.026827543973922729e-02 -1.114029586315155029e-01 -1.178828477859497070e-01 2.928959429264068604e-01 1.175908371806144714e-02 -2.140277177095413208e-01 -7.096210122108459473e-01 3.067178428173065186e-01 -1.042836785316467285e+00 -1.012677669525146484e+00 5.487143993377685547e-01 1.113966666162014008e-02 -4.840039312839508057e-01 -4.397296532988548279e-02 -1.809394657611846924e-01 7.554152607917785645e-02 1.460426449775695801e-01 5.276847481727600098e-01 -5.711845755577087402e-01 -1.070916503667831421e-01 -8.092973381280899048e-02 2.697345018386840820e-01 -3.391155302524566650e-01 -1.839168071746826172e-01 3.251856863498687744e-01
5.512723922729492188e-01 -1.978330016136169434e-01 5.615771412849426270e-01 7.542702555656433105e-02 5.516603589057922363e-01 -5.465446710586547852e-01 -9.430015087127685547e-02 -3.613129258155822754e-01 -5.084614753723144531e-01 4.310188442468643188e-02 -8.376460522413253784e-02 -5.366898775100708008e-01 1.155690401792526245e-01 3.291049599647521973e-01 8.425775170326232910e-02 3.324192762374877930e-01 1.744448542594909668e-01 6.686594337224960327e-02 1.181447319686412811e-02 -2.600363492965698242e-01 -2.489880472421646118e-01 1.868197619915008545e-01 2.430458366870880127e-01 -6.606329083442687988e-01 -3.562283515930175781e-01 7.048503309488296509e-02 4.051929712295532227e-02 -5.862193107604980469e-01 -1.322262287139892578e-01 6.851436942815780640e-02 -1.561109870672225952e-01 -8.505418151617050171e-02 -5.184611678123474121e-01 -5.745793133974075317e-02 -2.257644981145858765e-01 -8.578519225120544434e-01 -3.570780456066131592e-01 -2.013091444969177246e-01 -2.781188860535621643e-02 -2.275537326931953430e-02 1.433718055486679077e-01 -4.589708894491195679e-02 1.787463724613189697e-01 -3.998513519763946533e-01 -1.403377354145050049e-01 -9.966885447502136230e-01 3.469166532158851624e-02 -1.239192008972167969e+00 -6.604261696338653564e-02 7.050350308418273926e-02 2.448547929525375366e-01 -1.006767272949218750e+00 -1.804611980915069580e-01 1.922973394393920898e-01 2.463136315345764160e-01 1.575945168733596802e-01 2.599093317985534668e-02 -5.837603807449340820e-01 -5.207069516181945801e-01 -5.894400551915168762e-02 3.070300221443176270e-01 1.733897477388381958e-01 -4.356477409601211548e-02 5.822972208261489868e-02
7.623076438903808594e-01 4.381511509418487549e-01 2.803934216499328613e-01 9.363652765750885010e-02 3.561515808105468750e-01 1.970246434211730957e-02 6.947177648544311523e-01 -1.175492644309997559e+00 -7.502006888389587402e-01 2.996456623077392578e-01 -5.101141333580017090e-01 -5.344035569578409195e-03 -4.790695309638977051e-01 -3.612008392810821533e-01 6.262621283531188965e-01 5.203700065612792969e-01 -7.023421525955200195e-01 1.130485683679580688e-01 -5.400412902235984802e-02 6.897665858268737793e-01 1.023226976394653320e-01 4.320665076375007629e-02 -4.565158188343048096e-01 -2.155909687280654907e-01 -2.188779413700103760e-01 6.560001522302627563e-02 -2.514643967151641846e-01 -2.000886946916580200e-01 -5.728822946548461914e-01 -7.606695592403411865e-02 6.726467013359069824e-01 -3.563123047351837158e-01 -4.054590463638305664e-01 -3.245700597763061523e-01 -3.430862426757812500e-01 -2.396250218152999878e-01 -2.585387527942657471e-01 5.891972780227661133e-01 -7.187069058418273926e-01 1.400829851627349854e-01 4.341752082109451294e-02 3.867709040641784668e-01 1.196569576859474182e-02 6.368707120418548584e-02 1.080774236470460892e-02 2.632721364498138428e-01 -4.104890227317810059e-01 -1.193418264389038086e+00 -5.471263527870178223e-01 1.143158525228500366e-01 1.007242053747177124e-01 3.698562681674957275e-01 -1.365033984184265137e-01 -4.721312820911407471e-01 4.728566408157348633e-01 1.768472492694854736e-01 7.545103877782821655e-02 -2.275829166173934937e-01 -4.492222368717193604e-01 -3.094248771667480469e-01 2.230038195848464966e-01 -7.451727986335754395e-01 5.708431005477905273e-01 6.212530136108398438e-01
3.906223773956298828e-01 3.409483134746551514e-01 6.277757287025451660e-01 -2.193021625280380249e-01 7.229825854301452637e-01 1.188873872160911560e-01 1.805184930562973022e-01 6.393402069807052612e-02 -9.799265265464782715e-01 5.934343859553337097e-02 2.518472261726856232e-02 -1.555058360099792480e-01 -7.173237204551696777e-01 -2.949941158294677734e-01 -6.354042142629623413e-02 -8.067263662815093994e-02 2.426136881113052368e-01 3.276076912879943848e-02 -4.775578901171684265e-02 2.907141670584678650e-02 -1.153995245695114136e-01 1.294654011726379395e-01 3.410890400409698486e-01 -1.845334917306900024e-01 2.134156823158264160e-01 1.073028743267059326e-01 -1.395079642534255981e-01 -2.963413596153259277e-01 -2.322194576263427734e-01 -2.063221484422683716e-02 2.530265152454376221e-01 -2.083459682762622833e-02 -8.034954965114593506e-02 7.171860430389642715e-03 -1.249036788940429688e-01 -5.027875900268554688e-01 5.015947856009006500e-03 6.685152053833007812e-01 -4.051904678344726562e-01 -1.831554025411605835e-01 -4.339387640357017517e-03 -1.369214504957199097e-01 3.769821226596832275e-01 2.259552776813507080e-01 -8.951296657323837280e-02 -5.908797383308410645e-01 1.948605030775070190e-01 -1.103484749794006348e+00 -1.015092611312866211e+00 5.583310127258300781e-01 -4.244307801127433777e-02 -3.319831788539886475e-01 -8.144029974937438965e-02 -3.109390661120414734e-02 1.835625022649765015e-01 2.094976156949996948e-01 5.619789361953735352e-01 -4.945903718471527100e-01 6.807869672775268555e-02 -1.289904564619064331e-01 1.856862157583236694e-01 -2.919483780860900879e-01 -2.522819936275482178e-01 2.641057372093200684e-01
5.330342650413513184e-01 8.568251132965087891e-02 -3.651265501976013184e-01 -1.261265277862548828e-01 3.100507855415344238e-01 -3.829264342784881592e-01 4.380293488502502441e-01 -9.415979981422424316e-01 -1.080142617225646973e+00 3.754801154136657715e-01 -3.164764642715454102e-01 1.079567298293113708e-01 -4.911779165267944336e-01 2.575710713863372803e-01 3.376504182815551758e-01 9.034304618835449219e-01 -7.738678455352783203e-01 -1.612886041402816772e-01 -5.353965759277343750e-01 1.125271558761596680e+00 3.511283695697784424e-01 5.369613766670227051e-01 -1.299823671579360962e-01 -2.069667726755142212e-01 -3.454093039035797119e-01 -1.703147441148757935e-01 -4.728674590587615967e-01 -2.208641469478607178e-01 -1.251697354018688202e-02 -8.397637307643890381e-02 5.283160805702209473e-01 -2.810442447662353516e-01 -4.521935582160949707e-01 4.331511631608009338e-02 -5.054358243942260742e-01 -3.860270082950592041e-01 -1.586652845144271851e-01 -2.448299676179885864e-01 7.412658631801605225e-02 3.247754573822021484e-01 1.181422993540763855e-01 -2.614355981349945068e-01 2.550968229770660400e-01 -2.887704372406005859e-01 -7.202338427305221558e-02 4.985606670379638672e-01 -4.836701154708862305e-01 -4.058318734169006348e-01 -2.231720387935638428e-01 3.185066878795623779e-01 -4.063538610935211182e-01 2.539386153221130371e-01 -1.140868663787841797e-01 -4.826545715332031250e-01 4.265825450420379639e-01 6.631220579147338867e-01 -2.470507100224494934e-02 -1.420184224843978882e-01 1.044223010540008545e-01 -5.344949960708618164e-01 6.796869039535522461e-01 -5.407617688179016113e-01 5.922840833663940430e-01 9.098979234695434570e-01
-2.154253870248794556e-01 4.037309587001800537e-01 4.871698915958404541e-01 1.023703739047050476e-01 5.834577083587646484e-01 4.704169332981109619e-01 2.948546409606933594e-01 -7.721814513206481934e-02 -9.655749797821044922e-01 -6.757025420665740967e-02 7.989873737096786499e-02 -2.265955656766891479e-01 -5.394688248634338379e-01 -6.197147965431213379e-01 1.140763312578201294e-01 2.435177266597747803e-01 3.849813342094421387e-01 3.671610653400421143e-01 3.146393001079559326e-01 2.380463993176817894e-03 -2.307193279266357422e-01 2.395923584699630737e-01 4.399222135543823242e-02 3.897780552506446838e-02 3.565576374530792236e-01 1.663628220558166504e-01 -2.708713337779045105e-02 -3.917030096054077148e-01 2.623191848397254944e-02 1.560370177030563354e-01 -3.006895184516906738e-01 3.543708845973014832e-02 -4.771501123905181885e-01 -1.929341554641723633e-01 -2.888431586325168610e-02 -3.066770136356353760e-01 2.790091335773468018e-01 3.897842168807983398e-01 -2.296126037836074829e-01 -1.465885490179061890e-01 -3.026823997497558594e-01 9.071116894483566284e-02 4.500631690025329590e-01 2.502755820751190186e-01 -1.783459335565567017e-01 -5.872541069984436035e-01 8.097916096448898315e-02 -6.327582001686096191e-01 -8.891181945800781250e-01 5.660887956619262695e-01 -1.105919480323791504e-01 -1.342972815036773682e-01 -2.348167598247528076e-01 -1.363464742898941040e-01 -1.213252320885658264e-01 2.094519436359405518e-01 2.329019308090209961e-01 -4.483690857887268066e-01 5.978516489267349243e-02 -4.663733020424842834e-02 1.399930845946073532e-02 -8.928546905517578125e-01 -1.238348707556724548e-01 3.149055838584899902e-01
-6.584932208061218262e-01 -2.500443905591964722e-02 4.318412542343139648e-01 1.371827423572540283e-01 -2.011752426624298096e-01 4.074479937553405762e-01 -4.034922271966934204e-02 -4.407261908054351807e-01 -3.752444982528686523e-01 -9.105434268712997437e-02 -2.249673902988433838e-01 2.163455635309219360e-02 -3.404457867145538330e-01 -5.631406903266906738e-01 -1.207502558827400208e-01 3.459043204784393311e-01 1.813731640577316284e-01 -2.004467546939849854e-01 2.314507961273193359e-01 1.051395058631896973e+00 3.206273615360260010e-01 5.208411812782287598e-01 4.718513786792755127e-01 -1.667063087224960327e-01 -2.345774471759796143e-01 3.769011199474334717e-01 -4.182863533496856689e-01 -1.692868769168853760e-01 2.857776917517185211e-02 -2.329829521477222443e-02 3.014296293258666992e-01 4.295469224452972412e-01 -4.298018813133239746e-01 -4.124328866600990295e-02 1.367397457361221313e-01 7.146509736776351929e-02 3.338458836078643799e-01 3.842189908027648926e-01 1.784022599458694458e-01 4.988781362771987915e-02 -1.131711080670356750e-01 3.470186293125152588e-01 4.267570972442626953e-01 -5.712092518806457520e-01 -2.684958577156066895e-01 -4.016854763031005859e-01 6.818894147872924805e-01 -5.037468075752258301e-01 -4.261404573917388916e-01 -3.109175860881805420e-01 1.781519949436187744e-01 -1.804634928703308105e-01 2.642847001552581787e-01 2.848840355873107910e-01 -6.057656556367874146e-02 5.704606175422668457e-01 4.055905342102050781e-01 -5.040423944592475891e-03 -2.251120358705520630e-01 -6.709128022193908691e-01 -2.350351959466934204e-01 -4.436525702476501465e-01 2.848499119281768799e-01 -1.929010897874832153e-01
1.884269356727600098e+00 -9.536615759134292603e-02 5.097867846488952637e-01 8.841290473937988281e-01 5.540579557418823242e-01 5.487705469131469727e-01 7.163809537887573242e-01 -7.183799743652343750e-01 -7.828892469406127930e-01 4.196838010102510452e-03 -2.435802221298217773e-01 2.610971927642822266e-01 -7.121922373771667480e-01 -5.070159435272216797e-01 3.439762890338897705e-01 8.628875017166137695e-01 -1.581391245126724243e-01 -3.004408180713653564e-01 -8.918460458517074585e-02 5.461238026618957520e-01 7.098591923713684082e-01 6.798379421234130859e-01 9.700601696968078613e-01 -2.219373583793640137e-01 -6.504271030426025391e-01 1.857317388057708740e-01 -7.673614621162414551e-01 -6.325082182884216309e-01 -1.511193215847015381e-01 -3.407685756683349609e-01 8.807448744773864746e-01 3.129451721906661987e-02 -3.092117309570312500e-01 -2.737664878368377686e-01 -4.386955797672271729e-01 -1.605435132980346680e+00 5.416313409805297852e-01 -6.457454562187194824e-01 -8.739192038774490356e-02 -1.665788702666759491e-03 7.531268000602722168e-01 2.718415856361389160e-01 2.946423888206481934e-01 -3.036896586418151855e-01 5.472652912139892578e-01 -1.774458438158035278e-01 3.199603855609893799e-01 -3.633872866630554199e-01 1.454865634441375732e-01 6.701368093490600586e-01 -5.899662375450134277e-01 -2.780142724514007568e-01 7.133145332336425781e-01 5.282187461853027344e-01 3.433156907558441162e-01 4.939225614070892334e-01 -1.738527603447437286e-02 4.659091234207153320e-01 -7.571171522140502930e-01 1.783114075660705566e-01 -1.876522004604339600e-01 -1.097437620162963867e+00 -3.282469213008880615e-01 4.140710532665252686e-01
6.376186609268188477e-01 3.170114159584045410e-01 -5.820187926292419434e-02 1.030917093157768250e-01 1.451619267463684082e-01 -6.948569416999816895e-02 3.939183354377746582e-01 -1.069923520088195801e+00 -9.448940157890319824e-01 4.672743082046508789e-01 -4.183291494846343994e-01 -5.769736319780349731e-02 -3.994943797588348389e-01 -6.707569211721420288e-02 5.867500901222229004e-01 6.486088037490844727e-01 -9.312513470649719238e-01 -1.055060774087905884e-01 -2.902502119541168213e-01 8.044331073760986328e-01 -3.849156573414802551e-02 5.420156121253967285e-01 -1.659656316041946411e-01 -2.113289386034011841e-01 -1.824204623699188232e-01 -1.446367204189300537e-01 -1.329099088907241821e-01 -1.767998486757278442e-01 -5.951098799705505371e-01 1.715407818555831909e-01 5.677339434623718262e-01 -2.342202663421630859e-01 -2.581910192966461182e-01 -1.162787005305290222e-01 -6.735468506813049316e-01 -3.645331859588623047e-01 -1.300620436668395996e-01 3.677869439125061035e-01 -2.225678712129592896e-01 1.751323193311691284e-01 1.353770643472671509e-01 -2.756909430027008057e-01 2.243688702583312988e-01 -1.602469533681869507e-01 -9.801088273525238037e-02 5.037468671798706055e-01 -5.482283234596252441e-01 -7.966968417167663574e-01 -4.446386992931365967e-01 7.373598217964172363e-02 -1.368060857057571411e-01 8.537258207798004150e-02 -4.574610292911529541e-02 -6.927078366279602051e-01 5.557816028594970703e-01 4.032979011535644531e-01 9.112475672736763954e-04 -1.061527356505393982e-01 -7.710452377796173096e-02 -1.845886260271072388e-01 3.500723838806152344e-01 -7.740480899810791016e-01 7.767438292503356934e-01 9.549768567085266113e-01
8.525948524475097656e-01 -3.333852887153625488e-01 -1.636082492768764496e-02 -4.256102144718170166e-01 2.927627861499786377e-01 -3.393660485744476318e-02 -2.394063919782638550e-01 -2.858338057994842529e-01 -9.373948574066162109e-01 -1.207459941506385803e-01 -3.793168663978576660e-01 -4.842594265937805176e-01 -2.070593833923339844e-01 1.065749526023864746e-01 -9.481372684240341187e-02 5.952512025833129883e-01 6.531209945678710938e-01 -2.402652651071548462e-01 5.002712011337280273e-01 -3.850654140114784241e-02 7.950998097658157349e-02 5.647398829460144043e-01 5.556637048721313477e-01 -7.492209076881408691e-01 -3.468935191631317139e-01 2.333492338657379150e-01 1.472429335117340088e-01 -4.062643051147460938e-01 8.291087299585342407e-02 2.482304722070693970e-01 -2.539717257022857666e-01 -3.972252607345581055e-01 -8.755477070808410645e-01 1.017897203564643860e-01 1.452272664755582809e-02 -2.914722263813018799e-01 -1.246885135769844055e-01 -1.640033908188343048e-02 -3.284681737422943115e-01 1.718707680702209473e-01 -7.271040230989456177e-02 -2.451450526714324951e-01 -1.720720678567886353e-01 -4.917657077312469482e-01 6.370514631271362305e-02 -6.182761788368225098e-01 -6.495145708322525024e-02 -9.231924414634704590e-01 -7.728949785232543945e-01 2.705943584442138672e-01 1.937940120697021484e-01 -5.923460721969604492e-01 1.257512122392654419e-01 1.711617410182952881e-01 1.902224421501159668e-01 3.177556023001670837e-02 1.396620720624923706e-01 -3.135773539543151855e-01 -1.554483473300933838e-01 2.317889034748077393e-01 1.809905767440795898e-01 -3.013854846358299255e-02 -3.202612698078155518e-01 -5.627345666289329529e-02
9.060356020927429199e-01 -2.116224765777587891e-01 1.077333278954029083e-02 3.091422021389007568e-01 4.025296866893768311e-01 -6.530750989913940430e-01 1.855840235948562622e-01 -2.205148041248321533e-01 -1.451777458190917969e+00 9.408234357833862305e-01 -1.020439639687538147e-01 -1.410650610923767090e-01 -1.541073769330978394e-01 1.682654172182083130e-01 1.991691738367080688e-01 9.735526442527770996e-01 -4.109127521514892578e-01 -3.730343282222747803e-01 -9.631384611129760742e-01 4.329983592033386230e-01 1.197960153222084045e-01 9.781910181045532227e-01 1.298096925020217896e-01 -3.182340562343597412e-01 -2.126091122627258301e-01 1.103975847363471985e-01 -8.527962118387222290e-02 -3.888151049613952637e-01 1.829612851142883301e-01 -2.245422601699829102e-01 8.273150324821472168e-01 -1.443660557270050049e-01 -4.567935168743133545e-01 -1.179912909865379333e-01 -5.010064840316772461e-01 -7.282043099403381348e-01 2.465066164731979370e-01 1.370785832405090332e-01 1.089295744895935059e-01 4.566320776939392090e-01 8.138029277324676514e-02 -9.758803062140941620e-03 3.732324242591857910e-01 -7.888900041580200195e-01 2.711351513862609863e-01 5.031912326812744141e-01 4.032901525497436523e-01 7.813098281621932983e-02 -1.993476152420043945e-01 1.099321320652961731e-01 -5.687818527221679688e-01 5.827841758728027344e-01 -4.538665115833282471e-01 1.282482892274856567e-01 7.049013972282409668e-01 6.901947259902954102e-01 9.180562943220138550e-02 1.282006409019231796e-02 9.257423877716064453e-02 -3.248318433761596680e-01 7.917302250862121582e-01 -3.048131167888641357e-01 5.725096464157104492e-01 9.096710085868835449e-01
3.653076589107513428e-01 -8.355302214622497559e-01 6.498241424560546875e-01 3.373053967952728271e-01 7.306215167045593262e-01 -4.075339436531066895e-01 -2.935531316325068474e-03 -4.846380054950714111e-01 -9.493510127067565918e-01 3.588005602359771729e-01 -3.269511461257934570e-01 8.040076494216918945e-02 -1.021966218948364258e+00 6.667698621749877930e-01 -8.252726197242736816e-01 1.514954805374145508e+00 -5.387787818908691406e-01 -3.563805520534515381e-01 -3.123410046100616455e-01 1.842387951910495758e-02 3.619533181190490723e-01 3.967430293560028076e-01 6.786009669303894043e-02 -8.451564311981201172e-01 2.032248824834823608e-01 8.517227172851562500e-01 -3.788496255874633789e-01 -1.613373123109340668e-02 -1.333981901407241821e-01 -1.472021639347076416e-02 6.958429813385009766e-01 2.466654479503631592e-01 2.007680758833885193e-02 -7.918164879083633423e-02 1.691541373729705811e-01 -1.239577904343605042e-01 4.553646966814994812e-02 -2.901602387428283691e-01 -8.204942941665649414e-01 -1.198772117495536804e-01 -2.706155776977539062e-01 -5.746514797210693359e-01 -2.520547211170196533e-01 6.118429899215698242e-01 6.420603990554809570e-01 2.369485050439834595e-01 2.014256715774536133e-01 -8.044144511222839355e-01 1.754977740347385406e-02 4.467607140541076660e-01 -7.439719438552856445e-01 8.027932792901992798e-02 1.104952916502952576e-01 7.636824846267700195e-01 4.751957952976226807e-01 8.011687994003295898e-01 -3.331258296966552734e-01 -6.073091030120849609e-01 -8.255339860916137695e-01 -1.017809510231018066e-01 -3.774765729904174805e-01 -5.545315146446228027e-01 4.618864059448242188e-01 7.779229879379272461e-01
