9.433940649032592773e-01 -4.540074169635772705e-01 -4.613756239414215088e-01 1.145251035690307617e+00 1.485435068607330322e-01 -7.504498362541198730e-01 -2.612736523151397705e-01 2.503184080123901367e-01 -9.058596491813659668e-01 -8.780908584594726562e-01 -9.105279445648193359e-01 -2.180107831954956055e+00 -1.396341919898986816e-01 -2.593174874782562256e-01 1.139896392822265625e+00 8.674594759941101074e-01 -3.121406435966491699e-01 3.607264161109924316e-01 -4.281066358089447021e-01 1.070344924926757812e+00 4.965070486068725586e-01 2.551870942115783691e-01 3.909048065543174744e-02 -8.102580308914184570e-01 2.863846719264984131e-01 6.749636530876159668e-01 -2.251433432102203369e-01 -6.021784543991088867e-01 -3.689874336123466492e-02 -5.123516917228698730e-01 -1.909179836511611938e-01 -2.095974795520305634e-02 -2.276008874177932739e-01 -8.329284191131591797e-01 -4.772901833057403564e-01 -2.345363050699234009e-01 -5.309414863586425781e-01 -1.460542157292366028e-02 -9.969414472579956055e-01 3.693462908267974854e-01 -2.833042144775390625e-01 2.620658576488494873e-01 8.779131770133972168e-01 -4.704988002777099609e-01 -7.883316278457641602e-01 -1.257811188697814941e-01 8.602733016014099121e-01 -6.904089450836181641e-01 -8.308566808700561523e-01 1.621359884738922119e-01 6.895477771759033203e-01 -7.252091169357299805e-01 4.840700626373291016e-01 -1.589215993881225586e-01 -2.188909947872161865e-01 -5.377302765846252441e-01 -5.413444340229034424e-02 -5.684708952903747559e-01 -1.381462961435317993e-01 4.663763344287872314e-01 1.221783995628356934e+00 3.952776193618774414e-01 -1.626175343990325928e-01 6.232295650988817215e-03
6.125459074974060059e-01 -1.211337089538574219e+00 1.722676753997802734e-01 6.359862685203552246e-01 -1.301669925451278687e-01 -9.449663013219833374e-02 -1.760037988424301147e-01 -4.380924701690673828e-01 -5.621720552444458008e-01 -1.212267354130744934e-01 -3.733383119106292725e-01 3.929650485515594482e-01 -7.166268825531005859e-01 1.430163979530334473e-01 5.556751489639282227e-01 3.801841437816619873e-01 1.490308493375778198e-01 -5.251139998435974121e-01 -8.563490211963653564e-02 -1.163019314408302307e-01 -4.935311079025268555e-01 -2.840859889984130859e-01 5.411348938941955566e-01 -5.846045017242431641e-01 9.853032976388931274e-02 2.974834442138671875e-01 3.491790592670440674e-02 3.098399378359317780e-02 -1.627539396286010742e-01 1.757189035415649414e-01 -5.365511178970336914e-01 -3.317944705486297607e-01 3.543090224266052246e-01 -4.443707466125488281e-01 -4.957902133464813232e-01 -4.595771133899688721e-01 6.852982915006577969e-05 -5.552985072135925293e-01 -1.197502166032791138e-01 -4.155655205249786377e-01 -9.957334399223327637e-02 5.859352946281433105e-01 7.658928632736206055e-02 -7.782716155052185059e-01 3.378453850746154785e-02 -1.237425431609153748e-01 2.686582803726196289e-01 -3.610271811485290527e-01 -3.636236786842346191e-01 2.858915925025939941e-01 8.645304292440414429e-02 -1.398253738880157471e-01 1.518736332654953003e-01 -1.213735193014144897e-01 6.987230181694030762e-01 2.324075698852539062e-01 1.423998475074768066e-01 -4.555629193782806396e-01 -8.546112477779388428e-02 -7.905995100736618042e-02 -1.424358636140823364e-01 3.479910194873809814e-01 -1.956592649221420288e-01 6.902154088020324707e-01
8.328705430030822754e-01 6.655066460371017456e-02 4.780095517635345459e-01 1.047060847282409668e+00 -7.640774250030517578e-01 4.503706097602844238e-01 5.301746726036071777e-01 -6.855321675539016724e-02 2.512439489364624023e-01 -3.568286001682281494e-01 1.630984842777252197e-01 -7.460954189300537109e-01 -7.796244025230407715e-01 -2.282671332359313965e-01 3.161515593528747559e-01 1.395050287246704102e+00 -5.358175039291381836e-01 -2.755255997180938721e-01 -4.167322218418121338e-01 5.815078020095825195e-01 5.714914202690124512e-01 6.681814193725585938e-01 1.178856730461120605e+00 -1.017262190580368042e-01 6.200518012046813965e-01 3.854863941669464111e-01 3.869752585887908936e-01 7.355499267578125000e-02 3.804008960723876953e-01 -1.072314023971557617e+00 1.514317244291305542e-01 -8.347877860069274902e-02 -2.003601640462875366e-01 -4.769532084465026855e-01 -6.040579080581665039e-01 3.002782762050628662e-01 2.006048560142517090e-01 5.199161171913146973e-01 5.767652988433837891e-01 -3.168466389179229736e-01 -7.402391433715820312e-01 2.563563883304595947e-01 2.703925073146820068e-01 -3.846263885498046875e-02 9.496775269508361816e-02 -9.278471767902374268e-02 3.305521309375762939e-01 -2.850422859191894531e-01 -5.921493768692016602e-01 -6.180400252342224121e-01 5.404480099678039551e-01 5.535034835338592529e-02 2.466642707586288452e-01 9.747608900070190430e-01 -4.309448003768920898e-01 -1.742080003023147583e-01 1.904529333114624023e-01 1.481255888938903809e-01 -7.947279214859008789e-01 -3.310035169124603271e-01 -1.150853186845779419e-01 7.190725207328796387e-01 2.162511646747589111e-02 7.567015290260314941e-01
6.404875516891479492e-01 -7.539209723472595215e-01 8.600244522094726562e-01 1.145845532417297363e+00 -5.375106334686279297e-01 -3.978827893733978271e-01 1.128067612648010254e+00 -9.053831100463867188e-01 -4.565950930118560791e-01 2.595785260200500488e-01 -1.007178306579589844e+00 -2.029225826263427734e+00 2.561482489109039307e-01 -8.172277808189392090e-01 6.443170309066772461e-01 1.086488127708435059e+00 -1.035825014114379883e+00 -7.892926931381225586e-01 -4.463608860969543457e-01 2.461966499686241150e-02 5.014718770980834961e-01 1.629652261734008789e+00 8.920588493347167969e-01 -1.078351855278015137e+00 -1.720935851335525513e-01 -7.626007497310638428e-02 4.461050927639007568e-01 -6.823429465293884277e-01 -8.289914727210998535e-01 -3.900632560253143311e-01 2.951786294579505920e-02 -1.478751003742218018e-01 1.110742568969726562e+00 -2.576027810573577881e-01 -8.108389377593994141e-02 6.064869165420532227e-01 -5.502638816833496094e-01 9.645828604698181152e-01 -2.657440006732940674e-01 2.791159152984619141e-01 -3.860607445240020752e-01 1.160566806793212891e+00 9.117025136947631836e-01 -8.741955757141113281e-01 4.490655660629272461e-02 -2.683486342430114746e-01 9.673610329627990723e-01 5.442179441452026367e-01 1.688868850469589233e-01 1.988675743341445923e-01 7.272545099258422852e-01 4.993687272071838379e-01 1.697082668542861938e-01 2.032441377639770508e+00 3.398940861225128174e-01 3.199495673179626465e-01 -8.771824240684509277e-01 -3.368609547615051270e-01 -3.539008796215057373e-01 -9.797530770301818848e-01 -3.811075687408447266e-01 2.151850163936614990e-01 -1.129378080368041992e+00 -1.807955093681812286e-02
9.260230660438537598e-01 5.837696790695190430e-01 8.154865503311157227e-01 7.159529626369476318e-02 6.397653371095657349e-02 -7.852651178836822510e-02 3.249009847640991211e-01 6.011451408267021179e-02 2.495537400245666504e-01 -8.489941954612731934e-01 3.483837842941284180e-01 -1.780351519584655762e+00 -2.039006948471069336e-01 4.477008804678916931e-02 2.479338347911834717e-01 8.024551272392272949e-01 -8.700281977653503418e-01 -1.865404844284057617e-01 -8.858225308358669281e-03 1.110343813896179199e+00 -2.834650501608848572e-02 3.695754408836364746e-01 5.995970964431762695e-01 -6.457038521766662598e-01 4.704527854919433594e-01 5.350422263145446777e-01 -3.415330052375793457e-01 -4.371522068977355957e-01 -5.954980850219726562e-02 -5.850928425788879395e-01 1.322962492704391479e-01 8.161792904138565063e-02 4.508017301559448242e-01 -6.177807450294494629e-01 2.648334503173828125e-01 -3.302593827247619629e-01 1.501053571701049805e-01 -4.185903072357177734e-01 -9.308232665061950684e-01 4.282699227333068848e-01 -3.975975811481475830e-01 1.815204471349716187e-01 3.075444996356964111e-01 -2.391187250614166260e-01 -6.517047286033630371e-01 -7.751859724521636963e-02 -6.871279329061508179e-03 -7.220630533993244171e-03 2.636376321315765381e-01 -8.289327025413513184e-01 2.944299578666687012e-01 -5.384625792503356934e-01 8.904876112937927246e-01 8.512474298477172852e-01 1.011561989784240723e+00 5.343660712242126465e-01 3.497218713164329529e-02 -2.954544425010681152e-01 -4.594235420227050781e-01 6.584705114364624023e-01 -1.678844243288040161e-01 9.010984301567077637e-01 -2.344302237033843994e-01 4.368102252483367920e-01
7.916431128978729248e-02 -4.236146211624145508e-01 4.013915657997131348e-01 2.332023084163665771e-01 -1.778440922498703003e-01 -8.029324412345886230e-01 6.217515468597412109e-01 7.872615009546279907e-02 -7.149132490158081055e-01 -7.941507101058959961e-01 -1.896381080150604248e-01 -5.840786695480346680e-01 -4.083932936191558838e-01 2.858766913414001465e-02 3.201746046543121338e-01 5.911133885383605957e-01 -4.263578057289123535e-01 -1.293739080429077148e-01 -6.492741107940673828e-01 -4.567393660545349121e-01 2.309333235025405884e-01 4.546843841671943665e-02 3.813963830471038818e-01 -5.355079770088195801e-01 8.374564349651336670e-02 -4.598971828818321228e-02 -9.900727123022079468e-02 -1.719089001417160034e-01 4.268213808536529541e-01 9.115777164697647095e-02 -2.613123059272766113e-01 5.303137376904487610e-02 -1.909261792898178101e-01 1.916500627994537354e-01 -5.003440976142883301e-01 -4.191091358661651611e-01 -6.479247212409973145e-01 9.146358072757720947e-02 1.308188140392303467e-01 1.540433801710605621e-02 2.142824977636337280e-01 9.005796313285827637e-01 -4.148025512695312500e-01 -1.016318917274475098e+00 8.939184993505477905e-02 -5.895922705531120300e-02 4.195515215396881104e-01 4.909354746341705322e-01 2.136848717927932739e-01 -2.109858840703964233e-01 -8.925665915012359619e-02 -1.839389204978942871e-01 6.735592335462570190e-02 -5.364033579826354980e-01 3.662804961204528809e-01 2.982894182205200195e-01 5.175741910934448242e-01 -1.412736773490905762e-01 -8.522250652313232422e-01 -2.206155210733413696e-01 -6.836239099502563477e-01 5.554932951927185059e-01 -2.411886900663375854e-01 3.071882724761962891e-01
1.130417823791503906e+00 2.208399474620819092e-01 9.593021869659423828e-02 1.237064003944396973e+00 -2.842014431953430176e-01 -1.985649615526199341e-01 2.444136589765548706e-01 -1.022003293037414551e-01 -1.280498743057250977e+00 -8.529810309410095215e-01 -8.562072180211544037e-03 -1.237084150314331055e+00 -2.335511595010757446e-01 -6.910774111747741699e-01 1.074661493301391602e+00 5.293485522270202637e-01 -4.827981889247894287e-01 9.681358933448791504e-01 3.509542346000671387e-01 5.830135941505432129e-01 9.882817044854164124e-03 6.044276952743530273e-01 1.153290987014770508e+00 2.135730981826782227e-01 -4.591021686792373657e-02 9.979717135429382324e-01 7.128913402557373047e-01 -1.206948280334472656e+00 8.946752548217773438e-01 -2.691016495227813721e-01 9.312886744737625122e-02 2.153799831867218018e-01 9.230117201805114746e-01 -6.520057916641235352e-01 3.376224935054779053e-01 -8.471481204032897949e-01 2.609753794968128204e-02 6.971505880355834961e-01 -7.951474189758300781e-02 8.573650121688842773e-01 1.353827714920043945e-01 8.372005224227905273e-01 9.911309480667114258e-01 -8.747973442077636719e-01 -7.332035340368747711e-03 -8.633710741996765137e-01 3.804567754268646240e-01 9.700660109519958496e-01 -8.103740215301513672e-01 6.960955262184143066e-02 -1.146373003721237183e-01 -4.942851364612579346e-01 9.881539344787597656e-01 9.203539490699768066e-01 6.762620210647583008e-01 9.560413658618927002e-02 2.602514028549194336e-01 -6.888772249221801758e-01 -3.827548623085021973e-01 5.548298954963684082e-01 -6.186923012137413025e-02 9.419241547584533691e-01 -5.547001957893371582e-01 -1.930636819452047348e-03
6.004525423049926758e-01 -2.025975286960601807e-01 -2.924748361110687256e-01 -1.649267785251140594e-02 -2.448513954877853394e-01 -3.480967879295349121e-01 4.398465454578399658e-01 -1.296799033880233765e-01 -2.883369624614715576e-01 -1.117854844778776169e-02 -1.350519508123397827e-01 -5.354614257812500000e-01 -5.128115415573120117e-01 -4.391499161720275879e-01 -2.196115702390670776e-01 6.250948309898376465e-01 2.742400467395782471e-01 -5.908428430557250977e-01 -4.124427437782287598e-01 -1.163817197084426880e-02 -2.497418820858001709e-01 3.774097561836242676e-01 2.044224366545677185e-02 -5.883608013391494751e-02 -1.023225858807563782e-01 -2.967661023139953613e-01 1.599708572030067444e-02 2.921939790248870850e-01 2.941937744617462158e-01 -2.142063379287719727e-01 9.925799816846847534e-02 2.925526499748229980e-01 -8.951762914657592773e-01 -3.151832520961761475e-01 -5.842550992965698242e-01 -3.547189533710479736e-01 9.581824392080307007e-02 6.501023769378662109e-01 -4.035223126411437988e-01 -6.420880556106567383e-01 5.425564050674438477e-01 2.734721004962921143e-01 6.465372443199157715e-01 -8.310370147228240967e-02 -2.597424685955047607e-01 -1.066751480102539062e+00 9.487835317850112915e-02 -1.068723499774932861e-01 1.598517298698425293e-01 7.084119319915771484e-02 -2.880532145500183105e-01 -4.562470912933349609e-01 6.521055698394775391e-01 1.400540024042129517e-01 1.460467875003814697e-01 -2.999856770038604736e-01 -4.285560455173254013e-03 -4.731879532337188721e-01 -6.781231164932250977e-01 1.130207926034927368e-01 -2.049943953752517700e-01 -4.074648022651672363e-01 -5.311347246170043945e-01 -1.813358068466186523e-01
7.133170366287231445e-01 -5.763799548149108887e-01 -2.348098456859588623e-01 3.327279984951019287e-01 -2.466104328632354736e-01 -3.944168686866760254e-01 5.583406686782836914e-01 -1.946749687194824219e-01 -1.384560316801071167e-01 1.263994374312460423e-03 -5.912206768989562988e-01 -3.356628119945526123e-01 -2.760236859321594238e-01 -9.064628742635250092e-03 2.433783560991287231e-01 4.391645491123199463e-01 -3.796700239181518555e-01 -5.252693891525268555e-01 -6.539511084556579590e-01 2.177798002958297729e-01 -1.082692861557006836e+00 5.156995058059692383e-01 1.330510973930358887e+00 -3.841944336891174316e-01 -4.483506083488464355e-01 9.588488936424255371e-02 7.799955457448959351e-02 3.324451744556427002e-01 1.975674331188201904e-01 -1.312970638275146484e+00 -1.850006729364395142e-01 -6.380273103713989258e-01 5.060645285993814468e-03 4.022666811943054199e-01 -2.341203205287456512e-02 -5.912397522479295731e-03 -1.045222163200378418e+00 -2.153831124305725098e-01 -2.472073584794998169e-01 -3.724436163902282715e-01 -1.375742852687835693e-01 1.525106281042098999e-01 5.800237655639648438e-01 -5.721366405487060547e-02 1.125721484422683716e-01 -3.838012516498565674e-01 8.451434969902038574e-02 -4.892603754997253418e-01 4.459955096244812012e-01 2.801057100296020508e-01 -2.051046304404735565e-02 -2.138700634241104126e-01 3.780831396579742432e-01 -2.436638027429580688e-01 3.024270236492156982e-01 3.587865829467773438e-02 -2.004453539848327637e-01 -5.757129788398742676e-01 -3.720281273126602173e-02 4.829108417034149170e-01 1.956083029508590698e-01 -2.353580296039581299e-01 1.914829164743423462e-01 2.412581741809844971e-01
1.448031187057495117e+00 -2.764536738395690918e-01 -5.418003201484680176e-01 9.696401953697204590e-01 -8.026217818260192871e-01 3.015593588352203369e-01 2.619075179100036621e-01 2.701862454414367676e-01 -1.071138620376586914e+00 -6.699329614639282227e-01 -4.815995693206787109e-02 -2.063062667846679688e+00 -1.122998714447021484e+00 -7.314593344926834106e-02 8.747427463531494141e-01 2.660390436649322510e-01 -7.036278843879699707e-01 4.569295048713684082e-01 -9.360175728797912598e-01 3.123123943805694580e-01 -2.403301447629928589e-01 1.193877935409545898e+00 -1.336906403303146362e-01 -1.421951889991760254e+00 2.390091121196746826e-01 4.080265760421752930e-01 -1.100641861557960510e-01 -2.235620319843292236e-01 7.051159143447875977e-01 -1.610959053039550781e+00 1.154533147811889648e+00 -1.504952926188707352e-02 -4.496090114116668701e-01 -4.284245967864990234e-01 -9.442522525787353516e-01 4.198746383190155029e-01 2.235416471958160400e-01 9.608512520790100098e-01 3.724641203880310059e-01 -2.438253611326217651e-01 -4.822896122932434082e-01 5.467923283576965332e-01 -5.778874754905700684e-01 8.814626187086105347e-02 -1.343775868415832520e+00 -7.829521298408508301e-01 1.015464663505554199e+00 2.767980992794036865e-01 -1.028478741645812988e+00 -6.491523385047912598e-01 3.346975147724151611e-01 -4.002104997634887695e-01 -8.235772848129272461e-01 4.247516095638275146e-01 1.146955728530883789e+00 -1.713623404502868652e-01 8.078083395957946777e-02 -7.481312751770019531e-01 1.862781308591365814e-02 6.868524551391601562e-01 5.353929102420806885e-02 1.202754855155944824e+00 4.150118231773376465e-01 1.073659539222717285e+00
9.428328275680541992e-01 -1.082326173782348633e+00 3.466233909130096436e-01 1.649207770824432373e-01 -1.089684724807739258e+00 -1.149327158927917480e+00 1.517072558403015137e+00 2.336647212505340576e-01 -8.644454479217529297e-01 -4.808977246284484863e-01 -2.660700380802154541e-01 -1.106441855430603027e+00 -8.202003836631774902e-01 -2.019547969102859497e-01 6.368649005889892578e-01 1.210732385516166687e-02 -3.049018979072570801e-01 -2.628294229507446289e-01 9.099780768156051636e-02 2.076235771179199219e+00 5.089257359504699707e-01 3.899406790733337402e-01 4.351096749305725098e-01 -8.348556160926818848e-01 -1.097170829772949219e+00 -4.172306135296821594e-02 -2.768862843513488770e-01 -1.057480454444885254e+00 -1.180871427059173584e-01 -7.420606017112731934e-01 1.857789754867553711e+00 -1.040476094931364059e-02 4.751492142677307129e-01 2.527353763580322266e-01 -1.663830131292343140e-01 -1.233283042907714844e+00 5.326192975044250488e-01 -4.200753271579742432e-01 -4.482349753379821777e-01 3.742710947990417480e-01 -2.982873916625976562e-01 4.650068581104278564e-01 3.782429099082946777e-01 -1.354188770055770874e-01 4.681030213832855225e-01 -1.228949129581451416e-01 8.268191814422607422e-01 -1.128446608781814575e-01 -7.776426076889038086e-01 -2.825772166252136230e-01 5.018556714057922363e-01 2.301784045994281769e-02 7.924973964691162109e-01 1.841301083564758301e+00 1.064115166664123535e+00 1.319775637239217758e-02 -6.051257252693176270e-02 -1.669674158096313477e+00 -3.567871451377868652e-01 1.342125684022903442e-01 -4.471097588539123535e-01 7.915152311325073242e-01 -8.044111132621765137e-01 -1.707512587308883667e-01
7.843955159187316895e-01 -3.821376264095306396e-01 7.864810824394226074e-01 1.151744946837425232e-01 3.676035106182098389e-01 4.707775712013244629e-01 6.726722717285156250e-01 -6.100019812583923340e-01 -5.570298433303833008e-01 -4.312397539615631104e-01 -5.035696029663085938e-01 -1.108963727951049805e+00 -1.065972566604614258e+00 -6.738549470901489258e-01 2.398576959967613220e-02 8.634544014930725098e-01 -1.780587583780288696e-01 -1.993175595998764038e-02 -9.852469898760318756e-03 4.546073377132415771e-01 4.941851198673248291e-01 8.604792356491088867e-01 5.705498456954956055e-01 -3.356474637985229492e-01 1.254361718893051147e-01 1.354026794433593750e-01 4.298619329929351807e-01 -3.955077528953552246e-01 -2.978334426879882812e-01 -7.519258260726928711e-01 -2.385364472866058350e-02 -3.518207371234893799e-01 -2.289628237485885620e-01 -5.134092569351196289e-01 -1.912662088871002197e-01 -7.307651638984680176e-01 -7.972855567932128906e-01 6.464204192161560059e-01 -2.451198399066925049e-01 1.300360262393951416e-01 -2.393077760934829712e-01 1.148928105831146240e-01 -6.768139004707336426e-01 -5.230692401528358459e-02 3.856931030750274658e-01 -4.543332159519195557e-01 5.457053780555725098e-01 9.599813818931579590e-02 -8.804413080215454102e-01 6.171112060546875000e-01 -1.229378432035446167e-01 -4.348742961883544922e-01 8.917887210845947266e-01 7.299318313598632812e-01 8.473533391952514648e-02 -3.366551101207733154e-01 2.538555562496185303e-01 1.732371747493743896e-01 -1.254671066999435425e-01 -5.933243781328201294e-02 5.057505965232849121e-01 -1.163753122091293335e-02 6.742375493049621582e-01 -4.900043085217475891e-02
1.878743171691894531e-01 -3.116357922554016113e-01 2.032386362552642822e-01 3.702436685562133789e-01 3.376083448529243469e-03 3.435981571674346924e-01 1.072439029812812805e-01 -2.188062071800231934e-01 6.758944392204284668e-01 -4.922070801258087158e-01 -5.977473855018615723e-01 -1.054426431655883789e+00 -3.368874788284301758e-01 2.958891689777374268e-01 1.991956979036331177e-01 6.051496863365173340e-01 -5.871109962463378906e-01 5.031900405883789062e-01 -4.559910893440246582e-01 5.565494298934936523e-01 -5.199061632156372070e-01 7.349129915237426758e-01 1.010555148124694824e+00 -5.921301841735839844e-01 7.515074312686920166e-02 2.636251747608184814e-01 4.278964698314666748e-01 -1.043269872665405273e+00 5.892810225486755371e-01 -8.260930180549621582e-01 -3.390801548957824707e-01 -7.465783953666687012e-01 3.012354485690593719e-02 -5.918198078870773315e-02 -7.900372892618179321e-02 -1.233803704380989075e-01 -5.200106501579284668e-01 7.220450043678283691e-02 -6.610830426216125488e-01 1.407649219036102295e-01 -7.505908608436584473e-01 3.638569116592407227e-01 1.818835437297821045e-01 -1.208765983581542969e+00 -1.110504046082496643e-01 -8.630048632621765137e-01 -1.835315674543380737e-02 -3.293830752372741699e-01 8.400915861129760742e-01 -4.720042347908020020e-01 -5.217532515525817871e-01 -2.356989867985248566e-02 7.819766998291015625e-01 1.490723937749862671e-01 2.013228237628936768e-01 6.194986701011657715e-01 -2.518902719020843506e-01 -2.338701337575912476e-01 -1.639198511838912964e-01 -1.792855858802795410e-01 2.434596866369247437e-01 4.444200396537780762e-01 1.321284472942352295e-01 9.235652163624763489e-03
1.111777871847152710e-01 -2.350068688392639160e-01 -3.792164847254753113e-02 -2.244452200829982758e-02 -3.856381401419639587e-02 -3.796445727348327637e-01 5.483590364456176758e-01 -3.868099451065063477e-01 -7.487211823463439941e-01 4.144222661852836609e-02 -9.010583162307739258e-02 1.956133097410202026e-01 -7.795217633247375488e-01 2.972109317779541016e-01 4.543604552745819092e-01 6.297639608383178711e-01 -1.640234291553497314e-01 -6.889784336090087891e-01 -4.294189810752868652e-01 8.405267596244812012e-01 1.843356490135192871e-01 5.591704845428466797e-01 7.863656878471374512e-01 -1.066691800951957703e-01 -4.362593870609998703e-03 -2.244615107774734497e-01 -3.723666965961456299e-01 4.362368956208229065e-02 -5.202857777476310730e-02 -5.040250420570373535e-01 -1.046699956059455872e-01 -6.508433222770690918e-01 5.822728276252746582e-01 -8.136618137359619141e-01 -8.883778937160968781e-03 -9.996916353702545166e-02 -3.679564595222473145e-01 1.856445521116256714e-02 4.708783626556396484e-01 1.017801612615585327e-01 3.562904894351959229e-02 -1.970207691192626953e-01 -3.510783659294247627e-03 -8.572742938995361328e-01 -4.878124892711639404e-01 2.086349874734878540e-01 4.779467284679412842e-01 -6.111090779304504395e-01 1.460810154676437378e-01 -1.669118702411651611e-01 -3.199847936630249023e-01 -4.097810685634613037e-01 2.532727420330047607e-01 -2.797672748565673828e-01 1.009852409362792969e+00 -8.251154795289039612e-03 -2.550894916057586670e-01 -8.518902659416198730e-01 -1.063757538795471191e-01 -1.226995289325714111e-01 1.302557885646820068e-01 2.166418731212615967e-01 -5.167912840843200684e-01 7.826049923896789551e-01
5.940563082695007324e-01 -3.699676096439361572e-01 7.822907567024230957e-01 -1.076617389917373657e-01 -3.732490837574005127e-01 -2.628142237663269043e-01 -1.426807022653520107e-03 9.334396570920944214e-02 -7.569558620452880859e-01 -4.705289378762245178e-02 -1.374678760766983032e-01 -9.352864325046539307e-02 -1.890974305570125580e-02 -3.669094443321228027e-01 3.590906560420989990e-01 2.461633980274200439e-01 -3.656917810440063477e-01 -4.262486398220062256e-01 -3.440985083580017090e-01 1.550105810165405273e-01 4.104005694389343262e-01 1.175120398402214050e-01 4.368780180811882019e-02 -6.066088080406188965e-01 -1.154750362038612366e-01 1.289294064044952393e-01 -1.723535209894180298e-01 -1.915358304977416992e-01 4.852646887302398682e-01 8.269801735877990723e-02 -3.280207514762878418e-01 -2.206785827875137329e-01 3.160519897937774658e-02 6.019024252891540527e-01 -1.707882285118103027e-01 -3.885135650634765625e-01 -9.836619347333908081e-02 -1.286986768245697021e-01 1.261857151985168457e-01 -7.801952213048934937e-02 4.241145551204681396e-01 5.338602662086486816e-01 -3.640984296798706055e-01 -1.011236190795898438e+00 3.882130682468414307e-01 -3.815079927444458008e-01 2.979908585548400879e-01 -3.336029052734375000e-01 3.914930522441864014e-01 3.721397742629051208e-02 4.432918131351470947e-02 -3.883614838123321533e-01 -2.960332334041595459e-01 -5.411992669105529785e-01 2.877725958824157715e-01 -1.472898423671722412e-01 -6.828518211841583252e-02 -3.356793522834777832e-01 -4.079262018203735352e-01 -5.149265527725219727e-01 -5.825444459915161133e-01 4.109051525592803955e-01 -2.100886106491088867e-01 1.445502489805221558e-01
6.830075383186340332e-01 -3.933952450752258301e-01 2.773107588291168213e-01 -4.916770756244659424e-01 -5.242597460746765137e-01 1.727571338415145874e-01 6.550946831703186035e-01 5.887436121702194214e-02 -1.411734580993652344e+00 -8.210160136222839355e-01 -1.855002939701080322e-01 -9.728747010231018066e-01 -5.909476280212402344e-01 -1.180733323097229004e+00 2.131420522928237915e-01 7.224273085594177246e-01 -8.671324253082275391e-01 -8.439236879348754883e-01 -3.239821195602416992e-01 2.229764163494110107e-01 4.195188358426094055e-02 6.614118814468383789e-01 8.348018527030944824e-01 -1.034280180931091309e+00 2.009636908769607544e-01 5.050011277198791504e-01 7.336592078208923340e-01 -7.131416201591491699e-01 4.938501864671707153e-02 3.247555717825889587e-02 2.629759311676025391e-01 6.556369662284851074e-01 -1.755392700433731079e-01 1.788794994354248047e-01 -2.258208096027374268e-01 -1.465345267206430435e-02 2.860092818737030029e-01 -1.367680549621582031e+00 5.480067133903503418e-01 -4.695707261562347412e-01 1.826656460762023926e-01 4.744569584727287292e-02 7.045927047729492188e-01 -5.973053574562072754e-01 -4.968865215778350830e-01 -1.491053551435470581e-01 6.287140399217605591e-02 -2.111060768365859985e-01 2.904142439365386963e-01 -3.581712543964385986e-01 -6.849518418312072754e-02 4.056391865015029907e-02 -6.292530894279479980e-02 2.329638004302978516e-01 6.001780554652214050e-02 -4.049704372882843018e-01 -9.259539246559143066e-01 -1.000578284263610840e+00 -5.663785338401794434e-01 -1.130064353346824646e-01 -2.255169451236724854e-01 1.050212979316711426e+00 2.458485215902328491e-02 5.483575463294982910e-01
4.506699740886688232e-01 -3.740806579589843750e-01 7.664555311203002930e-02 2.794432640075683594e-01 -7.149872183799743652e-01 -2.932551503181457520e-02 1.544042080640792847e-01 -1.188422068953514099e-01 -7.977867871522903442e-02 -2.209644168615341187e-01 -7.184585183858871460e-02 -4.960901737213134766e-01 -6.699512004852294922e-01 -2.994394898414611816e-01 -1.544559746980667114e-01 6.498665809631347656e-01 6.445643305778503418e-01 -6.138346195220947266e-01 2.212596498429775238e-02 3.033267259597778320e-01 6.082531809806823730e-01 3.297919034957885742e-01 5.525953173637390137e-01 1.008794233202934265e-01 4.857091307640075684e-01 3.654651045799255371e-01 -6.909347325563430786e-02 -5.138552188873291016e-01 3.460986167192459106e-02 -8.080188632011413574e-01 2.674494683742523193e-01 -1.513253897428512573e-01 -7.521870732307434082e-01 -3.671958744525909424e-01 -2.142335921525955200e-01 1.291222125291824341e-01 -3.157712221145629883e-01 4.386690557003021240e-01 2.533494532108306885e-01 -8.083189725875854492e-01 -1.108962595462799072e-01 2.656268775463104248e-01 6.208640336990356445e-01 -3.455043733119964600e-01 1.352757029235363007e-02 -4.349678754806518555e-01 1.754542887210845947e-01 -1.206842213869094849e-01 -1.474375426769256592e-01 1.298033446073532104e-01 2.128675132989883423e-01 -5.961323380470275879e-01 2.014843821525573730e-01 6.823611855506896973e-01 2.217987477779388428e-01 -6.741367578506469727e-01 -3.063369691371917725e-01 2.161467373371124268e-01 2.685201540589332581e-02 2.014830708503723145e-01 -5.382934808731079102e-01 4.284662753343582153e-02 -8.752489089965820312e-01 -2.033573985099792480e-01
3.623420298099517822e-01 4.680631682276725769e-02 9.646948426961898804e-02 -1.773635447025299072e-01 -5.768873691558837891e-01 -2.565576434135437012e-01 1.223379224538803101e-01 -3.476326167583465576e-01 -2.980395965278148651e-02 -2.165304273366928101e-01 -4.780970141291618347e-02 -5.181350111961364746e-01 -3.937648534774780273e-01 -3.495401144027709961e-01 -4.008455872535705566e-01 1.231938362121582031e+00 6.495324969291687012e-01 1.368562877178192139e-01 -6.557859480381011963e-02 2.017527371644973755e-01 5.887111648917198181e-02 5.838102698326110840e-01 1.564103364944458008e-01 -6.832953542470932007e-02 7.489516586065292358e-02 9.116966724395751953e-01 -3.721510469913482666e-01 -6.472463607788085938e-01 1.070498228073120117e-01 -1.216436743736267090e+00 -7.516242563724517822e-02 -7.125117182731628418e-01 -5.528615117073059082e-01 2.828002572059631348e-01 6.257009506225585938e-02 -3.372878432273864746e-01 -1.915042847394943237e-01 1.690444499254226685e-01 -8.060944080352783203e-02 -7.549157738685607910e-01 -1.703025102615356445e-01 5.477532148361206055e-01 9.573600292205810547e-01 -3.743577301502227783e-01 -1.129760146141052246e-01 -1.083318814635276794e-01 5.845659971237182617e-01 2.347858436405658722e-02 -9.840016812086105347e-02 3.665131330490112305e-01 2.556118965148925781e-01 -4.580836892127990723e-01 -1.445936132222414017e-02 5.378894805908203125e-01 3.033935427665710449e-01 -9.468231350183486938e-02 5.210695266723632812e-01 -3.500456213951110840e-01 9.873889386653900146e-02 1.692221313714981079e-01 -2.812209129333496094e-01 3.844005763530731201e-01 -5.508128404617309570e-01 -5.066151618957519531e-01
2.164859175682067871e-01 -1.799197047948837280e-01 2.978527247905731201e-01 -6.163263693451881409e-02 -2.183810770511627197e-01 3.882040977478027344e-01 9.599324315786361694e-02 -3.661963641643524170e-01 1.772129088640213013e-01 -3.872507214546203613e-01 -5.103014707565307617e-01 -6.006662249565124512e-01 -8.965478539466857910e-01 -2.596575319766998291e-01 -4.623812735080718994e-01 9.758037924766540527e-01 2.017971277236938477e-01 -2.851407825946807861e-01 -2.120019169524312019e-03 1.712099909782409668e-01 3.342300355434417725e-01 2.148798406124114990e-01 3.398925960063934326e-01 -3.215291202068328857e-01 -6.934761404991149902e-01 -8.447467535734176636e-02 -7.565238326787948608e-02 -5.025103688240051270e-01 3.669738471508026123e-01 -6.889283061027526855e-01 3.686280846595764160e-01 -4.193645417690277100e-01 -1.347950547933578491e-01 -2.591096162796020508e-01 -1.171148493885993958e-01 4.583919420838356018e-02 -4.326591193675994873e-01 5.246216058731079102e-01 1.834097504615783691e-02 -2.921881973743438721e-01 -8.356949687004089355e-02 2.596219182014465332e-01 -1.046126112341880798e-01 -6.209913492202758789e-01 4.509395658969879150e-01 -4.956675171852111816e-01 1.454646289348602295e-01 -3.771502077579498291e-01 -1.429943442344665527e-01 7.628549933433532715e-01 -3.990874886512756348e-01 -4.543757438659667969e-01 5.333474278450012207e-01 3.287556767463684082e-01 5.524156093597412109e-01 8.735343813896179199e-02 2.588401138782501221e-01 6.613350659608840942e-02 -7.407718896865844727e-02 -2.748598754405975342e-01 1.232033222913742065e-01 -4.664144217967987061e-01 5.134029388427734375e-01 -8.652778714895248413e-02
5.774201154708862305e-01 -3.741908371448516846e-01 -1.247689127922058105e-01 3.785391747951507568e-01 -1.472118794918060303e-01 -2.865847945213317871e-01 7.069210708141326904e-02 -7.394775748252868652e-02 1.474816650152206421e-01 1.693031489849090576e-01 9.266868233680725098e-02 -1.084666967391967773e+00 -1.224192976951599121e+00 1.769516170024871826e-01 -1.197502732276916504e+00 1.150811433792114258e+00 -8.472375869750976562e-01 1.125671789050102234e-01 -9.601042419672012329e-02 1.294570863246917725e-01 3.150080740451812744e-01 -3.843348845839500427e-02 4.495746493339538574e-01 -6.811922192573547363e-01 -4.302887320518493652e-01 4.929902851581573486e-01 -4.378406330943107605e-02 5.067947506904602051e-02 3.845834732055664062e-01 -3.778019249439239502e-01 6.691927909851074219e-01 -1.052654623985290527e+00 -6.331683993339538574e-01 -4.893300533294677734e-01 -1.236910969018936157e-01 7.547990083694458008e-01 -2.468540519475936890e-01 5.863919854164123535e-01 -3.164085745811462402e-01 -2.344979643821716309e-01 -3.963673412799835205e-01 -2.039926648139953613e-01 -5.291328206658363342e-02 -3.171629309654235840e-01 3.340754210948944092e-01 -7.068653702735900879e-01 -1.300559490919113159e-01 1.583085358142852783e-01 -7.360261678695678711e-01 2.878330945968627930e-01 -6.672629714012145996e-01 -1.213275194168090820e+00 -4.281714931130409241e-02 1.443123966455459595e-01 6.684449911117553711e-01 2.322946935892105103e-01 -4.734840393066406250e-01 3.515507793053984642e-03 -2.882874011993408203e-01 1.681935787200927734e-01 1.383664160966873169e-01 4.309766292572021484e-01 -2.663840353488922119e-01 2.933563590049743652e-01
1.090804859995841980e-01 -3.315772116184234619e-01 3.621631264686584473e-01 -1.967805922031402588e-01 -2.571008801460266113e-01 -9.778040647506713867e-01 8.972774446010589600e-02 -4.613538682460784912e-01 -3.392041027545928955e-01 -6.471611559391021729e-02 7.968933135271072388e-02 -3.348334729671478271e-01 -4.889596998691558838e-01 -5.466184020042419434e-01 1.043329760432243347e-01 5.759178400039672852e-01 -4.128625690937042236e-01 -4.182883203029632568e-01 4.630772173404693604e-01 -3.490043878555297852e-01 1.129424646496772766e-01 2.273178994655609131e-01 2.963458653539419174e-03 -6.355932354927062988e-01 -1.787435859441757202e-01 -4.668040946125984192e-02 -8.069154806435108185e-03 -5.307383537292480469e-01 3.097825944423675537e-01 1.426909565925598145e-01 5.132662653923034668e-01 3.319886624813079834e-01 -1.645265817642211914e-01 -1.573585718870162964e-01 -5.438679456710815430e-01 -7.335412502288818359e-01 -1.679503917694091797e-01 -7.092573493719100952e-02 1.348396092653274536e-01 -4.123197793960571289e-01 1.999627947807312012e-01 5.372635722160339355e-01 4.448137059807777405e-02 -7.931441664695739746e-01 -5.026143789291381836e-02 -1.105115413665771484e-01 -3.060865700244903564e-01 3.815402686595916748e-01 6.412276625633239746e-01 -1.971748322248458862e-01 -5.801842734217643738e-02 1.696920543909072876e-01 8.858527988195419312e-02 -2.350132316350936890e-01 5.231204032897949219e-01 3.830292820930480957e-01 1.159385219216346741e-01 -1.307507008314132690e-01 -7.843766212463378906e-01 1.509443521499633789e-01 -8.650468289852142334e-02 -4.326993227005004883e-01 -6.333856582641601562e-01 1.879730261862277985e-02
9.580844640731811523e-01 -4.326173961162567139e-01 8.653663396835327148e-01 7.820822000503540039e-01 -6.685167551040649414e-02 -8.641687035560607910e-02 2.092799395322799683e-01 -7.105368971824645996e-01 -4.585571587085723877e-01 -1.142178416252136230e+00 8.612540364265441895e-01 -1.319126844406127930e+00 -2.365520745515823364e-01 -3.756703138351440430e-01 1.559114735573530197e-02 9.521250128746032715e-01 -1.022513270378112793e+00 -1.558095663785934448e-01 -2.258742302656173706e-01 8.884648084640502930e-01 6.302935481071472168e-01 9.798239469528198242e-01 8.255265951156616211e-01 -1.899890899658203125e-01 5.510759949684143066e-01 5.401490330696105957e-01 -1.845735311508178711e-01 -2.610336840152740479e-01 -6.387127041816711426e-01 -5.604725480079650879e-01 9.686439037322998047e-01 -1.774141490459442139e-01 1.283737123012542725e-01 6.734122037887573242e-01 4.113120436668395996e-01 -6.971961259841918945e-02 2.907439172267913818e-01 -4.046021401882171631e-01 -3.616036772727966309e-01 5.313689708709716797e-01 -8.153320550918579102e-01 3.066153228282928467e-01 2.392363548278808594e-01 -1.528790742158889771e-01 -9.539414048194885254e-01 9.228480607271194458e-02 1.117046117782592773e+00 -6.618790626525878906e-01 8.946248888969421387e-02 -5.914989709854125977e-01 1.361075043678283691e+00 -2.622207403182983398e-01 5.162493586540222168e-01 1.974383443593978882e-01 1.190794110298156738e+00 -3.876306414604187012e-01 1.503937393426895142e-01 -9.319941401481628418e-01 -9.806320071220397949e-01 5.492171049118041992e-01 5.390874147415161133e-01 8.552167415618896484e-01 -3.564563393592834473e-01 1.876106262207031250e-01
7.684159278869628906e-01 1.433371901512145996e-01 -2.092009931802749634e-01 5.909008383750915527e-01 4.745927173644304276e-03 -3.459382653236389160e-01 4.870154857635498047e-01 -7.619274854660034180e-01 8.885349333286285400e-02 1.245538145303726196e-01 -1.376798599958419800e-01 -2.999164164066314697e-01 -8.882553577423095703e-01 -6.749494373798370361e-02 6.984804272651672363e-01 9.157976508140563965e-01 -3.063096404075622559e-01 -2.218033969402313232e-01 -4.547637403011322021e-01 8.846305012702941895e-01 -8.435616493225097656e-01 1.021723151206970215e+00 1.102415800094604492e+00 -5.606765747070312500e-01 -4.446749091148376465e-01 -3.423957228660583496e-01 -3.255306780338287354e-01 -2.890830039978027344e-01 1.026911973953247070e+00 -3.230264484882354736e-01 1.985068768262863159e-01 6.409384775906801224e-03 -8.374131470918655396e-02 -3.603280782699584961e-01 4.597108066082000732e-02 -2.039978839457035065e-02 -6.156005859375000000e-01 -6.459120661020278931e-02 1.942446082830429077e-01 3.445567786693572998e-01 -1.502358466386795044e-01 -3.580145239830017090e-01 2.194362133741378784e-01 -5.215778946876525879e-01 -1.728368699550628662e-01 1.000417023897171021e-01 5.206935405731201172e-01 1.383922845125198364e-01 -3.717891871929168701e-01 1.940792649984359741e-01 -6.770814061164855957e-01 -5.799216032028198242e-01 -4.023970961570739746e-01 3.173427581787109375e-01 1.251321285963058472e-01 -1.158938407897949219e-01 -4.174740016460418701e-01 -1.232187032699584961e+00 2.021586596965789795e-01 -2.923286855220794678e-01 1.190199851989746094e-01 -1.932315714657306671e-02 2.690924108028411865e-01 7.483254671096801758e-01
1.071740150451660156e+00 -1.099301353096961975e-01 2.974365055561065674e-01 -7.504199147224426270e-01 2.065231204032897949e-01 -5.268034934997558594e-01 3.638038933277130127e-01 -5.230549350380897522e-02 -5.746003985404968262e-01 1.740617901086807251e-01 -5.582196116447448730e-01 -8.843767046928405762e-01 -1.045635461807250977e+00 7.552241533994674683e-02 8.618507981300354004e-01 5.470609068870544434e-01 -3.186025023460388184e-01 -1.028285846114158630e-01 4.380933567881584167e-02 5.710315704345703125e-01 5.102966427803039551e-01 6.256755590438842773e-01 2.471970170736312866e-01 9.118209779262542725e-02 -3.575105369091033936e-01 2.797025144100189209e-01 4.531229380518198013e-03 1.885722130537033081e-01 1.682282686233520508e-01 6.610251665115356445e-01 4.477636516094207764e-01 -6.717782020568847656e-01 -4.638173580169677734e-01 -2.323933392763137817e-01 -7.521553039550781250e-01 -9.760432690382003784e-02 4.082746803760528564e-02 5.470804572105407715e-01 -5.899165868759155273e-01 1.767954528331756592e-01 -2.282225899398326874e-02 -1.570628285408020020e-01 -4.599620997905731201e-01 -6.017726063728332520e-01 -3.184263780713081360e-02 -5.217865705490112305e-01 -3.290257155895233154e-01 -3.676939308643341064e-01 -2.876501679420471191e-01 -1.716836728155612946e-02 -1.793001443147659302e-01 7.275973260402679443e-02 -1.616533696651458740e-01 5.122368931770324707e-01 -5.784884095191955566e-02 4.177234470844268799e-01 3.254430890083312988e-01 -5.265044048428535461e-02 -6.807709336280822754e-01 4.131872355937957764e-01 -3.731497228145599365e-01 -2.116014510393142700e-01 -5.879403948783874512e-01 -1.466646417975425720e-02
3.647342920303344727e-01 -6.204026341438293457e-01 -5.374517664313316345e-02 -1.805499643087387085e-01 -5.898217558860778809e-01 7.450734078884124756e-02 -1.036185622215270996e-01 -7.018740475177764893e-02 -3.219242691993713379e-01 -6.110985279083251953e-01 -6.870893388986587524e-02 -1.043902039527893066e+00 9.127914160490036011e-02 1.875797957181930542e-01 5.551827326416969299e-02 1.128480553627014160e+00 2.861112356185913086e-01 -2.907206118106842041e-01 1.123729348182678223e-02 3.666324615478515625e-01 9.553715586662292480e-01 5.864334106445312500e-01 7.762376070022583008e-01 2.961991727352142334e-02 1.644435971975326538e-01 1.909013390541076660e-01 -1.809367239475250244e-01 -8.908561468124389648e-01 5.747272968292236328e-01 -5.824520587921142578e-01 3.315098285675048828e-01 1.345490012317895889e-02 -1.380631327629089355e-01 8.541647344827651978e-02 1.149300113320350647e-02 3.488834202289581299e-01 -2.376076281070709229e-01 5.134067535400390625e-01 -3.375815972685813904e-02 -9.985063076019287109e-01 -3.451346457004547119e-01 8.564388751983642578e-01 1.174154430627822876e-01 1.049689715728163719e-03 -5.785816162824630737e-02 -6.336616277694702148e-01 8.547324687242507935e-02 2.057930454611778259e-02 -3.389665186405181885e-01 -8.903633803129196167e-02 1.766256093978881836e-01 -6.172196865081787109e-01 7.197009325027465820e-01 6.385918259620666504e-01 5.156238675117492676e-01 -7.452526688575744629e-01 3.096865117549896240e-01 -6.101970672607421875e-01 4.315763413906097412e-01 4.684633314609527588e-01 -6.275697350502014160e-01 -4.308921098709106445e-01 -3.665235340595245361e-01 1.569858379662036896e-02
9.175141453742980957e-01 1.712135225534439087e-02 3.079646229743957520e-01 7.369335740804672241e-02 -3.122856616973876953e-01 -5.863320827484130859e-01 -2.607413232326507568e-01 1.645663976669311523e-01 -2.054935395717620850e-01 -4.252496957778930664e-01 -4.865887165069580078e-01 -1.501812338829040527e+00 -8.098743557929992676e-01 1.772425919771194458e-01 6.400706171989440918e-01 9.360942244529724121e-01 -1.315902471542358398e+00 2.878764271736145020e-01 -8.025719970464706421e-02 1.933574080467224121e-01 -4.024551510810852051e-01 -6.228593736886978149e-02 6.951051354408264160e-01 -5.633525848388671875e-01 3.028380274772644043e-01 7.922790050506591797e-01 -4.242082834243774414e-01 -4.108922481536865234e-01 -2.494364678859710693e-01 9.886147454380989075e-03 -2.356216609477996826e-01 2.514525949954986572e-01 -1.244944185018539429e-01 -6.062374114990234375e-01 -5.753509402275085449e-01 -5.735176801681518555e-02 -5.253684520721435547e-01 7.894467711448669434e-01 4.547225832939147949e-01 7.182847857475280762e-01 -7.353579998016357422e-01 6.072704195976257324e-01 7.387763857841491699e-01 -2.447385787963867188e-01 -3.606204316020011902e-02 6.030701994895935059e-01 8.934981822967529297e-01 -4.785951599478721619e-02 -2.954354286193847656e-01 -3.551245927810668945e-01 1.254952512681484222e-02 7.358661293983459473e-02 4.480727910995483398e-01 1.367283821105957031e+00 8.419479131698608398e-01 -1.226638257503509521e-01 -5.406460165977478027e-01 -7.380679249763488770e-01 -2.854879200458526611e-01 4.258071482181549072e-01 1.735239475965499878e-01 6.528370380401611328e-01 2.931199073791503906e-01 -5.131698846817016602e-01
2.715048789978027344e-01 -3.731741011142730713e-01 4.386576712131500244e-01 1.726092100143432617e-01 5.169450491666793823e-02 3.145909011363983154e-01 2.216064929962158203e-01 -7.070180773735046387e-01 -2.037119120359420776e-01 -1.868255287408828735e-01 1.782229691743850708e-01 -4.579001069068908691e-01 -1.096887826919555664e+00 -8.953793905675411224e-03 3.765493929386138916e-01 3.895638883113861084e-01 -6.942700594663619995e-02 -9.018086791038513184e-01 -5.926932692527770996e-01 1.264983415603637695e-01 -2.473994344472885132e-01 2.680443823337554932e-01 1.161493659019470215e+00 -2.201657146215438843e-01 3.401075303554534912e-02 4.343845546245574951e-01 -1.467738300561904907e-01 -2.563239336013793945e-01 -3.128296732902526855e-01 -6.663826704025268555e-01 2.929037623107433319e-02 -3.916661068797111511e-02 -3.879381418228149414e-01 -1.717647537589073181e-02 6.484413146972656250e-02 -4.538950324058532715e-01 1.111617609858512878e-01 7.780175805091857910e-01 1.279018670320510864e-01 6.234541907906532288e-02 5.038549900054931641e-01 -1.025937572121620178e-01 3.701415657997131348e-02 -5.140274167060852051e-01 2.529219388961791992e-01 -3.297324478626251221e-01 7.082592844963073730e-01 -2.966993749141693115e-01 -9.274153113365173340e-01 2.492910325527191162e-01 -1.102722287178039551e-01 -3.879404067993164062e-01 -5.292491242289543152e-02 -4.888379573822021484e-02 4.075480401515960693e-01 1.791158914566040039e-01 1.491720974445343018e-01 -3.811846673488616943e-01 -2.322506904602050781e-01 2.040217816829681396e-01 3.546691834926605225e-01 -3.579566180706024170e-01 1.299117356538772583e-01 4.431054890155792236e-01
9.112237691879272461e-01 -1.091450825333595276e-01 5.752409100532531738e-01 5.515971407294273376e-02 3.236933946609497070e-01 -4.892767965793609619e-01 -6.535164713859558105e-01 1.841212213039398193e-01 -1.722838282585144043e-01 -3.668012320995330811e-01 -8.491086959838867188e-01 -7.473745942115783691e-01 2.186458259820938110e-01 -7.506909966468811035e-01 9.105882048606872559e-01 1.939354389905929565e-01 -3.642003536224365234e-01 -5.020285248756408691e-01 -5.680034160614013672e-01 3.391852378845214844e-01 7.434639930725097656e-01 1.414687156677246094e+00 1.281076431274414062e+00 -1.838813424110412598e-01 4.682493209838867188e-01 4.328533113002777100e-01 9.162458777427673340e-02 4.172911643981933594e-01 8.510334044694900513e-02 1.123813167214393616e-01 -6.750372797250747681e-02 -1.310189366340637207e+00 -2.223581075668334961e-01 -3.713703453540802002e-01 3.554897606372833252e-01 -7.971013188362121582e-01 -5.981389284133911133e-01 -3.023074567317962646e-01 4.260730743408203125e-01 -9.563857316970825195e-01 -5.693944096565246582e-01 -2.775654494762420654e-01 6.960510015487670898e-01 -8.375905752182006836e-01 -2.134836018085479736e-01 -6.759698390960693359e-01 6.839939355850219727e-01 -7.278658747673034668e-01 -4.542883336544036865e-01 -3.223420977592468262e-01 1.228541493415832520e+00 -3.998581767082214355e-01 -4.388689398765563965e-01 -6.583432853221893311e-02 8.305631875991821289e-01 -6.759283542633056641e-01 -1.794454902410507202e-01 -4.151700139045715332e-01 -2.256404310464859009e-01 -1.590959131717681885e-01 3.284074962139129639e-01 7.384212613105773926e-01 -1.054570555686950684e+00 -5.184395313262939453e-01
1.179059371352195740e-01 -3.837094604969024658e-01 4.810884296894073486e-01 3.546833992004394531e-01 -2.945688068866729736e-01 -5.929062962532043457e-01 3.098027706146240234e-01 4.551092907786369324e-02 8.747092485427856445e-01 8.651319891214370728e-02 4.539839327335357666e-01 -4.712360203266143799e-01 -4.341130852699279785e-01 -5.863488316535949707e-01 4.684398174285888672e-01 9.856747984886169434e-01 -3.349649906158447266e-01 3.853355944156646729e-01 1.925108879804611206e-01 -2.846180200576782227e-01 -2.789159119129180908e-01 6.866110563278198242e-01 7.984744310379028320e-01 -9.415637850761413574e-01 -8.196191787719726562e-01 5.978061258792877197e-02 -2.738701403141021729e-01 2.225900441408157349e-01 -2.347331792116165161e-01 1.748783439397811890e-01 1.881316676735877991e-02 -3.413962721824645996e-01 4.735393524169921875e-01 -5.278539061546325684e-01 -5.661464929580688477e-01 7.220476120710372925e-02 2.498376816511154175e-01 3.860908150672912598e-01 -4.136363789439201355e-02 -1.153407171368598938e-01 -1.161941438913345337e-01 4.289556294679641724e-02 -7.692373991012573242e-01 -1.370609104633331299e-01 -1.686575263738632202e-01 1.231821998953819275e-01 3.622786700725555420e-01 -6.842549443244934082e-01 3.791326880455017090e-01 4.923683404922485352e-01 -1.064470052719116211e+00 -4.312084019184112549e-01 6.132527813315391541e-02 -3.583375513553619385e-01 7.012973725795745850e-02 -2.094120234251022339e-01 -5.120570659637451172e-01 -4.651627838611602783e-01 -5.424323678016662598e-01 -2.216786444187164307e-01 -1.105652377009391785e-01 4.129309058189392090e-01 -4.863070249557495117e-01 1.381621807813644409e-01
1.314265370368957520e+00 1.699093282222747803e-01 9.605613350868225098e-01 2.655044198036193848e-01 7.035926729440689087e-02 -3.596314191818237305e-01 1.877249330282211304e-01 -5.513098835945129395e-02 -1.982794143259525299e-03 -6.053407192230224609e-01 4.266172051429748535e-01 -1.648122668266296387e+00 -1.675870865583419800e-01 -6.435915827751159668e-01 -1.061367522925138474e-02 5.961507558822631836e-01 -1.232768654823303223e+00 -2.383011393249034882e-02 -2.373736053705215454e-01 7.750071883201599121e-01 2.803008258342742920e-01 9.768189787864685059e-01 3.284586668014526367e-01 -1.624553352594375610e-01 2.725853025913238525e-01 4.895887076854705811e-01 -4.618179798126220703e-01 -2.050851881504058838e-01 -4.344783425331115723e-01 -6.501516103744506836e-01 3.888690471649169922e-01 -3.262312114238739014e-01 -6.526743527501821518e-03 -9.001801162958145142e-02 5.396386981010437012e-01 -1.313010416924953461e-02 1.635453402996063232e-01 -8.377925753593444824e-01 -4.817631542682647705e-01 2.492540031671524048e-01 -6.176928281784057617e-01 -7.582098990678787231e-02 5.805030465126037598e-02 -9.669739007949829102e-02 -6.630943417549133301e-01 -1.765626519918441772e-01 7.056097984313964844e-01 1.990756392478942871e-01 -2.839688956737518311e-01 -7.570044994354248047e-01 4.946844279766082764e-01 -3.975398242473602295e-01 6.483809947967529297e-01 2.575131356716156006e-01 7.732447385787963867e-01 2.299051135778427124e-01 1.824849247932434082e-01 -8.667051792144775391e-01 -7.676652669906616211e-01 7.835782170295715332e-01 2.702479660511016846e-01 7.024027705192565918e-01 -1.962768733501434326e-01 6.734490990638732910e-01
5.579232573509216309e-01 -4.030374884605407715e-01 -5.441000312566757202e-02 -5.961566045880317688e-02 1.119569391012191772e-01 -2.768788039684295654e-01 -1.081760525703430176e-01 -7.167895138263702393e-02 1.923020780086517334e-01 -4.243642557412385941e-03 -2.124797701835632324e-01 -5.845249891281127930e-01 -7.944933176040649414e-01 6.245792843401432037e-03 -3.975768983364105225e-01 9.783503413200378418e-01 -6.798730492591857910e-01 4.153402745723724365e-01 -2.803280651569366455e-01 -1.502852141857147217e-01 -1.174713447690010071e-01 3.199131786823272705e-01 5.265116095542907715e-01 -2.292496562004089355e-01 -2.131535261869430542e-01 -4.593040347099304199e-01 4.824877530336380005e-02 -4.439243972301483154e-01 6.167839765548706055e-01 -1.764586120843887329e-01 3.876771032810211182e-01 -7.019276022911071777e-01 -1.174858435988426208e-01 -3.241071701049804688e-01 -1.049316823482513428e-01 1.483393311500549316e-01 -8.119309544563293457e-01 2.982958257198333740e-01 -2.566371262073516846e-01 5.669944453984498978e-03 -1.431945804506540298e-02 1.619441658258438110e-01 -1.395489275455474854e-01 -3.616477847099304199e-01 4.183499515056610107e-01 -2.166129499673843384e-01 -4.945197701454162598e-01 -4.871632456779479980e-01 -2.181942947208881378e-02 1.065248101949691772e-01 -9.884192943572998047e-01 -4.657137691974639893e-01 1.792350411415100098e-01 -2.805805504322052002e-01 3.077988922595977783e-01 2.513144314289093018e-01 -6.955906748771667480e-01 -5.027660727500915527e-01 -4.034171402454376221e-01 1.383180767297744751e-01 -9.256428480148315430e-02 1.394935995340347290e-01 -6.224668622016906738e-01 1.567841619253158569e-01
1.307981371879577637e+00 -6.850911676883697510e-02 6.031470298767089844e-01 -3.955374062061309814e-01 4.116930961608886719e-01 -1.547315269708633423e-01 3.707358539104461670e-01 -7.531403750181198120e-02 -1.194029688835144043e+00 -1.117236092686653137e-01 -8.699980378150939941e-01 -1.520187258720397949e+00 -1.020762681961059570e+00 -4.349564611911773682e-01 7.543174624443054199e-01 7.667191028594970703e-01 -1.800102144479751587e-01 6.559609770774841309e-01 -1.541197299957275391e-01 9.555351734161376953e-01 4.707821011543273926e-01 1.158525824546813965e+00 4.786058664321899414e-01 -4.137639403343200684e-01 -3.920624963939189911e-03 1.945122927427291870e-01 3.148677647113800049e-01 -1.965378522872924805e-01 -3.661176860332489014e-01 -7.041275501251220703e-02 4.060407280921936035e-01 -7.687969803810119629e-01 -3.086029291152954102e-01 -7.362192869186401367e-01 -4.289278984069824219e-01 -7.604867815971374512e-01 -4.414547681808471680e-01 3.470655679702758789e-01 -5.619606375694274902e-01 3.033488690853118896e-01 -4.612186178565025330e-02 -1.156144589185714722e-01 -7.709502577781677246e-01 -9.617762267589569092e-02 -4.133761823177337646e-01 -2.643268108367919922e-01 1.968163847923278809e-01 -2.800413370132446289e-01 -1.030391097068786621e+00 -2.802538499236106873e-02 2.490235418081283569e-01 5.924398899078369141e-01 7.879390120506286621e-01 6.977158188819885254e-01 3.251102268695831299e-01 -4.292926490306854248e-01 7.472594380378723145e-01 -4.400394484400749207e-02 -2.583627998828887939e-01 2.212173640727996826e-01 9.887035936117172241e-02 1.164049059152603149e-01 1.277183145284652710e-01 -3.067973442375659943e-02
2.075835019350051880e-01 -2.957757115364074707e-01 9.348823875188827515e-02 2.618024358525872231e-03 -5.222978070378303528e-03 -7.919010519981384277e-01 7.878085225820541382e-02 -9.378091692924499512e-01 -6.447051167488098145e-01 9.184857457876205444e-02 -2.469317428767681122e-02 2.093124836683273315e-01 -8.196631073951721191e-01 -1.754453182220458984e-01 8.700870275497436523e-01 4.116000607609748840e-02 -5.220482945442199707e-01 -2.557072639465332031e-01 1.984635926783084869e-02 5.227721333503723145e-01 -7.362430095672607422e-01 -4.346877336502075195e-01 8.175059556961059570e-01 -3.364039659500122070e-01 -9.035519510507583618e-02 7.587512731552124023e-01 -7.320366054773330688e-02 -1.323766559362411499e-01 1.913081556558609009e-01 -9.812737107276916504e-01 1.226163506507873535e-01 -3.773733377456665039e-01 2.760843038558959961e-01 -6.535589098930358887e-01 -1.462793052196502686e-01 -3.307338058948516846e-02 -3.881946206092834473e-03 1.454491019248962402e-01 1.990634948015213013e-01 -2.371045053005218506e-01 8.643770962953567505e-02 2.958114147186279297e-01 2.173625230789184570e-01 -1.298421323299407959e-01 3.890609443187713623e-01 -6.627771854400634766e-01 3.645757734775543213e-01 -5.032411813735961914e-01 -2.333640865981578827e-02 2.879169583320617676e-01 3.876454830169677734e-01 -4.228980541229248047e-01 4.457848668098449707e-01 2.142777442932128906e-01 6.304317116737365723e-01 2.338572591543197632e-01 3.181416392326354980e-01 -1.116228342056274414e+00 -2.979683279991149902e-01 4.065105915069580078e-01 7.427389025688171387e-01 4.543681442737579346e-01 -5.377415418624877930e-01 5.218518972396850586e-01
4.535645842552185059e-01 -2.577505409717559814e-01 9.119141101837158203e-02 2.447113692760467529e-01 -3.830151855945587158e-01 2.779992222785949707e-01 -8.383441716432571411e-02 -4.092583954334259033e-01 1.864100098609924316e-01 -1.542490124702453613e-01 1.741654872894287109e-01 -1.034219503402709961e+00 -6.270754933357238770e-01 -1.094129085540771484e-01 -6.688467264175415039e-01 4.398435950279235840e-01 -9.301346540451049805e-02 -4.023255109786987305e-01 -3.266824781894683838e-01 4.573604166507720947e-01 1.970066428184509277e-01 2.449652552604675293e-02 4.341934621334075928e-01 -4.186832606792449951e-01 -6.909527778625488281e-01 2.807160019874572754e-01 -1.401552259922027588e-01 -5.720909237861633301e-01 2.335413247346878052e-01 -6.996871829032897949e-01 3.061580657958984375e-01 -6.636443138122558594e-01 -5.549578070640563965e-01 -3.413042426109313965e-01 -1.501024514436721802e-01 3.959674537181854248e-01 2.996549196541309357e-02 2.834704518318176270e-01 2.564220130443572998e-01 -4.863970279693603516e-01 -2.759772837162017822e-01 1.994536221027374268e-01 2.043570727109909058e-01 -3.494509160518646240e-01 5.903213024139404297e-01 -4.855529367923736572e-01 3.618037402629852295e-01 -1.214205920696258545e-01 -4.180827140808105469e-01 2.787525057792663574e-01 -3.215348720550537109e-01 -9.580184221267700195e-01 6.989184617996215820e-01 4.621598124504089355e-01 9.041782021522521973e-01 -2.746033966541290283e-01 5.068190693855285645e-01 3.808512985706329346e-01 -3.520156145095825195e-01 -1.866736859083175659e-01 2.327996492385864258e-02 -2.196898311376571655e-01 -3.032986521720886230e-01 -1.545731723308563232e-01
7.191801667213439941e-01 -4.342667460441589355e-01 1.026330113410949707e+00 3.694059848785400391e-01 -1.348480731248855591e-01 -1.470760442316532135e-02 9.144122600555419922e-01 -8.364813923835754395e-01 -2.158830314874649048e-01 9.293675422668457031e-02 1.495878305286169052e-02 -1.313791036605834961e+00 -9.216251373291015625e-01 -8.274169266223907471e-02 -6.799423098564147949e-01 1.720654606819152832e+00 -7.593514323234558105e-01 -2.893369495868682861e-01 3.616512119770050049e-01 1.230839133262634277e+00 -1.257683485746383667e-01 8.696124553680419922e-01 5.811803340911865234e-01 -2.622878551483154297e+00 -4.875704646110534668e-01 6.615256071090698242e-01 -3.511230945587158203e-01 -1.510773658752441406e+00 7.025220394134521484e-01 2.056382298469543457e-01 -5.132177472114562988e-01 -4.848425984382629395e-01 4.960001111030578613e-01 5.778077840805053711e-01 -7.481765747070312500e-02 -1.578533500432968140e-01 9.758049249649047852e-01 8.138774633407592773e-01 -2.277248054742813110e-01 4.897809624671936035e-01 -8.147727251052856445e-01 2.112336009740829468e-01 1.345080852508544922e+00 8.867111802101135254e-01 1.552238762378692627e-01 -5.336529612541198730e-01 -3.193722963333129883e-01 -7.427893280982971191e-01 6.944749504327774048e-02 -5.145997405052185059e-01 9.076592922210693359e-01 4.379226565361022949e-01 8.945804834365844727e-01 1.531318724155426025e-01 4.856084287166595459e-01 1.001242473721504211e-01 5.302192568778991699e-01 -1.819493293762207031e+00 -1.702955067157745361e-01 4.256056249141693115e-02 -1.029412984848022461e+00 7.176268100738525391e-01 -3.615390360355377197e-01 1.228274345397949219e+00
1.459762305021286011e-01 -4.964211583137512207e-01 9.538215398788452148e-01 9.543252587318420410e-01 1.466292738914489746e-01 -7.160377502441406250e-02 3.439899981021881104e-01 2.984320223331451416e-01 -9.209687113761901855e-01 -7.337212562561035156e-02 -5.082303881645202637e-01 -3.072431683540344238e-01 -5.896410942077636719e-01 2.363143563270568848e-01 5.388793945312500000e-01 9.207140207290649414e-01 4.519055783748626709e-02 3.208452761173248291e-01 -9.738013744354248047e-01 -1.513253301382064819e-01 4.527851343154907227e-01 7.353367656469345093e-02 2.565726339817047119e-01 -4.346147477626800537e-01 1.453147828578948975e-01 1.033326238393783569e-02 -3.419265896081924438e-02 -2.921540141105651855e-01 3.009864389896392822e-01 -2.102691680192947388e-01 -4.044381678104400635e-01 -3.671691194176673889e-02 -2.097252458333969116e-01 -2.825980782508850098e-01 -1.934185773134231567e-01 -3.066934943199157715e-01 4.707925394177436829e-02 -6.016182303428649902e-01 4.842877686023712158e-01 -4.310149550437927246e-01 1.566539108753204346e-01 3.883611857891082764e-01 -3.392701148986816406e-01 1.365877538919448853e-01 -3.104698359966278076e-01 1.432995218783617020e-02 5.096936821937561035e-01 -9.237195365130901337e-03 8.400939404964447021e-02 1.006220430135726929e-01 -2.818815410137176514e-01 -2.183725535869598389e-01 8.641017973423004150e-02 -1.159098148345947266e+00 4.603208005428314209e-01 1.216804888099431992e-02 5.018434524536132812e-01 -5.892751216888427734e-01 -1.596969813108444214e-01 1.707351952791213989e-01 -2.521351575851440430e-01 4.503902196884155273e-01 -6.783784627914428711e-01 2.861641347408294678e-01
1.852033734321594238e-01 -1.796055585145950317e-01 -3.068710267543792725e-01 5.900402069091796875e-01 1.398629695177078247e-01 -4.939562380313873291e-01 -2.592819035053253174e-01 -6.884067058563232422e-01 -6.811074018478393555e-01 -5.364999175071716309e-01 5.944485664367675781e-01 -5.922774672508239746e-01 -4.639134407043457031e-01 -2.147222757339477539e-01 3.509860634803771973e-01 -2.452775239944458008e-01 -3.945290148258209229e-01 -7.384658455848693848e-01 -4.971694052219390869e-01 9.011214375495910645e-01 -3.544983640313148499e-02 2.383390516042709351e-01 7.500846385955810547e-01 -7.114717960357666016e-01 -7.364742755889892578e-01 3.296317160129547119e-01 -1.667741686105728149e-01 -6.593747437000274658e-02 2.164576500654220581e-01 -8.539082407951354980e-01 6.486605405807495117e-01 -6.923212409019470215e-01 7.148846387863159180e-01 -6.641968488693237305e-01 3.667257428169250488e-01 1.288558989763259888e-01 -2.313178330659866333e-01 -2.787781953811645508e-01 -2.617636620998382568e-01 -2.360108941793441772e-01 -2.339646033942699432e-02 4.450608491897583008e-01 1.856938451528549194e-01 -2.553922533988952637e-01 3.664706945419311523e-01 -8.338402509689331055e-01 9.307307600975036621e-01 -5.351971387863159180e-01 -6.832545399665832520e-01 3.964781761169433594e-01 -6.935114860534667969e-01 -1.154206752777099609e+00 2.447573989629745483e-01 5.321497321128845215e-01 5.760722160339355469e-01 -7.543856501579284668e-01 -2.380926311016082764e-01 1.394643336534500122e-01 -4.376565814018249512e-01 2.830518782138824463e-01 5.261225104331970215e-01 6.674440503120422363e-01 -6.820828318595886230e-01 2.208467572927474976e-01
6.962398886680603027e-01 -6.710645277053117752e-03 4.529501199722290039e-01 -3.687687814235687256e-01 -4.622984230518341064e-01 -6.630382537841796875e-01 -1.645984053611755371e-01 -1.399415284395217896e-01 3.378471136093139648e-01 1.187142878770828247e-01 -7.810716032981872559e-01 -8.569740056991577148e-01 -2.974920868873596191e-01 -2.093780599534511566e-02 5.507788062095642090e-01 9.942270815372467041e-02 -7.379901409149169922e-01 3.028512299060821533e-01 -4.023742377758026123e-01 -3.354108929634094238e-01 -1.209415346384048462e-01 4.633851349353790283e-01 4.674306511878967285e-01 -4.791104495525360107e-01 -1.280779987573623657e-01 6.707015037536621094e-01 -1.244595423340797424e-01 1.083686202764511108e-01 -1.086095944046974182e-01 -6.170776858925819397e-02 9.179213084280490875e-03 -7.357373833656311035e-01 -4.134529829025268555e-01 -2.348828688263893127e-02 -8.081916570663452148e-01 -3.804924488067626953e-01 -4.815686047077178955e-01 7.389066815376281738e-01 4.638454020023345947e-01 -2.549386918544769287e-01 -7.200249433517456055e-01 3.222757577896118164e-01 5.529352426528930664e-01 3.236278593540191650e-01 -6.760670989751815796e-02 6.817768216133117676e-01 6.926516890525817871e-01 -4.330214560031890869e-01 1.593625247478485107e-01 -3.647249341011047363e-01 -2.652246057987213135e-01 -1.869401931762695312e-01 3.705779910087585449e-01 1.098767280578613281e+00 9.317266345024108887e-01 3.601884543895721436e-01 -6.815977692604064941e-01 -8.125755786895751953e-01 -3.425152227282524109e-02 5.302651524543762207e-01 4.276136457920074463e-01 4.292193055152893066e-01 3.826249763369560242e-02 1.569854915142059326e-01
-9.602790325880050659e-02 -8.325081467628479004e-01 6.865138560533523560e-02 -3.417530953884124756e-01 -1.123009547591209412e-01 4.415430873632431030e-02 1.284727007150650024e-01 6.643908470869064331e-02 3.448091149330139160e-01 -1.163026690483093262e-01 -6.032655835151672363e-01 -5.803538560867309570e-01 -2.742526829242706299e-01 3.924250975251197815e-02 6.827853918075561523e-01 8.646383285522460938e-01 -2.002240568399429321e-01 4.161006808280944824e-01 2.992617189884185791e-01 1.318153142929077148e-01 -2.465484589338302612e-01 5.424561500549316406e-01 4.029299914836883545e-01 -8.058257102966308594e-01 1.000509969890117645e-02 -9.972438216209411621e-02 1.034950688481330872e-01 -1.012360572814941406e+00 5.083683729171752930e-01 -8.427717089653015137e-01 5.830810666084289551e-01 -8.658003211021423340e-01 3.272031545639038086e-01 -2.582071125507354736e-01 3.894861340522766113e-01 6.926835179328918457e-01 -4.461243748664855957e-01 2.887018024921417236e-01 1.144952257163822651e-03 -5.948753952980041504e-01 5.750651471316814423e-03 2.859787344932556152e-01 1.409122943878173828e-01 -6.505921483039855957e-01 5.324828624725341797e-01 -5.158247947692871094e-01 1.535046994686126709e-01 8.120133727788925171e-02 -9.064557403326034546e-02 4.127451479434967041e-01 -3.771960437297821045e-01 2.869679592549800873e-03 9.856728464365005493e-02 1.478483229875564575e-01 4.724485874176025391e-01 -5.258665680885314941e-01 -1.580436378717422485e-01 -8.097058534622192383e-01 -2.212182581424713135e-01 1.509145349264144897e-01 -6.494941562414169312e-02 -1.567033380270004272e-01 -7.274489849805831909e-02 9.377724677324295044e-02
8.440355658531188965e-01 3.254222869873046875e-01 5.906746387481689453e-01 1.923495680093765259e-01 -2.796030938625335693e-01 -7.007560729980468750e-01 -4.998981207609176636e-02 3.080799579620361328e-01 -4.588473439216613770e-01 -4.042878150939941406e-01 -1.579861193895339966e-01 -1.430106043815612793e+00 -4.546945989131927490e-01 7.975925505161285400e-02 2.751644551753997803e-01 1.170546293258666992e+00 -1.051545023918151855e+00 -7.194911688566207886e-02 -1.415002197027206421e-01 9.163991212844848633e-01 1.630624681711196899e-01 -1.316453069448471069e-01 1.060753345489501953e+00 -9.264035820960998535e-01 1.313657462596893311e-01 4.461191594600677490e-01 -5.800800919532775879e-01 -3.757791519165039062e-01 -9.875521063804626465e-02 -4.738578200340270996e-01 -5.610292032361030579e-02 4.958285689353942871e-01 7.061848640441894531e-01 -7.189781665802001953e-01 3.142784116789698601e-03 5.850026011466979980e-02 -3.075555339455604553e-02 7.019324898719787598e-01 -7.942547202110290527e-01 6.776238679885864258e-01 -2.994802892208099365e-01 3.875696957111358643e-01 7.031261920928955078e-01 3.297465145587921143e-01 -3.645334839820861816e-01 5.216891765594482422e-01 5.497334003448486328e-01 -1.679692976176738739e-02 -1.551056057214736938e-01 -3.133222460746765137e-01 1.444799154996871948e-01 -1.376666873693466187e-01 8.062305450439453125e-01 1.076469779014587402e+00 7.471206188201904297e-01 5.279505252838134766e-01 -3.892520368099212646e-01 -2.608439624309539795e-01 -2.191183269023895264e-01 1.989954859018325806e-01 -4.583092629909515381e-01 7.274020314216613770e-01 2.966784313321113586e-02 -5.285653844475746155e-02
1.927164644002914429e-01 -6.996104717254638672e-01 7.510332465171813965e-01 1.269097030162811279e-01 -4.557510912418365479e-01 -1.670029461383819580e-01 -6.858548521995544434e-02 6.790224462747573853e-02 -7.062165141105651855e-01 -4.174579679965972900e-01 -2.757878899574279785e-01 6.974782049655914307e-02 -5.723118185997009277e-01 -5.236849784851074219e-01 3.888434767723083496e-01 5.860146880149841309e-01 -3.912786245346069336e-01 -2.121862769126892090e-01 -4.082458913326263428e-01 -2.703370526432991028e-02 4.694368541240692139e-01 1.824176758527755737e-01 -3.737327409908175468e-03 -1.075138211250305176e+00 2.066033482551574707e-01 -2.734068930149078369e-01 -1.327406167984008789e-01 -7.756847143173217773e-02 1.685159355401992798e-01 2.567139267921447754e-01 -9.658484905958175659e-02 3.522658050060272217e-01 -1.940572261810302734e-01 -1.675322949886322021e-01 2.728095352649688721e-01 -3.212037086486816406e-01 1.693740636110305786e-01 2.988415397703647614e-02 -4.321359097957611084e-03 -6.912199854850769043e-01 -3.304892778396606445e-01 7.338012456893920898e-01 3.182607144117355347e-02 -5.503875017166137695e-01 -7.548237591981887817e-02 -8.659397065639495850e-02 -1.956662684679031372e-01 -1.231649294495582581e-01 6.537898182868957520e-01 3.980783512815833092e-04 -2.958496212959289551e-01 -6.049894094467163086e-01 1.271393964998424053e-03 -5.081958174705505371e-01 6.661144644021987915e-02 1.897277235984802246e-01 5.874487161636352539e-01 -2.157572805881500244e-01 -6.924882531166076660e-02 4.602206051349639893e-01 -1.069074794650077820e-01 2.068964540958404541e-01 -4.055267274379730225e-01 2.150364369153976440e-01
8.496420979499816895e-01 -4.735072553157806396e-01 -2.148017734289169312e-01 6.427434831857681274e-02 1.974626816809177399e-02 4.158853292465209961e-01 2.800033092498779297e-01 3.281504213809967041e-01 2.340521663427352905e-01 -4.001590907573699951e-01 -9.823287725448608398e-01 -7.603751420974731445e-01 -4.522277414798736572e-01 -2.011507600545883179e-01 -4.990396797657012939e-01 4.929045736789703369e-01 -1.424984782934188843e-01 -1.077790737152099609e+00 -5.549098253250122070e-01 -3.642292916774749756e-01 -4.009165167808532715e-01 7.647378444671630859e-01 6.006822586059570312e-01 -4.343479275703430176e-01 2.340703085064888000e-02 3.475044667720794678e-02 1.383413374423980713e-01 -2.568755447864532471e-01 5.745379328727722168e-01 -6.495772600173950195e-01 -7.377956062555313110e-02 8.268638849258422852e-01 -5.364251732826232910e-01 -7.585123181343078613e-01 -1.195559620857238770e+00 -6.681870669126510620e-02 2.332463264465332031e-01 6.104645729064941406e-01 -1.538987085223197937e-02 -5.180919170379638672e-01 2.316590696573257446e-01 5.734989419579505920e-02 8.921822905540466309e-01 -7.252007722854614258e-01 -1.239380478858947754e+00 -8.793346285820007324e-01 -1.143119558691978455e-01 -7.190459370613098145e-01 5.764450132846832275e-02 1.304525788873434067e-02 1.992795616388320923e-02 -1.058099150657653809e+00 6.629352569580078125e-01 -1.756314486265182495e-01 5.451638698577880859e-01 -2.902465760707855225e-01 -3.430739045143127441e-01 -9.913359284400939941e-01 -1.192771911621093750e+00 -9.831318631768226624e-03 8.126144856214523315e-02 -2.510369122028350830e-01 -1.199656605720520020e+00 -7.296907305717468262e-01
4.435561001300811768e-01 -3.086884915828704834e-01 2.595801651477813721e-01 1.205332636833190918e+00 -5.644427537918090820e-01 -3.071865439414978027e-01 1.025924921035766602e+00 -2.228122353553771973e-01 -8.376176357269287109e-01 -2.391383647918701172e-01 -3.869275748729705811e-01 -1.641502976417541504e+00 -9.670703113079071045e-02 -2.159350365400314331e-01 8.578702807426452637e-01 6.255164146423339844e-01 -2.536250054836273193e-01 1.232742667198181152e+00 -2.924509346485137939e-01 7.284511327743530273e-01 -1.288641542196273804e-01 1.507140398025512695e+00 4.743065237998962402e-01 -6.451878547668457031e-01 -1.031455397605895996e-02 -2.730282545089721680e-01 -4.652873277664184570e-01 -8.102176189422607422e-01 -3.122171759605407715e-01 -2.211199700832366943e-01 -5.103627443313598633e-01 -1.112038791179656982e-01 -1.165024489164352417e-01 -6.759005188941955566e-01 1.475926935672760010e-01 4.372769296169281006e-01 4.589776992797851562e-01 2.480770945549011230e-01 -3.946745768189430237e-02 -4.110721051692962646e-01 -4.639566540718078613e-01 1.619837284088134766e-01 4.212058782577514648e-01 -1.508793085813522339e-01 2.995509207248687744e-01 -2.390528917312622070e-01 -2.395512014627456665e-01 -3.978248238563537598e-01 -2.184845507144927979e-01 8.729070425033569336e-01 6.870851665735244751e-02 4.787466675043106079e-02 2.071710228919982910e-01 8.638886362314224243e-02 9.784336090087890625e-01 3.550913035869598389e-01 -2.941041886806488037e-01 -2.115062475204467773e-01 -3.308196365833282471e-01 3.641165196895599365e-01 -1.843849569559097290e-01 8.120259642601013184e-01 3.718629479408264160e-02 4.061690270900726318e-01
4.743765592575073242e-01 -1.817895472049713135e-01 4.692916572093963623e-01 4.496436417102813721e-01 -6.891039013862609863e-01 -3.312441706657409668e-02 -3.445075154304504395e-01 -4.213860630989074707e-01 2.394462227821350098e-01 1.277327388525009155e-01 5.950845777988433838e-02 -7.681555151939392090e-01 -4.929677844047546387e-01 -5.832068920135498047e-01 -2.329270094633102417e-01 2.500847280025482178e-01 -5.349802374839782715e-01 3.321099877357482910e-01 -1.011587619781494141e+00 4.323927462100982666e-01 -6.179355457425117493e-02 -4.312562644481658936e-01 4.482835233211517334e-01 -4.459618330001831055e-01 -2.138659656047821045e-01 1.169808730483055115e-01 -3.489272594451904297e-01 -5.506420135498046875e-01 8.438335061073303223e-01 -5.779111981391906738e-01 5.937671065330505371e-01 -1.315739035606384277e+00 -1.015351638197898865e-01 5.146706476807594299e-02 -8.591017127037048340e-01 1.257972121238708496e-01 -2.542750537395477295e-01 2.114821970462799072e-01 5.167197808623313904e-02 -4.227400422096252441e-01 -6.532857418060302734e-01 -1.253482103347778320e-01 9.050644040107727051e-01 -3.154710233211517334e-01 2.348272129893302917e-02 -4.117673635482788086e-01 6.467447876930236816e-01 -4.775775969028472900e-01 -1.070317149162292480e+00 -1.525518000125885010e-01 -7.698009610176086426e-01 2.107668109238147736e-02 1.046568274497985840e+00 3.106977641582489014e-01 4.203929603099822998e-01 1.816000193357467651e-01 2.983554005622863770e-01 -3.084578514099121094e-01 9.395699948072433472e-02 3.468207418918609619e-01 2.193896770477294922e-01 5.150843411684036255e-02 -5.035291910171508789e-01 -1.748375296592712402e-01
5.018696784973144531e-01 1.016459614038467407e-01 -3.503763377666473389e-01 1.904704421758651733e-02 1.942888498306274414e-01 3.543115034699440002e-02 1.971327215433120728e-01 -7.288401722908020020e-01 2.803987264633178711e-01 -2.721689343452453613e-01 4.900596290826797485e-02 -6.534069776535034180e-02 -7.361648082733154297e-01 -2.890088558197021484e-01 3.253249526023864746e-01 9.793679118156433105e-01 -4.167626202106475830e-01 1.944405436515808105e-01 -4.355978667736053467e-01 2.471225708723068237e-01 -5.301081538200378418e-01 5.366539955139160156e-01 6.489936113357543945e-01 -6.963700056076049805e-01 -3.450735211372375488e-01 -5.575085282325744629e-01 3.944202065467834473e-01 -4.447605609893798828e-01 8.830627799034118652e-01 -1.036747619509696960e-01 2.033889442682266235e-01 -6.437045931816101074e-01 -1.249425336718559265e-01 -1.986107416450977325e-02 -1.578639447689056396e-01 1.529572010040283203e-01 -7.707782089710235596e-02 -3.454489707946777344e-01 9.263474494218826294e-02 8.410189300775527954e-02 2.042223513126373291e-01 -1.098700761795043945e-01 -1.096160188317298889e-01 -5.673846602439880371e-01 -1.002807868644595146e-03 1.435637325048446655e-01 6.422868371009826660e-01 -3.766107559204101562e-01 -1.457608044147491455e-01 3.828737735748291016e-01 -8.396759629249572754e-01 -1.614019870758056641e-01 3.361121714115142822e-01 -1.569385677576065063e-01 3.157770037651062012e-01 2.517261505126953125e-01 -7.508926391601562500e-01 -6.894432306289672852e-01 2.192870825529098511e-01 1.063076034188270569e-02 -7.212545722723007202e-02 5.121495574712753296e-02 -1.730425655841827393e-01 1.200196668505668640e-01
4.848203361034393311e-01 -9.606103897094726562e-01 3.541164994239807129e-01 1.051745340228080750e-01 -4.021698236465454102e-01 7.067131400108337402e-01 6.135567426681518555e-01 6.775801181793212891e-01 -4.000934064388275146e-01 3.582557439804077148e-01 -3.501510918140411377e-01 -1.405728578567504883e+00 -1.980537474155426025e-01 1.812409311532974243e-01 6.902014613151550293e-01 8.975587487220764160e-01 -8.308442234992980957e-01 2.404821515083312988e-01 8.241715431213378906e-01 4.686600565910339355e-01 5.204786062240600586e-01 8.701076507568359375e-01 2.770432233810424805e-01 -1.032038211822509766e+00 4.530519247055053711e-02 2.533859014511108398e-01 1.060550063848495483e-01 -3.262726664543151855e-01 1.107079267501831055e+00 -1.073122262954711914e+00 2.510714530944824219e-01 -4.494941234588623047e-01 6.751638650894165039e-01 -7.041897177696228027e-01 4.690540134906768799e-01 -6.645503640174865723e-02 1.612540781497955322e-01 8.152899146080017090e-01 1.186292916536331177e-01 -1.146225929260253906e-01 -3.703600764274597168e-01 4.947990477085113525e-01 6.546610593795776367e-01 -3.003148594871163368e-03 -3.179104765877127647e-03 4.690770804882049561e-02 8.811361193656921387e-01 3.858077526092529297e-01 -5.969031453132629395e-01 -1.447000056505203247e-01 4.465336799621582031e-01 -2.294531911611557007e-01 4.648391008377075195e-01 7.947165966033935547e-01 5.676531195640563965e-01 -3.210959732532501221e-01 7.501620054244995117e-01 -9.871788024902343750e-01 4.063604772090911865e-01 1.362379044294357300e-01 2.059715241193771362e-02 -7.324107736349105835e-02 -6.437723636627197266e-01 8.832556009292602539e-02
1.211757421493530273e+00 -3.609495759010314941e-01 1.050739765167236328e+00 3.714287579059600830e-01 2.406294792890548706e-01 -1.353714764118194580e-01 3.671834468841552734e-01 1.993944346904754639e-01 -8.268113732337951660e-01 -9.370008111000061035e-01 -4.441464543342590332e-01 -1.346008062362670898e+00 -3.661195337772369385e-01 -2.959540486335754395e-01 -1.180212423205375671e-01 9.136430621147155762e-01 -4.244002699851989746e-01 -1.034493967890739441e-01 -1.364960819482803345e-01 5.042755603790283203e-01 4.611906707286834717e-01 4.298346042633056641e-01 2.785864174365997314e-01 -1.373228192329406738e+00 -3.504504859447479248e-01 1.734763681888580322e-01 2.347746342420578003e-01 -8.905521631240844727e-01 -4.098038673400878906e-01 -8.530861735343933105e-01 3.395817875862121582e-01 -3.002001047134399414e-01 3.587889373302459717e-01 -5.357030034065246582e-01 -5.469637513160705566e-01 -5.736234188079833984e-01 3.014112114906311035e-01 4.488644897937774658e-01 3.869574368000030518e-01 2.848540544509887695e-01 -3.070357441902160645e-01 -9.674673676490783691e-01 7.543798089027404785e-01 3.218217194080352783e-01 8.484256267547607422e-02 1.525535732507705688e-01 4.846784286201000214e-03 -2.071422338485717773e-01 2.045916169881820679e-01 1.439240574836730957e-01 -1.614034920930862427e-01 -1.346379369497299194e-01 -6.158980727195739746e-01 1.164815187454223633e+00 8.670378923416137695e-01 -2.860692739486694336e-01 5.012657046318054199e-01 -5.708826780319213867e-01 -3.228160142898559570e-01 -4.274469974916428328e-04 1.085787892341613770e+00 1.373023867607116699e+00 -9.411994218826293945e-01 8.315767049789428711e-01
1.055331587791442871e+00 1.436803936958312988e-01 3.150712549686431885e-01 1.289573788642883301e+00 -7.393031716346740723e-01 4.090487062931060791e-01 5.785064101219177246e-01 -8.997579663991928101e-02 2.158672809600830078e-01 -2.096194326877593994e-01 3.307835161685943604e-01 -3.383018672466278076e-01 -7.352762222290039062e-01 -5.418397188186645508e-01 3.639858067035675049e-01 1.215238571166992188e+00 -5.427100062370300293e-01 -2.935364842414855957e-01 -4.740910828113555908e-01 6.643586754798889160e-01 7.566667795181274414e-01 6.171765327453613281e-01 1.208897113800048828e+00 -5.206812024116516113e-01 6.434245109558105469e-01 9.517841935157775879e-01 4.675486981868743896e-01 -2.408871799707412720e-02 6.448484063148498535e-01 -1.059990048408508301e+00 6.158553361892700195e-01 9.522935003042221069e-02 -2.770321071147918701e-01 -3.903014659881591797e-01 -5.812855362892150879e-01 -1.714753359556198120e-01 2.383455932140350342e-01 4.616139531135559082e-01 -1.947265490889549255e-02 -2.180531024932861328e-01 -9.104862213134765625e-01 5.242684856057167053e-02 1.233414709568023682e-01 1.130859702825546265e-01 -2.067190557718276978e-01 -1.608468741178512573e-01 4.927808940410614014e-01 -8.285865932703018188e-02 -4.143406748771667480e-01 -1.144477650523185730e-01 1.285461634397506714e-01 2.607287764549255371e-01 8.319191634654998779e-02 1.238686919212341309e+00 -1.939697414636611938e-01 -5.619707107543945312e-01 6.303939223289489746e-02 3.245477974414825439e-01 -9.547492861747741699e-01 -2.732858955860137939e-01 -1.037085652351379395e-01 7.274614572525024414e-01 9.114693105220794678e-02 9.452876448631286621e-01
1.180485486984252930e-01 -1.006047606468200684e+00 -5.617529153823852539e-02 -2.983159124851226807e-01 -5.192335844039916992e-01 -1.893510227091610432e-03 1.084828525781631470e-01 2.009076178073883057e-01 -2.702187374234199524e-02 -1.076345801353454590e+00 -4.150542616844177246e-02 -1.852622628211975098e+00 -2.838090956211090088e-01 6.979532539844512939e-02 6.464945077896118164e-01 8.113380670547485352e-01 -2.168666869401931763e-01 -2.867614924907684326e-01 2.580035291612148285e-02 8.750815689563751221e-02 9.743790030479431152e-01 7.137416005134582520e-01 5.479224324226379395e-01 -1.716477274894714355e-01 1.380106955766677856e-01 5.453246086835861206e-02 -4.988570213317871094e-01 -8.612561821937561035e-01 6.960616111755371094e-01 -7.640739679336547852e-01 1.075813695788383484e-01 -6.196372509002685547e-01 4.268103241920471191e-01 8.495510369539260864e-02 -1.417457163333892822e-01 8.763974905014038086e-01 -1.460350863635540009e-02 3.645391762256622314e-02 -9.323449432849884033e-02 -5.790732502937316895e-01 7.238299399614334106e-02 7.170839905738830566e-01 4.046022593975067139e-01 1.092228069901466370e-01 -2.319313138723373413e-01 -2.177715599536895752e-01 4.381051063537597656e-01 1.943478137254714966e-01 -6.522828936576843262e-01 -1.553989946842193604e-01 1.354360878467559814e-01 -4.953393340110778809e-01 4.082965850830078125e-01 9.321322441101074219e-01 4.023508429527282715e-01 -6.373069286346435547e-01 2.260565608739852905e-01 -1.196417093276977539e+00 4.041075110435485840e-01 1.040654778480529785e-01 -5.361911058425903320e-01 -2.346404641866683960e-01 2.198125794529914856e-02 2.575304806232452393e-01
1.947903335094451904e-01 1.730592697858810425e-01 2.798312306404113770e-01 6.818539928644895554e-03 -8.422433584928512573e-02 8.180625736713409424e-02 4.847097694873809814e-01 -8.004028201103210449e-01 -2.290480583906173706e-01 1.486880332231521606e-01 -3.087590634822845459e-01 -2.495141513645648956e-02 -6.482624411582946777e-01 1.845513582229614258e-01 4.167644083499908447e-01 4.071415662765502930e-01 -1.291453391313552856e-01 -9.544317126274108887e-01 -1.490716487169265747e-01 4.387083649635314941e-01 -3.210442066192626953e-01 5.690647959709167480e-01 1.053034782409667969e+00 -2.426323890686035156e-01 -5.998200774192810059e-01 7.689041644334793091e-02 -2.941516935825347900e-01 6.521161179989576340e-03 3.092655241489410400e-01 -8.150938153266906738e-01 1.742544323205947876e-01 3.896851241588592529e-01 -2.923822402954101562e-01 -4.491448700428009033e-01 -1.225570291280746460e-01 -2.322613298892974854e-01 -1.567168086767196655e-01 2.304834127426147461e-01 -2.308607101440429688e-02 1.224042326211929321e-01 4.777825176715850830e-01 1.287819147109985352e-01 -1.130891963839530945e-01 -7.259072661399841309e-01 3.434403985738754272e-02 -3.953783810138702393e-01 9.132455587387084961e-01 9.423274546861648560e-02 -4.298440515995025635e-01 3.825959861278533936e-01 -5.024667382240295410e-01 -8.295980095863342285e-01 -3.296590223908424377e-02 1.013033017516136169e-01 2.597011029720306396e-01 2.173111289739608765e-01 -3.565128892660140991e-02 -3.898860216140747070e-01 -1.645636260509490967e-01 6.701204180717468262e-01 6.539027392864227295e-02 6.552994251251220703e-02 -2.569499909877777100e-01 5.691516399383544922e-01
-2.407375723123550415e-01 7.356520742177963257e-02 -6.154617667198181152e-01 -1.985076218843460083e-01 -7.449468374252319336e-01 -1.077777266502380371e+00 7.708439826965332031e-01 3.020332753658294678e-02 -3.674117326736450195e-01 -2.007350921630859375e-01 -3.966668248176574707e-01 -4.893753528594970703e-01 -6.711471676826477051e-01 1.536174714565277100e-01 4.018311500549316406e-01 9.201194643974304199e-01 6.839364767074584961e-02 -5.928857922554016113e-01 -5.157135054469108582e-02 8.718861937522888184e-01 4.573010802268981934e-01 4.563528895378112793e-01 5.548262000083923340e-01 -4.753020703792572021e-01 1.058893874287605286e-01 -1.042015850543975830e-02 8.464606851339340210e-02 6.205702200531959534e-03 -1.219375804066658020e-01 -3.584586679935455322e-01 4.201798513531684875e-02 -8.308633565902709961e-01 8.877407759428024292e-02 -5.571532249450683594e-01 3.306428492069244385e-01 -7.832958102226257324e-01 -3.854249119758605957e-01 2.610165476799011230e-01 4.880130887031555176e-01 -2.259051352739334106e-01 2.524972856044769287e-01 -2.165495753288269043e-01 2.839952707290649414e-01 -1.984284818172454834e-01 -1.298130631446838379e+00 6.290938258171081543e-01 7.484527826309204102e-01 -7.545896768569946289e-01 1.339566409587860107e-01 -2.101914435625076294e-01 8.615607768297195435e-02 -9.867244958877563477e-01 5.402405261993408203e-01 4.600817561149597168e-01 7.350153923034667969e-01 -4.076673686504364014e-01 -3.439475595951080322e-01 -1.098801851272583008e+00 -2.262915670871734619e-01 -2.236104011535644531e-01 4.911962747573852539e-01 -1.291327029466629028e-01 -5.732120871543884277e-01 4.791419506072998047e-01
1.586937457323074341e-01 -2.428468316793441772e-01 3.105997741222381592e-01 2.887470424175262451e-01 1.356008350849151611e-01 -5.849666595458984375e-01 1.926795840263366699e-01 1.203925535082817078e-01 -5.980772525072097778e-02 -2.569864690303802490e-01 -4.976646974682807922e-02 1.218233406543731689e-01 -7.139368653297424316e-01 -4.974043965339660645e-01 9.706521034240722656e-02 4.398789405822753906e-01 -1.466817110776901245e-01 1.144098863005638123e-01 -5.487431287765502930e-01 5.111775994300842285e-01 -1.368474364280700684e-01 7.007152438163757324e-01 5.087679624557495117e-01 -5.178922414779663086e-01 9.393961429595947266e-01 -2.412791699171066284e-01 7.960087805986404419e-02 5.218037962913513184e-02 4.157701134681701660e-01 -7.884537428617477417e-02 8.393666148185729980e-01 -6.892439126968383789e-01 2.896238565444946289e-01 8.399360775947570801e-01 -7.153028249740600586e-01 -2.476811558008193970e-01 -5.532957911491394043e-01 2.696541249752044678e-01 -1.202547643333673477e-02 -3.085555732250213623e-01 -1.233289003372192383e+00 3.285135924816131592e-01 8.070501089096069336e-01 -3.024578094482421875e-01 1.103368401527404785e-01 -5.531694293022155762e-01 3.040898740291595459e-01 -7.768577337265014648e-01 -4.523805379867553711e-01 1.534522511065006256e-02 -4.907652139663696289e-01 -1.057488098740577698e-01 6.451484560966491699e-01 9.909630417823791504e-01 8.626309633255004883e-01 5.348916053771972656e-01 -3.772405683994293213e-01 -9.545854330062866211e-01 -1.208244487643241882e-01 6.942666769027709961e-01 1.290257722139358521e-01 2.499610930681228638e-01 -6.670248508453369141e-01 -9.182709455490112305e-02
3.709296584129333496e-01 -5.406428575515747070e-01 8.685927391052246094e-01 1.302965164184570312e+00 -4.464741051197052002e-01 -3.341168761253356934e-01 6.395781040191650391e-01 1.153332516551017761e-01 -4.722903370857238770e-01 -3.742631077766418457e-01 1.047748476266860962e-01 -6.262505650520324707e-01 -2.546046972274780273e-01 2.000227384269237518e-02 4.744827151298522949e-01 4.619780182838439941e-01 -1.324695795774459839e-01 4.588544666767120361e-01 -6.115851998329162598e-01 3.937441110610961914e-01 2.986038923263549805e-01 5.354213714599609375e-01 3.469242751598358154e-01 -5.563066601753234863e-01 7.598116993904113770e-02 -1.240295637398958206e-02 -2.132444083690643311e-01 2.336217910051345825e-01 -5.556098818778991699e-01 3.354116976261138916e-01 -9.173405170440673828e-02 5.298625677824020386e-02 3.231394588947296143e-01 -6.717305183410644531e-01 -3.302654623985290527e-01 -2.778061628341674805e-01 4.342798590660095215e-01 -1.392024457454681396e-01 3.275569677352905273e-01 -3.359431028366088867e-01 -6.074638962745666504e-01 8.643183708190917969e-01 -2.163446880877017975e-02 -3.833567351102828979e-02 -2.722944915294647217e-01 -6.632347591221332550e-03 -8.901059627532958984e-03 -2.171713709831237793e-01 9.413933753967285156e-02 4.475159943103790283e-01 -4.697963595390319824e-01 -1.902759075164794922e-01 -6.740798801183700562e-02 -4.230553805828094482e-01 5.414570569992065430e-01 -5.877459049224853516e-02 2.003302872180938721e-01 -8.970182538032531738e-01 -1.723803877830505371e-01 2.702830731868743896e-01 -5.217718482017517090e-01 4.706382751464843750e-01 -4.976122677326202393e-01 -3.210616707801818848e-01
9.418014287948608398e-01 -9.022594690322875977e-01 1.651153117418289185e-01 8.203550577163696289e-01 2.802940309047698975e-01 -6.269339323043823242e-01 -1.710700839757919312e-01 5.717018246650695801e-01 1.766979992389678955e-01 -8.283721655607223511e-02 -2.806445360183715820e-01 -1.221940279006958008e+00 -4.611111879348754883e-01 -7.039157748222351074e-01 3.219559490680694580e-01 7.146257162094116211e-01 3.039254844188690186e-01 5.769507884979248047e-01 -4.278912544250488281e-01 1.152981400489807129e+00 4.186310470104217529e-01 6.919037550687789917e-02 8.740756511688232422e-01 1.029359363019466400e-02 3.759408295154571533e-01 -2.709291279315948486e-01 -1.232085924129933119e-04 -9.416019916534423828e-01 6.422193050384521484e-01 -1.454315900802612305e+00 1.963852792978286743e-01 2.073967158794403076e-01 -1.759990118443965912e-02 4.942474663257598877e-01 -4.943234622478485107e-01 -2.923413813114166260e-01 2.967150807380676270e-01 2.944553829729557037e-02 6.221783161163330078e-01 -2.831045687198638916e-01 -3.704358339309692383e-01 -1.068924143910408020e-01 2.074528783559799194e-01 -4.489002525806427002e-01 -5.626682639122009277e-01 -1.554187107831239700e-02 3.345409929752349854e-01 -1.358627527952194214e-01 -6.334807872772216797e-01 3.694584369659423828e-01 7.880266755819320679e-03 -4.817028045654296875e-01 7.230359911918640137e-01 1.113399982452392578e+00 1.510920524597167969e-01 2.224171757698059082e-01 7.279498875141143799e-02 -4.393103122711181641e-01 -7.735050320625305176e-01 -1.946589560247957706e-03 5.132407546043395996e-01 1.025241494178771973e+00 2.668796181678771973e-01 1.543937027454376221e-01
4.100367724895477295e-01 2.156940102577209473e-02 6.376473307609558105e-01 1.077659800648689270e-01 -3.256196975708007812e-01 -3.436558842658996582e-01 7.313011288642883301e-01 1.364398449659347534e-01 -7.021450400352478027e-01 -8.854436129331588745e-02 -6.456750035285949707e-01 -3.029485046863555908e-01 -5.804656744003295898e-01 -1.786993145942687988e-01 3.376826345920562744e-01 8.968376517295837402e-01 -1.785653382539749146e-01 -8.163678646087646484e-02 -6.526661515235900879e-01 7.228091359138488770e-02 2.363807111978530884e-01 1.420302540063858032e-01 2.864579260349273682e-01 -9.295055866241455078e-01 -1.215886995196342468e-01 8.642613887786865234e-01 8.466965705156326294e-02 -3.162151575088500977e-01 6.814273595809936523e-01 -2.314895242452621460e-01 -3.528928756713867188e-02 -2.233168482780456543e-02 -7.058283090591430664e-01 -4.258863627910614014e-02 -1.184884682297706604e-01 -2.300457358360290527e-01 -7.915134727954864502e-02 -8.970751762390136719e-01 5.475354194641113281e-01 -4.029756486415863037e-01 1.336001753807067871e-01 6.186836585402488708e-02 -8.339503407478332520e-02 2.029033303260803223e-01 2.321511134505271912e-02 -1.410651504993438721e-01 4.555879235267639160e-01 1.958671361207962036e-01 4.710777997970581055e-01 -3.766105324029922485e-02 3.982978463172912598e-01 -1.617527604103088379e-01 -2.205900400876998901e-01 -5.277199745178222656e-01 7.601655125617980957e-01 3.991396427154541016e-01 -1.513629257678985596e-01 -6.555463671684265137e-01 4.564100205898284912e-01 -5.918531119823455811e-02 -5.249080657958984375e-01 9.633572697639465332e-01 -1.789126694202423096e-01 -1.850291788578033447e-01
1.886714398860931396e-01 -6.519036293029785156e-01 -6.594578921794891357e-02 -3.998825252056121826e-01 -5.268915295600891113e-01 7.890219241380691528e-02 -5.670708417892456055e-01 3.193579614162445068e-02 2.491827309131622314e-01 -2.460200339555740356e-02 4.939509928226470947e-02 -7.076520323753356934e-01 -4.577544629573822021e-01 -3.961647748947143555e-01 -2.741051614284515381e-01 8.388048410415649414e-01 5.606101751327514648e-01 -4.649114012718200684e-01 -4.064060151576995850e-01 6.063171625137329102e-01 6.994555890560150146e-02 1.787932068109512329e-01 6.774848103523254395e-01 -6.136696934700012207e-01 -4.658119678497314453e-01 3.862797021865844727e-01 -1.799666434526443481e-01 1.591497100889682770e-02 -2.196103036403656006e-01 -2.934522926807403564e-01 -1.954794377088546753e-01 -1.576717346906661987e-01 2.194822020828723907e-02 -1.517030447721481323e-01 5.408944487571716309e-01 -2.978548705577850342e-01 -3.240144848823547363e-01 3.823236376047134399e-02 1.776981800794601440e-01 -1.123551279306411743e-01 1.806659400463104248e-01 4.965420067310333252e-01 -1.849721521139144897e-01 -7.303297519683837891e-01 -1.188732981681823730e-01 -7.894547581672668457e-01 8.156812787055969238e-01 -1.094290688633918762e-01 -6.880692839622497559e-01 6.725503802299499512e-01 -1.590731143951416016e-01 -1.674763411283493042e-01 5.073387026786804199e-01 4.075402617454528809e-01 6.213005781173706055e-01 1.345681697130203247e-01 5.230298638343811035e-01 -2.704488635063171387e-01 -2.164633870124816895e-01 1.728477030992507935e-01 -5.040791034698486328e-01 -1.135763153433799744e-01 -7.662647962570190430e-01 5.891686677932739258e-01
1.265109419822692871e+00 -1.961271464824676514e-01 5.549621582031250000e-02 -7.988537661731243134e-03 -2.031485736370086670e-01 -1.693048775196075439e-01 -1.480007171630859375e-01 6.934114545583724976e-02 -3.688918352127075195e-01 2.268610000610351562e-01 -2.484927177429199219e-01 -8.624067902565002441e-01 -5.788407921791076660e-01 -2.796964645385742188e-01 8.520573973655700684e-01 -1.574425846338272095e-01 -2.084320038557052612e-01 3.344251513481140137e-01 -5.408366322517395020e-01 -2.131744921207427979e-01 5.895323157310485840e-01 6.905050873756408691e-01 -7.553300261497497559e-01 -4.019120037555694580e-01 -2.358745634555816650e-01 2.944768071174621582e-01 -4.511102102696895599e-03 6.730356067419052124e-02 7.902838587760925293e-01 -4.651528298854827881e-01 3.612642586231231689e-01 -5.864680409431457520e-01 9.868146298686042428e-05 9.450427442789077759e-02 -9.565431475639343262e-01 -8.530727624893188477e-01 -7.647410780191421509e-02 1.151195913553237915e-01 7.682810723781585693e-02 2.020495086908340454e-01 9.701059758663177490e-02 6.268152594566345215e-01 3.712496459484100342e-01 8.516810834407806396e-02 4.042956233024597168e-01 2.795687019824981689e-01 1.397875696420669556e-01 -2.036329954862594604e-01 2.396120429039001465e-01 -2.368320226669311523e-01 -4.983698725700378418e-01 -5.512064099311828613e-01 2.152500301599502563e-01 8.292171955108642578e-01 -1.813285797834396362e-01 4.200288653373718262e-01 -1.071532130241394043e+00 -1.217233017086982727e-01 -4.557846188545227051e-01 3.705122470855712891e-01 -2.332470715045928955e-01 -2.975984215736389160e-01 -5.625024437904357910e-01 7.281689643859863281e-01
4.542277455329895020e-01 -5.774600505828857422e-01 3.827861845493316650e-01 -1.851080656051635742e-01 -1.244783475995063782e-01 -4.866974428296089172e-02 1.020277217030525208e-01 -5.330735445022583008e-01 -2.312983274459838867e-01 1.193766221404075623e-01 -2.680778503417968750e-01 -4.645767211914062500e-01 -5.621478557586669922e-01 -3.240901231765747070e-02 2.861930727958679199e-01 5.608858466148376465e-01 7.206175327301025391e-01 -8.570464253425598145e-01 -1.121079176664352417e-01 -3.239653306081891060e-03 -6.704104542732238770e-01 3.714688122272491455e-01 6.695515513420104980e-01 -2.226283699274063110e-01 -4.059756994247436523e-01 4.128607213497161865e-01 -3.520374596118927002e-01 5.026977043598890305e-03 9.527741372585296631e-02 -3.742516636848449707e-01 -3.925674259662628174e-01 3.096862137317657471e-01 -4.714727029204368591e-02 -4.608759880065917969e-01 3.743093907833099365e-01 -3.355906903743743896e-01 -1.321912705898284912e-01 1.521514207124710083e-01 1.476811319589614868e-01 1.817916184663772583e-01 -1.901521831750869751e-01 3.205521404743194580e-01 2.860325276851654053e-01 -3.093746006488800049e-01 -2.315649390220642090e-01 -6.661834716796875000e-01 1.024361491203308105e+00 -3.819663524627685547e-01 -8.233103752136230469e-01 2.074645906686782837e-01 4.251924902200698853e-02 -7.469303607940673828e-01 1.139587387442588806e-01 -1.914806477725505829e-02 5.531871914863586426e-01 3.859621882438659668e-01 2.883379459381103516e-01 -4.854421019554138184e-01 -5.439067482948303223e-01 6.346082091331481934e-01 -6.713821291923522949e-01 -8.191920071840286255e-02 -1.821596026420593262e-01 5.119347572326660156e-01
6.206470727920532227e-01 -6.950634717941284180e-02 5.066518783569335938e-01 4.426654875278472900e-01 -2.228448987007141113e-01 3.149050474166870117e-01 1.478791981935501099e-01 9.268441051244735718e-02 2.001055181026458740e-01 -2.386941611766815186e-01 3.648832738399505615e-01 -8.162673115730285645e-01 -6.565477252006530762e-01 -4.357151091098785400e-01 -8.556643500924110413e-03 9.545332789421081543e-01 5.199092030525207520e-01 -4.345999658107757568e-01 -6.021447181701660156e-01 8.488841652870178223e-01 3.816376626491546631e-01 5.448671579360961914e-01 1.057151317596435547e+00 -3.207791596651077271e-02 7.285990118980407715e-01 2.019036710262298584e-01 1.956174224615097046e-01 -6.786114573478698730e-01 -4.289370775222778320e-02 -1.186583399772644043e+00 1.666376590728759766e-01 -3.186751902103424072e-01 -5.380214452743530273e-01 -4.215629398822784424e-01 -6.333353519439697266e-01 -1.116152405738830566e-01 -7.322379201650619507e-02 5.345410108566284180e-01 5.105525627732276917e-02 -5.277583003044128418e-01 -3.751679658889770508e-01 1.884208023548126221e-01 1.988680511713027954e-01 5.510639399290084839e-03 -2.218449302017688751e-02 -3.398869037628173828e-01 1.311871856451034546e-01 -2.837060578167438507e-02 -3.012162744998931885e-01 -1.529711335897445679e-01 2.527301311492919922e-01 -4.371421933174133301e-01 3.200604319572448730e-01 8.249378204345703125e-01 -1.981374770402908325e-01 -2.568204104900360107e-01 -1.848681829869747162e-02 3.247451782226562500e-01 -6.323963999748229980e-01 3.136728331446647644e-02 3.077037036418914795e-01 3.577043712139129639e-01 2.306417226791381836e-01 3.161630332469940186e-01
1.712617874145507812e-01 2.055783569812774658e-02 4.843405783176422119e-01 1.348168961703777313e-02 -2.321337461471557617e-01 -7.497010827064514160e-01 3.187969624996185303e-01 -2.053670585155487061e-01 -2.801232337951660156e-01 2.313902527093887329e-01 -4.674704968929290771e-01 -3.420985043048858643e-01 -2.465421706438064575e-01 -1.751848608255386353e-01 2.691521942615509033e-01 1.268933653831481934e+00 2.351858317852020264e-01 -3.624549210071563721e-01 -5.904209017753601074e-01 -4.339136183261871338e-01 -1.826445460319519043e-01 3.605625927448272705e-01 5.241877436637878418e-01 -8.321416378021240234e-02 1.502836793661117554e-01 9.223644733428955078e-01 1.605690568685531616e-01 -3.189784884452819824e-01 2.972968518733978271e-01 -7.453045248985290527e-01 -6.462728232145309448e-02 -4.229528903961181641e-01 -5.769501924514770508e-01 -1.876455992460250854e-01 3.078762292861938477e-01 -6.480548381805419922e-01 -7.212411612272262573e-02 -3.968540728092193604e-01 -1.825214475393295288e-01 -4.712213575839996338e-01 4.234073683619499207e-02 1.659551635384559631e-02 8.345188498497009277e-01 3.712950646877288818e-01 -7.522509992122650146e-02 -5.129864811897277832e-01 9.221030473709106445e-01 -2.315147221088409424e-02 3.238917589187622070e-01 1.401357799768447876e-01 5.319226384162902832e-01 -5.037536025047302246e-01 -2.220380902290344238e-01 4.868725240230560303e-01 3.701584041118621826e-01 -1.129711419343948364e-01 -1.212001964449882507e-01 -8.418625593185424805e-01 5.071429908275604248e-02 -1.610420048236846924e-01 -2.703763544559478760e-02 4.759006574749946594e-02 -6.103693246841430664e-01 -4.247252941131591797e-01
6.821432113647460938e-01 -4.601004719734191895e-01 1.540563851594924927e-01 9.918606281280517578e-02 7.063857465982437134e-02 -3.239688873291015625e-01 -2.539486810564994812e-02 1.650495082139968872e-01 -4.029648602008819580e-01 -2.742178738117218018e-01 -6.611388176679611206e-02 1.151334494352340698e-01 -5.044720172882080078e-01 -2.859031967818737030e-02 5.889384746551513672e-01 6.839967966079711914e-01 -1.350109726190567017e-01 1.167385000735521317e-02 -2.210291922092437744e-01 2.539358437061309814e-01 5.021192878484725952e-02 4.140287339687347412e-01 4.681417644023895264e-01 -3.035316169261932373e-01 8.115250468254089355e-01 1.044900938868522644e-01 -3.185428082942962646e-01 6.090235710144042969e-01 -1.266429275274276733e-01 5.121056437492370605e-01 4.043391346931457520e-01 -5.572364330291748047e-01 3.961223363876342773e-01 -5.236534476280212402e-01 -7.029499411582946777e-01 -4.374241232872009277e-01 3.674149885773658752e-02 -3.425517380237579346e-01 5.586360096931457520e-01 -9.404681921005249023e-01 -4.032705351710319519e-02 1.789935678243637085e-01 3.964768946170806885e-01 -8.126213550567626953e-01 1.070278137922286987e-01 -3.457724452018737793e-01 5.824221670627593994e-02 -2.271483540534973145e-01 3.992946073412895203e-02 4.372068047523498535e-01 3.586639836430549622e-02 -4.598767459392547607e-01 2.046829015016555786e-01 3.809447884559631348e-01 6.448854804039001465e-01 -3.468666225671768188e-02 -2.744281589984893799e-01 1.793480366468429565e-01 5.186450481414794922e-02 3.855191767215728760e-01 -1.287369430065155029e-01 -1.413222849369049072e-01 -9.328949451446533203e-01 4.430711567401885986e-01
1.200106263160705566e+00 -3.999092876911163330e-01 7.489850521087646484e-01 7.841245532035827637e-01 2.587595582008361816e-01 -8.134358376264572144e-02 1.694000810384750366e-01 8.273814916610717773e-01 -8.147000670433044434e-01 5.243388414382934570e-01 -2.314552478492259979e-02 -1.317846417427062988e+00 2.661783099174499512e-01 -1.040160730481147766e-01 8.931476473808288574e-01 8.521223664283752441e-01 -3.659569621086120605e-01 1.557884812355041504e-01 -9.939452409744262695e-01 1.713492989540100098e+00 -8.549144119024276733e-02 9.180288314819335938e-01 6.692453622817993164e-01 -1.040172815322875977e+00 -2.603616565465927124e-02 8.787643313407897949e-01 9.320450425148010254e-01 2.390188351273536682e-02 5.331813097000122070e-01 -6.848208308219909668e-01 3.286874890327453613e-01 -8.511271476745605469e-01 -1.813235878944396973e-01 -6.907355785369873047e-01 -3.032754361629486084e-01 4.774394631385803223e-01 7.894405722618103027e-01 6.944732666015625000e-01 2.597565054893493652e-01 -4.264326393604278564e-02 -6.990303397178649902e-01 -4.092989265918731689e-01 2.395319938659667969e-01 1.476320177316665649e-01 2.698467969894409180e-01 2.341354489326477051e-01 1.148464202880859375e+00 -2.562627494335174561e-01 -1.807338595390319824e+00 3.510985374450683594e-01 8.352395296096801758e-01 1.022579073905944824e-01 2.484888136386871338e-01 8.766427636146545410e-01 1.609671354293823242e+00 -8.864609897136688232e-02 -3.837254345417022705e-01 -1.405294537544250488e+00 -1.608255505561828613e+00 2.121856212615966797e-01 -5.912945866584777832e-01 8.612447381019592285e-01 -1.752638369798660278e-01 -1.587551087141036987e-01
1.336235255002975464e-01 -2.180712521076202393e-01 2.310900837182998657e-01 -2.673832476139068604e-01 -3.667511790990829468e-02 -4.150926172733306885e-01 7.171635329723358154e-02 -5.147483944892883301e-01 -4.216420650482177734e-01 1.396487206220626831e-01 -5.174663662910461426e-01 -3.403767943382263184e-01 -6.459786295890808105e-01 -2.838768362998962402e-01 4.434242546558380127e-01 7.193386554718017578e-01 -1.282686442136764526e-01 -5.218382477760314941e-01 -1.094392836093902588e-01 -2.505376935005187988e-01 -4.690361674875020981e-03 4.197678565979003906e-01 1.922201663255691528e-01 -4.575164020061492920e-01 9.174985438585281372e-02 1.898109763860702515e-01 1.986825279891490936e-02 7.469819393008947372e-03 -4.748018458485603333e-02 -1.815986633300781250e-01 -9.411387890577316284e-02 2.407940030097961426e-01 -1.801890730857849121e-01 -2.262342907488346100e-02 -5.455913022160530090e-02 -3.851019591093063354e-02 1.177869811654090881e-01 2.826049625873565674e-01 2.315248362720012665e-02 1.411688178777694702e-01 6.497595906257629395e-01 3.317924737930297852e-01 -2.307346612215042114e-01 -7.194677591323852539e-01 -8.633328974246978760e-02 -3.762551248073577881e-01 2.146210223436355591e-01 -6.128968596458435059e-01 -1.135030984878540039e-01 2.905991077423095703e-01 -6.931905150413513184e-01 -3.602169752120971680e-01 -1.781513094902038574e-01 -6.143633723258972168e-01 6.100642681121826172e-01 2.901768386363983154e-01 5.598942637443542480e-01 1.256710141897201538e-01 -1.831263154745101929e-01 -4.054666757583618164e-01 -4.807819128036499023e-01 7.875306904315948486e-02 -4.138956367969512939e-01 3.307057321071624756e-01
1.408890783786773682e-01 -1.867434680461883545e-01 1.688758432865142822e-01 -1.719023883342742920e-01 -1.228685397654771805e-02 5.991243198513984680e-02 -4.736066237092018127e-02 -3.941031172871589661e-02 6.810049414634704590e-01 -2.019449621438980103e-01 1.322260051965713501e-01 -1.003480553627014160e+00 -5.884147882461547852e-01 2.831295691430568695e-02 -2.079880684614181519e-01 5.631397962570190430e-01 3.209309577941894531e-01 -7.728062570095062256e-02 3.467558324337005615e-02 7.807598114013671875e-01 5.954039692878723145e-01 3.432975411415100098e-01 -2.538648061454296112e-02 6.379172205924987793e-03 -2.263686507940292358e-01 3.882997035980224609e-01 5.629532933235168457e-01 -6.381888985633850098e-01 6.513827443122863770e-01 -4.396682605147361755e-02 1.371739357709884644e-01 -8.026733398437500000e-01 -4.955021440982818604e-01 -5.784993767738342285e-01 -2.845857143402099609e-01 -5.299556255340576172e-01 -5.842601656913757324e-01 9.819308668375015259e-02 -4.148563742637634277e-01 -5.908470153808593750e-01 3.082619607448577881e-01 9.071569442749023438e-01 3.654199242591857910e-01 -6.649799346923828125e-01 -7.864194363355636597e-02 -1.680989004671573639e-02 -1.006516143679618835e-01 -4.019581079483032227e-01 5.131099745631217957e-02 -1.214517354965209961e-01 4.851459711790084839e-02 -6.301280856132507324e-02 1.833465993404388428e-01 5.080643892288208008e-01 4.263927936553955078e-01 4.924168884754180908e-01 3.283368051052093506e-01 -4.339416027069091797e-01 -3.725409805774688721e-01 9.457778334617614746e-01 -2.073246389627456665e-01 -5.045893788337707520e-01 -1.006252884864807129e+00 1.688499003648757935e-02
3.091051802039146423e-02 -2.882799208164215088e-01 -7.652974724769592285e-01 -2.449560761451721191e-01 -1.095772862434387207e+00 -5.602334737777709961e-01 1.875414513051509857e-02 -1.395402103662490845e-01 -3.596299290657043457e-01 -1.189277321100234985e-01 2.496861815452575684e-01 -5.967981219291687012e-01 -2.425605505704879761e-01 -3.445424139499664307e-01 -1.806215047836303711e-01 1.037089109420776367e+00 -7.020797580480575562e-02 -2.208566218614578247e-01 -5.023526400327682495e-02 -2.383747249841690063e-01 4.528520107269287109e-01 4.615675508975982666e-01 4.038980603218078613e-01 -2.394965589046478271e-01 -1.538208276033401489e-01 1.256690621376037598e-01 4.954806566238403320e-01 -5.121308565139770508e-01 5.141776204109191895e-01 -2.952522635459899902e-01 -4.080218672752380371e-01 -3.325264155864715576e-01 -5.257366895675659180e-01 -2.379396259784698486e-01 2.304214388132095337e-01 -1.017813324928283691e+00 -3.012607395648956299e-01 1.603335291147232056e-01 -4.569435492157936096e-02 -7.100244164466857910e-01 1.186771318316459656e-01 2.207401096820831299e-01 4.686749875545501709e-01 1.517980992794036865e-01 -6.008541584014892578e-01 -2.240712493658065796e-01 6.583726406097412109e-01 -3.349056839942932129e-01 3.221110627055168152e-02 -1.518601626157760620e-01 3.074373006820678711e-01 -6.077245473861694336e-01 2.078754603862762451e-01 5.024477839469909668e-01 8.159064650535583496e-01 2.397244572639465332e-01 2.579571902751922607e-01 -4.102156162261962891e-01 -4.401383697986602783e-01 -2.122939676046371460e-01 4.700061306357383728e-02 -2.761609554290771484e-01 -1.796055287122726440e-01 -5.729283690452575684e-01
3.746492862701416016e-01 -3.759728074073791504e-01 -4.315563142299652100e-01 3.168328702449798584e-01 6.094593182206153870e-02 -6.020719408988952637e-01 -3.693912625312805176e-01 4.289047047495841980e-02 6.225366145372390747e-02 -8.141706883907318115e-02 1.555941104888916016e-01 1.378825008869171143e-01 -1.438346356153488159e-01 -2.895923256874084473e-01 6.138960123062133789e-01 7.438454627990722656e-01 -6.936069130897521973e-01 -4.825996756553649902e-01 7.643241435289382935e-02 1.632078886032104492e-01 -8.302535116672515869e-02 4.714653491973876953e-01 4.124890267848968506e-01 -4.478625059127807617e-01 -1.794301569461822510e-01 3.578578531742095947e-01 -3.281035460531711578e-03 9.405761957168579102e-02 -2.756271744146943092e-03 7.122422754764556885e-02 -2.594196200370788574e-01 -7.703052759170532227e-01 8.186707496643066406e-01 -8.228116631507873535e-01 -7.498552650213241577e-02 -1.150053814053535461e-01 -4.984268844127655029e-01 -4.003038257360458374e-02 2.332868613302707672e-02 -4.750256240367889404e-01 -7.463308423757553101e-02 2.348238229751586914e-01 2.207123786211013794e-01 -9.068248867988586426e-01 3.557976186275482178e-01 -6.185869574546813965e-01 6.652870774269104004e-01 -6.858233809471130371e-01 -1.971586793661117554e-01 4.994689822196960449e-01 -6.074686646461486816e-01 -1.001497879624366760e-01 -9.228108823299407959e-02 -1.968289911746978760e-01 1.124230980873107910e+00 -3.289536833763122559e-01 -5.724794045090675354e-02 -1.772079914808273315e-01 1.273477375507354736e-01 3.280165791511535645e-01 -1.329303681850433350e-01 1.487179696559906006e-01 -2.722359299659729004e-01 5.392073392868041992e-01
-1.750282347202301025e-01 -1.060236096382141113e+00 -6.524985283613204956e-02 -3.042138516902923584e-01 -5.838621854782104492e-01 3.235217034816741943e-01 1.365508325397968292e-02 4.465639889240264893e-01 2.524682320654392242e-02 -3.724014759063720703e-01 -2.815316617488861084e-01 -1.021315217018127441e+00 -1.606535762548446655e-01 2.594230473041534424e-01 2.651615738868713379e-01 1.019284129142761230e+00 -6.045067682862281799e-02 4.688094183802604675e-02 5.730084776878356934e-01 2.205961495637893677e-01 2.780567407608032227e-01 7.192721366882324219e-01 3.987656533718109131e-01 -6.350238323211669922e-01 -4.066461026668548584e-01 2.255236059427261353e-01 4.721110220998525620e-03 -8.850842714309692383e-01 7.270964384078979492e-01 -8.873646259307861328e-01 -4.867892712354660034e-02 -6.270734071731567383e-01 2.672773003578186035e-01 -1.230488419532775879e-01 1.023917719721794128e-01 4.653726816177368164e-01 -6.238982081413269043e-02 3.465755879878997803e-01 3.024650365114212036e-02 -8.972855210304260254e-01 1.344693079590797424e-02 5.258170366287231445e-01 3.628253042697906494e-01 -2.241380512714385986e-01 1.619575172662734985e-01 -1.452592164278030396e-01 1.996552646160125732e-01 2.945830225944519043e-01 -2.256613820791244507e-01 1.893944293260574341e-01 -1.742490679025650024e-01 -2.869142293930053711e-01 2.605774104595184326e-01 7.322316169738769531e-01 7.192157506942749023e-01 -3.915220201015472412e-01 3.793523013591766357e-01 -5.930907726287841797e-01 1.526649594306945801e-01 3.070663809776306152e-01 -1.733765304088592529e-01 -1.253725439310073853e-01 -1.258181780576705933e-01 -1.347024887800216675e-01
-2.051170319318771362e-01 -5.436949729919433594e-01 -1.759254634380340576e-01 1.674598455429077148e-01 -1.665231734514236450e-01 4.140483960509300232e-02 2.406069934368133545e-01 4.123578369617462158e-01 6.342607736587524414e-01 2.869317829608917236e-01 -7.185087352991104126e-02 -7.498150467872619629e-01 -7.291914820671081543e-01 -3.821237981319427490e-01 -2.455119192600250244e-01 7.983987927436828613e-01 -4.253761470317840576e-02 1.229171827435493469e-01 -1.166139692068099976e-01 6.363329887390136719e-01 2.105048596858978271e-01 3.252450227737426758e-01 5.680853724479675293e-01 -1.971488595008850098e-01 6.024817004799842834e-02 8.186575770378112793e-02 7.103134877979755402e-03 -5.465697050094604492e-01 8.440631628036499023e-01 -1.012799859046936035e+00 1.700268685817718506e-02 -6.224689260125160217e-02 -4.810339212417602539e-01 6.927117109298706055e-01 -5.435280203819274902e-01 1.139842942357063293e-01 -4.353660643100738525e-01 -6.626750528812408447e-02 -3.766248002648353577e-03 -7.105934023857116699e-01 -4.930641651153564453e-01 1.068769320845603943e-01 6.172819137573242188e-01 -5.541797876358032227e-01 -2.408888190984725952e-03 -3.537307381629943848e-01 2.441821694374084473e-01 -5.903571248054504395e-01 4.191211424767971039e-03 3.857080042362213135e-01 -1.648476868867874146e-01 -4.264490902423858643e-01 1.004431605339050293e+00 3.430295288562774658e-01 6.911360025405883789e-01 1.144259348511695862e-01 4.217389523983001709e-01 -2.742091119289398193e-01 -5.682995319366455078e-01 -5.998196080327033997e-02 -9.178789705038070679e-02 9.826510213315486908e-03 9.159967303276062012e-02 -2.215279638767242432e-01
3.011899292469024658e-01 -5.345322489738464355e-01 4.696245491504669189e-01 2.944306842982769012e-02 -4.171920195221900940e-02 -2.848915159702301025e-01 -6.430659294128417969e-01 -6.196910738945007324e-01 -8.804498314857482910e-01 -9.616700410842895508e-01 -4.376415014266967773e-01 -3.490314781665802002e-01 -7.537470459938049316e-01 -6.715268492698669434e-01 8.876488804817199707e-01 7.777489423751831055e-01 -9.027930498123168945e-01 1.272962614893913269e-02 4.256512522697448730e-01 1.785614490509033203e-01 -2.872452735900878906e-01 1.879245787858963013e-01 -1.344761401414871216e-01 -5.834631323814392090e-01 -1.512991338968276978e-01 2.188473641872406006e-01 -3.622297346591949463e-01 7.193197030574083328e-03 7.010059952735900879e-01 -7.676295638084411621e-01 -1.421175450086593628e-01 8.796221762895584106e-02 -1.516563594341278076e-01 -1.768757700920104980e-01 -3.262720704078674316e-01 -1.067234128713607788e-01 1.827992051839828491e-01 -1.185580492019653320e-01 -8.944932371377944946e-02 1.267018914222717285e-01 2.304939776659011841e-01 6.460801959037780762e-01 -4.119032919406890869e-01 2.927866019308567047e-02 2.581437826156616211e-01 -5.931922197341918945e-01 3.750342130661010742e-01 -3.979350924491882324e-01 6.220057606697082520e-01 3.366301953792572021e-02 1.730196774005889893e-01 -4.072303324937820435e-02 -1.599923074245452881e-01 -6.256061196327209473e-01 5.355480313301086426e-01 3.564673960208892822e-01 2.417492568492889404e-01 -1.632149368524551392e-01 -1.039019301533699036e-01 -3.915810286998748779e-01 4.717382192611694336e-01 3.477230966091156006e-01 -3.110922873020172119e-01 3.755310773849487305e-01
4.487650394439697266e-01 1.029664352536201477e-01 1.939564943313598633e-01 -7.949262857437133789e-03 -7.681105136871337891e-01 -8.706187605857849121e-01 1.967854946851730347e-01 -2.948761880397796631e-01 -1.178232505917549133e-01 -6.785695254802703857e-02 -2.147237658500671387e-01 -5.911636352539062500e-01 -1.593299806118011475e-01 -7.806167006492614746e-02 5.315716862678527832e-01 7.941241264343261719e-01 1.526371687650680542e-01 -3.024770021438598633e-01 -2.693810462951660156e-01 -3.360280394554138184e-01 -2.470461428165435791e-01 5.062264800071716309e-01 3.666263818740844727e-01 -6.554753333330154419e-02 2.900554239749908447e-01 6.653310656547546387e-01 5.444552302360534668e-01 3.222036957740783691e-01 -1.593791693449020386e-01 -3.359090983867645264e-01 -2.518911063671112061e-01 -4.593200683593750000e-01 -6.231338381767272949e-01 -5.622322857379913330e-02 1.322362422943115234e-01 -5.595730543136596680e-01 -4.860185980796813965e-01 5.491870045661926270e-01 -2.201742380857467651e-01 -8.137996792793273926e-01 2.585040591657161713e-02 4.673442337661981583e-03 9.087818861007690430e-01 6.513803452253341675e-02 -6.731123328208923340e-01 -1.935079097747802734e-01 9.298223257064819336e-01 -1.226857528090476990e-01 1.088210418820381165e-01 3.921117633581161499e-02 3.359445035457611084e-01 -8.365713953971862793e-01 4.410348534584045410e-01 8.377032279968261719e-01 6.742256283760070801e-01 8.725222945213317871e-02 -4.498883187770843506e-01 -9.229233264923095703e-01 -4.393656924366950989e-02 -4.149793088436126709e-01 2.678595185279846191e-01 -1.902694627642631531e-02 -4.940391480922698975e-01 -5.081822276115417480e-01
7.402676939964294434e-01 1.810511648654937744e-01 3.335257172584533691e-01 -9.220784902572631836e-02 -1.134085655212402344e-02 7.114999741315841675e-02 5.192506313323974609e-01 -7.548212409019470215e-01 -1.547414213418960571e-01 -2.563975751399993896e-01 -3.512712717056274414e-01 -5.504603981971740723e-01 -8.799909949302673340e-01 -5.338760018348693848e-01 -2.301996052265167236e-01 2.727054059505462646e-01 1.365338563919067383e-01 -6.757004857063293457e-01 -9.290280193090438843e-02 2.710023820400238037e-01 1.398194730281829834e-01 8.109556436538696289e-01 7.245284318923950195e-01 6.088871508836746216e-02 -2.007604241371154785e-01 -2.843355238437652588e-01 -2.566092647612094879e-02 -1.783036589622497559e-01 3.027413189411163330e-01 -5.495743751525878906e-01 4.158495068550109863e-01 -2.777614593505859375e-01 -4.275075793266296387e-01 -4.044156074523925781e-01 -4.899867773056030273e-01 -1.319664716720581055e-01 -1.013400256633758545e-01 5.611406564712524414e-01 -2.349010705947875977e-01 -5.350275039672851562e-01 2.770108878612518311e-01 6.839621663093566895e-01 2.130683511495590210e-01 -3.744056224822998047e-01 4.210120812058448792e-02 -1.419138163328170776e-01 3.604044318199157715e-01 4.178112745285034180e-02 -5.585268735885620117e-01 5.626219511032104492e-01 -8.716491609811782837e-02 -8.355469703674316406e-01 4.389970600605010986e-01 4.546163380146026611e-01 -3.506697416305541992e-01 2.774817049503326416e-01 -4.603290855884552002e-01 2.756296098232269287e-01 -3.237187266349792480e-01 1.962663829326629639e-01 -6.027341820299625397e-03 -6.031069159507751465e-01 -4.799211323261260986e-01 1.675705611705780029e-01
4.936970174312591553e-01 6.743702292442321777e-02 7.698356509208679199e-01 4.695973396301269531e-01 -5.438651517033576965e-02 6.411833167076110840e-01 3.040097057819366455e-01 1.363535672426223755e-01 7.097470760345458984e-01 -6.226342916488647461e-01 2.896551787853240967e-01 -1.509054780006408691e+00 -3.354251682758331299e-01 2.085871249437332153e-01 7.604948282241821289e-01 9.294136762619018555e-01 -3.196240067481994629e-01 2.661963999271392822e-01 -2.131915241479873657e-01 1.073681592941284180e+00 2.474528104066848755e-01 3.801870644092559814e-01 7.660103440284729004e-01 -3.066220283508300781e-01 3.913121223449707031e-01 7.509970068931579590e-01 4.424802660942077637e-01 -9.313725829124450684e-01 3.512689098715782166e-02 -7.648019790649414062e-01 -3.397895693778991699e-01 -5.175561308860778809e-01 -1.996590942144393921e-01 -5.641366839408874512e-01 -4.112272858619689941e-01 -5.472711324691772461e-01 -2.655512690544128418e-01 -1.527620553970336914e-01 -7.201318144798278809e-01 -1.324056684970855713e-01 -2.293296903371810913e-01 2.003010362386703491e-01 2.612579464912414551e-01 -6.378696560859680176e-01 -2.181092202663421631e-01 -5.174471139907836914e-01 -2.933375537395477295e-01 -5.931782722473144531e-02 5.893290042877197266e-01 -7.082651257514953613e-01 1.845386028289794922e-01 -8.120252490043640137e-01 3.440113663673400879e-01 1.087825775146484375e+00 2.165075242519378662e-01 6.832072138786315918e-01 4.400981962680816650e-02 1.350598037242889404e-01 -2.627229392528533936e-01 3.414307832717895508e-01 2.912426926195621490e-02 2.690508365631103516e-01 -1.838084012269973755e-01 6.037082076072692871e-01
4.889298379421234131e-01 -4.589616954326629639e-01 3.516943752765655518e-01 -1.517908126115798950e-01 -2.426601052284240723e-01 -2.467554621398448944e-02 -7.473207265138626099e-02 -5.338644385337829590e-01 -2.894325554370880127e-02 2.482536286115646362e-01 -5.629943311214447021e-02 4.994561150670051575e-02 -8.146830201148986816e-01 -1.806074678897857666e-01 7.875781506299972534e-02 6.064784899353981018e-02 -7.265592813491821289e-01 5.486829280853271484e-01 -6.766281127929687500e-01 6.157448049634695053e-03 -5.653235912322998047e-01 2.534012496471405029e-01 3.787077963352203369e-01 -3.209466040134429932e-01 -2.431185245513916016e-01 -2.487193048000335693e-01 7.704028487205505371e-02 -7.796515524387359619e-02 -2.248028106987476349e-02 -4.800676703453063965e-01 1.719160228967666626e-01 -1.076190114021301270e+00 1.421074420213699341e-01 2.586794793605804443e-01 -7.740670442581176758e-01 -2.095112800598144531e-01 -7.407412528991699219e-01 2.139266133308410645e-01 -1.254723519086837769e-01 -1.009488105773925781e-01 -1.399468630552291870e-01 2.009523659944534302e-01 5.591094493865966797e-01 5.877032130956649780e-02 9.578568488359451294e-02 -2.885006368160247803e-01 1.178719028830528259e-01 -8.748753070831298828e-01 -1.610984057188034058e-01 -2.805476188659667969e-01 -7.169696688652038574e-01 1.614019647240638733e-02 4.149553179740905762e-01 3.537736237049102783e-01 4.609201550483703613e-01 5.753210783004760742e-01 -6.235685944557189941e-01 -6.898131370544433594e-01 -1.163193285465240479e-01 3.880957663059234619e-01 -1.228103488683700562e-01 -1.710511893033981323e-01 -4.870825409889221191e-01 1.588500887155532837e-01
6.625199317932128906e-01 2.132033556699752808e-01 3.027813732624053955e-01 1.565170288085937500e-01 -4.988567531108856201e-01 -1.250735074281692505e-01 3.502422273159027100e-01 4.719917848706245422e-02 -3.263663053512573242e-01 -4.278699755668640137e-01 -3.069998621940612793e-01 -4.300855696201324463e-01 -6.655667424201965332e-01 -2.818630933761596680e-01 5.128055810928344727e-01 9.551049470901489258e-01 -5.597304701805114746e-01 -3.188373520970344543e-02 -5.993239879608154297e-01 2.077356129884719849e-01 -1.356866955757141113e-01 5.554176568984985352e-01 1.731116026639938354e-01 -7.399949431419372559e-01 -2.650934159755706787e-01 3.521440029144287109e-01 2.432965040206909180e-01 -5.395619273185729980e-01 9.082168340682983398e-01 -3.153118491172790527e-02 4.991188943386077881e-01 1.861801147460937500e-01 -4.411199092864990234e-01 -1.830300092697143555e-01 -3.935205340385437012e-01 -5.213404893875122070e-01 -1.151396781206130981e-01 -9.439153075218200684e-01 4.752839505672454834e-01 -3.312907814979553223e-01 6.181626319885253906e-01 -1.718911379575729370e-01 -1.082061529159545898e-01 3.431707248091697693e-02 4.562742412090301514e-01 -1.899426132440567017e-01 5.638327598571777344e-01 -8.185444399714469910e-03 4.591024219989776611e-01 -1.235492434352636337e-02 1.792805492877960205e-01 -1.402829028666019440e-02 3.698713704943656921e-02 -5.389885306358337402e-01 5.926986932754516602e-01 4.261440634727478027e-01 -4.246686995029449463e-01 -8.772825002670288086e-01 4.092509746551513672e-01 -2.383243739604949951e-01 -3.646208047866821289e-01 8.866226673126220703e-01 1.313330233097076416e-01 2.542714476585388184e-01
8.405514359474182129e-01 -7.104555964469909668e-01 1.006428003311157227e+00 4.351377114653587341e-02 -7.690005004405975342e-02 -3.089403212070465088e-01 -4.900994300842285156e-01 6.597331166267395020e-02 -8.111568689346313477e-01 -2.958324849605560303e-01 -8.514319062232971191e-01 -4.248535633087158203e-01 -3.680502176284790039e-01 -1.091697692871093750e+00 6.428534388542175293e-01 1.006978154182434082e+00 -7.532202601432800293e-01 5.169919133186340332e-01 -1.904007047414779663e-01 8.925286531448364258e-01 -2.544546723365783691e-01 3.066085278987884521e-01 3.186113238334655762e-01 -8.427863717079162598e-01 -2.153996080160140991e-01 -2.361247837543487549e-01 -3.744454383850097656e-01 -4.863081872463226318e-01 6.990649551153182983e-02 -2.187131494283676147e-01 1.596936136484146118e-01 5.111743211746215820e-01 3.671468198299407959e-01 -3.087931275367736816e-01 -1.055209897458553314e-03 -2.344416454434394836e-02 -5.484594777226448059e-02 1.928722858428955078e-01 4.031412303447723389e-02 -7.834717035293579102e-01 -8.790529519319534302e-02 8.640720248222351074e-01 -2.122355699539184570e-01 -3.681862056255340576e-01 -4.732924513518810272e-03 -2.753127217292785645e-01 8.146609365940093994e-02 -1.977067999541759491e-02 4.055914580821990967e-01 -8.854768872261047363e-01 4.277823865413665771e-01 -6.142916679382324219e-01 -3.136110901832580566e-01 -1.939211934804916382e-01 2.103842347860336304e-01 2.893586158752441406e-01 7.767482399940490723e-01 -3.166102766990661621e-01 -3.285332322120666504e-01 -7.035828828811645508e-01 4.214415252208709717e-01 3.187767267227172852e-01 -4.915928468108177185e-02 5.254596471786499023e-01
4.817514419555664062e-01 -6.701148152351379395e-01 4.848994016647338867e-01 -1.197612658143043518e-01 -3.452633321285247803e-01 -5.667215585708618164e-01 -3.041248917579650879e-01 -4.150914251804351807e-01 -7.307812571525573730e-02 -7.570305466651916504e-01 -4.751807749271392822e-01 -2.173778116703033447e-01 -3.671223819255828857e-01 -5.187521576881408691e-01 6.208013892173767090e-01 6.622591018676757812e-01 -5.498301386833190918e-01 -1.511243283748626709e-01 3.694655299186706543e-01 3.418574929237365723e-01 1.956951767206192017e-01 8.926762640476226807e-02 4.043616652488708496e-01 -9.822019934654235840e-01 -3.158716857433319092e-01 -2.824435830116271973e-01 -3.511236282065510750e-03 -3.566502630710601807e-01 5.942448973655700684e-01 -5.162761807441711426e-01 5.303042531013488770e-01 1.521691530942916870e-01 3.038055002689361572e-01 -3.396056592464447021e-01 -1.594347059726715088e-01 -1.214286684989929199e-01 -3.678426844999194145e-03 2.566446363925933838e-01 -4.553713798522949219e-01 -2.666016519069671631e-01 -1.523188839200884104e-04 5.663567185401916504e-01 2.604668401181697845e-02 -2.834869623184204102e-01 -2.153805047273635864e-01 -4.151443839073181152e-01 2.124982178211212158e-01 -3.152415752410888672e-01 3.339842855930328369e-01 1.416865587234497070e-01 1.218043491244316101e-01 3.144204616546630859e-01 -3.438135385513305664e-01 -7.718712687492370605e-01 7.352030277252197266e-01 4.897743165493011475e-01 1.983491331338882446e-01 5.556549131870269775e-02 -8.998188972473144531e-01 -5.613224506378173828e-01 -1.511451750993728638e-01 -2.256022691726684570e-01 -8.133020251989364624e-03 4.321067631244659424e-01
1.042805314064025879e+00 -7.184288501739501953e-01 5.322307348251342773e-01 1.005473256111145020e+00 -3.789386153221130371e-01 -2.829946577548980713e-01 -2.958069927990436554e-02 3.986032307147979736e-01 -6.097410917282104492e-01 -1.011008262634277344e+00 -6.785848140716552734e-01 -1.719453334808349609e-01 -6.118584871292114258e-01 -1.634963154792785645e-01 6.648566126823425293e-01 1.176098823547363281e+00 2.821447253227233887e-01 -3.053835630416870117e-01 9.255401492118835449e-01 2.094227522611618042e-01 -4.937887191772460938e-01 -6.088346242904663086e-01 7.002336382865905762e-01 -1.221862077713012695e+00 -2.546887099742889404e-01 3.825258016586303711e-01 -4.081071913242340088e-01 -7.864829301834106445e-01 -2.272966057062149048e-01 -1.499061565846204758e-02 6.830510497093200684e-01 -4.430262446403503418e-01 8.368018269538879395e-01 -2.273721247911453247e-01 2.534527145326137543e-02 -5.146433711051940918e-01 -7.307035475969314575e-02 2.069849967956542969e-01 -4.046725928783416748e-01 5.249558687210083008e-01 -3.537229299545288086e-01 7.210401892662048340e-01 1.008243709802627563e-01 -8.845225572586059570e-01 -7.143650203943252563e-02 -3.495102226734161377e-01 -2.260294258594512939e-01 -1.889607012271881104e-01 -4.238437116146087646e-01 -1.104135066270828247e-01 1.860837042331695557e-01 -6.911013722419738770e-01 3.023658394813537598e-01 -2.672473788261413574e-01 6.705161333084106445e-01 3.853739798069000244e-01 -3.342767432332038879e-02 -9.964537024497985840e-01 -3.361655473709106445e-01 -3.537948131561279297e-01 4.366478919982910156e-01 -3.606284260749816895e-01 -4.132247567176818848e-01 8.799941837787628174e-02
1.042357444763183594e+00 -1.273096501827239990e-01 9.480324983596801758e-01 9.076287746429443359e-01 -6.939706951379776001e-02 -5.076372027397155762e-01 -5.371986031532287598e-01 1.680404692888259888e-01 -1.120831131935119629e+00 -2.371276021003723145e-01 -2.870100140571594238e-01 -1.928645491600036621e+00 -6.783198565244674683e-02 -3.221783638000488281e-01 -2.926971949636936188e-02 2.118625938892364502e-01 -3.664750158786773682e-01 -4.793657362461090088e-01 4.228344261646270752e-01 8.757541179656982422e-01 5.386116504669189453e-01 4.300783276557922363e-01 1.608287096023559570e+00 -1.486975312232971191e+00 1.215851977467536926e-01 1.046794578433036804e-01 -3.446890041232109070e-02 -1.798912137746810913e-01 3.475125133991241455e-01 -9.396545886993408203e-01 2.172505110502243042e-01 -7.797005176544189453e-01 -1.826773136854171753e-01 -6.084256768226623535e-01 1.045867577195167542e-01 -1.262234687805175781e+00 -3.448794782161712646e-01 -6.263625025749206543e-01 -6.540827751159667969e-01 -3.462166488170623779e-01 -7.347718477249145508e-01 -5.276530981063842773e-01 5.238329768180847168e-01 -4.696438312530517578e-01 6.856682896614074707e-02 2.347456812858581543e-01 -2.568407654762268066e-01 5.312593579292297363e-01 -6.119613051414489746e-01 4.691466093063354492e-01 3.096923232078552246e-01 1.555908285081386566e-02 5.101360380649566650e-02 7.147787213325500488e-01 -4.891494289040565491e-02 -4.359959438443183899e-02 -4.474641382694244385e-01 -1.286499738693237305e+00 -4.478542134165763855e-02 3.465225696563720703e-01 -2.402660697698593140e-01 4.193360209465026855e-01 3.114475011825561523e-01 4.185834825038909912e-01
2.520053982734680176e-01 -7.823783755302429199e-01 -2.343340031802654266e-02 -1.383981406688690186e-01 -4.236596822738647461e-01 -1.818749122321605682e-02 -1.055809855461120605e-01 -1.797397881746292114e-01 1.670284420251846313e-01 -4.835688769817352295e-01 -5.960086584091186523e-01 -2.355116046965122223e-02 -6.133310198783874512e-01 -8.063095211982727051e-01 6.472163200378417969e-01 6.206732392311096191e-01 -6.867351382970809937e-02 2.276082485914230347e-01 1.806839257478713989e-01 2.023898251354694366e-02 -1.235778778791427612e-01 -4.866959527134895325e-02 4.542987346649169922e-01 -9.261616468429565430e-01 1.461056023836135864e-01 3.199825882911682129e-01 -1.893234997987747192e-01 -3.405050933361053467e-01 3.887835443019866943e-01 -1.810137480497360229e-01 6.074405312538146973e-01 -4.048870205879211426e-01 2.215597927570343018e-01 -1.372347623109817505e-01 -3.280243277549743652e-02 2.005447447299957275e-01 -1.308501809835433960e-01 9.566276520490646362e-02 -4.182094037532806396e-01 1.081316694617271423e-01 6.736893951892852783e-02 4.042659699916839600e-01 -8.740816265344619751e-02 -6.652666926383972168e-01 3.035597205162048340e-01 -5.041597485542297363e-01 3.241230845451354980e-01 -3.490807414054870605e-01 2.897824943065643311e-01 2.253861427307128906e-01 -2.720213234424591064e-01 -1.932881921529769897e-01 -1.888956129550933838e-01 -8.303433060646057129e-01 5.172486305236816406e-01 4.846590757369995117e-02 1.681720614433288574e-01 -1.180338412523269653e-01 -7.361046075820922852e-01 -4.003006517887115479e-01 6.715402752161026001e-02 -6.618788838386535645e-02 2.844136059284210205e-01 1.874397695064544678e-02
7.937009930610656738e-01 1.711896061897277832e-01 7.978830337524414062e-01 -7.500403374433517456e-02 -3.686091005802154541e-01 1.383439153432846069e-01 -5.521186068654060364e-02 3.380187749862670898e-01 -4.882968068122863770e-01 -9.395740181207656860e-02 -2.944443225860595703e-01 -7.173069119453430176e-01 -5.030538439750671387e-01 -4.425720870494842529e-01 1.046903014183044434e+00 1.014089822769165039e+00 -4.634550809860229492e-01 -5.319963693618774414e-01 -1.152474164962768555e+00 2.772119939327239990e-01 2.880634963512420654e-01 5.711830258369445801e-01 -4.973028600215911865e-01 -6.662248373031616211e-01 -4.609719216823577881e-01 3.080001771450042725e-01 5.417591333389282227e-01 -2.142173498868942261e-01 7.278417944908142090e-01 7.527197897434234619e-02 9.024496376514434814e-02 6.164798140525817871e-02 -9.343602508306503296e-02 1.248457953333854675e-01 -5.636165142059326172e-01 -7.155014276504516602e-01 7.893632352352142334e-02 -3.563438057899475098e-01 1.169841736555099487e-01 -1.699352413415908813e-01 4.871095418930053711e-01 6.108089089393615723e-01 -1.487564891576766968e-01 -1.691091656684875488e-01 1.105579495429992676e+00 2.315818369388580322e-01 4.678040146827697754e-01 1.601218730211257935e-01 3.835775554180145264e-01 -4.274530708789825439e-01 -6.700704991817474365e-02 -4.156294465065002441e-02 3.376752138137817383e-01 3.356230631470680237e-02 3.188699483871459961e-01 3.098458610475063324e-02 -1.252560377120971680e+00 -7.399885654449462891e-01 -5.741169452667236328e-01 -4.746486246585845947e-01 -3.470422625541687012e-01 3.055047094821929932e-01 -2.104881107807159424e-01 1.439152061939239502e-01
8.472792506217956543e-01 -1.460348814725875854e-02 7.200147509574890137e-01 1.341228187084197998e-01 9.770805388689041138e-02 -1.894064843654632568e-01 2.773795127868652344e-01 1.256633251905441284e-01 -7.814151644706726074e-01 -4.931896626949310303e-01 -5.208080410957336426e-01 -6.163752675056457520e-01 -1.589598804712295532e-01 -5.688642263412475586e-01 4.056772291660308838e-01 9.597740173339843750e-01 -3.984851241111755371e-01 -5.458696484565734863e-01 -7.325714230537414551e-01 1.491395235061645508e-01 2.352652102708816528e-01 4.701501131057739258e-01 -4.035252928733825684e-01 -1.046150326728820801e+00 -1.947007924318313599e-01 7.137563228607177734e-01 8.096037060022354126e-02 -5.669036507606506348e-01 9.162221550941467285e-01 -5.152082815766334534e-02 9.414576739072799683e-02 3.094029724597930908e-01 -1.510083079338073730e-01 -7.542510330677032471e-02 -5.406038165092468262e-01 -2.539704740047454834e-01 1.304438859224319458e-01 -3.835834860801696777e-01 -1.499555725604295731e-02 -5.228608101606369019e-02 1.095285266637802124e-01 6.442309916019439697e-02 -3.730470836162567139e-01 -3.345238566398620605e-01 4.922909438610076904e-01 -1.934617310762405396e-01 7.919827103614807129e-01 -1.446135938167572021e-01 1.706393361091613770e-01 -4.364185333251953125e-01 6.570519804954528809e-01 4.701908677816390991e-02 2.235246002674102783e-01 -5.333193540573120117e-01 9.148230552673339844e-01 1.635296642780303955e-01 -6.129018068313598633e-01 -7.505719661712646484e-01 4.291630089282989502e-01 -2.946266233921051025e-01 -4.180850088596343994e-01 5.941755771636962891e-01 -2.267674654722213745e-01 -2.507568895816802979e-01
5.125011801719665527e-01 -9.052189439535140991e-02 3.130102157592773438e-01 -1.517030298709869385e-01 -1.074744820594787598e+00 -6.477449834346771240e-02 -2.700607180595397949e-01 -4.710463434457778931e-02 -8.752943873405456543e-01 -7.593820095062255859e-01 -3.007390797138214111e-01 -1.209855556488037109e+00 -9.037467241287231445e-01 -5.308842658996582031e-01 2.626000642776489258e-01 5.661010742187500000e-01 -1.104872941970825195e+00 -4.805588722229003906e-01 -8.623795509338378906e-01 -1.420759558677673340e-01 1.955972313880920410e-01 4.600783586502075195e-01 7.996721863746643066e-01 -1.379382729530334473e+00 -8.186684921383857727e-03 4.729782044887542725e-01 3.113225698471069336e-01 -1.278273701667785645e+00 1.640258580446243286e-01 2.428603917360305786e-01 -1.543479561805725098e-01 5.401805639266967773e-01 -2.887962460517883301e-01 -8.508861064910888672e-02 -9.139472842216491699e-01 5.069826543331146240e-02 7.930101752281188965e-01 -1.439278006553649902e+00 5.955249071121215820e-01 -1.768382191658020020e-01 1.840065419673919678e-01 -1.424052417278289795e-01 8.795098662376403809e-01 -6.617040634155273438e-01 -7.930548787117004395e-01 -5.417214035987854004e-01 9.878392517566680908e-02 -4.002465009689331055e-01 -2.961348295211791992e-01 -6.183229088783264160e-01 1.184424608945846558e-01 1.279642879962921143e-01 1.321080178022384644e-01 4.131222069263458252e-01 4.080898761749267578e-01 -4.495920836925506592e-01 -6.255908608436584473e-01 -6.990338563919067383e-01 -1.981142759323120117e-01 -9.324088692665100098e-02 3.929571211338043213e-01 6.555339694023132324e-01 -4.132015109062194824e-01 5.691856741905212402e-01
1.021064519882202148e+00 -2.291283309459686279e-01 5.909956693649291992e-01 7.302511930465698242e-01 -1.330313384532928467e-01 2.733070552349090576e-01 1.128636226058006287e-01 6.774281859397888184e-01 -8.156210780143737793e-01 -3.617961108684539795e-01 -1.809979379177093506e-01 4.531385377049446106e-02 -8.458002209663391113e-01 -4.874280095100402832e-01 1.011534690856933594e+00 1.051451802253723145e+00 8.946505188941955566e-02 1.209582462906837463e-01 1.245517492294311523e+00 -2.286961227655410767e-01 -2.687279880046844482e-01 -3.138514757156372070e-01 7.036439180374145508e-01 -1.644746780395507812e+00 -2.060805261135101318e-01 -1.177684217691421509e-01 1.397592425346374512e-01 -2.060135453939437866e-01 -3.073749840259552002e-01 -4.361559152603149414e-01 4.330746233463287354e-01 -4.593691825866699219e-01 -1.755155622959136963e-02 -1.274114549160003662e-01 1.405366957187652588e-01 -3.905678912997245789e-02 -2.406619489192962646e-01 6.147677823901176453e-02 -2.132626324892044067e-01 3.232343494892120361e-02 -4.668310880661010742e-01 6.310089230537414551e-01 1.233832538127899170e-01 -9.463878870010375977e-01 -4.047538936138153076e-01 -5.631613731384277344e-01 -4.635107237845659256e-03 -1.060951501131057739e-01 -3.232003152370452881e-01 -9.551881253719329834e-02 9.427400678396224976e-02 -1.327600181102752686e-01 3.788044154644012451e-01 -1.569565236568450928e-01 6.215941905975341797e-01 2.151121646165847778e-01 2.763781696557998657e-02 -5.291727781295776367e-01 -8.483453989028930664e-01 -4.465743005275726318e-01 1.376623958349227905e-01 5.793339610099792480e-01 -7.618100196123123169e-02 8.432443141937255859e-01
8.846036195755004883e-01 -3.162132799625396729e-01 3.581784367561340332e-01 1.134628891944885254e+00 -3.895417153835296631e-01 -1.096481561660766602e+00 -9.599775820970535278e-02 -7.003882527351379395e-01 6.654251366853713989e-02 4.302017688751220703e-01 -1.388150691986083984e+00 -1.173274636268615723e+00 -7.642750740051269531e-01 -4.688231348991394043e-01 5.904477834701538086e-01 1.037281036376953125e+00 -3.277199566364288330e-01 5.351161956787109375e-01 -5.311751365661621094e-01 1.248249650001525879e+00 5.779362320899963379e-01 8.566789627075195312e-01 1.458948254585266113e+00 -1.165747284889221191e+00 -2.522156536579132080e-01 -4.934971407055854797e-02 1.077883601188659668e+00 -8.237998485565185547e-01 2.766949832439422607e-01 2.966420948505401611e-01 2.499685138463973999e-01 -1.123843193054199219e-01 -1.490954458713531494e-01 -9.659853577613830566e-02 -3.501482605934143066e-01 -5.631896853446960449e-01 5.301513671875000000e-01 3.140397369861602783e-01 -8.960403203964233398e-01 -3.733456432819366455e-01 -3.699147999286651611e-01 3.216308653354644775e-01 -2.420984655618667603e-01 6.015751361846923828e-01 -9.896713495254516602e-01 -3.752178549766540527e-01 6.724047660827636719e-01 -5.935726165771484375e-01 -5.855645537376403809e-01 3.963008522987365723e-01 7.663447856903076172e-01 9.924512356519699097e-02 -5.306493639945983887e-01 9.086824059486389160e-01 3.482536375522613525e-01 -1.773678809404373169e-01 5.131379961967468262e-01 -3.378573358058929443e-01 1.113931164145469666e-01 7.887539453804492950e-03 8.869268894195556641e-01 1.564188003540039062e+00 -1.025638222694396973e+00 1.016608357429504395e+00
5.356252789497375488e-01 -3.742012083530426025e-01 9.127146005630493164e-01 2.046252042055130005e-01 -5.813133120536804199e-01 -6.298462152481079102e-01 -1.681032031774520874e-01 1.157006248831748962e-01 -7.976291179656982422e-01 5.821177959442138672e-01 -3.156098723411560059e-01 -5.866237878799438477e-01 3.353936076164245605e-01 -6.670683622360229492e-02 -1.053089573979377747e-01 4.425544142723083496e-01 -7.194919586181640625e-01 -2.631404399871826172e-01 -8.367297053337097168e-02 6.082758903503417969e-01 9.195535778999328613e-01 6.159999370574951172e-01 -8.255499601364135742e-02 -8.774869441986083984e-01 1.893927305936813354e-01 7.432543039321899414e-01 1.042104139924049377e-02 -2.836121916770935059e-01 7.917317748069763184e-01 3.385281264781951904e-01 -1.146800145506858826e-01 -4.630779325962066650e-01 8.607677817344665527e-01 6.399007439613342285e-01 -9.327763319015502930e-01 -9.447794407606124878e-02 2.216416895389556885e-01 1.684467345476150513e-01 -3.127478957176208496e-01 1.077533438801765442e-01 7.543269395828247070e-01 3.307111561298370361e-01 -9.415909647941589355e-02 -6.615608334541320801e-01 -1.870847493410110474e-01 -3.554424941539764404e-01 5.434150099754333496e-01 -1.046742573380470276e-01 -1.627068817615509033e-01 -1.364149898290634155e-01 1.935881823301315308e-01 -5.777666568756103516e-01 -1.391922980546951294e-01 5.281390622258186340e-02 -2.455584853887557983e-01 -4.497289657592773438e-02 1.331692785024642944e-01 -4.967757463455200195e-01 -8.959637284278869629e-01 1.289539188146591187e-01 7.524616271257400513e-02 1.038299322128295898e+00 1.638540029525756836e-01 3.151606023311614990e-01
5.647602677345275879e-01 -1.096903800964355469e+00 8.792549371719360352e-01 3.241642415523529053e-01 2.136585414409637451e-01 -4.674982726573944092e-01 -7.574713230133056641e-02 -1.156249642372131348e-01 -8.385111093521118164e-01 -5.469249486923217773e-01 -2.936415076255798340e-01 -8.557578176259994507e-02 -3.348270356655120850e-01 -5.501279830932617188e-01 6.803979873657226562e-01 8.018684983253479004e-01 -3.194417953491210938e-01 3.619773685932159424e-01 -8.652678132057189941e-02 2.977311313152313232e-01 8.145755529403686523e-01 5.218359641730785370e-03 5.872960686683654785e-01 -5.292592048645019531e-01 -4.832856357097625732e-02 6.011770367622375488e-01 -4.121581017971038818e-01 -3.226065635681152344e-01 -2.575458586215972900e-01 3.739687502384185791e-01 2.675857245922088623e-01 3.384331762790679932e-01 -4.789059162139892578e-01 -7.963219285011291504e-02 -2.444708943367004395e-01 -2.701688408851623535e-01 3.422016277909278870e-02 -2.386315912008285522e-01 4.079723060131072998e-01 -5.679383873939514160e-01 4.058891907334327698e-02 8.492926359176635742e-01 4.921672940254211426e-01 1.694951765239238739e-02 -1.241391971707344055e-01 4.860984918195754290e-04 6.695899963378906250e-01 1.790584065020084381e-03 5.667212009429931641e-01 -6.153895258903503418e-01 -8.350417017936706543e-01 -2.125971615314483643e-01 4.484005570411682129e-01 -3.286212384700775146e-01 1.561651378870010376e-01 4.111942946910858154e-01 2.458877712488174438e-01 -1.656886637210845947e-01 -9.295193105936050415e-02 -9.429784864187240601e-02 1.577727794647216797e-01 2.941589057445526123e-01 -2.197295278310775757e-01 5.857832431793212891e-01
6.143652200698852539e-01 -3.052981495857238770e-01 -9.036956429481506348e-01 2.107795327901840210e-01 -6.091673374176025391e-01 2.056017518043518066e-01 -1.475853770971298218e-01 2.029539495706558228e-01 -2.032782435417175293e-01 5.448874831199645996e-02 3.492960706353187561e-02 -2.093197584152221680e+00 -4.774594679474830627e-02 -1.173586726188659668e+00 -3.394892513751983643e-01 1.115466713905334473e+00 4.573408141732215881e-02 -2.578712701797485352e-01 3.064569234848022461e-01 1.792974621057510376e-01 3.601132631301879883e-01 5.537461861968040466e-02 1.098609685897827148e+00 -9.462356567382812500e-01 -3.981656432151794434e-01 1.080761551856994629e-01 -5.069095492362976074e-01 -4.017201364040374756e-01 -3.074605762958526611e-01 1.153667420148849487e-01 -6.892015933990478516e-01 4.149810969829559326e-02 4.205817729234695435e-02 -3.047991394996643066e-01 -4.487425684928894043e-01 -6.298360228538513184e-01 -5.193132162094116211e-01 3.051868453621864319e-02 -3.203504085540771484e-01 2.344992756843566895e-01 -2.844120264053344727e-01 5.800988152623176575e-02 -3.853051364421844482e-01 -3.793908655643463135e-01 -3.905701339244842529e-01 -9.544040560722351074e-01 1.090336322784423828e+00 -2.272378802299499512e-01 -4.061359167098999023e-01 2.344405353069305420e-01 -3.790411353111267090e-01 1.529494579881429672e-02 -1.383173316717147827e-01 3.443705737590789795e-01 8.039569854736328125e-01 3.468340039253234863e-01 1.003730967640876770e-01 -7.422374486923217773e-01 1.237725019454956055e-01 3.271934390068054199e-01 -7.441467046737670898e-02 4.187234044075012207e-01 -8.660040497779846191e-01 7.648159861564636230e-01
1.407448887825012207e+00 7.246275246143341064e-02 -1.252525392919778824e-02 6.011960506439208984e-01 3.094345629215240479e-01 -1.143994927406311035e-01 -1.098202988505363464e-01 8.412876129150390625e-01 -5.613000988960266113e-01 -3.366821706295013428e-01 -5.875409841537475586e-01 -2.141605138778686523e+00 -8.497149944305419922e-01 -2.006551474332809448e-01 6.473213434219360352e-01 3.224299252033233643e-01 -1.171106219291687012e+00 1.064612716436386108e-01 6.286333799362182617e-01 9.554160833358764648e-01 1.650028079748153687e-01 3.370663225650787354e-01 1.658786535263061523e+00 -7.560419440269470215e-01 1.225214898586273193e-01 7.841800451278686523e-01 8.602356314659118652e-01 -3.471986949443817139e-01 -3.655104339122772217e-01 -5.488974452018737793e-01 6.081416010856628418e-01 -7.260627150535583496e-01 -9.831003844738006592e-02 5.418210029602050781e-01 8.482708781957626343e-02 -7.167949676513671875e-01 8.878050446510314941e-01 1.689882129430770874e-01 -1.129245758056640625e-01 1.936377137899398804e-01 -4.914498329162597656e-01 5.714815855026245117e-01 -5.021462962031364441e-02 -1.054066061973571777e+00 -7.032153010368347168e-01 1.010634452104568481e-01 1.331864953041076660e+00 4.674779176712036133e-01 2.281452566385269165e-01 1.291875392198562622e-01 1.649223081767559052e-02 -1.103171229362487793e+00 8.770236372947692871e-01 3.697619587182998657e-02 1.059624791145324707e+00 -5.350544452667236328e-01 -2.044968158006668091e-01 -2.203478366136550903e-01 4.281092882156372070e-01 -4.011414945125579834e-01 5.702474117279052734e-01 1.137212753295898438e+00 -4.850347638130187988e-01 -1.751965582370758057e-01
4.301791489124298096e-01 -1.367909014225006104e-01 -5.898897647857666016e-01 -7.603193819522857666e-02 -6.475961208343505859e-01 -7.280523777008056641e-01 2.674415707588195801e-01 3.076921775937080383e-02 -2.069872319698333740e-01 -1.618891209363937378e-01 1.233814060688018799e-01 -1.111579179763793945e+00 2.098347246646881104e-01 -9.843959212303161621e-01 7.875019311904907227e-02 9.155340790748596191e-01 -3.321111947298049927e-02 -3.040426373481750488e-01 4.258529841899871826e-01 -4.149299860000610352e-01 -5.804612860083580017e-02 3.422121405601501465e-01 6.905043721199035645e-01 -8.806274533271789551e-01 -2.923003435134887695e-01 -4.664345681667327881e-01 -1.666901409626007080e-01 -7.352530211210250854e-02 1.101476624608039856e-01 -4.447710514068603516e-02 5.752813443541526794e-02 -7.089080661535263062e-02 -2.828415036201477051e-01 -3.804055154323577881e-01 -6.311073303222656250e-01 -1.917784661054611206e-01 -4.700036942958831787e-01 -2.480664402246475220e-01 8.737698942422866821e-02 -4.924245476722717285e-01 1.571804881095886230e-01 -5.300171375274658203e-01 -7.051253318786621094e-01 -2.682612538337707520e-01 -2.057549506425857544e-01 -6.474591493606567383e-01 1.818393021821975708e-01 -5.535313487052917480e-01 5.267273783683776855e-01 7.534807175397872925e-02 -7.697448730468750000e-01 -2.731970846652984619e-01 -2.173333466053009033e-01 2.169943414628505707e-02 7.738177776336669922e-01 1.426255255937576294e-01 -4.019438028335571289e-01 -3.953574299812316895e-01 -7.002824544906616211e-01 1.287198513746261597e-01 6.579609960317611694e-02 -2.623357176780700684e-01 -2.678989470005035400e-01 1.382251828908920288e-01
-5.352346897125244141e-01 -3.194392323493957520e-01 2.517846524715423584e-01 -5.474911928176879883e-01 -8.408686518669128418e-02 -2.154574096202850342e-01 9.369494765996932983e-02 -7.382061481475830078e-01 -3.415845930576324463e-01 -4.187831878662109375e-01 1.367217767983675003e-02 -4.745501577854156494e-01 5.553910881280899048e-02 -4.238439500331878662e-01 -7.683926075696945190e-02 1.155144214630126953e+00 1.378331929445266724e-01 -3.967041075229644775e-01 1.803011745214462280e-01 2.577164396643638611e-02 -3.599661290645599365e-01 1.292522400617599487e-01 1.540006101131439209e-01 -4.255388677120208740e-01 7.982493937015533447e-02 2.998681962490081787e-01 -5.768743529915809631e-02 -5.924358963966369629e-01 8.437144011259078979e-02 -1.407586932182312012e+00 2.409921884536743164e-01 -4.391037523746490479e-01 -5.655298829078674316e-01 -5.768344551324844360e-02 -2.269504964351654053e-01 -1.938652247190475464e-01 -1.767011284828186035e-01 1.171887740492820740e-01 -1.016836706548929214e-02 -3.379838168621063232e-01 2.625407092273235321e-02 5.837665200233459473e-01 6.442682743072509766e-01 -1.242240592837333679e-01 -2.891262061893939972e-02 -1.930216252803802490e-01 2.065037935972213745e-01 -1.516671031713485718e-01 -2.953377664089202881e-01 4.082384109497070312e-01 4.092506170272827148e-01 -8.457366228103637695e-01 -4.343166649341583252e-01 1.691473275423049927e-01 3.325668275356292725e-01 -1.528156548738479614e-01 5.338127017021179199e-01 -5.532354712486267090e-01 -6.467072963714599609e-01 2.561359703540802002e-01 -4.744201600551605225e-01 -1.971408724784851074e-01 -5.634490251541137695e-01 1.120143085718154907e-01
5.777721405029296875e-01 -4.129927754402160645e-01 4.889700710773468018e-01 1.806573867797851562e-01 -3.436540365219116211e-01 -6.437978148460388184e-02 1.719707250595092773e-01 -5.488035827875137329e-02 -3.779616355895996094e-01 -4.436191022396087646e-01 -5.578494668006896973e-01 3.711330145597457886e-02 -2.052060812711715698e-01 -3.974271118640899658e-01 7.178915143013000488e-01 1.157857656478881836e+00 -8.015103340148925781e-01 -1.036304086446762085e-01 3.560599088668823242e-01 -4.664965346455574036e-02 -6.388787925243377686e-02 -6.115533784031867981e-02 1.697077602148056030e-01 -9.973272085189819336e-01 -8.658507466316223145e-02 7.220405340194702148e-02 -2.114340215921401978e-01 -4.949119091033935547e-01 3.568712621927261353e-02 1.230846866965293884e-01 5.561164021492004395e-01 -3.384528681635856628e-02 -4.139458835124969482e-01 7.981800287961959839e-02 5.015663802623748779e-02 -2.767818272113800049e-01 5.084173381328582764e-02 -1.618233621120452881e-01 -3.887543454766273499e-02 -1.318688839673995972e-01 -1.539826244115829468e-01 1.148146152496337891e+00 -1.785488426685333252e-01 -6.074121594429016113e-01 -2.429932653903961182e-01 -3.944798409938812256e-01 4.302415624260902405e-02 -1.734519451856613159e-01 1.934184581041336060e-01 -2.457881420850753784e-01 -2.670687250792980194e-02 -1.031423732638359070e-01 6.336253136396408081e-02 -5.291182994842529297e-01 4.289349913597106934e-01 9.784194082021713257e-02 2.994814217090606689e-01 -1.096885427832603455e-01 -7.787008285522460938e-01 -3.581432700157165527e-01 3.396482169628143311e-01 -5.204121768474578857e-02 1.257451474666595459e-01 6.255389451980590820e-01
1.294070959091186523e+00 2.233734577894210815e-01 -4.128820598125457764e-01 5.275666713714599609e-01 -3.505019545555114746e-01 -4.794007241725921631e-01 -2.680583000183105469e-01 -4.427459537982940674e-01 -4.592673480510711670e-01 1.729976087808609009e-01 -5.875779986381530762e-01 -6.735472083091735840e-01 -4.493058323860168457e-01 2.240819633007049561e-01 2.917276322841644287e-01 -1.969234347343444824e-01 -5.121065378189086914e-01 5.156155228614807129e-01 -4.415287971496582031e-01 2.883359417319297791e-02 9.617074131965637207e-01 1.068751335144042969e+00 9.003598690032958984e-01 -1.145389318466186523e+00 -5.187945961952209473e-01 4.022893905639648438e-01 -2.210833281278610229e-01 -7.436278462409973145e-01 -5.141364037990570068e-02 -6.177395582199096680e-01 4.860237836837768555e-01 -8.738750964403152466e-02 6.155031323432922363e-01 -1.190518289804458618e-01 8.880111575126647949e-02 -8.669412732124328613e-01 7.492026686668395996e-01 7.816007733345031738e-01 -3.430316746234893799e-01 7.354909926652908325e-02 -6.015100702643394470e-02 1.148364096879959106e-01 3.761274814605712891e-01 -7.876552939414978027e-01 -3.359178304672241211e-01 -1.314012408256530762e-01 -2.589574456214904785e-01 -5.009550452232360840e-01 2.261598855257034302e-01 -7.136877179145812988e-01 2.649711668491363525e-01 -3.569724559783935547e-01 2.680142819881439209e-01 4.404285252094268799e-01 -5.532456636428833008e-01 -4.810234010219573975e-01 3.234433233737945557e-01 -1.036994814872741699e+00 -1.088563427329063416e-01 5.469784140586853027e-01 -2.328070402145385742e-01 1.242233991622924805e+00 3.664727807044982910e-01 1.901946216821670532e-01
7.264820337295532227e-01 -1.502195745706558228e-01 4.841971024870872498e-02 4.808986783027648926e-01 -5.240373015403747559e-01 -9.555358439683914185e-02 -3.297773301601409912e-01 -7.005065083503723145e-01 -4.924441874027252197e-01 -2.328978618606925011e-03 -1.511268615722656250e-01 -5.006338953971862793e-01 5.101820230484008789e-01 -2.889839708805084229e-01 2.338468134403228760e-01 5.852876901626586914e-01 -9.061015844345092773e-01 7.646865397691726685e-02 -4.259266555309295654e-01 2.416672557592391968e-01 9.551104903221130371e-01 4.719203710556030273e-01 -6.165030226111412048e-02 -8.683184385299682617e-01 -3.110243082046508789e-01 1.949171572923660278e-01 -2.662279903888702393e-01 -4.068835452198982239e-02 3.029958009719848633e-01 5.215575695037841797e-01 2.095255255699157715e-01 -8.960498869419097900e-02 3.861308991909027100e-01 3.127716183662414551e-01 -3.533952534198760986e-01 -6.585662961006164551e-01 -4.895844310522079468e-02 5.151761174201965332e-01 1.523507237434387207e-01 4.627278447151184082e-01 5.937303900718688965e-01 -1.012652143836021423e-01 1.576001197099685669e-01 -2.701254785060882568e-01 1.887934356927871704e-01 -4.092598855495452881e-01 8.248053491115570068e-02 -1.093713492155075073e-01 -2.484004572033882141e-02 -1.064760610461235046e-01 2.513178288936614990e-01 -3.321589231491088867e-01 3.324045836925506592e-01 4.006706774234771729e-01 -4.683020412921905518e-01 -1.548504829406738281e-01 5.052608251571655273e-01 -1.153041601181030273e+00 -1.159128189086914062e+00 6.820113211870193481e-02 -5.856463909149169922e-01 9.121599197387695312e-01 4.762233495712280273e-01 -3.319358229637145996e-01
3.664232194423675537e-01 -7.702390551567077637e-01 3.567836284637451172e-01 9.121276140213012695e-01 2.363169342279434204e-01 -2.585461130365729332e-03 -1.975598931312561035e-01 -4.296932816505432129e-01 -4.016425609588623047e-01 9.138906002044677734e-02 -6.408870220184326172e-01 -8.518951535224914551e-01 -1.827964335680007935e-01 -8.136116266250610352e-01 8.282416462898254395e-01 4.005824625492095947e-01 -2.764924466609954834e-01 3.411981165409088135e-01 5.523260235786437988e-01 4.829936325550079346e-01 1.588175058364868164e+00 3.425203636288642883e-02 4.744453430175781250e-01 -4.928982853889465332e-01 -6.709250807762145996e-01 8.556768298149108887e-01 -2.420092225074768066e-01 2.095737308263778687e-01 -4.450938701629638672e-01 6.209760531783103943e-02 5.119869709014892578e-01 -4.430102705955505371e-01 -1.679219007492065430e-01 -8.054177463054656982e-02 -5.660405158996582031e-01 -3.543176501989364624e-02 3.855066001415252686e-01 -1.332098394632339478e-01 -4.518651217222213745e-02 -7.945321500301361084e-02 1.038340553641319275e-01 2.536870241165161133e-01 9.301652312278747559e-01 -2.573973834514617920e-01 5.514302477240562439e-02 -1.165327131748199463e-01 9.566985964775085449e-01 -1.170545257627964020e-02 6.509837508201599121e-01 -9.177268743515014648e-01 -4.826124012470245361e-01 -2.565539181232452393e-01 2.469720691442489624e-01 4.046071767807006836e-01 -1.768233776092529297e-01 6.072437167167663574e-01 2.487641125917434692e-01 -5.715140104293823242e-01 -4.887716472148895264e-01 -4.451862573623657227e-01 -2.212238460779190063e-01 4.581714272499084473e-01 3.719775378704071045e-01 5.646840333938598633e-01
2.079859733581542969e+00 -1.553985029458999634e-01 3.396523892879486084e-01 1.012552976608276367e+00 1.942159533500671387e-01 -8.960418105125427246e-01 7.120783925056457520e-01 5.672655701637268066e-01 -2.237047553062438965e-01 -1.530453681945800781e+00 -2.790134847164154053e-01 -2.326423645019531250e+00 -1.207179427146911621e+00 -1.200116157531738281e+00 1.678780019283294678e-01 9.541744738817214966e-02 4.981845617294311523e-01 -4.536097645759582520e-01 4.679803922772407532e-02 -5.137044936418533325e-02 1.017736673355102539e+00 1.482283830642700195e+00 1.088153004646301270e+00 -1.441342473030090332e+00 5.916860327124595642e-02 6.616623997688293457e-01 1.028475016355514526e-01 -4.255560934543609619e-01 1.995673328638076782e-01 -1.020605921745300293e+00 8.729162216186523438e-01 -5.430490970611572266e-01 1.348745465278625488e+00 2.559941411018371582e-01 3.254114389419555664e-01 -2.842498421669006348e-01 -4.315029680728912354e-01 6.003608703613281250e-01 -6.369448304176330566e-01 -6.634126305580139160e-01 -5.663389563560485840e-01 7.656083703041076660e-01 -4.448985755443572998e-01 6.591953039169311523e-01 6.343610286712646484e-01 -3.112641572952270508e-01 2.365823388099670410e-01 6.301274895668029785e-02 -2.722199261188507080e-01 -4.812498986721038818e-01 3.125866949558258057e-01 3.006795048713684082e-01 -8.059434592723846436e-02 3.891631960868835449e-01 4.836688041687011719e-01 8.665297031402587891e-01 3.883427381515502930e-01 -1.440269351005554199e+00 -5.725624561309814453e-01 6.955641508102416992e-01 -1.772991865873336792e-01 1.259422302246093750e-01 3.179121017456054688e-01 1.043961524963378906e+00
3.648577630519866943e-01 -2.495324909687042236e-01 4.609464704990386963e-01 4.560995995998382568e-01 -3.339029550552368164e-01 2.099207639694213867e-01 -3.400444984436035156e-01 -5.543051362037658691e-01 -4.812566041946411133e-01 5.118970274925231934e-01 -4.549514949321746826e-01 -6.998932957649230957e-01 3.767927289009094238e-01 1.350474804639816284e-01 4.667361676692962646e-01 1.439026147127151489e-01 -1.805087924003601074e-01 3.999267220497131348e-01 -3.039196133613586426e-01 7.554464042186737061e-02 1.291882395744323730e+00 7.435544133186340332e-01 -4.152959212660789490e-02 -7.074343562126159668e-01 -5.630546808242797852e-01 6.289665102958679199e-01 -4.253406822681427002e-01 2.500889599323272705e-01 1.862385720014572144e-01 8.826595544815063477e-02 5.003728866577148438e-01 5.641321837902069092e-02 1.443877071142196655e-01 4.406213164329528809e-01 -9.639171957969665527e-01 -5.379264950752258301e-01 -9.762175381183624268e-02 2.650394141674041748e-01 -2.954302728176116943e-01 2.064347863197326660e-01 1.636620461940765381e-01 8.365931361913681030e-02 1.042277887463569641e-01 -9.220855236053466797e-01 4.107347726821899414e-01 1.872867345809936523e-01 1.645234376192092896e-01 -2.276389896869659424e-01 1.717789322137832642e-01 -6.280449032783508301e-01 2.065891474485397339e-01 -6.938386559486389160e-01 1.446155756711959839e-01 4.395781457424163818e-01 -1.110628470778465271e-01 -1.249633431434631348e-01 -6.907983869314193726e-02 -7.491518259048461914e-01 -8.844690322875976562e-01 -2.608702145516872406e-02 1.590067297220230103e-01 9.965068101882934570e-01 -2.137551754713058472e-01 4.909050166606903076e-01
8.469439148902893066e-01 1.384938806295394897e-01 1.695391237735748291e-01 -8.159697800874710083e-02 6.119785830378532410e-02 -5.473750457167625427e-02 -4.045360907912254333e-02 -3.762334585189819336e-01 -5.248323678970336914e-01 5.249560475349426270e-01 -3.537997901439666748e-01 -8.160547018051147461e-01 -6.119227409362792969e-01 -8.846491575241088867e-02 8.899102807044982910e-01 3.082184195518493652e-01 -8.774004578590393066e-01 -2.051161378622055054e-01 -1.645150482654571533e-01 5.180360078811645508e-01 9.476017951965332031e-01 8.179649114608764648e-01 -4.325517416000366211e-01 -1.957070976495742798e-01 -8.272489905357360840e-01 5.519706606864929199e-01 -1.575040519237518311e-01 -3.089108690619468689e-02 -1.130362302064895630e-01 -2.318213880062103271e-01 1.795062571763992310e-01 -3.002065718173980713e-01 5.699251294136047363e-01 4.903798997402191162e-01 -5.194469094276428223e-01 -3.225611448287963867e-01 5.954141020774841309e-01 4.234779179096221924e-01 1.419855356216430664e-01 -2.879625260829925537e-01 -1.414990276098251343e-01 5.709020495414733887e-01 -4.898324608802795410e-02 -4.733452200889587402e-01 -7.859743237495422363e-01 1.692473888397216797e-02 -3.246558308601379395e-01 -3.097664006054401398e-02 7.561967968940734863e-01 -2.626329064369201660e-01 3.892849385738372803e-01 -4.120503365993499756e-01 7.100115530192852020e-03 6.297631859779357910e-01 -5.074052214622497559e-01 -3.831841349601745605e-01 -4.284141212701797485e-02 -1.066231012344360352e+00 -7.387659549713134766e-01 3.816779553890228271e-01 -2.668200433254241943e-01 1.252640366554260254e+00 1.756980121135711670e-01 -2.405893802642822266e-01
9.679751396179199219e-01 -1.662722229957580566e-01 6.857777833938598633e-01 1.398757193237543106e-02 -1.027892947196960449e+00 6.646783351898193359e-01 9.407599270343780518e-02 -7.358887791633605957e-01 -9.308021515607833862e-02 -2.588302195072174072e-01 -1.189738512039184570e+00 -1.272236108779907227e+00 -3.067986369132995605e-01 4.834999516606330872e-02 7.661809325218200684e-01 8.467298150062561035e-01 -7.985097765922546387e-01 -6.832550764083862305e-01 -1.903337985277175903e-01 1.396359324455261230e+00 5.132794380187988281e-01 9.677677154541015625e-01 3.123285472393035889e-01 2.870394289493560791e-01 -2.156527936458587646e-01 2.202327400445938110e-01 2.105677500367164612e-02 -1.062919855117797852e+00 2.317899167537689209e-01 4.184846580028533936e-01 2.911508679389953613e-01 -6.367460489273071289e-01 2.714211046695709229e-01 -3.342193067073822021e-01 -4.060490429401397705e-01 1.234966814517974854e-01 7.303729057312011719e-01 1.614370048046112061e-01 -4.189945459365844727e-01 3.723224401473999023e-01 -1.406389594078063965e+00 -2.043193578720092773e-01 1.010472774505615234e+00 -6.061867475509643555e-01 -1.419968366622924805e+00 2.126303315162658691e-01 2.937780320644378662e-01 -6.426764279603958130e-02 -3.813334405422210693e-01 4.570997655391693115e-01 2.681036889553070068e-01 -1.627443283796310425e-01 -1.533612161874771118e-01 4.193118512630462646e-01 4.686493277549743652e-01 -2.896490879356861115e-02 -8.894125930964946747e-03 -1.336266875267028809e+00 -4.901457726955413818e-01 -1.755577176809310913e-01 4.544566199183464050e-02 5.318228602409362793e-01 1.360087543725967407e-01 -3.492505848407745361e-01
5.253784656524658203e-01 1.914651244878768921e-01 1.007247686386108398e+00 4.293388426303863525e-01 2.866843342781066895e-01 -1.612493768334388733e-03 6.480587273836135864e-02 -5.240964889526367188e-01 -2.629891633987426758e-01 -4.469439387321472168e-01 -3.666075468063354492e-01 -1.843573808670043945e+00 -8.941931128501892090e-01 6.170209050178527832e-01 4.353245794773101807e-01 1.834139078855514526e-01 -4.269264638423919678e-01 4.362047612667083740e-01 6.567677855491638184e-01 3.560033440589904785e-01 3.456959426403045654e-01 6.537283062934875488e-01 2.628936171531677246e-01 -6.490496993064880371e-01 -9.156470745801925659e-02 -6.058105826377868652e-01 7.838056236505508423e-02 7.451741099357604980e-01 2.665359079837799072e-01 3.807065486907958984e-01 -2.125074388459324837e-03 -2.490063905715942383e-01 6.213656663894653320e-01 1.117310579866170883e-02 -9.319921731948852539e-01 -4.619246721267700195e-01 3.766698762774467468e-02 6.945758461952209473e-01 -4.021737277507781982e-01 -3.088570237159729004e-01 2.484080344438552856e-01 4.816999137401580811e-01 5.912569165229797363e-01 2.158707082271575928e-01 -3.349652746692299843e-03 -5.213062763214111328e-01 1.923282593488693237e-01 -7.736349701881408691e-01 7.718494534492492676e-02 -4.962282776832580566e-01 1.971275210380554199e-01 -1.189643621444702148e+00 1.929171085357666016e-01 -1.141722872853279114e-01 -8.557239174842834473e-01 -6.485963463783264160e-01 -3.925378248095512390e-02 -1.003260970115661621e+00 -4.844492971897125244e-01 6.039550304412841797e-01 -4.148660302162170410e-01 8.423339128494262695e-01 6.748994439840316772e-02 -4.711066931486129761e-02
-2.620691955089569092e-01 -4.947209954261779785e-01 5.572423338890075684e-01 2.986617982387542725e-01 -4.934580251574516296e-02 -4.618292748928070068e-01 7.270671725273132324e-01 -7.566959261894226074e-01 -5.147252678871154785e-01 -3.585979044437408447e-01 1.000049114227294922e+00 -1.423889875411987305e+00 -3.931100964546203613e-01 -5.605364441871643066e-01 4.074493646621704102e-01 4.009368419647216797e-01 -6.618805527687072754e-01 -5.063755810260772705e-02 -9.429340064525604248e-02 8.101699352264404297e-01 1.528804749250411987e-01 6.839890480041503906e-01 9.910392165184020996e-01 -1.357219815254211426e+00 -5.792820453643798828e-01 7.103120684623718262e-01 7.138308286666870117e-01 3.889480531215667725e-01 -8.307510614395141602e-02 -7.147119045257568359e-01 9.402968287467956543e-01 -2.663520872592926025e-01 7.272120118141174316e-01 -2.171336263418197632e-01 -9.989487528800964355e-01 -1.205616235733032227e+00 1.424650698900222778e-01 2.117708474397659302e-01 1.625255048274993896e-01 6.908594071865081787e-02 -1.110345840454101562e+00 -5.065581798553466797e-01 4.279176294803619385e-01 -8.216867446899414062e-01 -8.567820787429809570e-01 9.239353984594345093e-02 3.707244396209716797e-01 -5.936639010906219482e-02 2.071642503142356873e-02 -2.136738151311874390e-01 1.933683604001998901e-01 5.065854787826538086e-01 5.589139461517333984e-01 -5.037929415702819824e-01 -6.858541369438171387e-01 -1.337061673402786255e-01 1.103603094816207886e-01 -4.567479193210601807e-01 -8.411758542060852051e-01 2.057848423719406128e-01 -2.325890362262725830e-01 5.480064749717712402e-01 -3.861569464206695557e-01 -5.957313179969787598e-01
7.274600267410278320e-01 -4.957071244716644287e-01 -4.392766952514648438e-02 4.609934687614440918e-01 1.707555204629898071e-01 1.379927843809127808e-01 2.892892360687255859e-01 -5.298810005187988281e-01 -6.651940196752548218e-02 4.582113027572631836e-01 5.167586356401443481e-02 -1.464376330375671387e+00 -2.172188162803649902e-01 -1.090904325246810913e-02 2.428106963634490967e-01 4.521581232547760010e-01 -5.976144075393676758e-01 3.913801908493041992e-01 -6.665126681327819824e-01 -6.696662306785583496e-02 7.426546812057495117e-01 5.567481517791748047e-01 -7.561936229467391968e-02 -7.452249526977539062e-01 -6.035375595092773438e-01 1.628330200910568237e-01 -6.524029374122619629e-01 6.309745460748672485e-02 5.427688360214233398e-01 1.895826682448387146e-02 3.454524874687194824e-01 1.070983055979013443e-02 5.793702602386474609e-01 -2.092174887657165527e-01 -3.166981637477874756e-01 -1.086896538734436035e+00 2.937707304954528809e-01 5.677560567855834961e-01 -1.815972477197647095e-02 -2.362706810235977173e-01 1.176434010267257690e-01 3.777867257595062256e-01 -6.901565939188003540e-02 -3.264958858489990234e-01 -2.355095297098159790e-01 5.343684926629066467e-02 1.617197990417480469e-01 -7.884674072265625000e-01 4.044020771980285645e-01 -4.073973000049591064e-01 5.032295584678649902e-01 4.216550290584564209e-02 3.109796941280364990e-01 9.431678056716918945e-01 -6.062559485435485840e-01 -1.620130687952041626e-01 -7.986529469490051270e-01 -8.070626258850097656e-01 -7.502218484878540039e-01 8.543952703475952148e-01 2.670590579509735107e-01 5.377336740493774414e-01 -4.714880883693695068e-02 2.651349008083343506e-01
5.701088309288024902e-01 -3.852208852767944336e-01 9.569182395935058594e-01 8.600025773048400879e-01 -8.277273178100585938e-02 -3.759846687316894531e-01 5.285053849220275879e-01 5.629486441612243652e-01 -2.470619529485702515e-01 -8.943266868591308594e-01 -2.443604320287704468e-01 -1.206150174140930176e+00 4.204427897930145264e-01 -1.707635223865509033e-01 -7.031442970037460327e-02 1.573886722326278687e-01 -7.705548405647277832e-01 1.701507270336151123e-01 3.516611456871032715e-01 6.566874980926513672e-01 -1.452948339283466339e-02 1.122941970825195312e+00 1.185661673545837402e+00 -6.414828896522521973e-01 -2.009410113096237183e-01 9.151560068130493164e-01 -1.616520285606384277e-01 -3.032847642898559570e-01 3.184520006179809570e-01 -1.138016805052757263e-01 4.263541996479034424e-01 3.735589794814586639e-03 -4.219768047332763672e-01 -5.429508686065673828e-01 -4.808824658393859863e-01 1.028724685311317444e-01 -5.775828361511230469e-01 1.765474081039428711e-01 3.643366098403930664e-01 5.800635814666748047e-01 2.877093255519866943e-01 2.009275704622268677e-01 3.294264376163482666e-01 -1.776137799024581909e-01 -5.133603215217590332e-01 -5.593254566192626953e-01 9.152548760175704956e-02 -5.345834493637084961e-01 -8.106533885002136230e-01 1.732685416936874390e-01 2.820055782794952393e-01 -3.126576542854309082e-02 6.564883589744567871e-01 8.341249823570251465e-01 -6.004139780998229980e-03 -4.187872260808944702e-02 7.839090377092361450e-02 -1.206768155097961426e+00 -7.848215103149414062e-02 -6.171574592590332031e-01 5.357233285903930664e-01 6.042631268501281738e-01 -6.266345977783203125e-01 3.048192560672760010e-01
9.062924385070800781e-01 -6.088090538978576660e-01 -3.119622170925140381e-01 2.197717577219009399e-01 -4.986001849174499512e-01 8.195120841264724731e-02 4.188758134841918945e-01 -3.750571012496948242e-01 -6.808368563652038574e-01 -2.616062946617603302e-02 6.300407648086547852e-01 -1.741408586502075195e+00 -3.473915904760360718e-02 -4.121743738651275635e-01 3.220742344856262207e-01 5.404244661331176758e-01 -4.384310245513916016e-01 3.374909162521362305e-01 -8.816106915473937988e-01 -4.653676971793174744e-02 7.105696201324462891e-01 6.613777279853820801e-01 3.390752375125885010e-01 -1.014964103698730469e+00 -4.915528595447540283e-01 1.226663142442703247e-01 -8.600774407386779785e-01 -5.083284899592399597e-02 5.971008539199829102e-01 2.521848306059837341e-02 1.055910468101501465e+00 -1.867316663265228271e-01 5.897346735000610352e-01 -7.259495854377746582e-01 -2.451578341424465179e-02 -6.544131040573120117e-01 -5.015230774879455566e-01 4.133826196193695068e-01 2.225005477666854858e-01 -3.292853236198425293e-01 2.098920643329620361e-01 1.918692290782928467e-01 -2.567437589168548584e-01 -8.906097710132598877e-02 -7.378895878791809082e-01 -1.412169635295867920e-01 1.520501971244812012e-01 -5.761992335319519043e-01 9.476168155670166016e-01 -7.767573595046997070e-01 6.634467840194702148e-01 2.035990543663501740e-02 3.305122554302215576e-01 1.073886513710021973e+00 -4.578780829906463623e-01 -1.127195134758949280e-01 -3.442602455615997314e-01 -4.732602238655090332e-01 -9.394893050193786621e-01 1.511711031198501587e-01 8.308785557746887207e-01 3.876362144947052002e-01 -1.721092760562896729e-01 -3.653616905212402344e-01
1.295511841773986816e+00 -1.861218959093093872e-01 -3.394094705581665039e-01 1.472417116165161133e-01 8.187151551246643066e-01 -1.802606135606765747e-01 4.838433563709259033e-01 -2.972907945513725281e-02 -1.659756302833557129e-01 -1.646190136671066284e-01 -2.294773310422897339e-01 -1.070455312728881836e+00 -1.961911916732788086e-01 4.404402375221252441e-01 1.188547253608703613e+00 6.578243970870971680e-01 -6.315369606018066406e-01 -5.808381438255310059e-01 -2.935665547847747803e-01 6.698741316795349121e-01 5.297416448593139648e-01 6.436708569526672363e-01 2.995280623435974121e-01 -4.086895287036895752e-01 -7.420765757560729980e-01 6.926195025444030762e-01 6.426504999399185181e-02 -7.717365622520446777e-01 -2.713336609303951263e-02 2.224153727293014526e-01 -1.250276416540145874e-01 2.584903687238693237e-02 6.247328519821166992e-01 -2.256708405911922455e-02 -3.814455866813659668e-01 -2.420629560947418213e-01 -3.221106156706809998e-02 5.328325629234313965e-01 -1.578463464975357056e-01 -1.538409590721130371e-01 -1.214121937751770020e+00 -7.775919884443283081e-02 5.444290041923522949e-01 3.058953583240509033e-01 -4.024358689785003662e-01 -6.975546479225158691e-01 -9.374368190765380859e-02 2.726887166500091553e-01 -6.044858098030090332e-01 -3.148943185806274414e-02 -7.866519689559936523e-02 -4.546100199222564697e-01 1.403570920228958130e-01 4.083134233951568604e-01 -2.326865047216415405e-01 8.578775078058242798e-02 5.573566555976867676e-01 -7.248017787933349609e-01 -3.946243226528167725e-01 -7.048932313919067383e-01 -1.662876084446907043e-02 9.625633358955383301e-01 -4.361743330955505371e-01 -1.486941128969192505e-01
4.324899017810821533e-01 -5.655747056007385254e-01 9.947930276393890381e-02 5.038797855377197266e-01 -6.573898196220397949e-01 -4.874021410942077637e-01 -7.816039025783538818e-02 -7.449865341186523438e-01 -2.690238654613494873e-01 -1.592351794242858887e-01 2.157419621944427490e-01 -1.742693901062011719e+00 -6.850105524063110352e-01 -4.089141637086868286e-02 8.396822810173034668e-01 5.532931089401245117e-01 -3.873416781425476074e-01 -1.384363621473312378e-01 4.635624289512634277e-01 2.964654564857482910e-01 2.409393787384033203e-01 9.728533029556274414e-01 3.677048087120056152e-01 -1.365202665328979492e+00 -2.607782781124114990e-01 3.970261812210083008e-01 1.579827815294265747e-01 2.200511544942855835e-01 -3.608790040016174316e-01 3.000608384609222412e-01 4.436283409595489502e-01 -6.615367531776428223e-01 -4.088995978236198425e-02 1.318432688713073730e-01 -6.802697479724884033e-02 -1.980097442865371704e-01 2.073523402214050293e-01 7.971815466880798340e-01 6.429389119148254395e-01 5.355145931243896484e-01 -6.559319496154785156e-01 -3.245571553707122803e-01 2.502588927745819092e-01 -5.515578985214233398e-01 3.333593904972076416e-01 -2.329487651586532593e-01 -2.499819397926330566e-01 -2.872800230979919434e-01 2.064448595046997070e-01 -6.142495274543762207e-01 7.083462476730346680e-01 -4.929486513137817383e-01 4.408662319183349609e-01 2.259771078824996948e-01 -8.227154016494750977e-01 8.130760788917541504e-01 6.277186274528503418e-01 -2.611117959022521973e-01 2.298520645126700401e-03 4.335604310035705566e-01 1.311947256326675415e-01 9.724128842353820801e-01 -5.003665089607238770e-01 -4.457607865333557129e-01
-1.822938770055770874e-01 -5.243529081344604492e-01 1.347237229347229004e-01 1.388157963752746582e+00 -1.067275255918502808e-01 -8.150630593299865723e-01 1.295233666896820068e-01 3.426562547683715820e-01 -6.856875419616699219e-01 3.727973699569702148e-01 5.207175612449645996e-01 -1.429364323616027832e+00 -5.410282611846923828e-01 -9.554609060287475586e-01 1.120404720306396484e+00 4.166213274002075195e-01 -6.097426414489746094e-01 -8.629270642995834351e-02 7.284210920333862305e-01 8.632128685712814331e-02 6.849946379661560059e-01 8.147147297859191895e-01 -9.965813905000686646e-02 -1.526720523834228516e-01 -7.130542397499084473e-01 -2.120179980993270874e-01 2.395660430192947388e-01 -4.213106334209442139e-01 -2.074228525161743164e-01 -9.684654325246810913e-02 8.280434012413024902e-01 -7.996681332588195801e-02 1.574359238147735596e-01 -3.212154507637023926e-01 -1.140692234039306641e+00 -5.279852151870727539e-01 -9.928789734840393066e-02 3.414272367954254150e-01 2.704690992832183838e-01 4.209513366222381592e-01 -6.150617003440856934e-01 3.934231102466583252e-01 3.646219074726104736e-01 -1.283175200223922729e-01 -8.079466819763183594e-01 -4.806983470916748047e-01 9.062297940254211426e-01 1.385108381509780884e-01 3.628510832786560059e-01 -1.272889375686645508e-01 3.089160025119781494e-01 1.149238785728812218e-03 6.413601636886596680e-01 -3.276514410972595215e-01 -6.074791550636291504e-01 -7.384258508682250977e-02 1.694534569978713989e-01 -1.003999590873718262e+00 4.215680062770843506e-02 1.866401582956314087e-01 -1.667982041835784912e-01 6.268908381462097168e-01 -1.917021125555038452e-01 -1.373807340860366821e-01
8.464277386665344238e-01 -2.650725841522216797e-01 4.960481822490692139e-01 2.911466360092163086e-01 -3.375871181488037109e-01 6.541270613670349121e-01 2.634805440902709961e-01 -2.825677990913391113e-01 -1.280405670404434204e-01 -1.596804857254028320e-01 -9.551026225090026855e-01 -1.352308034896850586e+00 -2.576599121093750000e-01 1.835298091173171997e-01 8.930124044418334961e-01 5.638268589973449707e-01 -9.235773682594299316e-01 -4.777898490428924561e-01 -2.872808836400508881e-02 9.997817277908325195e-01 8.586785793304443359e-01 9.608492851257324219e-01 4.346582591533660889e-01 2.115660160779953003e-01 -2.970456779003143311e-01 -2.179379947483539581e-02 4.955664277076721191e-02 -8.250076770782470703e-01 9.792757779359817505e-02 5.591362714767456055e-01 3.203557133674621582e-01 -3.826641738414764404e-01 4.255897924304008484e-02 -2.452703565359115601e-02 -2.076936215162277222e-01 -4.900504648685455322e-01 4.215982556343078613e-01 2.751311659812927246e-01 5.533018335700035095e-02 4.186303317546844482e-01 -1.212752819061279297e+00 -1.029602587223052979e-01 8.096639513969421387e-01 -3.685181736946105957e-01 -1.092925786972045898e+00 9.414321929216384888e-02 2.827675342559814453e-01 3.950222730636596680e-01 -3.191639780998229980e-01 2.592901885509490967e-01 3.438488841056823730e-01 -3.590416014194488525e-01 -3.280564546585083008e-01 -1.083659194409847260e-02 1.154951099306344986e-02 2.477386742830276489e-01 8.362024277448654175e-02 -1.083928227424621582e+00 -5.032375454902648926e-01 -4.305626749992370605e-01 -2.778489589691162109e-01 5.220174193382263184e-01 1.570272445678710938e-01 -6.700698137283325195e-01
1.318647623062133789e+00 -3.480240106582641602e-01 -2.791174650192260742e-01 1.377913951873779297e-01 2.418711781501770020e-01 -7.043807506561279297e-01 9.234296530485153198e-02 -3.309309482574462891e-01 1.192335262894630432e-01 -3.843660652637481689e-01 2.694306336343288422e-02 -6.711877584457397461e-01 8.022721111774444580e-02 9.218975305557250977e-01 1.031313419342041016e+00 3.877683579921722412e-01 -6.696630716323852539e-01 -5.461049079895019531e-01 -2.819312512874603271e-01 -1.344653517007827759e-01 9.243212342262268066e-01 1.275094509124755859e+00 4.619966745376586914e-01 -1.108359456062316895e+00 -7.204250097274780273e-01 3.937629163265228271e-01 2.021933794021606445e-01 -1.026602506637573242e+00 -1.671974956989288330e-01 -5.809713602066040039e-01 -4.768836125731468201e-02 1.365535557270050049e-01 6.704698801040649414e-01 -3.548792898654937744e-01 -3.026876747608184814e-01 -5.482925176620483398e-01 2.524265646934509277e-01 5.018312335014343262e-01 -3.260100185871124268e-01 3.010246716439723969e-02 -7.658095955848693848e-01 -2.325035780668258667e-01 3.765271306037902832e-01 -2.505179643630981445e-01 -1.390930265188217163e-03 -3.620947599411010742e-01 2.298462390899658203e-01 -3.633392751216888428e-01 -2.164781391620635986e-01 -4.565361142158508301e-02 5.096960067749023438e-01 -4.651823639869689941e-01 1.061059832572937012e+00 3.155311048030853271e-01 -8.805466890335083008e-01 9.005831182003021240e-02 6.963816881179809570e-01 -4.866590499877929688e-01 -1.427646279335021973e-01 -4.361207187175750732e-01 -8.490701438859105110e-04 1.096408486366271973e+00 -4.547786414623260498e-01 -1.139461398124694824e-01
5.400048494338989258e-01 -4.195168614387512207e-01 1.058190107345581055e+00 4.678250849246978760e-01 -1.041891053318977356e-01 4.792768955230712891e-01 -3.180055916309356689e-01 -1.767644137144088745e-01 -2.879822552204132080e-01 -7.460725307464599609e-02 -2.491697482764720917e-02 -1.939677715301513672e+00 -4.108463823795318604e-01 2.590783834457397461e-01 1.717468649148941040e-01 3.286745846271514893e-01 -1.287674903869628906e-01 6.772521734237670898e-01 1.576480865478515625e-01 -2.503064572811126709e-01 2.171901464462280273e-01 8.583935499191284180e-01 -1.842564493417739868e-01 -9.307815432548522949e-01 -1.971064321696758270e-02 -1.675194203853607178e-01 -4.302231669425964355e-01 5.925843119621276855e-01 1.393248327076435089e-02 8.875482529401779175e-02 3.845933675765991211e-01 -6.407806873321533203e-01 -6.444648653268814087e-02 -3.153424561023712158e-01 -5.058633089065551758e-01 -4.364455640316009521e-01 7.291207313537597656e-01 2.706857323646545410e-01 1.817430704832077026e-01 -3.083985447883605957e-01 6.176652014255523682e-02 -1.059767380356788635e-01 -9.361759573221206665e-02 -5.022658109664916992e-01 4.628369212150573730e-01 -3.222220242023468018e-01 9.084725379943847656e-01 -7.073574066162109375e-01 6.360825151205062866e-02 -9.359345436096191406e-01 4.415236115455627441e-01 -5.230541229248046875e-01 1.461283862590789795e-01 1.128855347633361816e+00 -6.690351366996765137e-01 -7.694864273071289062e-02 -1.589563861489295959e-02 -1.131934523582458496e+00 -1.167536258697509766e+00 3.421284556388854980e-01 7.839602418243885040e-03 1.141919136047363281e+00 2.797325849533081055e-01 3.011862933635711670e-01
8.273951411247253418e-01 -6.190466284751892090e-01 9.337224960327148438e-01 2.248539328575134277e-01 1.229737848043441772e-01 -5.173031091690063477e-01 8.252656459808349609e-01 -5.542132258415222168e-02 4.643490314483642578e-01 1.916333884000778198e-01 2.717818319797515869e-01 -1.041978716850280762e+00 -7.250859141349792480e-01 -3.084981441497802734e-01 1.245752498507499695e-01 -3.732902109622955322e-01 -4.054906964302062988e-01 7.818744182586669922e-01 2.158584594726562500e-01 -4.811573401093482971e-02 9.758223593235015869e-02 6.898376345634460449e-01 3.154154717922210693e-01 -1.514696180820465088e-01 -4.784999191761016846e-01 8.639734983444213867e-02 -1.950736343860626221e-01 -3.967712074518203735e-02 7.265980839729309082e-01 3.370795845985412598e-01 5.607856512069702148e-01 -3.607209920883178711e-01 3.366737663745880127e-01 -2.943432331085205078e-01 -8.515351414680480957e-01 -6.368030309677124023e-01 6.031955778598785400e-02 4.819115996360778809e-01 8.401032537221908569e-02 -7.511663436889648438e-02 2.306227684020996094e-01 6.245898604393005371e-01 6.255678366869688034e-03 -2.036058604717254639e-01 -5.112269520759582520e-01 7.617755234241485596e-02 -9.349800646305084229e-02 -6.672086119651794434e-01 1.731507629156112671e-01 1.419782787561416626e-01 8.887883275747299194e-02 -7.355695366859436035e-01 -3.574179485440254211e-02 3.417117893695831299e-01 -3.036355674266815186e-01 -3.456584811210632324e-01 -4.487374424934387207e-01 -1.119821667671203613e-01 -4.648778438568115234e-01 6.721413135528564453e-01 -4.767282903194427490e-01 2.039051800966262817e-02 -7.518619894981384277e-01 2.693592309951782227e-01
1.514016747474670410e+00 1.591196060180664062e-01 -3.542049601674079895e-02 -9.115527272224426270e-01 -3.845217227935791016e-01 -6.215115785598754883e-01 -7.101746797561645508e-01 -4.180274307727813721e-01 -6.310604214668273926e-01 5.964973568916320801e-01 1.719373464584350586e-02 -1.838236689567565918e+00 -3.552587330341339111e-01 -3.439321517944335938e-01 8.057207465171813965e-01 6.253619492053985596e-02 -2.524279952049255371e-01 5.214585363864898682e-02 -4.657321870326995850e-01 2.905725538730621338e-01 5.360141992568969727e-01 9.583726525306701660e-01 1.957919001579284668e-01 -4.971227049827575684e-01 2.008831873536109924e-02 -2.538886070251464844e-01 8.136982470750808716e-02 -9.565871208906173706e-02 1.027122497558593750e+00 -5.587960034608840942e-02 -1.776917874813079834e-01 -5.375663191080093384e-02 7.034909129142761230e-01 -1.820204555988311768e-01 -8.228782415390014648e-01 -4.512962996959686279e-01 -4.838844537734985352e-01 3.346806466579437256e-01 3.717401921749114990e-01 -7.074240595102310181e-03 1.343040168285369873e-01 3.422846198081970215e-01 4.267587661743164062e-01 -7.035484164953231812e-02 5.348910689353942871e-01 -1.115708649158477783e-01 2.737381160259246826e-01 3.910030126571655273e-01 6.071108579635620117e-01 -4.062263369560241699e-01 1.898421645164489746e-01 -2.428103610873222351e-02 4.217068254947662354e-01 2.680982649326324463e-01 -5.586410164833068848e-01 1.743987947702407837e-01 -3.188167214393615723e-01 -1.105425834655761719e+00 -1.505556464195251465e+00 5.813813209533691406e-01 3.707306087017059326e-01 2.628954052925109863e-01 1.822489649057388306e-01 -9.459230303764343262e-02
4.532566666603088379e-01 -8.743866533041000366e-02 1.111980557441711426e+00 7.460079789161682129e-01 -2.386399656534194946e-01 -5.482080578804016113e-01 4.335782527923583984e-01 1.433411389589309692e-01 2.088912278413772583e-01 1.068689301609992981e-01 3.814590871334075928e-01 -8.814897537231445312e-01 3.894551992416381836e-01 -6.873882412910461426e-01 8.383973687887191772e-02 1.034691408276557922e-01 -6.822295784950256348e-01 7.385226488113403320e-01 1.522720605134963989e-01 3.006817400455474854e-01 6.443517804145812988e-01 8.990377783775329590e-01 9.108202457427978516e-01 -8.042929768562316895e-01 -4.002155065536499023e-01 1.026027798652648926e+00 -3.890735805034637451e-01 2.457732707262039185e-01 5.835573673248291016e-01 2.738590836524963379e-01 -9.256931394338607788e-02 -1.265491396188735962e-01 3.165601491928100586e-01 2.351038902997970581e-02 -9.723494648933410645e-01 -3.722629249095916748e-01 3.233395814895629883e-01 3.426247835159301758e-01 2.387344092130661011e-01 4.893186688423156738e-01 3.558309376239776611e-01 6.738671064376831055e-01 4.705614969134330750e-02 -4.832606315612792969e-01 -2.032859176397323608e-01 -7.626964151859283447e-02 1.132173277437686920e-02 -3.497728407382965088e-01 -5.507885217666625977e-01 -7.010206463746726513e-04 1.503497958183288574e-01 -7.174932956695556641e-01 2.037285268306732178e-01 8.663307130336761475e-02 6.234696134924888611e-03 -5.339019298553466797e-01 -2.826154232025146484e-02 -8.810731172561645508e-01 -3.203297853469848633e-01 -2.384621798992156982e-01 -1.209048405289649963e-01 3.988416492938995361e-01 -1.793703734874725342e-01 6.987797468900680542e-02
2.842217087745666504e-01 -8.466724157333374023e-01 -2.944312393665313721e-01 5.654566884040832520e-01 -2.023373544216156006e-01 1.842894554138183594e-01 -3.566092252731323242e-02 -6.399778723716735840e-01 -1.946741789579391479e-01 4.282230511307716370e-02 -8.874009847640991211e-01 -8.787525892257690430e-01 -2.211951091885566711e-02 -4.343549907207489014e-01 4.983204007148742676e-01 1.972137838602066040e-01 -1.141070485115051270e+00 -4.527136385440826416e-01 -2.452518194913864136e-01 6.925497055053710938e-01 7.319530248641967773e-01 8.579540252685546875e-01 5.168564319610595703e-01 -9.125971198081970215e-01 -2.876111268997192383e-01 5.342893004417419434e-01 -8.040779829025268555e-01 1.257314719259738922e-02 5.842525139451026917e-02 7.695683836936950684e-01 4.010178521275520325e-02 -9.555911421775817871e-01 1.189583167433738708e-01 1.538381725549697876e-02 -5.335689187049865723e-01 -3.451979458332061768e-01 2.981218993663787842e-01 1.700030453503131866e-02 2.158945947885513306e-01 1.651549190282821655e-01 2.771813981235027313e-02 -6.495583057403564453e-02 3.642163276672363281e-01 4.012365937232971191e-01 8.027266710996627808e-03 -2.366620302200317383e-01 1.773353964090347290e-01 3.923112750053405762e-01 -6.264150738716125488e-01 -5.766062140464782715e-01 2.791855335235595703e-01 -7.781628966331481934e-01 1.177076771855354309e-01 7.648014426231384277e-01 -4.505987763404846191e-01 5.626046657562255859e-01 5.389524102210998535e-01 -5.762295126914978027e-01 -1.476350188255310059e+00 -5.528039932250976562e-01 -1.044986367225646973e+00 6.154696345329284668e-01 1.854705512523651123e-01 -7.596228122711181641e-01
1.181567192077636719e+00 -2.726755142211914062e-01 9.354954957962036133e-01 9.275948405265808105e-01 6.419932842254638672e-01 -2.185945361852645874e-01 7.263568043708801270e-01 2.046785801649093628e-01 -8.138394355773925781e-01 -7.156977653503417969e-01 -1.017789602279663086e+00 -1.393689751625061035e+00 -4.187872707843780518e-01 -9.320076704025268555e-01 -5.328161120414733887e-01 1.457368016242980957e+00 2.753061950206756592e-01 5.858606100082397461e-01 -2.728649079799652100e-01 1.064429044723510742e+00 1.815896034240722656e-01 7.276334166526794434e-01 5.117621421813964844e-01 -1.191431522369384766e+00 -5.110904946923255920e-02 -7.774087041616439819e-02 -6.233206987380981445e-01 1.570924520492553711e-01 -8.839797377586364746e-01 -8.476625084877014160e-01 -5.865389108657836914e-01 -5.618190169334411621e-01 4.097843766212463379e-01 -1.681138426065444946e-01 -3.134359717369079590e-01 -2.352813184261322021e-01 -1.136807277798652649e-01 5.855130553245544434e-01 -1.307631433010101318e-01 2.666891217231750488e-01 4.576614871621131897e-02 5.378645062446594238e-01 7.899580001831054688e-01 -8.667978644371032715e-01 -2.980080544948577881e-01 -4.345380961894989014e-01 1.199356555938720703e+00 -9.028564095497131348e-01 -2.030584514141082764e-01 -8.264359831809997559e-01 1.043999433517456055e+00 -2.384078688919544220e-02 9.577126502990722656e-01 8.469184041023254395e-01 6.973538398742675781e-01 1.881743036210536957e-02 7.053601741790771484e-02 -1.439520359039306641e+00 6.740370392799377441e-01 -1.604082286357879639e-01 8.025966882705688477e-01 1.280166625976562500e+00 2.492584884166717529e-01 4.684737026691436768e-01
-2.096953392028808594e-01 -3.617864847183227539e-01 6.557539105415344238e-01 1.329194188117980957e+00 9.053872525691986084e-02 -6.012371182441711426e-01 2.022803127765655518e-01 3.652592897415161133e-01 -7.214337587356567383e-01 4.940656125545501709e-01 6.341759115457534790e-02 -1.619738101959228516e+00 -9.370154738426208496e-01 -9.709551334381103516e-01 9.077168703079223633e-01 8.022577315568923950e-02 -7.764245271682739258e-01 -1.544130295515060425e-01 4.125057756900787354e-01 -1.345442533493041992e-01 5.061689019203186035e-01 5.519602298736572266e-01 -1.600524485111236572e-01 1.272637844085693359e-01 -3.013118803501129150e-01 -2.849899530410766602e-01 1.415878683328628540e-01 -5.029971599578857422e-01 -6.311549544334411621e-01 -1.432099491357803345e-01 8.741683959960937500e-01 -2.441153377294540405e-01 1.237848997116088867e-01 -5.355843305587768555e-01 -1.135461211204528809e+00 -1.656891554594039917e-01 -2.237365096807479858e-01 7.121058702468872070e-01 2.150906436145305634e-02 -1.337264571338891983e-02 -6.319060921669006348e-01 -7.667629420757293701e-02 6.425440311431884766e-01 -4.941846802830696106e-02 -5.520253777503967285e-01 -5.749272704124450684e-01 8.484550714492797852e-01 2.451030462980270386e-01 4.750595390796661377e-01 -4.651241004467010498e-01 1.569900102913379669e-02 -4.986386895179748535e-01 5.779675245285034180e-01 -1.168861687183380127e-01 -1.648091971874237061e-01 -3.449514508247375488e-01 3.213298618793487549e-01 -1.164536237716674805e+00 9.063420444726943970e-02 2.046554684638977051e-01 -3.514496982097625732e-01 8.209334611892700195e-01 4.331825301051139832e-02 -1.228850409388542175e-01
7.416302561759948730e-01 -3.213795721530914307e-01 1.990137398242950439e-01 7.940117716789245605e-01 -2.820531278848648071e-02 -7.322618961334228516e-01 -4.102639481425285339e-02 -2.867096960544586182e-01 1.117638349533081055e-01 -3.124080896377563477e-01 5.853433609008789062e-01 -9.823679924011230469e-01 -2.294882386922836304e-01 3.415913879871368408e-01 1.184116363525390625e+00 3.951906263828277588e-01 -5.164411664009094238e-01 -4.041560590267181396e-01 2.115893959999084473e-01 -1.048030927777290344e-01 9.305319190025329590e-01 1.368897557258605957e+00 8.958101272583007812e-02 -1.179476261138916016e+00 -4.342136979103088379e-01 -2.485447563230991364e-02 8.206841349601745605e-01 -1.797421127557754517e-01 -1.561228185892105103e-01 3.869393467903137207e-02 1.312383115291595459e-01 -1.637238264083862305e-02 1.759628057479858398e-01 4.503214359283447266e-01 -1.679271310567855835e-01 -8.334451913833618164e-01 3.290386497974395752e-01 5.574426054954528809e-01 9.071425348520278931e-02 -5.445630103349685669e-02 -5.701413154602050781e-01 -1.367998570203781128e-01 3.718069493770599365e-01 -1.273258924484252930e-01 -3.161115348339080811e-01 -3.699250519275665283e-01 2.762614376842975616e-02 -5.989228487014770508e-01 1.327650398015975952e-01 -3.921592831611633301e-01 5.334363579750061035e-01 -2.856238186359405518e-01 5.417650938034057617e-01 -1.790243834257125854e-01 -9.348682165145874023e-01 5.868017077445983887e-01 7.184119820594787598e-01 -5.013130903244018555e-01 -4.267495274543762207e-01 1.781798303127288818e-01 4.824149012565612793e-01 8.973918557167053223e-01 -4.131813645362854004e-01 -2.245982363820075989e-02
1.128345847129821777e+00 -7.957917451858520508e-01 6.711137294769287109e-01 9.472457766532897949e-01 1.321894377470016479e-01 -5.546461939811706543e-01 -1.025029897689819336e+00 -9.988647103309631348e-01 7.789526600390672684e-03 -2.664262950420379639e-01 -6.908450722694396973e-01 -1.336307883262634277e+00 -6.841916441917419434e-01 -1.152380585670471191e+00 9.620269536972045898e-01 8.954925537109375000e-01 -7.236438989639282227e-01 7.013896703720092773e-01 3.284050822257995605e-01 4.581930637359619141e-01 7.867375612258911133e-01 6.100042462348937988e-01 1.143068075180053711e+00 -3.124439418315887451e-01 -6.416112184524536133e-01 7.295020818710327148e-01 5.754936933517456055e-01 1.635383367538452148e-01 -5.030031781643629074e-03 1.112231016159057617e-01 -4.937834441661834717e-01 -1.955560743808746338e-01 -4.833752810955047607e-01 2.895506620407104492e-01 -2.722570300102233887e-01 -8.147647380828857422e-01 6.250453591346740723e-01 9.119173139333724976e-02 1.386801451444625854e-01 1.116834804415702820e-01 -6.395488381385803223e-01 1.267759352922439575e-01 3.423776244744658470e-03 5.740780830383300781e-01 -2.611874938011169434e-01 1.229213953018188477e+00 7.214515209197998047e-01 -2.449679970741271973e-01 -8.599197864532470703e-02 -3.167713880538940430e-01 -6.468231678009033203e-01 -6.270271539688110352e-01 8.060209155082702637e-01 4.228898584842681885e-01 -2.377131730318069458e-01 -2.684146761894226074e-01 -7.797793298959732056e-02 -6.641892194747924805e-01 -9.398353099822998047e-02 7.861545681953430176e-01 -1.995869576930999756e-01 2.121084742248058319e-02 -3.077845275402069092e-01 4.458590447902679443e-01
5.807682275772094727e-01 1.651373207569122314e-01 -3.858931362628936768e-01 6.545764207839965820e-01 2.653355710208415985e-02 2.578462362289428711e-01 8.803351223468780518e-02 -1.991326659917831421e-01 -3.071554601192474365e-01 1.885268986225128174e-01 -5.353252291679382324e-01 -1.252538681030273438e+00 -3.442329466342926025e-01 5.669656768441200256e-02 7.954597473144531250e-01 3.307725489139556885e-01 -8.425166606903076172e-01 -4.608349800109863281e-01 7.827508449554443359e-02 7.268682718276977539e-01 5.394451618194580078e-01 6.604992151260375977e-01 2.499533593654632568e-01 -6.706927088089287281e-04 -2.142765969038009644e-01 5.685219168663024902e-01 4.975612461566925049e-02 -5.815875530242919922e-01 -7.552123814821243286e-02 3.973383009433746338e-01 3.595057427883148193e-01 -4.385906755924224854e-01 6.594829559326171875e-01 5.009974539279937744e-02 -5.953660011291503906e-01 -3.795009255409240723e-01 3.495910763740539551e-01 2.131346464157104492e-01 2.530579864978790283e-01 3.378815650939941406e-01 -9.763959646224975586e-01 8.645568788051605225e-02 5.044004321098327637e-01 1.945746541023254395e-01 -5.328285694122314453e-01 -6.881618499755859375e-01 1.151079908013343811e-01 1.497032195329666138e-01 7.087909150868654251e-03 7.930434495210647583e-02 -3.502630442380905151e-02 -5.447889566421508789e-01 -1.291029304265975952e-01 1.793583929538726807e-01 -3.693470060825347900e-01 1.495125144720077515e-01 5.533506870269775391e-01 -9.591473340988159180e-01 -8.835943937301635742e-01 -2.334799021482467651e-01 -5.248715877532958984e-01 5.201402306556701660e-01 -6.763815414160490036e-03 -4.849554002285003662e-01
7.618448734283447266e-01 -6.583162397146224976e-02 1.651539802551269531e-01 7.373402118682861328e-01 -1.757680475711822510e-01 2.720563709735870361e-01 2.924997210502624512e-01 -3.677038848400115967e-01 -6.008946895599365234e-01 3.313307166099548340e-01 -4.557009041309356689e-01 -9.251893162727355957e-01 3.807307407259941101e-02 -9.795100986957550049e-02 3.920512795448303223e-01 4.302273392677307129e-01 -1.335393428802490234e+00 -3.598474264144897461e-01 -1.418777555227279663e-01 4.362523555755615234e-01 7.242491245269775391e-01 2.370437383651733398e-01 7.756314426660537720e-02 -2.084256559610366821e-01 6.783138215541839600e-02 -3.573128581047058105e-01 8.099185675382614136e-02 -1.149187982082366943e-01 -1.512643992900848389e-01 -8.382084220647811890e-02 -4.749234393239021301e-02 -4.893840849399566650e-02 1.470931470394134521e-01 1.525764316320419312e-01 -6.104287505149841309e-01 -4.858872294425964355e-01 1.203308179974555969e-01 3.135181665420532227e-01 2.459076493978500366e-01 6.247807145118713379e-01 -8.382176160812377930e-01 -3.527538776397705078e-01 5.985534787178039551e-01 2.141547203063964844e-01 -3.352046012878417969e-01 -1.150451421737670898e+00 2.171746641397476196e-01 2.256439179182052612e-01 -6.015942897647619247e-03 2.295572012662887573e-01 -2.361099421977996826e-02 -1.008790850639343262e+00 3.483264893293380737e-02 6.895287632942199707e-01 -2.629833528771996498e-03 -3.685593605041503906e-01 3.099901974201202393e-01 -1.449548244476318359e+00 -1.058460474014282227e+00 -2.239356562495231628e-02 -8.129525184631347656e-01 8.845424652099609375e-01 3.436753898859024048e-02 -1.686595827341079712e-01
4.961031079292297363e-01 -3.667673766613006592e-01 6.182141304016113281e-01 6.206554770469665527e-01 -3.721466958522796631e-01 3.200812041759490967e-01 3.554564416408538818e-01 -7.980558276176452637e-02 -6.526719033718109131e-02 -4.084122776985168457e-01 -6.784617900848388672e-01 -1.124506831169128418e+00 -6.091147065162658691e-01 3.670082986354827881e-01 1.279903054237365723e+00 3.682847917079925537e-01 -7.521830797195434570e-01 -1.604326814413070679e-01 -6.553347110748291016e-01 6.170505881309509277e-01 9.979251623153686523e-01 5.537979602813720703e-01 5.593039393424987793e-01 -5.173837542533874512e-01 -1.757484376430511475e-01 3.117544353008270264e-01 -3.826239109039306641e-01 -3.615711927413940430e-01 -2.296179682016372681e-01 5.007999539375305176e-01 -3.261842578649520874e-02 -3.182718157768249512e-02 6.865804195404052734e-01 -1.366681158542633057e-01 2.164687663316726685e-01 -5.736147165298461914e-01 3.247218728065490723e-01 2.375133633613586426e-01 8.553617447614669800e-02 -1.459302306175231934e-01 -1.234046101570129395e+00 1.236729323863983154e-01 2.991936504840850830e-01 3.368106782436370850e-01 -6.217898726463317871e-01 -5.714637041091918945e-01 -4.496848583221435547e-01 5.062380433082580566e-01 -4.725800156593322754e-01 4.798741340637207031e-01 -2.290435880422592163e-01 -5.548080801963806152e-01 -3.708404302597045898e-01 4.044498503208160400e-02 -1.582286059856414795e-01 2.521496713161468506e-01 1.592560261487960815e-01 -7.192663550376892090e-01 -3.297142684459686279e-01 4.630294740200042725e-01 1.799214445054531097e-02 9.393512010574340820e-01 -1.316121965646743774e-01 -6.088386774063110352e-01
7.077022790908813477e-01 -1.158940672874450684e+00 -4.609051644802093506e-01 8.865265250205993652e-01 6.314688324928283691e-01 -9.691272377967834473e-01 2.183248996734619141e-01 -1.631453484296798706e-01 -9.123975634574890137e-01 -1.163840293884277344e+00 -2.123557031154632568e-01 -1.122405052185058594e+00 -2.248967625200748444e-02 -7.579866647720336914e-01 2.308091372251510620e-01 1.388893365859985352e+00 -9.618744254112243652e-01 -2.360567003488540649e-01 -1.008429452776908875e-01 8.267681002616882324e-01 8.255660533905029297e-01 2.045712232589721680e+00 5.185134410858154297e-01 -2.738876044750213623e-01 -4.679727256298065186e-01 -4.028198421001434326e-01 -7.680596709251403809e-01 -1.788600087165832520e+00 4.747931361198425293e-01 -1.048805475234985352e+00 5.956571698188781738e-01 -8.189805150032043457e-01 -2.311977744102478027e-01 -3.211860358715057373e-01 -7.795754671096801758e-01 -5.617641210556030273e-01 -1.288972347974777222e-01 1.211121439933776855e+00 -3.881767690181732178e-01 4.405772686004638672e-01 -6.376116275787353516e-01 -4.448592066764831543e-01 2.789424732327461243e-02 7.425188422203063965e-01 -1.932513713836669922e-01 1.924300491809844971e-01 7.840202450752258301e-01 -3.061240911483764648e-01 -8.606076240539550781e-01 -1.282339692115783691e+00 6.030438542366027832e-01 -2.616778314113616943e-01 4.698270857334136963e-01 5.696361660957336426e-01 1.136128902435302734e+00 8.157019615173339844e-01 8.943673968315124512e-01 -8.919841647148132324e-01 -2.448125928640365601e-01 -8.824920654296875000e-02 3.102849423885345459e-01 1.061802506446838379e+00 1.293576229363679886e-02 1.056589126586914062e+00
-5.165156349539756775e-02 1.156536042690277100e-01 4.975631535053253174e-01 9.709830880165100098e-01 5.614300444722175598e-02 -1.810898631811141968e-01 4.746075570583343506e-01 2.080198973417282104e-01 -9.119949936866760254e-01 -3.476196527481079102e-01 -1.777375191450119019e-01 -5.454935431480407715e-01 -5.885279774665832520e-01 6.522225737571716309e-01 6.044554114341735840e-01 7.467758655548095703e-01 -4.369246661663055420e-01 3.984567821025848389e-01 -7.041888236999511719e-01 6.084561944007873535e-01 5.470368862152099609e-01 4.169681668281555176e-01 3.733952939510345459e-01 -3.722048401832580566e-01 4.932934045791625977e-01 -2.047858573496341705e-02 -2.164107114076614380e-01 -3.094123601913452148e-01 2.430928796529769897e-01 -6.717440485954284668e-01 -9.199621081352233887e-01 -3.549310564994812012e-01 5.505088567733764648e-01 -6.648652553558349609e-01 -1.435736864805221558e-01 -4.380058050155639648e-01 2.215415984392166138e-02 -2.925030291080474854e-01 8.361780643463134766e-01 -2.412542253732681274e-01 -9.776865690946578979e-02 3.281692862510681152e-01 -6.433379054069519043e-01 -3.980183005332946777e-01 -6.724424958229064941e-01 4.640507698059082031e-01 5.822999477386474609e-01 -9.232861548662185669e-02 2.859020233154296875e-02 2.469640821218490601e-01 -5.447706580162048340e-01 -4.165241122245788574e-01 6.973013281822204590e-01 -8.435105085372924805e-01 5.297805666923522949e-01 -3.779662847518920898e-01 1.545413583517074585e-01 -1.043602705001831055e+00 -2.570189833641052246e-01 2.120484113693237305e-01 -5.048750434070825577e-03 4.402572214603424072e-01 -6.418682336807250977e-01 8.959551900625228882e-02
2.587396502494812012e-01 -1.105876088142395020e+00 9.205482602119445801e-01 4.295330941677093506e-01 -7.024277746677398682e-02 -1.232908844947814941e+00 8.555380702018737793e-01 -3.183988928794860840e-01 -4.236252903938293457e-01 -2.517759799957275391e-01 -6.531333923339843750e-01 -1.342593312263488770e+00 -8.421424627304077148e-01 -1.135609388351440430e+00 9.514861702919006348e-01 4.924488067626953125e-01 -1.141975000500679016e-01 2.307005822658538818e-01 -3.227558732032775879e-01 8.077216148376464844e-01 9.233464002609252930e-01 9.542510509490966797e-01 3.430630313232541084e-03 -1.110713601112365723e+00 9.066801667213439941e-01 5.969788432121276855e-01 -2.443780601024627686e-01 -1.542115360498428345e-01 6.074317097663879395e-01 -1.089733123779296875e+00 -1.266154944896697998e-01 -5.104906558990478516e-01 -4.541490972042083740e-02 -1.049844503402709961e+00 1.003026291728019714e-01 -6.032851710915565491e-02 -6.750789880752563477e-01 4.769505262374877930e-01 6.723641753196716309e-01 1.303814291954040527e+00 -1.081939101219177246e+00 -2.358829379081726074e-01 8.964387774467468262e-01 -1.430657692253589630e-02 -8.539698123931884766e-01 -1.183091044425964355e+00 -3.049621582031250000e-01 2.486371845006942749e-01 -3.166292011737823486e-01 -5.723645091056823730e-01 5.164144635200500488e-01 -6.117819547653198242e-01 1.253460943698883057e-01 6.427664160728454590e-01 8.454458117485046387e-01 1.235814616084098816e-01 -1.662811636924743652e-01 -1.007176041603088379e+00 -4.975553452968597412e-01 1.010884642601013184e-01 -1.027691215276718140e-01 6.420554518699645996e-01 7.333881258964538574e-01 8.314412832260131836e-01
1.044456958770751953e+00 -5.368441939353942871e-01 -6.371822953224182129e-02 -3.883453086018562317e-02 -7.098687887191772461e-01 5.302812904119491577e-02 -6.028609871864318848e-01 -4.587885364890098572e-02 -7.236281037330627441e-01 1.256653964519500732e-01 5.214011669158935547e-01 -1.462506175041198730e+00 2.213213145732879639e-01 5.779430270195007324e-01 1.355114698410034180e+00 5.228617191314697266e-01 -3.585130870342254639e-01 3.507800102233886719e-01 -2.185901850461959839e-01 8.572273850440979004e-01 4.902750849723815918e-01 9.408907890319824219e-01 8.241716623306274414e-01 -1.297253131866455078e+00 -5.203888416290283203e-01 8.434818685054779053e-02 5.162836313247680664e-01 -5.422422289848327637e-01 -1.781722307205200195e-01 -6.495451331138610840e-01 8.275454640388488770e-01 -4.091591238975524902e-01 -1.733492873609066010e-02 3.899639844894409180e-01 -8.442836999893188477e-01 -3.780764341354370117e-01 4.192607104778289795e-01 5.964889526367187500e-01 6.684252023696899414e-01 3.561055064201354980e-01 -1.656417995691299438e-01 -5.480867624282836914e-01 -2.598667703568935394e-02 2.175232023000717163e-02 -1.037565588951110840e+00 -6.945139169692993164e-02 2.470674663782119751e-01 -5.051503777503967285e-01 6.441537737846374512e-01 5.298850536346435547e-01 1.226741671562194824e+00 -9.882863163948059082e-01 6.435128450393676758e-01 1.305412203073501587e-01 -1.740049421787261963e-01 3.649858757853507996e-02 6.359497904777526855e-01 -5.061424970626831055e-01 -6.031608209013938904e-02 1.476222723722457886e-01 -4.309261217713356018e-02 8.219347596168518066e-01 -4.470627307891845703e-01 6.864030361175537109e-01
5.453580617904663086e-01 -1.260250359773635864e-01 2.023561894893646240e-01 8.090472221374511719e-01 -3.449973762035369873e-01 1.557321846485137939e-01 -7.152212318032979965e-03 8.079087734222412109e-02 -1.311164349317550659e-01 3.482017517089843750e-01 7.856895029544830322e-02 -9.738983511924743652e-01 -1.722223609685897827e-01 -1.321071684360504150e-01 5.270298123359680176e-01 -2.463934384286403656e-02 -7.161722183227539062e-01 8.086922764778137207e-01 -3.727048337459564209e-01 -5.422005057334899902e-01 4.651821255683898926e-01 3.188769817352294922e-01 5.840055346488952637e-01 -4.542679488658905029e-01 -9.292576909065246582e-01 3.329831063747406006e-01 -3.020616471767425537e-01 5.853439569473266602e-01 2.243237793445587158e-01 -3.017587400972843170e-02 3.063784837722778320e-01 -4.583783149719238281e-01 4.385862648487091064e-01 1.403459906578063965e-01 -9.890654683113098145e-01 -8.878066539764404297e-01 7.000153064727783203e-01 7.758445143699645996e-01 3.170002996921539307e-01 -1.354385018348693848e-01 -4.704332053661346436e-01 2.572405934333801270e-01 -9.338880330324172974e-02 -2.674849033355712891e-01 3.000515699386596680e-02 4.080241620540618896e-01 2.533405721187591553e-01 -8.036617636680603027e-01 3.904861211776733398e-01 -3.195023238658905029e-01 -3.096790313720703125e-01 -4.494262859225273132e-02 9.678225219249725342e-02 6.060405373573303223e-01 2.502765953540802002e-01 1.498839706182479858e-01 -2.625241577625274658e-01 -8.830219507217407227e-01 -2.371677905321121216e-01 6.672248840332031250e-01 2.339695766568183899e-02 8.200256228446960449e-01 9.017111361026763916e-02 -9.859823621809482574e-03
7.614374160766601562e-01 -6.457379460334777832e-01 7.154523395001888275e-03 1.243537738919258118e-01 6.213713809847831726e-02 1.515786722302436829e-02 6.473343819379806519e-02 -2.730169892311096191e-01 -5.867859125137329102e-01 2.103573270142078400e-02 -8.625091910362243652e-01 -1.226516604423522949e+00 -5.531699061393737793e-01 -1.768248528242111206e-01 7.758387327194213867e-01 6.782020330429077148e-01 -4.421352446079254150e-01 -2.614068388938903809e-01 5.364134907722473145e-01 7.931704521179199219e-01 3.807747066020965576e-01 1.143169760704040527e+00 3.981683552265167236e-01 -6.813265681266784668e-01 1.639254987239837646e-01 3.635515272617340088e-01 -6.166899800300598145e-01 8.343395590782165527e-02 2.214177995920181274e-01 6.297531723976135254e-01 3.720946907997131348e-01 -1.106782555580139160e+00 -1.972863674163818359e-01 -1.038609668612480164e-01 -4.235247075557708740e-01 -7.047570496797561646e-02 1.245045736432075500e-01 4.274207726120948792e-02 1.521467715501785278e-01 9.951964616775512695e-01 7.194342464208602905e-02 -1.813622564077377319e-01 4.617227613925933838e-01 3.131158053874969482e-01 4.448087215423583984e-01 -4.984520375728607178e-02 -2.262060940265655518e-01 -3.346147835254669189e-01 8.233924955129623413e-02 -5.186455249786376953e-01 3.725879788398742676e-01 -3.515668809413909912e-01 2.279939055442810059e-01 5.448508262634277344e-01 -5.190219283103942871e-01 2.295754253864288330e-01 7.183349728584289551e-01 -1.229051128029823303e-01 -1.159758090972900391e+00 1.789600253105163574e-01 -3.878197669982910156e-01 8.386098742485046387e-01 -1.606685221195220947e-01 -7.801000475883483887e-01
8.176029920578002930e-01 -3.761421740055084229e-01 -4.107559621334075928e-01 1.241271719336509705e-01 -7.697539925575256348e-01 -5.566020607948303223e-01 2.119468003511428833e-01 -6.614146828651428223e-01 -6.865986585617065430e-01 4.736590087413787842e-01 5.257053971290588379e-01 -1.628112554550170898e+00 4.122453331947326660e-01 -4.419496357440948486e-01 4.559738039970397949e-01 5.469276309013366699e-01 -1.895608305931091309e-01 -4.685920774936676025e-01 -2.831041114404797554e-03 -4.390384554862976074e-01 4.931836426258087158e-01 3.814177513122558594e-01 2.105974256992340088e-01 -1.134003043174743652e+00 -3.834286332130432129e-01 -3.587746322154998779e-01 1.121016964316368103e-01 -1.669766604900360107e-01 8.052625656127929688e-01 3.122949227690696716e-02 4.569661915302276611e-01 1.867905855178833008e-01 8.125218003988265991e-02 -3.878901004791259766e-01 -3.329015374183654785e-01 -4.891115128993988037e-01 -6.982860714197158813e-02 1.032302156090736389e-02 5.025718808174133301e-01 2.717733383178710938e-02 8.524982631206512451e-02 -2.295561134815216064e-01 4.796903952956199646e-02 1.072450280189514160e-01 -5.220180749893188477e-01 -2.668743729591369629e-01 -4.725628718733787537e-02 -4.790406227111816406e-01 3.666606545448303223e-01 -5.370609760284423828e-01 4.657582044601440430e-01 -2.880927622318267822e-01 4.138049781322479248e-01 5.962872505187988281e-01 -3.259662091732025146e-01 3.109372556209564209e-01 -1.373534202575683594e-01 -1.582237482070922852e-01 -1.078183770179748535e+00 2.267108112573623657e-01 2.649564296007156372e-02 4.489825367927551270e-01 -2.324080467224121094e-01 -2.905836403369903564e-01
2.453095912933349609e-01 -9.104885160923004150e-03 2.866111397743225098e-01 1.036328673362731934e+00 -3.159749805927276611e-01 6.164596602320671082e-02 5.313277840614318848e-01 1.901517659425735474e-01 -4.994859099388122559e-01 -2.096759080886840820e-01 -7.208427786827087402e-01 -1.143617033958435059e+00 -8.384326696395874023e-01 -5.341886878013610840e-01 5.815728306770324707e-01 -2.247337996959686279e-01 -4.916594326496124268e-01 -1.834599822759628296e-01 -1.392420008778572083e-02 -2.121392190456390381e-01 1.651505678892135620e-01 2.136571854352951050e-01 4.930955171585083008e-01 7.087909430265426636e-02 8.805297315120697021e-03 -5.645782351493835449e-01 3.004484064877033234e-02 2.582355141639709473e-01 -3.484683334827423096e-01 3.586645722389221191e-01 1.211113259196281433e-01 6.338797509670257568e-02 1.762936413288116455e-01 2.015637606382369995e-01 -7.601801156997680664e-01 -2.933390736579895020e-01 3.880653083324432373e-01 6.462463140487670898e-01 -2.609932720661163330e-01 -3.529906272888183594e-01 -8.283829092979431152e-01 -3.683640062808990479e-01 4.926504790782928467e-01 4.643757343292236328e-01 -5.833249092102050781e-01 -7.797803878784179688e-01 3.695203065872192383e-01 4.152256548404693604e-01 4.320777058601379395e-01 2.832345366477966309e-01 -7.416228950023651123e-02 -8.439394831657409668e-01 6.465520262718200684e-01 1.990322470664978027e-01 1.721726208925247192e-01 -4.838609099388122559e-01 4.002829194068908691e-01 -1.022807002067565918e+00 -6.237486600875854492e-01 5.147892236709594727e-01 -8.665928244590759277e-01 5.776358842849731445e-01 -5.837926268577575684e-01 -1.715148687362670898e-01
1.021629333496093750e+00 -2.951039671897888184e-01 -9.589185565710067749e-02 -1.938459426164627075e-01 2.681408077478408813e-02 -9.002175927162170410e-02 1.147458851337432861e-01 -5.245419964194297791e-02 -5.002644062042236328e-01 5.831681489944458008e-01 3.136147279292345047e-03 -1.128681063652038574e+00 -4.675697684288024902e-01 2.416095435619354248e-01 8.883319497108459473e-01 5.363565087318420410e-01 -8.132550120353698730e-01 -2.975492477416992188e-01 2.575955688953399658e-01 8.344743847846984863e-01 7.006596922874450684e-01 8.006507158279418945e-01 2.852031588554382324e-01 8.046667277812957764e-02 -3.849081397056579590e-01 5.401868820190429688e-01 -4.476473107933998108e-02 -1.476773470640182495e-01 -8.552754670381546021e-02 2.702843248844146729e-01 6.264237761497497559e-01 -4.272658005356788635e-02 3.266555070877075195e-01 9.392095357179641724e-02 -9.233872890472412109e-01 -3.402504920959472656e-01 -1.126606166362762451e-01 3.966965377330780029e-01 -4.175848960876464844e-01 2.539535798132419586e-02 -9.787188172340393066e-01 6.623592227697372437e-02 9.028157591819763184e-02 -1.044921390712261200e-02 -8.685467839241027832e-01 -4.525034129619598389e-01 7.522439211606979370e-02 2.049290239810943604e-01 -3.767311871051788330e-01 2.302419543266296387e-01 3.942247107625007629e-02 -2.214180976152420044e-01 -2.381580024957656860e-01 1.875835359096527100e-01 -5.380957126617431641e-01 5.454055666923522949e-01 3.953934907913208008e-01 -8.221439123153686523e-01 -5.025432705879211426e-01 -3.216018080711364746e-01 -2.297498881816864014e-01 7.877150774002075195e-01 -1.777931600809097290e-01 -2.279591411352157593e-01
2.077885121107101440e-01 -1.418332662433385849e-02 7.643703222274780273e-01 6.693953871726989746e-01 -1.172292046248912811e-02 4.715538024902343750e-01 -4.897700250148773193e-01 8.541399240493774414e-01 -7.719379067420959473e-01 2.103030681610107422e-01 3.938926756381988525e-01 -1.470858335494995117e+00 -2.323285490274429321e-01 -7.166625261306762695e-01 6.808770298957824707e-01 5.153231024742126465e-01 -5.092752575874328613e-01 -2.681036479771137238e-02 -6.653356552124023438e-02 -6.137686967849731445e-02 6.245761513710021973e-01 2.838881015777587891e-01 2.111894637346267700e-01 -3.694192469120025635e-01 -1.315722346305847168e+00 1.067122697830200195e+00 -7.232725620269775391e-02 -5.904852747917175293e-01 -1.443457156419754028e-01 -5.140339732170104980e-01 8.219074606895446777e-01 -3.748272657394409180e-01 8.136204630136489868e-02 -3.932607173919677734e-01 -8.770805001258850098e-01 -5.511794686317443848e-01 8.275636434555053711e-01 6.918826699256896973e-01 -3.349880278110504150e-01 -2.619513273239135742e-01 -1.137868523597717285e+00 2.829100489616394043e-01 3.971621692180633545e-01 -7.598611712455749512e-02 -6.912686228752136230e-01 6.982999294996261597e-02 3.709160387516021729e-01 -1.168889045715332031e+00 -4.049819111824035645e-01 -5.318444967269897461e-01 -1.721441000699996948e-01 -2.615947127342224121e-01 2.392286667600274086e-03 4.647760689258575439e-01 2.743989527225494385e-01 -1.002896726131439209e-01 -1.428888291120529175e-01 -1.353968977928161621e+00 -3.371806740760803223e-01 9.125778675079345703e-01 -1.403209194540977478e-02 5.510972142219543457e-01 4.853326678276062012e-01 -5.031835287809371948e-03
2.503492236137390137e-01 -4.969538748264312744e-01 5.517670512199401855e-01 6.068255901336669922e-01 -1.107000932097434998e-01 -3.625801801681518555e-01 2.956573106348514557e-02 -5.613599419593811035e-01 2.998279333114624023e-01 -1.717002838850021362e-01 -7.217791676521301270e-01 -8.992738723754882812e-01 -1.227600648999214172e-01 -8.324649930000305176e-01 8.963531255722045898e-01 3.029567897319793701e-01 -7.308319807052612305e-01 8.297628164291381836e-01 9.256604313850402832e-02 3.279460594058036804e-02 6.373256444931030273e-01 1.704457104206085205e-01 9.110181331634521484e-01 -1.407920420169830322e-01 -4.530115425586700439e-01 6.956923604011535645e-01 9.857647866010665894e-02 4.753775894641876221e-01 8.627266623079776764e-03 5.673443675041198730e-01 4.761423170566558838e-01 -2.207402735948562622e-01 1.659804731607437134e-01 1.690772175788879395e-01 -6.090136766433715820e-01 -5.006841421127319336e-01 3.303960561752319336e-01 4.932321906089782715e-01 4.713043570518493652e-01 -2.932780683040618896e-01 -2.599606215953826904e-01 4.582911133766174316e-01 3.804988563060760498e-01 4.607644379138946533e-01 9.373398870229721069e-02 4.823623895645141602e-01 2.683924436569213867e-01 -1.791860014200210571e-01 2.821119725704193115e-01 -5.115064978599548340e-01 -8.595370650291442871e-01 -5.791652202606201172e-01 8.035169243812561035e-01 -6.908172369003295898e-02 -1.528887450695037842e-01 4.556931257247924805e-01 -1.957970708608627319e-01 -6.898872256278991699e-01 1.329498142004013062e-01 5.115725398063659668e-01 -5.268249288201332092e-02 9.061643481254577637e-02 -4.061381146311759949e-02 2.399943917989730835e-01
1.002608180046081543e+00 -1.175929188728332520e+00 1.142907738685607910e+00 2.873268723487854004e-01 -2.913652360439300537e-01 -7.829459309577941895e-01 5.455038547515869141e-01 -7.085649371147155762e-01 -2.947348952293395996e-01 9.448835253715515137e-01 -1.418326735496520996e+00 -1.635731458663940430e+00 1.796510219573974609e-01 -6.273813247680664062e-01 1.182875260710716248e-01 6.810216903686523438e-01 3.053602874279022217e-01 -1.771850138902664185e-01 -5.442042946815490723e-01 3.147365525364875793e-02 8.645838499069213867e-02 1.149684071540832520e+00 1.475791335105895996e+00 -1.618232250213623047e+00 1.357430070638656616e-01 -2.621590197086334229e-01 1.257822513580322266e+00 -1.064873218536376953e+00 -2.118584066629409790e-01 -1.372168898582458496e+00 4.914467036724090576e-01 -3.704150319099426270e-01 7.465147972106933594e-01 -7.881885394454002380e-03 -6.400985717773437500e-01 -1.095102190971374512e+00 -3.188132047653198242e-01 2.515973150730133057e-01 1.182986143976449966e-02 -1.455626636743545532e-01 -9.807342886924743652e-01 9.010256528854370117e-01 3.331004381179809570e-01 -4.444557428359985352e-01 -1.092391371726989746e+00 -3.981044888496398926e-01 1.115557432174682617e+00 9.497360140085220337e-02 -1.207341074943542480e+00 -9.539001584053039551e-01 -7.915969491004943848e-01 1.355099529027938843e-01 -9.579962491989135742e-01 6.376105546951293945e-01 -2.491730898618698120e-01 -7.962931394577026367e-01 -8.876290917396545410e-01 -9.415322542190551758e-01 -1.117880105972290039e+00 -3.905950486660003662e-01 -6.546424329280853271e-02 1.335140347480773926e+00 -4.140307903289794922e-01 -1.394310742616653442e-01
7.219750881195068359e-01 -2.322367578744888306e-01 -2.373126447200775146e-01 -6.335375364869832993e-03 -5.717697739601135254e-01 -5.373439192771911621e-01 -1.968996673822402954e-01 -4.779949188232421875e-01 -3.006266951560974121e-01 1.879418641328811646e-01 5.721022486686706543e-01 -1.062716484069824219e+00 -3.558014705777168274e-02 5.335317254066467285e-01 8.217639327049255371e-01 1.103095933794975281e-01 -5.692846775054931641e-01 -4.859662801027297974e-02 -7.422345131635665894e-02 -1.258219685405492783e-02 9.705430269241333008e-01 1.095637679100036621e+00 1.630602031946182251e-02 -1.044057488441467285e+00 -3.296594023704528809e-01 4.197978675365447998e-01 -1.285498589277267456e-01 -3.645445406436920166e-01 -1.923897862434387207e-01 3.487793356180191040e-02 4.954638779163360596e-01 -1.342421025037765503e-01 1.718626916408538818e-01 3.266031742095947266e-01 -8.415544629096984863e-01 -4.858179092407226562e-01 2.396404743194580078e-01 5.425465703010559082e-01 2.813687324523925781e-01 1.162040084600448608e-01 -4.820888340473175049e-01 -2.360365986824035645e-01 -5.263049528002738953e-02 -3.586239218711853027e-01 -3.189514577388763428e-01 -3.549884259700775146e-01 1.691721379756927490e-02 -2.651109993457794189e-01 2.572836279869079590e-01 3.773522749543190002e-02 6.603400707244873047e-01 -4.007640779018402100e-01 4.981191158294677734e-01 -4.392770677804946899e-02 -8.618828058242797852e-01 2.514115273952484131e-01 3.955356031656265259e-02 -6.087535619735717773e-01 -5.951496362686157227e-01 7.224375754594802856e-02 -1.091749221086502075e-02 5.463486313819885254e-01 -3.858177736401557922e-02 -4.088823497295379639e-02
2.811754643917083740e-01 -1.062125682830810547e+00 7.296010106801986694e-02 5.695188045501708984e-01 7.679592818021774292e-02 -4.222588613629341125e-02 -3.676508367061614990e-01 -4.761683642864227295e-01 1.105898991227149963e-02 -3.868587017059326172e-01 -1.303470253944396973e+00 -5.937558412551879883e-01 -3.686611652374267578e-01 -6.972010135650634766e-01 9.729219079017639160e-01 4.833135902881622314e-01 -4.247049987316131592e-01 -1.054651383310556412e-02 5.868587493896484375e-01 8.076539039611816406e-01 7.467134594917297363e-01 -1.281220093369483948e-02 7.010219693183898926e-01 -1.003993034362792969e+00 -2.273335307836532593e-01 4.579370021820068359e-01 -4.315064847469329834e-01 -7.998133450746536255e-02 -2.567897439002990723e-01 1.254288852214813232e-01 5.316502451896667480e-01 -9.343196153640747070e-01 -2.443559765815734863e-01 9.927377104759216309e-02 -2.968310415744781494e-01 9.334632754325866699e-02 2.178171873092651367e-01 1.811577230691909790e-01 7.766237854957580566e-02 2.416180521249771118e-01 -1.043218970298767090e-01 -2.722304165363311768e-01 1.125577688217163086e-01 4.276912510395050049e-01 5.553750321269035339e-02 -2.714256346225738525e-01 5.330281257629394531e-01 -3.073683679103851318e-01 1.312781572341918945e-01 -5.561076402664184570e-01 -5.346695184707641602e-01 -2.865837514400482178e-01 -4.021660983562469482e-02 2.803530097007751465e-01 -4.942033886909484863e-01 5.973397567868232727e-02 7.552401721477508545e-02 -6.704537868499755859e-01 -1.252593755722045898e+00 -5.826373696327209473e-01 -4.634033143520355225e-01 2.941037118434906006e-01 2.396398335695266724e-01 -2.361466437578201294e-01
1.359805941581726074e+00 -3.773573040962219238e-01 3.812215328216552734e-01 8.607687354087829590e-01 5.806767940521240234e-01 2.529874257743358612e-02 -2.821911871433258057e-01 -4.718418717384338379e-01 -9.744689464569091797e-01 5.869168639183044434e-01 -8.187769055366516113e-01 -1.438752770423889160e+00 -4.876735061407089233e-02 -9.504446387290954590e-01 8.634528517723083496e-01 1.947840690612792969e+00 -1.117022037506103516e+00 7.269917726516723633e-01 2.131114453077316284e-01 1.241630196571350098e+00 -5.257195830345153809e-01 8.418972492218017578e-01 7.410319447517395020e-01 -1.420616149902343750e+00 8.038971424102783203e-01 6.793378591537475586e-01 -8.188308477401733398e-01 3.078273236751556396e-01 5.587456226348876953e-01 -6.460441350936889648e-01 6.297367811203002930e-01 -4.274366796016693115e-01 -2.406008839607238770e-01 2.739578112959861755e-02 8.101481795310974121e-01 -1.005034208297729492e+00 5.769038200378417969e-01 5.639988780021667480e-01 3.532098531723022461e-01 8.015511035919189453e-01 -1.894960403442382812e+00 3.031862080097198486e-01 3.820304572582244873e-01 -1.138057634234428406e-01 -2.939831614494323730e-01 -7.452576756477355957e-01 3.284518718719482422e-01 1.228614747524261475e-01 -1.435101032257080078e+00 -2.508678734302520752e-01 3.854938745498657227e-01 -7.391690015792846680e-01 1.147865891456604004e+00 2.593542933464050293e-01 6.344383955001831055e-01 -1.000739261507987976e-01 -1.192520465701818466e-02 -3.844404518604278564e-01 2.103024870157241821e-01 -2.364742755889892578e-01 1.098627373576164246e-01 8.417115807533264160e-01 -3.905940651893615723e-01 9.260458499193191528e-02
2.774495184421539307e-01 -7.905709743499755859e-01 3.771966099739074707e-01 9.400820136070251465e-01 -7.641814947128295898e-01 -3.206357955932617188e-01 -6.945573091506958008e-01 -2.465365082025527954e-01 -1.368213444948196411e-01 -2.309332937002182007e-01 4.968276992440223694e-02 -4.818974435329437256e-01 -7.676432132720947266e-01 2.216754555702209473e-01 6.313763260841369629e-01 -1.509543061256408691e-01 -8.463735580444335938e-01 -1.179514080286026001e-01 -1.641087532043457031e-01 4.608646631240844727e-01 7.067138552665710449e-01 9.054609537124633789e-01 -3.344512581825256348e-01 -8.640421032905578613e-01 -5.699454545974731445e-01 -3.451728075742721558e-02 2.762340605258941650e-01 3.091185390949249268e-01 9.150442481040954590e-02 3.021216094493865967e-01 4.426572918891906738e-01 3.554544150829315186e-01 5.796191841363906860e-02 3.385500013828277588e-01 4.010774195194244385e-01 -7.121057510375976562e-01 5.224037766456604004e-01 8.125744462013244629e-01 4.930253028869628906e-01 -3.441463112831115723e-01 -4.099159538745880127e-01 3.201295435428619385e-01 6.166002154350280762e-01 -8.564976602792739868e-02 -4.756112694740295410e-01 -3.227469325065612793e-01 -1.442226916551589966e-01 -3.204025924205780029e-01 2.779888212680816650e-01 -9.097649455070495605e-01 -4.232371151447296143e-01 -5.331934690475463867e-01 -8.940413594245910645e-03 -1.462736576795578003e-01 -5.900427699089050293e-01 1.787624061107635498e-01 3.373555243015289307e-01 -8.108596205711364746e-01 -5.311961174011230469e-01 4.210112690925598145e-01 -2.939464151859283447e-01 8.795879483222961426e-01 1.285328269004821777e-01 5.179423466324806213e-02
1.226253747940063477e+00 -4.150039851665496826e-01 -6.705279350280761719e-01 2.972237467765808105e-01 3.456390798091888428e-01 -6.402794122695922852e-01 3.309680223464965820e-01 -4.184217005968093872e-02 -1.068361103534698486e-01 -2.916817069053649902e-01 -2.429388612508773804e-01 -4.346220791339874268e-01 -7.872019708156585693e-02 7.552714347839355469e-01 6.865742206573486328e-01 2.495836168527603149e-01 -4.473824799060821533e-01 6.389745324850082397e-02 -5.402786135673522949e-01 -1.185455545783042908e-01 8.320254087448120117e-01 1.236085534095764160e+00 1.096638560295104980e+00 -1.188460111618041992e+00 -9.509863853454589844e-01 5.595349669456481934e-01 4.747307002544403076e-01 -1.198831200599670410e+00 -3.322150111198425293e-01 -7.067341804504394531e-01 1.328273117542266846e-01 1.297632753849029541e-01 2.624563276767730713e-01 -4.321764111518859863e-01 -9.245985001325607300e-02 -7.772619128227233887e-01 5.657680034637451172e-01 5.381783843040466309e-01 -7.528219819068908691e-01 -2.191649228334426880e-01 -3.979212343692779541e-01 9.068816155195236206e-02 2.470026016235351562e-01 -5.931335091590881348e-01 -1.404223144054412842e-01 -7.103236764669418335e-02 -1.680621877312660217e-02 -6.990194320678710938e-01 -2.164561897516250610e-01 -6.226070523262023926e-01 3.400297164916992188e-01 -2.493180632591247559e-01 7.424548864364624023e-01 5.515730977058410645e-01 -7.451629042625427246e-01 -3.403001129627227783e-01 4.004343748092651367e-01 -1.110125899314880371e+00 -1.236705258488655090e-01 -3.346727788448333740e-02 -1.375565379858016968e-01 1.795162439346313477e+00 -1.994370818138122559e-01 2.003674656152725220e-01
7.680741548538208008e-01 -5.434201359748840332e-01 -4.686234146356582642e-02 -3.159603476524353027e-01 -3.644231259822845459e-01 -8.305782452225685120e-03 2.001744881272315979e-02 -3.073395192623138428e-01 -5.766865015029907227e-01 -1.156609579920768738e-01 -4.593716189265251160e-02 -2.282905101776123047e+00 -4.953247904777526855e-01 -2.809202373027801514e-01 4.332127794623374939e-02 5.535859465599060059e-01 -4.956279322504997253e-02 -1.641862392425537109e-01 5.778794288635253906e-01 8.568051853217184544e-04 -3.762728720903396606e-02 1.244734406471252441e+00 3.576500117778778076e-01 -1.273019909858703613e+00 1.503261774778366089e-01 -3.673721253871917725e-01 -4.976620078086853027e-01 2.084233909845352173e-01 -1.819254755973815918e-01 3.866324126720428467e-01 4.837708771228790283e-01 -5.428392887115478516e-01 1.132854819297790527e-01 -2.366110384464263916e-01 -2.859938740730285645e-01 -1.704960763454437256e-01 4.078870713710784912e-01 2.067231200635433197e-02 5.866150259971618652e-01 2.965802848339080811e-01 7.864993065595626831e-02 -5.805926918983459473e-01 1.503174006938934326e-01 -9.893424808979034424e-02 5.962163209915161133e-01 -6.991054117679595947e-02 3.826786279678344727e-01 -5.879973769187927246e-01 3.037132695317268372e-02 -1.036049008369445801e+00 5.375549197196960449e-01 -3.357751071453094482e-01 3.072476685047149658e-01 8.922213315963745117e-01 -5.730253458023071289e-01 6.974825263023376465e-01 3.673013150691986084e-01 -7.435623407363891602e-01 -9.907649755477905273e-01 -5.838490277528762817e-02 -1.998143270611763000e-02 1.012074589729309082e+00 -1.217679232358932495e-01 -3.916999697685241699e-01
8.884096145629882812e-01 -3.039563894271850586e-01 1.227574124932289124e-01 8.453717827796936035e-01 -6.359241604804992676e-01 -1.584799289703369141e-01 7.011061906814575195e-01 4.293342307209968567e-02 -6.199685931205749512e-01 -6.306030154228210449e-01 -8.926448225975036621e-01 -2.024650335311889648e+00 -4.280943274497985840e-01 -3.235813081264495850e-01 1.539353370666503906e+00 1.284553885459899902e+00 -8.774929642677307129e-01 3.256799876689910889e-01 -2.949329912662506104e-01 9.033546447753906250e-01 7.976832389831542969e-01 1.415145635604858398e+00 1.272026300430297852e+00 -5.728453397750854492e-01 3.196536898612976074e-01 1.339705735445022583e-01 2.669574879109859467e-02 -5.952652096748352051e-01 -1.202343106269836426e+00 -8.991662859916687012e-01 9.647471904754638672e-01 -1.108991026878356934e+00 5.791248679161071777e-01 -5.035253763198852539e-01 2.975789904594421387e-01 2.485956531018018723e-03 7.784442305564880371e-01 6.511929035186767578e-01 7.178430557250976562e-01 5.729506611824035645e-01 -9.618611931800842285e-01 4.366346001625061035e-01 6.290867328643798828e-01 -6.357942223548889160e-01 -1.080953836441040039e+00 -3.596204519271850586e-01 3.394137322902679443e-01 6.892778873443603516e-01 -6.741071939468383789e-01 -4.785047471523284912e-02 7.520353794097900391e-01 -1.640018261969089508e-02 9.391354918479919434e-01 2.293915510177612305e+00 2.455189228057861328e-01 2.534532546997070312e-01 9.010067582130432129e-02 -1.117369771003723145e+00 5.493103861808776855e-01 5.159541964530944824e-01 1.716282963752746582e+00 1.145356893539428711e+00 6.223883852362632751e-02 9.602316021919250488e-01
1.209281206130981445e+00 -5.888485312461853027e-01 1.024564146995544434e+00 5.944507718086242676e-01 4.671785533428192139e-01 1.354863494634628296e-01 9.006536006927490234e-01 -2.010925300419330597e-02 -6.241158246994018555e-01 -6.260662674903869629e-01 -8.939114809036254883e-01 -1.591988682746887207e+00 -1.130835339426994324e-01 -9.647870063781738281e-01 -4.319789409637451172e-01 1.543778657913208008e+00 1.279639750719070435e-01 3.483855128288269043e-01 -3.101021945476531982e-01 1.014914989471435547e+00 -1.200915314257144928e-02 7.438380122184753418e-01 5.666850805282592773e-01 -1.223470449447631836e+00 -3.630992174148559570e-01 1.536172330379486084e-01 -4.112376570701599121e-01 2.230460047721862793e-01 -5.714436769485473633e-01 -6.153280138969421387e-01 -7.685015201568603516e-01 -1.184075772762298584e-01 7.292783856391906738e-01 -1.598632633686065674e-01 -2.840559780597686768e-01 1.526611149311065674e-01 3.260502815246582031e-01 4.818713366985321045e-01 -1.363072693347930908e-01 2.814269661903381348e-01 -1.343469321727752686e-01 4.224254786968231201e-01 1.387214064598083496e+00 -1.092157125473022461e+00 -1.938504576683044434e-01 -6.918306946754455566e-01 1.097963571548461914e+00 -8.501738905906677246e-01 8.578850328922271729e-02 -6.911235451698303223e-01 1.010150551795959473e+00 4.253016412258148193e-01 7.464395761489868164e-01 8.854939341545104980e-01 6.648994088172912598e-01 -3.729671537876129150e-01 8.345312625169754028e-02 -1.332701921463012695e+00 5.744928717613220215e-01 2.181273549795150757e-01 6.484952569007873535e-01 8.190938234329223633e-01 3.055607974529266357e-01 3.130809068679809570e-01
1.789891719818115234e-01 -5.968886017799377441e-01 2.299162149429321289e-01 1.907419562339782715e-01 -3.338785469532012939e-01 -8.366363644599914551e-01 5.461817979812622070e-01 7.294386625289916992e-02 -1.248698830604553223e-01 -3.683131039142608643e-01 6.131529211997985840e-01 -8.812436461448669434e-01 2.153530344367027283e-02 -5.670181512832641602e-01 7.315294146537780762e-01 3.865508735179901123e-01 -6.070826649665832520e-01 1.180251762270927429e-01 3.600727915763854980e-01 -1.612282246351242065e-01 4.100185632705688477e-01 4.765052199363708496e-01 4.529974982142448425e-02 -8.187145590782165527e-01 -9.258272051811218262e-01 2.705951631069183350e-01 1.176640540361404419e-01 5.574498325586318970e-02 -2.015411257743835449e-01 -1.794307976961135864e-01 4.724040627479553223e-01 -6.653031706809997559e-02 1.731196343898773193e-01 -1.042040586471557617e-01 -9.718142151832580566e-01 -6.737784147262573242e-01 5.936664938926696777e-01 5.737985372543334961e-01 5.309568047523498535e-01 1.133720576763153076e-01 -7.579977512359619141e-01 -1.026371642947196960e-01 9.826475381851196289e-02 -5.004171729087829590e-01 -5.313912630081176758e-01 -8.329859375953674316e-02 2.127215415239334106e-01 4.079724252223968506e-01 1.855664551258087158e-01 1.378277838230133057e-01 4.673862084746360779e-02 -2.004199773073196411e-01 3.941899538040161133e-01 -4.383585453033447266e-01 -8.467081785202026367e-01 6.314889788627624512e-01 -1.892789453268051147e-01 -4.758678376674652100e-01 -7.332195639610290527e-01 3.771622478961944580e-01 -9.291794151067733765e-02 2.440754771232604980e-01 -2.840836346149444580e-01 -3.762881457805633545e-01
-2.110503166913986206e-01 -3.650254607200622559e-01 -2.780046686530113220e-02 4.858975708484649658e-01 -4.532442092895507812e-01 -3.250242471694946289e-01 5.124000906944274902e-01 -2.569993436336517334e-01 -2.079579830169677734e-01 6.588500738143920898e-02 -2.074741572141647339e-01 -8.775781989097595215e-01 -4.399598538875579834e-01 -5.503044724464416504e-01 3.684246540069580078e-01 9.840233922004699707e-01 -2.605421841144561768e-01 7.813279032707214355e-01 -5.158430710434913635e-02 1.805554479360580444e-01 -2.400884926319122314e-01 8.916171193122863770e-01 5.828117132186889648e-01 -6.653911471366882324e-01 -3.264673650264739990e-01 -3.506499230861663818e-01 -1.549036502838134766e-01 -6.316133141517639160e-01 5.538062453269958496e-01 -3.044734001159667969e-01 -1.602577865123748779e-01 -6.090577244758605957e-01 -1.944185197353363037e-01 -8.542687445878982544e-02 3.692035079002380371e-01 5.410490632057189941e-01 -1.452240794897079468e-01 2.610348463058471680e-01 -5.179038047790527344e-01 -4.937489330768585205e-02 -1.259872317314147949e-01 -1.138470787554979324e-02 2.822819352149963379e-01 -8.141878843307495117e-01 6.362930536270141602e-01 -3.674390316009521484e-01 1.288418769836425781e-01 -7.457253336906433105e-01 2.720869844779372215e-03 7.581800222396850586e-01 -6.660274863243103027e-01 3.915672600269317627e-01 5.197875499725341797e-01 -1.899795830249786377e-01 5.557084679603576660e-01 1.612472236156463623e-01 -7.677546739578247070e-01 -1.357373297214508057e-01 -4.972830414772033691e-01 2.042480707168579102e-01 1.293984353542327881e-01 2.352785468101501465e-01 3.083062916994094849e-02 1.958871036767959595e-01
8.052784800529479980e-01 -1.304001081734895706e-02 2.997119426727294922e-01 3.014553189277648926e-01 6.346219033002853394e-02 -6.861034631729125977e-01 5.357101932168006897e-02 3.933506552129983902e-03 -6.658224388957023621e-03 -2.770399153232574463e-01 -2.385106235742568970e-01 -1.762136816978454590e-01 -5.997369885444641113e-01 -9.298208169639110565e-03 5.580007433891296387e-01 2.474873065948486328e-01 -4.505214691162109375e-01 2.400125563144683838e-01 -7.267372608184814453e-01 -4.243751987814903259e-02 -2.415023148059844971e-01 8.965945243835449219e-01 4.248731434345245361e-01 -5.972862839698791504e-01 6.002299785614013672e-01 -4.572235047817230225e-01 4.258443787693977356e-02 -3.527479618787765503e-02 3.580022230744361877e-02 1.257002204656600952e-01 4.946513175964355469e-01 -8.332517147064208984e-01 1.483740508556365967e-01 6.795661449432373047e-01 -7.433401942253112793e-01 2.521986663341522217e-01 -6.161963939666748047e-01 5.387169718742370605e-01 3.498837947845458984e-01 -1.783416271209716797e-01 -7.611443996429443359e-01 4.526748657226562500e-01 9.513363242149353027e-01 7.204899191856384277e-02 2.427095361053943634e-02 -8.060081005096435547e-01 2.914173007011413574e-01 -6.072555780410766602e-01 -4.838007092475891113e-01 -5.465832352638244629e-01 -7.367217540740966797e-02 -1.628796905279159546e-01 6.935536861419677734e-01 9.358302950859069824e-01 1.113839268684387207e+00 5.830354094505310059e-01 -4.300682544708251953e-01 -8.500563502311706543e-01 -5.629039183259010315e-02 6.661607623100280762e-01 2.536117434501647949e-01 2.091268002986907959e-01 -4.100082814693450928e-01 1.733830273151397705e-01
2.580083012580871582e-01 -2.364110499620437622e-01 2.363469302654266357e-01 -1.040663290768861771e-02 3.480006754398345947e-01 -3.380394577980041504e-01 3.131977617740631104e-01 -2.593080401420593262e-01 -4.626776874065399170e-01 1.850213855504989624e-01 -3.838229179382324219e-01 -8.198094367980957031e-01 -5.344870314002037048e-02 -5.684258341789245605e-01 1.355037540197372437e-01 9.530771374702453613e-01 1.594250500202178955e-01 -5.157555341720581055e-01 -7.480683177709579468e-02 -2.777732014656066895e-01 -2.599654793739318848e-01 4.019404351711273193e-01 3.420469462871551514e-01 -2.738668918609619141e-01 1.128769293427467346e-01 3.589261174201965332e-01 -8.382029831409454346e-02 -1.803539693355560303e-01 6.387889981269836426e-01 -2.503739893436431885e-01 3.896012604236602783e-01 7.110694795846939087e-02 -1.312359213829040527e+00 -4.870759546756744385e-01 -5.751045346260070801e-01 -5.839315652847290039e-01 -1.772639751434326172e-01 1.028059601783752441e+00 -6.427300572395324707e-01 -5.415481925010681152e-01 1.398757398128509521e-01 1.804480552673339844e-01 1.180971384048461914e+00 2.754694223403930664e-01 -7.459952831268310547e-01 -4.115029573440551758e-01 1.532968282699584961e-01 -4.270707443356513977e-02 5.016447901725769043e-01 5.595875978469848633e-01 4.898059666156768799e-01 -7.575659155845642090e-01 2.452612668275833130e-01 7.362094521522521973e-01 6.835010051727294922e-01 -7.790625095367431641e-01 -1.723998486995697021e-01 -2.688301503658294678e-01 -3.411179780960083008e-01 -6.784211099147796631e-02 -4.545699954032897949e-01 2.578530013561248779e-01 -3.873727321624755859e-01 1.441197842359542847e-02
5.818957686424255371e-01 -4.274643659591674805e-01 4.063946902751922607e-01 -3.529618084430694580e-01 -3.801307380199432373e-01 -1.689201891422271729e-01 1.736975908279418945e-01 1.295049786567687988e-01 -1.055841684341430664e+00 -5.866596102714538574e-01 3.472085297107696533e-02 6.155733391642570496e-02 -7.730213403701782227e-01 -2.641489505767822266e-01 3.013414144515991211e-01 9.413061141967773438e-01 -4.779439568519592285e-01 -3.187627196311950684e-01 -4.199979305267333984e-01 -2.519258111715316772e-02 -2.579258009791374207e-02 2.744506597518920898e-01 1.842741221189498901e-01 -1.175339818000793457e+00 -2.717078924179077148e-01 2.276924997568130493e-01 1.673800796270370483e-01 -5.063041448593139648e-01 4.852498471736907959e-01 4.155862629413604736e-01 3.578955233097076416e-01 3.784296214580535889e-01 -4.502421319484710693e-01 -3.509493311867117882e-03 -6.919011473655700684e-01 -5.017193555831909180e-01 -2.546035647392272949e-01 -1.343452692031860352e+00 4.460655748844146729e-01 -3.706160783767700195e-01 -1.510271430015563965e-01 5.325337871909141541e-02 4.731793105602264404e-01 -3.155235350131988525e-01 -1.942867934703826904e-01 -3.529823124408721924e-01 2.397259175777435303e-01 -4.769886136054992676e-01 7.734261453151702881e-02 1.704322174191474915e-02 -1.687816679477691650e-01 -1.192445904016494751e-01 -1.594826877117156982e-01 -3.976950943470001221e-01 1.755410134792327881e-01 -6.149769201874732971e-02 -2.457640469074249268e-01 -4.172789454460144043e-01 2.624066174030303955e-01 1.568150073289871216e-01 -1.558437049388885498e-01 2.755448408424854279e-02 1.186867803335189819e-01 5.379886627197265625e-01
1.457763276994228363e-02 -2.853843271732330322e-01 1.587596833705902100e-01 2.911046743392944336e-01 -2.937780320644378662e-01 -1.786656528711318970e-01 1.678995937108993530e-01 1.869408190250396729e-01 6.771882772445678711e-01 2.301798313856124878e-01 -4.495976865291595459e-01 -5.098520517349243164e-01 -2.363481819629669189e-01 -2.477913498878479004e-01 -1.036044284701347351e-01 1.096544146537780762e+00 5.646970868110656738e-02 2.713172137737274170e-01 -4.002861082553863525e-01 7.336007952690124512e-01 5.694419518113136292e-02 2.244599014520645142e-01 4.913143217563629150e-01 -4.850275218486785889e-01 2.361159771680831909e-01 -1.109409108757972717e-01 -2.478172630071640015e-01 -6.658375859260559082e-01 6.863977909088134766e-01 -8.470099568367004395e-01 6.788323819637298584e-02 -6.281170994043350220e-02 -1.380075812339782715e-01 1.037009596824645996e+00 -5.655391812324523926e-01 7.733533531427383423e-02 -5.831308960914611816e-01 1.808107495307922363e-01 -7.410475611686706543e-02 -1.156140208244323730e+00 -7.195813655853271484e-01 -1.037132814526557922e-01 5.260828733444213867e-01 -5.648885369300842285e-01 2.067475169897079468e-01 -3.869043588638305664e-01 5.372698977589607239e-02 -4.284453094005584717e-01 -4.456575214862823486e-01 1.087422817945480347e-01 -3.198407590389251709e-01 -2.129532247781753540e-01 6.871612668037414551e-01 4.477657079696655273e-01 5.798233747482299805e-01 2.789597809314727783e-01 4.761070609092712402e-01 -2.310005575418472290e-01 -6.246861442923545837e-02 1.038956865668296814e-01 2.250355482101440430e-01 1.836291700601577759e-01 -2.282380312681198120e-01 -2.665669023990631104e-01
6.858119964599609375e-01 -2.132646143436431885e-01 3.592238128185272217e-01 2.441867589950561523e-01 -1.487585902214050293e-01 -8.789018988609313965e-01 1.181031093001365662e-01 2.158255279064178467e-01 -2.243116647005081177e-01 -6.875698268413543701e-02 -5.513160228729248047e-01 -1.891556829214096069e-01 2.584150806069374084e-02 -2.442090213298797607e-01 6.430977582931518555e-01 7.962132692337036133e-01 -6.125891208648681641e-02 -3.400509655475616455e-01 -4.789543151855468750e-01 -3.809576737694442272e-04 1.525989025831222534e-01 8.341257572174072266e-01 5.078751444816589355e-01 -1.300989389419555664e-01 3.009944856166839600e-01 7.116522789001464844e-01 -2.215408831834793091e-01 6.720712184906005859e-01 -1.411016434431076050e-01 4.134492576122283936e-01 3.576098382472991943e-01 -9.853652119636535645e-01 -2.018136717379093170e-02 -2.661753892898559570e-01 5.305855348706245422e-02 -8.246876001358032227e-01 -7.660728096961975098e-01 -4.035915732383728027e-01 2.532246410846710205e-01 -9.004649519920349121e-01 -1.752071082592010498e-01 -5.334335193037986755e-02 6.644476056098937988e-01 -8.345193266868591309e-01 1.194145381450653076e-01 -3.858985602855682373e-01 2.544106245040893555e-01 -2.993388175964355469e-01 3.862655162811279297e-02 -2.137665301561355591e-01 7.218138575553894043e-01 -7.500316500663757324e-01 -6.461413502693176270e-01 1.772866547107696533e-01 1.187387585639953613e+00 -4.618412852287292480e-01 -3.748999834060668945e-01 -1.804155409336090088e-01 -1.538073867559432983e-01 8.470750600099563599e-02 -2.521944940090179443e-01 5.087725520133972168e-01 -5.570711493492126465e-01 -2.009995132684707642e-01
1.578880250453948975e-01 8.321700245141983032e-02 2.883499562740325928e-01 3.349177241325378418e-01 -1.744094863533973694e-02 1.893724198453128338e-03 -1.580313593149185181e-01 3.259614408016204834e-01 -7.504779696464538574e-01 -2.326176911592483521e-01 -7.900910824537277222e-02 -2.666316628456115723e-01 -4.650369882583618164e-01 3.569629192352294922e-01 1.889100670814514160e-01 8.742495179176330566e-01 -5.497986674308776855e-01 4.269996583461761475e-01 -5.116208791732788086e-01 1.202893815934658051e-02 4.823041558265686035e-01 -1.246727928519248962e-01 3.200478851795196533e-01 -4.483723640441894531e-01 2.645701467990875244e-01 4.084666371345520020e-01 -9.854985028505325317e-02 -3.378578424453735352e-01 9.099963903427124023e-01 -3.294457793235778809e-01 -2.950401306152343750e-01 -9.653478860855102539e-02 -3.187237381935119629e-01 1.725079864263534546e-01 -4.053057357668876648e-02 1.672592908143997192e-01 -7.567340731620788574e-01 1.170948520302772522e-01 2.128558158874511719e-01 -6.180194616317749023e-01 -6.131775304675102234e-02 3.119056522846221924e-01 -3.485607206821441650e-01 -1.085465669631958008e+00 -2.981183677911758423e-02 7.137712091207504272e-02 9.407602995634078979e-02 6.069503724575042725e-02 1.539093554019927979e-01 1.650383919477462769e-01 -3.375575542449951172e-01 -4.512435495853424072e-01 2.948238253593444824e-01 -5.625250935554504395e-01 4.889902174472808838e-01 1.171482354402542114e-01 2.982952594757080078e-01 -6.742659807205200195e-01 -4.921002388000488281e-01 -2.108005881309509277e-01 -6.586165428161621094e-01 -2.692910283803939819e-02 -9.906391799449920654e-02 9.738782793283462524e-02
-1.685731261968612671e-01 -1.002019941806793213e-01 4.137578010559082031e-01 7.277195453643798828e-01 2.699854075908660889e-01 -9.104686230421066284e-02 -5.904810428619384766e-01 -1.376084517687559128e-03 -7.758899331092834473e-01 2.697990238666534424e-01 9.389290958642959595e-02 -1.213138818740844727e+00 -6.293528079986572266e-01 -8.447292447090148926e-01 7.107181549072265625e-01 3.515341281890869141e-01 -6.066699624061584473e-01 -2.360397577285766602e-01 2.052686959505081177e-01 1.735099852085113525e-01 4.959896206855773926e-01 7.738165855407714844e-01 1.610096096992492676e-01 5.486752372235059738e-03 -9.048089981079101562e-01 4.623019099235534668e-01 -1.557794511318206787e-01 -1.078554391860961914e-01 -3.309250473976135254e-01 1.137303262948989868e-01 6.009377837181091309e-01 -2.721855640411376953e-01 3.659306466579437256e-01 6.068003922700881958e-02 -9.745935797691345215e-01 -5.494636297225952148e-01 3.334125503897666931e-02 5.897782444953918457e-01 -4.388976469635963440e-02 -1.599335223436355591e-01 -9.033794999122619629e-01 2.405283451080322266e-01 5.188493728637695312e-01 2.770168185234069824e-01 -8.251661658287048340e-01 2.598355710506439209e-02 3.562445640563964844e-01 1.407096348702907562e-02 3.572572767734527588e-01 -2.762705385684967041e-01 -3.420949876308441162e-01 -2.898834645748138428e-01 4.618920683860778809e-01 2.434016205370426178e-02 -5.803470611572265625e-01 3.293458521366119385e-01 1.902766972780227661e-01 -8.633456826210021973e-01 -3.224645256996154785e-01 2.537252940237522125e-02 -3.275618553161621094e-01 7.367934584617614746e-01 3.784326314926147461e-01 4.366450011730194092e-02
1.696244627237319946e-01 -9.275000542402267456e-02 2.657792568206787109e-01 -1.739741563796997070e-01 -4.165612161159515381e-01 -5.300648808479309082e-01 3.840031623840332031e-01 -7.493762969970703125e-01 -4.678615629673004150e-01 7.753942906856536865e-02 -7.290989160537719727e-01 3.015559166669845581e-02 -4.877420365810394287e-01 -1.090729236602783203e-01 5.299283266067504883e-01 5.416811108589172363e-01 9.135635942220687866e-02 -5.565261840820312500e-01 -3.326638936996459961e-01 -3.798187971115112305e-01 -8.053954243659973145e-01 2.921239733695983887e-01 6.947355866432189941e-01 1.398912817239761353e-01 -2.461129724979400635e-01 9.151813983917236328e-01 -2.660230398178100586e-01 8.686531335115432739e-02 1.725455373525619507e-01 -5.907105803489685059e-01 -2.253894954919815063e-01 -1.020565629005432129e-01 1.137515828013420105e-01 -1.223614066839218140e-01 2.401517629623413086e-01 -4.619447886943817139e-01 -1.061368454247713089e-02 5.809716135263442993e-02 2.133947908878326416e-01 -4.730375707149505615e-01 2.503552138805389404e-01 -1.710103154182434082e-01 3.636166751384735107e-01 -2.695539593696594238e-02 -1.694399118423461914e-01 -4.460463225841522217e-01 5.666409134864807129e-01 -5.411767363548278809e-01 -4.349176883697509766e-01 2.572098970413208008e-01 -1.340821683406829834e-01 -2.296899408102035522e-01 1.224251165986061096e-01 1.499059200286865234e-01 6.702021360397338867e-01 3.501137197017669678e-01 3.666858673095703125e-01 -6.540182232856750488e-01 -8.014006614685058594e-01 1.840952783823013306e-01 9.161750227212905884e-02 6.679707765579223633e-02 -4.125470221042633057e-01 3.977677822113037109e-01
5.251989960670471191e-01 -2.066358178853988647e-01 3.549261987209320068e-01 3.536104857921600342e-01 3.348685801029205322e-01 -6.024391204118728638e-02 -4.629775509238243103e-02 3.928319513797760010e-01 -3.981363475322723389e-01 -1.442558616399765015e-01 3.642821609973907471e-01 -3.852837383747100830e-01 -2.846150994300842285e-01 -6.100823879241943359e-01 9.497775435447692871e-01 1.037822484970092773e+00 -7.965158671140670776e-02 -1.545841544866561890e-01 7.743536233901977539e-01 -2.455528080463409424e-01 3.188666701316833496e-02 4.560014009475708008e-01 7.384322285652160645e-01 -1.139419674873352051e+00 -5.239706039428710938e-01 -1.080849394202232361e-01 -1.098462194204330444e-01 -2.330965250730514526e-01 3.733271658420562744e-01 -6.532215476036071777e-01 -3.862283006310462952e-02 -8.334837555885314941e-01 3.392550647258758545e-01 -3.757010698318481445e-01 5.341286063194274902e-01 5.717488527297973633e-01 -9.946529269218444824e-01 8.704645186662673950e-02 -1.759962886571884155e-01 -2.008298039436340332e-01 -1.123272329568862915e-01 1.962838321924209595e-01 -8.652972429990768433e-02 -6.543177366256713867e-01 -6.209066510200500488e-02 -1.579194217920303345e-01 -2.614832520484924316e-01 -1.903276592493057251e-01 -6.962301582098007202e-02 -5.152053758502006531e-02 -1.017888069152832031e+00 2.931297123432159424e-01 1.868265569210052490e-01 -3.393452465534210205e-01 1.021126031875610352e+00 -1.737419515848159790e-01 -1.084920614957809448e-01 -5.531751513481140137e-01 -7.690753936767578125e-01 -2.098756432533264160e-01 -4.090249538421630859e-01 8.585781455039978027e-01 -4.575359523296356201e-01 -9.420347213745117188e-02
2.123848050832748413e-01 3.942830264568328857e-01 3.709842562675476074e-01 2.593639194965362549e-01 -3.811403214931488037e-01 -5.946999415755271912e-02 -1.066532954573631287e-01 5.119159221649169922e-01 1.715741902589797974e-01 4.075259566307067871e-01 -8.820555359125137329e-02 -6.695040464401245117e-01 -6.211380958557128906e-01 -7.927469611167907715e-01 1.400133818387985229e-01 8.433535099029541016e-01 1.641341000795364380e-01 -1.579641252756118774e-01 -2.451563328504562378e-01 8.594411015510559082e-01 4.691503345966339111e-01 7.297865748405456543e-01 1.296798825263977051e+00 -9.085583090782165527e-01 1.103758215904235840e+00 3.715714812278747559e-01 6.889715045690536499e-02 -9.679732918739318848e-01 1.791401654481887817e-01 -1.222916603088378906e+00 1.431551575660705566e-02 -1.341394335031509399e-01 -7.669662833213806152e-01 -7.721412926912307739e-03 -1.098394751548767090e+00 2.077915668487548828e-01 2.897382155060768127e-02 7.587050795555114746e-01 -8.626052737236022949e-02 -8.505217432975769043e-01 -8.176963925361633301e-01 -1.041415408253669739e-01 2.463175505399703979e-01 -7.538533210754394531e-02 2.846620082855224609e-01 -2.523208558559417725e-01 4.573991298675537109e-01 -1.715477257966995239e-01 -1.011273190379142761e-01 -1.135397255420684814e-01 1.065540462732315063e-01 -6.606882810592651367e-01 6.293465495109558105e-01 5.919650793075561523e-01 -2.863679826259613037e-01 -9.366630017757415771e-02 8.677717298269271851e-02 1.644738167524337769e-01 6.193685904145240784e-02 8.005562424659729004e-02 -2.752011269330978394e-02 3.116925060749053955e-01 -4.740455150604248047e-01 1.056340858340263367e-01
5.972273349761962891e-01 -2.646200545132160187e-02 2.004752457141876221e-01 -6.970369070768356323e-02 -9.328536391258239746e-01 -2.144328653812408447e-01 2.363272607326507568e-01 2.151909321546554565e-01 -7.330357432365417480e-01 -1.215556934475898743e-01 3.120855800807476044e-02 -9.944906234741210938e-01 -5.270752906799316406e-01 -5.941174626350402832e-01 1.259923428297042847e-01 1.072056889533996582e+00 -2.420880943536758423e-01 -6.247371435165405273e-01 -3.824582397937774658e-01 -4.425392150878906250e-01 2.824058532714843750e-01 1.338372230529785156e-01 4.244624078273773193e-01 -7.430991530418395996e-01 -1.009903997182846069e-01 -6.735116988420486450e-02 4.631549715995788574e-01 -1.533448100090026855e-01 8.838443756103515625e-01 4.321407377719879150e-01 9.407646209001541138e-02 8.101380467414855957e-01 -1.358518451452255249e-01 2.536323480308055878e-02 -5.322309732437133789e-01 -3.048346936702728271e-01 -1.480063647031784058e-01 -1.069550275802612305e+00 3.700401782989501953e-01 -1.287410110235214233e-01 4.269381463527679443e-01 -4.062487278133630753e-03 1.670788079500198364e-01 -5.790851712226867676e-01 -6.712295114994049072e-02 -4.581129252910614014e-01 3.236540555953979492e-01 -3.953510820865631104e-01 6.062771677970886230e-01 -4.261193871498107910e-01 3.105896115303039551e-01 -4.031797349452972412e-01 1.359923928976058960e-01 4.179849103093147278e-02 5.541817545890808105e-01 5.179306492209434509e-02 -6.902747750282287598e-01 -3.977679312229156494e-01 -2.436311841011047363e-01 -2.410641908645629883e-01 -3.135823458433151245e-02 4.039992392063140869e-01 7.100375741720199585e-02 -1.524423807859420776e-01
2.882611155509948730e-01 -5.902629494667053223e-01 5.145850777626037598e-01 8.660331368446350098e-02 -2.460217773914337158e-01 -1.138036418706178665e-02 -1.323466002941131592e-01 1.532957404851913452e-01 -4.960591793060302734e-01 -2.922534048557281494e-01 -1.238681301474571228e-01 -2.898489832878112793e-01 -5.754351615905761719e-01 -5.479685068130493164e-01 3.168106675148010254e-01 5.709722638130187988e-01 2.094120234251022339e-01 -2.087500542402267456e-01 -5.706863999366760254e-01 -1.675006300210952759e-01 6.850942373275756836e-01 1.328860372304916382e-01 2.029788792133331299e-01 -5.845207571983337402e-01 2.636200189590454102e-01 -4.110649973154067993e-02 -4.977728426456451416e-02 -2.685024868696928024e-03 6.332394480705261230e-01 7.875547558069229126e-02 -1.602848060429096222e-02 3.344729244709014893e-01 -3.602729141712188721e-01 4.145126342773437500e-01 5.336955189704895020e-02 1.616765409708023071e-01 -4.962593689560890198e-02 -2.125319987535476685e-01 4.122366011142730713e-02 -7.103851437568664551e-01 3.294443786144256592e-01 7.187768816947937012e-01 3.866298496723175049e-01 -6.470853686332702637e-01 -3.849450051784515381e-01 -9.726791083812713623e-02 -6.895131897181272507e-03 2.549882419407367706e-02 4.219301939010620117e-01 3.397593200206756592e-01 -3.297917842864990234e-01 -9.102963805198669434e-01 1.500619798898696899e-01 -3.965051472187042236e-01 5.326955318450927734e-01 3.987411037087440491e-02 9.209682941436767578e-01 -2.372138053178787231e-01 1.404669433832168579e-01 5.318132638931274414e-01 -7.573291659355163574e-02 -6.108266860246658325e-02 -4.746377766132354736e-01 -3.065729439258575439e-01
9.855340123176574707e-01 -4.631161093711853027e-01 5.742967128753662109e-01 4.051698148250579834e-01 -4.439728856086730957e-01 -5.611789822578430176e-01 3.352368474006652832e-01 9.271746873855590820e-02 -9.300338625907897949e-01 -2.814607322216033936e-01 7.433434575796127319e-02 -1.706995964050292969e+00 5.681608915328979492e-01 -6.027917861938476562e-01 9.853214025497436523e-01 9.300735592842102051e-01 -5.066267848014831543e-01 -2.691093087196350098e-01 -2.637676298618316650e-01 7.115135192871093750e-01 1.775270141661167145e-02 7.794504165649414062e-01 1.393792152404785156e+00 2.995496615767478943e-02 4.021185338497161865e-01 7.765325158834457397e-02 4.580377042293548584e-01 -6.586998701095581055e-03 7.216026186943054199e-01 -1.714323908090591431e-01 5.542305111885070801e-01 -2.111814022064208984e-01 -1.625116318464279175e-01 -6.967856884002685547e-01 -5.409107804298400879e-01 1.415315736085176468e-02 1.355441063642501831e-01 3.212153911590576172e-01 -6.381580829620361328e-01 4.623540341854095459e-01 -5.537581443786621094e-01 -3.199606239795684814e-01 2.896634638309478760e-01 -8.411766886711120605e-01 5.007361173629760742e-01 3.635211288928985596e-01 8.358773589134216309e-01 3.311250805854797363e-01 2.716861665248870850e-01 4.617882966995239258e-01 3.120915591716766357e-01 -4.086183384060859680e-02 -2.181781642138957977e-02 9.898664951324462891e-01 7.421346902847290039e-01 -7.418497651815414429e-02 1.007045030593872070e+00 -8.608821034431457520e-01 3.488360643386840820e-01 2.847539186477661133e-01 6.889686584472656250e-01 1.102296352386474609e+00 1.530684530735015869e-01 4.210068583488464355e-01
5.937360525131225586e-01 -1.641197316348552704e-02 3.540563285350799561e-01 5.314109921455383301e-01 -7.928425669670104980e-01 -5.926514267921447754e-01 4.145045280456542969e-01 2.402673512697219849e-01 -3.787594139575958252e-01 1.002676486968994141e-01 1.312025338411331177e-01 -1.889246582984924316e+00 -2.200861573219299316e-01 -8.399496972560882568e-02 9.045159816741943359e-01 5.548609495162963867e-01 -4.670397341251373291e-01 -3.074909746646881104e-01 -4.153133332729339600e-01 4.670692384243011475e-01 3.320379257202148438e-01 6.487237811088562012e-01 -2.381871193647384644e-01 -5.948858261108398438e-01 -3.704402744770050049e-01 7.583101391792297363e-01 3.436156809329986572e-01 6.811348348855972290e-02 7.236313074827194214e-02 -9.999679923057556152e-01 8.334067463874816895e-01 -2.571654319763183594e-01 2.834161221981048584e-01 -4.464259147644042969e-01 -8.053866624832153320e-01 -1.029525041580200195e+00 2.121850103139877319e-01 3.687941431999206543e-01 2.846885919570922852e-01 6.388515233993530273e-01 -5.377930998802185059e-01 2.204955071210861206e-01 8.585768938064575195e-01 -2.794590294361114502e-01 4.035738408565521240e-01 3.470832407474517822e-01 -9.271031618118286133e-02 6.633276343345642090e-01 4.184087738394737244e-02 5.445581674575805664e-02 -2.125933915376663208e-01 1.969054341316223145e-01 8.755819201469421387e-01 -1.823251992464065552e-01 -4.026038646697998047e-01 5.304187536239624023e-01 -5.786847472190856934e-01 -6.256344914436340332e-01 -4.190483093261718750e-01 2.397625148296356201e-01 2.829117476940155029e-01 1.571132391691207886e-01 -7.851073145866394043e-01 9.496131539344787598e-01
3.232489824295043945e-01 -3.499270677566528320e-01 5.871378779411315918e-01 9.153506159782409668e-01 -3.586096465587615967e-01 -9.830179810523986816e-01 -4.910164773464202881e-01 -3.483522534370422363e-01 -7.599124908447265625e-01 -1.425437629222869873e-01 -7.957016229629516602e-01 -1.369286656379699707e+00 -1.856778711080551147e-01 1.536322534084320068e-01 7.786134630441665649e-02 1.573603868484497070e+00 -5.877203345298767090e-01 -4.107548668980598450e-02 -4.205356538295745850e-01 1.451834201812744141e+00 -1.335574872791767120e-02 1.490081697702407837e-01 1.079316020011901855e+00 -1.048000335693359375e+00 -1.641306877136230469e-01 6.432719230651855469e-01 1.409754455089569092e-01 -4.912022054195404053e-01 -3.598110675811767578e-01 -6.220713853836059570e-01 6.275570988655090332e-01 4.344887733459472656e-01 9.204822182655334473e-01 -4.197946190834045410e-01 -1.837678700685501099e-01 1.316882669925689697e-01 -4.536199569702148438e-01 9.562457203865051270e-01 -7.970042824745178223e-01 4.386014640331268311e-01 7.034835964441299438e-02 -1.843239739537239075e-02 2.898899316787719727e-01 1.716597676277160645e-01 -3.748107254505157471e-01 5.371446609497070312e-01 -3.767426311969757080e-02 5.001193881034851074e-01 -4.229584038257598877e-01 -5.524594783782958984e-01 1.559543162584304810e-01 -1.881506145000457764e-01 7.725979685783386230e-01 1.116590738296508789e+00 9.106429219245910645e-01 5.439097881317138672e-01 -2.377602905035018921e-01 -5.111010074615478516e-01 1.760572940111160278e-01 1.613121330738067627e-01 -1.624719351530075073e-01 9.843064546585083008e-01 -1.483327746391296387e-01 3.366057202219963074e-02
6.790419816970825195e-01 9.698551148176193237e-02 5.450236797332763672e-01 5.268166661262512207e-01 -3.974490463733673096e-01 -3.053894033655524254e-03 4.773952066898345947e-01 -3.716101348400115967e-01 -2.961681187152862549e-01 -4.683830142021179199e-01 -5.948980450630187988e-01 -5.641900300979614258e-01 -6.891223192214965820e-01 -2.820691168308258057e-01 -6.131903827190399170e-02 1.904046237468719482e-01 -4.353602603077888489e-02 -3.022910282015800476e-02 -7.628948986530303955e-02 -1.512969881296157837e-01 -6.696558594703674316e-01 8.656190633773803711e-01 1.800223737955093384e-01 -1.828907430171966553e-02 1.111611202359199524e-01 -1.618816405534744263e-01 5.275785326957702637e-01 -6.582157313823699951e-02 5.670069530606269836e-02 2.733529508113861084e-01 3.480533957481384277e-01 -8.059868812561035156e-01 1.949724741280078888e-02 6.718833446502685547e-01 -7.282598614692687988e-01 -3.916595280170440674e-01 -4.968214333057403564e-01 8.205811381340026855e-01 1.670387387275695801e-01 -6.288492679595947266e-01 -5.449917912483215332e-01 -6.230185031890869141e-01 7.770693302154541016e-01 4.219003617763519287e-01 -5.500541925430297852e-01 -9.183194637298583984e-01 2.928219437599182129e-01 -2.565320134162902832e-01 4.383147954940795898e-01 -2.004023194313049316e-01 -2.578493654727935791e-01 -5.835310220718383789e-01 8.716986179351806641e-01 4.725413620471954346e-01 1.134088397026062012e+00 1.180791184306144714e-01 -8.622886240482330322e-02 -1.199595451354980469e+00 -2.521637380123138428e-01 4.741372466087341309e-01 5.731831863522529602e-02 1.601558923721313477e-01 -6.634948253631591797e-01 1.821651458740234375e-01
8.812842965126037598e-01 5.671159550547599792e-02 7.191524505615234375e-01 -2.794112861156463623e-01 -1.259430050849914551e-01 -4.078944623470306396e-01 -3.453164696693420410e-01 7.327128201723098755e-02 -3.613525032997131348e-01 5.124688744544982910e-01 -5.106496214866638184e-01 -6.176483035087585449e-01 -7.804042100906372070e-02 3.433769941329956055e-01 4.920742809772491455e-01 3.768671452999114990e-01 -1.546280682086944580e-01 -6.077620014548301697e-02 -7.123109698295593262e-02 7.164900302886962891e-01 7.138997912406921387e-01 6.488025188446044922e-01 -6.078817322850227356e-02 -2.342983484268188477e-01 -6.502893567085266113e-01 3.214066326618194580e-01 1.289839297533035278e-01 -1.534473989158868790e-02 3.470275402069091797e-01 3.764886260032653809e-01 1.700527369976043701e-01 -2.775754928588867188e-01 6.840425133705139160e-01 2.362038791179656982e-01 -9.821553230285644531e-01 -2.379139065742492676e-01 2.258938848972320557e-01 5.295598506927490234e-01 2.217478156089782715e-01 2.529740035533905029e-01 2.414018660783767700e-01 5.496110916137695312e-01 -1.580636948347091675e-01 -7.299603819847106934e-01 -3.424468263983726501e-02 -5.554721355438232422e-01 5.567148700356483459e-02 -9.271864593029022217e-02 2.666656970977783203e-01 -4.287120997905731201e-01 2.383626848459243774e-01 -2.277684956789016724e-01 8.103714883327484131e-02 -9.436737746000289917e-02 -8.252452015876770020e-01 3.826897218823432922e-02 -9.600432217121124268e-02 -7.531877160072326660e-01 -8.414207100868225098e-01 2.833805084228515625e-01 -4.471213817596435547e-01 8.733394742012023926e-01 -4.395822435617446899e-02 -4.693179726600646973e-01
5.434582233428955078e-01 -3.181684911251068115e-01 5.861370563507080078e-01 1.031631946563720703e+00 -2.317055314779281616e-01 1.854432225227355957e-01 -1.906074434518814087e-01 -6.624929308891296387e-01 1.157318726181983948e-01 -6.489805579185485840e-01 -9.131382107734680176e-01 -1.118062496185302734e+00 -6.421832442283630371e-01 -1.623017042875289917e-01 9.612118005752563477e-01 6.255051493644714355e-02 -6.617733240127563477e-01 4.480196237564086914e-01 5.855969190597534180e-01 5.224050283432006836e-01 2.811942398548126221e-01 5.508747100830078125e-01 5.610407590866088867e-01 -9.265193343162536621e-01 3.414096534252166748e-01 -3.868357837200164795e-02 2.452900558710098267e-01 2.018796801567077637e-01 -2.522645890712738037e-01 1.831949055194854736e-01 8.097635507583618164e-01 -2.094682157039642334e-01 2.047482877969741821e-01 6.000223010778427124e-02 -1.130880787968635559e-02 -5.752038955688476562e-01 3.574816584587097168e-01 6.746796965599060059e-01 2.276427485048770905e-02 -3.818012773990631104e-01 4.430038854479789734e-02 4.263162240386009216e-02 9.521095156669616699e-01 7.808405160903930664e-01 1.504886299371719360e-01 -2.135700136423110962e-01 4.092786312103271484e-01 -6.840420961380004883e-01 4.587896466255187988e-01 -5.220607519149780273e-01 -9.129763245582580566e-01 -7.246618866920471191e-01 6.445702314376831055e-01 -3.328524157404899597e-02 -8.090804815292358398e-01 -4.207871556282043457e-01 2.755863666534423828e-01 -9.406796097755432129e-01 -5.954340100288391113e-01 2.258102893829345703e-01 -6.353214979171752930e-01 6.085670590400695801e-01 -6.303015351295471191e-02 -5.578986182808876038e-02
-1.792794018983840942e-01 -4.713417291641235352e-01 4.146533906459808350e-01 -2.487933486700057983e-01 -4.772984981536865234e-01 -3.424484431743621826e-01 2.088753506541252136e-02 -6.042521595954895020e-01 -7.761303186416625977e-01 -2.351221293210983276e-01 -6.869090255349874496e-03 -1.227876543998718262e-01 -6.031769514083862305e-01 -3.264182507991790771e-01 3.716810941696166992e-01 8.025307059288024902e-01 -2.996548712253570557e-01 -2.709005177021026611e-01 -3.368517756462097168e-01 -1.705195009708404541e-01 7.605387270450592041e-02 4.373329281806945801e-01 5.448330566287040710e-02 -7.017890214920043945e-01 -2.356866598129272461e-01 -1.832044422626495361e-01 -1.602623760700225830e-01 -8.346075192093849182e-03 -5.975667387247085571e-03 2.866235747933387756e-02 -8.989403396844863892e-02 2.455833405256271362e-01 -2.335431724786758423e-01 -1.417897790670394897e-01 -1.118276920169591904e-02 -7.524716258049011230e-01 3.355925083160400391e-01 3.523179590702056885e-01 -7.447879761457443237e-02 -3.856911957263946533e-01 -3.005121089518070221e-02 3.143895864486694336e-01 1.675982028245925903e-02 -7.657588720321655273e-01 -9.521582163870334625e-03 -1.526751518249511719e-01 -4.712676256895065308e-02 -8.432281762361526489e-02 3.302963376045227051e-01 -7.590514421463012695e-02 -3.876233398914337158e-01 -1.342135369777679443e-01 -1.659438610076904297e-01 -6.622149348258972168e-01 2.148482054471969604e-01 1.994870007038116455e-01 4.525659680366516113e-01 7.963613420724868774e-02 -4.839535653591156006e-01 -1.782242953777313232e-02 -2.671310305595397949e-01 -4.415911436080932617e-01 -7.916020154953002930e-01 2.811335027217864990e-01
3.248637318611145020e-01 -3.461919426918029785e-01 5.664079189300537109e-01 -1.147059816867113113e-02 1.050952821969985962e-01 3.023296296596527100e-01 -4.118220135569572449e-02 -9.880836009979248047e-01 -2.081945687532424927e-01 2.200515270233154297e-01 1.049826964735984802e-01 -6.122222542762756348e-01 -1.157902956008911133e+00 -2.382976710796356201e-01 2.511889040470123291e-01 3.142445087432861328e-01 -1.925395429134368896e-01 -1.033575415611267090e+00 -6.197668910026550293e-01 1.311949789524078369e-01 -3.724339604377746582e-01 4.169665277004241943e-01 1.177832484245300293e+00 -2.551291286945343018e-01 -2.694755978882312775e-02 2.217996567487716675e-01 8.683579415082931519e-02 -2.450378686189651489e-01 -2.621092200279235840e-01 -5.973914861679077148e-01 -1.580506265163421631e-01 -6.327759474515914917e-02 -1.590931415557861328e-01 1.826474815607070923e-01 1.156403403729200363e-02 -3.809168636798858643e-01 2.718532979488372803e-01 8.217775225639343262e-01 1.755962073802947998e-01 -6.967739015817642212e-02 3.461535871028900146e-01 -1.381337642669677734e-01 -9.425433725118637085e-02 -4.928715527057647705e-01 1.183213740587234497e-01 -3.642390668392181396e-01 7.601854801177978516e-01 -7.194302231073379517e-02 -7.140994071960449219e-01 7.398482412099838257e-02 -2.367135509848594666e-02 -2.742617726325988770e-01 -2.431648969650268555e-01 1.612678319215774536e-01 4.553160965442657471e-01 1.562536656856536865e-01 4.357711598277091980e-02 -2.666541337966918945e-01 -4.777225553989410400e-01 6.296809017658233643e-02 3.612187206745147705e-01 -3.172621726989746094e-01 1.947068870067596436e-01 4.956354796886444092e-01
-1.612479239702224731e-01 -1.228206634521484375e+00 4.406487196683883667e-02 -2.116035521030426025e-01 -5.798771381378173828e-01 3.721209466457366943e-01 -1.759226769208908081e-01 1.978064477443695068e-01 1.296084225177764893e-01 -2.056257575750350952e-01 -1.714373826980590820e-01 -1.116597414016723633e+00 -4.285533353686332703e-02 2.421289682388305664e-01 4.705394804477691650e-01 9.120863080024719238e-01 -1.375766396522521973e-01 5.278032645583152771e-02 2.083901017904281616e-01 3.329947590827941895e-01 4.383372366428375244e-01 6.426388025283813477e-01 4.204699993133544922e-01 -7.730693221092224121e-01 -2.767823636531829834e-01 1.676577776670455933e-01 3.557066917419433594e-01 -8.156903386116027832e-01 8.548433184623718262e-01 -8.867733478546142578e-01 4.338968917727470398e-02 -9.328265190124511719e-01 1.801665313541889191e-02 -3.152421116828918457e-01 2.376934140920639038e-01 5.533831715583801270e-01 -1.201009936630725861e-02 2.858226299285888672e-01 -1.162853389978408813e-01 -7.599298357963562012e-01 -3.876244649291038513e-02 5.424301028251647949e-01 5.174261331558227539e-01 -4.776918888092041016e-01 4.050410091876983643e-01 -2.376850098371505737e-01 2.314543724060058594e-01 1.558942049741744995e-01 -2.775623798370361328e-01 -1.189115941524505615e-01 -9.177505038678646088e-03 -3.351410925388336182e-01 1.453181654214859009e-01 7.433747053146362305e-01 5.459932684898376465e-01 -5.537207722663879395e-01 2.310662716627120972e-01 -7.416982054710388184e-01 2.864052653312683105e-01 4.425627589225769043e-01 -1.678222715854644775e-01 -3.035894036293029785e-01 -3.091244101524353027e-01 -1.321236938238143921e-01
-2.219969183206558228e-01 -4.335125684738159180e-01 -2.137923240661621094e-02 3.576178252696990967e-01 -2.814388573169708252e-01 -1.724964529275894165e-01 3.528984189033508301e-01 -2.963164746761322021e-01 -2.320012450218200684e-01 -1.207151487469673157e-01 -9.967844188213348389e-02 -9.523023962974548340e-01 -3.775864243507385254e-01 -5.778011083602905273e-01 5.045362710952758789e-01 1.031478285789489746e+00 -1.908279657363891602e-01 9.689277410507202148e-01 -1.273014545440673828e-01 6.705553829669952393e-02 -7.621135562658309937e-02 1.035650253295898438e+00 7.007535696029663086e-01 -5.976269245147705078e-01 -5.260509252548217773e-01 -1.741509586572647095e-01 -1.001638248562812805e-01 -7.245030999183654785e-01 4.829187393188476562e-01 -1.841135770082473755e-01 -2.988674938678741455e-01 -6.217554807662963867e-01 -2.050134241580963135e-01 -3.437947481870651245e-02 2.841637134552001953e-01 3.263350725173950195e-01 -7.320814579725265503e-02 1.699513047933578491e-01 -3.753520250320434570e-01 -3.148114085197448730e-01 -2.360321283340454102e-01 -1.162411794066429138e-01 3.184107244014739990e-01 -8.586412668228149414e-01 8.653265833854675293e-01 -4.096936285495758057e-01 1.025455668568611145e-01 -9.435220956802368164e-01 -1.531808823347091675e-01 8.791870474815368652e-01 -6.183880567550659180e-01 2.823205590248107910e-01 6.816812753677368164e-01 -1.517696827650070190e-01 7.085173726081848145e-01 1.912976354360580444e-01 -5.961220860481262207e-01 -1.095033511519432068e-01 -2.121427655220031738e-01 3.303385525941848755e-02 9.430683217942714691e-03 3.404583632946014404e-01 3.145137131214141846e-01 2.998845875263214111e-01
4.459513723850250244e-01 -7.578670978546142578e-01 4.822467267513275146e-01 5.219426155090332031e-01 -5.234720110893249512e-01 -1.676431894302368164e-01 1.264228522777557373e-01 -8.982141315937042236e-02 -5.694960355758666992e-01 -1.096386089920997620e-01 -5.878192931413650513e-02 1.184094771742820740e-01 -7.131029963493347168e-01 -1.670526117086410522e-01 4.331572353839874268e-01 2.541944980621337891e-01 -1.996286809444427490e-01 -1.608873307704925537e-01 -2.987232804298400879e-01 9.220319986343383789e-02 -1.713290959596633911e-01 -1.529090851545333862e-02 2.361248433589935303e-01 -8.205687403678894043e-01 5.290313363075256348e-01 -1.719591468572616577e-01 -5.066545605659484863e-01 4.837477207183837891e-01 -2.541310787200927734e-01 6.065498590469360352e-01 -3.872455656528472900e-01 -3.311721682548522949e-01 2.511266469955444336e-01 -6.407778263092041016e-01 -4.735790938138961792e-02 -5.231333374977111816e-01 4.046712517738342285e-01 -2.468488514423370361e-01 8.061752468347549438e-02 -1.148596525192260742e+00 -5.962928533554077148e-01 9.085741043090820312e-01 1.141763180494308472e-01 -7.205445170402526855e-01 3.311601653695106506e-02 -1.334028542041778564e-01 -5.758184939622879028e-02 -3.191930353641510010e-01 2.947121858596801758e-03 2.846598327159881592e-01 7.005679607391357422e-02 -2.384798824787139893e-01 1.492899805307388306e-01 -3.588266968727111816e-01 3.079149723052978516e-01 1.818552166223526001e-01 2.882804572582244873e-01 -4.356972575187683105e-01 -4.571950063109397888e-02 1.669344604015350342e-01 -2.115322053432464600e-01 9.492059797048568726e-02 -6.192229390144348145e-01 3.123886883258819580e-01
2.648321986198425293e-01 1.529186666011810303e-01 -1.270861178636550903e-01 4.697215557098388672e-01 8.069510012865066528e-02 -4.641784727573394775e-01 -6.460185647010803223e-01 -7.794954180717468262e-01 -7.222993969917297363e-01 -6.683330535888671875e-01 5.442081689834594727e-01 -6.808822154998779297e-01 -4.600697755813598633e-01 -2.964492738246917725e-01 2.212197035551071167e-01 -2.376465946435928345e-01 -8.669038861989974976e-02 -6.603223085403442383e-01 -4.222645759582519531e-01 1.163671493530273438e+00 -5.704720690846443176e-02 3.848296105861663818e-01 9.645557403564453125e-01 -9.551033973693847656e-01 -8.049857020378112793e-01 4.592187404632568359e-01 -2.035438716411590576e-01 1.455230265855789185e-01 2.977742627263069153e-02 -5.594711303710937500e-01 7.249819636344909668e-01 -8.122803568840026855e-01 6.227683424949645996e-01 -6.931356787681579590e-01 1.959250867366790771e-01 3.213813304901123047e-01 -4.224686026573181152e-01 -1.902214735746383667e-01 -1.097014695405960083e-01 -3.126371800899505615e-01 1.055828034877777100e-01 3.177361190319061279e-01 3.952865004539489746e-01 -1.645133793354034424e-01 3.474589288234710693e-01 -7.210692763328552246e-01 8.035323023796081543e-01 -4.884240329265594482e-01 -6.831598877906799316e-01 2.314557731151580811e-01 -7.021241784095764160e-01 -1.124896168708801270e+00 2.624271810054779053e-01 2.309986948966979980e-01 4.902096390724182129e-01 -8.055220246315002441e-01 -1.350317001342773438e-01 5.176902562379837036e-02 -6.005720496177673340e-01 5.124420523643493652e-01 6.641181707382202148e-01 8.361891508102416992e-01 -5.819797515869140625e-01 5.483342409133911133e-01
2.965041995048522949e-01 -9.586535096168518066e-01 1.183070167899131775e-01 3.477475345134735107e-01 -2.253993004560470581e-01 3.768021613359451294e-02 -5.247679352760314941e-01 -2.905355095863342285e-01 -1.746625155210494995e-01 2.401895374059677124e-01 -1.331583410501480103e-01 -1.620534360408782959e-01 -6.757752299308776855e-01 -7.960335910320281982e-02 1.729862242937088013e-01 4.715736210346221924e-01 6.840817928314208984e-01 -7.657410502433776855e-01 -2.699397802352905273e-01 -1.347007136791944504e-02 -2.946304678916931152e-01 -3.293736279010772705e-02 4.553228318691253662e-01 -7.174522280693054199e-01 -3.199906274676322937e-02 3.075203299522399902e-01 -3.475885838270187378e-02 5.537739489227533340e-03 -1.978236734867095947e-01 -1.635435968637466431e-01 -4.034215211868286133e-01 -3.529771044850349426e-02 -3.837499767541885376e-02 -4.327236711978912354e-01 3.263311088085174561e-01 -3.073058724403381348e-01 -1.351220756769180298e-01 -7.511938810348510742e-01 -7.323827594518661499e-02 9.938698261976242065e-03 -3.329488635063171387e-01 7.937116026878356934e-01 -2.600855752825737000e-02 -5.310685634613037109e-01 -1.065480262041091919e-01 -4.220473766326904297e-01 7.847525477409362793e-01 -2.691910266876220703e-01 -8.296786546707153320e-01 4.349619746208190918e-01 1.128968372941017151e-01 -5.214371681213378906e-01 3.145163059234619141e-01 2.653568387031555176e-01 4.447965621948242188e-01 4.095529317855834961e-01 2.299156785011291504e-01 -4.901344180107116699e-01 -1.993338614702224731e-01 2.042091041803359985e-01 -4.662066102027893066e-01 1.467363326810300350e-03 -4.446571171283721924e-01 6.302098035812377930e-01
-4.359169397503137589e-03 -3.336351513862609863e-01 3.369682431221008301e-01 -2.715436518192291260e-01 -1.505193673074245453e-02 -5.355463624000549316e-01 4.646752402186393738e-02 -2.299042940139770508e-01 -4.666571915149688721e-01 6.886468827724456787e-02 -6.186521053314208984e-01 -9.001248329877853394e-02 -7.538419961929321289e-01 -4.734522104263305664e-01 3.310194909572601318e-01 7.932901978492736816e-01 -7.017044723033905029e-02 -6.334190964698791504e-01 -1.997092366218566895e-01 -6.226181983947753906e-02 7.626945525407791138e-02 5.445813536643981934e-01 1.199567466974258423e-01 -4.790855944156646729e-01 -1.134138181805610657e-01 1.325814127922058105e-01 -4.714177250862121582e-01 -5.556073784828186035e-02 1.257845312356948853e-01 -2.545534670352935791e-01 -1.781321167945861816e-01 1.878829747438430786e-01 -3.295560777187347412e-01 -2.127093970775604248e-01 -1.278544962406158447e-01 -2.673686016350984573e-03 1.811694800853729248e-01 2.827607393264770508e-01 -2.510899677872657776e-02 2.224163264036178589e-01 6.121343970298767090e-01 1.253366470336914062e-01 -2.979788184165954590e-01 -7.272121906280517578e-01 -2.741759419441223145e-01 -2.242135852575302124e-01 2.656484246253967285e-01 -5.971877574920654297e-01 1.902712695300579071e-02 2.423533797264099121e-01 -6.241386532783508301e-01 -2.489243894815444946e-01 -1.977619081735610962e-01 -4.529541730880737305e-01 6.175419688224792480e-01 4.585539400577545166e-01 4.938440322875976562e-01 2.103016711771488190e-02 -4.156091511249542236e-01 -2.995632290840148926e-01 -5.700277686119079590e-01 1.949005573987960815e-01 -3.126685023307800293e-01 4.915564656257629395e-01
5.255904793739318848e-01 -2.250801026821136475e-01 4.946455955505371094e-01 -1.404557228088378906e-01 -5.484913587570190430e-01 -4.796711802482604980e-01 1.574946641921997070e-01 -2.879284024238586426e-01 -4.951780438423156738e-01 -2.705661058425903320e-01 -4.807008802890777588e-02 -2.978894710540771484e-01 -1.965496093034744263e-01 -7.145013213157653809e-01 4.176326096057891846e-01 1.121793150901794434e+00 -2.889567911624908447e-01 -2.470196634531021118e-01 5.670962333679199219e-01 -1.570602953433990479e-01 4.762240499258041382e-02 -8.674332499504089355e-02 -1.349590569734573364e-01 -8.379442095756530762e-01 -1.280349791049957275e-01 -1.694006770849227905e-01 4.010330140590667725e-02 -5.703234672546386719e-01 -2.153327465057373047e-01 3.802809864282608032e-02 8.304133415222167969e-01 -7.728028576821088791e-04 -3.944748640060424805e-01 -3.139818832278251648e-02 -4.334716796875000000e-01 -5.854315757751464844e-01 -4.081645011901855469e-01 -1.642333120107650757e-01 1.099464222788810730e-01 -1.903148293495178223e-01 2.014527022838592529e-01 1.166199088096618652e+00 -3.875054046511650085e-02 -8.000970482826232910e-01 -1.373820304870605469e-01 -2.085239738225936890e-01 -1.478707194328308105e-01 1.168285682797431946e-01 4.831786155700683594e-01 -3.637285828590393066e-01 -2.948757261037826538e-02 4.805825650691986084e-02 7.532045990228652954e-02 -3.478533625602722168e-01 3.065120875835418701e-01 3.424238562583923340e-01 3.956037461757659912e-01 -1.567642986774444580e-01 -8.372747302055358887e-01 6.435527652502059937e-02 2.567197382450103760e-01 -3.260581195354461670e-01 -3.699830770492553711e-01 1.477298736572265625e-01
5.074430704116821289e-01 -2.169749885797500610e-01 -7.207908630371093750e-01 4.159399121999740601e-02 -7.264571189880371094e-01 -5.366852283477783203e-01 5.470657721161842346e-02 4.740748181939125061e-02 -1.240750700235366821e-01 -1.050500571727752686e-01 -1.872918307781219482e-01 -1.698932528495788574e+00 1.438010036945343018e-01 -1.275427341461181641e+00 -1.460437476634979248e-01 9.465852975845336914e-01 -2.228781394660472870e-02 -5.721468329429626465e-01 5.852559208869934082e-01 -4.464645087718963623e-01 2.255140691995620728e-01 1.446651816368103027e-01 8.185414671897888184e-01 -7.690644860267639160e-01 -4.225842356681823730e-01 -3.176639676094055176e-01 -2.441493272781372070e-01 -4.208168014883995056e-03 -1.858235150575637817e-01 5.396403372287750244e-02 -3.232387900352478027e-01 -1.444075405597686768e-01 -3.237927705049514771e-02 -4.407739639282226562e-01 -7.677517533302307129e-01 -4.035141766071319580e-01 -7.429453730583190918e-01 -1.487292498350143433e-01 -3.684864565730094910e-02 -1.861920505762100220e-01 1.137250661849975586e-01 -5.194482803344726562e-01 -7.037644982337951660e-01 -5.274204015731811523e-01 -1.813213527202606201e-01 -7.229840755462646484e-01 5.050697922706604004e-01 -5.637444257736206055e-01 1.747491210699081421e-01 1.041011214256286621e-01 -5.497053265571594238e-01 -4.539871960878372192e-02 -1.880347281694412231e-01 9.654603153467178345e-02 7.003787159919738770e-01 3.953391909599304199e-01 -2.490709125995635986e-01 -5.228044986724853516e-01 -1.181407868862152100e-01 4.921435713768005371e-01 -2.209952175617218018e-01 -9.385822713375091553e-02 -2.752907872200012207e-01 4.347932636737823486e-01
2.062400281429290771e-01 -1.051872521638870239e-01 2.723220586776733398e-01 1.192089319229125977e+00 -5.710298418998718262e-01 -4.932576715946197510e-01 7.565792798995971680e-01 -3.709206581115722656e-01 -6.915867328643798828e-01 -1.272071599960327148e-01 -2.202317863702774048e-01 -1.641419887542724609e+00 -4.539974406361579895e-02 -3.923560082912445068e-01 9.750564098358154297e-01 6.058551669120788574e-01 -1.806589663028717041e-01 1.159611701965332031e+00 -4.661340415477752686e-01 6.294758319854736328e-01 -2.600227296352386475e-01 1.481580138206481934e+00 3.132053017616271973e-01 -7.121748328208923340e-01 4.112448915839195251e-02 -3.961865901947021484e-01 -5.126814246177673340e-01 -7.747620344161987305e-01 -2.826372385025024414e-01 -2.156085669994354248e-01 -3.962823450565338135e-01 -1.846127510070800781e-01 -6.254204362630844116e-02 -7.331605553627014160e-01 2.873035371303558350e-01 3.336167037487030029e-01 4.129104614257812500e-01 2.509120106697082520e-01 -1.972686797380447388e-01 -3.930996358394622803e-01 -4.769404530525207520e-01 4.777485132217407227e-01 3.990583717823028564e-01 -1.826204508543014526e-01 9.400045499205589294e-03 -3.340288102626800537e-01 -1.122536808252334595e-01 -5.909132361412048340e-01 4.767834767699241638e-02 8.973125815391540527e-01 3.116394579410552979e-01 5.335140600800514221e-02 2.765913605690002441e-01 1.329241544008255005e-01 8.027523159980773926e-01 2.164927273988723755e-01 -2.868722081184387207e-01 -2.883714139461517334e-01 -4.401109814643859863e-01 4.580477476119995117e-01 -2.009114027023315430e-01 7.938663363456726074e-01 1.925533637404441833e-02 4.534270167350769043e-01
1.529643535614013672e-01 -8.275672793388366699e-01 9.264393150806427002e-02 -2.129090577363967896e-01 -4.688406586647033691e-01 3.105367533862590790e-02 -5.458797216415405273e-01 1.151791885495185852e-01 4.018729329109191895e-01 6.906768976477906108e-05 1.518278121948242188e-01 -8.146706223487854004e-01 -8.023927807807922363e-01 -1.781157106161117554e-01 -1.155485659837722778e-01 1.030295014381408691e+00 5.112817287445068359e-01 -4.703000783920288086e-01 -2.746678888797760010e-01 6.267783045768737793e-01 4.309126362204551697e-02 1.846949160099029541e-01 7.956559062004089355e-01 -3.732053339481353760e-01 -4.830987453460693359e-01 3.060452938079833984e-01 -4.520824253559112549e-01 8.263104408979415894e-02 -1.731940209865570068e-01 -1.205360591411590576e-01 -1.730609536170959473e-01 -3.224719762802124023e-01 1.244733408093452454e-01 -2.702129445970058441e-02 5.925968885421752930e-01 -3.000092208385467529e-01 -4.105828106403350830e-01 6.470965594053268433e-02 -2.580653131008148193e-01 -7.309467345476150513e-02 -8.520364016294479370e-02 5.811734795570373535e-01 -3.211396634578704834e-01 -7.452195286750793457e-01 5.324114859104156494e-02 -8.036172389984130859e-01 9.577807188034057617e-01 -7.826694846153259277e-02 -7.504981756210327148e-01 6.520075201988220215e-01 -1.317791789770126343e-01 -9.976585209369659424e-02 4.522148966789245605e-01 4.380087852478027344e-01 4.399880468845367432e-01 1.542422920465469360e-01 4.999917447566986084e-01 -2.503376007080078125e-01 -1.584593355655670166e-01 1.670738160610198975e-01 -4.758528769016265869e-01 -2.249003797769546509e-01 -5.284280180931091309e-01 5.764871835708618164e-01
-2.365050315856933594e-01 -6.755189299583435059e-01 2.018992751836776733e-01 -5.100570917129516602e-01 -2.680988311767578125e-01 -6.178648024797439575e-02 5.057568475604057312e-02 -2.569013535976409912e-01 2.153916954994201660e-01 -3.081716001033782959e-01 -7.983135581016540527e-01 -3.419125676155090332e-01 -1.314157526940107346e-02 -4.323730170726776123e-01 5.697165727615356445e-01 1.004369735717773438e+00 2.587262690067291260e-01 2.351673990488052368e-01 5.656275749206542969e-01 -8.226078003644943237e-02 -4.508233964443206787e-01 -2.306205406785011292e-02 3.644375801086425781e-01 -7.496618032455444336e-01 -3.546896204352378845e-02 3.161090016365051270e-01 -1.129949912428855896e-01 -8.622588515281677246e-01 1.355519890785217285e-01 -1.136980891227722168e+00 8.472102880477905273e-01 -5.108584165573120117e-01 5.367382988333702087e-02 -1.061574593186378479e-01 9.349594265222549438e-02 4.000150561332702637e-01 -9.918016940355300903e-02 1.087374463677406311e-01 -4.335422068834304810e-02 -3.086052834987640381e-01 2.803283929824829102e-01 5.012618899345397949e-01 1.708489060401916504e-01 -3.041469454765319824e-01 4.317073822021484375e-01 -4.747327864170074463e-01 1.576526314020156860e-01 -1.773329079151153564e-01 2.376779764890670776e-01 2.548566460609436035e-01 -6.665711291134357452e-03 -5.961142182350158691e-01 -5.414314270019531250e-01 -8.573271334171295166e-02 5.284016132354736328e-01 -3.247580528259277344e-01 1.360003948211669922e-01 -4.125192463397979736e-01 -5.317078828811645508e-01 1.371078640222549438e-01 -4.372377991676330566e-01 -1.831050515174865723e-01 -2.289815060794353485e-02 1.669711023569107056e-01
1.562300920486450195e-01 2.347022294998168945e-02 8.310679793357849121e-01 1.127816319465637207e+00 1.135268360376358032e-01 -2.550423443317413330e-01 4.529018402099609375e-01 2.167253196239471436e-01 -7.781091928482055664e-01 -1.813096851110458374e-01 -1.889880895614624023e-01 -5.526699423789978027e-01 -5.066868066787719727e-01 4.324646890163421631e-01 6.628925800323486328e-01 7.813286781311035156e-01 -1.462254673242568970e-01 4.754879772663116455e-01 -7.627595663070678711e-01 2.392425090074539185e-01 4.504828453063964844e-01 1.182949915528297424e-01 1.317826807498931885e-01 -4.087933003902435303e-01 2.369071245193481445e-01 -1.064698249101638794e-01 -2.826395211741328239e-03 -2.408971637487411499e-01 7.536210864782333374e-02 1.020448515191674232e-03 -5.546253323554992676e-01 3.763080388307571411e-02 1.703208535909652710e-01 -7.282080650329589844e-01 -2.724321782588958740e-01 -4.047138988971710205e-01 2.332845777273178101e-01 -3.206240832805633545e-01 7.897410988807678223e-01 -4.096426367759704590e-01 -1.049700304865837097e-01 5.071683526039123535e-01 -3.674288094043731689e-01 -1.454906314611434937e-01 -4.811146557331085205e-01 2.218183428049087524e-01 4.693463444709777832e-01 -1.791919171810150146e-01 1.172829568386077881e-01 3.560047149658203125e-01 -3.999189734458923340e-01 -7.562886178493499756e-02 3.834448158740997314e-01 -7.818754911422729492e-01 5.346341133117675781e-01 -2.082358598709106445e-01 2.687720060348510742e-01 -1.027477502822875977e+00 -7.093250751495361328e-02 1.650526821613311768e-01 -2.663766443729400635e-01 4.048936069011688232e-01 -6.035417318344116211e-01 8.588368445634841919e-02
4.168679714202880859e-01 -2.586201429367065430e-01 2.173106223344802856e-01 1.077205538749694824e-01 -5.227706432342529297e-01 2.365263551473617554e-02 9.010888636112213135e-03 -1.193989440798759460e-01 -4.722808673977851868e-02 -8.309890329837799072e-02 4.689628630876541138e-02 -5.568143725395202637e-01 -7.091941237449645996e-01 -2.265868782997131348e-01 -7.171041518449783325e-02 8.381292223930358887e-01 6.894241571426391602e-01 -5.996565818786621094e-01 2.077540941536426544e-02 3.196956217288970947e-01 3.934419751167297363e-01 4.398103952407836914e-01 6.907155513763427734e-01 2.847125194966793060e-02 4.025120735168457031e-01 7.030298709869384766e-01 -2.504301965236663818e-01 -2.117631137371063232e-01 8.319069445133209229e-02 -4.690234661102294922e-01 5.708357095718383789e-01 -3.099693357944488525e-01 -9.371403455734252930e-01 -3.218273520469665527e-01 -2.610773444175720215e-01 2.736348509788513184e-01 -3.496173769235610962e-02 4.299860298633575439e-01 4.562664404511451721e-02 -1.163078904151916504e+00 -1.553228944540023804e-01 4.646446704864501953e-01 6.063997149467468262e-01 -2.045496404170989990e-01 -2.005919665098190308e-01 -5.466476678848266602e-01 1.721682995557785034e-01 4.884971771389245987e-03 -1.154141686856746674e-02 3.435413539409637451e-02 1.156955510377883911e-01 -6.239011287689208984e-01 2.932650744915008545e-01 8.289390802383422852e-01 2.608527243137359619e-01 -4.574863910675048828e-01 -2.807449698448181152e-01 2.314788550138473511e-01 6.469823420047760010e-02 9.650454670190811157e-02 -4.705876111984252930e-01 -9.467379748821258545e-02 -6.718420982360839844e-01 -5.751772224903106689e-02
-4.594587683677673340e-01 -3.818373084068298340e-01 2.194016426801681519e-01 -3.175860643386840820e-01 -1.340870112180709839e-01 -4.267895221710205078e-01 8.501509577035903931e-02 -7.809709906578063965e-01 -6.526780128479003906e-02 -1.350772976875305176e-01 -2.504884600639343262e-01 -4.445201456546783447e-01 1.217718888074159622e-02 -1.247541084885597229e-01 1.962264627218246460e-01 1.113332033157348633e+00 7.356377691030502319e-02 -5.343936085700988770e-01 -4.076361358165740967e-01 3.382147755473852158e-03 -2.606437504291534424e-01 4.098079800605773926e-01 2.976497113704681396e-01 -3.910339474678039551e-01 2.397930249571800232e-02 7.447272539138793945e-01 2.959391772747039795e-01 -6.041784882545471191e-01 3.951077163219451904e-01 -1.035403132438659668e+00 1.828962713479995728e-01 -4.939979910850524902e-01 -7.205901145935058594e-01 4.475138336420059204e-02 8.084269613027572632e-02 -7.885921597480773926e-01 -2.178235799074172974e-01 -4.729877039790153503e-02 -1.762786507606506348e-01 -6.383309960365295410e-01 -5.788480490446090698e-02 4.882310628890991211e-01 8.920161724090576172e-01 3.177184760570526123e-01 -4.611584544181823730e-02 -5.454658865928649902e-01 5.706089735031127930e-01 -2.088432759046554565e-01 7.201799750328063965e-02 2.907889485359191895e-01 6.279869079589843750e-01 -6.069467663764953613e-01 -8.254123926162719727e-01 1.015726923942565918e-01 4.676353633403778076e-01 -4.045520722866058350e-01 2.053972035646438599e-01 -6.387216448783874512e-01 -2.807986140251159668e-01 -1.757941991090774536e-01 -4.284168779850006104e-01 -5.277504399418830872e-02 -4.863957762718200684e-01 -3.055400550365447998e-01
2.647396624088287354e-01 -2.225891053676605225e-01 -3.173046931624412537e-02 3.619614243507385254e-02 -6.846921443939208984e-01 1.854177415370941162e-01 1.371389627456665039e-01 -2.051783027127385139e-03 -1.181509345769882202e-01 1.570040285587310791e-01 -5.813464522361755371e-02 -3.432870805263519287e-01 -8.253263235092163086e-01 -4.936079084873199463e-01 -1.384571939706802368e-01 9.389659762382507324e-01 5.973283052444458008e-01 -3.930889666080474854e-01 -1.803584843873977661e-01 4.061039686203002930e-01 5.580310821533203125e-01 3.232172429561614990e-01 6.587319374084472656e-01 1.725524067878723145e-01 4.336966276168823242e-01 4.389999806880950928e-01 -3.261800408363342285e-01 -4.529668092727661133e-01 -1.071488410234451294e-01 -5.339918732643127441e-01 5.388401150703430176e-01 -4.168530404567718506e-01 -7.721295952796936035e-01 -3.302046060562133789e-01 -2.709407508373260498e-01 1.672070473432540894e-01 -2.805071510374546051e-02 6.409133076667785645e-01 2.438221126794815063e-01 -1.085850238800048828e+00 -3.282015398144721985e-02 3.464817404747009277e-01 6.123237609863281250e-01 -3.455574810504913330e-01 -3.065233826637268066e-01 -4.291673302650451660e-01 2.276238501071929932e-01 4.437215626239776611e-02 2.948246337473392487e-02 -2.133115381002426147e-02 1.855172663927078247e-01 -8.673034310340881348e-01 3.110666871070861816e-01 8.678277134895324707e-01 2.975285053253173828e-01 -3.600896000862121582e-01 -2.155429422855377197e-01 2.074318975210189819e-01 1.029841005802154541e-01 1.960238665342330933e-01 -5.606340765953063965e-01 1.585678011178970337e-01 -8.101759552955627441e-01 5.045066401362419128e-02
-2.934543229639530182e-02 -3.707589209079742432e-01 -9.398775547742843628e-02 3.683445155620574951e-01 -3.350620567798614502e-01 -3.302101194858551025e-01 6.279996037483215332e-01 -1.971626877784729004e-01 -3.529821038246154785e-01 1.484196633100509644e-01 -9.384901076555252075e-02 -9.916132688522338867e-01 -2.104691714048385620e-01 -6.403979063034057617e-01 5.316836833953857422e-01 1.037982106208801270e+00 -1.718165129423141479e-01 6.617336273193359375e-01 4.899012669920921326e-02 3.575298190116882324e-01 1.809378527104854584e-02 9.781525135040283203e-01 8.590398430824279785e-01 -9.025594592094421387e-01 -4.423214495182037354e-01 -2.434477657079696655e-01 -3.027780055999755859e-01 -7.781313657760620117e-01 3.691127896308898926e-01 -2.423827499151229858e-01 -1.956095844507217407e-01 -7.129939794540405273e-01 -3.892410695552825928e-01 1.212406530976295471e-01 -8.810288272798061371e-03 7.734459638595581055e-01 -1.636305004358291626e-01 3.732825517654418945e-01 -3.186362981796264648e-01 -1.481882333755493164e-01 -1.234266683459281921e-01 -4.050603508949279785e-02 2.537277936935424805e-01 -8.550924658775329590e-01 5.777078270912170410e-01 -3.192542791366577148e-01 -5.968708917498588562e-02 -8.657023310661315918e-01 -9.456755220890045166e-02 8.391320705413818359e-01 -7.604493498802185059e-01 3.316375911235809326e-01 5.746375322341918945e-01 -2.485892325639724731e-01 4.261557161808013916e-01 1.080751121044158936e-01 -7.830177545547485352e-01 -7.283114641904830933e-02 -4.183271825313568115e-01 9.865963459014892578e-02 3.241669759154319763e-02 1.608058214187622070e-01 2.214920073747634888e-01 1.298140734434127808e-01
1.194036483764648438e+00 -4.205650985240936279e-01 7.921393513679504395e-01 7.606098651885986328e-01 2.480648756027221680e-01 -2.337169088423252106e-02 1.891927719116210938e-01 8.657886981964111328e-01 -8.360766172409057617e-01 5.107750892639160156e-01 -3.278046473860740662e-02 -1.312653660774230957e+00 2.588725686073303223e-01 -8.589242398738861084e-02 8.916944265365600586e-01 8.283288478851318359e-01 -3.664963543415069580e-01 1.493773162364959717e-01 -9.780998229980468750e-01 1.655453205108642578e+00 -1.046713590621948242e-01 9.319875836372375488e-01 6.380376815795898438e-01 -1.060360550880432129e+00 -2.653011679649353027e-02 8.651089668273925781e-01 9.545942544937133789e-01 3.827023552730679512e-03 5.380978584289550781e-01 -6.759917736053466797e-01 3.363477587699890137e-01 -8.488510251045227051e-01 -2.183932512998580933e-01 -6.751210689544677734e-01 -3.457321822643280029e-01 4.811253547668457031e-01 8.112732172012329102e-01 7.023230791091918945e-01 2.762106060981750488e-01 -1.293320208787918091e-01 -7.068268060684204102e-01 -3.737292587757110596e-01 2.350106239318847656e-01 1.880365908145904541e-01 2.953092455863952637e-01 1.963733285665512085e-01 1.118076920509338379e+00 -2.340148389339447021e-01 -1.798707246780395508e+00 3.506039381027221680e-01 8.218169212341308594e-01 8.620977401733398438e-02 2.170460224151611328e-01 8.543570041656494141e-01 1.639878034591674805e+00 -1.027499288320541382e-01 -3.887169361114501953e-01 -1.392345547676086426e+00 -1.661502003669738770e+00 2.130813598632812500e-01 -5.541990995407104492e-01 8.788077235221862793e-01 -1.925209760665893555e-01 -1.974000036716461182e-01
3.131049275398254395e-01 -7.025272846221923828e-01 2.370731234550476074e-01 -2.965414822101593018e-01 -5.066217780113220215e-01 -1.452625822275876999e-02 -5.532680153846740723e-01 -2.224112600088119507e-01 1.282407939434051514e-01 2.477796524763107300e-01 2.764824964106082916e-02 -5.988230109214782715e-01 -6.686232089996337891e-01 -2.480370551347732544e-01 2.015070617198944092e-02 6.887079477310180664e-01 7.695958614349365234e-01 -5.477018952369689941e-01 -3.214354217052459717e-01 7.254415750503540039e-02 -1.449141949415206909e-01 3.243852555751800537e-01 4.752761423587799072e-01 -3.453446030616760254e-01 -5.371091365814208984e-01 1.991679519414901733e-01 -3.056598901748657227e-01 4.662876203656196594e-02 -8.895989507436752319e-02 -5.672774314880371094e-01 -5.290127396583557129e-01 -3.911802545189857483e-02 8.750945329666137695e-02 -2.935828566551208496e-01 6.478995680809020996e-01 -4.387166798114776611e-01 -1.988507211208343506e-01 -1.370197534561157227e-01 -9.144918620586395264e-02 1.277574449777603149e-01 -8.167646825313568115e-02 5.914519429206848145e-01 -1.326211914420127869e-02 -4.195397198200225830e-01 -2.255354672670364380e-01 -6.730494499206542969e-01 9.879271984100341797e-01 -2.712332904338836670e-01 -9.210609197616577148e-01 2.352323234081268311e-01 -1.380602717399597168e-01 -6.808066964149475098e-01 4.091048538684844971e-01 3.523281812667846680e-01 4.411744773387908936e-01 8.874766528606414795e-02 3.295572996139526367e-01 -4.555839002132415771e-01 -3.444590568542480469e-01 1.662498563528060913e-01 -5.843445658683776855e-01 4.240810498595237732e-02 -4.916960597038269043e-01 7.244572639465332031e-01
4.641680121421813965e-01 -3.329409658908843994e-02 6.263019442558288574e-01 -4.239726364612579346e-01 -6.441794037818908691e-01 -6.763802766799926758e-01 4.444011151790618896e-01 -7.801467776298522949e-01 -5.271953940391540527e-01 4.691332876682281494e-01 -4.837756752967834473e-01 1.294187158346176147e-01 -4.105374217033386230e-01 -8.891396224498748779e-02 3.070014417171478271e-01 5.635817646980285645e-01 7.704847306013107300e-02 -5.260369777679443359e-01 -2.791917920112609863e-01 -3.690181672573089600e-01 -6.311263442039489746e-01 2.117080688476562500e-01 9.179453253746032715e-01 7.168122380971908569e-02 -7.067992538213729858e-02 7.135813832283020020e-01 -1.076425388455390930e-01 4.956303164362907410e-02 3.046876788139343262e-01 -6.639130711555480957e-01 -2.644188404083251953e-01 -3.414824604988098145e-01 2.184793353080749512e-02 -2.243906110525131226e-01 3.125283122062683105e-01 -4.800036549568176270e-01 9.740793704986572266e-02 1.361176073551177979e-01 -1.667056679725646973e-01 -6.082462072372436523e-01 1.381651312112808228e-01 -1.701458096504211426e-01 1.637704521417617798e-01 -2.292122924700379372e-03 -1.519139260053634644e-01 -5.289540290832519531e-01 5.814683437347412109e-01 -5.577996373176574707e-01 -4.375330507755279541e-01 2.218809574842453003e-01 -4.922333732247352600e-02 -1.272541582584381104e-01 1.466387659311294556e-01 3.281540051102638245e-02 5.333800315856933594e-01 3.499059975147247314e-01 4.512278437614440918e-01 -6.977849602699279785e-01 -7.789613008499145508e-01 3.539949953556060791e-01 1.512739360332489014e-01 1.774512678384780884e-01 -4.466634988784790039e-01 2.916395664215087891e-01
1.853002011775970459e-01 -4.934952557086944580e-01 -5.669858455657958984e-01 -2.625339329242706299e-01 -4.967741668224334717e-01 3.722720444202423096e-01 -4.901811778545379639e-01 -1.175004150718450546e-02 -8.341510593891143799e-02 1.568054109811782837e-01 3.306801021099090576e-01 -1.565116405487060547e+00 -4.046110212802886963e-01 -7.774173021316528320e-01 -4.886968731880187988e-01 7.938938736915588379e-01 6.077519059181213379e-01 -5.299888849258422852e-01 -1.559204459190368652e-01 4.031330347061157227e-01 2.026503086090087891e-01 -1.211253926157951355e-01 1.133884668350219727e+00 -6.047795414924621582e-01 -3.532207906246185303e-01 4.046302735805511475e-01 -6.086437702178955078e-01 -2.631278038024902344e-01 -2.889255285263061523e-01 2.421116828918457031e-02 -4.743495285511016846e-01 -2.091326266527175903e-01 5.321491137146949768e-02 -7.529225200414657593e-02 2.722041606903076172e-01 -5.017073750495910645e-01 -3.955651521682739258e-01 -1.635560393333435059e-01 -1.636728644371032715e-01 -1.524520758539438248e-02 2.733766287565231323e-02 5.335319042205810547e-01 -2.081538587808609009e-01 -6.078364253044128418e-01 -2.256128787994384766e-01 -7.866455316543579102e-01 8.901469111442565918e-01 -2.381959259510040283e-01 -5.234836339950561523e-01 5.329321622848510742e-01 -4.704628586769104004e-01 9.824878722429275513e-02 1.983947008848190308e-01 1.564324796199798584e-01 5.377531647682189941e-01 2.716103196144104004e-01 2.470275461673736572e-01 -6.768842935562133789e-01 -3.995915502309799194e-02 1.394474506378173828e-01 -2.646710574626922607e-01 2.889485061168670654e-01 -8.255790472030639648e-01 4.642283916473388672e-01
1.214792877435684204e-01 -6.783502101898193359e-01 -2.641645446419715881e-02 -3.074027597904205322e-01 -4.275380373001098633e-01 2.360707521438598633e-01 -8.452336192131042480e-01 -1.501216590404510498e-01 3.127789497375488281e-01 -1.296784728765487671e-02 -1.224218755960464478e-01 -8.247394561767578125e-01 -6.949939131736755371e-01 -3.341799378395080566e-01 -1.730978339910507202e-01 1.013115406036376953e+00 4.232682287693023682e-01 -6.904848814010620117e-01 -2.405384033918380737e-01 6.816679835319519043e-01 8.719021826982498169e-02 2.164835333824157715e-01 6.377370953559875488e-01 -6.488657593727111816e-01 -5.960224270820617676e-01 3.474398851394653320e-01 -3.409017920494079590e-01 6.943540275096893311e-02 -1.038705706596374512e-01 -1.949585159309208393e-03 -4.260075092315673828e-01 -3.478073775768280029e-01 -1.239571496844291687e-01 -1.530807930976152420e-02 5.734890103340148926e-01 -3.965502381324768066e-01 -2.439960539340972900e-01 -1.607867926359176636e-01 4.275627806782722473e-02 -1.802575141191482544e-01 2.710681967437267303e-02 4.244128167629241943e-01 -2.735618650913238525e-01 -6.016528606414794922e-01 -1.423798222094774246e-02 -7.032274603843688965e-01 9.159716367721557617e-01 -7.767387479543685913e-02 -5.558713078498840332e-01 6.202082037925720215e-01 -2.400600314140319824e-01 -1.660603582859039307e-01 3.009998500347137451e-01 4.598645567893981934e-01 5.881734490394592285e-01 6.308933347463607788e-02 5.681841373443603516e-01 -4.251521825790405273e-01 -2.071232497692108154e-01 2.217113077640533447e-01 -4.647886157035827637e-01 -4.653654620051383972e-02 -5.093042850494384766e-01 3.792677223682403564e-01
3.083368241786956787e-01 3.284845054149627686e-01 6.313759088516235352e-01 1.565406769514083862e-01 -3.160916268825531006e-01 -1.644594520330429077e-01 5.360661149024963379e-01 -1.046807132661342621e-02 -4.655588865280151367e-01 -2.608722448348999023e-01 -2.836863994598388672e-01 -4.891887307167053223e-01 -4.208202362060546875e-01 -3.724279105663299561e-01 4.886639714241027832e-01 1.021935820579528809e+00 -1.156550794839859009e-01 -4.229833185672760010e-02 -5.776932239532470703e-01 1.112762019038200378e-01 -5.490999296307563782e-02 3.768389523029327393e-01 2.754881083965301514e-01 -9.006451368331909180e-01 -2.167643010616302490e-01 6.120770573616027832e-01 -2.052153460681438446e-02 -5.916683077812194824e-01 9.532676935195922852e-01 -1.855950206518173218e-01 1.080150827765464783e-01 -3.293368965387344360e-02 -5.514094829559326172e-01 -1.051252037286758423e-01 -2.309624552726745605e-01 -4.837429523468017578e-01 1.472005397081375122e-01 -9.745230674743652344e-01 4.857621192932128906e-01 -6.261271834373474121e-01 4.192708134651184082e-01 2.825562059879302979e-01 -5.551758408546447754e-02 3.534403443336486816e-01 2.457793802022933960e-01 -3.049139976501464844e-01 4.338538050651550293e-01 -7.526627928018569946e-02 5.344305038452148438e-01 -1.321681290864944458e-01 4.094975441694259644e-02 -1.400059312582015991e-01 -1.381728053092956543e-01 -3.845845162868499756e-01 7.015367746353149414e-01 3.803934454917907715e-01 -3.712629675865173340e-01 -8.608107566833496094e-01 5.117469429969787598e-01 -1.473463028669357300e-01 -7.016485929489135742e-01 1.032853722572326660e+00 3.181756734848022461e-01 -1.182866394519805908e-01
1.013669595122337341e-01 -4.766102433204650879e-01 3.220986723899841309e-01 -2.650840394198894501e-02 -6.217433810234069824e-01 -4.964167773723602295e-01 2.601055204868316650e-01 -4.459387362003326416e-01 -6.766183972358703613e-01 -2.440818846225738525e-01 4.144392907619476318e-02 -2.480553686618804932e-01 -4.627465307712554932e-01 -5.564455389976501465e-01 4.259438216686248779e-01 6.626473665237426758e-01 -3.195914626121520996e-01 -3.956946358084678650e-02 1.097404733300209045e-01 -1.181880682706832886e-01 3.581548035144805908e-01 3.897842764854431152e-02 -5.400694161653518677e-02 -1.107959747314453125e+00 5.685107409954071045e-02 -4.352438151836395264e-01 -2.698484957218170166e-01 -7.587643712759017944e-02 1.815853267908096313e-01 1.441783308982849121e-01 5.676891282200813293e-02 4.153387248516082764e-01 -2.092881947755813599e-01 -2.285830676555633545e-01 -2.900649607181549072e-01 -7.130430936813354492e-01 -3.711779601871967316e-03 1.845344714820384979e-02 -1.490528136491775513e-01 -8.333991765975952148e-01 -1.616221852600574493e-02 6.486092209815979004e-01 2.043256908655166626e-01 -7.636926770210266113e-01 -2.285536378622055054e-01 -1.489458978176116943e-01 -3.255408704280853271e-01 2.492845058441162109e-01 4.765859544277191162e-01 -1.241130456328392029e-01 -2.454625070095062256e-02 -2.781659662723541260e-01 -1.288250386714935303e-01 -6.007472872734069824e-01 1.282713264226913452e-01 3.473578989505767822e-01 4.238290488719940186e-01 -3.470653295516967773e-01 -5.180740952491760254e-01 2.022651284933090210e-01 -1.236616596579551697e-01 -3.844879269599914551e-01 -7.504847049713134766e-01 8.031471818685531616e-02
2.029030323028564453e-01 -4.085829257965087891e-01 5.059226751327514648e-01 -1.770494580268859863e-01 -3.017812371253967285e-01 -2.738420069217681885e-01 -2.339372597634792328e-02 -2.266007810831069946e-01 -6.652900576591491699e-01 -3.778514266014099121e-01 -2.808446586132049561e-01 -7.835787534713745117e-02 -6.594163775444030762e-01 -4.110882282257080078e-01 5.124930739402770996e-01 7.995833754539489746e-01 1.269423961639404297e-01 -3.137269616127014160e-01 -4.917755722999572754e-01 -5.677453055977821350e-02 2.515283524990081787e-01 3.696888089179992676e-01 1.720426231622695923e-01 -7.099186182022094727e-01 1.684850901365280151e-01 -6.877002865076065063e-02 -2.359958738088607788e-01 -6.204875931143760681e-02 5.152665376663208008e-01 6.480628997087478638e-02 -2.770312130451202393e-01 3.116849064826965332e-01 -3.034023642539978027e-01 2.843706011772155762e-01 2.955487966537475586e-01 -8.335451781749725342e-02 6.057963967323303223e-01 3.161157071590423584e-01 -8.342617005109786987e-02 -6.209163665771484375e-01 1.776980161666870117e-01 4.387352466583251953e-01 -1.638696193695068359e-01 -7.250425219535827637e-01 -3.898422718048095703e-01 -1.102040708065032959e-01 -1.708505600690841675e-01 -5.055201053619384766e-01 2.147454172372817993e-01 9.258584678173065186e-02 -7.784523367881774902e-01 -6.098161935806274414e-01 -1.683141440153121948e-01 -3.854537308216094971e-01 3.447844386100769043e-01 1.760837137699127197e-01 9.072118997573852539e-01 -7.733201235532760620e-02 1.169552356004714966e-01 2.406753748655319214e-01 -1.125193014740943909e-01 -1.876525767147541046e-02 -4.182438254356384277e-01 1.346496641635894775e-01
5.234057903289794922e-01 -1.355787664651870728e-01 5.793433189392089844e-01 4.257647991180419922e-01 -1.315319538116455078e-01 3.074901998043060303e-01 4.112738668918609619e-01 7.658857107162475586e-02 2.828295826911926270e-01 -1.372713744640350342e-01 1.411816328763961792e-01 -7.944880127906799316e-01 -7.003401517868041992e-01 -3.861917257308959961e-01 3.137166053056716919e-02 8.676722645759582520e-01 3.425971269607543945e-01 -2.573038041591644287e-01 -4.890919625759124756e-01 9.984519481658935547e-01 3.176258504390716553e-01 4.115300476551055908e-01 9.942967891693115234e-01 -4.616673290729522705e-02 6.961820721626281738e-01 1.611701697111129761e-01 4.657618105411529541e-01 -4.960487782955169678e-01 -3.307500109076499939e-02 -1.206296324729919434e+00 2.080342322587966919e-01 -1.026742085814476013e-01 -6.130453348159790039e-01 -2.724404931068420410e-01 -4.003369212150573730e-01 -3.442825376987457275e-01 6.573894619941711426e-02 6.311957836151123047e-01 3.273811340332031250e-01 -6.640871763229370117e-01 -4.548895359039306641e-01 3.059895336627960205e-01 2.230144590139389038e-01 -1.066131070256233215e-01 1.929535567760467529e-01 -5.176628232002258301e-01 9.247118979692459106e-02 5.147492513060569763e-02 -2.894114851951599121e-01 -3.321112990379333496e-01 2.711864113807678223e-01 -5.226133465766906738e-01 4.046176671981811523e-01 8.621011376380920410e-01 -4.938866477459669113e-04 4.355892539024353027e-02 7.983366400003433228e-02 4.596620202064514160e-01 -4.420069456100463867e-01 -1.197351957671344280e-03 9.790470451116561890e-02 5.990682244300842285e-01 1.035115048289299011e-01 2.873022258281707764e-01
9.974426776170730591e-02 -1.836744993925094604e-01 5.673650503158569336e-01 1.369885444641113281e+00 -3.533710539340972900e-01 -5.334433913230895996e-01 9.774237871170043945e-01 -3.817770183086395264e-01 -9.861143827438354492e-01 -4.704417660832405090e-02 -2.897796332836151123e-01 -1.817456483840942383e+00 4.035599529743194580e-03 -2.341820746660232544e-01 8.427484035491943359e-01 6.015095710754394531e-01 -1.523769926279783249e-02 1.064459919929504395e+00 -5.060953497886657715e-01 6.547096967697143555e-01 4.383392632007598877e-02 1.355123162269592285e+00 4.307368397712707520e-01 -6.199404001235961914e-01 9.057576954364776611e-02 -3.185162544250488281e-01 -4.619795978069305420e-01 -8.904764652252197266e-01 -2.595979273319244385e-01 -1.033562794327735901e-01 -4.379456341266632080e-01 -2.324836850166320801e-01 -2.410633265972137451e-01 -8.719192743301391602e-01 2.325704395771026611e-01 2.610849142074584961e-01 3.892160952091217041e-01 6.122314929962158203e-02 -2.787621617317199707e-01 -4.048863947391510010e-01 -3.693193495273590088e-01 5.609852075576782227e-01 4.710910916328430176e-01 -3.977554142475128174e-01 2.459628731012344360e-01 -2.449541687965393066e-01 -4.228342324495315552e-03 -6.110876202583312988e-01 -8.336322754621505737e-02 8.689367175102233887e-01 2.506522834300994873e-01 1.510746330022811890e-01 5.398494601249694824e-01 9.202229976654052734e-02 7.508524656295776367e-01 3.811776936054229736e-01 -1.924240589141845703e-01 -2.564642429351806641e-01 -2.572439610958099365e-01 3.295365273952484131e-01 -2.931337356567382812e-01 6.089280247688293457e-01 -1.998949609696865082e-02 3.482680320739746094e-01
2.574299275875091553e-01 7.525191456079483032e-02 -2.684730589389801025e-01 6.959394812583923340e-01 1.773608326911926270e-01 -6.021492481231689453e-01 -4.423643052577972412e-01 -5.677165389060974121e-01 -6.938046216964721680e-01 -8.361482024192810059e-01 3.546319007873535156e-01 -5.540349483489990234e-01 -2.781243324279785156e-01 -2.045826315879821777e-01 4.736168384552001953e-01 -2.054547220468521118e-01 -2.058474868535995483e-01 -6.803001165390014648e-01 -2.300771474838256836e-01 8.885414004325866699e-01 -1.307076662778854370e-01 2.803612351417541504e-01 1.122913479804992676e+00 -9.415971636772155762e-01 -8.019704222679138184e-01 4.679262340068817139e-01 -1.177232339978218079e-01 9.084068238735198975e-02 2.153557538986206055e-01 -7.213461995124816895e-01 5.035327076911926270e-01 -8.284258842468261719e-01 5.296429991722106934e-01 -6.806207299232482910e-01 1.515404284000396729e-01 1.130217313766479492e-01 -9.195843338966369629e-02 -1.501851230859756470e-01 -2.495278418064117432e-01 -4.663207232952117920e-01 1.071731299161911011e-01 3.976719975471496582e-01 3.741225302219390869e-01 -2.996253669261932373e-01 4.683943092823028564e-01 -6.739314198493957520e-01 8.068693876266479492e-01 -6.917471885681152344e-01 -6.009609103202819824e-01 3.401027619838714600e-01 -5.561552047729492188e-01 -1.211658239364624023e+00 2.708727121353149414e-01 2.033324390649795532e-01 3.919920623302459717e-01 -9.635516405105590820e-01 -2.032007724046707153e-01 1.926031261682510376e-01 -3.312095701694488525e-01 3.662067949771881104e-01 5.509088635444641113e-01 5.638641715049743652e-01 -6.863294839859008789e-01 1.492045819759368896e-01
1.121432259678840637e-01 1.582572162151336670e-01 3.263782858848571777e-01 1.027673110365867615e-01 -5.411697626113891602e-01 -6.768300533294677734e-01 2.221927195787429810e-01 -1.653667986392974854e-01 -1.858551800251007080e-01 -1.239934843033552170e-02 -5.463349223136901855e-01 -3.077950775623321533e-01 -3.448405861854553223e-01 1.389729529619216919e-01 3.038899600505828857e-01 1.117767930030822754e+00 3.500537276268005371e-01 -2.292015105485916138e-01 -3.614747822284698486e-01 -1.844682842493057251e-01 -2.692478001117706299e-01 4.302924871444702148e-01 3.642914891242980957e-01 -2.165459245443344116e-01 1.412372142076492310e-01 7.422270774841308594e-01 2.723164558410644531e-01 2.603221833705902100e-01 2.369420081377029419e-01 -6.024405956268310547e-01 7.539451122283935547e-02 -4.193766415119171143e-01 -5.992555618286132812e-01 8.906506001949310303e-02 2.514285147190093994e-01 -8.196521401405334473e-01 -2.612123191356658936e-01 1.774474531412124634e-01 -1.077843084931373596e-01 -7.307466864585876465e-01 -2.143288217484951019e-02 -6.938345730304718018e-02 9.045807719230651855e-01 3.085933625698089600e-01 -6.276449561119079590e-01 -3.106364607810974121e-01 9.865407347679138184e-01 5.158381909132003784e-02 2.669700384140014648e-01 -1.543599814176559448e-01 3.640590310096740723e-01 -4.898655712604522705e-01 -4.897247627377510071e-02 5.412705540657043457e-01 6.436479687690734863e-01 -1.914405822753906250e-01 -3.558853864669799805e-01 -1.090632915496826172e+00 -1.688305586576461792e-01 -6.236995686776936054e-04 1.750273853540420532e-01 3.924929201602935791e-01 -4.184487164020538330e-01 -5.813622474670410156e-01
6.312981843948364258e-01 3.604292497038841248e-02 4.949902594089508057e-01 8.648285269737243652e-01 -5.473926663398742676e-01 3.267297744750976562e-01 4.514192640781402588e-01 -1.454336345195770264e-01 2.703513503074645996e-01 -2.869890928268432617e-01 3.183097839355468750e-01 -8.426309227943420410e-01 -8.928235173225402832e-01 -5.054566860198974609e-01 1.143557876348495483e-01 1.014487266540527344e+00 -2.197404205799102783e-01 -3.754784166812896729e-01 -5.851542353630065918e-01 6.792217493057250977e-01 3.478139042854309082e-01 4.651740789413452148e-01 1.117591857910156250e+00 9.173482656478881836e-03 4.970386624336242676e-01 3.536306619644165039e-01 5.299700498580932617e-01 -1.962444037199020386e-01 1.918676644563674927e-01 -1.212300896644592285e+00 -2.332179248332977295e-02 -1.506004035472869873e-01 -1.662596613168716431e-01 -2.996385991573333740e-01 -5.682808756828308105e-01 1.349547803401947021e-01 -1.164622139185667038e-02 5.693212151527404785e-01 4.132096171379089355e-01 -5.475916266441345215e-01 -2.611251473426818848e-01 1.910647191107273102e-02 1.466435790061950684e-01 -7.869782857596874237e-04 -5.752829089760780334e-02 -4.609628617763519287e-01 5.229786038398742676e-02 -1.217914000153541565e-01 -3.045945167541503906e-01 -4.650798738002777100e-01 3.673033714294433594e-01 -2.036502659320831299e-01 1.525239050388336182e-01 9.658356904983520508e-01 -3.156488835811614990e-01 -2.146239727735519409e-01 4.096477106213569641e-02 4.653970897197723389e-01 -5.549372434616088867e-01 -1.902697086334228516e-01 -1.082365028560161591e-02 5.499385595321655273e-01 1.399962455034255981e-01 4.200995862483978271e-01
7.502370476722717285e-01 -2.047496736049652100e-01 3.643325865268707275e-01 -1.460020840167999268e-01 -2.869788706302642822e-01 -4.690491557121276855e-01 -3.214972913265228271e-01 2.867975831031799316e-02 -1.707762926816940308e-01 -5.006620883941650391e-01 -3.115231096744537354e-01 -1.591308712959289551e+00 -7.317370772361755371e-01 2.291595041751861572e-01 7.161939740180969238e-01 1.115528225898742676e+00 -1.313794612884521484e+00 -3.176584094762802124e-02 -2.818264067173004150e-01 3.850898742675781250e-01 -2.465926557779312134e-01 -8.743962645530700684e-02 7.040525674819946289e-01 -7.422053217887878418e-01 4.782974123954772949e-01 5.490087866783142090e-01 -2.853057682514190674e-01 -3.766993880271911621e-01 -4.955447316169738770e-01 -1.535987854003906250e-01 -2.146603614091873169e-01 8.326473832130432129e-02 -1.191567070782184601e-02 -4.619508981704711914e-01 -6.485025286674499512e-01 1.105259079486131668e-02 -6.708267927169799805e-01 7.475743889808654785e-01 3.883615732192993164e-01 7.294629812240600586e-01 -8.438010215759277344e-01 8.092635869979858398e-01 5.984070301055908203e-01 -2.149773389101028442e-01 -3.072103857994079590e-01 6.486361622810363770e-01 1.008751511573791504e+00 -1.102098822593688965e-01 3.266767039895057678e-02 -3.941162228584289551e-01 4.732516780495643616e-02 -6.565129011869430542e-02 3.048877120018005371e-01 1.423289299011230469e+00 7.272673845291137695e-01 -1.923106312751770020e-01 -4.540223777294158936e-01 -6.005736589431762695e-01 -2.516500651836395264e-01 4.431273937225341797e-01 1.789792478084564209e-01 4.611189067363739014e-01 2.460599392652511597e-01 -5.813725590705871582e-01
4.517892003059387207e-01 -3.496770262718200684e-01 6.280413866043090820e-01 1.978007853031158447e-01 -1.807568669319152832e-01 -1.047281026840209961e+00 1.916486620903015137e-01 -1.815939247608184814e-01 -3.818028839305043221e-03 1.853892356157302856e-01 -3.764299750328063965e-01 -7.522890716791152954e-02 -1.719045639038085938e-01 -4.377971887588500977e-01 5.233201980590820312e-01 8.075414299964904785e-01 2.521589398384094238e-01 -5.083811879158020020e-01 -7.234454751014709473e-01 -9.265726804733276367e-02 1.673661470413208008e-01 8.415907621383666992e-01 2.095098793506622314e-01 -1.063691228628158569e-01 3.302457034587860107e-01 7.322124242782592773e-01 -9.006017446517944336e-02 1.932110637426376343e-02 -6.385581940412521362e-02 -2.595779597759246826e-01 2.029514759778976440e-01 -7.358730435371398926e-01 -2.305811345577239990e-01 -2.672988772392272949e-01 3.552870452404022217e-01 -9.736921191215515137e-01 -5.718263387680053711e-01 -6.208497881889343262e-01 -1.502575576305389404e-01 -9.196636676788330078e-01 -2.907757088541984558e-02 -5.940485745668411255e-02 8.130791783332824707e-01 -8.991333842277526855e-02 -1.885863603092730045e-03 -5.807820558547973633e-01 6.727009415626525879e-01 -4.738366305828094482e-01 2.315962463617324829e-01 2.450872510671615601e-01 6.521186232566833496e-01 -3.710477948188781738e-01 -7.412606477737426758e-01 5.674734711647033691e-01 6.567859053611755371e-01 -4.022173285484313965e-01 -2.153516858816146851e-01 -6.640008091926574707e-01 -3.606968373060226440e-02 -3.648535907268524170e-02 -1.779045313596725464e-01 3.221797943115234375e-01 -8.056277632713317871e-01 -3.529917597770690918e-01
3.359909653663635254e-01 -7.415635138750076294e-02 5.475784540176391602e-01 1.420368194580078125e+00 -4.980648159980773926e-01 -4.096352159976959229e-01 9.493073821067810059e-01 -4.083461165428161621e-01 -7.934328317642211914e-01 -4.213348403573036194e-02 -4.513073861598968506e-01 -1.707206726074218750e+00 -1.072814837098121643e-01 -2.445465624332427979e-01 8.853776454925537109e-01 6.042988896369934082e-01 -1.547230035066604614e-01 1.120963573455810547e+00 -4.190452992916107178e-01 5.457910895347595215e-01 -2.061094343662261963e-01 1.409349679946899414e+00 4.003811478614807129e-01 -6.193937659263610840e-01 7.887262850999832153e-02 -1.664858013391494751e-01 -3.190439641475677490e-01 -8.015666007995605469e-01 -2.457615435123443604e-01 -1.924767196178436279e-01 -3.498562574386596680e-01 -3.088676333427429199e-01 -1.362928301095962524e-01 -7.854137420654296875e-01 2.998055219650268555e-01 4.245336353778839111e-01 4.971087872982025146e-01 1.386738866567611694e-01 -2.383779138326644897e-01 -3.281559646129608154e-01 -3.175504505634307861e-01 3.443510234355926514e-01 3.871511518955230713e-01 -1.104462817311286926e-01 2.107604295015335083e-01 -1.999494880437850952e-01 -1.931248307228088379e-01 -4.759016633033752441e-01 -1.770554482936859131e-01 8.993716239929199219e-01 1.356876045465469360e-01 3.808059263974428177e-03 3.866008520126342773e-01 1.050833985209465027e-01 7.827287316322326660e-01 4.318896532058715820e-01 -2.515304684638977051e-01 -2.635017931461334229e-01 -4.215251207351684570e-01 4.091472327709197998e-01 -3.100291490554809570e-01 6.637217998504638672e-01 1.092989114113152027e-03 2.795641422271728516e-01
6.326423883438110352e-01 2.567251622676849365e-01 -1.985648572444915771e-01 3.283570706844329834e-01 -4.093247950077056885e-01 -4.004501998424530029e-01 5.777890086174011230e-01 -6.575219035148620605e-01 1.597631424665451050e-01 4.725497961044311523e-02 -1.876017898321151733e-01 -4.037051498889923096e-01 -7.699031829833984375e-01 -2.240527868270874023e-01 7.420293688774108887e-01 9.383343458175659180e-01 -2.731079757213592529e-01 -3.737571537494659424e-01 -4.635323882102966309e-01 1.105815291404724121e+00 -8.326277136802673340e-01 1.074566841125488281e+00 1.144360542297363281e+00 -6.953876018524169922e-01 -3.194465339183807373e-01 -1.979888826608657837e-01 -3.667741715908050537e-01 -6.471309065818786621e-02 1.013176918029785156e+00 -4.275947213172912598e-01 2.379542142152786255e-01 2.502621337771415710e-02 2.990597160533070564e-03 -3.665168583393096924e-01 1.107200048863887787e-02 -1.660957485437393188e-01 -1.013188719749450684e+00 2.055529206991195679e-01 1.616798788309097290e-01 1.425638645887374878e-01 -2.035724464803934097e-03 -2.985036969184875488e-01 2.564850151538848877e-01 -5.814497470855712891e-01 -3.773787319660186768e-01 -4.307228606194257736e-03 4.254975020885467529e-01 1.469367593526840210e-01 -1.440683156251907349e-01 3.289264440536499023e-01 -7.866075038909912109e-01 -5.329023003578186035e-01 -4.271782040596008301e-01 3.213089108467102051e-01 -2.730869315564632416e-02 8.951840549707412720e-02 -2.672504484653472900e-01 -1.263799190521240234e+00 4.644175767898559570e-01 -1.992907822132110596e-01 -1.852993965148925781e-01 9.952262043952941895e-02 3.548479378223419189e-01 7.002220153808593750e-01
-1.010210514068603516e-01 -1.431495845317840576e-01 1.698501408100128174e-01 -1.675428003072738647e-01 1.690910197794437408e-03 -5.887107253074645996e-01 4.163095951080322266e-01 -2.616215050220489502e-01 -8.055061101913452148e-01 1.154357567429542542e-01 -8.024096488952636719e-02 1.474471688270568848e-01 -7.052610516548156738e-01 3.873288258910179138e-02 8.958499431610107422e-01 4.679574072360992432e-01 -2.347230315208435059e-01 -5.347676873207092285e-01 -5.766052007675170898e-01 8.394041061401367188e-01 2.990785837173461914e-01 4.986555278301239014e-01 8.162261843681335449e-01 2.534461440518498421e-03 3.699714317917823792e-02 -2.114854454994201660e-01 -3.667148947715759277e-01 -2.751797139644622803e-01 1.936662197113037109e-02 -3.103281557559967041e-01 -5.955103784799575806e-02 -8.025806546211242676e-01 6.986215114593505859e-01 -8.602980971336364746e-01 -7.389220595359802246e-02 -1.115172058343887329e-01 -3.530459403991699219e-01 1.608541756868362427e-01 4.523119032382965088e-01 -3.779752179980278015e-03 4.028650373220443726e-02 -2.193582355976104736e-01 8.294048719108104706e-03 -7.327152490615844727e-01 -5.752208232879638672e-01 2.285618185997009277e-01 4.918992519378662109e-01 -5.974566936492919922e-01 -5.740481242537498474e-02 1.823216229677200317e-01 -8.356943726539611816e-02 -6.037604808807373047e-01 4.410713315010070801e-01 -2.203137725591659546e-01 1.041370391845703125e+00 3.473455831408500671e-02 -2.384550422430038452e-01 -7.918167114257812500e-01 4.999369382858276367e-03 -1.112137734889984131e-01 1.891865134239196777e-01 2.202025353908538818e-01 -5.174542665481567383e-01 8.483772873878479004e-01
6.081118583679199219e-01 -2.991302907466888428e-01 6.722502112388610840e-01 6.027046442031860352e-01 -3.665357828140258789e-01 2.059544920921325684e-01 1.492113023996353149e-01 -1.492032855749130249e-01 -1.432631723582744598e-02 -4.551825523376464844e-01 -6.174232959747314453e-01 -1.052966713905334473e+00 -6.326419711112976074e-01 2.449933141469955444e-01 9.550139307975769043e-01 5.122802257537841797e-01 -6.592807173728942871e-01 -2.303619980812072754e-01 -5.200195908546447754e-01 6.051381230354309082e-01 1.381599307060241699e+00 6.618773341178894043e-01 2.509800791740417480e-01 -5.696950554847717285e-01 -1.479901745915412903e-02 2.981164455413818359e-01 -2.456985712051391602e-01 -2.495841234922409058e-01 -2.879333794116973877e-01 3.033255934715270996e-01 5.006889998912811279e-02 -1.444337218999862671e-01 8.088909983634948730e-01 -1.736348122358322144e-01 2.681959569454193115e-01 -8.387115597724914551e-01 2.420158982276916504e-01 3.259206116199493408e-01 2.564738392829895020e-01 -3.012042120099067688e-02 -1.451210498809814453e+00 1.145003065466880798e-01 2.474533915519714355e-01 2.199529707431793213e-01 -5.270387530326843262e-01 -6.325658559799194336e-01 -4.815459549427032471e-01 5.574108362197875977e-01 -6.625491976737976074e-01 7.070266008377075195e-01 -3.850339055061340332e-01 -4.335508048534393311e-01 -1.965244859457015991e-01 5.459752306342124939e-02 -1.892826519906520844e-02 2.730465233325958252e-01 -1.348769813776016235e-01 -7.339679598808288574e-01 -4.190753996372222900e-01 1.540900021791458130e-01 -1.012109518051147461e-01 9.058499336242675781e-01 -2.033737450838088989e-01 -3.964512646198272705e-01
6.000661849975585938e-01 -2.827566564083099365e-01 1.312378942966461182e-01 3.891074359416961670e-01 -3.723344206809997559e-01 -1.200103834271430969e-01 -4.188719391822814941e-01 -7.492710947990417480e-01 -4.539846479892730713e-01 7.495196908712387085e-02 -1.253418028354644775e-01 -5.280856490135192871e-01 5.372886061668395996e-01 -2.591574192047119141e-01 5.518174171447753906e-01 4.422938227653503418e-01 -9.327645301818847656e-01 1.047952547669410706e-01 -5.359907150268554688e-01 2.223554700613021851e-01 8.440459966659545898e-01 3.602376580238342285e-01 1.057235226035118103e-01 -1.224661588668823242e+00 -1.881129592657089233e-01 1.834091693162918091e-01 -5.506991967558860779e-02 -1.339731812477111816e-01 6.333491802215576172e-01 4.164550900459289551e-01 1.503273844718933105e-01 -4.403688013553619385e-02 1.926276534795761108e-01 3.749061822891235352e-01 -1.951141506433486938e-01 -6.301739215850830078e-01 3.057606145739555359e-02 5.068136453628540039e-01 3.729640841484069824e-01 5.650343298912048340e-01 2.583287358283996582e-01 -3.095033392310142517e-02 5.571260675787925720e-02 -2.225622385740280151e-01 1.489613950252532959e-01 -3.229953646659851074e-01 2.696191892027854919e-02 -6.711796671152114868e-02 3.111064434051513672e-02 -5.904079973697662354e-02 1.548140347003936768e-01 -3.191105127334594727e-01 3.629090785980224609e-01 5.001690983772277832e-01 -4.709695875644683838e-01 -1.444935053586959839e-01 6.795310974121093750e-01 -1.195155382156372070e+00 -1.181697845458984375e+00 1.434465646743774414e-01 -5.637944936752319336e-01 8.397852778434753418e-01 7.042334079742431641e-01 -3.420778512954711914e-01
5.753065347671508789e-01 -4.033081233501434326e-01 5.753102246671915054e-03 4.361000657081604004e-01 -5.233090519905090332e-01 -2.689206600189208984e-01 -4.264539778232574463e-01 -6.778168082237243652e-01 -4.737238287925720215e-01 9.510371834039688110e-02 -1.428668946027755737e-01 -3.974919915199279785e-01 3.048239052295684814e-01 -3.614110946655273438e-01 2.703801989555358887e-01 3.004922568798065186e-01 -9.523486495018005371e-01 6.485930830240249634e-02 -4.764862954616546631e-01 3.559679910540580750e-02 1.217428684234619141e+00 4.758458137512207031e-01 -4.059688653796911240e-03 -1.031530261039733887e+00 -4.060766398906707764e-01 4.123925864696502686e-01 -1.686412245035171509e-01 -1.676207780838012695e-01 7.165296077728271484e-01 5.985370874404907227e-01 3.807490691542625427e-02 -9.406917542219161987e-02 3.340744674205780029e-01 1.763020008802413940e-01 -2.770964801311492920e-01 -5.107522010803222656e-01 1.583025306463241577e-01 4.596656858921051025e-01 2.891983389854431152e-01 4.614071547985076904e-01 2.688691020011901855e-01 -1.404788643121719360e-01 1.767152994871139526e-01 -2.798284590244293213e-01 1.430918723344802856e-01 -5.407713055610656738e-01 2.121075987815856934e-01 -1.481938660144805908e-01 7.420071400701999664e-03 -1.608630418777465820e-01 3.441048264503479004e-01 -5.341761112213134766e-01 2.605030536651611328e-01 6.431517004966735840e-01 -3.641943633556365967e-01 -6.423267722129821777e-02 5.584772229194641113e-01 -1.240971446037292480e+00 -9.644095301628112793e-01 1.296930760145187378e-01 -6.037682890892028809e-01 7.112694978713989258e-01 3.449645936489105225e-01 -4.307744204998016357e-01
6.694532036781311035e-01 -1.140778064727783203e+00 3.524040281772613525e-01 1.872575879096984863e-01 2.724052034318447113e-02 -1.919628679752349854e-02 -2.356667369604110718e-01 -4.762558341026306152e-01 -1.482369601726531982e-01 -8.939965814352035522e-02 -1.122689485549926758e+00 -8.863490223884582520e-01 -4.061236083507537842e-01 -5.062935352325439453e-01 9.274771213531494141e-01 5.256587266921997070e-01 -3.933234512805938721e-01 -1.278102993965148926e-01 8.661691546440124512e-01 7.240467667579650879e-01 6.172146797180175781e-01 7.762559056282043457e-01 6.503334641456604004e-01 -9.038969874382019043e-01 -4.890966042876243591e-02 2.720302045345306396e-01 -5.703117847442626953e-01 -2.336221486330032349e-01 -2.089943438768386841e-01 2.986866831779479980e-01 5.471117496490478516e-01 -1.083611130714416504e+00 -5.199372172355651855e-01 -1.494994014501571655e-01 -3.606477677822113037e-01 1.989650726318359375e-02 3.523718714714050293e-01 -7.634579390287399292e-02 -8.689892292022705078e-02 7.789600491523742676e-01 4.275463148951530457e-02 -3.050334751605987549e-01 4.317088425159454346e-01 4.453737735748291016e-01 3.363774120807647705e-01 -2.656757533550262451e-01 -1.518895197659730911e-02 -4.585142135620117188e-01 2.099155634641647339e-01 -6.548147797584533691e-01 -4.600766301155090332e-02 -2.190664559602737427e-01 4.307794570922851562e-02 3.766323328018188477e-01 -4.383440017700195312e-01 2.757996022701263428e-01 3.232229351997375488e-01 -1.183883473277091980e-01 -1.148253917694091797e+00 -2.453263700008392334e-01 -5.364685058593750000e-01 5.441488623619079590e-01 6.001687422394752502e-02 -5.324277281761169434e-01
9.969713687896728516e-01 -7.346861362457275391e-01 -3.317795693874359131e-01 7.362681627273559570e-02 -6.970340013504028320e-01 -5.114864706993103027e-01 -2.590389735996723175e-02 -5.478357672691345215e-01 -6.977670192718505859e-01 3.371824920177459717e-01 5.256553888320922852e-01 -1.512586832046508789e+00 2.311411947011947632e-01 -3.041021227836608887e-01 2.700261175632476807e-01 6.275940537452697754e-01 -2.559745013713836670e-01 -3.847590982913970947e-01 -5.044568330049514771e-02 -5.191851854324340820e-01 4.345073997974395752e-01 5.378361344337463379e-01 2.470235973596572876e-01 -1.227378606796264648e+00 -2.387048751115798950e-01 -2.914761602878570557e-01 1.792708635330200195e-01 -7.087542861700057983e-02 6.457260251045227051e-01 1.004971377551555634e-02 3.209384083747863770e-01 9.658843278884887695e-02 2.487578988075256348e-02 -5.105066299438476562e-01 -3.819419145584106445e-01 -6.829870939254760742e-01 -1.166955567896366119e-02 -1.731930822134017944e-01 5.294826626777648926e-01 1.953325867652893066e-01 3.042195737361907959e-01 -3.400774598121643066e-01 1.359912753105163574e-01 -1.419890969991683960e-01 -6.779917478561401367e-01 -3.078800737857818604e-01 1.033907523378729820e-03 -4.396985471248626709e-01 6.548843383789062500e-01 -4.911750555038452148e-01 2.976763844490051270e-01 -3.490164577960968018e-01 2.641946971416473389e-01 6.515776515007019043e-01 -4.830388426780700684e-01 2.252107113599777222e-01 5.028540268540382385e-02 -3.167720139026641846e-01 -1.077044129371643066e+00 2.705281972885131836e-01 6.657329201698303223e-02 3.194425106048583984e-01 -2.613659203052520752e-01 -4.695550501346588135e-01
7.660589814186096191e-01 -6.718810796737670898e-01 9.444232583045959473e-01 8.145752549171447754e-02 -1.173993106931447983e-02 -4.805753529071807861e-01 7.231576442718505859e-01 8.646839112043380737e-02 3.419103324413299561e-01 -2.621551742777228355e-03 2.888422906398773193e-01 -1.119119286537170410e+00 -8.270547389984130859e-01 -4.333890080451965332e-01 1.723018288612365723e-01 -2.064888477325439453e-01 -4.515236318111419678e-01 7.763098478317260742e-01 2.611781954765319824e-01 -1.824148297309875488e-01 2.911042869091033936e-01 9.467504024505615234e-01 4.246901869773864746e-01 -1.809950768947601318e-01 -3.334297835826873779e-01 1.157831549644470215e-01 -1.676889061927795410e-01 1.447674930095672607e-01 5.936162471771240234e-01 4.477093219757080078e-01 2.441186308860778809e-01 -5.007953643798828125e-01 4.858782291412353516e-01 -5.324186086654663086e-01 -9.601269364356994629e-01 -5.871288776397705078e-01 3.227197825908660889e-01 4.392326474189758301e-01 9.671073406934738159e-02 -2.804001569747924805e-01 3.611046373844146729e-01 8.162099719047546387e-01 1.533130556344985962e-01 -1.359736174345016479e-01 -5.084970593452453613e-01 -1.961134672164916992e-01 -1.495334953069686890e-01 -9.348943233489990234e-01 6.405720114707946777e-02 2.017286419868469238e-01 1.555439382791519165e-01 -6.583228707313537598e-01 -3.144869580864906311e-02 4.081574082374572754e-01 -3.851385414600372314e-01 -2.362436801195144653e-01 -5.103802680969238281e-01 -2.890909090638160706e-02 -6.391884088516235352e-01 7.032859921455383301e-01 -3.725320100784301758e-01 7.230921182781457901e-03 -3.511379659175872803e-01 -1.108277738094329834e-01
7.485681772232055664e-01 -5.275847911834716797e-01 2.805422544479370117e-01 2.044451832771301270e-01 2.597856894135475159e-02 -2.230639010667800903e-01 -5.531357601284980774e-02 -4.008805155754089355e-01 -5.753051042556762695e-01 3.290890753269195557e-01 -8.052815794944763184e-01 -1.434905648231506348e+00 -4.953591227531433105e-01 -3.270166218280792236e-01 7.781544923782348633e-01 7.748662233352661133e-01 -4.099063575267791748e-01 -3.788797259330749512e-01 5.647348761558532715e-01 7.495319843292236328e-01 4.891996383666992188e-01 1.096164464950561523e+00 4.023236036300659180e-01 -8.219078183174133301e-01 3.244556486606597900e-01 4.481094181537628174e-01 -3.253206908702850342e-01 -1.168525069952011108e-01 1.694132536649703979e-01 5.987061262130737305e-01 4.289053976535797119e-01 -1.256441950798034668e+00 6.732668727636337280e-02 -3.042677603662014008e-02 -3.319674730300903320e-01 -1.316358298063278198e-01 2.138541340827941895e-01 2.319841086864471436e-01 1.992203295230865479e-01 8.744249343872070312e-01 -1.500399084761738777e-03 -4.279368519783020020e-01 3.298967778682708740e-01 2.166012525558471680e-01 8.091194629669189453e-01 -2.165568172931671143e-01 -2.551563084125518799e-01 -1.445689648389816284e-01 2.164985425770282745e-02 -6.393430233001708984e-01 5.065682530403137207e-01 -5.312206149101257324e-01 2.003539204597473145e-01 6.546851396560668945e-01 -2.388684153556823730e-01 3.400478065013885498e-01 7.925850152969360352e-01 8.008869737386703491e-02 -9.320323467254638672e-01 1.200628578662872314e-01 -6.551924347877502441e-01 7.564938664436340332e-01 1.111801341176033020e-02 -6.643486618995666504e-01
1.476175069808959961e+00 -8.796895295381546021e-02 -4.844690859317779541e-02 -7.244280576705932617e-01 -3.947352766990661621e-01 -7.978873252868652344e-01 -3.048225045204162598e-01 -4.460023045539855957e-01 -8.449288606643676758e-01 5.841761231422424316e-01 2.436775900423526764e-02 -1.997516870498657227e+00 -3.725458383560180664e-01 -2.651179134845733643e-01 9.074184298515319824e-01 1.646760702133178711e-01 -5.206567421555519104e-02 1.008981615304946899e-01 -5.547347664833068848e-01 3.632148504257202148e-01 8.011517524719238281e-01 1.196331977844238281e+00 1.732283085584640503e-01 -7.031074762344360352e-01 3.442893922328948975e-01 -1.373596489429473877e-01 1.073634997010231018e-01 -3.481086492538452148e-01 1.247484326362609863e+00 -3.265566825866699219e-01 -1.851890087127685547e-01 -2.422017417848110199e-02 6.468691825866699219e-01 -1.533169746398925781e-01 -1.084396362304687500e+00 -3.500372767448425293e-01 -4.559063315391540527e-01 3.226925432682037354e-01 2.392722517251968384e-01 1.496566180139780045e-02 5.652993544936180115e-02 4.405457973480224609e-01 4.581156075000762939e-01 2.384142130613327026e-01 7.589315176010131836e-01 -1.862245202064514160e-01 8.211992681026458740e-02 5.421031713485717773e-01 8.066855669021606445e-01 -3.560262024402618408e-01 5.537892132997512817e-02 -1.119940653443336487e-01 2.630910575389862061e-01 1.893871277570724487e-01 -6.972808241844177246e-01 2.010040543973445892e-02 -5.959339141845703125e-01 -1.048699617385864258e+00 -1.538001179695129395e+00 6.180781126022338867e-01 2.373477071523666382e-01 2.916560769081115723e-01 1.531997472047805786e-01 -4.516654312610626221e-01
1.257927298545837402e+00 -5.658642947673797607e-02 -5.178313255310058594e-01 5.379937887191772461e-01 2.025239914655685425e-01 -5.720780491828918457e-01 5.095327273011207581e-02 -2.059541791677474976e-01 -7.291656732559204102e-02 -1.795496940612792969e-01 -2.860378324985504150e-01 -4.509553611278533936e-01 -2.695515751838684082e-01 5.047140121459960938e-01 4.883172512054443359e-01 1.492592990398406982e-01 -6.419150233268737793e-01 1.881108134984970093e-01 -6.866688728332519531e-01 -1.731887757778167725e-01 1.009885072708129883e+00 1.260542154312133789e+00 9.064489603042602539e-01 -1.143451333045959473e+00 -9.167903065681457520e-01 6.046664118766784668e-01 2.027822583913803101e-01 -1.031801939010620117e+00 5.823691561818122864e-02 -6.219658851623535156e-01 5.980909615755081177e-02 7.416510581970214844e-02 4.020783603191375732e-01 -2.293076217174530029e-01 -7.122890651226043701e-02 -6.180265545845031738e-01 8.719069957733154297e-01 7.195373773574829102e-01 -7.565366625785827637e-01 -2.517493069171905518e-01 -3.292594477534294128e-02 6.567798554897308350e-02 2.404703944921493530e-01 -5.541142225265502930e-01 -2.158479243516921997e-01 -1.662061065435409546e-01 -5.974325165152549744e-02 -8.090461492538452148e-01 -2.987631969153881073e-02 -6.410618424415588379e-01 3.841513395309448242e-01 -3.647449314594268799e-01 5.410074591636657715e-01 6.619591712951660156e-01 -6.524186730384826660e-01 -4.183785915374755859e-01 5.250344276428222656e-01 -1.002100348472595215e+00 -1.406039893627166748e-01 1.776994019746780396e-01 -3.106056451797485352e-01 1.595524668693542480e+00 1.272655427455902100e-01 3.022967278957366943e-01
9.171038866043090820e-01 -2.747801542282104492e-01 3.793316483497619629e-01 2.982096076011657715e-01 -9.687582403421401978e-02 4.062911272048950195e-01 9.362270683050155640e-02 -3.705519437789916992e-01 -1.541271954774856567e-01 6.250297185033559799e-03 -4.731361865997314453e-01 -1.292813777923583984e+00 -5.740650296211242676e-01 2.845343351364135742e-01 9.651964306831359863e-01 3.423253297805786133e-01 -8.864759206771850586e-01 -2.053738087415695190e-01 -7.204175740480422974e-02 6.362891197204589844e-01 1.056570649147033691e+00 5.514320731163024902e-01 3.647340536117553711e-01 7.686860859394073486e-02 -3.574467450380325317e-02 3.566049635410308838e-01 -1.387170050293207169e-02 -3.250694870948791504e-01 -1.081236898899078369e-01 6.230154037475585938e-01 4.237144589424133301e-01 -2.026485204696655273e-01 4.684998095035552979e-01 -1.999646574258804321e-01 -2.975412905216217041e-01 -2.955212891101837158e-01 1.559890955686569214e-01 3.011395931243896484e-01 1.339075565338134766e-01 9.445846080780029297e-02 -9.614185690879821777e-01 -2.143346667289733887e-01 8.174512386322021484e-01 -2.877907752990722656e-01 -1.038482904434204102e+00 -3.493160307407379150e-01 -1.945914775133132935e-01 3.487242460250854492e-01 -3.808236420154571533e-01 6.655666828155517578e-01 -1.172632426023483276e-01 -8.682511001825332642e-02 -3.835073709487915039e-01 4.303256422281265259e-02 -2.120750099420547485e-01 4.122113585472106934e-01 3.262037336826324463e-01 -8.369321823120117188e-01 -5.111150741577148438e-01 -1.378380656242370605e-01 -3.532360792160034180e-01 8.020133376121520996e-01 4.844996333122253418e-02 -6.439626216888427734e-01
1.079544126987457275e-01 -3.271637856960296631e-01 2.464689612388610840e-01 4.965991377830505371e-01 1.756617426872253418e-01 -1.856710612773895264e-01 -4.004562199115753174e-01 2.789094150066375732e-01 -7.262743711471557617e-01 2.612236440181732178e-01 1.206420212984085083e-01 -1.228933334350585938e+00 -9.058749079704284668e-01 -8.983473181724548340e-01 8.019868731498718262e-01 4.064650833606719971e-01 -6.231446862220764160e-01 -3.520105481147766113e-01 3.560635745525360107e-01 6.474050879478454590e-02 6.645194888114929199e-01 8.030550479888916016e-01 2.077589482069015503e-01 -1.510002315044403076e-01 -1.072846651077270508e+00 4.979692995548248291e-01 -3.367302566766738892e-02 -2.370634973049163818e-01 -2.321724444627761841e-01 1.031924858689308167e-01 4.633686840534210205e-01 -2.186150252819061279e-01 1.514599621295928955e-01 1.792185753583908081e-01 -9.691962003707885742e-01 -4.218690991401672363e-01 2.334169000387191772e-01 6.460049748420715332e-01 -1.343134045600891113e-01 -5.415389314293861389e-02 -9.679803848266601562e-01 2.286031693220138550e-01 3.563621938228607178e-01 3.127969503402709961e-01 -7.850428223609924316e-01 1.401980668306350708e-01 4.074150621891021729e-01 2.507928311824798584e-01 5.077058672904968262e-01 -3.400290608406066895e-01 -4.017006456851959229e-01 -2.851608097553253174e-01 3.401885628700256348e-01 1.135664433240890503e-01 -4.879209101200103760e-01 3.623807057738304138e-02 3.434116840362548828e-01 -1.083684921264648438e+00 -1.648759990930557251e-01 6.974471360445022583e-02 -3.721012473106384277e-01 6.890087723731994629e-01 5.598637461662292480e-01 1.181332841515541077e-01
6.017414927482604980e-01 -1.591557860374450684e-01 1.890216767787933350e-01 7.428478002548217773e-01 -2.595975697040557861e-01 4.369784891605377197e-01 -1.211899444460868835e-01 -5.824379324913024902e-01 -6.612780690193176270e-01 2.235372960567474365e-01 -1.898121833801269531e-01 -4.499427378177642822e-01 3.945439457893371582e-01 -1.925735771656036377e-01 8.660005778074264526e-02 5.117138624191284180e-01 -1.250500440597534180e+00 -3.940203487873077393e-01 -4.675762653350830078e-01 3.126553297042846680e-01 8.241437077522277832e-01 4.469793438911437988e-01 -5.432317778468132019e-02 -7.288259863853454590e-01 -2.216314226388931274e-01 -1.709171235561370850e-01 5.381895601749420166e-02 -9.979405254125595093e-02 5.509931594133377075e-02 1.879656463861465454e-01 8.343600481748580933e-02 2.439402975142002106e-02 3.956557810306549072e-01 3.295936062932014465e-02 -6.594662666320800781e-01 -5.680850148200988770e-01 8.729147166013717651e-02 3.522434532642364502e-01 2.391753643751144409e-01 8.405984640121459961e-01 4.784920811653137207e-02 -1.810988597571849823e-02 2.279526293277740479e-01 -2.443448156118392944e-01 7.193062454462051392e-02 -1.028463959693908691e+00 7.914227433502674103e-03 1.062498167157173157e-01 1.530191898345947266e-01 -1.283064633607864380e-01 3.234161809086799622e-02 -8.331171274185180664e-01 3.147608041763305664e-01 7.181301116943359375e-01 -2.869949042797088623e-01 -2.721048891544342041e-01 3.761396110057830811e-01 -1.335916757583618164e+00 -1.095718860626220703e+00 -4.258544184267520905e-03 -6.395173072814941406e-01 9.768755435943603516e-01 2.669077217578887939e-01 -5.106675028800964355e-01
1.139472603797912598e+00 -3.478397130966186523e-01 9.018264412879943848e-01 7.486988306045532227e-01 5.771738886833190918e-01 -1.261821575462818146e-02 7.959303259849548340e-01 9.504758566617965698e-02 -7.508885860443115234e-01 -5.743967890739440918e-01 -9.667868018150329590e-01 -1.444305777549743652e+00 -3.664437234401702881e-01 -9.140989184379577637e-01 -4.906195104122161865e-01 1.472961664199829102e+00 2.407922744750976562e-01 3.695650398731231689e-01 -2.724574804306030273e-01 9.690174460411071777e-01 1.077016890048980713e-01 6.697662472724914551e-01 5.618466138839721680e-01 -1.109005689620971680e+00 -2.090596109628677368e-01 -6.842022389173507690e-02 -4.900393486022949219e-01 1.312357783317565918e-01 -8.166750073432922363e-01 -7.060400843620300293e-01 -7.397323250770568848e-01 -3.238125443458557129e-01 6.072247624397277832e-01 -7.465793937444686890e-02 -3.702620267868041992e-01 -1.393581926822662354e-01 1.081211715936660767e-01 5.712951421737670898e-01 -1.148305535316467285e-01 3.150644898414611816e-01 1.344847958534955978e-02 4.704779088497161865e-01 1.041819572448730469e+00 -1.037960171699523926e+00 -2.388400882482528687e-01 -5.516049265861511230e-01 1.140420794486999512e+00 -8.926849365234375000e-01 -1.304765883833169937e-02 -7.643359899520874023e-01 1.101045727729797363e+00 1.507916003465652466e-01 8.214267492294311523e-01 8.058229088783264160e-01 6.302630901336669922e-01 -1.142278760671615601e-01 5.232174694538116455e-02 -1.345988392829895020e+00 6.140424609184265137e-01 2.285753190517425537e-02 6.484574079513549805e-01 1.058582782745361328e+00 3.026000559329986572e-01 3.422650992870330811e-01
2.607438899576663971e-02 -8.481445163488388062e-02 2.050501555204391479e-01 2.517932355403900146e-01 -2.186834365129470825e-01 -2.127353847026824951e-01 1.338468194007873535e-01 2.015759795904159546e-01 4.720908403396606445e-01 1.521606594324111938e-01 -3.895282447338104248e-01 -6.654397845268249512e-01 -4.057607948780059814e-01 -3.950819075107574463e-01 -3.129320219159126282e-02 8.558961749076843262e-01 1.499567329883575439e-01 1.536721289157867432e-01 -4.619801044464111328e-01 4.802368581295013428e-01 1.475250720977783203e-01 3.270021975040435791e-01 4.427457451820373535e-01 -5.189594626426696777e-01 6.642960906028747559e-01 -3.054127693176269531e-01 -2.714879810810089111e-01 -1.014560818672180176e+00 6.558052897453308105e-01 -1.199209570884704590e+00 5.673920735716819763e-02 -5.694618225097656250e-01 -2.322569489479064941e-03 8.923261761665344238e-01 -5.022746324539184570e-01 -1.580815315246582031e-01 -2.112183868885040283e-01 4.078241065144538879e-02 -4.078046232461929321e-02 -1.000350713729858398e+00 -7.170167565345764160e-01 3.156294226646423340e-01 4.206468462944030762e-01 -3.375952541828155518e-01 2.045875191688537598e-01 -2.169983088970184326e-01 3.105418682098388672e-01 -4.895195364952087402e-01 -2.171652913093566895e-01 1.014331430196762085e-01 -2.735469937324523926e-01 -1.864779740571975708e-01 7.093260884284973145e-01 5.118123888969421387e-01 3.861764073371887207e-01 2.281256914138793945e-01 4.825561344623565674e-01 -2.438810765743255615e-01 -2.735820710659027100e-01 1.255471259355545044e-01 4.225189387798309326e-01 -1.201145909726619720e-02 -2.744417786598205566e-01 -4.961410760879516602e-01
2.521779239177703857e-01 -4.699985384941101074e-01 -5.189360678195953369e-02 9.299303591251373291e-02 -1.618919670581817627e-01 -1.157312989234924316e-01 -3.588291108608245850e-01 -5.196904540061950684e-01 -2.322168946266174316e-01 -7.340319156646728516e-01 -3.431531190872192383e-01 -9.539733082056045532e-02 -8.155464529991149902e-01 -7.756564617156982422e-01 5.359580516815185547e-01 8.331507444381713867e-01 -3.877257406711578369e-01 1.504203081130981445e-01 4.470289349555969238e-01 1.629105657339096069e-01 -1.602420806884765625e-01 2.371103875339031219e-02 4.273455440998077393e-01 -1.065099835395812988e+00 1.598120629787445068e-01 3.634081482887268066e-01 -6.624227166175842285e-01 -2.690474987030029297e-01 4.397583007812500000e-01 -5.853052139282226562e-01 3.363336920738220215e-01 -2.342603653669357300e-01 1.065970659255981445e-01 -6.029641721397638321e-03 -1.890369057655334473e-01 2.605699002742767334e-01 1.031491532921791077e-01 -8.420390635728836060e-02 -3.458558619022369385e-01 1.358704715967178345e-01 2.443119436502456665e-01 6.251086592674255371e-01 -4.364011883735656738e-01 -1.734638214111328125e-01 3.600725233554840088e-01 -8.794290423393249512e-01 5.193151161074638367e-02 -5.898659825325012207e-01 6.773604154586791992e-01 1.022870615124702454e-01 1.540789753198623657e-01 -2.183953076601028442e-01 -2.362417988479137421e-02 -6.960058212280273438e-01 6.364551782608032227e-01 2.405737638473510742e-01 1.200003102421760559e-01 -1.566659063100814819e-01 -1.887351870536804199e-01 -4.896077513694763184e-01 8.806420117616653442e-02 1.113844290375709534e-01 -5.147861689329147339e-02 1.394946426153182983e-01
2.263942658901214600e-01 -3.436447381973266602e-01 3.838349282741546631e-01 1.837347149848937988e-01 -4.049466252326965332e-01 1.422312259674072266e-01 -1.327609866857528687e-01 -4.561097025871276855e-01 5.602999404072761536e-02 -1.113550961017608643e-01 2.192291617393493652e-01 -1.136444926261901855e+00 -1.002861976623535156e+00 2.150973379611968994e-01 -9.386198520660400391e-01 4.290818274021148682e-01 2.171192690730094910e-02 -3.847285509109497070e-01 -2.388048022985458374e-01 4.333627820014953613e-01 3.411766290664672852e-01 -8.186429738998413086e-02 4.484533965587615967e-01 -5.992868542671203613e-01 -6.254507899284362793e-01 2.948940098285675049e-01 -1.030974835157394409e-01 -5.419699549674987793e-01 5.327752828598022461e-01 -5.757231712341308594e-01 2.625908851623535156e-01 -5.750010609626770020e-01 -3.977774977684020996e-01 -4.888763129711151123e-01 -6.763921678066253662e-02 3.620325922966003418e-01 2.328940294682979584e-02 1.277430802583694458e-01 3.314306139945983887e-01 -5.348135232925415039e-01 -3.466718196868896484e-01 5.367795005440711975e-02 3.821854293346405029e-01 -3.163290917873382568e-01 2.728382647037506104e-01 -5.626371502876281738e-01 3.475781679153442383e-01 -2.095915526151657104e-01 -5.318470597267150879e-01 4.086844325065612793e-01 -3.657834529876708984e-01 -7.476949095726013184e-01 4.914152324199676514e-01 4.511228799819946289e-01 7.177918553352355957e-01 -3.928005993366241455e-01 5.090259313583374023e-01 3.420161902904510498e-01 -5.034188628196716309e-01 -9.592519700527191162e-02 1.612161286175251007e-02 -2.709976136684417725e-01 -3.423072099685668945e-01 -2.158606797456741333e-02
3.288415670394897461e-01 3.217161595821380615e-01 7.143418192863464355e-01 2.232221066951751709e-01 -3.356671929359436035e-01 -4.197978079319000244e-01 3.738881945610046387e-01 8.729911595582962036e-02 -6.473699212074279785e-01 -5.324871540069580078e-01 -5.243222117424011230e-01 -4.068273901939392090e-01 -7.016675472259521484e-01 -1.258598454296588898e-02 3.871934115886688232e-01 8.689689040184020996e-01 -1.084952577948570251e-01 -1.172226592898368835e-01 -5.226367115974426270e-01 1.554672122001647949e-01 6.806281208992004395e-02 5.587829947471618652e-01 2.556318938732147217e-01 -9.711778163909912109e-01 -2.757175862789154053e-01 3.506023287773132324e-01 2.646645605564117432e-01 -7.032157182693481445e-01 8.390280604362487793e-01 -2.839264273643493652e-01 2.762094140052795410e-01 -1.508819218724966049e-02 -4.924224317073822021e-01 -5.930197983980178833e-02 -3.917911350727081299e-01 -6.932978034019470215e-01 -1.986481435596942902e-02 -1.016538858413696289e+00 5.562404394149780273e-01 -6.825562715530395508e-01 4.359120130538940430e-01 4.235582053661346436e-02 -2.239852696657180786e-01 2.139738947153091431e-01 1.714093536138534546e-01 -1.400317549705505371e-01 4.341357946395874023e-01 8.411127328872680664e-02 5.037285089492797852e-01 -9.638753533363342285e-02 8.453874289989471436e-02 -1.230581551790237427e-01 -1.189349591732025146e-01 -4.527958035469055176e-01 7.446754574775695801e-01 3.535246849060058594e-01 -4.313161373138427734e-01 -8.523819446563720703e-01 4.635999500751495361e-01 -3.066389858722686768e-01 -4.050054550170898438e-01 8.817237019538879395e-01 3.574753999710083008e-01 8.297093212604522705e-03
2.527527511119842529e-01 -1.104159116744995117e+00 5.172743201255798340e-01 3.037929236888885498e-01 -3.655230402946472168e-01 7.195095419883728027e-01 3.165738284587860107e-01 5.805817842483520508e-01 -2.990234792232513428e-01 4.031379520893096924e-01 -4.019206166267395020e-01 -1.234733104705810547e+00 -2.284364998340606689e-01 1.542813777923583984e-01 6.643574237823486328e-01 7.544771432876586914e-01 -5.339172482490539551e-01 8.667932450771331787e-02 6.911507844924926758e-01 3.932433724403381348e-01 5.729168057441711426e-01 1.027089476585388184e+00 4.302940070629119873e-01 -9.963187575340270996e-01 1.766981184482574463e-01 2.269077003002166748e-01 2.686244994401931763e-02 -1.926632225513458252e-01 1.326541185379028320e+00 -1.065931797027587891e+00 4.407845735549926758e-01 -6.344795823097229004e-01 5.933343172073364258e-01 -6.286743879318237305e-01 1.425084322690963745e-01 -5.087089538574218750e-02 3.756353259086608887e-01 1.055744409561157227e+00 3.007023632526397705e-01 -2.035293430089950562e-01 -2.558081746101379395e-01 3.742994666099548340e-01 5.297901630401611328e-01 -3.281360026448965073e-03 1.252670586109161377e-01 1.944701944012194872e-04 7.880083322525024414e-01 4.351818263530731201e-01 -7.017595767974853516e-01 -7.151866704225540161e-02 5.596232414245605469e-01 -2.207292169332504272e-01 5.749359726905822754e-01 5.118618607521057129e-01 5.586476325988769531e-01 -3.995329141616821289e-01 7.147140502929687500e-01 -1.022450923919677734e+00 3.537646532058715820e-01 1.765427887439727783e-01 -2.569463104009628296e-02 5.253400653600692749e-02 -8.126862049102783203e-01 1.551435142755508423e-01
-3.771509826183319092e-01 -7.784337401390075684e-01 -1.382667124271392822e-01 -2.632236778736114502e-01 -5.118125677108764648e-01 3.643494844436645508e-01 -7.027398794889450073e-02 2.902649044990539551e-01 1.297086756676435471e-02 -2.593903243541717529e-01 -3.207549750804901123e-01 -9.856662154197692871e-01 -2.341993004083633423e-01 1.906240731477737427e-01 5.764592289924621582e-01 1.071937441825866699e+00 -1.385249197483062744e-01 1.142111793160438538e-02 5.727522969245910645e-01 -1.710784807801246643e-02 5.648042559623718262e-01 8.155462145805358887e-01 6.410603523254394531e-01 -7.651581168174743652e-01 -2.857261598110198975e-01 1.254125535488128662e-01 2.365643531084060669e-01 -8.782659769058227539e-01 8.541193604469299316e-01 -9.498873353004455566e-01 -1.444518864154815674e-01 -6.880549788475036621e-01 9.259813278913497925e-02 -1.963530480861663818e-01 1.540793180465698242e-01 5.725160837173461914e-01 1.201735287904739380e-01 1.806553304195404053e-01 5.493828654289245605e-02 -8.398621678352355957e-01 4.786622524261474609e-02 7.640890479087829590e-01 5.189893245697021484e-01 -4.615164697170257568e-01 3.075406551361083984e-01 -2.943345606327056885e-01 3.275741338729858398e-01 -1.449425704777240753e-02 -2.843257486820220947e-01 -2.163086831569671631e-02 -1.939151883125305176e-01 -2.451321631669998169e-01 1.395160257816314697e-01 6.566080451011657715e-01 5.002976059913635254e-01 -3.339204192161560059e-01 3.341792225837707520e-01 -8.433458805084228516e-01 4.361348748207092285e-01 3.846984505653381348e-01 -2.465217411518096924e-01 -2.279066592454910278e-01 -2.434274256229400635e-01 -8.223246037960052490e-02
4.494953751564025879e-01 -5.042335391044616699e-01 5.660516023635864258e-01 1.560240238904953003e-02 2.606497406959533691e-01 4.783349633216857910e-01 2.027723044157028198e-01 -8.585101962089538574e-01 -2.519590854644775391e-01 2.033125162124633789e-01 1.058758050203323364e-01 -5.974880456924438477e-01 -9.694818854331970215e-01 -1.250308007001876831e-01 2.048493176698684692e-01 2.930856943130493164e-01 -2.620050013065338135e-01 -1.014831542968750000e+00 -6.151116490364074707e-01 -2.253642072901129723e-03 -3.121421933174133301e-01 3.603733777999877930e-01 1.372413396835327148e+00 -3.941210508346557617e-01 2.410990931093692780e-02 3.398550152778625488e-01 -1.249217092990875244e-01 -2.073040902614593506e-01 -1.285397559404373169e-01 -6.376119256019592285e-01 -1.558303236961364746e-01 -3.039826154708862305e-01 -1.859284937381744385e-03 6.396260857582092285e-02 1.287543624639511108e-01 -6.297912597656250000e-01 1.270208954811096191e-01 9.732822775840759277e-01 6.754554063081741333e-02 -4.892203584313392639e-02 5.709698200225830078e-01 1.418782281689345837e-03 -2.180870473384857178e-01 -5.227444171905517578e-01 -2.886187471449375153e-02 -3.209155797958374023e-01 5.722050070762634277e-01 -1.408436149358749390e-01 -7.999358773231506348e-01 3.349221348762512207e-01 1.145013794302940369e-01 -2.267696112394332886e-01 -6.462871283292770386e-02 4.773006588220596313e-02 4.779554903507232666e-01 1.151796504855155945e-01 5.063492432236671448e-02 -3.080957233905792236e-01 -2.463893592357635498e-01 2.683357596397399902e-01 2.699536085128784180e-01 -4.411650598049163818e-01 1.675462573766708374e-01 3.519378006458282471e-01
2.952693104743957520e-01 -3.077389299869537354e-01 6.160185337066650391e-01 1.830798536539077759e-01 1.681049615144729614e-01 3.641440272331237793e-01 1.351568996906280518e-01 -1.059206128120422363e+00 -2.444449663162231445e-01 -2.235554717481136322e-02 1.895436942577362061e-01 -4.651121795177459717e-01 -1.142442226409912109e+00 -4.382178559899330139e-02 1.276006549596786499e-01 3.102818727493286133e-01 -1.776808202266693115e-01 -1.055171132087707520e+00 -6.916645765304565430e-01 1.582503467798233032e-01 -4.666202962398529053e-01 3.714564442634582520e-01 1.078617453575134277e+00 -4.532244205474853516e-01 9.179682284593582153e-02 4.506625831127166748e-01 -9.262280166149139404e-02 -2.427768409252166748e-01 -3.788918852806091309e-01 -4.986118078231811523e-01 1.536014825105667114e-01 -9.924393892288208008e-02 -1.804878115653991699e-01 1.558415144681930542e-01 1.491850428283214569e-02 -4.179517924785614014e-01 1.513848006725311279e-01 8.646068572998046875e-01 1.566756367683410645e-01 -1.121041700243949890e-01 3.598129153251647949e-01 7.227362692356109619e-02 -1.082215830683708191e-01 -4.987266361713409424e-01 5.845690518617630005e-02 -1.932066828012466431e-01 8.489307761192321777e-01 1.299428567290306091e-02 -9.199253320693969727e-01 3.025279641151428223e-01 -1.881926953792572021e-01 -1.877142935991287231e-01 -2.145063318312168121e-02 1.534680128097534180e-01 4.304678142070770264e-01 2.597242295742034912e-01 1.514356583356857300e-01 -4.596353471279144287e-01 -4.213447272777557373e-01 3.709687888622283936e-01 2.595026195049285889e-01 -3.532493114471435547e-01 -8.870180696249008179e-02 2.142835408449172974e-01
5.183300971984863281e-01 -5.494236946105957031e-01 3.619412183761596680e-01 4.355618730187416077e-02 2.845181822776794434e-01 2.970474660396575928e-01 4.381190836429595947e-01 -7.992382645606994629e-01 -5.542786419391632080e-02 2.858324348926544189e-01 -8.802439086139202118e-03 -6.738076210021972656e-01 -9.187783002853393555e-01 -3.509777411818504333e-02 3.207874000072479248e-01 4.278095364570617676e-01 4.509902596473693848e-01 -8.707114458084106445e-01 -2.957898676395416260e-01 3.738117590546607971e-02 -5.842999815940856934e-01 1.943634301424026489e-01 8.010165691375732422e-01 -5.295607447624206543e-01 -9.126608073711395264e-02 5.907443165779113770e-01 -3.936618268489837646e-01 1.658509671688079834e-01 -2.412190586328506470e-01 -5.916657447814941406e-01 -3.164000511169433594e-01 2.085774838924407959e-01 -1.533312071114778519e-02 -3.320074677467346191e-01 3.545264899730682373e-01 -7.374140620231628418e-01 7.006906718015670776e-02 6.391719579696655273e-01 9.948218613862991333e-02 -2.370299585163593292e-02 -1.160917580127716064e-01 -1.120201796293258667e-01 -3.403554111719131470e-02 -5.481967926025390625e-01 1.619356572628021240e-01 -5.104652643203735352e-01 7.177498340606689453e-01 -1.481113396584987640e-02 -9.633590579032897949e-01 1.451241374015808105e-01 -1.773798763751983643e-01 -5.353750586509704590e-01 1.059868112206459045e-01 -4.603949934244155884e-02 7.142262458801269531e-01 3.575176298618316650e-01 7.104089111089706421e-02 -4.470212757587432861e-01 -5.560450553894042969e-01 3.870590329170227051e-01 -6.322865188121795654e-02 -2.824227511882781982e-01 1.238841935992240906e-01 6.002799868583679199e-01
6.211348772048950195e-01 -8.930501937866210938e-01 3.222947418689727783e-01 5.364317297935485840e-01 2.989218235015869141e-01 -1.868659630417823792e-02 -2.723914980888366699e-01 -5.155106782913208008e-01 -5.730379000306129456e-02 -4.738908708095550537e-01 -1.334665775299072266e+00 -5.019817948341369629e-01 -1.702599525451660156e-01 -8.028774261474609375e-01 8.477247357368469238e-01 4.079377055168151855e-01 -3.772549927234649658e-01 8.323559165000915527e-02 7.098953127861022949e-01 7.776630520820617676e-01 8.747593164443969727e-01 1.206450089812278748e-01 9.139301180839538574e-01 -9.663566350936889648e-01 -3.163949549198150635e-01 6.284609436988830566e-01 -4.274897277355194092e-01 -9.051247686147689819e-02 2.173681929707527161e-02 9.851575642824172974e-02 5.248408913612365723e-01 -7.346348166465759277e-01 -2.714804410934448242e-01 8.586253970861434937e-02 -2.030835598707199097e-01 -9.416938573122024536e-02 2.161346077919006348e-01 3.014307916164398193e-01 -1.221006810665130615e-01 4.690485000610351562e-01 -1.495262086391448975e-01 -2.893321812152862549e-01 1.381685286760330200e-01 6.267964839935302734e-01 2.381661981344223022e-01 -1.905321329832077026e-01 2.956064343452453613e-01 -3.313786387443542480e-01 2.151101082563400269e-01 -3.588615655899047852e-01 -5.101175904273986816e-01 -3.510736525058746338e-01 1.589345633983612061e-01 1.176736876368522644e-01 -2.937744855880737305e-01 1.992295235395431519e-01 3.384371399879455566e-01 -8.405840992927551270e-01 -1.167789340019226074e+00 -4.757983088493347168e-01 -7.918239831924438477e-01 5.005987882614135742e-01 9.687536209821701050e-02 -9.167325496673583984e-02
5.616796016693115234e-01 4.926731586456298828e-01 6.634650826454162598e-01 1.957730352878570557e-01 -2.460310310125350952e-01 -7.581636309623718262e-01 1.875240169465541840e-02 2.295838594436645508e-01 -5.915479063987731934e-01 -4.725293517112731934e-01 -3.490421175956726074e-01 -1.363227128982543945e+00 -6.984400153160095215e-01 -1.042033508419990540e-01 2.354861348867416382e-01 1.227413296699523926e+00 -1.181315302848815918e+00 -1.666166782379150391e-01 -1.542955636978149414e-01 1.154390931129455566e+00 1.417920291423797607e-01 -2.573255598545074463e-01 9.784078598022460938e-01 -1.002485632896423340e+00 9.376021474599838257e-02 4.611205756664276123e-01 -5.085674524307250977e-01 -5.348531007766723633e-01 8.273197710514068604e-02 -3.738035261631011963e-01 -1.817465275526046753e-01 3.801662325859069824e-01 6.151804924011230469e-01 -6.579043865203857422e-01 -7.518301904201507568e-02 9.269075095653533936e-02 1.476535648107528687e-01 6.133500337600708008e-01 -7.236641645431518555e-01 6.101713180541992188e-01 -2.869063019752502441e-01 5.532581210136413574e-01 5.429143905639648438e-01 3.653168380260467529e-01 -3.750309050083160400e-01 4.450336396694183350e-01 4.408067762851715088e-01 8.991356939077377319e-03 -1.914854496717453003e-01 -2.673039436340332031e-01 -6.357625871896743774e-02 -9.877383708953857422e-02 6.277483105659484863e-01 1.301593422889709473e+00 6.775900721549987793e-01 3.694484531879425049e-01 -3.778761625289916992e-01 -2.725662291049957275e-01 -3.170371055603027344e-01 1.888628453016281128e-01 -4.855450391769409180e-01 5.798946022987365723e-01 1.104857549071311951e-01 9.225615300238132477e-03
1.748676747083663940e-01 -3.297808766365051270e-01 9.362202882766723633e-01 3.210610747337341309e-01 -7.458761334419250488e-02 5.700936317443847656e-01 -6.481680274009704590e-01 7.855394482612609863e-01 -8.518630266189575195e-01 1.732745468616485596e-01 1.226515248417854309e-01 -1.579087495803833008e+00 -2.931540906429290771e-01 -8.124839663505554199e-01 5.900065898895263672e-01 9.282370209693908691e-01 -3.800749182701110840e-01 5.802645906805992126e-02 -8.942794799804687500e-02 -1.132200099527835846e-02 6.338449716567993164e-01 2.426374405622482300e-01 3.231608867645263672e-01 -2.090629190206527710e-01 -1.410317301750183105e+00 1.118406653404235840e+00 6.596574932336807251e-02 -6.072691679000854492e-01 1.118624433875083923e-01 -3.252154290676116943e-01 8.717284798622131348e-01 -2.213214486837387085e-01 1.707462668418884277e-01 -3.830111920833587646e-01 -9.346981048583984375e-01 -4.740809798240661621e-01 8.397654891014099121e-01 8.405851125717163086e-01 -3.359362781047821045e-01 -3.631266355514526367e-01 -1.217504978179931641e+00 1.733882427215576172e-01 1.680820584297180176e-01 -1.136046499013900757e-01 -6.566089987754821777e-01 -6.686255335807800293e-02 2.559008896350860596e-01 -1.357192516326904297e+00 -5.340653061866760254e-01 -3.338103592395782471e-01 -1.183550879359245300e-01 9.685435332357883453e-03 -1.145067214965820312e-01 4.957993328571319580e-01 4.198572933673858643e-01 1.122925281524658203e-01 6.609030999243259430e-03 -1.447340250015258789e+00 -2.455909252166748047e-01 7.891723513603210449e-01 -1.162546649575233459e-01 7.803890109062194824e-01 5.003618597984313965e-01 -1.159776821732521057e-01
5.473924279212951660e-01 -8.128611370921134949e-03 5.629709959030151367e-01 4.687925800681114197e-02 -1.744037121534347534e-01 -7.297160625457763672e-01 3.486246168613433838e-01 -4.009729027748107910e-01 -1.197429224848747253e-01 2.371836453676223755e-01 -5.872212052345275879e-01 -2.638370990753173828e-01 -2.707007527351379395e-01 1.420678645372390747e-01 2.891599833965301514e-01 1.290981292724609375e+00 3.290123045444488525e-01 -4.695832431316375732e-01 -5.896788239479064941e-01 -2.675715684890747070e-01 -2.540503144264221191e-01 2.799779474735260010e-01 5.486938357353210449e-01 -1.306949257850646973e-01 1.771211326122283936e-01 8.607028722763061523e-01 1.761373430490493774e-01 -4.515191018581390381e-01 1.754082292318344116e-01 -7.302792668342590332e-01 1.756729334592819214e-01 -5.113182663917541504e-01 -5.432155132293701172e-01 -3.163000643253326416e-01 2.113096863031387329e-01 -7.140797972679138184e-01 -6.935086846351623535e-02 -4.944099485874176025e-01 -2.083531171083450317e-01 -6.543368697166442871e-01 1.080654095858335495e-02 -1.788027584552764893e-01 7.403362393379211426e-01 3.876371681690216064e-01 -2.173009365797042847e-01 -4.405448138713836670e-01 8.989783525466918945e-01 -3.949305713176727295e-01 2.465674430131912231e-01 2.493020892143249512e-01 6.325207948684692383e-01 -4.814634919166564941e-01 -3.324747085571289062e-01 6.535851955413818359e-01 3.168605566024780273e-01 -1.510390639305114746e-01 1.519815064966678619e-02 -9.119300842285156250e-01 5.386678874492645264e-02 3.172465041279792786e-02 -4.483773186802864075e-02 1.244248896837234497e-01 -5.388896465301513672e-01 -5.056297779083251953e-01
3.271513283252716064e-01 1.780845224857330322e-01 -1.474174708127975464e-01 -1.097711548209190369e-01 -3.807796239852905273e-01 -4.585252106189727783e-01 4.053451418876647949e-01 -3.623622357845306396e-01 -2.698066830635070801e-01 -1.657140105962753296e-01 -2.598505616188049316e-01 -8.348553180694580078e-01 -5.647099614143371582e-01 -3.904987275600433350e-01 -4.128465056419372559e-01 1.413486599922180176e+00 7.162805199623107910e-01 8.132825046777725220e-02 -4.595719277858734131e-02 9.356161206960678101e-02 1.777350306510925293e-01 3.539446294307708740e-01 2.438341826200485229e-01 -1.513654086738824844e-02 8.808468282222747803e-02 7.013750076293945312e-01 -2.313921041786670685e-02 -5.730512142181396484e-01 6.625544279813766479e-02 -1.118141412734985352e+00 2.022596746683120728e-01 -7.026047110557556152e-01 -3.566233515739440918e-01 5.881429910659790039e-01 9.526252746582031250e-02 -3.912041485309600830e-01 -1.616715490818023682e-01 1.908423900604248047e-01 -8.946437388658523560e-02 -9.688109755516052246e-01 -2.495909035205841064e-01 4.708066582679748535e-01 8.526822328567504883e-01 -5.352175235748291016e-01 1.019770652055740356e-01 -8.711273968219757080e-02 6.932356953620910645e-01 4.379985854029655457e-02 -1.026322040706872940e-02 3.870861828327178955e-01 1.485518664121627808e-01 -3.594449460506439209e-01 -1.051218211650848389e-01 3.982599377632141113e-01 5.385010242462158203e-01 -8.105123788118362427e-02 5.303678512573242188e-01 -4.197627305984497070e-01 2.726542949676513672e-01 2.854653596878051758e-01 -4.131129980087280273e-01 5.322629809379577637e-01 -7.568887472152709961e-01 -5.361658930778503418e-01
6.397060155868530273e-01 7.137986272573471069e-02 6.347756385803222656e-01 -3.236691653728485107e-01 -4.827327430248260498e-01 -3.676154613494873047e-01 -7.406482100486755371e-02 -2.670455873012542725e-01 4.487118721008300781e-01 -6.707013398408889771e-02 -9.579027891159057617e-01 -7.909276485443115234e-01 -4.068607389926910400e-01 2.288966439664363861e-02 7.153381705284118652e-01 3.517935574054718018e-01 -7.544611096382141113e-01 4.645289778709411621e-01 -5.722687840461730957e-01 -2.755843698978424072e-01 -7.988962531089782715e-02 4.281368553638458252e-01 5.901421904563903809e-01 -4.972417354583740234e-01 -8.580302447080612183e-02 8.053355216979980469e-01 9.843999892473220825e-02 3.186747431755065918e-01 6.473510712385177612e-02 8.561883866786956787e-02 1.118197739124298096e-01 -9.254665374755859375e-01 -3.548417091369628906e-01 -2.252032905817031860e-01 -7.278173565864562988e-01 -3.152212202548980713e-01 -3.731040060520172119e-01 4.967329502105712891e-01 4.650395214557647705e-01 -4.622125923633575439e-01 -6.828904151916503906e-01 3.341598212718963623e-01 6.132027506828308105e-01 1.658849120140075684e-01 -2.976005971431732178e-01 7.805801033973693848e-01 9.554327130317687988e-01 -4.796418547630310059e-01 7.047415524721145630e-02 -5.594625473022460938e-01 -1.904846727848052979e-01 -1.232930049300193787e-01 5.568873882293701172e-01 1.114206433296203613e+00 9.341731071472167969e-01 4.514152109622955322e-01 -7.882407307624816895e-01 -5.860627293586730957e-01 -1.511112451553344727e-01 5.790426731109619141e-01 3.857938945293426514e-01 4.250701963901519775e-01 6.845479458570480347e-02 -1.853040754795074463e-01
1.023950576782226562e+00 -7.967583090066909790e-02 7.961295843124389648e-01 -9.542374871671199799e-03 3.130228221416473389e-01 -3.478346168994903564e-01 2.907637320458889008e-02 -1.467880904674530029e-01 -6.236596703529357910e-01 -3.910230994224548340e-01 -4.585687518119812012e-01 -7.619197964668273926e-01 -5.327298045158386230e-01 -4.218254685401916504e-01 6.527547240257263184e-01 1.094491243362426758e+00 -4.165169894695281982e-01 -4.343786835670471191e-01 -6.500739455223083496e-01 1.389447450637817383e-01 2.498859763145446777e-01 3.778887391090393066e-01 -3.361660838127136230e-01 -1.148322701454162598e+00 -9.292280673980712891e-02 5.241582989692687988e-01 1.657110899686813354e-01 -5.355688929557800293e-01 9.569861888885498047e-01 -2.218143790960311890e-01 -1.988538205623626709e-01 4.015574753284454346e-01 -1.939561814069747925e-01 -1.073905676603317261e-01 -6.252774000167846680e-01 -2.152366489171981812e-01 2.504820227622985840e-01 -6.053426861763000488e-01 1.048046275973320007e-01 -6.445579975843429565e-02 6.335344910621643066e-02 1.126150414347648621e-01 -4.006285071372985840e-01 -3.842759728431701660e-01 5.390154719352722168e-01 -1.744760721921920776e-01 8.954758048057556152e-01 6.824390497058629990e-03 2.211282104253768921e-01 -5.059827566146850586e-01 7.278642654418945312e-01 8.018399029970169067e-02 2.724614441394805908e-01 -2.740879356861114502e-01 6.919057965278625488e-01 -2.643498480319976807e-01 -4.911409318447113037e-01 -4.743304252624511719e-01 4.332910776138305664e-01 -3.728626668453216553e-02 -4.984484612941741943e-01 6.118066906929016113e-01 -2.050783783197402954e-01 -3.021871745586395264e-01
5.041631460189819336e-01 -7.128334045410156250e-01 6.033052206039428711e-01 -3.268505930900573730e-01 -2.240051776170730591e-01 -6.131165027618408203e-01 -4.923634529113769531e-01 -1.910668760538101196e-01 -7.586307357996702194e-03 -8.214600682258605957e-01 -6.203973293304443359e-01 -4.806931316852569580e-01 -3.938617110252380371e-01 -4.279052019119262695e-01 6.504119038581848145e-01 5.432969927787780762e-01 -8.468187451362609863e-01 -2.176404744386672974e-01 4.615118205547332764e-01 2.801872193813323975e-01 4.564444348216056824e-02 -2.805426903069019318e-02 3.889440596103668213e-01 -1.162622094154357910e+00 -3.076108992099761963e-01 -2.430218905210494995e-01 -5.409071594476699829e-02 -2.648572325706481934e-01 6.202531456947326660e-01 -5.356295704841613770e-01 6.779723167419433594e-01 2.099654972553253174e-01 1.460548192262649536e-01 -3.946367502212524414e-01 -2.122936248779296875e-01 -4.482300281524658203e-01 -2.855060808360576630e-02 2.048282027244567871e-01 -3.675336837768554688e-01 -4.280875027179718018e-01 2.184836007654666901e-02 7.256129980087280273e-01 1.456256210803985596e-02 -5.043110847473144531e-01 -2.752216756343841553e-01 -3.353972136974334717e-01 4.635254740715026855e-01 -2.668668031692504883e-01 1.450128257274627686e-01 3.746418952941894531e-01 6.000340916216373444e-03 1.967868059873580933e-01 -3.918838798999786377e-01 -8.078731894493103027e-01 6.886712312698364258e-01 4.403850436210632324e-01 -1.420283317565917969e-01 6.916504353284835815e-02 -9.329692125320434570e-01 -5.448422431945800781e-01 6.618476659059524536e-02 6.622714456170797348e-03 -8.217265456914901733e-02 6.056918576359748840e-02
5.792084336280822754e-01 -2.578378319740295410e-01 4.161381721496582031e-01 -5.867400765419006348e-01 -3.438299298286437988e-01 -1.611932963132858276e-01 -3.463361784815788269e-02 -8.385209739208221436e-02 4.920581728219985962e-02 1.226973608136177063e-01 -2.606142461299896240e-01 -3.521946370601654053e-01 -7.817460298538208008e-01 -2.148222774267196655e-01 5.644801855087280273e-01 5.907253921031951904e-02 -7.412423491477966309e-01 6.363391876220703125e-01 -8.352589607238769531e-01 -2.378365844488143921e-01 -6.464930176734924316e-01 1.742916703224182129e-01 3.960544764995574951e-01 -2.844712734222412109e-01 -2.489258646965026855e-01 8.490259200334548950e-02 1.270636916160583496e-01 2.067494951188564301e-02 8.723996579647064209e-02 -3.097975254058837891e-01 2.887221574783325195e-01 -1.102336049079895020e+00 -2.287905663251876831e-01 -7.969752699136734009e-02 -8.801716566085815430e-01 -1.146478727459907532e-01 -8.521317839622497559e-01 5.092166066169738770e-01 1.707974448800086975e-02 1.849990151822566986e-02 -4.863912165164947510e-01 2.581679821014404297e-01 6.368436217308044434e-01 5.479793995618820190e-02 6.414547562599182129e-02 3.599277436733245850e-01 5.220795273780822754e-01 -8.436991572380065918e-01 -4.487686604261398315e-02 -3.462900817394256592e-01 -4.695381820201873779e-01 -3.460755944252014160e-01 3.954749107360839844e-01 5.899803042411804199e-01 7.291765809059143066e-01 3.602838814258575439e-01 -6.868546605110168457e-01 -4.131607115268707275e-01 -1.750928312540054321e-01 5.885624885559082031e-01 2.299819141626358032e-01 1.403536051511764526e-01 -2.568181753158569336e-01 -9.840916842222213745e-02
-1.047067791223526001e-01 -8.773324489593505859e-01 -2.424901723861694336e-01 -3.245869576930999756e-01 -6.361147761344909668e-01 3.948602676391601562e-01 -2.551537156105041504e-01 4.377201795578002930e-01 2.911303006112575531e-02 -3.716873526573181152e-01 -1.607577204704284668e-01 -1.014250755310058594e+00 -3.848447799682617188e-01 3.744842112064361572e-01 5.521367788314819336e-01 1.153528690338134766e+00 -1.917472481727600098e-01 1.310026645660400391e-01 5.581653118133544922e-01 1.923514455556869507e-01 5.504876375198364258e-01 6.834396719932556152e-01 5.117848515510559082e-01 -6.321932077407836914e-01 -1.530080288648605347e-01 6.866305135190486908e-03 2.579641938209533691e-01 -8.577604293823242188e-01 8.944503664970397949e-01 -8.992710113525390625e-01 1.341805048286914825e-02 -7.692716121673583984e-01 2.010408490896224976e-01 -2.703574001789093018e-01 4.219151139259338379e-01 5.836616158485412598e-01 3.415108099579811096e-02 3.066744208335876465e-01 2.188848890364170074e-02 -8.027659058570861816e-01 -9.406371414661407471e-02 7.270693182945251465e-01 2.946799397468566895e-01 -5.739932656288146973e-01 2.305796742439270020e-01 -3.859001398086547852e-01 3.054901957511901855e-01 2.492407858371734619e-01 -3.189540803432464600e-01 5.618494469672441483e-03 -1.360019594430923462e-01 -4.510427117347717285e-01 2.323013357818126678e-02 7.344154715538024902e-01 1.924878656864166260e-01 -5.385398268699645996e-01 4.258758723735809326e-01 -7.130774855613708496e-01 7.915046066045761108e-02 3.091588914394378662e-01 -8.290106430649757385e-03 -4.796237871050834656e-02 -2.648019790649414062e-01 6.076830253005027771e-02
4.529524743556976318e-01 -5.260471105575561523e-01 6.843038797378540039e-01 1.317546606063842773e+00 -3.389433026313781738e-01 -5.241422653198242188e-01 4.919252395629882812e-01 5.630248039960861206e-02 -3.533365428447723389e-01 -5.256231427192687988e-01 -1.369167417287826538e-01 -7.735821008682250977e-01 -4.022720754146575928e-01 -6.414012610912322998e-02 6.498196721076965332e-01 2.347497493028640747e-01 -1.234328374266624451e-01 5.394056439399719238e-01 -5.571419596672058105e-01 2.291814386844635010e-01 4.588176012039184570e-01 5.739917159080505371e-01 5.157932639122009277e-01 -4.928765892982482910e-01 5.201646685600280762e-01 -7.747883349657058716e-02 -2.079171091318130493e-01 1.880157291889190674e-01 -3.532854616641998291e-01 3.934826552867889404e-01 -2.900336980819702148e-01 -9.243283420801162720e-02 2.835983037948608398e-01 -8.123801946640014648e-01 -5.376970767974853516e-01 -2.557284235954284668e-01 4.072808325290679932e-01 -1.715209633111953735e-01 3.337877988815307617e-01 -1.985677480697631836e-01 -4.282729327678680420e-01 8.044914603233337402e-01 -6.469315290451049805e-02 -2.002519071102142334e-01 -4.234380125999450684e-01 -2.071929723024368286e-01 -2.156914956867694855e-02 1.242274194955825806e-01 2.003296911716461182e-01 5.126649737358093262e-01 -4.478012919425964355e-01 -2.327936738729476929e-01 -1.007060930132865906e-01 -4.764818847179412842e-01 7.625576853752136230e-01 -2.328618615865707397e-01 2.031300812959671021e-01 -6.271253228187561035e-01 -1.469901800155639648e-01 1.730520129203796387e-01 -4.479559063911437988e-01 5.664364099502563477e-01 -2.773955464363098145e-01 2.135852724313735962e-02
5.193595886230468750e-01 -1.009884923696517944e-01 5.835577845573425293e-01 4.349866509437561035e-01 -6.039245724678039551e-01 -9.552282094955444336e-02 -2.477613836526870728e-01 -5.623652935028076172e-01 1.920686960220336914e-01 2.929871082305908203e-01 -1.073295921087265015e-01 -8.137343525886535645e-01 -4.496921598911285400e-01 -5.613974332809448242e-01 -3.738820552825927734e-01 2.711167931556701660e-01 -5.290436148643493652e-01 4.752328395843505859e-01 -1.182679057121276855e+00 5.040059685707092285e-01 2.303875796496868134e-02 -6.066876053810119629e-01 7.308526039123535156e-01 -6.714136004447937012e-01 -1.506943404674530029e-01 7.850798964500427246e-02 -2.626205384731292725e-01 -7.012754678726196289e-01 8.962737321853637695e-01 -5.726565122604370117e-01 3.081540465354919434e-01 -1.225866317749023438e+00 1.134112030267715454e-01 1.728768460452556610e-02 -8.237411379814147949e-01 1.391473859548568726e-01 -1.923869550228118896e-01 4.849714636802673340e-01 1.509816497564315796e-01 -4.201278090476989746e-01 -4.930799603462219238e-01 -3.763794004917144775e-01 9.886707067489624023e-01 -4.781228303909301758e-01 2.149424403905868530e-01 -3.543189465999603271e-01 7.959270477294921875e-01 -3.096543550491333008e-01 -7.919974327087402344e-01 -1.063929423689842224e-01 -6.993794441223144531e-01 -1.755489110946655273e-01 1.006631612777709961e+00 3.577765822410583496e-01 6.197463274002075195e-01 2.809019684791564941e-01 1.947957128286361694e-01 -3.212472200393676758e-01 1.469999253749847412e-01 3.516947627067565918e-01 -7.750352472066879272e-02 2.105668336153030396e-01 -4.960472583770751953e-01 -5.687437653541564941e-01
1.075314044952392578e+00 -1.047600209712982178e-01 5.392705202102661133e-01 1.247369527816772461e+00 -8.363897800445556641e-01 3.787445127964019775e-01 5.472322106361389160e-01 -2.478270530700683594e-01 3.632792830467224121e-01 -2.070612907409667969e-01 8.502686768770217896e-02 -5.162622928619384766e-01 -6.428287625312805176e-01 -5.697847604751586914e-01 1.810811161994934082e-01 1.452173590660095215e+00 -5.552302598953247070e-01 -4.861481785774230957e-01 -5.023868083953857422e-01 5.671679973602294922e-01 6.210387945175170898e-01 7.506542801856994629e-01 1.034613966941833496e+00 -4.289041459560394287e-01 6.305631995201110840e-01 7.004168033599853516e-01 3.064280450344085693e-01 -6.011943891644477844e-02 4.840875864028930664e-01 -8.715713620185852051e-01 2.826832234859466553e-01 2.542037330567836761e-02 -1.985863745212554932e-01 -3.586847782135009766e-01 -6.000540852546691895e-01 1.049651280045509338e-01 1.413467675447463989e-01 5.673884749412536621e-01 2.858706116676330566e-01 -1.442672908306121826e-01 -1.044446945190429688e+00 5.083307996392250061e-02 9.809456020593643188e-02 -6.236066296696662903e-02 -8.048917353153228760e-02 -1.540795266628265381e-01 3.538536727428436279e-01 -1.170027554035186768e-01 -3.382706642150878906e-01 -4.033768773078918457e-01 5.319821834564208984e-01 1.445854157209396362e-01 2.876305580139160156e-01 1.026192307472229004e+00 -2.800233066082000732e-01 -3.330648839473724365e-01 2.004724591970443726e-01 3.915705084800720215e-01 -6.803086996078491211e-01 -4.116305410861968994e-01 -1.833341270685195923e-01 8.995839357376098633e-01 7.046337425708770752e-02 8.205517530441284180e-01
1.223293170332908630e-01 -2.658880054950714111e-01 2.773509025573730469e-01 5.323103070259094238e-01 2.692834474146366119e-02 4.630224406719207764e-01 9.192543476819992065e-02 -8.959184587001800537e-02 5.181530117988586426e-01 -3.335876762866973877e-01 -6.412218809127807617e-01 -8.962696194648742676e-01 -1.519093960523605347e-01 3.605396449565887451e-01 2.225327789783477783e-01 7.322763800621032715e-01 -6.288416981697082520e-01 4.335328042507171631e-01 -7.260940670967102051e-01 5.375611782073974609e-01 -3.083339631557464600e-01 7.750328779220581055e-01 1.357979893684387207e+00 -7.569355368614196777e-01 -5.397801101207733154e-02 2.095561474561691284e-01 1.251841932535171509e-01 -1.000790596008300781e+00 7.388896942138671875e-01 -7.759935259819030762e-01 -2.773822247982025146e-01 -6.550014019012451172e-01 2.536249905824661255e-02 7.986801862716674805e-02 -4.062022566795349121e-01 4.914927482604980469e-02 -4.165123999118804932e-01 -2.358040064573287964e-01 -8.984153866767883301e-01 2.094314098358154297e-01 -6.934221386909484863e-01 2.818328738212585449e-01 6.072097420692443848e-01 -1.349379301071166992e+00 -2.631607949733734131e-01 -8.599243164062500000e-01 -7.244414091110229492e-02 -3.939195573329925537e-01 8.778477311134338379e-01 -3.710580468177795410e-01 -5.496217608451843262e-01 -1.457863450050354004e-01 6.430212259292602539e-01 2.569754123687744141e-01 1.445041149854660034e-01 5.623277425765991211e-01 -3.914203047752380371e-01 -2.673346996307373047e-01 -1.288497447967529297e-01 -1.120544672012329102e-01 1.890459507703781128e-01 4.093553721904754639e-01 3.364053666591644287e-01 9.845248609781265259e-02
4.149154424667358398e-01 7.726613432168960571e-02 4.393685758113861084e-01 -2.176568843424320221e-02 -1.936450600624084473e-01 -8.861097693443298340e-01 3.765019774436950684e-01 -2.710180580615997314e-01 -4.546178504824638367e-02 5.263279750943183899e-02 -4.457666277885437012e-01 -3.259179294109344482e-01 -1.670541167259216309e-01 -1.992656141519546509e-01 1.847761571407318115e-01 1.048390865325927734e+00 2.164032757282257080e-01 -4.956122934818267822e-01 -5.897722244262695312e-01 -2.959373295307159424e-01 -2.016887217760086060e-01 6.078212857246398926e-01 5.773928761482238770e-01 -2.950413823127746582e-01 3.013118542730808258e-02 8.850805759429931641e-01 1.591011583805084229e-01 -2.277414500713348389e-01 3.757638335227966309e-01 -8.784113526344299316e-01 1.964336931705474854e-01 -5.036717057228088379e-01 -8.085358142852783203e-01 -4.918055981397628784e-02 1.218217145651578903e-02 -8.162165880203247070e-01 -8.739525824785232544e-02 -6.254126429557800293e-01 -2.740924060344696045e-01 -6.692675948143005371e-01 1.435890048742294312e-01 -8.154457062482833862e-02 7.607917189598083496e-01 3.900226056575775146e-01 -1.964678019285202026e-01 -3.811948001384735107e-01 8.000055551528930664e-01 -3.368927836418151855e-01 1.370947510004043579e-01 3.918976485729217529e-01 5.544009804725646973e-01 -5.100628137588500977e-01 -3.108689188957214355e-01 4.925639629364013672e-01 3.238292336463928223e-01 2.847689203917980194e-02 1.271632462739944458e-01 -7.668652534484863281e-01 -3.107854351401329041e-02 -6.036360934376716614e-02 -2.001197636127471924e-01 2.287902384996414185e-01 -5.138716101646423340e-01 -6.413075327873229980e-01
8.477271795272827148e-01 -6.182653829455375671e-02 6.319938302040100098e-01 4.539469778537750244e-01 -9.323626756668090820e-02 5.117778107523918152e-02 -1.967345550656318665e-02 1.865228712558746338e-01 -7.604801058769226074e-01 -2.642836868762969971e-01 -1.394306272268295288e-01 1.141134053468704224e-01 -5.342641472816467285e-01 -5.912047028541564941e-01 1.050843119621276855e+00 1.064399123191833496e+00 -3.452901840209960938e-01 -8.199033327400684357e-03 9.297295808792114258e-01 -2.723953425884246826e-01 -1.443353742361068726e-01 1.694077998399734497e-02 3.897356092929840088e-01 -1.580971240997314453e+00 -2.404704838991165161e-01 2.128540538251399994e-03 2.702442109584808350e-01 -3.041901290416717529e-01 -2.968071103096008301e-01 -2.512552440166473389e-01 4.930910468101501465e-01 -6.784447003155946732e-03 -3.183464705944061279e-01 5.387663468718528748e-02 2.249275743961334229e-01 -6.187420338392257690e-02 -7.526004314422607422e-02 -3.630563733167946339e-04 -2.444600313901901245e-01 -1.255872398614883423e-01 -1.702478528022766113e-01 1.051524639129638672e+00 -1.823235303163528442e-01 -9.506117105484008789e-01 -5.099776983261108398e-01 -5.062693953514099121e-01 1.283046603202819824e-01 3.427948977332562208e-04 3.941405192017555237e-02 -2.440592497587203979e-01 1.098446324467658997e-01 -1.177412364631891251e-02 3.152207732200622559e-01 -3.184218406677246094e-01 5.165005326271057129e-01 2.127163708209991455e-01 3.196958899497985840e-01 -2.053089439868927002e-01 -9.245648980140686035e-01 -3.621833920478820801e-01 1.873763352632522583e-01 3.849448859691619873e-01 -3.727653622627258301e-02 7.084624767303466797e-01
8.166363090276718140e-02 -2.816051244735717773e-01 1.392732840031385422e-02 7.808960974216461182e-02 -9.185609966516494751e-02 -6.786959767341613770e-01 -2.061644382774829865e-02 -1.033592104911804199e+00 -6.246589422225952148e-01 1.132935211062431335e-01 -1.129192411899566650e-01 1.063973903656005859e-01 -7.207698225975036621e-01 -1.298828572034835815e-01 7.603939771652221680e-01 2.648502215743064880e-02 -7.752573490142822266e-01 -3.865261971950531006e-01 -9.703903645277023315e-02 3.708204627037048340e-01 -5.984144210815429688e-01 -5.883794426918029785e-01 8.554643988609313965e-01 -7.551156282424926758e-01 -9.152739495038986206e-02 9.657243490219116211e-01 -1.777863055467605591e-01 -2.705278396606445312e-01 3.496810495853424072e-01 -9.642175436019897461e-01 3.480063518509268761e-03 -6.155652403831481934e-01 4.618265926837921143e-01 -7.248563170433044434e-01 -3.105908632278442383e-01 2.303061634302139282e-02 8.898437023162841797e-02 7.229020446538925171e-02 -1.181745007634162903e-01 -2.948358058929443359e-01 1.443266272544860840e-01 2.365399599075317383e-01 1.960216760635375977e-01 -9.577601449564099312e-04 2.648751139640808105e-01 -5.545015335083007812e-01 3.527441322803497314e-01 -6.449878811836242676e-01 1.315808892250061035e-01 -7.940773665904998779e-02 2.060957700014114380e-01 -2.781798541545867920e-01 3.965810239315032959e-01 2.850075066089630127e-01 5.495431423187255859e-01 -5.424444098025560379e-03 1.974853724241256714e-01 -1.113764643669128418e+00 -2.258857637643814087e-01 3.531662523746490479e-01 6.433668732643127441e-01 4.243171513080596924e-01 -6.843605637550354004e-01 7.486923933029174805e-01
5.700765922665596008e-02 -2.244485020637512207e-01 2.564056515693664551e-01 -2.020727992057800293e-01 -1.776449680328369141e-01 -9.098008275032043457e-01 7.258032560348510742e-01 -5.427834391593933105e-01 -4.357101619243621826e-01 2.379948496818542480e-01 -2.538816332817077637e-01 4.057899713516235352e-01 -8.777906894683837891e-01 -1.504493504762649536e-01 8.287722468376159668e-01 3.806842565536499023e-01 -2.545790076255798340e-01 -6.381655931472778320e-01 -1.015381738543510437e-01 2.868270277976989746e-01 -1.589612364768981934e-01 -1.106303185224533081e-01 2.887930870056152344e-01 1.476304233074188232e-01 -1.290776580572128296e-01 5.709934234619140625e-01 -4.900927841663360596e-01 4.441442340612411499e-02 1.677726656198501587e-01 -9.113209247589111328e-01 -4.414351582527160645e-01 -4.101100862026214600e-01 1.899742037057876587e-01 -7.452243566513061523e-01 8.177408599294722080e-04 -1.940060406923294067e-01 -4.296620190143585205e-02 -2.575432322919368744e-02 1.672586053609848022e-01 -4.239664673805236816e-01 2.158676534891128540e-01 -1.941387802362442017e-01 2.821660637855529785e-01 -2.994222044944763184e-01 -4.052937030792236328e-01 -3.339907526969909668e-01 4.754429459571838379e-01 -8.038896322250366211e-01 -5.946886539459228516e-01 9.326389431953430176e-02 -6.709194742143154144e-03 -3.839980959892272949e-01 1.208072900772094727e-01 -1.010910570621490479e-01 8.675266504287719727e-01 2.362351678311824799e-02 8.525285869836807251e-03 -1.147042036056518555e+00 -2.309347838163375854e-01 1.347512900829315186e-01 4.243434369564056396e-01 4.720006883144378662e-01 -2.838896811008453369e-01 6.689352989196777344e-01
5.589936375617980957e-01 -9.451985359191894531e-02 1.557547897100448608e-01 3.279823362827301025e-01 -4.560540616512298584e-01 1.588622331619262695e-01 3.528724312782287598e-01 -3.065730035305023193e-01 2.199228405952453613e-01 -7.795325666666030884e-02 7.894124835729598999e-02 -7.886260747909545898e-01 -5.959193706512451172e-01 -1.441248208284378052e-01 -4.855076372623443604e-01 5.774481296539306641e-01 4.544140100479125977e-01 -4.043641090393066406e-01 -4.982806444168090820e-01 4.379355013370513916e-01 6.584486961364746094e-01 -1.664057932794094086e-02 6.565457582473754883e-01 -2.646839320659637451e-01 -2.306756936013698578e-02 2.481325268745422363e-01 1.228152140974998474e-01 -5.106222033500671387e-01 1.457551866769790649e-01 -7.348368763923645020e-01 2.994209825992584229e-01 -5.824157595634460449e-01 -6.490125656127929688e-01 -4.756716787815093994e-01 -2.967653870582580566e-01 5.153571367263793945e-01 -2.054957114160060883e-02 3.942266106605529785e-01 2.285902947187423706e-01 -7.896639108657836914e-01 -1.601557880640029907e-01 1.379487067461013794e-01 4.559819996356964111e-01 -1.671574115753173828e-01 1.583439558744430542e-01 -9.025149345397949219e-01 1.417737007141113281e-01 9.895243495702743530e-02 -4.790438711643218994e-01 -1.464503854513168335e-01 1.985135227441787720e-01 -7.789983153343200684e-01 2.781668305397033691e-01 7.540450692176818848e-01 4.031026959419250488e-01 -5.555987358093261719e-01 -5.596425756812095642e-02 6.474716067314147949e-01 -3.066534698009490967e-01 1.035965383052825928e-01 -3.538854792714118958e-02 3.518394827842712402e-01 -2.368808984756469727e-01 2.937098145484924316e-01
3.188496232032775879e-01 1.456732898950576782e-01 7.905646562576293945e-01 6.628692895174026489e-02 -2.036872655153274536e-01 -6.396387219429016113e-01 3.894954025745391846e-01 -2.293221838772296906e-02 -5.503391623497009277e-01 3.569525778293609619e-01 -5.755737423896789551e-01 -2.501980662345886230e-01 -2.554065287113189697e-01 -2.370081692934036255e-01 2.358625084161758423e-01 1.221526622772216797e+00 2.616845965385437012e-01 -3.457566201686859131e-01 -4.840740859508514404e-01 -3.810858130455017090e-01 -9.137387573719024658e-02 2.219143658876419067e-01 1.526916772127151489e-01 -3.464708626270294189e-01 -1.234435215592384338e-01 9.963377118110656738e-01 2.022440880537033081e-01 -2.678228914737701416e-01 6.812244057655334473e-01 -5.434744954109191895e-01 8.184390515089035034e-02 -3.432524800300598145e-01 -5.641767382621765137e-01 -3.924310505390167236e-01 1.973971277475357056e-01 -3.756214678287506104e-01 -1.319431811571121216e-01 -8.267893195152282715e-01 2.113451659679412842e-01 -5.692337751388549805e-01 3.306483030319213867e-01 2.541755437850952148e-01 3.529469370841979980e-01 3.206858932971954346e-01 3.689744696021080017e-02 -3.357969522476196289e-01 6.347985267639160156e-01 2.686143815517425537e-01 3.697975575923919678e-01 -9.048891812562942505e-02 4.772911667823791504e-01 -3.475680053234100342e-01 6.368760764598846436e-02 3.622126579284667969e-02 5.801535248756408691e-01 7.340081781148910522e-02 -7.727771997451782227e-02 -9.870559573173522949e-01 4.378637373447418213e-01 -2.509681880474090576e-01 -2.996171712875366211e-01 5.600767135620117188e-01 -2.274131327867507935e-01 -5.155546069145202637e-01
2.115130722522735596e-01 -3.192901983857154846e-02 2.595845758914947510e-01 1.258163213729858398e+00 -3.792792558670043945e-01 -5.777023434638977051e-01 9.965642094612121582e-01 -3.161148130893707275e-01 -6.499870419502258301e-01 -9.867114573717117310e-02 -2.591398656368255615e-01 -1.679475069046020508e+00 8.971989154815673828e-02 -4.097022116184234619e-01 8.509821295738220215e-01 6.799300312995910645e-01 -2.224780321121215820e-01 1.250894427299499512e+00 -3.985812664031982422e-01 6.371571421623229980e-01 -3.935808688402175903e-02 1.361430764198303223e+00 4.216979146003723145e-01 -7.787101268768310547e-01 2.489052526652812958e-02 -1.793401539325714111e-01 -4.681169688701629639e-01 -7.852015495300292969e-01 -1.573122739791870117e-01 -1.838656216859817505e-01 -5.209445357322692871e-01 -2.006154209375381470e-01 -1.358060240745544434e-01 -8.865264654159545898e-01 3.594393432140350342e-01 3.527930676937103271e-01 4.699254035949707031e-01 3.888415098190307617e-01 -9.541831910610198975e-02 -3.242195248603820801e-01 -1.460478156805038452e-01 4.260984659194946289e-01 3.318449258804321289e-01 -7.355952262878417969e-02 8.499073237180709839e-02 -2.246099412441253662e-01 -2.698115706443786621e-01 -4.216191470623016357e-01 -2.556147277355194092e-01 8.250188231468200684e-01 2.226085811853408813e-01 4.116759821772575378e-02 3.957157731056213379e-01 -9.201417118310928345e-02 7.148110866546630859e-01 2.398872822523117065e-01 -2.689098119735717773e-01 -4.414393603801727295e-01 -4.309612810611724854e-01 3.816716372966766357e-01 -2.704292535781860352e-01 7.212539911270141602e-01 -1.328656226396560669e-01 2.907722890377044678e-01
3.517603278160095215e-01 -1.077810004353523254e-01 2.992785871028900146e-01 4.915655255317687988e-01 -1.428716480731964111e-01 5.104685425758361816e-01 3.183048665523529053e-01 4.268556833267211914e-03 3.082027733325958252e-01 -1.038887128233909607e-01 1.632573753595352173e-01 -9.284372925758361816e-01 -6.389710903167724609e-01 -3.522737622261047363e-01 -8.887881040573120117e-02 9.606123566627502441e-01 2.004202604293823242e-01 -4.029762744903564453e-01 -6.564090251922607422e-01 1.096513748168945312e+00 3.203958868980407715e-01 6.357171535491943359e-01 1.149256825447082520e+00 -3.986713290214538574e-02 1.045438051223754883e+00 4.129122495651245117e-01 4.859369695186614990e-01 -5.559414625167846680e-01 -7.611756026744842529e-02 -1.036306142807006836e+00 1.480316370725631714e-01 -2.425218224525451660e-01 -4.991320967674255371e-01 3.417513892054557800e-02 -6.736422181129455566e-01 -2.228306978940963745e-01 1.232691854238510132e-01 6.636875867843627930e-01 1.319691836833953857e-01 -6.089856028556823730e-01 -2.971747219562530518e-01 3.543176054954528809e-01 1.633119732141494751e-01 -1.095756515860557556e-02 8.080024272203445435e-02 -6.480600833892822266e-01 2.921841479837894440e-02 -9.366175532341003418e-02 -3.862240910530090332e-01 -2.983695268630981445e-01 3.037475943565368652e-01 -4.905935227870941162e-01 5.619454383850097656e-01 8.925220370292663574e-01 8.391971141099929810e-02 -2.761991620063781738e-01 -1.816292852163314819e-02 2.047208845615386963e-01 -4.228206574916839600e-01 -2.752517536282539368e-02 8.775331825017929077e-02 3.031126856803894043e-01 1.391674131155014038e-01 4.659648835659027100e-01
5.449497699737548828e-01 -2.986666858196258545e-01 5.191040039062500000e-01 -1.489831060171127319e-01 -3.646350800991058350e-01 -2.012914419174194336e-01 6.137853860855102539e-01 1.167795062065124512e-01 -9.700589776039123535e-01 -5.095713734626770020e-01 -4.314967095851898193e-01 1.106524765491485596e-01 -7.269686460494995117e-01 -3.654879629611968994e-01 1.013080626726150513e-01 1.400335431098937988e+00 -3.759888708591461182e-01 8.497530594468116760e-03 -6.110761165618896484e-01 -6.923008710145950317e-02 1.685133278369903564e-01 3.018434047698974609e-01 2.283099442720413208e-01 -9.251123070716857910e-01 -1.142420023679733276e-01 5.353501439094543457e-01 3.686485588550567627e-01 -6.796296238899230957e-01 3.606332838535308838e-01 1.046883985400199890e-01 2.392703741788864136e-01 2.658589482307434082e-01 -4.740649163722991943e-01 2.508614771068096161e-02 -4.346618056297302246e-01 -5.971572399139404297e-01 -8.140095323324203491e-02 -1.013790369033813477e+00 4.576702713966369629e-01 -2.578865289688110352e-01 2.314880937337875366e-01 7.851658016443252563e-02 4.079889655113220215e-01 -9.371619671583175659e-02 -4.064989089965820312e-01 -4.376152455806732178e-01 3.389595448970794678e-01 -1.680580675601959229e-01 1.563480347394943237e-01 2.782635763287544250e-02 1.996696740388870239e-01 2.408295683562755585e-02 -2.490686327219009399e-01 -5.022615790367126465e-01 5.045941472053527832e-01 3.024356961250305176e-01 -4.888355135917663574e-01 -5.217801332473754883e-01 4.512154459953308105e-01 2.012810409069061279e-01 -5.591001510620117188e-01 4.978282749652862549e-01 1.267702281475067139e-01 1.163574606180191040e-01
-5.241196230053901672e-02 -1.867568790912628174e-01 -1.327562704682350159e-02 1.690410077571868896e-01 1.504970937967300415e-01 -6.511749625205993652e-01 1.042788997292518616e-01 -1.042191505432128906e+00 -8.152146339416503906e-01 1.390483081340789795e-01 -4.350085929036140442e-02 1.197346672415733337e-01 -9.030041098594665527e-01 -2.596627175807952881e-01 7.739235758781433105e-01 1.369645744562149048e-01 -4.408429265022277832e-01 -2.540486454963684082e-01 4.898829385638237000e-02 5.050218701362609863e-01 -4.596103727817535400e-01 -4.704310297966003418e-01 8.761472105979919434e-01 -5.136673450469970703e-01 5.712087824940681458e-02 8.638910055160522461e-01 -2.540080547332763672e-01 7.242314517498016357e-02 3.613159358501434326e-01 -1.017981290817260742e+00 -5.179842934012413025e-02 -4.070796668529510498e-01 2.515246868133544922e-01 -4.808658659458160400e-01 -2.712313234806060791e-01 -7.324552163481712341e-03 1.387013196945190430e-01 6.625468283891677856e-02 -1.890013813972473145e-01 -3.043671846389770508e-01 -1.778739318251609802e-02 4.248587489128112793e-01 2.945877313613891602e-01 -8.666360750794410706e-03 2.700918018817901611e-01 -7.974315881729125977e-01 3.777626454830169678e-01 -6.244565844535827637e-01 -5.704640224575996399e-02 2.180553525686264038e-01 2.972180843353271484e-01 -3.567435145378112793e-01 2.744880318641662598e-01 1.511236578226089478e-01 6.528653502464294434e-01 6.759088486433029175e-02 1.713889390230178833e-01 -1.218536138534545898e+00 5.209888331592082977e-03 3.808139264583587646e-01 6.338191032409667969e-01 5.553929209709167480e-01 -4.239366650581359863e-01 6.118272542953491211e-01
-2.183909714221954346e-01 -7.003804296255111694e-02 -2.184330075979232788e-01 5.985074676573276520e-03 -4.849653923884034157e-04 -5.438031554222106934e-01 4.690392017364501953e-01 -2.830608189105987549e-01 -6.237475275993347168e-01 -2.814250998198986053e-02 1.223529502749443054e-02 3.396464884281158447e-01 -6.694977283477783203e-01 1.863644868135452271e-01 8.025415539741516113e-01 8.978912830352783203e-01 -2.866638600826263428e-01 -7.097478508949279785e-01 -6.183788776397705078e-01 6.705382466316223145e-01 2.235020250082015991e-01 4.810714423656463623e-01 8.224710822105407715e-01 -1.709479540586471558e-01 -3.905884223058819771e-03 -3.049207329750061035e-01 -2.985652089118957520e-01 -2.390257269144058228e-01 2.873716950416564941e-01 -2.545086145401000977e-01 -3.471956774592399597e-02 -7.487922310829162598e-01 7.257918119430541992e-01 -7.847472429275512695e-01 -2.367393970489501953e-01 7.005006819963455200e-02 -2.136685699224472046e-01 9.082467108964920044e-02 4.534046649932861328e-01 4.460552707314491272e-02 -9.916346520185470581e-02 -5.289858207106590271e-02 -5.892627686262130737e-02 -8.310444951057434082e-01 -3.493327498435974121e-01 2.312075346708297729e-01 6.560844182968139648e-01 -9.276725649833679199e-01 -5.163729935884475708e-02 -3.598718717694282532e-02 -9.826426953077316284e-02 -5.303731560707092285e-01 4.609181880950927734e-01 -2.806421518325805664e-01 7.179943323135375977e-01 1.064210291951894760e-02 -2.220403701066970825e-01 -6.894486546516418457e-01 -2.472603693604469299e-02 3.156470879912376404e-02 1.033665910363197327e-01 3.345862329006195068e-01 -3.369904756546020508e-01 7.487651109695434570e-01
1.114103674888610840e+00 -3.330356627702713013e-02 6.423084139823913574e-01 1.526196897029876709e-01 1.830723583698272705e-01 -2.419279366731643677e-01 8.354055881500244141e-02 -2.290847748517990112e-01 -7.307921648025512695e-01 -4.764942526817321777e-01 -2.808231711387634277e-01 -6.400426626205444336e-01 -3.850460946559906006e-01 -8.260332942008972168e-01 6.698070168495178223e-01 9.367116689682006836e-01 -4.227274060249328613e-01 -4.632390737533569336e-01 -5.809462666511535645e-01 1.066024079918861389e-01 2.585162222385406494e-01 3.031871318817138672e-01 -1.859434396028518677e-01 -1.096828937530517578e+00 2.503806166350841522e-02 4.556793868541717529e-01 1.550181210041046143e-01 -6.911227107048034668e-01 9.862054586410522461e-01 -3.430336713790893555e-01 1.456944197416305542e-01 3.142806589603424072e-01 -6.422004848718643188e-02 1.795422285795211792e-01 -3.867864608764648438e-01 -3.913066983222961426e-01 4.449164867401123047e-02 -6.596224308013916016e-01 -3.261324251070618629e-03 5.532077699899673462e-02 2.180898003280162811e-02 2.425936460494995117e-01 -4.147883951663970947e-01 -3.242830932140350342e-01 6.821600794792175293e-01 -2.892128936946392059e-02 9.915673732757568359e-01 5.043152347207069397e-02 6.571981310844421387e-02 -6.290428638458251953e-01 6.903404593467712402e-01 1.294039785861968994e-01 2.513585388660430908e-01 -4.243975877761840820e-01 6.763796210289001465e-01 -1.734194308519363403e-01 -4.516946077346801758e-01 -3.548243343830108643e-01 3.405210077762603760e-01 -1.348493695259094238e-01 -7.016786932945251465e-01 4.976070523262023926e-01 -2.528131604194641113e-01 -2.278210073709487915e-01
2.148819416761398315e-01 1.104130595922470093e-01 8.630309253931045532e-02 -9.788145124912261963e-02 3.159939125180244446e-02 -1.444173455238342285e-01 4.083616137504577637e-01 -7.497066259384155273e-01 -2.174745351076126099e-01 1.233440488576889038e-01 -1.919382065534591675e-01 -1.449067890644073486e-01 -7.756049633026123047e-01 2.456691265106201172e-01 3.718641698360443115e-01 3.410631716251373291e-01 -1.507642865180969238e-01 -1.161235928535461426e+00 -4.691243544220924377e-02 5.874062180519104004e-01 -5.577816963195800781e-01 6.114196777343750000e-01 1.134278416633605957e+00 -1.838548779487609863e-01 -3.279887735843658447e-01 2.434157133102416992e-01 -4.523374438285827637e-01 -3.268609941005706787e-01 2.570905387401580811e-01 -7.731850147247314453e-01 2.764117717742919922e-01 2.712036371231079102e-01 -3.513564765453338623e-01 -3.843576014041900635e-01 -4.915468022227287292e-02 -1.868368387222290039e-01 -1.956985890865325928e-01 3.456630706787109375e-01 -1.429212838411331177e-01 -6.098151579499244690e-02 3.229043781757354736e-01 3.738909363746643066e-01 -4.256211593747138977e-02 -4.166824519634246826e-01 -1.281802207231521606e-01 -4.066449999809265137e-01 8.873117566108703613e-01 3.627566993236541748e-02 -4.789412319660186768e-01 4.254231750965118408e-01 -8.160157203674316406e-01 -6.797913312911987305e-01 6.141008809208869934e-02 -2.145548537373542786e-02 2.250221520662307739e-01 3.449997603893280029e-01 -1.948055475950241089e-01 -5.082420110702514648e-01 -2.108212858438491821e-01 4.724808037281036377e-01 -2.241459339857101440e-01 5.226132273674011230e-02 -2.703967094421386719e-01 5.225342512130737305e-01
3.848906755447387695e-01 7.504132390022277832e-02 7.119807600975036621e-01 1.771717518568038940e-01 -1.911075562238693237e-01 -2.725841701030731201e-01 3.527588248252868652e-01 1.346011906862258911e-01 -5.646250844001770020e-01 -4.846197068691253662e-01 -4.203720986843109131e-01 -4.428557157516479492e-01 -4.379178881645202637e-01 -2.144892215728759766e-01 3.774904906749725342e-01 1.146233677864074707e+00 -4.389862343668937683e-02 5.469043552875518799e-02 -6.461044549942016602e-01 1.216991320252418518e-01 5.517641082406044006e-02 3.091960549354553223e-01 2.743761241436004639e-01 -7.922253012657165527e-01 -3.583579361438751221e-01 5.708423256874084473e-01 2.775903642177581787e-01 -2.823179066181182861e-01 7.953482270240783691e-01 -1.813832819461822510e-01 4.007986783981323242e-01 -2.654905430972576141e-02 -4.176332652568817139e-01 -6.118891015648841858e-02 -3.097220063209533691e-01 -4.332436621189117432e-01 -7.148091681301593781e-03 -9.818037152290344238e-01 3.945348262786865234e-01 -4.274806082248687744e-01 3.593131899833679199e-01 5.581002682447433472e-02 1.957819610834121704e-02 1.355313509702682495e-01 1.641600131988525391e-01 -2.172448337078094482e-01 4.588396549224853516e-01 1.169112101197242737e-01 6.911821365356445312e-01 -7.752856612205505371e-02 1.343195587396621704e-01 -1.445013880729675293e-01 9.902011603116989136e-03 -4.823325276374816895e-01 7.747306227684020996e-01 2.289211004972457886e-01 -6.596122980117797852e-01 -9.352293610572814941e-01 5.240657925605773926e-01 -3.083449900150299072e-01 -3.882448077201843262e-01 9.209532141685485840e-01 1.314162015914916992e-01 2.484451048076152802e-02
3.563763499259948730e-01 -2.933293581008911133e-02 5.709378123283386230e-01 3.696517944335937500e-01 -2.335112541913986206e-01 1.700802594423294067e-01 2.319423109292984009e-01 2.399228280410170555e-03 1.722290217876434326e-01 -2.910321354866027832e-01 1.174311116337776184e-01 -8.178788423538208008e-01 -6.483023166656494141e-01 -5.334667563438415527e-01 -7.138011604547500610e-02 8.831663727760314941e-01 2.609796822071075439e-01 -3.992148041725158691e-01 -5.705993771553039551e-01 8.761315345764160156e-01 6.151423454284667969e-01 4.519308805465698242e-01 1.271705627441406250e+00 -1.048730462789535522e-01 8.662274479866027832e-01 2.296350747346878052e-01 5.391649603843688965e-01 -4.874573647975921631e-01 2.355511784553527832e-01 -1.042544841766357422e+00 2.964104115962982178e-01 -1.457271575927734375e-01 -5.600140094757080078e-01 -2.633827328681945801e-01 -5.448629856109619141e-01 -2.537665069103240967e-01 2.687406241893768311e-01 6.090156435966491699e-01 3.275015652179718018e-01 -5.614069700241088867e-01 -2.894372344017028809e-01 1.399294286966323853e-01 2.409552931785583496e-01 1.277402043342590332e-01 3.238367140293121338e-01 -6.409310698509216309e-01 1.106379702687263489e-01 -4.526667762547731400e-03 -4.258991777896881104e-01 -3.434599936008453369e-01 4.182669520378112793e-01 -7.211221456527709961e-01 4.204165339469909668e-01 8.566085696220397949e-01 -3.048033267259597778e-02 -2.829005718231201172e-01 -4.180889949202537537e-02 3.429556488990783691e-01 -4.327621161937713623e-01 -1.474259793758392334e-01 1.019542813301086426e-01 5.102359652519226074e-01 3.133926689624786377e-01 2.892419695854187012e-01
7.812408208847045898e-01 -6.864930987358093262e-01 1.195071563124656677e-01 -8.865367621183395386e-02 1.096345558762550354e-01 5.844854563474655151e-02 5.560913309454917908e-02 -1.923979669809341431e-01 -4.244043827056884766e-01 2.407891452312469482e-01 -8.986339569091796875e-01 -1.310369729995727539e+00 -6.046479344367980957e-01 -3.878387510776519775e-01 8.131392002105712891e-01 7.958323359489440918e-01 -3.171079754829406738e-01 -4.314895570278167725e-01 3.780450820922851562e-01 5.138987898826599121e-01 3.243113756179809570e-01 9.409255981445312500e-01 3.373338282108306885e-01 -7.533327341079711914e-01 1.708569824695587158e-01 3.283749520778656006e-01 -3.242206871509552002e-01 3.669030964374542236e-02 1.892336755990982056e-01 6.663689017295837402e-01 3.771387934684753418e-01 -1.192882895469665527e+00 -3.307879567146301270e-01 9.133367985486984253e-02 -3.731520175933837891e-01 -1.834449321031570435e-01 4.701213240623474121e-01 2.913640737533569336e-01 2.458078116178512573e-01 9.363241791725158691e-01 5.266090482473373413e-02 -3.311910033226013184e-01 2.120898514986038208e-01 1.906290948390960693e-01 6.269562840461730957e-01 -3.507248461246490479e-01 -1.508226096630096436e-01 -1.632313877344131470e-01 -1.333234906196594238e-01 -7.574101090431213379e-01 4.221675992012023926e-01 -7.121588587760925293e-01 2.952611148357391357e-01 5.866123437881469727e-01 -3.218872249126434326e-01 3.122773468494415283e-01 7.241825461387634277e-01 -3.193798959255218506e-01 -1.056860923767089844e+00 3.272836655378341675e-02 -7.500113248825073242e-01 6.956748366355895996e-01 -2.288289815187454224e-01 -5.914434790611267090e-01
1.757446378469467163e-01 -5.602872967720031738e-01 3.470023274421691895e-01 1.972164809703826904e-01 -4.912973344326019287e-01 -1.004956126213073730e+00 5.180987119674682617e-01 -6.544919312000274658e-02 2.753045642748475075e-03 3.268004395067691803e-03 6.803165674209594727e-01 -1.168644428253173828e+00 1.088870838284492493e-01 -5.207149982452392578e-01 7.575756311416625977e-01 4.889268577098846436e-01 -8.011779785156250000e-01 1.839803308248519897e-01 1.934222877025604248e-01 -1.784719824790954590e-01 4.716522395610809326e-01 4.315432012081146240e-01 1.027534306049346924e-01 -8.507504463195800781e-01 -7.230807542800903320e-01 1.705712676048278809e-01 2.717160284519195557e-01 -1.063565015792846680e-01 -1.195688322186470032e-01 -2.657761275768280029e-01 6.681547760963439941e-01 -2.594090700149536133e-01 1.668176054954528809e-01 -2.177463918924331665e-01 -8.684051632881164551e-01 -6.089868545532226562e-01 2.946214973926544189e-01 5.021770596504211426e-01 3.609799444675445557e-01 1.757526099681854248e-01 -1.012850642204284668e+00 1.705877780914306641e-01 1.370207220315933228e-01 -1.938823759555816650e-01 -3.228321373462677002e-01 -8.113797754049301147e-02 1.657242178916931152e-01 3.855502605438232422e-01 2.529680728912353516e-01 9.879732877016067505e-02 9.700910001993179321e-02 -2.977097928524017334e-01 2.001972943544387817e-01 -5.767809152603149414e-01 -9.292431473731994629e-01 4.121877849102020264e-01 -1.519619077444076538e-01 -4.399318695068359375e-01 -6.474349498748779297e-01 1.204328089952468872e-01 -1.201601028442382812e-01 2.824496328830718994e-01 -4.585656523704528809e-01 -3.368537724018096924e-01
5.860485434532165527e-01 -2.619311511516571045e-01 -5.871845409274101257e-02 3.075143694877624512e-01 -6.393040418624877930e-01 -7.137745618820190430e-01 2.323971688747406006e-01 -3.019934892654418945e-01 -4.140720963478088379e-01 2.040224224328994751e-01 7.107142806053161621e-01 -1.137272477149963379e+00 7.882083952426910400e-02 -1.009626388549804688e-01 8.427170515060424805e-01 2.895109653472900391e-01 -5.802267789840698242e-01 2.203206568956375122e-01 1.982858031988143921e-01 -1.520093828439712524e-01 8.346572518348693848e-01 6.099128723144531250e-01 6.337382644414901733e-02 -8.684907555580139160e-01 -9.121996164321899414e-01 4.002808332443237305e-01 1.941790282726287842e-01 -8.710091561079025269e-02 -9.745380282402038574e-02 -1.640980243682861328e-01 5.070534348487854004e-01 -4.072319865226745605e-01 2.391602545976638794e-01 -8.131159842014312744e-02 -6.591658592224121094e-01 -6.351047158241271973e-01 5.520887374877929688e-01 4.821815192699432373e-01 3.229131400585174561e-01 3.149936199188232422e-01 -6.406275033950805664e-01 2.870788739528506994e-04 1.088492758572101593e-02 -3.988741040229797363e-01 -5.755737423896789551e-01 -4.187793433666229248e-01 2.760826945304870605e-01 -7.881086319684982300e-02 3.266784846782684326e-01 1.136994585394859314e-01 3.193742334842681885e-01 -3.105377256870269775e-01 3.224784433841705322e-01 -5.034797191619873047e-01 -9.693517684936523438e-01 4.680287837982177734e-01 8.997125923633575439e-02 -2.488025575876235962e-01 -4.074321985244750977e-01 5.205592513084411621e-02 -1.135458648204803467e-01 3.968456089496612549e-01 -3.665627837181091309e-01 -1.053594127297401428e-01
4.348823726177215576e-01 3.728066384792327881e-02 1.787007451057434082e-01 8.232361078262329102e-01 -6.948727965354919434e-01 -4.676340818405151367e-01 6.932007074356079102e-01 1.823087483644485474e-01 -4.198665320873260498e-01 3.117298334836959839e-02 2.182456851005554199e-01 -1.732697963714599609e+00 -2.019685506820678711e-01 -1.213902011513710022e-01 7.034132480621337891e-01 7.589054703712463379e-01 -2.467884719371795654e-01 -1.638526767492294312e-01 -4.606161415576934814e-01 3.129862248897552490e-01 1.841515004634857178e-01 1.005626916885375977e+00 -4.389203712344169617e-02 -8.411403894424438477e-01 -1.451446115970611572e-01 7.697178721427917480e-01 3.309738039970397949e-01 1.303451061248779297e-01 2.283208072185516357e-01 -9.272812604904174805e-01 7.140021920204162598e-01 -3.180484473705291748e-01 4.532145857810974121e-01 -5.546624660491943359e-01 -7.230958342552185059e-01 -1.172504901885986328e+00 3.410448133945465088e-01 2.647747695446014404e-01 1.684563159942626953e-01 6.079412698745727539e-01 -3.942243158817291260e-01 3.392788171768188477e-01 8.814426064491271973e-01 -3.005997538566589355e-01 3.999693691730499268e-01 2.086832821369171143e-01 -5.716829001903533936e-02 6.402560472488403320e-01 8.895754069089889526e-02 -1.210034713149070740e-01 -2.166881263256072998e-01 6.417133659124374390e-02 7.688982486724853516e-01 -1.365845054388046265e-01 -5.417475700378417969e-01 5.228134989738464355e-01 -6.330178976058959961e-01 -8.500241041183471680e-01 -7.021624445915222168e-01 2.450502961874008179e-01 5.825794935226440430e-01 -2.466318458318710327e-01 -8.375835418701171875e-01 1.079904913902282715e+00
1.066664814949035645e+00 -6.121491193771362305e-01 -7.638955861330032349e-02 -1.355507075786590576e-01 -7.630836963653564453e-01 -8.210494369268417358e-02 -6.846427321434020996e-01 -2.448155432939529419e-01 -7.528356313705444336e-01 -3.431558609008789062e-02 1.648451834917068481e-01 -1.268678069114685059e+00 5.811491608619689941e-01 7.322857379913330078e-01 1.369202494621276855e+00 8.392802476882934570e-01 5.789856612682342529e-02 3.515015244483947754e-01 -2.546174526214599609e-01 6.770421862602233887e-01 5.629233717918395996e-01 6.599773168563842773e-01 8.996827602386474609e-01 -1.567506194114685059e+00 -4.166863858699798584e-01 1.193572431802749634e-01 7.097402215003967285e-01 -5.878925919532775879e-01 -1.788484305143356323e-01 -6.294942498207092285e-01 8.860597014427185059e-01 -6.295308470726013184e-01 2.825777046382427216e-02 3.937045335769653320e-01 -1.201325893402099609e+00 -3.140646517276763916e-01 3.105187714099884033e-01 4.725249111652374268e-01 5.458162426948547363e-01 3.701179921627044678e-01 -3.669274747371673584e-01 -6.294059753417968750e-01 4.219565913081169128e-02 -2.171856462955474854e-01 -1.113145112991333008e+00 -4.536727964878082275e-01 3.160158693790435791e-01 -4.979279935359954834e-01 5.620701313018798828e-01 3.646146357059478760e-01 1.000359773635864258e+00 -8.266724944114685059e-01 8.142098188400268555e-01 -3.321627527475357056e-02 -2.739014029502868652e-01 2.306732833385467529e-01 5.461752414703369141e-01 -8.425127863883972168e-01 -1.324347406625747681e-01 3.823256492614746094e-01 -6.936868280172348022e-02 4.955562949180603027e-01 -7.168108820915222168e-01 5.650581121444702148e-01
1.069236993789672852e+00 -2.213893085718154907e-01 -2.995044589042663574e-01 -3.304964005947113037e-01 -5.843597054481506348e-01 -6.054502725601196289e-01 -5.150527954101562500e-01 -5.589058995246887207e-01 -6.346732378005981445e-01 6.290057897567749023e-01 5.884817242622375488e-02 -1.901300311088562012e+00 1.144725307822227478e-01 -4.123139083385467529e-01 7.498325705528259277e-01 5.274274349212646484e-01 -2.138212472200393677e-01 -3.775827288627624512e-01 -3.999468982219696045e-01 2.422907948493957520e-02 3.332615792751312256e-01 8.394002914428710938e-01 1.314720809459686279e-01 -7.960615158081054688e-01 -2.235101163387298584e-01 -3.947432041168212891e-01 1.893087774515151978e-01 -1.912439167499542236e-01 8.967204689979553223e-01 1.329358965158462524e-01 2.732015550136566162e-01 1.822341531515121460e-01 3.808310031890869141e-01 -3.103787302970886230e-01 -7.614568471908569336e-01 -6.744769215583801270e-01 -5.963171124458312988e-01 8.339339494705200195e-02 3.894830644130706787e-01 2.295173704624176025e-01 1.384891271591186523e-01 2.732454538345336914e-01 4.162571728229522705e-01 1.968809068202972412e-01 1.449949890375137329e-01 1.274434383958578110e-02 -1.385782808065414429e-01 -2.562882602214813232e-01 7.530592679977416992e-01 -5.867009162902832031e-01 4.113298356533050537e-01 -3.660224080085754395e-01 3.293263912200927734e-01 3.822288215160369873e-01 -4.080901741981506348e-01 8.339107036590576172e-02 -2.582484185695648193e-01 -4.893907308578491211e-01 -1.214270114898681641e+00 4.697839021682739258e-01 4.793192744255065918e-01 1.651757806539535522e-01 3.088423050940036774e-03 -4.413636624813079834e-01
-1.556626856327056885e-01 -7.186791300773620605e-01 2.297569513320922852e-01 8.399029970169067383e-01 -1.083435416221618652e-01 -6.249355077743530273e-01 1.595628708600997925e-01 2.333231419324874878e-01 -6.697170734405517578e-01 1.762186586856842041e-01 7.032987475395202637e-01 -1.160508036613464355e+00 -2.529011368751525879e-01 -1.103064537048339844e+00 1.023224830627441406e+00 3.694361150264739990e-01 -3.349596858024597168e-01 -6.011910736560821533e-02 4.676804840564727783e-01 -8.314526639878749847e-03 6.473022699356079102e-01 7.333284616470336914e-01 1.177215427160263062e-01 -8.867525309324264526e-02 -9.766746759414672852e-01 8.450508862733840942e-02 7.825849205255508423e-02 -1.956634223461151123e-01 -2.711937129497528076e-01 -1.273417919874191284e-01 7.124708294868469238e-01 -2.799022197723388672e-01 2.073095887899398804e-01 -1.779091954231262207e-01 -9.078540802001953125e-01 -7.908918261528015137e-01 1.229472607374191284e-01 4.297108948230743408e-01 2.690393328666687012e-01 2.393665611743927002e-01 -7.501677870750427246e-01 2.755321860313415527e-01 2.492977082729339600e-01 -5.499362945556640625e-02 -6.931174397468566895e-01 -2.118198722600936890e-01 5.745440125465393066e-01 2.327684909105300903e-01 3.223054409027099609e-01 -3.616463020443916321e-02 2.843680381774902344e-01 -7.236146926879882812e-02 4.818405210971832275e-01 -4.629736840724945068e-01 -7.231801748275756836e-01 1.076748147606849670e-01 1.493332684040069580e-01 -7.537626028060913086e-01 -2.324939519166946411e-01 2.256460487842559814e-01 -1.347001791000366211e-01 5.359531641006469727e-01 -8.410461992025375366e-02 -8.766049891710281372e-02
1.281412363052368164e+00 -4.348908960819244385e-01 -4.236779808998107910e-01 2.239619344472885132e-01 4.151627123355865479e-01 -5.633316040039062500e-01 1.408819109201431274e-01 -4.966537952423095703e-01 1.585291177034378052e-01 -3.886902034282684326e-01 1.630252301692962646e-01 -6.578813195228576660e-01 2.012926191091537476e-01 6.622262597084045410e-01 1.067936658859252930e+00 5.468990802764892578e-01 -5.590648651123046875e-01 -4.710144102573394775e-01 -2.859997451305389404e-01 5.256425123661756516e-03 9.228124618530273438e-01 1.444661736488342285e+00 6.511586904525756836e-01 -1.041312575340270996e+00 -7.483888864517211914e-01 7.207862734794616699e-01 3.363503217697143555e-01 -8.713836073875427246e-01 2.177213691174983978e-02 -4.670440554618835449e-01 -1.116056833416223526e-02 3.525578081607818604e-01 6.542252898216247559e-01 -3.019695281982421875e-01 -1.283189505338668823e-01 -6.146056056022644043e-01 1.394452601671218872e-01 4.159523844718933105e-01 -3.224534094333648682e-01 -8.905030041933059692e-02 -8.077656626701354980e-01 -1.721461564302444458e-01 5.549114942550659180e-01 -2.546920180320739746e-01 3.471343219280242920e-01 -4.564608931541442871e-01 2.259142100811004639e-01 -3.249197304248809814e-01 -2.508318126201629639e-01 -4.107552394270896912e-02 4.837865829467773438e-01 -5.188013911247253418e-01 8.595514893531799316e-01 2.052306681871414185e-01 -7.754534482955932617e-01 3.594475686550140381e-01 7.013856768608093262e-01 -5.573494434356689453e-01 -1.983302086591720581e-01 -3.366539776325225830e-01 1.315198242664337158e-01 1.383020401000976562e+00 -3.631931841373443604e-01 -2.206597775220870972e-01
-2.080625146627426147e-01 -2.744843363761901855e-01 1.524406373500823975e-01 1.914383620023727417e-01 -1.640220135450363159e-01 -2.845700085163116455e-01 -1.839761435985565186e-01 1.651704013347625732e-01 6.302471756935119629e-01 4.128747582435607910e-01 -2.838754057884216309e-01 -7.620720267295837402e-01 -6.295993924140930176e-01 -3.687076866626739502e-01 -1.077471002936363220e-01 1.020051240921020508e+00 -2.551332116127014160e-02 4.343695044517517090e-01 -2.944441437721252441e-01 6.956453323364257812e-01 1.597204804420471191e-01 5.071998834609985352e-01 2.279185503721237183e-01 -4.693278670310974121e-01 2.837630510330200195e-01 -4.894703626632690430e-02 -1.006813868880271912e-01 -5.095468163490295410e-01 7.340611219406127930e-01 -1.059755086898803711e+00 1.028200164437294006e-01 -1.791175752878189087e-01 -6.053760051727294922e-01 8.120000362396240234e-01 -6.532889604568481445e-01 1.394475996494293213e-01 -4.685307741165161133e-01 -2.262117899954319000e-02 -2.497422397136688232e-01 -7.703433632850646973e-01 -7.073947787284851074e-01 7.149619609117507935e-02 4.626978933811187744e-01 -4.831157922744750977e-01 1.263388693332672119e-01 -2.748611271381378174e-01 2.082526385784149170e-01 -5.043955445289611816e-01 -2.225716263055801392e-01 3.181849122047424316e-01 -1.071497574448585510e-01 -3.908450305461883545e-01 8.090845346450805664e-01 5.362489819526672363e-01 6.142187714576721191e-01 1.210298687219619751e-01 7.788830399513244629e-01 -3.089590668678283691e-01 -2.587498128414154053e-01 8.619386702775955200e-02 2.381417155265808105e-02 4.202704876661300659e-02 1.019875854253768921e-01 -2.957482635974884033e-01
4.004989266395568848e-01 -1.114482432603836060e-01 4.252225458621978760e-01 2.228019088506698608e-01 -4.209674298763275146e-01 1.287558972835540771e-01 -1.892279237508773804e-01 -4.758872687816619873e-01 8.195509016513824463e-02 -4.913700222969055176e-01 8.359778672456741333e-03 -1.131736159324645996e+00 -8.756201863288879395e-01 -1.342730373144149780e-01 -9.744434952735900879e-01 3.606267869472503662e-01 -7.489231973886489868e-02 -4.619878828525543213e-01 -1.978736668825149536e-01 3.517801463603973389e-01 2.202935367822647095e-01 -6.056102365255355835e-02 4.024083316326141357e-01 -6.207612752914428711e-01 -7.464014887809753418e-01 2.375233918428421021e-01 -1.149118989706039429e-01 -4.208933711051940918e-01 3.874904811382293701e-01 -3.621274232864379883e-01 4.134657382965087891e-01 -6.711065769195556641e-01 -4.157710969448089600e-01 -1.584342867136001587e-01 -8.483334095217287540e-04 3.988378643989562988e-01 6.903195381164550781e-02 3.568602204322814941e-01 2.168636471033096313e-01 -8.219366669654846191e-01 -3.771395981311798096e-01 1.125905513763427734e-01 2.504220008850097656e-01 -2.265446633100509644e-01 2.965116798877716064e-01 -4.869408905506134033e-01 3.464845120906829834e-01 -2.512367367744445801e-01 -4.514574408531188965e-01 2.604304850101470947e-01 -3.724333047866821289e-01 -7.415130734443664551e-01 4.448186159133911133e-01 5.737192630767822266e-01 8.431130647659301758e-01 -5.040900111198425293e-01 3.323142230510711670e-01 3.789981901645660400e-01 -3.612359762191772461e-01 1.117127239704132080e-01 1.003072038292884827e-01 -2.487799525260925293e-01 -1.885336823761463165e-02 -1.126870047301054001e-02
4.221549332141876221e-01 -4.084874391555786133e-01 8.262760043144226074e-01 -3.963560238480567932e-02 -4.837125241756439209e-01 -5.663900375366210938e-01 -1.468375772237777710e-01 -2.858892679214477539e-01 -1.687514930963516235e-01 -3.338128328323364258e-01 -3.918336033821105957e-01 -3.605401515960693359e-01 -2.600350081920623779e-01 -4.308049082756042480e-01 4.715570807456970215e-01 8.391721248626708984e-01 -4.508350789546966553e-01 -1.363439559936523438e-01 7.313502430915832520e-01 2.314827591180801392e-02 1.050114259123802185e-02 -9.764696657657623291e-02 1.903216093778610229e-01 -7.977339029312133789e-01 -2.756114304065704346e-01 -4.263523817062377930e-01 2.591331303119659424e-01 -4.295606315135955811e-01 2.893038392066955566e-01 -1.616350263357162476e-01 7.857529520988464355e-01 2.928115129470825195e-01 -2.079084664583206177e-01 -2.191537916660308838e-01 -3.299405276775360107e-01 -7.228531241416931152e-01 -3.810688555240631104e-01 8.897966146469116211e-02 9.407258033752441406e-02 -3.458530008792877197e-01 1.007100939750671387e-01 8.745360374450683594e-01 -1.861098222434520721e-02 -6.679021716117858887e-01 -3.299451470375061035e-01 -2.778580486774444580e-01 1.631674766540527344e-01 -2.261865325272083282e-02 4.467320144176483154e-01 -1.415700465440750122e-01 4.304485023021697998e-02 4.417509734630584717e-01 -3.305134177207946777e-02 -7.141640186309814453e-01 5.348317027091979980e-01 4.075526297092437744e-01 1.233186125755310059e-01 -6.004428118467330933e-02 -7.364412546157836914e-01 -1.444405168294906616e-01 3.158822357654571533e-01 -2.586770653724670410e-01 -2.642744779586791992e-01 1.099136620759963989e-01
-2.310239896178245544e-02 -8.856060504913330078e-01 6.507088895887136459e-03 -2.533301711082458496e-01 -5.308688282966613770e-01 1.789637506008148193e-01 -4.933286011219024658e-01 6.045556440949440002e-02 9.012583643198013306e-02 1.999626904726028442e-01 -7.687529176473617554e-02 -7.290304303169250488e-01 -5.526949167251586914e-01 -4.161091148853302002e-01 3.265632688999176025e-02 9.771205186843872070e-01 4.942444264888763428e-01 -5.193478465080261230e-01 -3.857746720314025879e-01 7.789303064346313477e-01 1.661695390939712524e-01 1.598957479000091553e-01 4.909805655479431152e-01 -5.594637393951416016e-01 -5.216853618621826172e-01 2.088969051837921143e-01 -2.322878986597061157e-01 2.649057842791080475e-02 -1.692400723695755005e-01 -1.133871823549270630e-01 -2.554022669792175293e-01 -3.358339965343475342e-01 -1.896018683910369873e-01 -3.085458837449550629e-02 6.306971311569213867e-01 -5.275813937187194824e-01 -2.418286502361297607e-01 1.124668344855308533e-01 -1.118528097867965698e-01 5.507067963480949402e-02 -1.841953843832015991e-01 3.816031813621520996e-01 -3.552720546722412109e-01 -6.571540832519531250e-01 -1.356303542852401733e-01 -4.254418611526489258e-01 1.010964989662170410e+00 -3.223809972405433655e-02 -7.036253213882446289e-01 7.219206690788269043e-01 8.196838200092315674e-03 -1.670276671648025513e-01 4.988696575164794922e-01 4.262850284576416016e-01 7.733649611473083496e-01 -6.185651943087577820e-02 7.235015034675598145e-01 -1.533149778842926025e-01 -1.788175106048583984e-01 3.948258459568023682e-01 -5.627273321151733398e-01 1.028311774134635925e-01 -6.433303952217102051e-01 6.624045968055725098e-01
6.643089056015014648e-01 -9.260935336351394653e-02 3.057812452316284180e-01 5.399708151817321777e-01 -1.131411716341972351e-01 3.496222794055938721e-01 2.352246940135955811e-01 -1.841595172882080078e-01 3.758891522884368896e-01 1.283432915806770325e-02 3.400959670543670654e-01 -8.344609737396240234e-01 -8.350480198860168457e-01 -4.744102358818054199e-01 -9.766536764800548553e-03 8.624726533889770508e-01 3.768918812274932861e-01 -5.292044878005981445e-01 -6.192611455917358398e-01 8.996279239654541016e-01 3.602980375289916992e-01 4.525453746318817139e-01 1.180797815322875977e+00 -1.757722496986389160e-01 1.008891701698303223e+00 3.301105201244354248e-01 4.245501756668090820e-01 -4.960499107837677002e-01 1.498295813798904419e-01 -1.063385605812072754e+00 6.353557854890823364e-02 -2.065854668617248535e-01 -5.659228563308715820e-01 -1.680534034967422485e-01 -6.714265942573547363e-01 -3.454026281833648682e-01 2.280095815658569336e-01 6.486679315567016602e-01 4.739170372486114502e-01 -4.009559452533721924e-01 -4.625560343265533447e-01 2.295621782541275024e-01 4.347219467163085938e-01 -1.754419654607772827e-01 1.590256989002227783e-01 -6.638306379318237305e-01 3.384425863623619080e-02 3.492593765258789062e-02 -3.332259058952331543e-01 -2.065894305706024170e-01 3.399375677108764648e-01 -3.958517611026763916e-01 2.101640701293945312e-01 7.095776796340942383e-01 6.112810596823692322e-02 -3.589189797639846802e-02 -5.267444252967834473e-02 3.293259143829345703e-01 -4.789149761199951172e-01 -9.509316086769104004e-02 4.468520879745483398e-01 3.154233992099761963e-01 -1.490161084802821279e-04 2.698555588722229004e-01
7.385649085044860840e-01 -3.334890007972717285e-01 5.279722213745117188e-01 2.776752710342407227e-01 -5.638088583946228027e-01 -2.975478470325469971e-01 -4.745362326502799988e-02 -2.939915657043457031e-01 -6.555123329162597656e-01 -3.646248579025268555e-01 -4.173813462257385254e-01 -2.924462854862213135e-01 -7.502598315477371216e-02 -6.126431226730346680e-01 6.205171346664428711e-01 1.104419589042663574e+00 -6.131607294082641602e-01 -1.715303063392639160e-01 2.370169311761856079e-01 -3.974225372076034546e-02 -2.807835638523101807e-01 -1.537780314683914185e-01 1.772552728652954102e-01 -1.078277230262756348e+00 -8.096110075712203979e-02 2.473333477973937988e-01 -9.656713344156742096e-03 -7.773583531379699707e-01 -2.043661475181579590e-01 1.444074660539627075e-01 3.563865721225738525e-01 -3.810817748308181763e-02 -3.962002098560333252e-01 1.019753608852624893e-02 -5.073342472314834595e-02 -2.565866410732269287e-01 1.712526828050613403e-01 2.683799900114536285e-02 -1.572556793689727783e-01 -1.118622347712516785e-01 -9.563358128070831299e-02 1.224089145660400391e+00 -2.358937114477157593e-01 -6.781956553459167480e-01 -4.324436783790588379e-01 -1.940297037363052368e-01 -2.126619666814804077e-01 -1.858859062194824219e-01 2.138581275939941406e-01 -3.889029622077941895e-01 -1.254590507596731186e-02 -2.912478521466255188e-02 3.456459566950798035e-02 -6.495380997657775879e-01 5.149142742156982422e-01 2.831257283687591553e-01 3.914296627044677734e-01 -6.402076035737991333e-02 -7.522586584091186523e-01 -2.601505815982818604e-01 2.833209931850433350e-01 1.841731071472167969e-01 4.483402669429779053e-01 5.892985463142395020e-01
4.707650542259216309e-01 -5.575197935104370117e-01 2.983215749263763428e-01 -1.579246968030929565e-01 -2.089728116989135742e-01 8.578267693519592285e-02 1.302663087844848633e-01 -5.566843152046203613e-01 -6.981392949819564819e-02 3.357778489589691162e-01 -2.978183329105377197e-01 -3.580518066883087158e-01 -5.919644832611083984e-01 -1.760277152061462402e-01 2.787976264953613281e-01 6.481785774230957031e-01 8.637008666992187500e-01 -9.108352065086364746e-01 1.192435529083013535e-02 -1.523948609828948975e-01 -4.955670237541198730e-01 4.471357166767120361e-01 6.471893191337585449e-01 -5.255575776100158691e-01 -3.001049347221851349e-02 4.758315682411193848e-01 -3.752486705780029297e-01 2.749078534543514252e-02 1.496545672416687012e-01 -6.516276001930236816e-01 -5.731362700462341309e-01 2.412595748901367188e-01 5.829974263906478882e-02 -3.587276339530944824e-01 2.972480058670043945e-01 -4.986130595207214355e-01 -1.007674355059862137e-02 2.823150344192981720e-02 2.944114059209823608e-02 1.986815333366394043e-01 -3.493158221244812012e-01 3.052576780319213867e-01 3.064502179622650146e-01 -3.288310170173645020e-01 -2.877803444862365723e-01 -7.873368263244628906e-01 6.705046296119689941e-01 -2.045995295047760010e-01 -9.719679355621337891e-01 3.813122212886810303e-01 -1.231678277254104614e-01 -7.130893468856811523e-01 3.432516753673553467e-01 -1.738407611846923828e-01 4.075767397880554199e-01 3.502495586872100830e-01 -5.051812902092933655e-02 -7.341176867485046387e-01 -6.008629202842712402e-01 3.463213741779327393e-01 -5.573070049285888672e-01 -1.196514815092086792e-01 -2.372399717569351196e-01 6.707664132118225098e-01
4.944217205047607422e-01 -3.987796008586883545e-01 4.093828499317169189e-01 -3.300341069698333740e-01 -3.436810076236724854e-01 -2.189393788576126099e-01 1.969971321523189545e-02 -5.253714323043823242e-01 -2.462821453809738159e-01 2.584652006626129150e-01 5.659931898117065430e-02 7.512634992599487305e-02 -8.642113208770751953e-01 -2.842618823051452637e-01 3.063483834266662598e-01 5.557471513748168945e-02 -7.896949648857116699e-01 3.902375698089599609e-01 -9.463745951652526855e-01 2.813521027565002441e-02 -7.129142880439758301e-01 1.976547688245773315e-01 4.054167270660400391e-01 -2.508236169815063477e-01 -4.592393338680267334e-01 -1.881757527589797974e-01 8.824758976697921753e-02 -1.761648803949356079e-01 2.052954286336898804e-01 -2.256876528263092041e-01 1.351353824138641357e-01 -1.242787599563598633e+00 1.763679683208465576e-01 3.381176590919494629e-01 -7.878441810607910156e-01 -1.083346083760261536e-01 -5.107742547988891602e-01 2.056858092546463013e-01 -1.917127072811126709e-01 -1.500976085662841797e-01 -2.154931575059890747e-01 1.789106130599975586e-01 3.594506084918975830e-01 -7.971633225679397583e-02 2.773954272270202637e-01 -2.716923654079437256e-01 1.112791374325752258e-01 -7.210341691970825195e-01 -2.191504389047622681e-01 -2.451439350843429565e-01 -5.049226284027099609e-01 -5.603055655956268311e-02 4.566332101821899414e-01 4.657835066318511963e-01 6.012004613876342773e-01 5.165064334869384766e-01 -5.999814867973327637e-01 -6.729491949081420898e-01 -3.815779462456703186e-02 5.180580019950866699e-01 -4.137037396430969238e-01 -2.313314229249954224e-01 -4.762167632579803467e-01 5.432189255952835083e-02
-1.028103753924369812e-01 -3.611461520195007324e-01 4.443793892860412598e-01 -2.582353353500366211e-01 -6.978401541709899902e-01 -9.860454201698303223e-01 1.324368566274642944e-01 -3.898715376853942871e-01 -3.412826061248779297e-01 -5.686996132135391235e-02 2.356037497520446777e-01 -3.973729610443115234e-01 -4.425506293773651123e-01 -4.506118893623352051e-01 1.041710451245307922e-01 6.559863090515136719e-01 -4.158668518066406250e-01 -2.451096922159194946e-01 2.708342075347900391e-01 -3.626844882965087891e-01 1.621803790330886841e-01 1.677052676677703857e-01 -6.584372371435165405e-02 -6.276845932006835938e-01 1.966375112533569336e-02 -1.060890704393386841e-01 -2.124044895172119141e-01 -4.929978251457214355e-01 4.767111837863922119e-01 8.370830863714218140e-02 6.726347208023071289e-01 2.819963991641998291e-01 -3.099932968616485596e-01 -2.185814827680587769e-01 -6.546045541763305664e-01 -7.816456556320190430e-01 -4.931956157088279724e-02 -1.527029089629650116e-02 1.266385912895202637e-01 -5.371996164321899414e-01 3.112691640853881836e-02 7.406306862831115723e-01 4.773614928126335144e-02 -7.668551802635192871e-01 -1.743797212839126587e-01 -2.250840216875076294e-01 -8.332369476556777954e-02 2.098175436258316040e-01 6.357026100158691406e-01 -3.713169693946838379e-01 -1.014183089137077332e-01 8.756257593631744385e-03 -3.052654489874839783e-02 -2.096278369426727295e-01 5.627147555351257324e-01 4.478713572025299072e-01 -9.012505412101745605e-02 -2.008243650197982788e-01 -9.048367738723754883e-01 4.890942573547363281e-02 5.405408143997192383e-02 -4.414332211017608643e-01 -5.400730371475219727e-01 -5.429344717413187027e-03
9.395668506622314453e-01 -4.198013544082641602e-01 8.657340407371520996e-01 6.969181895256042480e-01 -2.054254859685897827e-01 -2.127036005258560181e-01 1.663161665201187134e-01 -9.397506117820739746e-01 -4.065705835819244385e-01 -1.059340119361877441e+00 9.169332385063171387e-01 -1.188070535659790039e+00 -2.414322942495346069e-01 -5.382400751113891602e-01 1.174693740904331207e-02 1.073910832405090332e+00 -1.091020941734313965e+00 -3.378044366836547852e-01 -2.912450730800628662e-01 8.215770125389099121e-01 6.060656309127807617e-01 9.435119032859802246e-01 6.699894666671752930e-01 -2.562836408615112305e-01 5.942004323005676270e-01 5.712214112281799316e-01 -2.009544074535369873e-01 -1.827315390110015869e-01 -6.697613596916198730e-01 -6.380457878112792969e-01 9.998299479484558105e-01 -1.358751058578491211e-01 1.068413406610488892e-01 8.063626885414123535e-01 3.630866408348083496e-01 -2.505890130996704102e-01 3.239505290985107422e-01 -4.463658630847930908e-01 -2.937693595886230469e-01 3.557510077953338623e-01 -8.674225211143493652e-01 3.387589454650878906e-01 3.311559557914733887e-01 -1.482241749763488770e-01 -1.026387572288513184e+00 -2.828167006373405457e-02 1.088216900825500488e+00 -7.175416946411132812e-01 1.618017852306365967e-01 -6.155631542205810547e-01 1.375433444976806641e+00 -3.453422784805297852e-01 5.449004769325256348e-01 1.778306663036346436e-01 1.154206991195678711e+00 -3.819802701473236084e-01 2.380369305610656738e-01 -9.880561232566833496e-01 -1.213878154754638672e+00 6.374235153198242188e-01 5.065969228744506836e-01 8.714235424995422363e-01 -3.993328213691711426e-01 2.458134889602661133e-01
3.676309585571289062e-01 -3.257610499858856201e-01 2.091775983572006226e-01 2.383854389190673828e-01 -4.691446423530578613e-01 1.205791160464286804e-01 5.378765463829040527e-01 -2.277127951383590698e-01 2.143592834472656250e-01 -1.039615720510482788e-01 1.183375492691993713e-01 -5.899384021759033203e-01 -6.057509183883666992e-01 -5.513665080070495605e-01 -1.371250599622726440e-01 5.886618494987487793e-01 5.522617697715759277e-01 -5.653008222579956055e-01 -1.248147711157798767e-01 3.546530306339263916e-01 5.840182304382324219e-01 3.132373690605163574e-01 9.393449425697326660e-01 1.618780195713043213e-01 6.990552544593811035e-01 3.210204243659973145e-01 2.057437002658843994e-01 -6.066896319389343262e-01 -1.100400760769844055e-01 -1.010806441307067871e+00 3.259562253952026367e-01 -3.285970985889434814e-01 -6.744192242622375488e-01 -4.795052409172058105e-01 -2.791739404201507568e-01 7.712298072874546051e-03 -2.574844062328338623e-01 4.467479884624481201e-01 3.223952353000640869e-01 -1.081400156021118164e+00 -4.057765901088714600e-01 3.991801142692565918e-01 2.131704390048980713e-01 -1.788068711757659912e-01 7.420298457145690918e-02 -7.087508440017700195e-01 9.976708143949508667e-02 2.818037383258342743e-02 -1.308378130197525024e-01 -2.730500996112823486e-01 3.916242122650146484e-01 -4.799081087112426758e-01 3.219566941261291504e-01 8.099585175514221191e-01 1.656633019447326660e-01 -5.273709297180175781e-01 -1.698032021522521973e-01 3.105223178863525391e-01 -3.227699100971221924e-01 2.205028086900711060e-01 -2.788833677768707275e-01 3.619431853294372559e-01 -3.665412366390228271e-01 2.184903472661972046e-01
1.168733090162277222e-01 1.140918880701065063e-01 3.622350096702575684e-01 3.009326197206974030e-02 1.260826140642166138e-01 7.791727036237716675e-02 3.890409767627716064e-01 -9.713205695152282715e-01 -2.013405561447143555e-01 3.247905895113945007e-02 -1.007030978798866272e-01 -4.719483256340026855e-01 -1.017741322517395020e+00 1.097521483898162842e-01 2.027095705270767212e-01 2.645411491394042969e-01 -5.109575763344764709e-02 -1.190356612205505371e+00 -5.298570394515991211e-01 4.357782900333404541e-01 -6.265257000923156738e-01 6.470071673393249512e-01 9.819421172142028809e-01 -3.698016107082366943e-01 -2.362686246633529663e-01 3.771650791168212891e-01 -7.710433565080165863e-03 -3.664936423301696777e-01 6.243793293833732605e-02 -5.204075574874877930e-01 1.013153567910194397e-01 2.538902759552001953e-01 -2.900378108024597168e-01 -1.764629632234573364e-01 6.721792276948690414e-03 -3.652917146682739258e-01 8.238258212804794312e-02 5.701436996459960938e-01 2.594491243362426758e-01 -1.398240774869918823e-01 3.533433675765991211e-01 2.594256699085235596e-01 -3.623084723949432373e-01 -4.281939864158630371e-01 2.001172490417957306e-02 -4.857456982135772705e-01 6.955214738845825195e-01 -1.757159680128097534e-01 -7.078778743743896484e-01 1.532941162586212158e-01 -3.755270540714263916e-01 -5.500889420509338379e-01 -2.149533480405807495e-01 1.591904610395431519e-01 2.609542608261108398e-01 1.089002043008804321e-01 7.979436218738555908e-02 -3.552600443363189697e-01 -9.733206778764724731e-02 5.548824667930603027e-01 2.723251581192016602e-01 -1.285147368907928467e-01 1.482854317873716354e-02 4.834915697574615479e-01
3.857537209987640381e-01 4.284546375274658203e-01 4.300100505352020264e-01 4.838297665119171143e-01 -1.562803387641906738e-01 1.227636262774467468e-01 -7.287169992923736572e-02 2.804930508136749268e-01 2.205482125282287598e-01 1.074013188481330872e-01 4.342002272605895996e-01 -7.370364069938659668e-01 -6.718755364418029785e-01 -8.120477199554443359e-01 2.165406197309494019e-01 8.053169250488281250e-01 4.224435687065124512e-01 -3.065342605113983154e-01 -4.008073210716247559e-01 9.447607994079589844e-01 4.235975146293640137e-01 7.180871963500976562e-01 1.146180391311645508e+00 -6.108132600784301758e-01 1.048309683799743652e+00 2.511550784111022949e-01 5.114094614982604980e-01 -7.704926133155822754e-01 1.058254539966583252e-01 -1.263978123664855957e+00 8.455759286880493164e-02 -1.432029008865356445e-01 -4.959985017776489258e-01 -1.798487603664398193e-01 -8.733170032501220703e-01 -9.841590374708175659e-02 3.629948198795318604e-02 7.624486684799194336e-01 -1.391116529703140259e-01 -5.673618912696838379e-01 -8.226428627967834473e-01 2.662170827388763428e-01 2.043467909097671509e-01 -1.744074076414108276e-01 1.879253387451171875e-01 -3.338258266448974609e-01 3.808466494083404541e-01 -1.224856823682785034e-01 -5.374275445938110352e-01 -1.441930234432220459e-01 1.736087501049041748e-01 -5.925557613372802734e-01 4.260637462139129639e-01 6.693321466445922852e-01 -2.337545305490493774e-01 -2.174125462770462036e-01 5.387141928076744080e-02 2.348473668098449707e-01 -6.909286230802536011e-02 4.617026820778846741e-02 5.041580647230148315e-02 4.528736770153045654e-01 -1.637339890003204346e-01 -9.893360547721385956e-03
4.687896072864532471e-01 -2.796198427677154541e-01 8.113967627286911011e-02 -3.135292232036590576e-01 -2.287375926971435547e-01 -7.943346500396728516e-01 -1.498646587133407593e-01 -3.736035227775573730e-01 6.076034903526306152e-01 4.803197085857391357e-02 -6.421209126710891724e-02 -3.393649756908416748e-01 -5.111065506935119629e-01 -4.722923636436462402e-01 -9.797928482294082642e-02 6.781856417655944824e-01 -1.094764247536659241e-01 -2.635272443294525146e-01 7.843510061502456665e-02 -4.091663658618927002e-01 -1.566401273012161255e-01 4.827391803264617920e-01 6.074946522712707520e-01 -7.289735078811645508e-01 -1.758881807327270508e-01 -1.514434069395065308e-01 -4.579800367355346680e-01 -1.058244779706001282e-01 1.605087071657180786e-01 2.991355359554290771e-01 3.024409711360931396e-01 -5.090577602386474609e-01 2.421827018260955811e-01 -4.164260327816009521e-01 -2.908541560173034668e-01 2.270531803369522095e-01 -3.051363527774810791e-01 -1.098164692521095276e-01 -1.996202021837234497e-01 -6.879070401191711426e-02 9.253506362438201904e-02 7.790666073560714722e-02 -5.692389607429504395e-01 -3.952336311340332031e-01 5.390650033950805664e-02 -2.313864380121231079e-01 3.193368315696716309e-01 -5.832158923149108887e-01 6.792782545089721680e-01 3.643509447574615479e-01 -1.022170901298522949e+00 -7.914102822542190552e-02 -2.194222956895828247e-01 -4.929725825786590576e-01 4.619685411453247070e-01 -1.756562292575836182e-01 -2.643790282309055328e-02 -5.917544960975646973e-01 -2.341161370277404785e-01 -1.119050607085227966e-01 1.310018301010131836e-01 -4.393084906041622162e-03 -1.956811398267745972e-01 5.016572475433349609e-01
4.656201899051666260e-01 -1.065664768218994141e+00 9.483129978179931641e-01 3.658618032932281494e-02 1.873232275247573853e-01 -6.226461529731750488e-01 -7.421561330556869507e-02 -2.863412201404571533e-01 -1.016569018363952637e+00 -5.479007363319396973e-01 -4.385945498943328857e-01 -1.211242899298667908e-01 -3.781441152095794678e-01 -5.033519268035888672e-01 7.414696216583251953e-01 8.698213100433349609e-01 -1.630537509918212891e-01 3.474081754684448242e-01 -1.805146932601928711e-01 2.001334428787231445e-01 6.048384308815002441e-01 3.285587728023529053e-01 6.311068534851074219e-01 -4.824214279651641846e-01 -2.671328485012054443e-01 4.864163994789123535e-01 -2.397494167089462280e-01 -2.481402158737182617e-01 -2.316756695508956909e-01 2.908290028572082520e-01 4.295637905597686768e-01 2.225095033645629883e-01 -6.618390679359436035e-01 1.010114625096321106e-01 -1.325073540210723877e-01 -1.374375522136688232e-01 2.312798649072647095e-01 -3.153704106807708740e-01 6.677472591400146484e-01 -3.655025660991668701e-01 -2.314052581787109375e-01 7.751770615577697754e-01 5.661492943763732910e-01 -1.279493235051631927e-02 6.071253120899200439e-02 -2.052927911281585693e-01 6.495451927185058594e-01 8.730001002550125122e-02 7.414413690567016602e-01 -7.159430980682373047e-01 -1.031488537788391113e+00 -3.265167772769927979e-01 5.684706568717956543e-01 -3.067253828048706055e-01 2.094536870718002319e-01 3.524516522884368896e-01 2.896114289760589600e-01 -1.338371336460113525e-01 6.199805438518524170e-02 -5.403272062540054321e-02 2.105865925550460815e-01 1.458203792572021484e-01 -3.394927084445953369e-01 5.975603461265563965e-01
2.920768260955810547e-01 -1.072761535644531250e+00 4.692898392677307129e-01 3.673159778118133545e-01 -5.232961177825927734e-01 6.349027752876281738e-01 3.285333514213562012e-01 6.308164596557617188e-01 -5.003330707550048828e-01 4.797824621200561523e-01 -2.618726789951324463e-01 -1.182620763778686523e+00 -3.637635111808776855e-01 1.347966790199279785e-01 6.190500855445861816e-01 7.257019877433776855e-01 -6.507874131202697754e-01 3.172502219676971436e-01 8.899583816528320312e-01 2.857693135738372803e-01 7.139635086059570312e-01 1.122829437255859375e+00 4.844762980937957764e-01 -1.048905014991760254e+00 -6.048430129885673523e-02 2.177572548389434814e-01 1.202192306518554688e-01 -2.313876152038574219e-01 1.241847038269042969e+00 -9.581379294395446777e-01 3.316234946250915527e-01 -6.221811175346374512e-01 6.196380257606506348e-01 -7.201693058013916016e-01 3.855709731578826904e-01 2.416219562292098999e-02 2.946341037750244141e-01 1.186267375946044922e+00 1.938549429178237915e-01 -1.556182801723480225e-01 -2.724269926548004150e-01 3.964796066284179688e-01 6.234167814254760742e-01 -6.431885063648223877e-02 1.118717044591903687e-01 3.032814152538776398e-02 7.906432747840881348e-01 4.451104402542114258e-01 -4.930061995983123779e-01 -2.442461699247360229e-01 4.951163828372955322e-01 -2.390522360801696777e-01 4.187996089458465576e-01 4.973953962326049805e-01 6.794934868812561035e-01 -2.643011510372161865e-01 7.800402641296386719e-01 -1.294030189514160156e+00 2.521685659885406494e-01 4.045268297195434570e-01 9.237466752529144287e-02 3.537415526807308197e-03 -8.094760775566101074e-01 2.903531491756439209e-02
-6.129820272326469421e-02 -9.080114364624023438e-01 1.067769601941108704e-01 -4.726290404796600342e-01 -1.241544336080551147e-01 1.923094876110553741e-02 1.128296926617622375e-01 -1.660602390766143799e-01 -4.983892291784286499e-02 -9.369274973869323730e-02 -4.852377772331237793e-01 -6.827525496482849121e-01 -2.742316126823425293e-01 9.334852546453475952e-02 6.948502659797668457e-01 1.009702563285827637e+00 -3.731819987297058105e-01 3.701818287372589111e-01 3.781616985797882080e-01 6.404075026512145996e-02 -2.221491783857345581e-01 6.525168418884277344e-01 5.739011764526367188e-01 -6.918925642967224121e-01 -1.202507168054580688e-01 -2.498077452182769775e-01 1.382141411304473877e-01 -1.061137318611145020e+00 5.441329479217529297e-01 -9.068881273269653320e-01 6.274714469909667969e-01 -1.078143596649169922e+00 4.959489107131958008e-01 -3.640964254736900330e-02 2.182894200086593628e-01 9.163726568222045898e-01 -6.810533404350280762e-01 4.230468273162841797e-01 -1.172389555722475052e-02 -6.733127832412719727e-01 -1.014432031661272049e-02 3.980459272861480713e-01 2.425934821367263794e-01 -7.486618757247924805e-01 7.667088508605957031e-01 -6.637138128280639648e-01 2.211400568485260010e-01 1.657023727893829346e-01 4.357600584626197815e-02 2.244848161935806274e-01 -5.115221142768859863e-01 -2.248478680849075317e-01 2.358032017946243286e-02 2.203316092491149902e-01 2.941816449165344238e-01 -5.065966248512268066e-01 4.829288460314273834e-03 -5.777524113655090332e-01 -7.811457663774490356e-02 1.894303411245346069e-01 -2.024834603071212769e-01 1.817281246185302734e-01 -2.130667679011821747e-02 1.108952686190605164e-01
-2.735769189894199371e-02 -9.899588227272033691e-01 5.501447245478630066e-02 3.737042844295501709e-02 -6.196703910827636719e-01 6.097371578216552734e-01 3.666236102581024170e-01 6.051813960075378418e-01 -7.124558836221694946e-02 -1.208473276346921921e-02 -2.858830094337463379e-01 -1.268641114234924316e+00 -4.391509294509887695e-01 1.732176244258880615e-01 5.578289628028869629e-01 9.617264270782470703e-01 -2.547209560871124268e-01 1.332842707633972168e-01 7.553727626800537109e-01 1.264350563287734985e-01 4.693756997585296631e-01 8.928638696670532227e-01 1.064755916595458984e-01 -8.052237033843994141e-01 -2.158976942300796509e-01 7.653073966503143311e-02 -1.245706677436828613e-01 -4.053515493869781494e-01 1.060932993888854980e+00 -1.060338735580444336e+00 8.777317404747009277e-02 -6.812154650688171387e-01 3.521953225135803223e-01 -1.080961152911186218e-01 2.387218326330184937e-01 3.729687631130218506e-01 -1.270360946655273438e-01 5.737504959106445312e-01 3.462274000048637390e-02 -5.458907485008239746e-01 -2.200178205966949463e-01 3.895658552646636963e-01 4.178043007850646973e-01 -1.821559369564056396e-01 1.492290049791336060e-01 -3.549306420609354973e-03 5.637588500976562500e-01 3.614999353885650635e-01 -3.372659683227539062e-01 1.279013156890869141e-01 2.226680219173431396e-01 -2.333615273237228394e-01 9.612511843442916870e-02 6.470423936843872070e-01 5.403035879135131836e-01 -4.869171380996704102e-01 6.875920295715332031e-01 -8.550648689270019531e-01 3.725084364414215088e-01 3.384415060281753540e-02 -6.383127719163894653e-02 -1.851266771554946899e-01 -6.009619832038879395e-01 2.365316748619079590e-01
6.698974370956420898e-01 -5.014907121658325195e-01 -8.692349195480346680e-01 1.753260493278503418e-01 -7.035630345344543457e-01 -1.192000284790992737e-01 -2.011518180370330811e-01 1.429508253931999207e-02 -1.334695667028427124e-01 1.437191963195800781e-01 -1.120746284723281860e-01 -2.123825073242187500e+00 1.363264769315719604e-01 -1.434059500694274902e+00 -8.939797431230545044e-02 1.216954946517944336e+00 3.580713644623756409e-02 -2.324986755847930908e-01 3.900699913501739502e-01 2.971994280815124512e-01 4.174298644065856934e-01 1.666471213102340698e-01 1.246914982795715332e+00 -5.579330921173095703e-01 -3.084006607532501221e-01 2.605438046157360077e-02 -3.637489974498748779e-01 -3.171815276145935059e-01 -3.310540616512298584e-01 3.750719502568244934e-02 -7.918480038642883301e-01 -3.976000100374221802e-02 1.392375230789184570e-01 -2.319486588239669800e-01 -7.060778141021728516e-01 -5.477022528648376465e-01 -3.731740713119506836e-01 -2.583493292331695557e-01 -2.086956501007080078e-01 1.206043586134910583e-01 -4.313294291496276855e-01 1.076736301183700562e-01 -3.280177414417266846e-01 -8.225548267364501953e-01 -5.533064603805541992e-01 -9.744195342063903809e-01 9.121472835540771484e-01 -1.467117071151733398e-01 -4.179108142852783203e-01 3.464608788490295410e-01 -5.255943536758422852e-01 2.420915961265563965e-01 -4.331307136453688145e-04 3.896080851554870605e-01 7.476643323898315430e-01 9.820248931646347046e-02 9.229725599288940430e-02 -7.978768944740295410e-01 9.721680730581283569e-02 4.105854332447052002e-01 -3.882354125380516052e-02 2.499755918979644775e-01 -6.265145540237426758e-01 5.548024177551269531e-01
4.413269460201263428e-01 -2.880040109157562256e-01 5.637394189834594727e-01 1.634174585342407227e-01 -3.335669338703155518e-01 -4.500625655055046082e-02 1.216895207762718201e-01 -5.353640913963317871e-01 -3.557083904743194580e-01 1.358656138181686401e-01 -5.253159403800964355e-01 -1.874656528234481812e-01 -7.231521606445312500e-01 -4.070990681648254395e-01 -1.206919774413108826e-01 -3.530364483594894409e-02 -3.136818408966064453e-01 5.622317194938659668e-01 -4.887885451316833496e-01 1.099706143140792847e-01 -8.444659113883972168e-01 4.739171862602233887e-01 7.824937999248504639e-02 -3.918526694178581238e-02 -1.917231827974319458e-01 -1.711344569921493530e-01 3.535733819007873535e-01 -2.227106988430023193e-01 2.992491610348224640e-02 -1.648360490798950195e-01 2.155763357877731323e-01 -1.325544357299804688e+00 1.474760174751281738e-01 2.280076444149017334e-01 -8.982445597648620605e-01 -3.944349586963653564e-01 -8.776028156280517578e-01 6.942158341407775879e-01 1.021333709359169006e-01 -8.779361099004745483e-02 -2.858334481716156006e-01 -2.190517447888851166e-02 6.181415319442749023e-01 3.712618350982666016e-01 -2.681071162223815918e-01 -6.195374727249145508e-01 1.230753511190414429e-01 -5.137840509414672852e-01 2.784390151500701904e-01 -5.197288393974304199e-01 -5.865840315818786621e-01 -5.502406954765319824e-01 4.827924966812133789e-01 7.549417763948440552e-02 1.022094011306762695e+00 2.398423850536346436e-01 -3.899266719818115234e-01 -9.040628075599670410e-01 -1.673057228326797485e-01 5.076376199722290039e-01 -9.456906467676162720e-02 -2.157840132713317871e-01 -4.590316116809844971e-01 1.767413765192031860e-01
1.037677884101867676e+00 -2.166653722524642944e-01 5.300549864768981934e-01 1.107258319854736328e+00 -8.446428179740905762e-01 3.319153487682342529e-01 6.646730303764343262e-01 -3.016023337841033936e-01 3.399816155433654785e-01 -1.858658939599990845e-01 5.796628072857856750e-02 -3.136210739612579346e-01 -6.167994737625122070e-01 -4.534714519977569580e-01 3.157247006893157959e-01 1.288051247596740723e+00 -6.897578239440917969e-01 -4.650762975215911865e-01 -4.584513008594512939e-01 5.676441192626953125e-01 7.110016942024230957e-01 8.378335237503051758e-01 1.174993634223937988e+00 -4.097576141357421875e-01 8.360222578048706055e-01 8.154243826866149902e-01 2.481542229652404785e-01 -1.935236006975173950e-01 6.165202856063842773e-01 -9.552569389343261719e-01 3.665364384651184082e-01 9.384088963270187378e-02 -3.717701137065887451e-02 -3.209434747695922852e-01 -6.096369624137878418e-01 1.417413502931594849e-01 3.103910386562347412e-01 5.028694272041320801e-01 3.557747900485992432e-01 -2.244144976139068604e-01 -9.437462687492370605e-01 6.967388838529586792e-02 2.837227843701839447e-02 4.053011164069175720e-02 -7.965035736560821533e-03 -1.021004319190979004e-01 3.822425007820129395e-01 -5.282109603285789490e-02 -4.232204556465148926e-01 -3.106274902820587158e-01 5.928229689598083496e-01 2.607890367507934570e-01 2.810399234294891357e-01 1.066267967224121094e+00 -2.571760416030883789e-01 -2.895901799201965332e-01 1.311495453119277954e-01 1.576322913169860840e-01 -6.819958686828613281e-01 -3.038231432437896729e-01 -1.516436040401458740e-01 6.924379467964172363e-01 1.155300736427307129e-01 8.452127575874328613e-01
1.043838143348693848e+00 -3.606725633144378662e-01 -4.827962517738342285e-01 -2.012207061052322388e-01 -7.314026355743408203e-01 -4.591785073280334473e-01 -9.056731313467025757e-02 -5.491309165954589844e-01 -5.935817360877990723e-01 1.336338371038436890e-01 6.442446708679199219e-01 -1.627090692520141602e+00 6.520297378301620483e-02 1.631264984607696533e-01 5.971640944480895996e-01 1.357167661190032959e-01 -1.472871750593185425e-01 -1.678101420402526855e-01 1.599109321832656860e-01 -2.865085601806640625e-01 6.529024243354797363e-01 8.512850403785705566e-01 3.454931378364562988e-01 -1.073860764503479004e+00 -4.917741417884826660e-01 1.196877211332321167e-01 -3.025922551751136780e-02 -2.132886350154876709e-01 3.733149170875549316e-01 9.148228913545608521e-02 1.920661777257919312e-01 1.735679954290390015e-01 1.092934459447860718e-01 1.362610757350921631e-01 -5.424056053161621094e-01 -6.155754923820495605e-01 -1.201617196202278137e-01 1.978997290134429932e-01 4.224148094654083252e-01 -8.494839817285537720e-02 -3.257165849208831787e-01 -5.503480434417724609e-01 -1.872018873691558838e-01 -3.041651546955108643e-01 -5.133105516433715820e-01 -3.329758346080780029e-01 1.523180752992630005e-01 -5.759756267070770264e-02 7.369142770767211914e-01 1.188411749899387360e-02 4.502100646495819092e-01 -5.248684883117675781e-01 3.461387157440185547e-01 3.883216679096221924e-01 -7.363759279251098633e-01 1.901617944240570068e-01 1.595346033573150635e-01 -4.173205792903900146e-01 -5.977129340171813965e-01 -7.941116392612457275e-02 1.002157330513000488e-01 6.152426004409790039e-01 -1.341983526945114136e-01 -2.303253859281539917e-01
4.395571053028106689e-01 -3.795676231384277344e-01 3.161339461803436279e-02 5.054891705513000488e-01 -2.931074798107147217e-01 -2.438231110572814941e-01 -3.722728490829467773e-01 -5.321171879768371582e-01 -2.987969517707824707e-01 4.205348491668701172e-01 -5.295592918992042542e-02 -7.013847827911376953e-01 5.693854093551635742e-01 5.528292655944824219e-01 4.257413744926452637e-01 2.968496382236480713e-01 -6.214409470558166504e-01 -1.533071994781494141e-01 -3.135904967784881592e-01 1.877813786268234253e-01 1.401852488517761230e+00 7.479472756385803223e-01 1.144074574112892151e-01 -1.081650376319885254e+00 -5.419785380363464355e-01 2.229412347078323364e-01 -1.280344277620315552e-01 3.325478136539459229e-01 -2.974808774888515472e-02 3.932591527700424194e-02 1.053788900375366211e+00 3.445523083209991455e-01 4.335359930992126465e-01 5.961107015609741211e-01 -8.651024699211120605e-01 -3.888060152530670166e-01 -6.006257142871618271e-03 5.027315020561218262e-01 1.915803253650665283e-01 4.863224923610687256e-01 -4.434797167778015137e-02 -1.987996846437454224e-01 1.963738352060317993e-01 -5.712638497352600098e-01 4.178588390350341797e-01 -2.439771145582199097e-01 1.674121916294097900e-01 -3.439233303070068359e-01 1.318134069442749023e-01 -4.341408014297485352e-01 4.714120626449584961e-01 -7.306759953498840332e-01 2.447880655527114868e-01 3.959230184555053711e-01 -1.754604727029800415e-01 3.016067743301391602e-01 2.916107475757598877e-01 -7.731552720069885254e-01 -7.374364733695983887e-01 -9.613716602325439453e-02 -4.044151902198791504e-01 5.989923477172851562e-01 -9.461428225040435791e-02 -1.274855621159076691e-02
1.321238756179809570e+00 -2.815639376640319824e-01 -5.350601077079772949e-01 2.707536220550537109e-01 3.470360934734344482e-01 -8.007631301879882812e-01 2.543360292911529541e-01 -1.692626774311065674e-01 -8.019669353961944580e-02 -4.054748713970184326e-01 -1.751869618892669678e-01 -5.289540886878967285e-01 1.060866937041282654e-02 7.390587925910949707e-01 8.639167547225952148e-01 3.388265967369079590e-01 -3.594573736190795898e-01 -1.859504133462905884e-01 -3.215707242488861084e-01 2.201578347012400627e-03 7.393817901611328125e-01 1.338462710380554199e+00 9.306612014770507812e-01 -1.004854679107666016e+00 -9.333919882774353027e-01 4.909471869468688965e-01 4.643905460834503174e-01 -1.086518287658691406e+00 -3.578041195869445801e-01 -6.881093382835388184e-01 9.082303196191787720e-02 9.742230921983718872e-02 4.831543862819671631e-01 -3.741441965103149414e-01 -1.530004739761352539e-01 -5.184476375579833984e-01 5.831976532936096191e-01 5.121875405311584473e-01 -5.376654863357543945e-01 -1.495388746261596680e-01 -5.188548564910888672e-01 -1.204186528921127319e-01 2.791629731655120850e-01 -4.403562545776367188e-01 -4.426173865795135498e-02 -2.972428202629089355e-01 5.344504490494728088e-03 -2.981494069099426270e-01 -1.198412254452705383e-01 -4.107527136802673340e-01 5.178292393684387207e-01 -4.085867106914520264e-01 9.068393707275390625e-01 3.666868805885314941e-01 -8.622348904609680176e-01 -1.936019212007522583e-01 5.637828707695007324e-01 -8.433994650840759277e-01 -6.998103857040405273e-02 -2.114360183477401733e-01 -8.728510141372680664e-02 1.400677323341369629e+00 -2.927505373954772949e-01 6.756570190191268921e-02
5.723987817764282227e-01 -3.627941608428955078e-01 -1.819905191659927368e-01 4.468463063240051270e-01 -5.682707428932189941e-01 -6.863221526145935059e-01 1.850915849208831787e-01 -2.579420506954193115e-01 -3.829972743988037109e-01 1.214277073740959167e-01 7.147225737571716309e-01 -1.077584743499755859e+00 4.037883132696151733e-02 -7.434092462062835693e-02 8.617206215858459473e-01 1.724431067705154419e-01 -6.058224439620971680e-01 2.184567153453826904e-01 2.537564039230346680e-01 -1.565892249345779419e-01 9.829318523406982422e-01 6.992081999778747559e-01 2.718764245510101318e-01 -9.066290259361267090e-01 -8.720697760581970215e-01 2.016264051198959351e-01 4.088500142097473145e-01 -9.991659224033355713e-02 -1.480680853128433228e-01 -3.322204053401947021e-01 4.414505064487457275e-01 -1.545449048280715942e-01 1.690713763236999512e-01 5.429776757955551147e-02 -7.226157784461975098e-01 -5.221032500267028809e-01 4.782499969005584717e-01 5.120506286621093750e-01 3.772419393062591553e-01 2.982798814773559570e-01 -4.487005770206451416e-01 1.351827979087829590e-01 3.400850594043731689e-01 -6.289727687835693359e-01 -4.487176239490509033e-01 -1.376511156558990479e-01 2.085727453231811523e-01 8.746893703937530518e-02 3.846031129360198975e-01 2.013829946517944336e-01 4.938576519489288330e-01 -2.345936596393585205e-01 1.583922952413558960e-01 -3.620003163814544678e-01 -8.201203346252441406e-01 5.382273197174072266e-01 1.868558675050735474e-02 -2.960657179355621338e-01 -4.563382863998413086e-01 1.455210596323013306e-01 -2.849133014678955078e-01 5.057544112205505371e-01 -3.152001202106475830e-01 -1.371354758739471436e-01
1.811871379613876343e-01 -1.182004928588867188e+00 8.704184293746948242e-01 3.044620454311370850e-01 -7.353068888187408447e-02 -1.194179296493530273e+00 7.414118051528930664e-01 -3.038584589958190918e-01 -3.800676465034484863e-01 -2.289800494909286499e-01 -6.284986138343811035e-01 -1.245664834976196289e+00 -8.859587907791137695e-01 -1.166050076484680176e+00 9.189109802246093750e-01 4.660101830959320068e-01 -5.794268473982810974e-02 1.285111606121063232e-01 -2.653084695339202881e-01 7.356759309768676758e-01 9.834957122802734375e-01 8.694326281547546387e-01 -1.173814907670021057e-01 -1.082934141159057617e+00 9.432714581489562988e-01 5.906704068183898926e-01 -2.010761052370071411e-01 -1.411192417144775391e-01 6.124601364135742188e-01 -9.603396058082580566e-01 -1.107871755957603455e-01 -5.375482439994812012e-01 -1.034111008048057556e-01 -9.430176019668579102e-01 1.293874830007553101e-01 -5.632213130593299866e-02 -6.922794580459594727e-01 4.478250443935394287e-01 6.794221997261047363e-01 1.241593003273010254e+00 -9.984884858131408691e-01 -1.432548165321350098e-01 8.536657094955444336e-01 -1.413769125938415527e-01 -7.966107130050659180e-01 -1.234250307083129883e+00 -3.004558980464935303e-01 1.768373101949691772e-01 -2.804330885410308838e-01 -5.069334506988525391e-01 4.394955039024353027e-01 -7.599518299102783203e-01 3.774034604430198669e-02 6.044326424598693848e-01 8.114897012710571289e-01 1.452771127223968506e-01 -1.555528957396745682e-02 -9.405447244644165039e-01 -5.059540271759033203e-01 1.126882880926132202e-01 -2.370458245277404785e-01 5.552648305892944336e-01 6.652091741561889648e-01 6.871936917304992676e-01
3.412044644355773926e-01 -2.546676993370056152e-01 -3.548992052674293518e-02 -3.949652612209320068e-02 2.370935082435607910e-01 -2.717771232128143311e-01 4.188255965709686279e-01 -3.342627584934234619e-01 -4.163621366024017334e-01 1.448991000652313232e-01 -5.189353227615356445e-01 -5.312411785125732422e-01 -3.477613627910614014e-01 -6.435469388961791992e-01 -2.716937959194183350e-01 7.060883641242980957e-01 5.663566291332244873e-02 -6.038419604301452637e-01 -3.466522395610809326e-01 -2.229689806699752808e-01 -1.280315518379211426e-01 5.100846886634826660e-01 6.792869418859481812e-02 -1.367441713809967041e-01 -1.783105731010437012e-01 1.431492809206247330e-02 7.819485664367675781e-02 5.911597236990928650e-02 6.364321112632751465e-01 5.233173444867134094e-02 2.881577610969543457e-01 1.938736140727996826e-01 -1.096617460250854492e+00 -3.928443491458892822e-01 -4.630159139633178711e-01 -4.224514961242675781e-01 -2.638778463006019592e-02 8.073869347572326660e-01 -4.916067719459533691e-01 -4.086892306804656982e-01 3.558876514434814453e-01 1.227758899331092834e-01 9.482438564300537109e-01 1.003135219216346741e-01 -6.815465688705444336e-01 -6.537037491798400879e-01 2.831466794013977051e-01 -8.216280490159988403e-02 3.827760815620422363e-01 4.983064532279968262e-01 1.079551056027412415e-01 -5.307853221893310547e-01 5.589022040367126465e-01 4.450612664222717285e-01 5.400012731552124023e-01 -7.589276432991027832e-01 -5.413851886987686157e-02 -3.855023086071014404e-01 -6.714307069778442383e-01 4.498684406280517578e-02 -4.614949524402618408e-01 -6.046378612518310547e-02 -4.634368717670440674e-01 -7.708957046270370483e-02
-6.826403141021728516e-01 -3.267996013164520264e-01 1.902972161769866943e-01 -4.591448307037353516e-01 -1.104814782738685608e-01 -2.281360626220703125e-01 -1.169902309775352478e-01 -8.957465887069702148e-01 -3.292548060417175293e-01 -3.015112876892089844e-01 2.312547564506530762e-01 -5.871856808662414551e-01 -1.169882938265800476e-01 -6.031434535980224609e-01 -4.830605536699295044e-02 1.084169268608093262e+00 1.346148997545242310e-01 -5.194261074066162109e-01 -1.450310945510864258e-01 1.238852143287658691e-01 -5.104964971542358398e-01 2.291527986526489258e-01 1.587519496679306030e-01 -4.767055511474609375e-01 -5.708370357751846313e-02 3.580362498760223389e-01 -3.781671524047851562e-01 -8.084375262260437012e-01 1.412267982959747314e-01 -1.359269738197326660e+00 3.617337942123413086e-01 -5.564367175102233887e-01 -4.442323446273803711e-01 1.467474848031997681e-01 -1.667975485324859619e-01 -2.622012794017791748e-01 -4.880649149417877197e-01 1.843623071908950806e-01 -7.365957647562026978e-02 -4.487580060958862305e-01 -1.457684487104415894e-01 5.290198326110839844e-01 6.649746298789978027e-01 -2.000055760145187378e-01 -1.836241185665130615e-01 -1.843943595886230469e-01 2.575338631868362427e-02 -3.945768252015113831e-02 -2.599940896034240723e-01 3.975447416305541992e-01 4.963452219963073730e-01 -8.815105557441711426e-01 -4.472876191139221191e-01 1.886239200830459595e-01 3.599455654621124268e-01 -3.089827597141265869e-01 5.414224863052368164e-01 -5.829387903213500977e-01 -6.097460389137268066e-01 8.978594094514846802e-02 -5.215106010437011719e-01 -1.560911387205123901e-01 -6.778773069381713867e-01 1.934482753276824951e-01
2.428017407655715942e-01 -2.472937703132629395e-01 2.544355094432830811e-01 4.838383495807647705e-01 -4.725770056247711182e-01 -1.527364552021026611e-01 -3.320686519145965576e-01 -3.394209444522857666e-01 3.602742850780487061e-01 3.780940175056457520e-01 6.964427232742309570e-02 -7.012797594070434570e-01 -2.951157093048095703e-01 -4.314698278903961182e-01 4.508980200625956059e-04 6.178101897239685059e-01 -1.880526244640350342e-01 3.839008510112762451e-01 -6.691825985908508301e-01 5.572753548622131348e-01 9.945621341466903687e-02 -2.614959478378295898e-01 5.027952194213867188e-01 -4.789326488971710205e-01 1.851700097322463989e-01 1.132413395680487156e-03 -3.533009886741638184e-01 -8.795245289802551270e-01 7.566576004028320312e-01 -7.948408126831054688e-01 6.120829656720161438e-02 -6.959002614021301270e-01 -1.713198572397232056e-01 6.514818072319030762e-01 -7.534933686256408691e-01 1.539371907711029053e-01 -4.073561429977416992e-01 1.662428826093673706e-01 -2.760472474619746208e-03 -9.965334534645080566e-01 -8.767696022987365723e-01 -2.812700867652893066e-01 7.603017687797546387e-01 -4.733411967754364014e-01 2.375556826591491699e-01 -2.984414100646972656e-01 4.495258629322052002e-01 -4.578959941864013672e-01 -7.935765385627746582e-01 1.135701313614845276e-01 -3.141338825225830078e-01 3.908418864011764526e-02 9.854658246040344238e-01 3.839328289031982422e-01 5.431139469146728516e-01 3.003566265106201172e-01 7.173056006431579590e-01 -3.473687469959259033e-01 -1.172005757689476013e-01 2.077518254518508911e-01 6.844453513622283936e-02 -1.111534330993890762e-02 -1.319930106401443481e-01 -3.067295849323272705e-01
4.787634909152984619e-01 -1.206843137741088867e+00 1.400992870330810547e-01 6.465990543365478516e-01 -2.156308889389038086e-01 4.007646441459655762e-02 -8.985519409179687500e-02 -3.995650112628936768e-01 -4.394799768924713135e-01 -1.962974518537521362e-01 -4.360762238502502441e-01 4.589812159538269043e-01 -7.689123153686523438e-01 2.809171378612518311e-01 5.448424816131591797e-01 5.038653612136840820e-01 3.280326128005981445e-01 -4.444428980350494385e-01 -1.355765014886856079e-01 -3.470629453659057617e-02 -3.544610440731048584e-01 -3.848200440406799316e-01 5.478280186653137207e-01 -7.681289315223693848e-01 2.129912823438644409e-01 4.543960392475128174e-01 8.088559657335281372e-02 1.030527502298355103e-01 -5.261996015906333923e-02 1.217720583081245422e-01 -3.040249943733215332e-01 -4.463502168655395508e-01 3.708568513393402100e-01 -5.811966061592102051e-01 -4.201870560646057129e-01 -2.974199354648590088e-01 -7.622932642698287964e-02 -4.149686992168426514e-01 -2.299472223967313766e-03 -3.685205578804016113e-01 -3.660389780998229980e-01 8.997260332107543945e-01 1.527994871139526367e-01 -6.055534482002258301e-01 7.105363160371780396e-02 -3.788965940475463867e-01 4.251433312892913818e-01 -3.059793710708618164e-01 -2.855762243270874023e-01 3.204495012760162354e-01 -1.091363057494163513e-01 -1.221337243914604187e-01 2.384294271469116211e-01 -1.823822408914566040e-01 6.383690834045410156e-01 2.414078861474990845e-01 9.122526645660400391e-02 -5.331307053565979004e-01 -4.063548520207405090e-02 -1.178727764636278152e-02 -2.212995141744613647e-01 5.265209674835205078e-01 3.362587466835975647e-02 5.862859487533569336e-01
3.544722199440002441e-01 -2.579423487186431885e-01 1.081856265664100647e-01 2.413431406021118164e-01 -2.658445835113525391e-01 7.158749736845493317e-03 -1.907365918159484863e-01 -4.277293384075164795e-01 1.001816391944885254e-01 -1.968597918748855591e-01 1.759500354528427124e-01 -1.109818816184997559e+00 -9.546561241149902344e-01 -3.550299257040023804e-02 -8.859146237373352051e-01 4.291368424892425537e-01 -1.783834695816040039e-01 -4.879981875419616699e-01 -2.705068886280059814e-01 5.874992012977600098e-01 3.371772766113281250e-01 5.022043362259864807e-02 3.532855510711669922e-01 -5.103076100349426270e-01 -4.829284846782684326e-01 3.453645706176757812e-01 -2.541576027870178223e-01 -5.357913374900817871e-01 5.534265637397766113e-01 -6.209117770195007324e-01 1.885748952627182007e-01 -6.960400342941284180e-01 -5.559741258621215820e-01 -3.757238388061523438e-01 -1.716731935739517212e-01 2.055238783359527588e-01 -5.688450857996940613e-02 2.766554355621337891e-01 -1.790827363729476929e-01 -5.489364266395568848e-01 -2.069786787033081055e-01 4.965319484472274780e-02 3.040426075458526611e-01 -2.547410428524017334e-01 4.714950919151306152e-01 -4.809481203556060791e-01 5.818465948104858398e-01 -1.485651880502700806e-01 -4.430447518825531006e-01 3.732037842273712158e-01 -2.730181813240051270e-01 -7.292339801788330078e-01 6.567699313163757324e-01 5.231735110282897949e-01 6.727632284164428711e-01 -4.225208163261413574e-01 4.703316390514373779e-01 3.838879466056823730e-01 -4.307085275650024414e-01 -1.213650107383728027e-01 -6.997845321893692017e-02 -2.748647034168243408e-01 -2.055507898330688477e-01 -6.545533984899520874e-02
6.897361278533935547e-01 -1.537638306617736816e-01 7.644743919372558594e-01 4.411011040210723877e-01 -5.079022645950317383e-01 -3.472141921520233154e-01 3.427321556955575943e-03 -2.880024015903472900e-01 -4.726429581642150879e-01 -3.713057339191436768e-01 -5.189667940139770508e-01 3.151583299040794373e-02 -2.263424992561340332e-01 -5.571398138999938965e-01 7.236868739128112793e-01 1.075137734413146973e+00 -5.228928327560424805e-01 1.550049870274960995e-03 4.907451570034027100e-01 1.145098805427551270e-01 -1.845665425062179565e-01 2.343484573066234589e-02 1.224561631679534912e-01 -1.094002246856689453e+00 -1.513047814369201660e-01 1.245568990707397461e-01 1.061432510614395142e-01 -4.953310191631317139e-01 -6.139031052589416504e-02 2.345615439116954803e-02 4.217133820056915283e-01 2.989357803016901016e-03 -3.085325360298156738e-01 2.682631611824035645e-01 4.106362536549568176e-02 -2.703186869621276855e-01 3.147840872406959534e-02 -5.684231966733932495e-02 1.599594764411449432e-02 -1.175243705511093140e-01 2.350838854908943176e-03 1.192575216293334961e+00 -2.505190968513488770e-01 -6.916517615318298340e-01 -5.800418257713317871e-01 -3.045127689838409424e-01 1.797704212367534637e-02 -1.071827337145805359e-01 4.774878025054931641e-01 -2.492094933986663818e-01 -2.801041603088378906e-01 -4.705927520990371704e-02 1.157534345984458923e-01 -3.220471143722534180e-01 5.783155560493469238e-01 3.278113603591918945e-01 3.238169848918914795e-01 -6.829112023115158081e-02 -7.973978519439697266e-01 -1.618324071168899536e-01 4.476425945758819580e-01 -2.143896743655204773e-02 3.735418021678924561e-01 5.711957216262817383e-01
5.663929581642150879e-01 -3.102685809135437012e-01 3.043635785579681396e-01 1.951303035020828247e-01 -1.434988379478454590e-01 -9.207137227058410645e-01 1.088146213442087173e-02 1.964436471462249756e-01 -1.662490069866180420e-01 -1.188488528132438660e-01 -4.872189164161682129e-01 -3.291169181466102600e-02 -3.817388787865638733e-02 -6.005033478140830994e-02 5.199453234672546387e-01 5.814269781112670898e-01 -5.529663711786270142e-02 -2.608691155910491943e-01 -6.217064261436462402e-01 6.877616792917251587e-02 4.174664020538330078e-01 9.723895192146301270e-01 6.092171072959899902e-01 -3.400980830192565918e-01 3.464259505271911621e-01 8.515465259552001953e-01 -2.196726389229297638e-02 7.848573923110961914e-01 -1.049289777874946594e-01 4.024979770183563232e-01 3.648644685745239258e-01 -1.110283613204956055e+00 -1.321003288030624390e-01 -1.694800704717636108e-01 1.084055081009864807e-01 -1.116479754447937012e+00 -8.253937363624572754e-01 -1.789411306381225586e-01 1.374496072530746460e-01 -9.535330533981323242e-01 -2.782805860042572021e-01 8.916091173887252808e-02 7.137841582298278809e-01 -7.777684926986694336e-01 -1.319240778684616089e-02 -5.254391431808471680e-01 3.750850260257720947e-01 -4.441616237163543701e-01 1.944412291049957275e-01 9.331198781728744507e-02 4.437402486801147461e-01 -7.663270831108093262e-01 -6.630179286003112793e-01 9.162418544292449951e-02 1.047268629074096680e+00 -5.038834810256958008e-01 -1.784058511257171631e-01 -2.288155853748321533e-01 -3.277030289173126221e-01 -1.371257156133651733e-01 -1.247264146804809570e-01 5.523630380630493164e-01 -4.892168939113616943e-01 -1.564477086067199707e-01
8.686051964759826660e-01 -3.050577044486999512e-01 2.478958964347839355e-01 -1.152381673455238342e-01 -3.392797410488128662e-01 -4.623567163944244385e-01 -2.208917438983917236e-01 -1.109614446759223938e-01 -4.060718417167663574e-01 8.506331443786621094e-01 -4.313839599490165710e-02 -9.811824560165405273e-01 -1.323599219322204590e-01 5.864591598510742188e-01 8.268569707870483398e-01 3.788754045963287354e-01 -2.871136069297790527e-01 1.331706941127777100e-01 -1.420046985149383545e-01 4.030880033969879150e-01 6.473676562309265137e-01 1.251599073410034180e+00 1.629152894020080566e-01 -3.952414393424987793e-01 -4.565370976924896240e-01 3.654688894748687744e-01 3.499562144279479980e-01 -3.059538900852203369e-01 4.023278504610061646e-02 3.877576887607574463e-01 5.532987713813781738e-01 -1.197450011968612671e-01 5.656425952911376953e-01 3.124749958515167236e-01 -9.072651267051696777e-01 -5.839954614639282227e-01 1.117237135767936707e-01 6.850528717041015625e-01 2.870346605777740479e-01 2.541240453720092773e-01 1.894077807664871216e-01 2.049400508403778076e-01 -1.492693722248077393e-01 -5.964739918708801270e-01 1.996175497770309448e-01 -3.695958256721496582e-01 6.670598685741424561e-02 -1.889094263315200806e-01 4.267778992652893066e-01 2.455354109406471252e-02 5.599929094314575195e-01 -4.852425456047058105e-01 3.888645470142364502e-01 -4.068216681480407715e-01 -8.451923131942749023e-01 1.049898266792297363e-01 1.079713702201843262e-01 -4.252369999885559082e-01 -6.794829368591308594e-01 3.088909685611724854e-01 -2.323147207498550415e-01 7.309773564338684082e-01 1.030264347791671753e-01 -3.760738670825958252e-01
4.571887254714965820e-01 -8.797796964645385742e-01 8.106184601783752441e-01 4.372132122516632080e-01 -2.684978246688842773e-01 -2.607220709323883057e-01 -2.169854044914245605e-01 -2.885034382343292236e-01 -7.338996529579162598e-01 -6.146293878555297852e-01 -6.741983294486999512e-01 1.058371439576148987e-01 -1.827818155288696289e-01 -4.182622432708740234e-01 8.515937328338623047e-01 8.214107751846313477e-01 -2.539127171039581299e-01 -8.510904014110565186e-02 2.429127842187881470e-01 4.482846334576606750e-02 5.029330253601074219e-01 3.225421607494354248e-01 -5.386149883270263672e-02 -1.186016440391540527e+00 8.184012025594711304e-02 2.882839143276214600e-01 -2.369750291109085083e-01 -1.695210635662078857e-01 -1.284175813198089600e-01 3.109834492206573486e-01 1.625463813543319702e-01 3.649940192699432373e-01 -5.577698349952697754e-01 7.836905121803283691e-02 3.558306396007537842e-02 -5.482671260833740234e-01 -7.317177951335906982e-02 -1.198092550039291382e-01 1.816879063844680786e-01 -6.776477694511413574e-01 -4.208648204803466797e-01 1.049076437950134277e+00 8.657317608594894409e-02 -3.832192122936248779e-01 -5.488322377204895020e-01 3.043487481772899628e-02 4.661393538117408752e-02 2.374039031565189362e-02 5.094022750854492188e-01 -2.890681624412536621e-01 -7.119482159614562988e-01 -2.966352701187133789e-01 2.275538742542266846e-01 -4.461071789264678955e-01 3.910439610481262207e-01 3.927412629127502441e-02 2.242881655693054199e-01 4.339690506458282471e-02 -2.481412291526794434e-01 -3.459242172539234161e-03 4.037826359272003174e-01 1.595390439033508301e-01 6.060690805315971375e-02 5.823315382003784180e-01
3.034574091434478760e-01 -3.050465285778045654e-01 5.578828454017639160e-01 -8.219458162784576416e-02 -8.947747945785522461e-02 -2.896170914173126221e-01 -1.228089779615402222e-01 -1.903292834758758545e-01 -6.064878106117248535e-01 1.492982953786849976e-01 -3.167058527469635010e-01 -1.665632426738739014e-01 -5.910798907279968262e-01 -5.900152325630187988e-01 3.576010465621948242e-01 5.901514887809753418e-01 -5.290566384792327881e-02 -6.634333133697509766e-01 -3.499713838100433350e-01 -1.980679929256439209e-01 1.671845614910125732e-01 4.621461927890777588e-01 6.255066394805908203e-02 -2.735600471496582031e-01 -2.143293991684913635e-02 2.076104134321212769e-01 1.281617283821105957e-01 1.934092119336128235e-02 5.135594606399536133e-01 -3.668560087680816650e-02 -2.093474119901657104e-01 4.139054194092750549e-02 -1.435354501008987427e-01 3.672637939453125000e-01 2.297281473875045776e-02 -1.828490644693374634e-01 3.171468153595924377e-02 2.552319690585136414e-02 2.730991318821907043e-02 3.574350178241729736e-01 5.666860938072204590e-01 4.647205173969268799e-01 -5.729253292083740234e-01 -9.122007489204406738e-01 1.645708456635475159e-02 -3.432914316654205322e-01 3.336894512176513672e-01 -3.226868808269500732e-01 -2.909559011459350586e-02 2.596122324466705322e-01 -2.616640031337738037e-01 -5.289781093597412109e-01 -4.265730381011962891e-01 -5.366902351379394531e-01 7.616004943847656250e-01 9.281125664710998535e-02 2.148074805736541748e-01 -1.179862469434738159e-01 -4.054412543773651123e-01 -3.791177272796630859e-01 -4.871659278869628906e-01 3.189261555671691895e-01 -1.863332688808441162e-01 7.194750010967254639e-02
1.080790460109710693e-01 -6.548011302947998047e-01 6.965305805206298828e-01 1.735431849956512451e-01 4.755936563014984131e-02 -3.342099785804748535e-01 -4.555717706680297852e-01 -5.514515042304992676e-01 -8.569207191467285156e-01 -6.933862566947937012e-01 -2.987182736396789551e-01 -2.341713607311248779e-01 -6.406920552253723145e-01 -7.345350980758666992e-01 6.528183221817016602e-01 9.410167932510375977e-01 -8.489398360252380371e-01 -5.177806317806243896e-02 3.928556442260742188e-01 4.547471404075622559e-01 7.007016241550445557e-02 4.818170517683029175e-02 -3.948434814810752869e-02 -7.578422427177429199e-01 1.998209059238433838e-01 2.033416032791137695e-01 -3.571224510669708252e-01 -2.036765664815902710e-01 7.220672965049743652e-01 -9.386835694313049316e-01 8.137900731526315212e-04 1.809142678976058960e-01 -6.368814036250114441e-03 -2.190754711627960205e-01 -4.863710701465606689e-01 2.941102022305130959e-03 3.838645219802856445e-01 1.904966831207275391e-01 -4.612200856208801270e-01 5.161787942051887512e-02 5.328628420829772949e-01 8.249676227569580078e-01 -4.998300373554229736e-01 4.915960133075714111e-02 2.507333159446716309e-01 -6.546442508697509766e-01 4.968335926532745361e-01 -2.651669979095458984e-01 6.907747983932495117e-01 -1.351889222860336304e-02 2.984808385372161865e-01 1.444614585489034653e-02 -1.886380463838577271e-02 -6.356347799301147461e-01 6.759331822395324707e-01 5.105827450752258301e-01 1.160017699003219604e-01 -2.127556353807449341e-01 -9.183935075998306274e-02 -3.470437228679656982e-01 5.219906568527221680e-01 3.116351366043090820e-01 -6.921802163124084473e-01 5.245237350463867188e-01
-1.300946623086929321e-01 -3.001450002193450928e-01 1.486083120107650757e-01 3.969759047031402588e-01 -1.705254763364791870e-01 -3.740527629852294922e-01 9.372269362211227417e-02 1.281940937042236328e-01 6.288455128669738770e-01 3.751517832279205322e-01 -9.327330440282821655e-02 -7.151844501495361328e-01 -6.311572790145874023e-01 -3.286490142345428467e-01 -1.855771094560623169e-01 1.077192902565002441e+00 1.359537476673722267e-03 1.873959898948669434e-01 -2.575770616531372070e-01 7.042495012283325195e-01 2.907485067844390869e-01 4.474041759967803955e-01 3.767015933990478516e-01 -3.220730423927307129e-01 3.221842646598815918e-01 -1.391680240631103516e-01 -2.827091515064239502e-01 -5.240032672882080078e-01 8.670846223831176758e-01 -1.203532695770263672e+00 8.774758875370025635e-02 -1.470170915126800537e-01 -3.680611848831176758e-01 8.447183370590209961e-01 -7.494847774505615234e-01 1.106077209115028381e-01 -3.090003430843353271e-01 6.779967993497848511e-02 -3.449875116348266602e-01 -7.990348339080810547e-01 -7.239410281181335449e-01 2.074714154005050659e-01 4.907646775245666504e-01 -3.616176247596740723e-01 -1.322407461702823639e-02 -2.274440824985504150e-01 2.357576489448547363e-01 -6.541097164154052734e-01 -1.763525754213333130e-01 3.658209443092346191e-01 -2.749685943126678467e-01 -2.573458254337310791e-01 8.023543953895568848e-01 3.536433577537536621e-01 7.376356124877929688e-01 3.037182427942752838e-02 4.459841251373291016e-01 -2.442652434110641479e-01 -1.096294149756431580e-01 -7.602183520793914795e-02 -4.990514367818832397e-02 -1.769120804965496063e-02 1.098148897290229797e-02 -1.984017491340637207e-01
-6.648148298263549805e-01 -5.696597695350646973e-01 1.354003697633743286e-01 -3.749485015869140625e-01 -1.821347028017044067e-01 -2.870722413063049316e-01 1.173326629213988781e-03 -7.543336153030395508e-01 -9.175600856542587280e-02 -4.578323960304260254e-01 1.072203516960144043e-01 -5.552021265029907227e-01 8.608490228652954102e-02 -3.955145180225372314e-01 3.583244085311889648e-01 1.059619545936584473e+00 3.088630139827728271e-01 -6.370984315872192383e-01 -1.514105591922998428e-02 -3.061608411371707916e-02 -3.874416053295135498e-01 2.255404144525527954e-01 2.821241319179534912e-01 -4.501987397670745850e-01 -1.661911159753799438e-01 5.211330056190490723e-01 -1.359255909919738770e-01 -7.568212151527404785e-01 2.587164640426635742e-01 -1.429956674575805664e+00 3.259905576705932617e-01 -4.246667027473449707e-01 -4.947857856750488281e-01 7.824419438838958740e-02 -3.041588366031646729e-01 -2.846010923385620117e-01 -2.386518865823745728e-01 7.154934108257293701e-02 -2.234921902418136597e-01 -4.927392005920410156e-01 -6.513395160436630249e-02 6.029765009880065918e-01 6.306163668632507324e-01 -3.335251808166503906e-01 -2.667698562145233154e-01 -2.663987874984741211e-01 1.937016248703002930e-01 -1.292530745267868042e-01 -2.951986491680145264e-01 3.036586642265319824e-01 5.053985118865966797e-01 -7.827609181404113770e-01 -5.824398398399353027e-01 2.177995592355728149e-01 -5.765524879097938538e-02 -2.403310090303421021e-01 6.000208854675292969e-01 -4.058403372764587402e-01 -7.477422952651977539e-01 1.870105862617492676e-01 -3.731887340545654297e-01 -1.247677430510520935e-01 -5.287236571311950684e-01 3.392354249954223633e-01
2.573046982288360596e-01 -6.073113158345222473e-02 3.300290107727050781e-01 -1.761259734630584717e-01 -5.777016282081604004e-01 -6.801499724388122559e-01 3.588943779468536377e-01 -7.204099297523498535e-01 -4.621753692626953125e-01 1.106538623571395874e-01 -6.195700168609619141e-01 1.924711763858795166e-01 -4.881581962108612061e-01 -2.353716641664505005e-01 4.695456624031066895e-01 8.369277715682983398e-01 1.898056268692016602e-02 -6.907601356506347656e-01 -3.868722617626190186e-01 -5.673353075981140137e-01 -6.083716750144958496e-01 2.636140882968902588e-01 8.004681468009948730e-01 5.215921998023986816e-02 -3.112631142139434814e-01 9.354954361915588379e-01 -2.926946878433227539e-01 1.120461896061897278e-01 2.046547234058380127e-01 -6.990779638290405273e-01 -2.972655892372131348e-01 -3.815167248249053955e-01 1.287658046931028366e-02 -3.013494610786437988e-01 2.558686435222625732e-01 -4.462018311023712158e-01 1.324758529663085938e-01 1.877884715795516968e-01 -1.736750602722167969e-01 -4.665360748767852783e-01 3.764195144176483154e-01 -1.294307708740234375e-01 3.819125592708587646e-01 1.523486711084842682e-02 -6.963791698217391968e-02 -2.019950747489929199e-01 5.497999787330627441e-01 -5.915670990943908691e-01 -2.822490036487579346e-01 2.139906287193298340e-01 -1.809614002704620361e-01 -3.743936717510223389e-01 6.566475331783294678e-02 1.655006557703018188e-01 5.945878624916076660e-01 4.338323771953582764e-01 4.074245691299438477e-01 -6.944273114204406738e-01 -7.104376554489135742e-01 5.746810436248779297e-01 -1.786316931247711182e-01 1.091202870011329651e-01 -2.416145354509353638e-01 7.135918736457824707e-01
5.824262499809265137e-01 3.765451908111572266e-01 -6.903223693370819092e-02 4.769264757633209229e-01 -1.254602223634719849e-01 -5.000891685485839844e-01 6.679178476333618164e-01 -7.842804789543151855e-01 1.021007671952247620e-01 4.426750168204307556e-02 -2.210476547479629517e-01 -2.537778615951538086e-01 -6.327265501022338867e-01 3.713011443614959717e-01 6.598316431045532227e-01 9.798598885536193848e-01 -3.714708387851715088e-01 -3.562312424182891846e-01 -7.093163132667541504e-01 8.520157933235168457e-01 -8.622260689735412598e-01 1.016497969627380371e+00 1.211094975471496582e+00 -9.035059213638305664e-01 -4.572516381740570068e-01 -2.427922636270523071e-01 -2.643883824348449707e-01 3.990435600280761719e-02 9.207812547683715820e-01 -3.889563381671905518e-01 6.396639347076416016e-02 3.926061466336250305e-02 1.716298907995223999e-01 -6.601419448852539062e-01 -7.733266055583953857e-02 -1.540634082630276680e-03 -7.502610087394714355e-01 5.685330554842948914e-02 3.033755719661712646e-01 3.897884786128997803e-01 -2.530432343482971191e-01 -2.153253704309463501e-01 3.194250762462615967e-01 -3.967835605144500732e-01 -2.884225845336914062e-01 2.685272507369518280e-02 3.743402957916259766e-01 -1.908868849277496338e-01 -4.047347307205200195e-01 2.710216343402862549e-01 -7.878695726394653320e-01 -8.479462862014770508e-01 -3.092230558395385742e-01 4.009380936622619629e-01 -1.751852631568908691e-01 1.148568838834762573e-01 -2.525804340839385986e-01 -1.301443934440612793e+00 1.702118851244449615e-02 -6.138168275356292725e-02 -8.698156476020812988e-02 1.516894400119781494e-01 4.545525610446929932e-01 9.356076121330261230e-01
1.222317889332771301e-01 -2.556373775005340576e-01 -6.219863425940275192e-03 -4.712660238146781921e-02 1.279123723506927490e-01 -5.382978320121765137e-01 3.244165182113647461e-01 -8.736050128936767578e-01 -7.457227706909179688e-01 1.194000616669654846e-01 1.336243450641632080e-01 6.844694260507822037e-03 -8.877229094505310059e-01 4.279077798128128052e-02 8.544616699218750000e-01 5.897416919469833374e-02 -4.732198119163513184e-01 -5.043985247611999512e-01 -1.455856300890445709e-02 3.079652786254882812e-01 -5.575416088104248047e-01 -4.167182743549346924e-01 7.559431195259094238e-01 -4.572251439094543457e-01 -1.189613342285156250e-01 9.831890463829040527e-01 -1.318141072988510132e-01 -2.315883897244930267e-02 1.439974009990692139e-01 -9.399034976959228516e-01 2.426190115511417389e-02 -5.554838776588439941e-01 4.957787096500396729e-01 -6.208091974258422852e-01 -1.432109326124191284e-01 3.560871258378028870e-02 5.456094164401292801e-03 2.195514291524887085e-01 1.273620724678039551e-01 -2.586515843868255615e-01 1.652067303657531738e-01 4.412112832069396973e-01 1.916828602552413940e-01 -7.885132916271686554e-03 1.786056309938430786e-01 -7.199136018753051758e-01 4.044668674468994141e-01 -3.772416710853576660e-01 2.393231727182865143e-02 9.720972180366516113e-02 3.094574213027954102e-01 -3.482334911823272705e-01 4.071514606475830078e-01 2.929795980453491211e-01 6.618894338607788086e-01 1.848592460155487061e-01 1.528999954462051392e-01 -1.272554755210876465e+00 -7.715459913015365601e-02 2.340541779994964600e-01 6.861304640769958496e-01 5.094776749610900879e-01 -6.348817348480224609e-01 6.418254971504211426e-01
3.954830765724182129e-01 -2.527155876159667969e-01 5.161780118942260742e-01 -2.649445235729217529e-01 -2.753086984157562256e-01 -1.077610999345779419e-01 6.013255119323730469e-01 -8.022360205650329590e-01 -5.519415140151977539e-01 1.472072899341583252e-01 -4.820854216814041138e-02 2.588386181741952896e-03 -6.542652845382690430e-01 -1.721713393926620483e-01 1.586066335439682007e-01 4.587237536907196045e-01 5.308322235941886902e-02 -6.868074536323547363e-01 -6.812348365783691406e-01 -1.755084991455078125e-01 -3.287549614906311035e-01 4.627295434474945068e-01 1.204712629318237305e+00 -5.346487462520599365e-02 -2.346639335155487061e-01 6.762636899948120117e-01 1.167228147387504578e-01 2.850904688239097595e-02 -2.778784334659576416e-01 -7.695986628532409668e-01 -1.630337163805961609e-02 -3.900856673717498779e-01 -8.807204663753509521e-02 -7.981516420841217041e-02 4.637936949729919434e-01 -6.282036304473876953e-01 2.391062974929809570e-01 5.969343185424804688e-01 -1.913906633853912354e-01 -3.899748623371124268e-01 2.685637176036834717e-01 -5.971011891961097717e-02 1.058494895696640015e-01 3.170570358633995056e-02 1.065069064497947693e-01 -3.454474508762359619e-01 7.392514348030090332e-01 -4.750789105892181396e-01 -7.109330892562866211e-01 2.128340899944305420e-01 -1.163521036505699158e-01 -1.650071889162063599e-01 -1.061384305357933044e-01 2.018339484930038452e-01 8.210638165473937988e-01 3.872501254081726074e-01 3.878371119499206543e-01 -3.554279804229736328e-01 -5.017984509468078613e-01 1.051108613610267639e-01 3.345247507095336914e-01 -9.262832999229431152e-02 1.933456212282180786e-02 3.677555322647094727e-01
7.230390906333923340e-01 -7.051647454500198364e-02 -8.530805259943008423e-02 4.646777808666229248e-01 7.900687307119369507e-02 3.443410694599151611e-01 4.071106910705566406e-01 -3.020703792572021484e-01 -3.430034220218658447e-01 8.718831092119216919e-02 -5.783444643020629883e-01 -9.664512276649475098e-01 -2.234807908535003662e-01 -2.018776535987854004e-02 6.751596331596374512e-01 2.142689824104309082e-01 -4.035430550575256348e-01 -6.453891992568969727e-01 -5.585357919335365295e-02 9.582609534263610840e-01 7.300629019737243652e-01 7.729160189628601074e-01 1.740272641181945801e-01 -9.345183521509170532e-02 -3.917452692985534668e-01 3.515206873416900635e-01 6.174183636903762817e-02 -5.574310421943664551e-01 -1.333466470241546631e-01 2.899582684040069580e-01 4.320812523365020752e-01 -4.844083487987518311e-01 6.469959616661071777e-01 1.169325560331344604e-01 -8.116612434387207031e-01 -2.876659929752349854e-01 2.284163087606430054e-01 9.333081543445587158e-02 3.884163796901702881e-01 2.647371888160705566e-01 -1.090976476669311523e+00 -1.994665563106536865e-01 4.474005401134490967e-01 2.240819185972213745e-01 -3.458220362663269043e-01 -3.662028908729553223e-01 7.893498986959457397e-02 2.235721498727798462e-01 -1.062021553516387939e-01 -7.126711308956146240e-02 2.498390525579452515e-02 -7.850337028503417969e-01 -8.242520689964294434e-02 -1.437130663543939590e-02 -2.064461559057235718e-01 1.170597746968269348e-01 4.317836761474609375e-01 -1.090420365333557129e+00 -8.831068277359008789e-01 2.637139149010181427e-02 -4.738208055496215820e-01 5.142287611961364746e-01 -1.815455555915832520e-01 -7.393655776977539062e-01
-3.694625496864318848e-01 -4.647493064403533936e-01 -2.218597829341888428e-01 2.324414066970348358e-02 -8.638430386781692505e-02 7.397560030221939087e-02 2.271919697523117065e-01 4.729893207550048828e-01 4.037178158760070801e-01 1.821359097957611084e-01 -2.511681914329528809e-01 -8.804470300674438477e-01 -8.180652856826782227e-01 -3.272891342639923096e-01 -4.479999542236328125e-01 7.104108333587646484e-01 -1.204343512654304504e-01 2.381163090467453003e-01 -4.638008773326873779e-01 4.291016757488250732e-01 2.517939209938049316e-01 4.857701957225799561e-01 5.242569446563720703e-01 -4.364030063152313232e-01 -8.676505833864212036e-02 -1.993598192930221558e-01 2.359754173085093498e-03 -4.344490766525268555e-01 8.263402581214904785e-01 -1.324134349822998047e+00 1.362654715776443481e-01 -7.561333477497100830e-02 -4.989281594753265381e-01 6.104696989059448242e-01 -4.909942746162414551e-01 -1.499089691787958145e-02 -1.882833093404769897e-01 -3.274778425693511963e-01 -2.065790891647338867e-01 -8.256143331527709961e-01 -7.889059782028198242e-01 2.043679654598236084e-01 4.317623078823089600e-01 -7.308704853057861328e-01 -8.366934210062026978e-02 -4.933072626590728760e-01 4.110097885131835938e-01 -6.698879599571228027e-01 -2.315199077129364014e-01 1.377984583377838135e-01 -1.343486607074737549e-01 -3.139928877353668213e-01 7.838897109031677246e-01 2.927098572254180908e-01 7.794441580772399902e-01 -6.648636609315872192e-02 3.096404373645782471e-01 -4.390780329704284668e-01 -6.093939542770385742e-01 1.127249971032142639e-01 1.167660206556320190e-01 -4.901730269193649292e-02 -4.841586574912071228e-02 -5.341184139251708984e-01
1.229460835456848145e+00 -7.520115971565246582e-01 5.857672691345214844e-01 1.010774135589599609e+00 -1.563572436571121216e-01 -6.390175819396972656e-01 -1.060466051101684570e+00 -8.416255116462707520e-01 7.646285742521286011e-02 -2.405408583581447601e-02 -5.320550203323364258e-01 -1.471142530441284180e+00 -8.331277370452880859e-01 -1.223732113838195801e+00 9.964020848274230957e-01 9.110489487648010254e-01 -6.215865612030029297e-01 5.748084783554077148e-01 4.734736680984497070e-01 6.802448034286499023e-01 5.589424967765808105e-01 7.689411044120788574e-01 1.158012390136718750e+00 -3.579466640949249268e-01 -6.882200837135314941e-01 7.496303319931030273e-01 5.849639773368835449e-01 8.368598669767379761e-02 -9.809652715921401978e-02 2.310029417276382446e-02 -5.890743732452392578e-01 -1.145943924784660339e-01 -3.526528179645538330e-01 1.870398819446563721e-01 -2.524738311767578125e-01 -8.063151836395263672e-01 5.940945744514465332e-01 1.602943688631057739e-01 1.800468266010284424e-01 5.929175391793251038e-02 -5.780646800994873047e-01 1.275215297937393188e-01 -3.907842189073562622e-02 5.704261660575866699e-01 -2.257639914751052856e-01 1.377562403678894043e+00 7.681502699851989746e-01 -3.162913322448730469e-01 -1.642272770404815674e-01 -3.150205612182617188e-01 -5.937018990516662598e-01 -7.638059854507446289e-01 8.182615041732788086e-01 4.760581851005554199e-01 -3.714840114116668701e-01 -3.042836785316467285e-01 -1.364194154739379883e-01 -5.837473273277282715e-01 -1.198105365037918091e-01 6.501107215881347656e-01 -8.762332797050476074e-02 -4.053112864494323730e-02 -3.832210898399353027e-01 4.622894525527954102e-01
-3.727616369724273682e-02 -4.646068215370178223e-01 1.652374118566513062e-01 -4.165741801261901855e-01 -3.636977076530456543e-01 -2.118903547525405884e-01 -4.907195568084716797e-01 -9.764597564935684204e-02 7.692221552133560181e-02 1.310625523328781128e-01 -6.045615300536155701e-02 -4.435724616050720215e-01 -8.292464613914489746e-01 -5.369796752929687500e-01 7.554987072944641113e-02 1.061758160591125488e+00 -1.110975295305252075e-01 -6.193648576736450195e-01 -2.489976733922958374e-01 1.431782096624374390e-01 -2.441604249179363251e-02 2.228740602731704712e-01 2.723365426063537598e-01 -2.810858488082885742e-01 -2.200719863176345825e-01 3.702371418476104736e-01 -1.356258094310760498e-01 1.203152686357498169e-01 -4.113442078232765198e-02 -6.699028890579938889e-04 -1.498968899250030518e-01 9.822145849466323853e-02 -1.980465054512023926e-01 -1.036656051874160767e-01 1.272634565830230713e-01 -1.845115870237350464e-01 -3.309157863259315491e-02 2.204489558935165405e-01 -5.510618165135383606e-02 1.644476950168609619e-01 4.959352910518646240e-01 4.229896962642669678e-01 -4.488432705402374268e-01 -7.489361166954040527e-01 -1.985190659761428833e-01 -7.346339821815490723e-01 4.664393365383148193e-01 -3.361851572990417480e-01 -1.651205420494079590e-01 4.772781729698181152e-01 -4.799187779426574707e-01 -1.646385043859481812e-01 1.077889800071716309e-01 -5.661610141396522522e-02 6.885281801223754883e-01 1.732458025217056274e-01 7.452934980392456055e-01 1.055838540196418762e-02 -1.250211615115404129e-02 -1.066981032490730286e-01 -7.978692650794982910e-01 -7.211961597204208374e-02 -4.334249794483184814e-01 6.875486969947814941e-01
-2.233177125453948975e-01 -5.378521084785461426e-01 -1.359902173280715942e-01 5.505003780126571655e-02 -4.003312885761260986e-01 -2.726691663265228271e-01 5.440909788012504578e-02 3.276049196720123291e-01 6.445165872573852539e-01 1.230274736881256104e-01 -6.207823380827903748e-02 -7.509226202964782715e-01 -9.960087537765502930e-01 -3.577345907688140869e-01 -2.417500019073486328e-01 6.942877173423767090e-01 -6.740990281105041504e-02 3.399091586470603943e-02 -8.546765148639678955e-02 9.600353837013244629e-01 3.323059678077697754e-01 3.932051658630371094e-01 3.365833759307861328e-01 -4.779199957847595215e-01 7.055830955505371094e-02 -4.655930772423744202e-02 5.184322223067283630e-02 -2.793712317943572998e-01 6.483054161071777344e-01 -1.383527517318725586e+00 1.240792274475097656e-01 -1.653151959180831909e-02 -3.993304967880249023e-01 6.888641715049743652e-01 -7.641591429710388184e-01 1.505106389522552490e-01 -4.770991504192352295e-01 -1.515648365020751953e-01 -1.613103151321411133e-01 -8.794936537742614746e-01 -6.929644942283630371e-01 2.077318578958511353e-01 4.071006774902343750e-01 -6.850003600120544434e-01 1.754745543003082275e-01 -2.596346139907836914e-01 3.634676635265350342e-01 -6.150165796279907227e-01 -1.569167822599411011e-01 2.709030508995056152e-01 -1.376727968454360962e-01 -2.485681623220443726e-01 7.148514986038208008e-01 6.566927433013916016e-01 9.265909194946289062e-01 -8.353363722562789917e-02 4.603487849235534668e-01 -4.275977611541748047e-01 -5.827078223228454590e-01 -6.803113222122192383e-02 -8.217505365610122681e-02 -1.326371580362319946e-01 2.558795213699340820e-01 -4.209288954734802246e-01
8.156496286392211914e-02 1.783231943845748901e-01 5.454013124108314514e-03 -2.782530896365642548e-02 1.519659459590911865e-01 -3.682146221399307251e-02 4.113758504390716553e-01 -9.552459120750427246e-01 -1.870731264352798462e-01 8.856283128261566162e-02 -2.872605323791503906e-01 -9.493549913167953491e-02 -7.282992005348205566e-01 -5.246239528059959412e-02 4.566719830036163330e-01 3.603551685810089111e-01 -4.605950415134429932e-02 -1.072974681854248047e+00 5.144245550036430359e-02 4.487522840499877930e-01 -5.637146234512329102e-01 9.849088788032531738e-01 1.288735628128051758e+00 -3.263763487339019775e-01 -5.830469131469726562e-01 7.137721776962280273e-02 -3.552007973194122314e-01 -2.929272055625915527e-01 1.471128016710281372e-01 -6.305546760559082031e-01 2.488157749176025391e-01 4.068965017795562744e-01 -2.705135047435760498e-01 -4.211837053298950195e-01 -1.980883628129959106e-01 -4.111521244049072266e-01 -1.175989583134651184e-01 2.167325913906097412e-01 -1.221778243780136108e-01 -3.122729249298572540e-02 3.455430865287780762e-01 1.266291439533233643e-01 -1.419210806488990784e-03 -4.437123537063598633e-01 -1.352986991405487061e-01 -3.763937354087829590e-01 8.595446348190307617e-01 -7.579170051030814648e-04 -4.031635224819183350e-01 2.305201888084411621e-01 -6.035133004188537598e-01 -6.161534786224365234e-01 2.783446013927459717e-01 4.572508856654167175e-02 1.759434342384338379e-01 1.164094284176826477e-01 -1.002102196216583252e-01 -3.911031186580657959e-01 -2.313826382160186768e-01 4.516163170337677002e-01 -3.464101254940032959e-02 3.040708368644118309e-03 -2.237673699855804443e-01 6.168496012687683105e-01
6.719570159912109375e-01 -5.369645357131958008e-01 -6.326484680175781250e-02 1.800052262842655182e-02 1.774988025426864624e-01 -2.535878717899322510e-01 3.065658509731292725e-01 1.130086854100227356e-01 2.156891226768493652e-01 1.295931786298751831e-01 -1.827500760555267334e-01 -6.036684513092041016e-01 -8.484744429588317871e-01 -1.390947587788105011e-02 -2.453106194734573364e-01 1.001017808914184570e+00 -4.750524163246154785e-01 3.085564076900482178e-01 -2.929840981960296631e-01 -1.138326525688171387e-01 -6.190685182809829712e-02 4.947600960731506348e-01 5.366313457489013672e-01 -3.167251646518707275e-01 -2.056732177734375000e-01 -3.005310297012329102e-01 1.211130470037460327e-01 -4.875513613224029541e-01 7.931757569313049316e-01 -2.019873708486557007e-01 3.004740178585052490e-01 -7.063157558441162109e-01 -3.735677897930145264e-02 -3.239002823829650879e-01 -3.701991140842437744e-01 3.195787370204925537e-01 -7.316247224807739258e-01 4.212238192558288574e-01 -1.749215275049209595e-01 -3.803706765174865723e-01 -6.749118119478225708e-02 3.121467232704162598e-01 -4.003629982471466064e-01 -8.872106671333312988e-02 5.446715950965881348e-01 -1.824814528226852417e-01 -3.962363302707672119e-01 -1.856610476970672607e-01 -1.298537552356719971e-01 2.358687222003936768e-01 -9.700777530670166016e-01 -2.235339879989624023e-01 9.035685658454895020e-02 -4.743973612785339355e-01 2.759242355823516846e-01 3.644054234027862549e-01 -5.938785672187805176e-01 -4.290698170661926270e-01 -4.615283608436584473e-01 2.916918098926544189e-01 2.980779111385345459e-02 1.535587757825851440e-01 -4.795148372650146484e-01 3.546085059642791748e-01
4.484382271766662598e-01 -1.290260076522827148e+00 9.970961213111877441e-01 2.073090374469757080e-01 2.472544759511947632e-01 -5.447455048561096191e-01 -1.472581923007965088e-01 -3.727972507476806641e-01 -1.083887934684753418e+00 -5.658195018768310547e-01 -4.162883758544921875e-01 -2.415791302919387817e-01 -3.046934306621551514e-01 -4.544245600700378418e-01 7.224505543708801270e-01 7.396430969238281250e-01 -2.933603711426258087e-02 3.550955951213836670e-01 -2.325634211301803589e-01 5.792704224586486816e-01 7.307049632072448730e-01 3.273751214146614075e-02 5.383148193359375000e-01 -4.921102821826934814e-01 3.799750655889511108e-02 6.502088904380798340e-01 -6.083254143595695496e-02 -1.586161702871322632e-01 -1.993876695632934570e-01 1.852169334888458252e-01 1.843043267726898193e-01 2.650766670703887939e-01 -5.611757636070251465e-01 -1.571570783853530884e-01 -1.475351005792617798e-01 -2.006136626005172729e-01 2.841861248016357422e-01 -2.951595783233642578e-01 6.027391552925109863e-01 -4.375016689300537109e-01 -1.324081718921661377e-01 8.763159513473510742e-01 6.578056216239929199e-01 -6.725489348173141479e-02 -4.450984597206115723e-01 -1.885285675525665283e-01 5.979161858558654785e-01 3.175522759556770325e-02 6.449967026710510254e-01 -5.253274440765380859e-01 -7.933885455131530762e-01 -3.765343129634857178e-01 3.956966102123260498e-01 -2.370238453149795532e-01 3.023188412189483643e-01 4.884857833385467529e-01 4.057817161083221436e-01 -1.642378866672515869e-01 -6.004540249705314636e-02 -3.327557444572448730e-01 1.372357755899429321e-01 9.200365096330642700e-02 -1.734137162566184998e-02 5.763863325119018555e-01
2.798014581203460693e-01 3.733907639980316162e-01 2.530387938022613525e-01 -2.163849025964736938e-01 -3.086520731449127197e-02 4.041046276688575745e-02 4.072984158992767334e-01 -8.847289681434631348e-01 -2.768373191356658936e-01 -1.092820987105369568e-01 -1.081752330064773560e-01 -2.581099569797515869e-01 -8.863264918327331543e-01 -7.631123065948486328e-02 2.552979886531829834e-01 4.785293638706207275e-01 1.078171879053115845e-01 -6.344451904296875000e-01 -3.388319611549377441e-01 5.913406014442443848e-01 -3.056822344660758972e-02 5.506888031959533691e-01 1.003794789314270020e+00 4.780579730868339539e-02 -5.696967244148254395e-01 -2.440730035305023193e-01 -4.359579086303710938e-01 2.729235775768756866e-02 4.466536045074462891e-01 -6.699802875518798828e-01 4.088993370532989502e-01 2.907193899154663086e-01 -1.634360700845718384e-01 -6.429761052131652832e-01 -5.176066756248474121e-01 -2.274401634931564331e-01 -2.488314658403396606e-01 3.916198611259460449e-01 -4.802229106426239014e-01 -4.080975949764251709e-01 6.367452740669250488e-01 6.622943282127380371e-01 6.440570950508117676e-02 -1.883518546819686890e-01 -2.322280220687389374e-02 -5.482927560806274414e-01 5.989732742309570312e-01 6.628056056797504425e-03 -7.241404652595520020e-01 2.479933202266693115e-01 -2.899554371833801270e-01 -8.926138281822204590e-01 3.028098344802856445e-01 3.708279728889465332e-01 -1.598767340183258057e-01 2.062726616859436035e-01 -4.698044657707214355e-01 -7.236076146364212036e-02 -3.192212879657745361e-01 2.193031907081604004e-01 -5.055273696780204773e-02 -5.781800150871276855e-01 -3.109367787837982178e-01 2.575156986713409424e-01
8.286892175674438477e-01 -9.484571218490600586e-02 6.330190896987915039e-01 1.111683845520019531e+00 -9.565495848655700684e-01 3.069191575050354004e-01 4.991382062435150146e-01 -3.286775648593902588e-01 5.148120522499084473e-01 -3.189748525619506836e-01 2.398388236761093140e-01 -5.864534378051757812e-01 -8.697250485420227051e-01 -2.630942165851593018e-01 2.963552176952362061e-01 1.443980216979980469e+00 -5.959354043006896973e-01 -4.240511953830718994e-01 -3.881190717220306396e-01 4.951518476009368896e-01 5.081114768981933594e-01 6.899268031120300293e-01 9.584353566169738770e-01 2.250945381820201874e-02 4.379524290561676025e-01 4.760627448558807373e-01 4.113085567951202393e-01 -1.413157284259796143e-01 4.681762158870697021e-01 -7.650257945060729980e-01 1.440037935972213745e-01 -1.719723939895629883e-01 -1.714456826448440552e-01 -4.155669808387756348e-01 -7.737559676170349121e-01 3.970690071582794189e-01 3.237522840499877930e-01 5.483257174491882324e-01 6.417059302330017090e-01 -2.922878265380859375e-01 -5.234739780426025391e-01 2.049978971481323242e-01 2.673957943916320801e-01 6.483687460422515869e-02 7.441570609807968140e-02 -9.108685702085494995e-02 1.631467491388320923e-01 -1.264706552028656006e-01 -4.389837980270385742e-01 -4.029429554939270020e-01 6.391535997390747070e-01 -2.645882545039057732e-03 2.189279496669769287e-01 1.096599340438842773e+00 -2.593180239200592041e-01 -2.199552953243255615e-01 1.831881999969482422e-01 1.833270639181137085e-01 -8.495769500732421875e-01 -3.793495595455169678e-01 -2.002926170825958252e-01 9.120098352432250977e-01 -9.300800040364265442e-03 7.498803138732910156e-01
5.552427768707275391e-01 -2.547893114387989044e-02 -1.930718570947647095e-01 -3.524530678987503052e-02 3.425024449825286865e-01 -8.638765662908554077e-02 3.250275924801826477e-02 -4.773467481136322021e-01 3.562267720699310303e-01 3.989949449896812439e-02 -3.883438184857368469e-02 -2.798156142234802246e-01 -9.657500386238098145e-01 -1.094310283660888672e-01 -1.188686043024063110e-01 1.091457486152648926e+00 -6.458029747009277344e-01 4.443935304880142212e-02 -3.373523354530334473e-01 -1.729636080563068390e-02 -3.107062280178070068e-01 6.006068587303161621e-01 4.483640193939208984e-01 -5.428346991539001465e-01 -2.688783109188079834e-01 -3.062494695186614990e-01 2.305039763450622559e-01 -4.625399410724639893e-01 8.651950359344482422e-01 -8.925764262676239014e-02 3.388137221336364746e-01 -7.404266595840454102e-01 -2.474346309900283813e-01 -1.885650902986526489e-01 -2.453899383544921875e-01 2.832337021827697754e-01 -5.392738580703735352e-01 -1.395120024681091309e-01 -2.373729050159454346e-01 -1.306283026933670044e-01 3.227372467517852783e-02 -5.304575338959693909e-02 -1.879290342330932617e-01 -2.590914666652679443e-01 6.316352635622024536e-02 9.745229780673980713e-02 1.251510977745056152e-01 -4.040749967098236084e-01 -2.388661652803421021e-01 1.792372763156890869e-01 -7.820092439651489258e-01 -4.805509746074676514e-01 3.476875126361846924e-01 -3.644424974918365479e-01 1.914087384939193726e-01 3.229907155036926270e-01 -9.787316322326660156e-01 -6.518127918243408203e-01 -3.967833705246448517e-03 -7.652535289525985718e-02 -1.760372072458267212e-01 1.414990425109863281e-01 -3.872637152671813965e-01 5.848468542098999023e-01
4.754730761051177979e-01 -3.370740413665771484e-01 6.476483941078186035e-01 2.963687777519226074e-01 -2.141464203596115112e-01 -6.857341527938842773e-01 1.965961009263992310e-01 4.727967455983161926e-02 7.012924551963806152e-01 -2.282934784889221191e-01 6.346156597137451172e-01 -7.493925094604492188e-01 -3.733989894390106201e-01 -7.328899502754211426e-01 4.680438637733459473e-01 1.083550214767456055e+00 -3.333817422389984131e-01 1.463039815425872803e-01 1.287718564271926880e-01 -5.549275875091552734e-01 -3.589532077312469482e-01 8.834342360496520996e-01 8.479398488998413086e-01 -8.477097749710083008e-01 -8.632541298866271973e-01 -5.495592951774597168e-02 -3.560009300708770752e-01 2.859490811824798584e-01 -2.791617512702941895e-01 1.784485131502151489e-01 1.434109658002853394e-01 -2.763474881649017334e-01 6.458076834678649902e-01 -3.609077334403991699e-01 -6.019322872161865234e-01 3.215317428112030029e-01 3.244638741016387939e-01 1.170834377408027649e-01 1.691880822181701660e-01 -4.845029488205909729e-02 8.209440857172012329e-02 1.898382231593132019e-02 -6.511185169219970703e-01 -7.578633725643157959e-02 -1.143060550093650818e-01 7.418858259916305542e-02 1.700178682804107666e-01 -8.598679900169372559e-01 1.460369676351547241e-01 3.774619996547698975e-01 -1.143012881278991699e+00 -5.027415752410888672e-01 -2.185889706015586853e-02 -5.295691490173339844e-01 1.173908933997154236e-01 -2.023425549268722534e-01 -4.705210328102111816e-01 -6.416742801666259766e-01 -5.891677737236022949e-01 -1.540407687425613403e-01 -1.844602823257446289e-01 3.281208574771881104e-01 -2.140964269638061523e-01 1.366596370935440063e-01
-1.708890944719314575e-01 -3.132611513137817383e-01 6.499223113059997559e-01 5.191315412521362305e-01 2.026368528604507446e-01 -1.111491210758686066e-02 -2.669613063335418701e-01 1.658292859792709351e-01 -6.802179813385009766e-01 4.155941307544708252e-01 1.561346799135208130e-01 -1.257039785385131836e+00 -8.692395091056823730e-01 -8.149074912071228027e-01 7.165114879608154297e-01 3.399831056594848633e-01 -7.934594750404357910e-01 -4.221677482128143311e-01 2.528125047683715820e-01 3.939349204301834106e-02 5.553188323974609375e-01 7.423798441886901855e-01 2.508843243122100830e-01 -7.338672131299972534e-02 -1.071459174156188965e+00 4.108713567256927490e-01 -4.088640958070755005e-02 -2.257003784179687500e-01 -2.463337779045104980e-01 2.356667965650558472e-01 4.368961751461029053e-01 -2.891582250595092773e-01 4.902385175228118896e-01 1.318982243537902832e-01 -9.014900922775268555e-01 -4.487891793251037598e-01 1.577447205781936646e-01 5.829123258590698242e-01 7.516165822744369507e-02 4.714362695813179016e-02 -8.757098913192749023e-01 1.067136973142623901e-01 3.256928920745849609e-01 2.833927869796752930e-01 -6.239489316940307617e-01 3.924774751067161560e-02 6.085144281387329102e-01 1.464258581399917603e-01 2.520384788513183594e-01 -4.943803250789642334e-01 -3.585824072360992432e-01 -4.186190962791442871e-01 2.391391098499298096e-01 3.796594589948654175e-02 -4.867570996284484863e-01 6.175395101308822632e-02 1.644676774740219116e-01 -1.196351766586303711e+00 -4.224018752574920654e-01 6.282611936330795288e-02 -3.313787579536437988e-01 5.982426404953002930e-01 4.995302259922027588e-01 1.332849115133285522e-01
-8.530757576227188110e-02 -3.605663031339645386e-02 5.932649374008178711e-01 8.424390554428100586e-01 2.039995491504669189e-01 3.019088208675384521e-01 -2.832874059677124023e-01 3.493222594261169434e-01 -4.988012611865997314e-01 2.878835797309875488e-01 2.624105475842952728e-02 -1.093373060226440430e+00 1.590745709836483002e-02 -4.440548121929168701e-01 7.124266028404235840e-01 1.048790067434310913e-01 -6.253698468208312988e-01 -8.226530253887176514e-02 -1.307815164327621460e-01 -2.874450087547302246e-01 5.562518835067749023e-01 3.220484256744384766e-01 3.378434777259826660e-01 -2.617258131504058838e-01 -1.383555412292480469e+00 4.425970911979675293e-01 -2.166709154844284058e-01 -6.205399520695209503e-03 -6.761316210031509399e-02 -1.430373787879943848e-01 4.612786173820495605e-01 -4.880565106868743896e-01 1.671636402606964111e-01 -2.561303675174713135e-01 -1.171482086181640625e+00 -5.618847012519836426e-01 6.276348829269409180e-01 7.734088897705078125e-01 -5.944841355085372925e-02 -4.543154537677764893e-01 -9.047302603721618652e-01 1.843576282262802124e-01 3.137155175209045410e-01 -1.172467544674873352e-01 -4.468847513198852539e-01 1.241392865777015686e-01 2.142233103513717651e-01 -6.954773068428039551e-01 1.789918243885040283e-01 -5.048058032989501953e-01 -1.904907524585723877e-01 -1.140051484107971191e-01 6.081872805953025818e-02 4.391953349113464355e-01 -4.868168011307716370e-02 2.075389921665191650e-01 -2.414555996656417847e-01 -1.248892784118652344e+00 -2.971874177455902100e-01 7.655635476112365723e-01 -7.551863789558410645e-02 5.435927510261535645e-01 2.491022795438766479e-01 -9.515948593616485596e-02
6.441222429275512695e-01 -3.031685650348663330e-01 5.943726897239685059e-01 7.066263556480407715e-01 -4.369325637817382812e-01 6.808783113956451416e-02 3.608235418796539307e-01 -9.402898699045181274e-02 8.291490375995635986e-02 -5.482538342475891113e-01 -5.930400490760803223e-01 -1.035512447357177734e+00 -6.098007559776306152e-01 4.424562454223632812e-01 1.013968467712402344e+00 6.131948232650756836e-01 -5.134862065315246582e-01 -3.230228722095489502e-01 -4.596381783485412598e-01 7.558996081352233887e-01 1.105084776878356934e+00 7.573123574256896973e-01 3.862130343914031982e-01 -7.389838695526123047e-01 -7.852953672409057617e-02 1.085153147578239441e-01 -3.430910110473632812e-01 -5.423518419265747070e-01 -2.986222505569458008e-01 5.372781753540039062e-01 -2.203331096097826958e-03 -2.045539766550064087e-01 8.185447454452514648e-01 -6.007856130599975586e-02 1.726586818695068359e-01 -9.167672395706176758e-01 2.305132299661636353e-01 2.683209180831909180e-01 3.335813879966735840e-01 -2.610477209091186523e-01 -1.347887873649597168e+00 1.251108944416046143e-01 1.283113062381744385e-01 3.509182929992675781e-01 -6.680485010147094727e-01 -6.696843504905700684e-01 -3.914292752742767334e-01 5.520920753479003906e-01 -7.157331705093383789e-01 7.439239025115966797e-01 -3.601806610822677612e-02 -4.583069384098052979e-01 -3.868146240711212158e-01 -6.714472174644470215e-02 -2.189729511737823486e-01 3.042844533920288086e-01 2.994798682630062103e-02 -7.224556803703308105e-01 -3.302316069602966309e-01 4.672145247459411621e-01 -8.419516682624816895e-02 8.565324544906616211e-01 -2.045612484216690063e-01 -4.755202531814575195e-01
3.537764847278594971e-01 -2.253923714160919189e-01 2.564331591129302979e-01 2.639517188072204590e-01 -2.474025189876556396e-01 4.844635725021362305e-01 8.653746545314788818e-02 -6.062492728233337402e-01 1.396422386169433594e-01 -4.133538603782653809e-01 -5.971708893775939941e-01 -7.115405201911926270e-01 -1.168252468109130859e+00 -3.328507244586944580e-01 -4.149502217769622803e-01 9.224619865417480469e-01 3.574049770832061768e-01 -6.443198770284652710e-02 2.009299397468566895e-02 -8.308168500661849976e-02 3.421403467655181885e-01 3.589249849319458008e-01 3.735882639884948730e-01 -3.497445583343505859e-01 -6.717838644981384277e-01 -5.586077645421028137e-02 4.637057706713676453e-02 -3.624365031719207764e-01 4.101622104644775391e-01 -7.434071302413940430e-01 3.365840911865234375e-01 -4.064055085182189941e-01 -2.517123520374298096e-01 -2.625825107097625732e-01 1.598941981792449951e-01 5.597881600260734558e-02 -4.571450352668762207e-01 4.536591768264770508e-01 2.344523072242736816e-01 -3.929117321968078613e-01 -1.810043305158615112e-01 3.824225366115570068e-01 -1.222565025091171265e-01 -6.686047315597534180e-01 2.413432300090789795e-01 -4.020620286464691162e-01 1.832796484231948853e-01 -3.437970578670501709e-01 -2.137318551540374756e-01 9.085810184478759766e-01 -5.487837791442871094e-01 -4.012021422386169434e-01 3.476206958293914795e-01 1.894454509019851685e-01 5.038403272628784180e-01 4.858799651265144348e-02 2.415648251771926880e-01 6.474092602729797363e-02 -2.188342064619064331e-01 -4.801947772502899170e-01 2.605522274971008301e-01 -5.549309849739074707e-01 2.841797471046447754e-01 -4.700408875942230225e-02
-7.395846247673034668e-01 -4.386539459228515625e-01 2.743620574474334717e-01 -4.482457637786865234e-01 -2.580368705093860626e-02 -3.750944435596466064e-01 6.584793329238891602e-02 -9.428558349609375000e-01 -2.936664521694183350e-01 -3.229469656944274902e-01 7.944681495428085327e-02 -6.939179301261901855e-01 -2.411798983812332153e-01 -3.247795999050140381e-01 2.411834597587585449e-01 9.678984880447387695e-01 2.638525068759918213e-01 -4.064502120018005371e-01 9.699156507849693298e-03 1.662021316587924957e-02 -5.385012626647949219e-01 2.668908536434173584e-01 2.035132646560668945e-01 -5.728770494461059570e-01 -9.328376501798629761e-03 5.484126210212707520e-01 -1.428986620157957077e-02 -7.225707769393920898e-01 2.403115481138229370e-01 -1.173999428749084473e+00 2.822545468807220459e-01 -5.506600141525268555e-01 -5.814647078514099121e-01 1.329171210527420044e-01 -9.594027698040008545e-02 -2.295238822698593140e-01 -1.267972141504287720e-01 3.308928608894348145e-01 -3.586843982338905334e-02 -3.767912387847900391e-01 2.992743067443370819e-02 6.365867853164672852e-01 5.820389986038208008e-01 -3.340018093585968018e-01 -1.150879263877868652e-01 -3.603947162628173828e-01 1.160215511918067932e-01 -4.457880556583404541e-02 -1.961208432912826538e-01 2.955602705478668213e-01 5.258626341819763184e-01 -7.605571746826171875e-01 -5.126543045043945312e-01 2.082172483205795288e-01 1.357313245534896851e-01 -3.342650234699249268e-01 4.948905110359191895e-01 -3.396983742713928223e-01 -5.883019566535949707e-01 1.264392584562301636e-01 -4.741410017013549805e-01 -1.848069131374359131e-01 -7.214924097061157227e-01 1.831985414028167725e-01
-5.647445470094680786e-02 -4.068937599658966064e-01 3.048197925090789795e-01 -1.332905292510986328e-01 -2.522104978561401367e-01 -8.853584527969360352e-01 7.291469722986221313e-02 -4.613460004329681396e-01 -3.921955525875091553e-01 -3.062884509563446045e-01 -2.154221059754490852e-03 -2.390705347061157227e-01 -3.581040203571319580e-01 -6.147836446762084961e-01 3.339668512344360352e-01 7.749493122100830078e-01 -5.846787691116333008e-01 -3.237394392490386963e-01 4.033180773258209229e-01 -2.220518887042999268e-01 2.457768023014068604e-01 9.725331515073776245e-02 7.660956680774688721e-02 -6.568424701690673828e-01 -2.086295038461685181e-01 -7.277647405862808228e-02 -8.679168671369552612e-02 -6.519584059715270996e-01 3.779580295085906982e-01 2.026498466730117798e-01 4.753653109073638916e-01 2.185294181108474731e-01 -3.639358580112457275e-01 -1.517566889524459839e-01 -5.297366976737976074e-01 -7.490856647491455078e-01 -2.279888093471527100e-01 6.459216028451919556e-02 1.276767253875732422e-01 -7.098109126091003418e-01 1.833203434944152832e-01 5.388896465301513672e-01 5.620885640382766724e-02 -6.623917222023010254e-01 -1.990609616041183472e-01 -2.534697651863098145e-01 -5.469520762562751770e-02 4.067003130912780762e-01 6.127107739448547363e-01 -2.241791188716888428e-01 -1.276849955320358276e-02 1.940660476684570312e-01 -5.627341568470001221e-02 -2.170824557542800903e-01 3.044533133506774902e-01 4.540331959724426270e-01 -8.295057713985443115e-02 -2.022136151790618896e-01 -8.333974480628967285e-01 2.336023896932601929e-01 -3.543370962142944336e-01 -4.892553985118865967e-01 -6.403434276580810547e-01 -4.253687802702188492e-03
-5.957103520631790161e-02 -1.292218118906021118e-01 -1.337998658418655396e-01 -1.322512626647949219e-01 -6.591869145631790161e-02 -6.639856696128845215e-01 -4.616549611091613770e-02 -9.625162482261657715e-01 -5.648774504661560059e-01 1.729988604784011841e-01 1.068672612309455872e-01 1.048448309302330017e-01 -7.855413556098937988e-01 -3.049525618553161621e-01 8.833450675010681152e-01 3.877818956971168518e-02 -6.685168147087097168e-01 -3.646800220012664795e-01 -1.736757159233093262e-01 5.040815472602844238e-01 -5.013824701309204102e-01 -4.163040220737457275e-01 8.217591047286987305e-01 -3.870538175106048584e-01 -5.926102399826049805e-02 9.158440232276916504e-01 -1.474989801645278931e-01 -1.170346215367317200e-01 1.864136457443237305e-01 -7.409299015998840332e-01 1.796196997165679932e-01 -3.539695441722869873e-01 4.645554125308990479e-01 -4.889199733734130859e-01 -2.345430999994277954e-01 -2.479862570762634277e-01 -1.920472383499145508e-01 4.642204642295837402e-01 -5.136055871844291687e-02 -2.239266932010650635e-01 -3.762867767363786697e-03 4.841585457324981689e-01 7.944454997777938843e-02 -5.720379203557968140e-02 2.644210159778594971e-01 -6.299844384193420410e-01 4.060454368591308594e-01 -6.318857669830322266e-01 -1.839745417237281799e-02 1.758816540241241455e-01 5.982747673988342285e-01 -6.185630559921264648e-01 1.996804475784301758e-01 2.476790249347686768e-01 5.989244580268859863e-01 1.252775341272354126e-01 1.196478158235549927e-01 -1.141237974166870117e+00 8.444575592875480652e-03 3.219347596168518066e-01 7.984178662300109863e-01 2.572007477283477783e-01 -4.242016971111297607e-01 8.048437833786010742e-01
5.958436727523803711e-01 -8.232842087745666504e-01 3.244621455669403076e-01 3.103221654891967773e-01 1.620587706565856934e-01 -2.521587014198303223e-01 -2.745193243026733398e-01 2.994992397725582123e-02 -4.801714420318603516e-01 -3.695254325866699219e-01 -3.790893554687500000e-01 3.461960256099700928e-01 -7.518717646598815918e-01 -1.680454984307289124e-02 5.082854032516479492e-01 6.051839590072631836e-01 2.653138935565948486e-01 -4.198478460311889648e-01 -1.712116152048110962e-01 2.875263430178165436e-02 -2.022559642791748047e-01 4.218206182122230530e-02 5.452442169189453125e-01 -4.681885838508605957e-01 5.965465903282165527e-01 3.064549267292022705e-01 -1.528692394495010376e-01 5.260548591613769531e-01 -5.544673204421997070e-01 3.198822736740112305e-01 -6.392928957939147949e-02 -6.846827864646911621e-01 2.621986567974090576e-01 -5.459157824516296387e-01 -7.812094688415527344e-01 -3.792386949062347412e-01 3.272938728332519531e-02 -5.085015296936035156e-01 -1.014698296785354614e-01 -6.656810045242309570e-01 -4.274740070104598999e-02 7.151841521263122559e-01 3.268855512142181396e-01 -7.336173057556152344e-01 1.686052083969116211e-01 -3.909655809402465820e-01 1.123060658574104309e-01 -3.729747235774993896e-01 -5.715360641479492188e-01 1.391967087984085083e-01 1.165275201201438904e-01 -8.430449664592742920e-02 1.381750106811523438e-01 8.930166810750961304e-02 6.582103967666625977e-01 2.663643658161163330e-01 -1.107881963253021240e-01 -3.277598023414611816e-01 1.604270190000534058e-01 3.710909187793731689e-02 -2.565785646438598633e-01 1.723948419094085693e-01 -5.414299368858337402e-01 6.691324710845947266e-01
3.054697513580322266e-01 -2.186430245637893677e-01 7.771064639091491699e-01 1.200169175863265991e-01 -9.549569338560104370e-02 -3.011306524276733398e-01 -1.635018140077590942e-01 -1.972139328718185425e-01 -7.978790402412414551e-01 -6.521841511130332947e-03 -1.789420992136001587e-01 -9.864406287670135498e-02 1.300079561769962311e-02 -4.242734611034393311e-01 4.584061205387115479e-01 3.274080753326416016e-01 -2.862635254859924316e-01 -4.785972535610198975e-01 -4.061779975891113281e-01 1.921197175979614258e-01 4.854460954666137695e-01 3.531131446361541748e-01 1.902333050966262817e-01 -6.402099132537841797e-01 -8.331650495529174805e-02 3.604163229465484619e-01 6.690278649330139160e-02 -1.315879970788955688e-01 4.161238968372344971e-01 1.617279946804046631e-01 -3.391840755939483643e-01 4.669639747589826584e-03 -2.851411327719688416e-02 7.345917224884033203e-01 -3.099335730075836182e-01 -3.516326248645782471e-01 -1.119375303387641907e-01 -2.668817341327667236e-01 3.139617741107940674e-01 -9.147822856903076172e-02 2.194246351718902588e-01 6.534060239791870117e-01 -4.304440319538116455e-01 -1.068206906318664551e+00 3.802779614925384521e-01 -6.624658703804016113e-01 3.585946857929229736e-01 -2.733040153980255127e-01 1.831206977367401123e-01 6.259219348430633545e-02 1.282238066196441650e-01 -3.885149359703063965e-01 -2.007073462009429932e-01 -7.900041937828063965e-01 4.361490905284881592e-01 -9.506420791149139404e-02 -1.617521792650222778e-01 -2.797793149948120117e-01 -4.504469931125640869e-01 -4.233214855194091797e-01 -3.379613757133483887e-01 2.784993946552276611e-01 -2.640830874443054199e-01 7.298893481492996216e-02
6.168851852416992188e-01 -4.529376327991485596e-01 5.089456439018249512e-01 1.675754040479660034e-01 -3.040880560874938965e-01 -2.217198312282562256e-01 2.079737000167369843e-02 -1.227631792426109314e-01 -4.309597909450531006e-01 -4.137191772460937500e-01 -5.806039571762084961e-01 -1.607175618410110474e-01 -1.904405951499938965e-01 -5.081136822700500488e-01 7.169805765151977539e-01 1.284087300300598145e+00 -6.053290367126464844e-01 1.628481782972812653e-03 4.518476426601409912e-01 2.608411945402622223e-02 -1.877950727939605713e-01 -5.857516080141067505e-03 1.689817011356353760e-01 -9.301908016204833984e-01 -1.487848013639450073e-01 1.273279935121536255e-01 2.412432432174682617e-02 -5.749056935310363770e-01 -4.968376457691192627e-02 -2.878637285903096199e-03 6.080754399299621582e-01 -2.301059514284133911e-01 -2.537056803703308105e-01 2.018370032310485840e-01 9.946705400943756104e-02 -2.904341220855712891e-01 -6.077993288636207581e-02 2.725675143301486969e-02 -5.310234054923057556e-02 3.240505978465080261e-02 -1.655901670455932617e-01 1.346412658691406250e+00 -3.592945933341979980e-01 -6.344770789146423340e-01 -5.234532952308654785e-01 -2.966116070747375488e-01 2.083027660846710205e-01 -2.682888507843017578e-01 3.447653353214263916e-01 -4.372333288192749023e-01 6.614975631237030029e-02 -9.124226123094558716e-02 -3.258053585886955261e-02 -6.743462085723876953e-01 2.295982837677001953e-01 6.716315448284149170e-02 2.502812743186950684e-01 -1.563839055597782135e-02 -5.211770534515380859e-01 -9.472567588090896606e-02 7.663731276988983154e-02 3.267534449696540833e-02 2.396261394023895264e-01 8.778495788574218750e-01
-3.181815892457962036e-02 -1.989461183547973633e-01 4.421554207801818848e-01 -3.219612538814544678e-01 -5.320709943771362305e-01 -1.075431108474731445e+00 1.021312251687049866e-01 -3.697246015071868896e-01 -6.074634194374084473e-01 -1.005909591913223267e-01 9.809940308332443237e-02 -4.999078214168548584e-01 -4.490333497524261475e-01 -4.883176684379577637e-01 1.275297403335571289e-01 5.764611363410949707e-01 -4.910980165004730225e-01 -5.233306884765625000e-01 6.082951426506042480e-01 -5.107028484344482422e-01 2.163158357143402100e-01 1.218416243791580200e-01 3.635456785559654236e-02 -7.459568381309509277e-01 -2.136280015110969543e-02 5.418767780065536499e-02 3.483756631612777710e-02 -4.025856256484985352e-01 3.636043667793273926e-01 1.862902492284774780e-01 6.355813145637512207e-01 1.230683624744415283e-01 -2.565093636512756348e-01 -7.816471904516220093e-02 -7.594661116600036621e-01 -8.092516660690307617e-01 -3.179982304573059082e-01 3.420865908265113831e-02 -1.283973306417465210e-01 -4.938679039478302002e-01 1.528426259756088257e-01 5.232862830162048340e-01 2.028268724679946899e-01 -9.350464940071105957e-01 -1.834200024604797363e-01 -3.101639151573181152e-01 -1.900239884853363037e-01 3.536438643932342529e-01 3.749971091747283936e-01 -1.406661719083786011e-01 -4.907694831490516663e-02 1.116478722542524338e-02 -1.419016122817993164e-01 -3.790635764598846436e-01 5.091710686683654785e-01 4.302172660827636719e-01 4.925895482301712036e-02 -3.482053577899932861e-01 -6.277893781661987305e-01 5.163218826055526733e-02 -1.134390011429786682e-02 -6.231149435043334961e-01 -6.678888797760009766e-01 3.656310960650444031e-02
1.049354314804077148e+00 -6.701080799102783203e-01 1.215096116065979004e+00 -2.211531065404415131e-02 -6.130049377679824829e-02 -5.748756527900695801e-01 -4.515527784824371338e-01 1.791175268590450287e-02 -6.923490166664123535e-01 -3.272125720977783203e-01 -7.856494784355163574e-01 -3.319267034530639648e-01 -4.149377048015594482e-01 -1.166836857795715332e+00 6.565835475921630859e-01 9.401056170463562012e-01 -9.339275360107421875e-01 5.416764616966247559e-01 -2.526883184909820557e-01 1.051529288291931152e+00 -4.523109197616577148e-01 3.172376751899719238e-01 6.466919779777526855e-01 -1.051152944564819336e+00 -3.700491189956665039e-01 -9.952745586633682251e-02 -6.590911746025085449e-01 -4.770748615264892578e-01 -1.530738323926925659e-01 -2.604989111423492432e-01 3.181807696819305420e-01 4.479619562625885010e-01 2.076582163572311401e-01 -2.754307091236114502e-01 -1.957775950431823730e-01 1.019147560000419617e-01 -3.479520231485366821e-02 1.077810153365135193e-01 2.505989968776702881e-01 -6.637885570526123047e-01 -9.748195856809616089e-02 9.336468577384948730e-01 -4.183812439441680908e-02 -3.644451797008514404e-01 -1.256580203771591187e-01 -4.120453894138336182e-01 7.019520550966262817e-02 -2.301039919257164001e-02 3.995124995708465576e-01 -1.035972118377685547e+00 7.521421909332275391e-01 -5.501351952552795410e-01 -1.884708404541015625e-01 -2.359668761491775513e-01 8.021343499422073364e-02 3.341462016105651855e-01 7.587321400642395020e-01 -2.005311995744705200e-01 -2.257071286439895630e-01 -7.393214106559753418e-01 3.055654466152191162e-01 3.324493169784545898e-01 -8.214320242404937744e-02 2.148514688014984131e-01
6.054821610450744629e-01 -8.542395383119583130e-02 -3.233401477336883545e-01 3.171771392226219177e-02 1.459474265575408936e-01 -7.440787553787231445e-02 1.539037227630615234e-01 -2.467416226863861084e-01 -4.415372610092163086e-01 -6.872605681419372559e-01 -1.198558509349822998e-01 -1.184376403689384460e-01 -9.987956285476684570e-01 -1.039862930774688721e-01 4.290397465229034424e-01 8.318239450454711914e-01 -5.351064801216125488e-01 3.043307065963745117e-01 -5.356171131134033203e-01 4.391655698418617249e-02 -3.754149079322814941e-01 5.486666560173034668e-01 4.618155658245086670e-01 -1.039415001869201660e+00 -5.159886479377746582e-01 -9.715999662876129150e-02 6.507663726806640625e-01 -2.776119410991668701e-01 9.336104393005371094e-01 9.462758153676986694e-02 4.592457711696624756e-01 -8.700028806924819946e-02 -3.595552742481231689e-01 1.652049869298934937e-01 -3.128676116466522217e-01 -2.966143786907196045e-01 1.439296901226043701e-01 -1.129870891571044922e+00 4.086188971996307373e-01 -5.157247185707092285e-01 3.386274278163909912e-01 -2.158245444297790527e-01 2.274590432643890381e-01 -4.043639004230499268e-01 1.744313240051269531e-01 -2.483022063970565796e-01 3.975549936294555664e-01 -3.972832560539245605e-01 -3.383365571498870850e-01 1.000846549868583679e-01 -3.172443211078643799e-01 -2.791015207767486572e-01 -5.437888670712709427e-03 -5.683517456054687500e-01 2.084576338529586792e-01 2.581455409526824951e-01 -6.197759509086608887e-01 -4.913798272609710693e-01 6.162267327308654785e-01 -1.377582177519798279e-02 -3.087650239467620850e-01 9.833896905183792114e-02 1.665135174989700317e-01 6.074674725532531738e-01
-1.539812535047531128e-01 -4.526221752166748047e-01 4.115021526813507080e-01 -1.690981984138488770e-01 -3.565673902630805969e-02 -5.780355334281921387e-01 -7.444733381271362305e-02 -4.065276980400085449e-01 -8.115546107292175293e-01 -2.242786735296249390e-01 -5.742760896682739258e-01 -1.156251132488250732e-01 -6.121162176132202148e-01 -4.672313332557678223e-01 4.067471027374267578e-01 6.062253117561340332e-01 -2.037845700979232788e-01 -5.092576742172241211e-01 -2.012377083301544189e-01 -1.802186816930770874e-01 5.405298992991447449e-02 4.635242521762847900e-01 5.064256191253662109e-01 -3.843487203121185303e-01 -1.917978078126907349e-01 2.252037823200225830e-01 -1.673401296138763428e-01 8.311297744512557983e-02 1.186065748333930969e-01 -8.604855835437774658e-02 -5.211131274700164795e-02 1.627634316682815552e-01 -4.955745637416839600e-01 -1.099761426448822021e-01 1.263342797756195068e-02 9.380522184073925018e-03 9.796117991209030151e-02 4.670542478561401367e-01 -9.930637478828430176e-02 2.824208140373229980e-01 5.219995975494384766e-01 2.451403886079788208e-01 -2.539851367473602295e-01 -8.146100044250488281e-01 -2.151704877614974976e-01 -3.457115888595581055e-01 2.514256834983825684e-01 -6.611493229866027832e-01 -1.026853471994400024e-01 1.371407508850097656e-01 -7.331627607345581055e-01 -2.638506889343261719e-01 4.345400631427764893e-02 -4.790529012680053711e-01 6.823539733886718750e-01 5.813042074441909790e-02 3.532622158527374268e-01 1.047151684761047363e-01 -3.184989690780639648e-01 -3.180066943168640137e-01 -4.941412210464477539e-01 -1.754038408398628235e-02 -3.163421452045440674e-01 2.493301630020141602e-01
3.762975931167602539e-01 -6.393894553184509277e-01 6.688322424888610840e-01 4.309466183185577393e-01 -6.058048605918884277e-01 -4.052699804306030273e-01 1.535247862339019775e-01 -8.646216243505477905e-02 -7.354539632797241211e-01 -4.406426846981048584e-01 -2.620825171470642090e-01 -4.457280039787292480e-02 -7.143091559410095215e-01 -4.887491166591644287e-01 6.599171757698059082e-01 5.613118410110473633e-01 -3.640106320381164551e-01 -2.211768031120300293e-01 -3.978620767593383789e-01 9.449917823076248169e-02 6.995271444320678711e-01 -4.138553887605667114e-02 1.686442047357559204e-01 -1.189691543579101562e+00 4.123212099075317383e-01 -2.097323536872863770e-01 -1.742058247327804565e-01 -8.963032066822052002e-02 1.921176761388778687e-01 1.809880882501602173e-01 -1.805945485830307007e-01 3.337903916835784912e-01 -3.796304166316986084e-01 -1.152904704213142395e-01 2.009468972682952881e-01 -2.419587969779968262e-01 2.054566442966461182e-01 -9.502062574028968811e-03 -7.765058428049087524e-02 -1.037424564361572266e+00 -3.018297553062438965e-01 5.843376517295837402e-01 1.287165842950344086e-02 -6.785152554512023926e-01 5.083651840686798096e-02 -1.371759325265884399e-01 -3.751589655876159668e-01 -2.141657657921314240e-02 6.379492878913879395e-01 -3.367370665073394775e-01 -4.429419934749603271e-01 -5.505365729331970215e-01 -7.115952670574188232e-02 -5.257956981658935547e-01 -1.194414570927619934e-01 6.722005456686019897e-02 6.831578612327575684e-01 -2.000917494297027588e-01 -2.470427155494689941e-01 2.982945442199707031e-01 -1.690037250518798828e-01 5.446400120854377747e-02 -3.458888232707977295e-01 3.280729651451110840e-01
2.405939102172851562e-01 -4.622226357460021973e-01 -4.147088527679443359e-01 3.506810665130615234e-01 -1.633661389350891113e-01 -9.101106524467468262e-01 -5.682083964347839355e-01 -3.361297026276588440e-02 8.453871309757232666e-02 3.464916720986366272e-03 9.575913101434707642e-02 6.976250559091567993e-02 -1.629585474729537964e-01 -3.169716596603393555e-01 7.622905373573303223e-01 8.543979525566101074e-01 -4.669013321399688721e-01 -4.320134520530700684e-01 2.459805831313133240e-02 1.462004184722900391e-01 -3.452992439270019531e-02 4.183018803596496582e-01 5.999051332473754883e-01 -3.499569594860076904e-01 -1.285559237003326416e-01 1.083650887012481689e-01 -3.239963650703430176e-01 1.314316093921661377e-01 4.555135965347290039e-02 4.033857583999633789e-02 -1.624231636524200439e-01 -1.033819556236267090e+00 7.214950323104858398e-01 -8.363425731658935547e-01 8.996067196130752563e-02 -2.180472016334533691e-01 -4.599615931510925293e-01 1.027122698724269867e-02 3.263950943946838379e-01 -5.105987787246704102e-01 -5.763886123895645142e-02 3.236429393291473389e-02 4.851966723799705505e-02 -9.036955833435058594e-01 2.817398905754089355e-01 -9.853495955467224121e-01 3.862921893596649170e-01 -6.134072542190551758e-01 -2.107907980680465698e-01 4.518626630306243896e-01 -6.330814361572265625e-01 -1.140710487961769104e-01 -1.234197914600372314e-01 6.014151871204376221e-02 8.684510588645935059e-01 -3.252982199192047119e-01 1.480115670710802078e-02 -2.766480445861816406e-01 2.026310861110687256e-01 3.526376187801361084e-01 -4.111427441239356995e-02 3.815923929214477539e-01 -3.012652099132537842e-01 6.043508052825927734e-01
-4.037665724754333496e-01 -6.815160065889358521e-02 2.069161534309387207e-01 -6.454164981842041016e-01 -3.333993554115295410e-01 -3.079920709133148193e-01 4.223887622356414795e-01 -9.016368389129638672e-01 -4.678177237510681152e-01 -1.960293352603912354e-01 1.614267379045486450e-01 7.798010855913162231e-02 -4.714823961257934570e-01 -3.581657111644744873e-01 6.346479654312133789e-01 2.274566292762756348e-01 8.290609344840049744e-03 -5.584358572959899902e-01 1.869469694793224335e-02 1.534859091043472290e-01 -7.293664813041687012e-01 -8.494382724165916443e-03 9.800322651863098145e-01 3.444805368781089783e-02 -8.844767510890960693e-02 5.031197667121887207e-01 -3.206664919853210449e-01 -2.115143984556198120e-01 4.394554197788238525e-01 -1.281149744987487793e+00 6.721407771110534668e-01 -3.727093935012817383e-01 -1.949834823608398438e-01 -1.313920021057128906e-01 1.018696054816246033e-01 -1.994437575340270996e-01 -2.053991258144378662e-01 -8.428827859461307526e-03 -2.167016416788101196e-01 -2.416193932294845581e-01 3.125678300857543945e-01 4.016167223453521729e-01 3.269477784633636475e-01 -2.293148189783096313e-01 -9.829558432102203369e-02 -3.583978712558746338e-01 4.586395025253295898e-01 -3.318701088428497314e-01 -1.570644676685333252e-01 3.937510848045349121e-01 -1.139214634895324707e-02 -9.946368932723999023e-01 -9.333442151546478271e-02 2.814161181449890137e-01 6.568192690610885620e-02 2.366755604743957520e-01 3.126232922077178955e-01 -8.553521037101745605e-01 -2.477614432573318481e-01 4.161627888679504395e-01 -7.459277659654617310e-02 2.628262639045715332e-01 -5.406260490417480469e-01 5.893788337707519531e-01
2.474550008773803711e-01 4.393057227134704590e-01 2.801409363746643066e-01 1.004808619618415833e-01 -4.677745699882507324e-01 -9.112200140953063965e-02 -2.440106719732284546e-01 5.715851783752441406e-01 2.024865448474884033e-01 3.916426301002502441e-01 3.139217570424079895e-02 -7.431549429893493652e-01 -7.078934907913208008e-01 -7.912625670433044434e-01 4.717191755771636963e-01 1.055832386016845703e+00 3.609481453895568848e-01 -3.272250294685363770e-01 -2.090998589992523193e-01 9.852740168571472168e-01 4.711823761463165283e-01 6.823039650917053223e-01 1.375854253768920898e+00 -1.047349691390991211e+00 9.658429026603698730e-01 3.170630037784576416e-01 3.875121772289276123e-01 -8.487688302993774414e-01 2.472815960645675659e-01 -1.291781187057495117e+00 2.660762071609497070e-01 6.525166332721710205e-02 -6.522614955902099609e-01 -2.670354954898357391e-02 -1.033768653869628906e+00 3.348603472113609314e-02 -5.267636105418205261e-02 9.481936693191528320e-01 -1.789115667343139648e-01 -9.522818326950073242e-01 -9.749282598495483398e-01 9.724985063076019287e-02 1.760672330856323242e-01 -1.585657298564910889e-01 2.908144891262054443e-01 -1.395681947469711304e-01 3.399880528450012207e-01 -5.307992696762084961e-01 -1.167310327291488647e-01 -1.239856034517288208e-01 1.676414310932159424e-01 -7.121845483779907227e-01 6.340149641036987305e-01 4.390403628349304199e-01 -4.906978607177734375e-01 -7.089129835367202759e-02 6.665571779012680054e-02 8.137115836143493652e-02 2.866967320442199707e-01 3.657436072826385498e-01 -9.294257499277591705e-03 2.984983921051025391e-01 -4.063695073127746582e-01 1.721721738576889038e-01
-6.238125637173652649e-02 -6.239519268274307251e-02 4.724395573139190674e-01 1.096568331122398376e-01 -2.710657417774200439e-01 -1.012145638465881348e+00 1.293569505214691162e-01 -3.320645540952682495e-02 -6.571856737136840820e-01 -6.967565417289733887e-02 4.216554760932922363e-02 -5.606689453125000000e-01 -2.593144178390502930e-01 -3.107742667198181152e-01 3.915071487426757812e-01 4.946456849575042725e-01 -5.988088250160217285e-01 -4.467211067676544189e-01 -2.591087818145751953e-01 -4.416355192661285400e-01 5.023283362388610840e-01 1.703697256743907928e-02 1.559715569019317627e-01 -7.185087203979492188e-01 -2.263378947973251343e-01 -2.289960905909538269e-02 -4.243272542953491211e-01 -3.047390580177307129e-01 3.977252244949340820e-01 2.731109857559204102e-01 5.910143628716468811e-02 1.485249549150466919e-01 -1.806476563215255737e-01 2.534494698047637939e-01 -7.286484837532043457e-01 -6.695802807807922363e-01 -6.119850277900695801e-01 -1.470023244619369507e-01 6.386788189411163330e-02 -5.787770077586174011e-02 4.055908322334289551e-01 7.354039549827575684e-01 4.847464337944984436e-02 -8.904814720153808594e-01 2.881202697753906250e-01 -2.903833687305450439e-01 1.522263884544372559e-01 2.434364855289459229e-01 4.023846685886383057e-01 -9.897299855947494507e-02 1.355265825986862183e-01 -1.249475926160812378e-01 -4.811928793787956238e-02 -5.674111843109130859e-01 5.217170119285583496e-01 8.473655581474304199e-02 1.220200657844543457e-01 -2.734259516000747681e-02 -6.420953869819641113e-01 -1.104041188955307007e-01 -6.733310818672180176e-01 -2.147380709648132324e-01 -2.630691230297088623e-01 -6.913715507835149765e-03
7.129729390144348145e-01 -1.035906374454498291e-01 5.023175477981567383e-01 3.294218331575393677e-02 -2.985875904560089111e-01 -5.478175282478332520e-01 4.231454133987426758e-01 1.400630176067352295e-01 -8.391762375831604004e-01 -5.346987843513488770e-01 -5.541659593582153320e-01 -3.588789999485015869e-01 -7.211207151412963867e-01 -3.102275729179382324e-01 3.029949367046356201e-01 9.490701556205749512e-01 -1.573501080274581909e-01 -2.070406377315521240e-01 -6.812559962272644043e-01 1.038219705224037170e-01 5.677765235304832458e-02 2.792021930217742920e-01 4.898141697049140930e-02 -1.194953560829162598e+00 -2.506718337535858154e-01 4.858829975128173828e-01 4.395228028297424316e-01 -4.840808510780334473e-01 6.511060595512390137e-01 -1.302811801433563232e-01 3.797276616096496582e-01 4.544104039669036865e-01 -3.867916166782379150e-01 -1.382136531174182892e-02 -3.647848665714263916e-01 -4.511790275573730469e-01 -1.873074024915695190e-01 -1.133262157440185547e+00 4.383336901664733887e-01 -9.678020328283309937e-02 2.780107557773590088e-01 1.396969407796859741e-01 1.723526269197463989e-01 -2.083140462636947632e-01 1.171049699187278748e-01 -1.268258839845657349e-01 3.633899688720703125e-01 -3.186494112014770508e-01 9.505433589220046997e-02 -3.829065263271331787e-01 4.718651473522186279e-01 1.944400556385517120e-02 -1.758489310741424561e-01 -5.292866230010986328e-01 5.272830724716186523e-01 2.306768596172332764e-01 -4.881560206413269043e-01 -5.751877427101135254e-01 6.807385087013244629e-01 2.503294348716735840e-01 -5.358048677444458008e-01 5.192173719406127930e-01 -6.036769598722457886e-02 6.436352431774139404e-02
5.143088102340698242e-01 -4.402274489402770996e-01 1.509674340486526489e-01 5.644578859210014343e-02 -3.264876902103424072e-01 -9.043999761343002319e-02 -1.994147896766662598e-01 -1.891230940818786621e-01 -6.804290413856506348e-02 -5.780509710311889648e-01 -5.901146531105041504e-01 6.313177943229675293e-02 -3.038178384304046631e-01 -6.272193789482116699e-01 6.183242797851562500e-01 1.027549386024475098e+00 -2.564893662929534912e-01 1.511019319295883179e-01 3.660200238227844238e-01 1.169492155313491821e-01 -4.011378288269042969e-01 -9.144593775272369385e-02 4.049882888793945312e-01 -1.117036819458007812e+00 6.123385392129421234e-03 1.891233175992965698e-01 4.297979176044464111e-02 -3.825076520442962646e-01 2.323263734579086304e-01 -9.981857985258102417e-02 7.556804418563842773e-01 -3.091274797916412354e-01 -4.603042826056480408e-02 1.376226544380187988e-02 -6.072471663355827332e-02 -1.462169587612152100e-01 2.003047764301300049e-01 9.325851500034332275e-02 -1.258107125759124756e-01 -3.529135882854461670e-02 -1.127913743257522583e-01 8.395674228668212891e-01 -2.503653764724731445e-01 -8.389328718185424805e-01 2.044944167137145996e-01 -4.513237774372100830e-01 2.389943599700927734e-01 -4.654960930347442627e-01 4.872878193855285645e-01 -7.084555178880691528e-02 -3.151631057262420654e-01 -1.835124045610427856e-01 -1.814011931419372559e-01 -5.336146950721740723e-01 4.213619530200958252e-01 -2.796037495136260986e-01 4.099098145961761475e-01 -5.550400912761688232e-02 -8.092001080513000488e-01 -2.644779980182647705e-01 8.864518254995346069e-02 -1.224685758352279663e-01 4.219031929969787598e-01 4.009869396686553955e-01
5.363547801971435547e-01 1.453287452459335327e-01 7.393367886543273926e-01 -9.432473778724670410e-02 -4.618189334869384766e-01 -1.384146213531494141e-01 -4.554338753223419189e-02 1.852347701787948608e-01 -3.860005736351013184e-01 -2.346401214599609375e-01 -6.094402074813842773e-01 -4.551263451576232910e-01 -1.980245560407638550e-01 -4.443704783916473389e-01 5.502877235412597656e-01 8.354975581169128418e-01 -3.138681352138519287e-01 -6.431113481521606445e-01 -7.564982771873474121e-01 3.167064115405082703e-02 4.667409956455230713e-01 5.108307003974914551e-01 5.348267033696174622e-02 -6.427081823348999023e-01 -2.255525141954421997e-01 1.050338074564933777e-01 4.507394433021545410e-01 -3.219431340694427490e-01 9.759339690208435059e-01 4.253154098987579346e-01 -1.649874895811080933e-01 3.678219914436340332e-01 -7.755787670612335205e-02 2.533766925334930420e-01 -6.538404822349548340e-01 -3.832590579986572266e-01 -2.841041982173919678e-01 -5.998175144195556641e-01 1.978080905973911285e-02 -3.376131057739257812e-01 3.746869862079620361e-01 2.827162444591522217e-01 -4.006705582141876221e-01 -1.861215829849243164e-01 5.474954247474670410e-01 1.583092473447322845e-02 5.509021878242492676e-01 -3.565122783184051514e-01 5.198176503181457520e-01 -2.133948206901550293e-01 2.733738422393798828e-01 8.458808809518814087e-02 2.068993598222732544e-01 -2.998335063457489014e-01 4.076195061206817627e-01 -6.989499926567077637e-02 -7.056134939193725586e-01 -4.787286221981048584e-01 -2.987312376499176025e-01 -4.067677855491638184e-01 -2.722584903240203857e-01 4.706793427467346191e-01 -2.979650497436523438e-01 2.651148736476898193e-01
2.844220399856567383e-01 -7.019386291503906250e-01 6.254128813743591309e-01 2.843363881111145020e-01 -5.231029987335205078e-01 -2.947403788566589355e-01 -1.572575718164443970e-01 -2.120002061128616333e-01 -7.435860633850097656e-01 -4.627750217914581299e-01 -1.484443247318267822e-01 -6.242914870381355286e-02 -7.562727928161621094e-01 -4.301595389842987061e-01 5.731146335601806641e-01 4.790488481521606445e-01 -3.529424369335174561e-01 -2.466606944799423218e-01 -4.684615135192871094e-01 1.396434903144836426e-01 4.141166806221008301e-01 1.192864924669265747e-01 -6.978076882660388947e-03 -1.063607931137084961e+00 2.295101135969161987e-01 -2.331273108720779419e-01 -2.467531263828277588e-01 -1.495967525988817215e-02 2.209863215684890747e-01 -1.545791886746883392e-02 1.600865721702575684e-01 5.311771631240844727e-01 -2.592679262161254883e-01 1.744260080158710480e-02 2.494647055864334106e-01 -3.595720827579498291e-01 2.766885459423065186e-01 9.476203471422195435e-02 2.773764431476593018e-01 -1.036487579345703125e+00 -3.715094029903411865e-01 8.413293957710266113e-01 -1.153699681162834167e-01 -7.311398983001708984e-01 -1.620314419269561768e-01 -1.339085400104522705e-01 -2.881603240966796875e-01 -8.022578060626983643e-02 4.162986278533935547e-01 -3.285773098468780518e-02 -5.090470314025878906e-01 -8.091803789138793945e-01 -1.859483271837234497e-01 -6.691647171974182129e-01 -1.397333592176437378e-01 1.168894246220588684e-01 3.330312371253967285e-01 -2.802313864231109619e-01 -1.460389047861099243e-01 3.601972758769989014e-01 -7.137022167444229126e-02 1.203077509999275208e-01 -3.563444018363952637e-01 2.938465178012847900e-01
3.658417165279388428e-01 -2.448854446411132812e-01 5.248206257820129395e-01 1.189269274473190308e-01 -5.173345804214477539e-01 -3.108730539679527283e-02 -2.820930182933807373e-01 -4.326610863208770752e-01 1.562742739915847778e-01 3.490603864192962646e-01 -2.565327659249305725e-02 -2.614371478557586670e-01 -7.515828609466552734e-01 -3.999674022197723389e-01 -4.095886275172233582e-02 1.314799040555953979e-01 -5.294265747070312500e-01 4.891344904899597168e-01 -1.111936092376708984e+00 2.185282260179519653e-01 -3.073759973049163818e-01 -1.866267770528793335e-01 4.479484856128692627e-01 -6.465198993682861328e-01 -7.613076269626617432e-02 -5.592360720038414001e-02 -1.153423860669136047e-01 -4.493299126625061035e-01 6.238919496536254883e-01 -2.428361624479293823e-01 2.445007413625717163e-01 -1.299319744110107422e+00 2.478084415197372437e-01 1.564498543739318848e-01 -9.543933868408203125e-01 -1.861423552036285400e-01 -5.760582685470581055e-01 4.257694184780120850e-01 -1.944141387939453125e-01 -2.007886394858360291e-02 -1.714559048414230347e-01 -1.346906870603561401e-01 9.350770115852355957e-01 1.345175653696060181e-01 1.069102212786674500e-01 -3.999840915203094482e-01 5.519635081291198730e-01 -5.898439288139343262e-01 -6.971852183341979980e-01 -1.905711144208908081e-01 -9.621732831001281738e-01 -6.004841253161430359e-02 5.834354758262634277e-01 2.517882585525512695e-01 4.417913258075714111e-01 3.413327634334564209e-01 -1.569360643625259399e-01 -2.251994013786315918e-01 -6.009639054536819458e-02 6.572228074073791504e-01 4.598102997988462448e-03 -5.890921503305435181e-02 -4.901556372642517090e-01 -2.506378665566444397e-02
-4.636462628841400146e-01 -5.671799778938293457e-01 4.280754327774047852e-01 5.049453377723693848e-01 -6.024388223886489868e-02 -4.201028943061828613e-01 6.433592438697814941e-01 -7.566278576850891113e-01 -1.514785438776016235e-01 -2.236162126064300537e-01 7.314158678054809570e-01 -1.671185255050659180e+00 -5.843519568443298340e-01 -3.753887414932250977e-01 4.255022704601287842e-01 8.560364693403244019e-02 -5.748828649520874023e-01 -4.060827791690826416e-01 7.662691920995712280e-02 9.784032702445983887e-01 1.761130988597869873e-01 1.071278214454650879e+00 1.096861839294433594e+00 -1.467447042465209961e+00 -7.568525671958923340e-01 7.548664212226867676e-01 7.797422409057617188e-01 3.349642455577850342e-01 1.788498461246490479e-01 -6.394841074943542480e-01 1.151800274848937988e+00 7.772387471050024033e-03 7.218641042709350586e-01 -2.805653810501098633e-01 -9.751185774803161621e-01 -1.154458642005920410e+00 3.652811646461486816e-01 -7.410175353288650513e-02 2.163163423538208008e-01 -5.258890986442565918e-02 -9.381970167160034180e-01 -3.407557308673858643e-01 5.399900674819946289e-01 -9.505968689918518066e-01 -8.727195858955383301e-01 -2.302523143589496613e-02 3.677757084369659424e-01 -2.552192211151123047e-01 2.656336687505245209e-02 -4.784056544303894043e-01 2.957692742347717285e-01 6.048372387886047363e-01 6.871706247329711914e-01 -6.227423548698425293e-01 -4.595415890216827393e-01 -5.967523530125617981e-02 2.996872663497924805e-01 -7.320397496223449707e-01 -8.907900452613830566e-01 2.552452385425567627e-01 -1.514394879341125488e-01 7.259097695350646973e-01 -4.508458375930786133e-01 -5.121075510978698730e-01
1.088796138763427734e+00 -2.226180136203765869e-01 -1.031934544444084167e-01 3.468338847160339355e-01 1.862398236989974976e-01 -7.145843505859375000e-01 2.658607810735702515e-02 -2.472869902849197388e-01 6.832995265722274780e-02 1.568249166011810303e-01 2.947356998920440674e-01 -9.330705404281616211e-01 -7.144669443368911743e-02 7.004286050796508789e-01 1.085936665534973145e+00 2.844547629356384277e-01 -5.524503588676452637e-01 -5.476713776588439941e-01 8.200969547033309937e-02 -8.156025409698486328e-02 9.876495003700256348e-01 1.235701203346252441e+00 2.332863360643386841e-01 -1.424369215965270996e+00 -6.476972699165344238e-01 -4.584486037492752075e-02 5.525630116462707520e-01 -3.639215528964996338e-01 -2.660109996795654297e-01 1.930859312415122986e-02 1.396306008100509644e-01 1.547386795282363892e-01 3.648590147495269775e-01 2.668650448322296143e-01 -3.813364803791046143e-01 -8.149395585060119629e-01 8.120481669902801514e-02 5.812516808509826660e-01 -1.447995752096176147e-02 1.575136333703994751e-01 -7.154089212417602539e-01 -2.383970767259597778e-01 2.623382806777954102e-01 -1.892557889223098755e-01 -6.237607449293136597e-02 -3.557894825935363770e-01 2.033185064792633057e-01 -6.937640309333801270e-01 2.377476990222930908e-01 4.322008788585662842e-02 6.565182805061340332e-01 -5.047895312309265137e-01 9.356552958488464355e-01 7.412110269069671631e-02 -8.553790450096130371e-01 3.003275096416473389e-01 4.274585843086242676e-01 -3.533201515674591064e-01 -2.641712129116058350e-01 -1.260021328926086426e-01 3.404231667518615723e-01 7.227984666824340820e-01 -6.350553035736083984e-02 -3.969013690948486328e-02
5.215640664100646973e-01 -2.379600405693054199e-01 3.126938343048095703e-01 4.761233925819396973e-01 -7.218077778816223145e-02 2.417031526565551758e-01 1.464790757745504379e-02 8.845033496618270874e-02 -1.883674860000610352e-01 1.343763917684555054e-01 1.303510516881942749e-01 -9.905778169631958008e-01 1.319195032119750977e-01 -2.357962876558303833e-01 6.715115308761596680e-01 -4.162350296974182129e-02 -6.637855768203735352e-01 6.539576053619384766e-01 -6.263981461524963379e-01 -5.607076287269592285e-01 3.270303606986999512e-01 6.462548971176147461e-01 4.785028696060180664e-01 -5.850043296813964844e-01 -8.839131593704223633e-01 2.758519649505615234e-01 -3.860372006893157959e-01 3.433360159397125244e-01 8.539317548274993896e-02 9.057278931140899658e-02 4.434641897678375244e-01 -6.997647881507873535e-01 3.314603865146636963e-01 -1.456564664840698242e-01 -1.071447730064392090e+00 -7.516688704490661621e-01 5.779570341110229492e-01 7.329614758491516113e-01 2.148725390434265137e-01 -9.040833264589309692e-02 -2.879329919815063477e-01 3.060160577297210693e-01 -1.970151066780090332e-01 -5.581312775611877441e-01 2.061777114868164062e-01 3.557952940464019775e-01 3.377103507518768311e-01 -6.393239498138427734e-01 2.761310338973999023e-01 -4.875421524047851562e-01 -4.242170453071594238e-01 1.327987313270568848e-01 2.106381505727767944e-01 5.540031194686889648e-01 1.732991933822631836e-01 -1.482376307249069214e-01 -2.973982095718383789e-01 -1.123795628547668457e+00 3.348324447870254517e-02 7.167359590530395508e-01 -2.016539126634597778e-01 8.516557812690734863e-01 7.919385284185409546e-02 -1.853623092174530029e-01
1.295560836791992188e+00 -3.271615803241729736e-01 -4.820566177368164062e-01 -2.403723075985908508e-02 4.168792068958282471e-01 -4.259275496006011963e-01 2.406912595033645630e-01 4.307755455374717712e-02 9.030158817768096924e-02 -4.936079680919647217e-01 -2.284759134054183960e-01 -6.817728877067565918e-01 5.440550297498703003e-02 7.253378033638000488e-01 9.969884157180786133e-01 6.873363256454467773e-01 -5.610113143920898438e-01 -6.242988705635070801e-01 -3.384748101234436035e-01 4.126197397708892822e-01 7.122523784637451172e-01 1.213042378425598145e+00 4.491591155529022217e-01 -6.421733498573303223e-01 -8.850184679031372070e-01 5.406904816627502441e-01 3.423012495040893555e-01 -1.095852017402648926e+00 -1.482518464326858521e-01 -2.477516382932662964e-01 -1.272953581064939499e-02 1.696641184389591217e-02 7.036200761795043945e-01 -3.163838684558868408e-01 -2.492681145668029785e-01 -5.304555296897888184e-01 2.535906434059143066e-01 2.963421940803527832e-01 -2.784872353076934814e-01 -2.218879312276840210e-01 -8.883581161499023438e-01 -3.052451014518737793e-01 4.226506352424621582e-01 2.039183862507343292e-02 -2.373764514923095703e-01 -6.342140436172485352e-01 1.980897933244705200e-01 1.150827705860137939e-01 -5.114133358001708984e-01 9.058048576116561890e-02 2.551559209823608398e-01 -3.964262306690216064e-01 7.182236313819885254e-01 1.869365721940994263e-01 -7.839419841766357422e-01 2.781558632850646973e-01 5.655316710472106934e-01 -7.520823478698730469e-01 -3.294388055801391602e-01 -3.874103128910064697e-01 9.430533647537231445e-02 1.245251774787902832e+00 -5.795911550521850586e-01 -2.556696534156799316e-01
6.827164292335510254e-01 -3.958224356174468994e-01 4.809162318706512451e-01 6.899589896202087402e-01 -3.645317852497100830e-01 4.552506282925605774e-02 2.882831096649169922e-01 -2.337159812450408936e-01 -4.593610018491744995e-02 -6.068382859230041504e-01 -6.904391050338745117e-01 -1.171228647232055664e+00 -6.555150747299194336e-01 3.267867267131805420e-01 9.378471970558166504e-01 5.858626365661621094e-01 -6.676753759384155273e-01 -1.227627471089363098e-01 -3.736001849174499512e-01 6.004637479782104492e-01 1.009757280349731445e+00 5.586603879928588867e-01 4.115253388881683350e-01 -6.834332346916198730e-01 -4.015342891216278076e-02 1.999159604310989380e-01 -3.895131945610046387e-01 -4.429280459880828857e-01 -1.440954506397247314e-01 3.553496301174163818e-01 1.634741574525833130e-01 -9.870164841413497925e-02 7.472299337387084961e-01 -2.446396052837371826e-01 4.306827783584594727e-01 -8.657801747322082520e-01 4.479815661907196045e-01 4.068254232406616211e-01 3.351135551929473877e-01 -3.039649724960327148e-01 -1.427091479301452637e+00 9.314742684364318848e-02 1.607988327741622925e-01 4.037940800189971924e-01 -5.254587531089782715e-01 -6.928248405456542969e-01 -4.405402243137359619e-01 5.436429381370544434e-01 -5.744331479072570801e-01 6.320683360099792480e-01 -1.175888702273368835e-01 -2.436799705028533936e-01 -4.657118916511535645e-01 -4.305697977542877197e-02 -3.016943037509918213e-01 1.510620117187500000e-01 1.739150583744049072e-01 -6.885334849357604980e-01 -3.235979378223419189e-01 2.585398256778717041e-01 -1.713495105504989624e-01 7.954748272895812988e-01 -1.648385673761367798e-01 -4.722955822944641113e-01
1.390456795692443848e+00 -3.154759109020233154e-01 -4.109454154968261719e-01 1.337674260139465332e-01 4.713728725910186768e-01 -8.792809247970581055e-01 -5.728863179683685303e-03 -3.130840957164764404e-01 -4.159577563405036926e-02 -4.136240780353546143e-01 7.428695261478424072e-02 -5.975270271301269531e-01 9.284919500350952148e-02 7.717307806015014648e-01 1.214818954467773438e+00 4.892032742500305176e-01 -5.860884189605712891e-01 -3.608551919460296631e-01 -2.666674554347991943e-01 1.137535087764263153e-02 9.462781548500061035e-01 1.448084831237792969e+00 7.413227558135986328e-01 -1.088370323181152344e+00 -6.756638288497924805e-01 4.995371103286743164e-01 6.125398278236389160e-01 -8.914139270782470703e-01 2.448928169906139374e-02 -4.014695286750793457e-01 -8.574762940406799316e-02 2.598199248313903809e-01 5.580037832260131836e-01 -3.171991109848022461e-01 -2.693449854850769043e-01 -5.202013254165649414e-01 3.247621357440948486e-01 4.686294496059417725e-01 -4.771488010883331299e-01 1.011621877551078796e-01 -6.699951291084289551e-01 -2.654030025005340576e-01 5.237988829612731934e-01 -2.340073734521865845e-01 1.636941730976104736e-01 -5.280848741531372070e-01 1.678296178579330444e-01 -2.909203767776489258e-01 -2.865122556686401367e-01 -4.740626085549592972e-03 4.494374990463256836e-01 -4.543804526329040527e-01 8.457705378532409668e-01 1.738098263740539551e-01 -7.738799452781677246e-01 4.363519549369812012e-01 8.411502242088317871e-01 -5.709904432296752930e-01 -9.997097402811050415e-02 -7.167082279920578003e-02 -9.969421476125717163e-02 1.125990390777587891e+00 -5.132237076759338379e-01 -1.395971328020095825e-01
1.336052179336547852e+00 -3.231679201126098633e-01 -3.408731222152709961e-01 1.211684048175811768e-01 3.429032564163208008e-01 -6.456099152565002441e-01 -5.601515993475914001e-02 -4.133252203464508057e-01 -2.624384686350822449e-02 -4.409500956535339355e-01 1.101952195167541504e-01 -6.167895793914794922e-01 1.266638487577438354e-01 9.237206578254699707e-01 1.232974290847778320e+00 5.391855239868164062e-01 -3.582421541213989258e-01 -4.797830879688262939e-01 -4.877154231071472168e-01 8.558354526758193970e-02 9.094013571739196777e-01 1.367259740829467773e+00 6.564071774482727051e-01 -1.122441649436950684e+00 -8.254360556602478027e-01 6.214020252227783203e-01 4.375340342521667480e-01 -9.888805150985717773e-01 -3.837211430072784424e-02 -4.008445441722869873e-01 8.245851099491119385e-02 2.647963464260101318e-01 5.570421218872070312e-01 -3.854867517948150635e-01 -3.931547328829765320e-02 -6.034261584281921387e-01 4.417438209056854248e-01 4.832497537136077881e-01 -3.798879086971282959e-01 -1.344404667615890503e-01 -9.587752223014831543e-01 -1.955583989620208740e-01 4.020567536354064941e-01 -2.325192987918853760e-01 6.041426956653594971e-02 -4.763856828212738037e-01 2.650815844535827637e-01 -3.788042664527893066e-01 -1.580236852169036865e-01 -3.427372872829437256e-02 4.779828190803527832e-01 -4.052149951457977295e-01 1.058908820152282715e+00 1.054526939988136292e-01 -7.486380934715270996e-01 3.614513576030731201e-01 6.791769266128540039e-01 -6.045106649398803711e-01 -1.304642856121063232e-01 -1.635085493326187134e-01 -1.398277562111616135e-02 1.182764887809753418e+00 -4.228160381317138672e-01 -2.799724042415618896e-02
6.648292541503906250e-01 -1.170370206236839294e-01 2.893171608448028564e-01 -2.197897247970104218e-02 -6.430091261863708496e-01 -1.135908514261245728e-01 3.664562702178955078e-01 2.700869739055633545e-01 -6.166806817054748535e-01 -3.127165436744689941e-01 -2.878718543797731400e-03 -9.909265637397766113e-01 -6.138315200805664062e-01 -7.369643449783325195e-01 1.070254594087600708e-01 9.912980794906616211e-01 -1.824661493301391602e-01 -6.244596838951110840e-01 -4.844948947429656982e-01 -2.577400803565979004e-01 4.026730656623840332e-01 2.632768154144287109e-01 6.010482907295227051e-01 -9.600030183792114258e-01 -2.503077089786529541e-01 -2.053069025278091431e-01 7.093243598937988281e-01 -3.308021724224090576e-01 1.070483446121215820e+00 5.419563651084899902e-01 8.821907453238964081e-03 7.254024744033813477e-01 -2.618290185928344727e-01 -1.471571773290634155e-01 -6.867713332176208496e-01 -3.255488276481628418e-01 -6.246984750032424927e-02 -1.133212685585021973e+00 3.739342987537384033e-01 -3.697848916053771973e-01 6.111010313034057617e-01 2.089282125234603882e-02 -9.043813496828079224e-02 -4.955240488052368164e-01 -2.377983927726745605e-01 -4.703686535358428955e-01 2.061241567134857178e-01 -4.093497395515441895e-01 4.455356895923614502e-01 -3.848394155502319336e-01 3.883735537528991699e-01 -3.778307735919952393e-01 2.870632112026214600e-01 1.439040005207061768e-01 5.591881275177001953e-01 -1.430035233497619629e-01 -6.694807410240173340e-01 -4.602276384830474854e-01 -3.558802604675292969e-01 -3.066506385803222656e-01 -3.252860307693481445e-01 4.041140377521514893e-01 1.831334978342056274e-01 1.031047552824020386e-01
2.312200069427490234e-01 -5.779708623886108398e-01 5.941322445869445801e-01 7.380232214927673340e-02 -2.035568952560424805e-01 -6.972821354866027832e-01 -6.203497052192687988e-01 -5.999894738197326660e-01 -7.219926118850708008e-01 -9.084668159484863281e-01 -4.241973161697387695e-01 -3.070260882377624512e-01 -7.298064827919006348e-01 -6.491374373435974121e-01 8.718551397323608398e-01 8.726364374160766602e-01 -8.906013965606689453e-01 -5.940552428364753723e-02 4.945178329944610596e-01 1.830317527055740356e-01 -6.011310219764709473e-02 1.432213038206100464e-01 -1.983417868614196777e-01 -7.920631766319274902e-01 -2.347592450678348541e-02 2.325071692466735840e-01 -3.009497523307800293e-01 1.655324175953865051e-02 8.392919301986694336e-01 -6.927403807640075684e-01 -1.070336103439331055e-01 7.005750387907028198e-02 -4.977256059646606445e-02 -1.381208598613739014e-01 -4.267261326313018799e-01 -2.783444896340370178e-02 1.878519952297210693e-01 1.887600421905517578e-01 -2.270496189594268799e-01 8.237144351005554199e-02 3.987225890159606934e-01 6.409273147583007812e-01 -6.559560894966125488e-01 2.259359359741210938e-01 1.708249151706695557e-01 -6.716501116752624512e-01 5.719963908195495605e-01 -4.127645194530487061e-01 4.868962168693542480e-01 -1.215527802705764771e-01 1.245626732707023621e-01 -1.018434166908264160e-01 2.195233106613159180e-02 -4.806465506553649902e-01 3.834862411022186279e-01 6.406145691871643066e-01 3.290554881095886230e-01 -1.626019030809402466e-01 -7.536350935697555542e-02 -3.369223475456237793e-01 3.695969581604003906e-01 5.230547189712524414e-01 -2.821527123451232910e-01 5.388371944427490234e-01
-1.052677482366561890e-01 5.689758434891700745e-02 2.282429039478302002e-01 5.531911849975585938e-01 -2.665196359157562256e-01 -2.158303186297416687e-02 -7.489176094532012939e-02 4.709540307521820068e-01 5.280330777168273926e-01 5.162556767463684082e-01 -8.576988428831100464e-02 -6.045435070991516113e-01 -6.446691155433654785e-01 -7.881953120231628418e-01 2.335479557514190674e-01 1.030403852462768555e+00 4.728938266634941101e-02 1.021663174033164978e-01 -3.446122109889984131e-01 3.823856413364410400e-01 2.951797842979431152e-01 3.893932104110717773e-01 9.505752921104431152e-01 -8.180387616157531738e-01 7.583923339843750000e-01 -2.041551284492015839e-02 -2.417086660861968994e-01 -9.706456065177917480e-01 3.651642799377441406e-01 -1.328852772712707520e+00 1.125040948390960693e-01 -1.962448097765445709e-02 -2.012122869491577148e-01 8.169854879379272461e-01 -9.157546162605285645e-01 2.787517011165618896e-01 -4.161391258239746094e-01 4.518960416316986084e-01 -2.013291567564010620e-01 -1.026800394058227539e+00 -8.708578348159790039e-01 -1.423354744911193848e-01 1.323284357786178589e-01 -3.201235830783843994e-01 3.857314884662628174e-01 -1.791512519121170044e-01 9.095194190740585327e-02 -1.703676581382751465e-01 -2.023193091154098511e-01 -4.706753790378570557e-02 -2.913637757301330566e-01 -5.682381987571716309e-01 6.716543436050415039e-01 6.875796318054199219e-01 1.485332399606704712e-01 1.287594884634017944e-01 4.014365375041961670e-01 -4.173221811652183533e-02 1.947539001703262329e-01 -1.118823140859603882e-01 2.074052579700946808e-02 2.281785011291503906e-01 -6.888454556465148926e-01 -7.458090037107467651e-02
3.701275289058685303e-01 -1.248455047607421875e+00 -1.999614387750625610e-01 2.727785408496856689e-01 6.047170981764793396e-02 6.991760432720184326e-02 -1.068293023854494095e-02 -8.754052221775054932e-02 -8.258685469627380371e-02 -4.173275232315063477e-01 -7.489294409751892090e-01 5.220812559127807617e-01 -6.898638010025024414e-01 -4.339432418346405029e-01 5.457875132560729980e-01 3.632994294166564941e-01 6.937088817358016968e-02 7.458054274320602417e-02 1.132826805114746094e-01 1.021245196461677551e-01 -2.402040362358093262e-01 -2.635264396667480469e-01 7.359093427658081055e-01 -1.050558090209960938e+00 1.995017677545547485e-01 2.125020325183868408e-01 -8.138022571802139282e-02 -3.491074442863464355e-01 1.471634805202484131e-01 3.807763382792472839e-02 -3.074620664119720459e-01 -6.223623156547546387e-01 1.820256412029266357e-01 -5.606102347373962402e-01 -3.952216804027557373e-01 3.224513679742813110e-02 2.528086006641387939e-01 -1.215043962001800537e-01 -2.381379455327987671e-01 -1.905935630202293396e-02 6.885659694671630859e-02 7.313444614410400391e-01 9.938042610883712769e-02 -6.538344621658325195e-01 1.656349748373031616e-01 -3.531003296375274658e-01 4.661606252193450928e-01 -7.014223337173461914e-01 1.220111995935440063e-01 2.018409371376037598e-01 1.284606009721755981e-01 -2.048010975122451782e-01 -2.307387888431549072e-01 -4.529746472835540771e-01 5.543881654739379883e-01 2.798031270503997803e-01 4.987979307770729065e-02 -2.678452730178833008e-01 -4.362511634826660156e-01 -2.361724376678466797e-01 -4.522926807403564453e-01 8.655498176813125610e-02 5.247551202774047852e-02 3.110210001468658447e-01
4.693123698234558105e-02 -1.373144090175628662e-01 5.716173052787780762e-01 6.790606677532196045e-02 8.108089119195938110e-02 3.756252303719520569e-02 1.967492252588272095e-01 -7.697533369064331055e-01 -3.262719810009002686e-01 1.672071069478988647e-01 -5.574479699134826660e-02 -6.031333208084106445e-01 -9.181103110313415527e-01 1.830502450466156006e-01 1.916856169700622559e-01 2.493439018726348877e-01 -1.128322724252939224e-02 -1.088845849037170410e+00 -4.840100109577178955e-01 6.085064411163330078e-01 -6.401124000549316406e-01 6.892166137695312500e-01 1.026662945747375488e+00 -2.911764979362487793e-01 -2.437536120414733887e-01 3.185211718082427979e-01 -2.165834009647369385e-01 -2.688028216361999512e-01 1.057167500257492065e-01 -6.952747702598571777e-01 1.609778404235839844e-01 1.071449816226959229e-01 -2.230967134237289429e-01 -1.671255230903625488e-01 -2.364124730229377747e-02 -1.612387299537658691e-01 -1.034705117344856262e-01 4.439945220947265625e-01 1.514372378587722778e-01 1.043182238936424255e-01 4.249333441257476807e-01 1.487115770578384399e-02 -1.034143269062042236e-01 -4.232228398323059082e-01 1.659567803144454956e-01 -2.930105626583099365e-01 6.926732659339904785e-01 -1.799346208572387695e-01 -6.993335485458374023e-01 3.165113031864166260e-01 -4.386882483959197998e-01 -6.256040334701538086e-01 -6.941477954387664795e-02 6.564132869243621826e-02 3.123776018619537354e-01 2.544148862361907959e-01 -7.323408126831054688e-02 -2.367920875549316406e-01 -3.056518137454986572e-01 5.438338518142700195e-01 2.032953649759292603e-01 -2.073591202497482300e-01 -1.624383404850959778e-02 4.696348309516906738e-01
5.661202073097229004e-01 1.742224991321563721e-01 9.038331508636474609e-01 4.809144437313079834e-01 6.800848525017499924e-03 4.909416735172271729e-01 2.341266572475433350e-01 1.186465770006179810e-01 9.668344855308532715e-01 -7.418133020401000977e-01 4.332450330257415771e-01 -1.539522051811218262e+00 -3.950214385986328125e-01 1.670652329921722412e-01 4.902788102626800537e-01 6.542837023735046387e-01 -1.751611679792404175e-01 1.015651375055313110e-01 -4.446211457252502441e-01 9.385919570922851562e-01 2.870519459247589111e-01 3.458818197250366211e-01 9.598625302314758301e-01 -4.993234276771545410e-01 2.577649950981140137e-01 5.703665614128112793e-01 5.624354481697082520e-01 -9.046255350112915039e-01 5.849647894501686096e-02 -6.718079447746276855e-01 -1.466622650623321533e-01 -6.493993401527404785e-01 -2.039044648408889771e-01 -6.173368096351623535e-01 -2.429819554090499878e-01 -5.768614411354064941e-01 -1.914733648300170898e-01 -1.457201540470123291e-01 -4.951853752136230469e-01 1.405289489775896072e-02 -2.366213947534561157e-01 2.750983834266662598e-01 1.374807208776473999e-01 -7.849972248077392578e-01 -5.978073924779891968e-02 -6.896738409996032715e-01 -2.763532400131225586e-01 -2.476384639739990234e-01 6.305166482925415039e-01 -7.401496767997741699e-01 2.990638613700866699e-01 -5.350463986396789551e-01 1.724983602762222290e-01 9.168715476989746094e-01 2.676466405391693115e-01 6.245446801185607910e-01 2.011661827564239502e-01 -6.574679631739854813e-03 -2.939376533031463623e-01 5.183598995208740234e-01 -7.661028206348419189e-02 3.948723971843719482e-01 -9.971827268600463867e-02 5.948230624198913574e-01
7.031161189079284668e-01 -2.997743189334869385e-01 6.913822293281555176e-01 3.583453297615051270e-01 -4.483107924461364746e-01 -2.240772545337677002e-01 -2.657968783751130104e-03 -1.783190071582794189e-01 -4.006851911544799805e-01 -3.930083811283111572e-01 -5.298497080802917480e-01 -1.013714000582695007e-01 -1.918110549449920654e-01 -3.616288304328918457e-01 5.703584551811218262e-01 9.763509035110473633e-01 -5.942833423614501953e-01 -2.315907031297683716e-01 5.610371232032775879e-01 -5.474725738167762756e-02 -2.412722706794738770e-01 3.317777812480926514e-02 6.325110793113708496e-03 -1.135022878646850586e+00 -2.553767859935760498e-01 1.040958538651466370e-01 -1.065207347273826599e-01 -5.307941436767578125e-01 -1.316655427217483521e-01 -1.055127233266830444e-01 4.901722073554992676e-01 9.751342236995697021e-03 -4.749111235141754150e-01 6.311497837305068970e-02 2.296403795480728149e-02 -2.798952162265777588e-01 2.558646909892559052e-02 -2.152468860149383545e-01 -4.779182001948356628e-02 -2.013990879058837891e-01 -2.355361171066761017e-02 1.291973352432250977e+00 -2.035493403673171997e-01 -7.351869940757751465e-01 -4.320314526557922363e-01 -3.187589943408966064e-01 8.604369312524795532e-02 -9.444352239370346069e-02 3.842759132385253906e-01 -2.044338732957839966e-01 -2.496923506259918213e-01 -3.123465776443481445e-01 -9.264304488897323608e-02 -3.827989101409912109e-01 3.139001727104187012e-01 7.593278586864471436e-02 1.374163776636123657e-01 -1.598182693123817444e-02 -8.254361152648925781e-01 -5.477885156869888306e-02 3.567253053188323975e-01 2.785922400653362274e-02 2.299086898565292358e-01 6.846928596496582031e-01
4.678424000740051270e-01 7.715674489736557007e-02 6.140173077583312988e-01 9.113929420709609985e-02 -5.526117682456970215e-01 -3.415003716945648193e-01 4.726569950580596924e-01 2.123241312801837921e-03 -6.467502713203430176e-01 -4.828473031520843506e-01 -4.517520368099212646e-01 -4.698844254016876221e-01 -5.353589057922363281e-01 -1.094951927661895752e-01 1.781743764877319336e-01 9.664209485054016113e-01 -1.036476194858551025e-01 -1.240060329437255859e-01 -7.220497727394104004e-01 1.855991780757904053e-01 6.769449263811111450e-02 4.495199024677276611e-01 2.023908495903015137e-01 -8.299472332000732422e-01 -2.163573652505874634e-01 5.441294312477111816e-01 1.236474737524986267e-01 -3.829264640808105469e-01 9.015920162200927734e-01 -6.165269389748573303e-02 3.475315272808074951e-01 2.969726361334323883e-02 -3.087709546089172363e-01 -1.396594792604446411e-01 -4.917750060558319092e-01 -6.093299388885498047e-01 5.476303771138191223e-02 -8.644887804985046387e-01 3.770779669284820557e-01 -5.411949157714843750e-01 5.001621246337890625e-01 1.090648770332336426e-01 5.722371116280555725e-02 3.407142758369445801e-01 3.640082776546478271e-01 -1.571612805128097534e-01 4.419347345829010010e-01 2.930098958313465118e-02 5.939658880233764648e-01 1.300770381931215525e-04 5.410009250044822693e-02 -8.476951718330383301e-02 -9.122999012470245361e-02 -4.999549686908721924e-01 7.826945185661315918e-01 4.186734855175018311e-01 -3.986040055751800537e-01 -8.402217626571655273e-01 5.397167205810546875e-01 -3.229388296604156494e-01 -4.878713190555572510e-01 1.146157503128051758e+00 1.566121429204940796e-01 -5.884502828121185303e-02
1.663417965173721313e-01 -2.061010599136352539e-01 -2.419759929180145264e-01 2.936279177665710449e-01 -1.022513508796691895e-01 -2.450996637344360352e-01 -2.413655966520309448e-01 -7.015185952186584473e-01 -1.489454954862594604e-01 -3.252023756504058838e-01 2.809278368949890137e-01 -8.446868658065795898e-01 -6.244531869888305664e-01 -2.240987420082092285e-01 -2.557113170623779297e-01 -2.192025184631347656e-01 -3.504124283790588379e-02 -6.386260986328125000e-01 -5.252697467803955078e-01 7.792972922325134277e-01 2.514028549194335938e-01 1.782868057489395142e-02 6.822751164436340332e-01 -7.179218530654907227e-01 -6.264830231666564941e-01 3.481008112430572510e-01 1.218425184488296509e-01 -3.322602212429046631e-01 5.302470326423645020e-01 -8.104169368743896484e-01 3.805064558982849121e-01 -8.954878449440002441e-01 1.823132038116455078e-01 -4.127312302589416504e-01 1.946661770343780518e-01 5.091223120689392090e-01 -5.438176915049552917e-02 -2.113255411386489868e-01 -1.223261207342147827e-01 -4.846735596656799316e-01 -2.520048320293426514e-01 2.410788834095001221e-01 4.562373738735914230e-03 -1.198065876960754395e-01 5.851406455039978027e-01 -7.215541601181030273e-01 6.432444453239440918e-01 -4.664326310157775879e-01 -3.846954703330993652e-01 4.543347060680389404e-01 -4.662219882011413574e-01 -1.191460728645324707e+00 5.739503502845764160e-01 6.453644037246704102e-01 4.800958037376403809e-01 -8.287625908851623535e-01 2.879056334495544434e-01 4.087773859500885010e-01 -3.542304039001464844e-01 5.997660756111145020e-02 4.184990227222442627e-01 3.224835395812988281e-01 -7.467877864837646484e-01 2.199396789073944092e-01
4.865309298038482666e-01 1.961451023817062378e-02 2.535425722599029541e-01 1.287137866020202637e-01 -6.646622419357299805e-01 5.038987472653388977e-02 -4.850724637508392334e-01 -7.876029610633850098e-01 4.359441250562667847e-02 -2.976495400071144104e-02 -2.312661521136760712e-02 -1.160034656524658203e+00 -6.645876169204711914e-01 -3.253115713596343994e-01 -8.140671849250793457e-01 2.245501615107059479e-02 -3.186452686786651611e-01 -1.212051957845687866e-01 -6.455127000808715820e-01 5.134913325309753418e-01 -5.947830155491828918e-02 -1.624072045087814331e-01 4.522291719913482666e-01 -3.307766616344451904e-01 -2.104435116052627563e-01 1.797926574945449829e-01 -1.504973024129867554e-01 -6.684406399726867676e-01 8.264485001564025879e-01 -4.344450831413269043e-01 4.133962392807006836e-01 -1.076804041862487793e+00 -1.661673188209533691e-01 -1.831324696540832520e-01 -3.845507502555847168e-01 2.759316936135292053e-02 1.319039613008499146e-01 4.524054825305938721e-01 3.897390961647033691e-01 -6.879384517669677734e-01 -4.887310564517974854e-01 -1.020077764987945557e-01 3.284821212291717529e-01 -1.812913268804550171e-01 4.201482236385345459e-01 -4.598817825317382812e-01 5.077847242355346680e-01 -1.250596493482589722e-01 -5.676705241203308105e-01 2.508185505867004395e-01 -4.969292283058166504e-01 -3.503757119178771973e-01 9.849013090133666992e-01 4.625473618507385254e-01 8.882260918617248535e-01 -1.079765930771827698e-01 6.285050511360168457e-01 2.030103467404842377e-03 -6.734105199575424194e-02 7.496059872210025787e-03 5.804742872714996338e-02 -1.619469672441482544e-01 -3.339478671550750732e-01 -1.402944177389144897e-01
6.100022792816162109e-01 -1.557002216577529907e-01 7.028290629386901855e-01 1.086072564125061035e+00 -8.571205735206604004e-01 1.781931370496749878e-01 7.254841327667236328e-01 -2.659541666507720947e-01 5.539084076881408691e-01 -2.179183810949325562e-01 7.836581766605377197e-02 -4.685152471065521240e-01 -8.477714061737060547e-01 -2.724889814853668213e-01 4.428767561912536621e-01 1.495545268058776855e+00 -5.626342296600341797e-01 -3.645596206188201904e-01 -3.064005374908447266e-01 5.327954292297363281e-01 5.010821819305419922e-01 8.599581122398376465e-01 1.021513342857360840e+00 -5.509518086910247803e-02 6.505788564682006836e-01 5.042546391487121582e-01 5.558382868766784668e-01 -1.797845810651779175e-01 3.947069048881530762e-01 -8.691273927688598633e-01 1.345038861036300659e-01 -8.215004205703735352e-02 -1.806654185056686401e-01 -2.567334473133087158e-01 -6.862264275550842285e-01 3.304493427276611328e-01 2.417435199022293091e-01 5.144807696342468262e-01 5.102606415748596191e-01 -4.010146558284759521e-01 -6.087446212768554688e-01 1.652778536081314087e-01 2.308850735425949097e-01 -5.948661267757415771e-02 -3.314778208732604980e-02 -1.210184246301651001e-01 1.410641223192214966e-01 -1.930501759052276611e-01 -4.320600926876068115e-01 -5.072997212409973145e-01 5.508642792701721191e-01 1.563813537359237671e-02 1.982541531324386597e-01 1.108038663864135742e+00 -3.287054598331451416e-01 -8.821459114551544189e-02 5.397603288292884827e-02 1.521983146667480469e-01 -8.259981870651245117e-01 -4.027693867683410645e-01 -2.664717733860015869e-01 9.871576428413391113e-01 1.677428185939788818e-01 7.557852268218994141e-01
3.370538949966430664e-01 9.059307724237442017e-02 -1.423768699169158936e-01 5.375192761421203613e-01 2.553970813751220703e-01 -7.470403313636779785e-01 -5.723755955696105957e-01 -8.656713962554931641e-01 -6.746543049812316895e-01 -5.610986351966857910e-01 4.552795290946960449e-01 -6.833406686782836914e-01 -2.904597818851470947e-01 -2.341697514057159424e-01 1.592638343572616577e-01 -2.454148977994918823e-01 -2.970649302005767822e-01 -7.587645649909973145e-01 -4.283939003944396973e-01 9.242965579032897949e-01 1.082332953810691833e-01 2.203111797571182251e-01 9.914026260375976562e-01 -8.403652906417846680e-01 -9.095754027366638184e-01 3.720347285270690918e-01 -4.576614201068878174e-01 7.768813520669937134e-03 1.265421211719512939e-01 -6.776490807533264160e-01 5.346982479095458984e-01 -7.943879961967468262e-01 3.987148702144622803e-01 -6.729649305343627930e-01 1.453387141227722168e-01 9.006562829017639160e-02 -3.286886811256408691e-01 -2.347228117287158966e-02 -2.186773568391799927e-01 -3.553259968757629395e-01 1.589975208044052124e-01 3.322168290615081787e-01 2.815608680248260498e-01 -1.486698240041732788e-01 3.650186955928802490e-01 -8.657030463218688965e-01 8.709051012992858887e-01 -6.162700057029724121e-01 -4.530752599239349365e-01 2.961694002151489258e-01 -7.527692914009094238e-01 -1.110173583030700684e+00 4.899293482303619385e-01 4.000372290611267090e-01 5.216091275215148926e-01 -6.843767762184143066e-01 -1.415643244981765747e-01 -3.163749724626541138e-02 -4.337442517280578613e-01 3.330157995223999023e-01 7.323579788208007812e-01 7.000819444656372070e-01 -9.764264225959777832e-01 4.765156209468841553e-01
8.520995378494262695e-01 2.206013649702072144e-01 3.193429112434387207e-01 -1.401460915803909302e-01 -1.114060953259468079e-01 1.363528072834014893e-01 3.000510931015014648e-01 -5.537146329879760742e-01 7.075145840644836426e-03 -1.952111423015594482e-01 -3.180307745933532715e-01 -6.052837967872619629e-01 -9.800854921340942383e-01 -4.708617925643920898e-01 -1.185528263449668884e-01 3.033760190010070801e-01 5.212280154228210449e-02 -5.319842696189880371e-01 -1.600028425455093384e-01 6.718055810779333115e-03 9.211920201778411865e-02 8.105552792549133301e-01 8.773297667503356934e-01 2.277705520391464233e-01 -2.943797409534454346e-01 -9.932149946689605713e-02 -8.384585380554199219e-02 -2.478271126747131348e-01 4.315095841884613037e-01 -4.887487888336181641e-01 5.658273696899414062e-01 -1.790880858898162842e-01 -4.763378798961639404e-01 -4.339540004730224609e-01 -4.196579158306121826e-01 -4.352554082870483398e-01 7.840477675199508667e-02 5.983129143714904785e-01 -2.525117993354797363e-01 -4.487627148628234863e-01 5.754316598176956177e-02 8.733299374580383301e-01 6.730399094521999359e-03 -3.743838965892791748e-01 6.716150045394897461e-02 -1.597292572259902954e-01 4.475892484188079834e-01 -4.362417384982109070e-02 -6.876450777053833008e-01 2.416054904460906982e-01 -2.159700244665145874e-01 -1.032950401306152344e+00 3.843229115009307861e-01 4.243608415126800537e-01 -2.796663641929626465e-01 2.213704586029052734e-01 -5.777394771575927734e-01 2.637595534324645996e-01 -4.316867291927337646e-01 2.842500507831573486e-01 8.435656130313873291e-02 -7.033159136772155762e-01 -4.332056939601898193e-01 -1.868959516286849976e-01
8.010492920875549316e-01 -4.454813897609710693e-01 4.405677616596221924e-01 2.810974419116973877e-01 -3.539396524429321289e-01 -1.710695773363113403e-01 2.213093340396881104e-01 -2.960522770881652832e-01 -3.130528628826141357e-01 -6.821562647819519043e-01 -7.617691159248352051e-01 -1.377761214971542358e-01 -1.679384261369705200e-01 -6.296544075012207031e-01 5.065094232559204102e-01 1.267513394355773926e+00 -7.605154514312744141e-01 -1.024599447846412659e-01 4.346088469028472900e-01 -9.703564643859863281e-02 -2.978658378124237061e-01 -1.933489292860031128e-01 2.122856825590133667e-01 -1.016915798187255859e+00 -1.031603217124938965e-01 8.240821212530136108e-02 2.750852145254611969e-03 -6.613826155662536621e-01 -4.546935483813285828e-02 1.023841500282287598e-01 4.667441844940185547e-01 1.690128594636917114e-01 -2.422620207071304321e-01 -9.690186940133571625e-03 1.024728715419769287e-01 -1.654140055179595947e-01 1.737779378890991211e-02 2.492527477443218231e-02 2.253174968063831329e-02 -2.392120808362960815e-01 2.115277945995330811e-01 1.361257553100585938e+00 -2.935777604579925537e-01 -7.091934680938720703e-01 -4.032444953918457031e-01 -1.083812788128852844e-01 -7.183030247688293457e-02 -1.464551538228988647e-01 1.180708482861518860e-01 -3.998406827449798584e-01 -3.688915818929672241e-02 -7.161739747971296310e-03 2.855985164642333984e-01 -5.252588391304016113e-01 3.216021358966827393e-01 1.087627559900283813e-02 4.758137837052345276e-02 -4.600580632686614990e-01 -7.077870965003967285e-01 -1.826787590980529785e-01 2.533218860626220703e-01 2.556843683123588562e-02 1.773218512535095215e-01 7.147835493087768555e-01
5.744732618331909180e-01 4.264795035123825073e-02 4.905210137367248535e-01 6.331897974014282227e-01 -4.725693762302398682e-01 1.158619821071624756e-01 4.765050411224365234e-01 -2.126174420118331909e-01 3.464896380901336670e-01 -5.198180675506591797e-01 3.855214715003967285e-01 -7.128349542617797852e-01 -8.279443383216857910e-01 -5.006022453308105469e-01 1.004949286580085754e-01 1.064153909683227539e+00 -1.303024888038635254e-01 -2.842144966125488281e-01 -6.412624716758728027e-01 8.547903895378112793e-01 4.385577142238616943e-01 5.761677622795104980e-01 1.257402777671813965e+00 4.867980256676673889e-02 7.782977819442749023e-01 1.999449729919433594e-01 5.353106856346130371e-01 -3.499987125396728516e-01 3.197012841701507568e-01 -1.012037158012390137e+00 1.182732656598091125e-01 -2.658872902393341064e-01 -1.449126899242401123e-01 -2.868387401103973389e-01 -5.232926607131958008e-01 1.918686740100383759e-02 1.684243530035018921e-01 6.074849367141723633e-01 4.309704303741455078e-01 -6.245173215866088867e-01 -4.093448519706726074e-01 1.383106261491775513e-01 2.049161046743392944e-01 1.715100742876529694e-02 1.661366671323776245e-01 -2.553736269474029541e-01 9.901089221239089966e-02 -1.021509915590286255e-01 -5.317525863647460938e-01 -2.448059320449829102e-01 4.952966868877410889e-01 -1.791064068675041199e-02 2.799323499202728271e-01 1.028365254402160645e+00 -4.355419576168060303e-01 -1.079931780695915222e-01 1.788534671068191528e-01 3.442507982254028320e-01 -7.204074263572692871e-01 -1.958476305007934570e-01 -1.691745668649673462e-01 6.326870322227478027e-01 6.373085081577301025e-02 3.438774049282073975e-01
3.473377227783203125e-01 -1.129903197288513184e+00 1.581859737634658813e-01 6.077445745468139648e-01 6.367450952529907227e-02 8.494058996438980103e-02 -2.761366069316864014e-01 -6.126547455787658691e-01 2.676124498248100281e-02 -4.637232720851898193e-01 -1.107804059982299805e+00 -7.026087045669555664e-01 -2.309151887893676758e-01 -6.642365455627441406e-01 8.168698549270629883e-01 3.413731753826141357e-01 -4.291455745697021484e-01 -1.784512996673583984e-01 6.963876485824584961e-01 7.777976989746093750e-01 7.093517780303955078e-01 2.533880472183227539e-01 8.121530413627624512e-01 -1.074156045913696289e+00 -5.262728929519653320e-01 6.824800372123718262e-01 -2.541736066341400146e-01 -5.326827522367238998e-03 -2.554947733879089355e-01 2.195705622434616089e-01 5.051060318946838379e-01 -9.037320017814636230e-01 -1.371259391307830811e-01 -9.145869314670562744e-02 -2.283150255680084229e-01 6.181293725967407227e-02 1.977463215589523315e-01 1.238071359694004059e-02 1.109059005975723267e-01 3.261215686798095703e-01 -1.241052001714706421e-01 -1.750310957431793213e-01 2.494682222604751587e-01 6.399366855621337891e-01 3.638601005077362061e-01 -4.368154704570770264e-01 2.329984158277511597e-01 -2.111457884311676025e-01 3.082826137542724609e-01 -4.373234510421752930e-01 -6.505773663520812988e-01 -3.833475112915039062e-01 -1.040204893797636032e-02 3.407905399799346924e-01 -3.557491898536682129e-01 3.385568559169769287e-01 1.985925287008285522e-01 -8.594502210617065430e-01 -1.227720856666564941e+00 -5.444333553314208984e-01 -5.810530185699462891e-01 5.797218680381774902e-01 2.875743210315704346e-01 -1.011959612369537354e-01
8.629525303840637207e-01 -6.939756870269775391e-01 4.034569114446640015e-02 -1.844633221626281738e-01 -8.692481368780136108e-02 8.672717958688735962e-02 7.896470837295055389e-03 -2.714193165302276611e-01 -6.177937388420104980e-01 2.913275957107543945e-01 -6.185457706451416016e-01 -1.334263205528259277e+00 -6.488695144653320312e-01 -5.334953665733337402e-01 8.552933335304260254e-01 8.408457040786743164e-01 -3.743404746055603027e-01 -2.590247988700866699e-01 4.911396503448486328e-01 7.447220087051391602e-01 5.645986199378967285e-01 8.598764538764953613e-01 4.144304692745208740e-01 -7.712310552597045898e-01 3.253732621669769287e-01 3.092435896396636963e-01 -3.901126384735107422e-01 -1.275679171085357666e-01 1.679505407810211182e-01 6.373587250709533691e-01 3.205952346324920654e-01 -1.258119702339172363e+00 -1.550377113744616508e-03 3.434222564101219177e-02 -2.399051785469055176e-01 -1.705899089574813843e-01 3.370942771434783936e-01 1.765073090791702271e-01 4.891840517520904541e-01 8.867945075035095215e-01 -4.547524079680442810e-02 -5.280796885490417480e-01 3.625092506408691406e-01 1.706607043743133545e-01 5.277866721153259277e-01 -2.280807197093963623e-01 -1.191829703748226166e-02 -1.920499205589294434e-01 2.016237825155258179e-01 -6.812474727630615234e-01 3.816465735435485840e-01 -5.739688277244567871e-01 1.163292452692985535e-01 6.437631845474243164e-01 -3.978413939476013184e-01 3.355063796043395996e-01 5.817359685897827148e-01 -2.493930011987686157e-01 -1.031679987907409668e+00 2.894025743007659912e-01 -7.540058493614196777e-01 8.013881444931030273e-01 -4.607815295457839966e-02 -8.074335455894470215e-01
3.341367840766906738e-01 -3.080914616584777832e-01 3.790521621704101562e-01 3.374896347522735596e-01 -6.360397338867187500e-01 3.350841999053955078e-01 -2.452428638935089111e-02 -4.100400507450103760e-01 2.333737909793853760e-01 -1.515265852212905884e-01 -9.959776885807514191e-03 -1.036117672920227051e+00 -9.225552082061767578e-01 -5.670125409960746765e-02 -8.028900027275085449e-01 4.910695850849151611e-01 -6.480780988931655884e-02 -3.752215504646301270e-01 -2.359683513641357422e-01 5.215563774108886719e-01 3.413718938827514648e-01 -1.687422022223472595e-02 4.803352653980255127e-01 -5.160914659500122070e-01 -6.788079738616943359e-01 1.700096428394317627e-01 -1.355511993169784546e-01 -4.890091717243194580e-01 4.278383255004882812e-01 -4.749119877815246582e-01 2.708594799041748047e-01 -6.611865162849426270e-01 -5.495241284370422363e-01 -2.579046487808227539e-01 -2.343554198741912842e-01 2.950073778629302979e-01 9.659912437200546265e-02 1.586535125970840454e-01 3.688167035579681396e-02 -6.687437295913696289e-01 -1.013535708189010620e-01 8.023929595947265625e-02 3.968609273433685303e-01 -2.246190011501312256e-01 2.199678122997283936e-01 -6.541702151298522949e-01 4.409529268741607666e-01 -1.316507905721664429e-01 -6.767944097518920898e-01 2.214002907276153564e-01 -4.369608461856842041e-01 -7.303732037544250488e-01 5.082900524139404297e-01 5.615991353988647461e-01 9.666488170623779297e-01 -2.818059921264648438e-01 4.754754304885864258e-01 5.663362741470336914e-01 -3.136188685894012451e-01 -2.849218249320983887e-01 -1.205799169838428497e-02 -6.470297276973724365e-02 -2.026527374982833862e-01 -6.265702098608016968e-02
7.468982934951782227e-01 3.102409243583679199e-01 6.480504274368286133e-01 -1.286423951387405396e-01 -3.234892189502716064e-01 -1.512490808963775635e-01 1.396004259586334229e-01 -1.241017319262027740e-02 -2.744998037815093994e-01 -1.945881843566894531e-01 -6.340801119804382324e-01 -7.122400999069213867e-01 -4.473856687545776367e-01 -2.873249650001525879e-01 8.638570904731750488e-01 9.803671240806579590e-01 -3.147222101688385010e-01 -4.032560586929321289e-01 -9.374540448188781738e-01 2.969094216823577881e-01 3.071882426738739014e-01 5.066188573837280273e-01 -1.868240982294082642e-01 -8.230521678924560547e-01 -4.590892195701599121e-01 4.846244454383850098e-01 1.348681896924972534e-01 -4.666582643985748291e-01 1.103261470794677734e+00 -2.973059751093387604e-02 4.493117034435272217e-01 4.931050837039947510e-01 -1.851192563772201538e-01 -5.846216529607772827e-02 -5.151789188385009766e-01 -5.824531316757202148e-01 5.528872460126876831e-02 -7.023270726203918457e-01 6.144871190190315247e-02 -2.240638583898544312e-01 4.064665436744689941e-01 1.778768301010131836e-01 -3.115478456020355225e-01 3.205061703920364380e-02 9.104450941085815430e-01 1.094124168157577515e-01 5.672341585159301758e-01 9.877757728099822998e-02 2.110193222761154175e-01 -2.485551238059997559e-01 3.287613987922668457e-01 1.414318084716796875e-01 1.799806207418441772e-01 -9.466873854398727417e-02 6.245471239089965820e-01 1.438196450471878052e-01 -9.132893681526184082e-01 -8.142681121826171875e-01 2.626140117645263672e-01 -1.447498202323913574e-01 -5.645418763160705566e-01 5.971205234527587891e-01 -1.132801026105880737e-01 2.111364454030990601e-01
1.302914738655090332e+00 1.712489873170852661e-01 -4.980775713920593262e-01 6.419142484664916992e-01 -4.902798235416412354e-01 -4.747087955474853516e-01 -1.160242483019828796e-01 -3.253491520881652832e-01 -5.319424867630004883e-01 1.036316156387329102e-01 -7.611731886863708496e-01 -6.521579623222351074e-01 -4.352496266365051270e-01 2.762029170989990234e-01 2.309506386518478394e-01 5.264459177851676941e-02 -6.298366189002990723e-01 2.366847544908523560e-01 -4.758142530918121338e-01 -1.147957146167755127e-01 9.260033369064331055e-01 1.125328779220581055e+00 8.959204554557800293e-01 -9.701179265975952148e-01 -8.507558107376098633e-01 4.734719991683959961e-01 -2.056402862071990967e-01 -7.925264835357666016e-01 6.771242618560791016e-02 -7.336158752441406250e-01 3.926002085208892822e-01 -1.222120597958564758e-01 5.953078269958496094e-01 -8.964745700359344482e-02 5.937832593917846680e-02 -7.051520943641662598e-01 8.210318088531494141e-01 5.328865051269531250e-01 -4.863381981849670410e-01 -8.115494251251220703e-02 -3.047902369871735573e-03 3.660129606723785400e-01 2.211850732564926147e-01 -5.731161832809448242e-01 -2.611153125762939453e-01 -1.103384494781494141e-01 -2.022356539964675903e-01 -2.883780300617218018e-01 3.070271611213684082e-01 -5.394786596298217773e-01 3.775476813316345215e-01 -5.067685842514038086e-01 3.100343048572540283e-01 6.600329875946044922e-01 -7.309668064117431641e-01 -3.036096990108489990e-01 -1.057055220007896423e-01 -9.864866137504577637e-01 -1.667146384716033936e-02 6.609678268432617188e-01 -5.712263584136962891e-01 1.345507860183715820e+00 3.148806095123291016e-01 2.638852000236511230e-01
-1.611593812704086304e-01 -5.496103763580322266e-01 2.944161593914031982e-01 1.478539854288101196e-01 -1.924112290143966675e-01 -7.076227664947509766e-01 6.778479814529418945e-01 -3.761067390441894531e-01 -5.762344002723693848e-01 -3.258143663406372070e-01 8.607159852981567383e-01 -1.205728173255920410e+00 -1.384693384170532227e-01 -5.397008657455444336e-01 4.372083246707916260e-01 4.336333274841308594e-01 -7.406684160232543945e-01 1.502727866172790527e-01 8.348134160041809082e-02 4.154914915561676025e-01 3.507719039916992188e-01 5.846228599548339844e-01 5.330864787101745605e-01 -1.103060841560363770e+00 -7.630310058593750000e-01 3.527002930641174316e-01 4.195257723331451416e-01 3.279333710670471191e-01 -2.942470908164978027e-01 -4.947793483734130859e-01 6.938804984092712402e-01 -1.706923097372055054e-01 5.936264395713806152e-01 -1.245634928345680237e-01 -9.751073718070983887e-01 -9.701464772224426270e-01 3.728666901588439941e-01 4.621791839599609375e-01 2.351744771003723145e-01 1.848958134651184082e-01 -1.091553211212158203e+00 -3.662529587745666504e-01 2.180083692073822021e-01 -5.716714262962341309e-01 -6.298119425773620605e-01 2.138763666152954102e-02 2.067540138959884644e-01 8.649574965238571167e-02 1.058830693364143372e-01 -1.576321870088577271e-01 2.134991884231567383e-01 3.503106832504272461e-01 3.751780986785888672e-01 -5.542382001876831055e-01 -7.093089222908020020e-01 -4.398996755480766296e-02 -9.749042242765426636e-02 -4.049011766910552979e-01 -7.721400856971740723e-01 1.888958364725112915e-01 -2.602587640285491943e-01 2.946435213088989258e-01 -2.297839820384979248e-01 -3.669335842132568359e-01
3.778149783611297607e-01 -1.077146649360656738e+00 1.882334798574447632e-01 7.891309261322021484e-01 5.171984434127807617e-01 -7.593834307044744492e-03 -2.274067103862762451e-01 -3.873569369316101074e-01 -2.769771814346313477e-01 -1.388300806283950806e-01 -1.241838812828063965e+00 -7.100895047187805176e-01 -4.139999672770500183e-02 -8.582125306129455566e-01 6.722092032432556152e-01 3.284174501895904541e-01 -5.256752967834472656e-01 -4.913362115621566772e-02 6.359875798225402832e-01 4.856195747852325439e-01 1.102984428405761719e+00 1.727070100605487823e-02 6.493610143661499023e-01 -7.786092162132263184e-01 -3.938747346401214600e-01 7.252658009529113770e-01 -3.172910511493682861e-01 1.607212126255035400e-01 -7.864435762166976929e-02 -1.483589261770248413e-01 4.821485579013824463e-01 -7.703694105148315430e-01 -1.190637201070785522e-01 2.359238266944885254e-02 -4.442797601222991943e-01 -2.795770391821861267e-02 4.963746666908264160e-01 7.876002043485641479e-02 1.612416356801986694e-01 -4.241217859089374542e-03 1.114728208631277084e-02 -1.500023007392883301e-01 5.567992329597473145e-01 9.702692180871963501e-02 1.541501134634017944e-01 -2.480081766843795776e-01 8.484393358230590820e-01 8.098383247852325439e-02 5.037381649017333984e-01 -8.534579277038574219e-01 -6.949613690376281738e-01 -1.606280207633972168e-01 3.355902852490544319e-03 6.440640091896057129e-01 -2.460419237613677979e-01 3.614466488361358643e-01 3.731323480606079102e-01 -5.206118226051330566e-01 -8.216166496276855469e-01 -4.654728472232818604e-01 -4.531983733177185059e-01 3.788972496986389160e-01 2.630117535591125488e-01 3.475640118122100830e-01
2.873520553112030029e-01 -1.017263770103454590e+00 3.964720964431762695e-01 2.544794678688049316e-01 -4.791885316371917725e-01 7.218256592750549316e-01 4.808932840824127197e-01 5.570240616798400879e-01 -5.396705269813537598e-01 4.051516652107238770e-01 -4.299359917640686035e-01 -1.191421985626220703e+00 -2.350841760635375977e-01 2.219976931810379028e-01 5.404798984527587891e-01 7.631654739379882812e-01 -6.730535030364990234e-01 2.658902108669281006e-01 9.118912816047668457e-01 3.078803420066833496e-01 6.760210990905761719e-01 1.108868718147277832e+00 4.213940203189849854e-01 -1.003715634346008301e+00 2.569333463907241821e-02 2.313559502363204956e-01 9.879187494516372681e-02 -3.074940741062164307e-01 1.288354039192199707e+00 -9.628694057464599609e-01 4.814279377460479736e-01 -6.254051327705383301e-01 5.540516376495361328e-01 -7.442985177040100098e-01 3.677299022674560547e-01 -1.510017812252044678e-01 1.982804089784622192e-01 1.210563778877258301e+00 2.298244237899780273e-01 -2.581141591072082520e-01 -3.133867681026458740e-01 3.133687973022460938e-01 4.877671897411346436e-01 -7.202344387769699097e-02 1.057759225368499756e-01 -4.531215131282806396e-02 7.870067954063415527e-01 3.975627422332763672e-01 -5.036966800689697266e-01 -7.261200249195098877e-02 5.616958141326904297e-01 -2.070152014493942261e-01 5.097737908363342285e-01 5.115433931350708008e-01 7.334461808204650879e-01 -3.455015718936920166e-01 6.949414014816284180e-01 -1.210555553436279297e+00 2.389035969972610474e-01 2.708710730075836182e-01 -2.626970037817955017e-02 -5.201351642608642578e-02 -8.205656409263610840e-01 1.052627265453338623e-01
2.974279224872589111e-01 -4.604654908180236816e-01 7.595380544662475586e-01 1.938790269196033478e-02 4.644666984677314758e-02 2.899043560028076172e-01 4.547537863254547119e-01 -8.018788099288940430e-01 -2.723942324519157410e-02 1.817006170749664307e-01 1.663440912961959839e-01 -4.230930209159851074e-01 -1.137531042098999023e+00 -7.529745250940322876e-02 2.433703541755676270e-01 4.273605048656463623e-01 -1.075812708586454391e-02 -1.211308598518371582e+00 -5.047699809074401855e-01 1.922283023595809937e-01 -2.925186455249786377e-01 3.760116100311279297e-01 1.379816055297851562e+00 -3.216101229190826416e-01 1.360457856208086014e-02 4.918486177921295166e-01 -1.562733501195907593e-01 -3.489275276660919189e-01 -2.274846881628036499e-01 -5.765443444252014160e-01 -2.859315834939479828e-02 -3.169279694557189941e-01 -1.255927085876464844e-01 2.821943163871765137e-01 1.274328082799911499e-01 -3.700989782810211182e-01 1.201572418212890625e-01 8.872715830802917480e-01 2.798228561878204346e-01 1.171969324350357056e-01 3.047739565372467041e-01 1.068843007087707520e-01 -2.040846273303031921e-02 -4.216752350330352783e-01 2.878462672233581543e-01 -3.426470458507537842e-01 5.084725022315979004e-01 6.270647794008255005e-02 -7.792077064514160156e-01 2.837173640727996826e-01 -1.572864055633544922e-01 -5.030300021171569824e-01 -1.293161213397979736e-01 1.852131783962249756e-01 5.770706534385681152e-01 2.943734824657440186e-01 6.742291152477264404e-02 -2.286854833364486694e-01 -3.590806126594543457e-01 2.378725260496139526e-01 2.387431859970092773e-01 -2.184819877147674561e-01 7.546886801719665527e-02 3.961701691150665283e-01
2.130638360977172852e-01 -5.149490386247634888e-02 -1.525890231132507324e-01 4.790883511304855347e-02 -2.561627887189388275e-02 -6.557060480117797852e-01 -4.446221515536308289e-02 -9.032311439514160156e-01 -5.177976489067077637e-01 5.235649272799491882e-02 -1.195245161652565002e-01 1.477768272161483765e-01 -9.735153317451477051e-01 -1.655873358249664307e-01 8.291613459587097168e-01 7.229402661323547363e-02 -6.561955809593200684e-01 -3.592546582221984863e-01 -2.497844956815242767e-02 5.418485403060913086e-01 -5.477018356323242188e-01 -3.635251820087432861e-01 5.974363088607788086e-01 -2.045265436172485352e-01 -8.744198083877563477e-02 7.370836138725280762e-01 -2.710939347743988037e-01 3.884236142039299011e-02 3.186838626861572266e-01 -9.140228033065795898e-01 2.003839612007141113e-01 -3.873205780982971191e-01 1.820673346519470215e-01 -5.112131834030151367e-01 -2.154868096113204956e-01 -1.629172707907855511e-03 -7.751289010047912598e-02 2.816002070903778076e-01 1.060822084546089172e-01 -3.933199048042297363e-01 -8.236940950155258179e-02 4.553179442882537842e-01 7.360928505659103394e-02 4.395164549350738525e-02 1.663399040699005127e-01 -8.176659345626831055e-01 3.564935326576232910e-01 -6.916933059692382812e-01 -4.297203850001096725e-03 2.140338420867919922e-01 5.333381295204162598e-01 -3.725351691246032715e-01 3.367843925952911377e-01 3.237965404987335205e-01 7.690882682800292969e-01 2.155334055423736572e-01 1.811529695987701416e-01 -1.062951207160949707e+00 -3.304617702960968018e-01 3.549954891204833984e-01 7.781913876533508301e-01 2.661705017089843750e-01 -5.312399268150329590e-01 8.141959905624389648e-01
4.910159111022949219e-01 -7.156528532505035400e-03 4.872297644615173340e-01 5.450390577316284180e-01 -1.891915053129196167e-01 3.447537422180175781e-01 2.704104185104370117e-01 -3.106062114238739014e-02 4.297661483287811279e-01 -2.891962528228759766e-01 4.002063572406768799e-01 -9.689099192619323730e-01 -7.039453983306884766e-01 -3.632633686065673828e-01 2.735587209463119507e-02 8.947492241859436035e-01 4.293175935745239258e-01 -2.315052002668380737e-01 -4.897379875183105469e-01 9.693095088005065918e-01 4.957035779953002930e-01 6.713873147964477539e-01 1.139176368713378906e+00 -4.481620341539382935e-02 8.552535176277160645e-01 7.112201303243637085e-02 3.714635670185089111e-01 -5.636233687400817871e-01 1.446680724620819092e-01 -1.096924304962158203e+00 2.432296872138977051e-01 -1.122305765748023987e-01 -2.823150455951690674e-01 -3.086608946323394775e-01 -3.908990025520324707e-01 -3.984048068523406982e-01 8.013714104890823364e-02 5.448618531227111816e-01 2.908431589603424072e-01 -5.425975322723388672e-01 -2.502221167087554932e-01 3.252502083778381348e-01 3.375873863697052002e-01 -3.176280260086059570e-01 2.213706821203231812e-01 -4.328067302703857422e-01 2.595860660076141357e-01 -7.066154479980468750e-02 -3.340339064598083496e-01 -2.393517047166824341e-01 3.395836353302001953e-01 -4.569679200649261475e-01 3.317949771881103516e-01 1.000481605529785156e+00 2.263784781098365784e-02 -2.956904172897338867e-01 -7.304496318101882935e-02 4.275981783866882324e-01 -4.121330082416534424e-01 -5.912790820002555847e-02 7.465542107820510864e-02 4.550857245922088623e-01 2.113223373889923096e-01 2.723990678787231445e-01
3.014254868030548096e-01 -4.061959087848663330e-01 1.065739750862121582e+00 1.285079598426818848e+00 -2.774174511432647705e-01 -4.324991405010223389e-01 7.706695199012756348e-01 1.755749732255935669e-01 -3.679748475551605225e-01 -2.791751027107238770e-01 -3.735004737973213196e-02 -7.509552836418151855e-01 -3.145229816436767578e-01 -1.042198836803436279e-01 4.898908436298370361e-01 2.505442798137664795e-01 -1.251487880945205688e-01 4.327146410942077637e-01 -5.687329173088073730e-01 -1.641277372837066650e-01 5.267395377159118652e-01 5.730581283569335938e-01 4.373898506164550781e-01 -6.796806454658508301e-01 3.794623613357543945e-01 5.685619544237852097e-03 -2.466960251331329346e-01 1.428879648447036743e-01 -5.870344638824462891e-01 3.010357618331909180e-01 -1.922469437122344971e-01 -2.986023575067520142e-02 8.598177134990692139e-02 -6.580910086631774902e-01 -2.045267671346664429e-01 -3.242621421813964844e-01 4.880034327507019043e-01 -1.097594723105430603e-01 4.563319981098175049e-01 -2.065591812133789062e-01 -4.627006947994232178e-01 1.025220394134521484e+00 1.806850731372833252e-01 -3.492244482040405273e-01 -2.845894098281860352e-01 -1.099242866039276123e-01 -1.097347140312194824e-01 -2.792435139417648315e-02 8.593010157346725464e-02 5.065712928771972656e-01 -4.732046127319335938e-01 -2.428887039422988892e-01 -3.539726510643959045e-02 -1.869260966777801514e-01 5.804044008255004883e-01 -1.611178964376449585e-01 3.179989159107208252e-01 -7.819931507110595703e-01 -1.237912550568580627e-01 2.387449145317077637e-01 -4.989670515060424805e-01 3.953652381896972656e-01 -4.197980463504791260e-01 -2.657456882297992706e-02
4.257839918136596680e-01 -2.306051738560199738e-02 9.907839894294738770e-01 1.906413733959197998e-01 -3.067981898784637451e-01 -1.592236459255218506e-01 2.125832624733448029e-02 -7.490058243274688721e-02 -7.598290443420410156e-01 -3.208110332489013672e-01 -4.906715154647827148e-01 1.772295534610748291e-01 -2.840171456336975098e-01 -2.841927483677864075e-02 3.495541512966156006e-01 9.023292660713195801e-01 -4.184678494930267334e-01 -1.623094230890274048e-01 -4.161994755268096924e-01 4.345319792628288269e-02 9.602617472410202026e-02 4.359397888183593750e-01 1.759410947561264038e-01 -6.896805167198181152e-01 -4.099343419075012207e-01 4.627512395381927490e-01 -1.515874713659286499e-01 -3.702791035175323486e-01 5.038961172103881836e-01 2.453246898949146271e-02 -1.886484175920486450e-01 -5.584836378693580627e-02 -1.877931058406829834e-01 5.395372509956359863e-01 -2.365413010120391846e-01 -4.668651521205902100e-01 -3.824357986450195312e-01 -5.667570233345031738e-01 4.329880774021148682e-01 -1.772624254226684570e-01 4.026344418525695801e-01 3.495474457740783691e-01 -2.816175520420074463e-01 -2.915407419204711914e-01 4.361096024513244629e-02 -2.028627693653106689e-01 7.509900927543640137e-01 -2.677067220211029053e-01 5.931702852249145508e-01 4.413070380687713623e-01 4.838470816612243652e-01 -2.581997513771057129e-01 -6.092309355735778809e-01 -6.429703235626220703e-01 3.891935050487518311e-01 9.383626282215118408e-02 -6.330380588769912720e-02 -5.589506030082702637e-01 -3.171670734882354736e-01 -4.306475222110748291e-01 -7.083406448364257812e-01 7.024928927421569824e-01 -9.416683763265609741e-02 -3.378378152847290039e-01
2.508733570575714111e-01 -7.542379200458526611e-02 4.066545963287353516e-01 -6.280601769685745239e-02 -2.978236973285675049e-01 -3.338087797164916992e-01 4.581212624907493591e-02 -3.568020761013031006e-01 -2.636055052280426025e-01 2.741556167602539062e-01 -5.932514667510986328e-01 -2.594493031501770020e-01 -7.708311080932617188e-01 -5.567311644554138184e-01 8.688139170408248901e-02 1.069924354553222656e+00 5.686457455158233643e-02 -7.892410159111022949e-01 -1.936225444078445435e-01 -2.267226725816726685e-01 -2.432669252157211304e-01 2.253768444061279297e-01 1.424007713794708252e-01 -7.470975816249847412e-02 1.085550040006637573e-01 -1.560703814029693604e-01 -9.055262804031372070e-02 5.344098806381225586e-01 -4.780030250549316406e-02 -2.932498157024383545e-01 1.014309376478195190e-01 5.043848752975463867e-01 -5.223338603973388672e-01 -1.503204107284545898e-01 -6.040985584259033203e-01 1.450568437576293945e-01 4.675815626978874207e-02 5.041924118995666504e-01 -1.110854968428611755e-01 -1.390170603990554810e-01 7.108141779899597168e-01 7.047031074762344360e-02 -5.320164933800697327e-02 -2.921812832355499268e-01 -3.574999570846557617e-01 -6.182019114494323730e-01 7.693053781986236572e-02 -2.427803575992584229e-01 2.803490757942199707e-01 8.873099833726882935e-02 -5.710095167160034180e-01 -3.422602713108062744e-01 5.857177376747131348e-01 -2.889379262924194336e-01 5.658063888549804688e-01 -2.534888684749603271e-01 1.089557036757469177e-01 -2.159537971019744873e-01 -6.489349007606506348e-01 -1.758779287338256836e-01 -4.271103739738464355e-01 -2.905086874961853027e-01 -4.357225894927978516e-01 -1.302450448274612427e-01
7.953481078147888184e-01 2.000997066497802734e-01 7.484560459852218628e-02 4.682496190071105957e-02 -2.687378525733947754e-01 5.793362110853195190e-02 4.249016046524047852e-01 -3.210074007511138916e-01 -4.074520766735076904e-01 -2.866362035274505615e-02 -3.130887448787689209e-01 -4.742997884750366211e-01 -9.277216196060180664e-01 -4.779866039752960205e-01 -3.581051826477050781e-01 3.991735726594924927e-02 8.673752099275588989e-02 -6.678852438926696777e-01 -5.780959129333496094e-02 8.440190553665161133e-02 -9.063334763050079346e-02 8.261576294898986816e-01 6.116325259208679199e-01 1.114379540085792542e-01 -4.383610188961029053e-02 -4.217602908611297607e-01 2.317566275596618652e-01 -1.591487675905227661e-01 4.870941936969757080e-01 -3.674711883068084717e-01 1.351960003376007080e-01 1.357020437717437744e-01 -9.170049428939819336e-01 -4.337089955806732178e-01 -6.014558672904968262e-01 -5.195713639259338379e-01 1.943756192922592163e-01 6.708048582077026367e-01 -4.868382215499877930e-01 -5.104507803916931152e-01 6.062889099121093750e-01 3.756078481674194336e-01 3.993389904499053955e-01 -2.318302541971206665e-01 4.083756729960441589e-02 -6.399390101432800293e-01 4.243199229240417480e-01 5.963735282421112061e-02 2.744083404541015625e-01 3.494816422462463379e-01 -1.757630556821823120e-01 -6.969082951545715332e-01 6.145823597908020020e-01 1.689444929361343384e-01 9.595783054828643799e-02 -2.492505162954330444e-01 1.129593476653099060e-01 -2.390104830265045166e-01 -4.380051493644714355e-01 2.195251435041427612e-01 -1.196558922529220581e-01 -5.757299065589904785e-01 -5.002386569976806641e-01 -1.556370854377746582e-01
6.648371219635009766e-01 -1.137401461601257324e-01 2.678609192371368408e-01 8.271796703338623047e-01 -5.007143020629882812e-01 5.013948082923889160e-01 3.055716156959533691e-01 -2.641939222812652588e-01 2.130381017923355103e-01 -2.965531945228576660e-01 3.483186364173889160e-01 -6.534822583198547363e-01 -6.997696161270141602e-01 -7.354462146759033203e-01 -4.652598872780799866e-03 1.046595215797424316e+00 -1.823237836360931396e-01 -3.232593238353729248e-01 -9.089150428771972656e-01 7.916015386581420898e-01 4.735683798789978027e-01 6.997036337852478027e-01 1.196603775024414062e+00 -3.166243135929107666e-01 7.520118355751037598e-01 7.371823191642761230e-01 3.408571481704711914e-01 -2.712671458721160889e-01 4.707354605197906494e-01 -1.031086683273315430e+00 1.941051632165908813e-01 -5.798945575952529907e-02 -2.424551695585250854e-01 -2.675840854644775391e-01 -4.998754262924194336e-01 4.622845724225044250e-02 1.287811249494552612e-01 7.554062604904174805e-01 9.214494377374649048e-02 -3.161036968231201172e-01 -6.582619547843933105e-01 -3.483286872506141663e-02 1.520082503557205200e-01 -4.542640596628189087e-02 -8.919318020343780518e-02 -2.462083697319030762e-01 8.344479650259017944e-02 3.253892809152603149e-02 -3.411276042461395264e-01 -2.470905780792236328e-01 5.159026384353637695e-01 -7.532993331551551819e-03 1.269325464963912964e-01 9.851679801940917969e-01 -4.070169627666473389e-01 -2.825738787651062012e-01 4.932096600532531738e-02 4.144953489303588867e-01 -8.013904094696044922e-01 -2.156346291303634644e-01 -6.101759895682334900e-02 5.046948790550231934e-01 -1.692251302301883698e-02 6.113870739936828613e-01
1.062876939773559570e+00 -1.107638031244277954e-01 7.879571914672851562e-01 4.261464253067970276e-02 2.385296970605850220e-01 -2.877070903778076172e-01 2.260627597570419312e-01 -1.785091012716293335e-01 -5.500147342681884766e-01 -3.945415914058685303e-01 -4.841924011707305908e-01 -7.396338582038879395e-01 -6.196692585945129395e-01 -6.538245081901550293e-01 6.432433724403381348e-01 1.060031175613403320e+00 -3.805623650550842285e-01 -5.776712298393249512e-01 -5.543996095657348633e-01 7.356251776218414307e-02 2.913530468940734863e-01 3.728180825710296631e-01 -1.762486249208450317e-01 -1.078039407730102539e+00 3.039954043924808502e-02 8.599816560745239258e-01 2.234016358852386475e-01 -6.770240664482116699e-01 9.741694927215576172e-01 -1.943794637918472290e-01 -3.913154453039169312e-02 3.148318827152252197e-01 -1.951735019683837891e-01 9.996998310089111328e-02 -5.766795873641967773e-01 -3.079259395599365234e-01 2.157025039196014404e-01 -4.903908371925354004e-01 -3.886780887842178345e-02 8.394118398427963257e-02 1.920202672481536865e-01 -2.278731018304824829e-01 -5.840698480606079102e-01 -4.571473598480224609e-01 5.186324119567871094e-01 -1.847802698612213135e-01 8.084043264389038086e-01 -1.593194454908370972e-01 2.312501817941665649e-01 -5.803335309028625488e-01 6.205128431320190430e-01 2.887067794799804688e-01 1.493646353483200073e-01 -3.634993135929107666e-01 7.720947265625000000e-01 -2.817023992538452148e-01 -6.668933629989624023e-01 -7.362784743309020996e-01 3.974680304527282715e-01 -1.865548044443130493e-01 -7.149026989936828613e-01 5.182000994682312012e-01 -2.319390475749969482e-01 -2.609831988811492920e-01
-1.105346530675888062e-01 -9.964391589164733887e-01 2.964537143707275391e-01 -3.379154801368713379e-01 -5.794839262962341309e-01 2.156258225440979004e-01 -4.790925234556198120e-02 1.811896860599517822e-01 1.340442448854446411e-01 -1.885016709566116333e-01 -4.183762669563293457e-01 -9.699465036392211914e-01 -1.253945529460906982e-01 1.187504157423973083e-01 6.111141443252563477e-01 1.121604204177856445e+00 8.008952438831329346e-02 2.319673746824264526e-01 5.868194103240966797e-01 4.171479120850563049e-02 -9.041770547628402710e-02 5.753594636917114258e-01 3.235697448253631592e-01 -7.591158151626586914e-01 -3.179145753383636475e-01 -9.876905381679534912e-02 1.910532712936401367e-01 -7.601978182792663574e-01 6.537504196166992188e-01 -8.737046122550964355e-01 2.726042866706848145e-01 -8.480517864227294922e-01 3.770384490489959717e-01 -1.081138551235198975e-01 2.583686709403991699e-01 8.155606389045715332e-01 -1.394461393356323242e-01 3.876341283321380615e-01 1.159506067633628845e-01 -7.940915226936340332e-01 4.043791070580482483e-02 1.655478775501251221e-01 1.530767083168029785e-01 -5.812681317329406738e-01 3.082984983921051025e-01 -3.586978316307067871e-01 2.829374670982360840e-01 1.520957797765731812e-01 -4.842203482985496521e-02 1.475911587476730347e-01 -3.049721121788024902e-01 -2.683291137218475342e-01 1.746716946363449097e-01 4.543786048889160156e-01 6.090688109397888184e-01 -4.693614840507507324e-01 4.497112333774566650e-02 -7.256978750228881836e-01 3.731843829154968262e-02 2.857803106307983398e-01 -8.533865958452224731e-02 -2.975300252437591553e-01 -7.595121860504150391e-02 1.879011243581771851e-01
9.976925849914550781e-01 -1.868955977261066437e-02 8.575904965400695801e-01 6.296219676733016968e-02 2.273743301630020142e-01 -2.898385524749755859e-01 4.406244158744812012e-01 -9.108500927686691284e-02 -6.533666253089904785e-01 -3.661594092845916748e-01 -3.930501639842987061e-01 -7.238368988037109375e-01 -6.534228324890136719e-01 -7.055916190147399902e-01 7.083261013031005859e-01 8.099805116653442383e-01 -3.754677772521972656e-01 -3.752742111682891846e-01 -5.587747693061828613e-01 7.027870416641235352e-02 2.147034704685211182e-01 2.305469512939453125e-01 -1.732345223426818848e-01 -1.212446331977844238e+00 -6.365565955638885498e-02 5.559238195419311523e-01 1.224505901336669922e-01 -6.199722886085510254e-01 9.012013077735900879e-01 -2.132202386856079102e-01 3.980274125933647156e-02 2.728061974048614502e-01 -2.168048620223999023e-01 1.057821363210678101e-01 -4.920737445354461670e-01 -3.499575555324554443e-01 9.344335645437240601e-02 -6.834019422531127930e-01 -5.726042389869689941e-02 2.854971773922443390e-02 9.389958530664443970e-02 1.108822673559188843e-01 -4.694852530956268311e-01 -4.260548651218414307e-01 6.787742972373962402e-01 -5.896951630711555481e-02 9.482286572456359863e-01 2.408631518483161926e-02 -1.456444151699542999e-02 -6.085815429687500000e-01 6.557471156120300293e-01 4.710539430379867554e-02 2.957769036293029785e-01 -4.366566538810729980e-01 6.111462712287902832e-01 -4.440724849700927734e-02 -5.090213418006896973e-01 -5.679137110710144043e-01 3.937937021255493164e-01 -1.821908056735992432e-01 -6.288887262344360352e-01 6.377826333045959473e-01 -1.172190085053443909e-01 -3.552507162094116211e-01
2.865663468837738037e-01 -7.566205263137817383e-01 4.247262179851531982e-01 -2.434430271387100220e-01 -1.759671866893768311e-01 -3.169325292110443115e-01 -3.708074390888214111e-01 -2.704571187496185303e-01 1.537141650915145874e-01 -4.624314904212951660e-01 -7.887180447578430176e-01 -2.411446571350097656e-01 -3.684635758399963379e-01 -7.222294211387634277e-01 5.469009280204772949e-01 5.278900861740112305e-01 -4.180614054203033447e-01 1.265170127153396606e-01 1.946322470903396606e-01 1.034987345337867737e-01 -6.406679004430770874e-02 -8.829225599765777588e-02 6.938827633857727051e-01 -1.099143862724304199e+00 9.403546154499053955e-02 -1.362229436635971069e-01 -1.534391045570373535e-01 -5.006769895553588867e-01 4.977659285068511963e-01 -4.405229091644287109e-01 4.900307655334472656e-01 -2.455633878707885742e-01 2.618136703968048096e-01 -2.149017453193664551e-01 -7.465863227844238281e-02 -2.092844545841217041e-01 9.408894926309585571e-02 1.377589553594589233e-01 -3.305819928646087646e-01 -2.552178204059600830e-01 7.279459387063980103e-02 5.505165457725524902e-01 -2.153356075286865234e-01 -4.200551211833953857e-01 3.760146722197532654e-02 -4.222141206264495850e-01 1.427897363901138306e-01 -4.334944486618041992e-01 8.159511536359786987e-02 4.789619445800781250e-01 -1.029949039220809937e-01 -7.578577101230621338e-02 -2.274174988269805908e-01 -7.049614191055297852e-01 6.422212719917297363e-01 2.429666221141815186e-01 9.308678656816482544e-02 -5.413765087723731995e-02 -8.408214449882507324e-01 -4.858872592449188232e-01 -8.919820189476013184e-02 -3.869536519050598145e-01 1.656863689422607422e-01 -1.060243770480155945e-01
4.959776997566223145e-01 -2.691336870193481445e-01 3.261702358722686768e-01 4.766508042812347412e-01 2.208887934684753418e-01 2.992476820945739746e-01 -3.405679464340209961e-01 2.028923779726028442e-01 -6.816504001617431641e-01 3.169867992401123047e-01 -1.079444885253906250e-01 -7.060883641242980957e-01 -5.923331379890441895e-01 -3.369438052177429199e-01 8.327877521514892578e-01 5.539360642433166504e-01 -8.142409920692443848e-01 -1.447126418352127075e-01 1.705693453550338745e-02 4.381071329116821289e-01 7.070004343986511230e-01 6.786746382713317871e-01 2.102156281471252441e-01 9.153186529874801636e-02 -1.105773925781250000e+00 5.989512205123901367e-01 1.700894087553024292e-01 -3.521579504013061523e-01 -3.956127762794494629e-01 3.544669747352600098e-01 6.808274388313293457e-01 -3.058469891548156738e-01 6.270390152931213379e-01 -5.000819265842437744e-02 -8.813073039054870605e-01 -2.035185545682907104e-01 -2.368972152471542358e-01 6.245725750923156738e-01 6.533795595169067383e-02 6.285264343023300171e-02 -9.350948333740234375e-01 -1.400163471698760986e-01 5.126873254776000977e-01 2.914585769176483154e-01 -8.731111288070678711e-01 -2.494703382253646851e-01 5.278483629226684570e-01 3.860192894935607910e-01 -1.512403786182403564e-01 1.596020460128784180e-01 -2.149568647146224976e-01 -3.283332586288452148e-01 -1.947728991508483887e-01 3.134656846523284912e-01 -5.192464590072631836e-01 5.577518343925476074e-01 4.059902131557464600e-01 -7.731693983078002930e-01 -7.220615148544311523e-01 8.601491898298263550e-02 -5.016310811042785645e-01 5.737112760543823242e-01 -2.559230476617813110e-02 -4.045242667198181152e-01
-2.305371165275573730e-01 -2.720443010330200195e-01 4.851228892803192139e-01 5.503439903259277344e-01 1.342208832502365112e-01 -1.614377498626708984e-01 -1.475300192832946777e-01 2.001807689666748047e-01 -6.600281596183776855e-01 3.855907320976257324e-01 -1.178727373480796814e-01 -1.230749964714050293e+00 -8.543087840080261230e-01 -8.430074453353881836e-01 8.390593528747558594e-01 4.391046166419982910e-01 -6.631140112876892090e-01 -2.450260818004608154e-01 5.396283268928527832e-01 -3.147644456475973129e-03 6.060716509819030762e-01 9.332988262176513672e-01 2.967502176761627197e-01 -1.390602253377437592e-02 -1.130621194839477539e+00 5.918991565704345703e-01 -1.403527706861495972e-01 -1.112140417098999023e-01 -3.638622164726257324e-01 1.898735761642456055e-01 4.352383911609649658e-01 -4.311506152153015137e-01 2.507098019123077393e-01 1.581984907388687134e-01 -8.496207594871520996e-01 -4.860290586948394775e-01 2.220282852649688721e-01 6.485727429389953613e-01 -1.657951921224594116e-01 -1.463944464921951294e-01 -9.596173763275146484e-01 2.451670914888381958e-02 5.072419643402099609e-01 2.661969959735870361e-01 -9.053040146827697754e-01 5.691640451550483704e-02 4.341990351676940918e-01 1.164473220705986023e-01 3.970687985420227051e-01 -2.643426656723022461e-01 -4.088527560234069824e-01 -2.152807563543319702e-01 2.308671474456787109e-01 1.172630190849304199e-01 -5.521648526191711426e-01 1.618717610836029053e-01 1.352792531251907349e-01 -1.129560112953186035e+00 -2.524098455905914307e-01 2.524519264698028564e-01 -2.324744164943695068e-01 4.944217801094055176e-01 2.317148447036743164e-01 2.590608038008213043e-02
-1.717013865709304810e-01 -4.291238188743591309e-01 4.493017494678497314e-01 6.939529776573181152e-01 1.945000588893890381e-01 2.614876255393028259e-02 -3.272152841091156006e-01 1.473122090101242065e-01 -8.240401148796081543e-01 4.226638078689575195e-01 1.506348997354507446e-01 -1.283768057823181152e+00 -8.952987790107727051e-01 -9.022164344787597656e-01 1.004792213439941406e+00 3.653690814971923828e-01 -3.221067786216735840e-01 -2.486680448055267334e-01 4.415792822837829590e-01 8.566439151763916016e-02 6.138912439346313477e-01 8.683506250381469727e-01 1.136277616024017334e-01 -2.205649167299270630e-01 -1.093287944793701172e+00 4.341328144073486328e-01 2.134083397686481476e-02 -1.727243512868881226e-01 -2.406581789255142212e-01 2.363793104887008667e-01 4.061261713504791260e-01 -3.531095981597900391e-01 3.939371407032012939e-01 8.693546056747436523e-02 -9.280942082405090332e-01 -5.886086821556091309e-01 5.887252464890480042e-02 8.056867122650146484e-01 -7.068929821252822876e-02 -1.387367844581604004e-01 -1.047127366065979004e+00 1.137485727667808533e-01 4.630997180938720703e-01 3.202972114086151123e-01 -5.983621478080749512e-01 -5.725473910570144653e-02 3.366340100765228271e-01 -4.147256165742874146e-02 4.974578320980072021e-01 -3.716913759708404541e-01 -2.533188462257385254e-01 -2.483607083559036255e-01 2.932924032211303711e-01 8.909225463867187500e-02 -3.828812837600708008e-01 1.610563397407531738e-01 2.100726664066314697e-01 -9.909198880195617676e-01 -3.310557007789611816e-01 4.959737136960029602e-02 -4.999901354312896729e-01 4.324313700199127197e-01 5.122653245925903320e-01 1.054164171218872070e-01
4.082281887531280518e-01 -2.968894243240356445e-01 2.765715718269348145e-01 7.399619817733764648e-01 -2.815486192703247070e-01 -5.692362412810325623e-02 -2.888255417346954346e-01 -3.432590886950492859e-02 -3.144795298576354980e-01 4.507096409797668457e-01 1.480996161699295044e-01 -1.044096112251281738e+00 -1.139919385313987732e-01 -2.849904596805572510e-01 4.480775892734527588e-01 -2.730672946199774742e-03 -6.697534322738647461e-01 5.669413208961486816e-01 -5.346182584762573242e-01 -7.032741308212280273e-01 2.696472704410552979e-01 4.394285678863525391e-01 5.378581881523132324e-01 -6.540598869323730469e-01 -1.004586696624755859e+00 6.088686585426330566e-01 -4.419552683830261230e-01 4.274744987487792969e-01 2.537620663642883301e-01 -1.864595524966716766e-02 2.206742316484451294e-01 -7.403476238250732422e-01 3.819049596786499023e-01 6.748791038990020752e-02 -8.964798450469970703e-01 -7.678407430648803711e-01 9.435935020446777344e-01 7.639604210853576660e-01 2.639797925949096680e-01 -2.220236659049987793e-01 -2.339805215597152710e-01 3.709960579872131348e-01 -2.285247743129730225e-01 -2.529905736446380615e-01 8.001895248889923096e-02 4.971131384372711182e-01 3.113914728164672852e-01 -5.743572115898132324e-01 1.849039196968078613e-01 -2.034952044486999512e-01 -3.794485330581665039e-01 -4.714594036340713501e-02 -2.983837155625224113e-03 6.140683889389038086e-01 1.556305736303329468e-01 1.387771368026733398e-01 -1.323370486497879028e-01 -1.042253613471984863e+00 -4.055207371711730957e-01 7.938899993896484375e-01 -2.416681498289108276e-02 9.276814460754394531e-01 1.545673757791519165e-01 -2.103067189455032349e-01
5.177569985389709473e-01 -2.479823678731918335e-01 6.404984593391418457e-01 6.131248474121093750e-01 -3.290902674198150635e-01 2.088243365287780762e-01 3.367393612861633301e-01 -1.028350964188575745e-01 2.053669393062591553e-01 -5.707808136940002441e-01 -6.032852530479431152e-01 -1.133975625038146973e+00 -5.508636832237243652e-01 3.712836205959320068e-01 9.078689217567443848e-01 4.832440912723541260e-01 -6.302027702331542969e-01 -2.380670905113220215e-01 -5.550545454025268555e-01 6.274096965789794922e-01 1.324167251586914062e+00 7.514574527740478516e-01 2.172205150127410889e-01 -6.864185929298400879e-01 -1.797327995300292969e-01 2.164213508367538452e-01 -2.560380995273590088e-01 -5.354745984077453613e-01 -1.368271410465240479e-01 4.952997267246246338e-01 4.100123886018991470e-03 -2.066736221313476562e-01 6.999597549438476562e-01 -1.534452438354492188e-01 2.476190030574798584e-01 -8.544864654541015625e-01 2.943370938301086426e-01 3.589016795158386230e-01 2.013335227966308594e-01 -3.642781674861907959e-01 -1.368440032005310059e+00 1.286673992872238159e-01 1.496956944465637207e-01 3.659293353557586670e-01 -7.317216396331787109e-01 -4.807352721691131592e-01 -1.252679675817489624e-01 4.141519963741302490e-01 -5.931146144866943359e-01 6.116445660591125488e-01 -8.110434561967849731e-02 -3.744220733642578125e-01 -3.824750781059265137e-01 -7.827760651707649231e-03 -2.519779838621616364e-02 2.633450627326965332e-01 5.481500551104545593e-02 -9.153720736503601074e-01 -4.568393230438232422e-01 3.331027328968048096e-01 -3.591368207708001137e-03 8.676618933677673340e-01 -1.181843131780624390e-01 -5.789384245872497559e-01
6.980829238891601562e-01 -4.345711469650268555e-01 3.213685452938079834e-01 7.300830483436584473e-01 -9.667975455522537231e-02 1.590111255645751953e-01 4.280539974570274353e-02 -2.121306210756301880e-01 -4.199947044253349304e-02 5.036352276802062988e-01 2.767229080200195312e-01 -1.137478232383728027e+00 -1.789623796939849854e-01 -1.376600712537765503e-01 3.709024488925933838e-01 2.206475138664245605e-01 -6.274040937423706055e-01 5.897001624107360840e-01 -7.719448208808898926e-01 -5.514735579490661621e-01 5.509808659553527832e-01 4.841035902500152588e-01 1.858921647071838379e-01 -5.300471186637878418e-01 -8.872897624969482422e-01 3.370787799358367920e-01 -4.074692726135253906e-01 3.077094554901123047e-01 4.909907579421997070e-01 2.662142217159271240e-01 4.174964725971221924e-01 -3.039003312587738037e-01 5.017614364624023438e-01 -2.862394452095031738e-01 -3.710399568080902100e-01 -9.067999720573425293e-01 3.735705316066741943e-01 8.040568232536315918e-01 3.498114347457885742e-01 -2.783943116664886475e-01 -3.031486868858337402e-01 1.999932527542114258e-01 -1.289433836936950684e-01 -3.268094956874847412e-01 -2.861163020133972168e-01 3.089481294155120850e-01 4.991208314895629883e-01 -6.415372490882873535e-01 4.334719181060791016e-01 -3.113643527030944824e-01 9.129981696605682373e-02 1.957827359437942505e-01 1.402341276407241821e-01 8.836005926132202148e-01 -1.220087409019470215e-01 -1.063432395458221436e-01 -4.451388120651245117e-01 -9.762825965881347656e-01 -4.598495066165924072e-01 7.727059125900268555e-01 2.070253044366836548e-01 7.058316469192504883e-01 2.190738916397094727e-01 3.389578461647033691e-01
4.071884751319885254e-01 -1.185257453471422195e-02 3.896391689777374268e-01 9.444100409746170044e-02 -2.744247615337371826e-01 -9.802615046501159668e-01 5.788946151733398438e-01 -2.538925409317016602e-01 -2.540865242481231689e-01 2.123960703611373901e-01 -5.072360634803771973e-01 -2.610784471035003662e-01 -3.363515734672546387e-01 -3.935718163847923279e-02 1.525984108448028564e-01 1.145824074745178223e+00 2.630560100078582764e-01 -3.796266019344329834e-01 -5.183243155479431152e-01 -3.414584696292877197e-01 -4.342822730541229248e-01 3.491937518119812012e-01 4.027987420558929443e-01 -3.565754890441894531e-01 -2.153843641281127930e-02 9.511712789535522461e-01 9.014202654361724854e-02 -2.780244052410125732e-01 1.175699755549430847e-01 -7.980775833129882812e-01 1.066512092947959900e-01 -5.254218578338623047e-01 -5.935297012329101562e-01 -3.406648039817810059e-01 2.830838561058044434e-01 -6.765187978744506836e-01 9.818103164434432983e-03 -2.845436632633209229e-01 -1.445974260568618774e-01 -7.635794281959533691e-01 -1.110156904906034470e-02 -1.857765614986419678e-01 5.721111893653869629e-01 3.355404138565063477e-01 -1.334163844585418701e-01 -4.725648760795593262e-01 1.000981807708740234e+00 -1.122872903943061829e-01 7.115621119737625122e-02 8.777375519275665283e-02 6.197839379310607910e-01 -3.093284070491790771e-01 -1.295343488454818726e-01 4.112175107002258301e-01 4.627689123153686523e-01 -6.115997582674026489e-02 1.587338149547576904e-01 -8.394731879234313965e-01 1.179672870784997940e-02 -3.895140811800956726e-02 -7.851374335587024689e-03 2.773073315620422363e-01 -4.032950997352600098e-01 -5.751550197601318359e-01
4.054138362407684326e-01 -4.614615142345428467e-01 3.803471922874450684e-01 1.495523452758789062e-01 1.147818639874458313e-01 4.136998653411865234e-01 2.288078516721725464e-01 -8.510757088661193848e-01 -2.147220373153686523e-01 1.133077740669250488e-01 3.771361410617828369e-01 -6.047368049621582031e-01 -1.017019033432006836e+00 -4.753845930099487305e-02 2.109763473272323608e-01 5.630011558532714844e-01 7.630832493305206299e-02 -1.019472122192382812e+00 -7.179795503616333008e-01 5.704114586114883423e-02 -2.959912717342376709e-01 4.243704974651336670e-01 1.232556581497192383e+00 -3.935085237026214600e-01 3.226110711693763733e-02 3.691455721855163574e-01 -2.258114218711853027e-01 -4.094689786434173584e-01 -3.307156860828399658e-01 -7.464717030525207520e-01 -7.514345645904541016e-02 -2.388136982917785645e-01 -3.140101432800292969e-01 1.929478719830513000e-02 2.575928345322608948e-02 -4.218178987503051758e-01 3.430970013141632080e-01 8.741106390953063965e-01 1.157829239964485168e-01 -9.024059772491455078e-02 4.081261157989501953e-01 -3.676567459478974342e-03 -3.084555566310882568e-01 -3.987109959125518799e-01 1.276638060808181763e-01 -1.966574490070343018e-01 6.345417499542236328e-01 -2.957368195056915283e-01 -9.235500097274780273e-01 2.784554958343505859e-01 -9.607983380556106567e-02 -3.003674447536468506e-01 4.201559349894523621e-02 -4.940797761082649231e-02 2.545400261878967285e-01 2.836943864822387695e-01 3.029828071594238281e-01 -3.987622559070587158e-01 -2.708096206188201904e-01 2.218565493822097778e-01 3.337172567844390869e-01 -3.561425805091857910e-01 -1.727890074253082275e-01 1.064433977007865906e-01
4.729709327220916748e-01 -2.139557152986526489e-01 9.605019539594650269e-02 5.679667368531227112e-02 1.573042273521423340e-01 -2.680428624153137207e-01 7.743382453918457031e-02 1.620662584900856018e-02 -9.418087452650070190e-02 3.905130550265312195e-02 -1.023975387215614319e-01 -5.072805881500244141e-01 -6.987104415893554688e-01 2.337269186973571777e-01 -5.537917017936706543e-01 1.198156952857971191e+00 -5.131914615631103516e-01 5.391578078269958496e-01 -5.010995864868164062e-01 -2.047871500253677368e-01 3.223154842853546143e-01 1.295097768306732178e-01 3.860552012920379639e-01 -2.593066394329071045e-01 -4.820250440388917923e-03 -5.093442648649215698e-02 -2.241604626178741455e-01 -1.529358625411987305e-01 9.369549155235290527e-01 -1.355414539575576782e-01 -5.747867748141288757e-02 -2.215118557214736938e-01 -1.804231107234954834e-01 -1.658782958984375000e-01 -8.529219031333923340e-02 1.051745843142271042e-02 -1.044649720191955566e+00 4.049342572689056396e-01 1.453313678503036499e-01 -6.733883619308471680e-01 1.554642021656036377e-01 4.000027775764465332e-01 -3.513436913490295410e-01 -8.278909921646118164e-01 3.127882778644561768e-01 4.584735631942749023e-02 -5.209905505180358887e-01 -2.260231971740722656e-02 4.462287761270999908e-03 -2.862063795328140259e-02 -8.819514513015747070e-01 -6.541546583175659180e-01 3.298484385013580322e-01 -6.717203259468078613e-01 6.234256625175476074e-01 2.538679540157318115e-01 -3.920945823192596436e-01 -6.182249784469604492e-01 -2.972753942012786865e-01 1.849675625562667847e-01 -4.181292653083801270e-01 4.098276495933532715e-01 1.093544624745845795e-02 1.139333099126815796e-01
1.652498245239257812e-01 -4.570640027523040771e-01 5.754647254943847656e-01 -1.220893040299415588e-01 1.635511219501495361e-01 -4.824753105640411377e-01 -3.731010556221008301e-01 -3.802371919155120850e-01 -6.660404801368713379e-01 -3.499069064855575562e-02 -1.189468950033187866e-01 -1.731379330158233643e-01 -6.334463357925415039e-01 -7.462283968925476074e-01 4.852390289306640625e-01 2.880650162696838379e-01 -5.459191203117370605e-01 -4.966748654842376709e-01 -9.017992764711380005e-02 2.498687990009784698e-02 1.873482018709182739e-01 5.116904973983764648e-01 7.359326630830764771e-02 -1.221354678273200989e-01 3.089160425588488579e-03 2.671882510185241699e-01 -2.872353792190551758e-01 -8.416843414306640625e-02 6.771336793899536133e-01 -3.942170739173889160e-01 -2.937973737716674805e-01 1.199211478233337402e-01 -3.178998827934265137e-01 1.405000239610671997e-01 5.255635455250740051e-02 -4.449759051203727722e-02 2.060435265302658081e-01 2.653368189930915833e-02 1.266989409923553467e-01 1.720900535583496094e-01 6.652166843414306641e-01 7.293807268142700195e-01 -7.080773711204528809e-01 -6.897177696228027344e-01 1.572453379631042480e-01 -1.008575558662414551e+00 2.433263957500457764e-01 -5.321038365364074707e-01 3.418895006179809570e-01 5.209159106016159058e-02 -9.972734749317169189e-02 -3.169411718845367432e-01 -1.294369697570800781e-01 -4.990218579769134521e-01 4.409768581390380859e-01 3.736697733402252197e-01 1.575546264648437500e-01 -1.410235017538070679e-01 -3.017187118530273438e-01 -5.028138756752014160e-01 -1.610981225967407227e-01 4.579338729381561279e-01 -1.579073220491409302e-01 2.393868416547775269e-01
3.049322664737701416e-01 -2.437516748905181885e-01 4.049841165542602539e-01 2.059723585844039917e-01 -2.021659761667251587e-01 5.027030706405639648e-01 3.761934041976928711e-01 -5.953617691993713379e-01 3.174573183059692383e-01 -3.022027909755706787e-01 -5.329528450965881348e-01 -6.025354266166687012e-01 -9.048717617988586426e-01 -2.179083377122879028e-01 -4.284963607788085938e-01 9.035167694091796875e-01 3.171054124832153320e-01 4.292861558496952057e-03 -1.931063532829284668e-01 9.926974773406982422e-02 3.500566482543945312e-01 2.371220886707305908e-01 2.866860032081604004e-01 -4.320283830165863037e-01 -6.191418766975402832e-01 -5.507810041308403015e-03 1.271751243621110916e-02 -4.023859500885009766e-01 4.317684769630432129e-01 -7.196177244186401367e-01 2.212150990962982178e-01 -4.127632081508636475e-01 -1.777568645775318146e-02 -3.355262577533721924e-01 -1.865032874047756195e-02 2.612354420125484467e-02 -3.958646953105926514e-01 4.305427670478820801e-01 -1.316343694925308228e-01 -2.853894233703613281e-01 -7.420191168785095215e-02 5.337271690368652344e-01 2.467431128025054932e-02 -5.877558588981628418e-01 3.135302364826202393e-01 -4.736644625663757324e-01 5.062830820679664612e-02 -6.048862934112548828e-01 -1.399674862623214722e-01 8.295828700065612793e-01 -4.076549112796783447e-01 -4.517887830734252930e-01 4.221993684768676758e-01 3.583059012889862061e-01 4.964178502559661865e-01 1.949731260538101196e-02 3.227511048316955566e-01 9.623186290264129639e-02 4.094827454537153244e-03 -6.588466167449951172e-01 9.333566576242446899e-02 -5.686041712760925293e-01 1.504693776369094849e-01 8.310128003358840942e-02
2.097229808568954468e-01 -1.274294336326420307e-03 5.571610331535339355e-01 2.415671199560165405e-01 -1.854049712419509888e-01 -2.288368493318557739e-01 -2.008186578750610352e-01 1.899796575307846069e-01 -7.677286267280578613e-01 -5.178631469607353210e-02 -1.894494891166687012e-01 -2.579817175865173340e-01 -2.286723554134368896e-01 8.044654875993728638e-02 3.529980182647705078e-01 6.279765963554382324e-01 -3.863644301891326904e-01 8.954536914825439453e-02 -4.455005228519439697e-01 2.988403141498565674e-01 5.313907861709594727e-01 3.864484652876853943e-02 1.309126466512680054e-01 -7.446269392967224121e-01 8.927380293607711792e-02 4.927237927913665771e-01 1.459423825144767761e-02 -3.288465738296508789e-01 6.733418107032775879e-01 4.949725419282913208e-02 -3.668262064456939697e-01 -1.165008693933486938e-01 4.548117890954017639e-02 4.914430081844329834e-01 5.402220413088798523e-02 1.374183446168899536e-01 -5.356689691543579102e-01 -1.432826966047286987e-01 3.212654292583465576e-01 -3.664604723453521729e-01 3.518450558185577393e-01 4.197057485580444336e-01 -5.380109548568725586e-01 -8.219339251518249512e-01 1.928409188985824585e-01 -3.871383070945739746e-01 -6.779681146144866943e-02 -2.206998914480209351e-01 2.051208615303039551e-01 -1.130238100886344910e-01 -9.128931164741516113e-02 -5.056454539299011230e-01 6.129226461052894592e-02 -5.336061120033264160e-01 5.968208909034729004e-01 -6.456819921731948853e-02 -5.219342559576034546e-02 -4.118436276912689209e-01 -8.329346776008605957e-01 -3.686451613903045654e-01 -6.446700692176818848e-01 -4.474189877510070801e-02 -1.942223161458969116e-01 -1.685715317726135254e-01
-1.412072628736495972e-01 -3.448855280876159668e-01 5.452383160591125488e-01 6.901725530624389648e-01 4.035632312297821045e-01 8.203908801078796387e-02 -4.859417080879211426e-01 -1.551335155963897705e-01 -7.770611643791198730e-01 4.019822180271148682e-01 6.311409920454025269e-02 -1.234527349472045898e+00 -9.261508584022521973e-01 -8.214982151985168457e-01 7.679093480110168457e-01 3.271076381206512451e-01 -7.533240318298339844e-01 -3.769742250442504883e-01 2.199074923992156982e-01 1.869400292634963989e-01 6.653566360473632812e-01 8.263875842094421387e-01 3.084318339824676514e-01 -3.262588288635015488e-03 -9.258692264556884766e-01 4.833910763263702393e-01 1.022254526615142822e-01 -1.324371844530105591e-01 -1.134676933288574219e-01 -2.241467684507369995e-02 5.498512983322143555e-01 -1.599108055233955383e-02 7.188125848770141602e-01 4.152332898229360580e-03 -1.025526404380798340e+00 -5.094590783119201660e-01 2.286623567342758179e-01 5.501010417938232422e-01 2.500908449292182922e-02 -6.917456537485122681e-02 -9.263460040092468262e-01 2.396592497825622559e-02 6.474681496620178223e-01 2.534579634666442871e-01 -6.446897983551025391e-01 2.301250845193862915e-01 4.946092963218688965e-01 4.679517820477485657e-02 5.176612734794616699e-01 -3.548825085163116455e-01 -3.316987752914428711e-01 -1.984956413507461548e-01 2.339520603418350220e-01 1.344343274831771851e-01 -4.887864887714385986e-01 1.841808706521987915e-01 2.144358605146408081e-01 -1.162303328514099121e+00 -3.175098299980163574e-01 1.162080094218254089e-01 -3.374968171119689941e-01 4.918819665908813477e-01 5.438848137855529785e-01 6.011966243386268616e-02
6.579760313034057617e-01 -2.920036613941192627e-01 -7.194646447896957397e-02 2.674269378185272217e-01 -4.805840551853179932e-01 -1.097585484385490417e-01 3.980592191219329834e-01 -1.978111714124679565e-01 -9.777271747589111328e-02 4.274205118417739868e-02 6.827280670404434204e-02 -7.088995575904846191e-01 -6.092312932014465332e-01 -3.073337674140930176e-01 2.671924419701099396e-02 8.954645991325378418e-01 4.990807473659515381e-01 -7.468667030334472656e-01 -5.796120315790176392e-02 -2.807298302650451660e-01 1.278286129236221313e-01 2.283351123332977295e-01 1.769753396511077881e-01 1.566911637783050537e-01 6.091465353965759277e-01 -4.583353176712989807e-02 6.265824288129806519e-02 -1.059975475072860718e-01 2.825945019721984863e-01 -4.393379390239715576e-01 1.612487584352493286e-01 1.178880408406257629e-01 -7.608597874641418457e-01 -3.528460860252380371e-01 -4.387788176536560059e-01 3.337746560573577881e-01 1.598931550979614258e-01 5.023459792137145996e-01 -1.153467521071434021e-01 -9.676521420478820801e-01 1.827100962400436401e-01 4.292070567607879639e-01 5.050643682479858398e-01 -1.712191849946975708e-01 -2.773416042327880859e-01 -1.027574658393859863e+00 4.425348937511444092e-01 -2.686889097094535828e-02 1.390708386898040771e-01 -3.869059309363365173e-02 -7.912246137857437134e-02 -4.737629294395446777e-01 3.486207425594329834e-01 2.974690198898315430e-01 -3.695353865623474121e-02 -3.448847234249114990e-01 -2.918832600116729736e-01 1.146499346941709518e-02 -3.641348183155059814e-01 4.621968418359756470e-02 -2.905168235301971436e-01 -1.289711892604827881e-01 -8.299020528793334961e-01 -4.079461693763732910e-01
2.287130504846572876e-01 -1.526762098073959351e-01 5.099101662635803223e-01 3.594892323017120361e-01 -9.106967598199844360e-02 1.188196092844009399e-01 -1.493267365731298923e-03 -5.165429785847663879e-02 -8.462154865264892578e-01 -3.908270597457885742e-02 -1.305248439311981201e-01 -2.254608273506164551e-01 -3.866049051284790039e-01 2.103588730096817017e-01 1.279205828905105591e-01 1.029473900794982910e+00 -4.519828259944915771e-01 5.148832798004150391e-01 -4.696690738201141357e-01 7.446730136871337891e-02 4.980641603469848633e-01 -2.178206145763397217e-01 2.359910607337951660e-01 -5.592336058616638184e-01 2.196408212184906006e-01 3.983024656772613525e-01 -1.398436427116394043e-01 -3.437932133674621582e-01 8.718739151954650879e-01 -6.754182577133178711e-01 -4.860245585441589355e-01 -1.217618002556264400e-03 -2.680497169494628906e-01 1.294106990098953247e-01 -4.755223562824539840e-05 4.130057096481323242e-01 -7.763955593109130859e-01 -5.191667377948760986e-02 2.515453100204467773e-01 -4.210155904293060303e-01 9.787645190954208374e-02 3.850020170211791992e-01 -4.398885071277618408e-01 -1.101662516593933105e+00 -2.237986773252487183e-01 -3.454370498657226562e-01 -1.719953417778015137e-01 1.648978888988494873e-01 1.010937914252281189e-01 -8.443040400743484497e-02 -3.246744871139526367e-01 -4.157284796237945557e-01 4.721255600452423096e-01 -4.760145246982574463e-01 1.948778182268142700e-01 8.480487018823623657e-02 2.545775473117828369e-01 -5.059632062911987305e-01 -4.434220194816589355e-01 6.216750666499137878e-02 -7.685829997062683105e-01 1.662253588438034058e-01 -1.553914099931716919e-01 1.747561693191528320e-01
2.668429911136627197e-01 -5.877408981323242188e-01 6.846036314964294434e-01 2.316154837608337402e-01 -4.351711571216583252e-01 -3.877220451831817627e-01 1.405857950448989868e-01 -2.338773161172866821e-01 8.304512500762939453e-01 -1.165462210774421692e-01 4.705382585525512695e-01 -8.452279567718505859e-01 -2.976631224155426025e-01 -7.373524308204650879e-01 3.749887943267822266e-01 1.058359742164611816e+00 -5.418658852577209473e-01 2.984054982662200928e-01 8.572815358638763428e-02 -5.186023116111755371e-01 1.940489374101161957e-02 6.929816603660583496e-01 7.079998850822448730e-01 -9.176644086837768555e-01 -8.934526443481445312e-01 -1.811724156141281128e-02 -4.675774872303009033e-01 2.446817755699157715e-01 -1.509094685316085815e-01 1.319890022277832031e-01 2.620890140533447266e-01 -2.063392102718353271e-01 6.218629479408264160e-01 -3.917184472084045410e-01 -3.208482861518859863e-01 8.780609071254730225e-02 2.032801508903503418e-01 2.616581618785858154e-01 -2.590875029563903809e-01 3.094853088259696960e-02 -2.823700308799743652e-01 -1.783831603825092316e-02 -8.129503726959228516e-01 -2.140381783246994019e-01 -2.871042788028717041e-01 1.723024547100067139e-01 -3.495813906192779541e-02 -8.979235291481018066e-01 1.109231412410736084e-01 5.045881271362304688e-01 -1.117078781127929688e+00 -4.194849431514739990e-01 3.280865848064422607e-01 -5.259138941764831543e-01 2.769687175750732422e-01 -3.660441935062408447e-01 -5.806598663330078125e-01 -5.279945135116577148e-01 -5.510992407798767090e-01 9.883937425911426544e-03 -1.392457336187362671e-01 2.364122718572616577e-01 -4.738496541976928711e-01 1.621933877468109131e-01
4.058453142642974854e-01 -2.357522100210189819e-01 4.029411077499389648e-01 2.265910208225250244e-01 -1.160223484039306641e-01 3.069865703582763672e-01 -3.124436736106872559e-01 -5.877797007560729980e-01 5.608304589986801147e-02 -1.430283337831497192e-01 9.974349290132522583e-02 -1.178627729415893555e+00 -6.924243569374084473e-01 -6.378985941410064697e-02 -9.259105920791625977e-01 4.685207009315490723e-01 -5.077850073575973511e-02 -3.261105716228485107e-01 -2.843460738658905029e-01 3.532078564167022705e-01 3.505431711673736572e-01 -7.961211353540420532e-02 4.507918655872344971e-01 -3.889780938625335693e-01 -7.116154432296752930e-01 4.008348882198333740e-01 -1.531771570444107056e-01 -3.922583758831024170e-01 3.620726764202117920e-01 -7.301838397979736328e-01 6.756261736154556274e-02 -8.169846534729003906e-01 -3.799604475498199463e-01 -3.287802934646606445e-01 -1.781376451253890991e-01 2.294649481773376465e-01 7.270647678524255753e-03 2.172950357198715210e-01 9.551241993904113770e-02 -4.250192046165466309e-01 -7.466214243322610855e-03 9.716504067182540894e-02 2.846404314041137695e-01 -2.978483438491821289e-01 1.142834722995758057e-01 -5.355857610702514648e-01 2.424338608980178833e-01 -3.919017910957336426e-01 -5.674321651458740234e-01 4.594335258007049561e-01 -1.788282841444015503e-01 -8.562196493148803711e-01 6.707891821861267090e-01 4.489309191703796387e-01 1.023067712783813477e+00 -5.424099564552307129e-01 2.529699504375457764e-01 3.746587634086608887e-01 -2.206289470195770264e-01 -4.695583507418632507e-02 -1.915721446275711060e-01 -2.380024343729019165e-01 -1.270158737897872925e-01 -1.951308697462081909e-01
6.089242696762084961e-01 -5.069537758827209473e-01 -9.701003879308700562e-02 -7.250619679689407349e-02 2.070847153663635254e-01 -1.771654039621353149e-01 -3.202650230377912521e-03 -4.065477848052978516e-02 1.195359528064727783e-01 -1.616489589214324951e-01 -2.753333449363708496e-01 -4.336807429790496826e-01 -8.756607770919799805e-01 -3.123417496681213379e-02 -6.377620100975036621e-01 1.095737934112548828e+00 -6.020568013191223145e-01 4.563900828361511230e-01 -3.628382086753845215e-01 -2.663449347019195557e-01 -1.558485627174377441e-01 5.605237483978271484e-01 6.066933274269104004e-01 -3.064613342285156250e-01 -3.500970304012298584e-01 -1.901703178882598877e-01 5.111737921833992004e-02 -5.328984856605529785e-01 5.778930783271789551e-01 -6.568226963281631470e-02 2.634690999984741211e-01 -7.538903951644897461e-01 7.712310552597045898e-02 -6.404602527618408203e-01 -3.771362006664276123e-01 6.835079193115234375e-02 -7.969376444816589355e-01 4.010340571403503418e-01 -2.146534472703933716e-01 -3.528045415878295898e-01 -3.410319089889526367e-01 -3.725485131144523621e-02 -2.458049803972244263e-01 -2.167463600635528564e-01 1.863327771425247192e-01 -2.073455750942230225e-01 -3.366102874279022217e-01 -4.916751384735107422e-01 -1.501744538545608521e-01 2.517164945602416992e-01 -8.364996910095214844e-01 -4.521131515502929688e-01 3.509102761745452881e-01 -4.167952835559844971e-01 4.106724858283996582e-01 6.584993004798889160e-01 -7.025154829025268555e-01 -2.565012872219085693e-01 -4.305736422538757324e-01 2.007812261581420898e-01 -1.614925414323806763e-01 6.728184968233108521e-02 -5.960037112236022949e-01 2.173825949430465698e-01
-1.523254364728927612e-01 -3.856314420700073242e-01 5.230084657669067383e-01 5.244357585906982422e-01 2.102713882923126221e-01 8.322395384311676025e-03 -3.940058350563049316e-01 1.305758766829967499e-02 -7.839610576629638672e-01 2.267864495515823364e-01 1.462871134281158447e-01 -1.365567803382873535e+00 -8.482384085655212402e-01 -7.662301063537597656e-01 7.817362546920776367e-01 2.729719281196594238e-01 -7.377346158027648926e-01 -3.373280167579650879e-01 2.383397668600082397e-01 3.504265099763870239e-02 6.824126839637756348e-01 6.928643584251403809e-01 2.142286300659179688e-01 -1.115183904767036438e-01 -1.083626627922058105e+00 6.457316279411315918e-01 8.888440579175949097e-02 -1.076721549034118652e-01 -1.378163546323776245e-01 5.160162597894668579e-02 4.527050852775573730e-01 -1.334582418203353882e-01 3.434081971645355225e-01 1.797862499952316284e-01 -9.935209751129150391e-01 -3.607077002525329590e-01 1.087397634983062744e-01 5.792792439460754395e-01 1.136326864361763000e-01 9.459361433982849121e-02 -9.990411400794982910e-01 3.361006081104278564e-01 6.357691884040832520e-01 2.830463051795959473e-01 -5.892488360404968262e-01 8.594549261033535004e-03 6.034911870956420898e-01 2.202060371637344360e-01 3.100930750370025635e-01 -4.730639159679412842e-01 -3.431679010391235352e-01 -2.607987523078918457e-01 2.517929375171661377e-01 2.280177026987075806e-01 -3.910478353500366211e-01 2.557560503482818604e-01 1.308282166719436646e-01 -1.096450328826904297e+00 -2.193762660026550293e-01 3.092876821756362915e-02 -4.012194871902465820e-01 6.422011852264404297e-01 5.355988144874572754e-01 3.445939719676971436e-02
1.185162663459777832e+00 -3.321023881435394287e-01 3.226507604122161865e-01 7.912713289260864258e-01 5.659829378128051758e-01 2.675122581422328949e-02 -2.556669712066650391e-01 -4.568312764167785645e-01 -9.037885069847106934e-01 5.129998922348022461e-01 -7.258341312408447266e-01 -1.298923134803771973e+00 9.850136004388332367e-03 -9.190028309822082520e-01 7.993697524070739746e-01 1.767939090728759766e+00 -9.617900252342224121e-01 6.387664079666137695e-01 1.860272288322448730e-01 1.123926162719726562e+00 -4.981035888195037842e-01 7.700709700584411621e-01 7.347882390022277832e-01 -1.271379828453063965e+00 7.665336132049560547e-01 5.500671267509460449e-01 -6.968654394149780273e-01 2.575217485427856445e-01 5.687081217765808105e-01 -5.710624456405639648e-01 5.842288732528686523e-01 -3.765627741813659668e-01 -2.202468514442443848e-01 -3.422525245696306229e-03 7.326641678810119629e-01 -9.365320205688476562e-01 5.345810055732727051e-01 4.593610465526580811e-01 3.577499985694885254e-01 7.147231698036193848e-01 -1.668410420417785645e+00 2.348506897687911987e-01 3.162270784378051758e-01 -1.246377527713775635e-01 -2.247257232666015625e-01 -6.584427952766418457e-01 2.752712965011596680e-01 8.821459114551544189e-02 -1.309776306152343750e+00 -2.400432974100112915e-01 3.484936654567718506e-01 -7.247742414474487305e-01 1.022087931632995605e+00 2.630818486213684082e-01 5.481250882148742676e-01 -1.307866573333740234e-01 -7.979236543178558350e-02 -3.437966406345367432e-01 2.746310830116271973e-01 -2.162777781486511230e-01 9.276948124170303345e-02 8.129634857177734375e-01 -3.503709435462951660e-01 8.922498673200607300e-02
9.897684454917907715e-01 -1.272366731427609921e-03 7.930481433868408203e-01 6.658492237329483032e-02 4.989557266235351562e-01 -4.303624927997589111e-01 3.994863033294677734e-01 -4.294338822364807129e-01 1.901246607303619385e-03 -3.067374695092439651e-03 -1.950249075889587402e-01 -1.286581516265869141e+00 -3.011939525604248047e-01 4.060810208320617676e-01 4.267024993896484375e-01 5.139404162764549255e-02 -3.935576975345611572e-01 3.211117982864379883e-01 2.966246306896209717e-01 1.948412060737609863e-01 6.614643931388854980e-01 5.179057121276855469e-01 3.922798335552215576e-01 -1.925982087850570679e-01 -3.071597814559936523e-01 -2.451583743095397949e-01 1.151437461376190186e-01 3.921705782413482666e-01 8.572770953178405762e-01 3.968721330165863037e-01 1.759322136640548706e-01 -5.407138466835021973e-01 6.642709970474243164e-01 4.747939482331275940e-02 -1.261276483535766602e+00 -1.189889162778854370e-01 3.831678628921508789e-01 7.088711857795715332e-01 -1.514002680778503418e-01 -2.683894634246826172e-01 3.863683342933654785e-01 5.091906189918518066e-01 2.078374102711677551e-02 -3.056077063083648682e-01 -9.460408240556716919e-02 -6.012465357780456543e-01 -2.124826908111572266e-01 -4.505325555801391602e-01 1.584191918373107910e-01 -3.527943491935729980e-01 2.505962252616882324e-01 -9.146673083305358887e-01 -1.472492367029190063e-01 -3.124452233314514160e-01 -8.797151446342468262e-01 -2.460444271564483643e-01 -2.045487314462661743e-01 -5.679008960723876953e-01 -4.825838506221771240e-01 6.776881217956542969e-01 -6.102917194366455078e-01 6.144483685493469238e-01 3.079310059547424316e-02 3.637049719691276550e-02
8.467332720756530762e-01 1.582607440650463104e-02 6.916588544845581055e-01 8.949043750762939453e-01 -8.541543483734130859e-01 3.526880741119384766e-01 7.018775343894958496e-01 -2.989295721054077148e-01 4.855429232120513916e-01 -4.164907932281494141e-01 -9.976509213447570801e-02 -5.088079571723937988e-01 -9.691252112388610840e-01 -3.925419449806213379e-01 4.346426725387573242e-01 1.582010626792907715e+00 -4.955534040927886963e-01 -4.088285267353057861e-01 -1.741281002759933472e-01 5.076781511306762695e-01 5.298083424568176270e-01 7.690614461898803711e-01 1.029847741127014160e+00 -2.264889031648635864e-01 5.153211355209350586e-01 5.256911516189575195e-01 6.102519631385803223e-01 -7.907739281654357910e-02 3.336593508720397949e-01 -8.648332953453063965e-01 1.777994930744171143e-01 -3.826576285064220428e-03 -2.205071896314620972e-01 -1.927074193954467773e-01 -6.486753225326538086e-01 3.126270174980163574e-01 2.290263473987579346e-01 6.935934424400329590e-01 4.202666282653808594e-01 -3.574236929416656494e-01 -6.064960956573486328e-01 2.789168655872344971e-01 2.779766917228698730e-01 2.817259170114994049e-02 6.397508829832077026e-02 -1.347086485475301743e-02 2.113142907619476318e-01 -2.992871701717376709e-01 -3.969197273254394531e-01 -4.272921979427337646e-01 6.077260375022888184e-01 1.244811341166496277e-01 7.765578478574752808e-02 1.124305963516235352e+00 -3.170592188835144043e-01 -1.475994437932968140e-01 1.316533088684082031e-01 2.247322350740432739e-01 -7.203982472419738770e-01 -4.563537240028381348e-01 -2.202665954828262329e-01 8.607080578804016113e-01 3.755091875791549683e-02 6.653081774711608887e-01
2.271005325019359589e-02 -6.421930342912673950e-02 4.475225210189819336e-01 1.719560325145721436e-01 -9.299552440643310547e-02 -5.344098210334777832e-01 2.082044631242752075e-01 1.293749958276748657e-01 -6.109174489974975586e-01 -1.651223599910736084e-01 -1.952641755342483521e-01 -5.004389882087707520e-01 -3.815349638462066650e-01 2.064142674207687378e-01 4.014813601970672607e-01 3.355983793735504150e-01 -3.615446686744689941e-01 -1.941864043474197388e-01 -4.980165064334869385e-01 -3.078229539096355438e-02 5.119140744209289551e-01 2.981494367122650146e-02 2.248648703098297119e-01 -8.263413906097412109e-01 4.712516069412231445e-02 9.343657642602920532e-02 -1.876545548439025879e-01 -3.401780128479003906e-01 6.315738558769226074e-01 1.830536425113677979e-01 -5.774024128913879395e-01 -1.559916585683822632e-01 -1.488846540451049805e-01 4.264641702175140381e-01 -2.640205323696136475e-01 1.143738180398941040e-01 -6.475415229797363281e-01 -6.196987628936767578e-02 3.435903489589691162e-01 -3.456805050373077393e-01 2.007035464048385620e-01 7.958784103393554688e-01 -4.322652816772460938e-01 -9.763253331184387207e-01 2.057310193777084351e-01 -3.502899706363677979e-01 2.330590039491653442e-01 4.587150737643241882e-02 1.200205907225608826e-01 -2.418458610773086548e-01 -9.657946974039077759e-02 -2.108375877141952515e-01 -6.981819868087768555e-02 -5.082277655601501465e-01 3.798623681068420410e-01 1.232189461588859558e-01 1.041287407279014587e-01 -4.100483655929565430e-01 -7.082929611206054688e-01 -4.706852138042449951e-01 -6.529747843742370605e-01 2.127549648284912109e-01 -1.205162033438682556e-01 5.513056367635726929e-02
-9.091153740882873535e-02 6.039275601506233215e-02 5.842397212982177734e-01 1.816644221544265747e-01 3.341209143400192261e-03 -2.151119858026504517e-01 -2.473365217447280884e-01 4.172411561012268066e-01 -5.471512675285339355e-01 -2.244537472724914551e-01 -1.383195668458938599e-01 -3.263843953609466553e-01 -6.079921126365661621e-01 3.778910636901855469e-01 2.936288416385650635e-01 1.101230502128601074e+00 -3.566823303699493408e-01 3.509777784347534180e-01 -3.312930166721343994e-01 1.921363174915313721e-01 4.596815109252929688e-01 -1.567173898220062256e-01 2.882430851459503174e-01 -4.508288502693176270e-01 5.212954431772232056e-02 3.781734704971313477e-01 -7.335729151964187622e-02 -4.442963898181915283e-01 8.962618708610534668e-01 -4.149426221847534180e-01 -1.979043632745742798e-01 4.193015769124031067e-02 -1.669581532478332520e-01 2.011722624301910400e-01 1.806361675262451172e-01 1.611956506967544556e-01 -7.890924811363220215e-01 1.153574511408805847e-01 2.276803404092788696e-01 -7.248607873916625977e-01 1.707103401422500610e-01 6.081368923187255859e-01 -4.246356487274169922e-01 -8.821485638618469238e-01 -2.660481333732604980e-01 -6.244273856282234192e-03 -3.677584230899810791e-02 -3.777692839503288269e-02 9.017566218972206116e-03 -3.606433048844337463e-02 -3.874627947807312012e-01 -3.439999222755432129e-01 5.615217685699462891e-01 -5.066922307014465332e-01 5.146784782409667969e-01 2.222306877374649048e-01 1.048615053296089172e-01 -6.749118566513061523e-01 -6.516523957252502441e-01 -2.026553004980087280e-01 -7.216924428939819336e-01 2.254021465778350830e-01 -2.563406527042388916e-01 1.797478795051574707e-01
9.950667619705200195e-02 2.601578235626220703e-01 2.309188842773437500e-01 2.064938545227050781e-01 1.019645780324935913e-01 3.533069277182221413e-03 4.200901389122009277e-01 -9.648676514625549316e-01 -3.130922019481658936e-01 -6.855379045009613037e-02 -1.408109162002801895e-02 -1.555599123239517212e-01 -7.229843735694885254e-01 4.801953583955764771e-02 5.526962280273437500e-01 2.807735204696655273e-01 -1.069475430995225906e-02 -1.063310503959655762e+00 -1.082387790083885193e-01 3.770717382431030273e-01 -5.425156950950622559e-01 6.884003877639770508e-01 1.189253568649291992e+00 -2.082627266645431519e-01 -5.795680284500122070e-01 2.344423383474349976e-01 -5.247976183891296387e-01 -2.904723882675170898e-01 1.860403418540954590e-01 -7.752280235290527344e-01 2.608056366443634033e-01 4.815317094326019287e-01 -7.118100672960281372e-02 -2.425840497016906738e-01 -1.280040591955184937e-01 -3.666883111000061035e-01 -1.555549949407577515e-01 2.655955851078033447e-01 2.134902775287628174e-02 -9.676266461610794067e-02 4.915004074573516846e-01 2.702202796936035156e-01 -1.234664618968963623e-01 -5.244314074516296387e-01 3.632850572466850281e-02 -4.105602204799652100e-01 9.543121457099914551e-01 1.559620946645736694e-01 -2.419068068265914917e-01 1.225173994898796082e-01 -8.262677788734436035e-01 -6.366937756538391113e-01 9.207174926996231079e-02 1.150108426809310913e-01 1.908900439739227295e-01 9.577684104442596436e-02 -1.146376132965087891e-01 -4.894907772541046143e-01 -2.415906637907028198e-01 5.298180580139160156e-01 -1.807662397623062134e-01 -4.484117496758699417e-03 -3.612576425075531006e-01 5.876698493957519531e-01
4.932299852371215820e-01 -3.323114216327667236e-01 4.896560013294219971e-01 4.814946055412292480e-01 -4.097777307033538818e-01 1.339602768421173096e-01 2.078751474618911743e-01 -3.794449865818023682e-01 -6.573518365621566772e-02 -5.541502833366394043e-01 -7.263687849044799805e-01 -9.651872515678405762e-01 -6.374432444572448730e-01 2.634124159812927246e-01 9.445086717605590820e-01 5.496755242347717285e-01 -6.357325911521911621e-01 -2.426588237285614014e-01 -4.997715950012207031e-01 6.910892128944396973e-01 1.035260081291198730e+00 6.823299527168273926e-01 2.807343304157257080e-01 -6.324794292449951172e-01 -2.890650928020477295e-02 2.749432921409606934e-01 -5.168471932411193848e-01 -3.473661541938781738e-01 -3.063997924327850342e-01 5.395030975341796875e-01 -3.144075721502304077e-02 -6.068013235926628113e-02 6.261115670204162598e-01 -2.496783733367919922e-01 4.215769171714782715e-01 -6.801369786262512207e-01 3.543577790260314941e-01 4.836387336254119873e-01 2.133504748344421387e-01 -2.561154067516326904e-01 -1.303060889244079590e+00 1.068482175469398499e-01 1.470543444156646729e-01 3.309482634067535400e-01 -6.188759803771972656e-01 -6.105812191963195801e-01 -3.157268464565277100e-01 5.340818166732788086e-01 -6.336501240730285645e-01 6.909462213516235352e-01 -1.189974397420883179e-01 -2.600288391113281250e-01 -3.030335307121276855e-01 1.162523403763771057e-01 -5.500260367989540100e-02 3.332040011882781982e-01 3.884052485227584839e-02 -7.763484120368957520e-01 -3.665336966514587402e-01 3.330267965793609619e-01 5.408248305320739746e-02 9.015766978263854980e-01 -2.624628841876983643e-01 -4.949039220809936523e-01
8.013005256652832031e-01 -3.809477090835571289e-01 8.340516686439514160e-01 2.248753905296325684e-01 5.594872683286666870e-02 -2.451172173023223877e-01 -8.898635953664779663e-02 -6.089128926396369934e-02 -6.698779463768005371e-01 -2.988553941249847412e-01 -3.430764973163604736e-01 -2.026843577623367310e-01 -9.830163419246673584e-02 -4.053311049938201904e-01 4.105939269065856934e-01 7.121266126632690430e-01 -4.819518625736236572e-01 -3.697796165943145752e-01 -5.981712937355041504e-01 1.026341095566749573e-01 3.744071722030639648e-01 4.274106323719024658e-01 -9.601294249296188354e-02 -8.045904040336608887e-01 -1.888941526412963867e-01 3.871866762638092041e-01 -7.730144262313842773e-02 -3.452565371990203857e-01 7.231639623641967773e-01 6.252858787775039673e-02 -1.788097620010375977e-01 9.180978685617446899e-02 -2.976084686815738678e-02 6.220013499259948730e-01 -3.005149662494659424e-01 -2.323710322380065918e-01 -1.192895770072937012e-01 -3.071305751800537109e-01 -1.657518744468688965e-02 7.261966913938522339e-02 1.935921013355255127e-01 2.907823920249938965e-01 -6.404876112937927246e-01 -7.250360846519470215e-01 4.860949516296386719e-01 -7.305124402046203613e-02 7.921689152717590332e-01 -4.363340139389038086e-01 3.342523798346519470e-02 -2.339213490486145020e-01 5.549751520156860352e-01 -9.838369488716125488e-02 -2.352479398250579834e-01 -8.574193716049194336e-01 5.202093124389648438e-01 -3.696242272853851318e-01 -3.353823721408843994e-01 -1.700915396213531494e-01 -1.434381306171417236e-01 -3.610993325710296631e-01 -5.813943147659301758e-01 5.176172256469726562e-01 -6.653728485107421875e-01 -1.476668268442153931e-01
3.643235564231872559e-02 -2.217697054147720337e-01 2.323113828897476196e-01 -3.460650444030761719e-01 1.008310392498970032e-01 -5.083439946174621582e-01 -1.990822516381740570e-02 -4.028493762016296387e-01 -3.962627947330474854e-01 -4.107121750712394714e-02 -3.433156013488769531e-01 -4.208511412143707275e-01 -7.844950556755065918e-01 -3.328614532947540283e-01 5.584697127342224121e-01 9.293481707572937012e-01 -2.037179321050643921e-01 -6.558082103729248047e-01 -3.159276843070983887e-01 -1.649547368288040161e-01 1.507816649973392487e-02 2.768208384513854980e-01 2.258777171373367310e-01 -3.193432688713073730e-01 -2.091040015220642090e-01 2.317607700824737549e-01 -1.194292306900024414e-02 1.107947602868080139e-01 1.325122714042663574e-01 -3.059259848669171333e-03 -3.778344765305519104e-02 1.471464186906814575e-01 -1.750546693801879883e-01 -1.912917643785476685e-01 -2.747162431478500366e-02 -4.288413003087043762e-02 3.267588615417480469e-01 3.053935468196868896e-01 -4.185437411069869995e-02 1.745595484972000122e-01 6.507863998413085938e-01 1.988480091094970703e-01 -2.171931415796279907e-01 -6.369844675064086914e-01 -1.644688546657562256e-01 -4.098773300647735596e-01 1.883714050054550171e-01 -3.251230120658874512e-01 -2.020733244717121124e-02 3.627465963363647461e-01 -5.622983574867248535e-01 -2.786317467689514160e-01 -1.652182489633560181e-01 -6.530381441116333008e-01 5.744706392288208008e-01 2.892934679985046387e-01 5.041976571083068848e-01 1.555456519126892090e-01 -3.956283330917358398e-01 -2.557250559329986572e-01 -4.929807782173156738e-01 5.504680424928665161e-02 -1.553385853767395020e-01 3.762410283088684082e-01
3.880406618118286133e-01 -3.965122401714324951e-01 4.147849977016448975e-01 -1.703379442915320396e-03 3.431960567831993103e-02 3.579405844211578369e-01 2.439755499362945557e-01 -9.339365363121032715e-01 -4.118760824203491211e-01 5.007306486368179321e-02 1.908294260501861572e-01 -4.856078624725341797e-01 -9.436794519424438477e-01 8.451093733310699463e-02 1.256288290023803711e-01 2.067805826663970947e-01 -7.585217803716659546e-02 -1.052591562271118164e+00 -7.311001420021057129e-01 -3.045014478266239166e-02 -2.689158618450164795e-01 3.756342530250549316e-01 1.282499313354492188e+00 -3.770509064197540283e-01 -2.630055695772171021e-02 5.359776020050048828e-01 -7.148107886314392090e-02 -4.318260252475738525e-01 -2.247180938720703125e-01 -4.865479767322540283e-01 -2.204433679580688477e-01 -1.995525062084197998e-01 -6.568427383899688721e-02 -1.290547698736190796e-01 -1.413403823971748352e-02 -5.072985291481018066e-01 2.006047517061233521e-01 7.954306006431579590e-01 1.649019122123718262e-01 1.235531456768512726e-02 3.735656142234802246e-01 2.787453308701515198e-02 1.611173599958419800e-01 -6.509089469909667969e-01 1.341805607080459595e-01 -4.412530064582824707e-01 5.771136283874511719e-01 1.806527562439441681e-02 -5.932494997978210449e-01 4.988035559654235840e-01 -1.031849011778831482e-01 -6.382553577423095703e-01 -8.065666258335113525e-02 5.863711237907409668e-02 3.674166202545166016e-01 2.502535879611968994e-01 2.742957472801208496e-01 -1.815744936466217041e-01 -3.971737921237945557e-01 1.621520668268203735e-01 3.959665894508361816e-01 -3.883984982967376709e-01 7.851863652467727661e-02 4.325492084026336670e-01
3.255574703216552734e-01 -5.411327481269836426e-01 2.675933241844177246e-01 -8.321950584650039673e-02 -7.172651290893554688e-01 3.751398324966430664e-01 -4.337377548217773438e-01 -3.028699159622192383e-01 3.874402642250061035e-01 7.592108100652694702e-02 -4.323460757732391357e-01 -6.356952786445617676e-01 -9.552167654037475586e-01 -5.777509137988090515e-02 -5.230821967124938965e-01 7.329261898994445801e-01 3.909294307231903076e-01 -1.450354903936386108e-01 -3.300018906593322754e-01 4.522844254970550537e-01 3.506951332092285156e-01 4.839128628373146057e-02 3.635388910770416260e-01 -5.616392493247985840e-01 -8.483917117118835449e-01 3.003830313682556152e-01 -2.765754759311676025e-01 -5.908564925193786621e-01 3.278361260890960693e-02 -2.823307514190673828e-01 5.719607695937156677e-02 -1.974705904722213745e-01 -2.602215409278869629e-01 -3.076229691505432129e-01 2.035764604806900024e-02 -1.556636542081832886e-01 -4.500243365764617920e-01 9.698060899972915649e-02 -3.247830644249916077e-02 -1.813363283872604370e-01 -8.384482562541961670e-02 3.114188313484191895e-01 -1.182169318199157715e-01 -3.150745034217834473e-01 1.727531999349594116e-01 -9.686501026153564453e-01 5.336335897445678711e-01 -8.935742080211639404e-02 -5.302400588989257812e-01 8.798223733901977539e-01 -3.269177079200744629e-01 -3.943444192409515381e-01 6.543481945991516113e-01 3.419886827468872070e-01 8.070409297943115234e-01 -3.167581558227539062e-01 2.114651501178741455e-01 3.355443477630615234e-01 -1.099435165524482727e-01 -8.504089713096618652e-02 3.153982572257518768e-03 -2.114804089069366455e-01 -1.730776950716972351e-02 3.529160618782043457e-01
2.204557359218597412e-01 -5.266145467758178711e-01 2.996407449245452881e-01 7.889600843191146851e-02 -4.287640154361724854e-01 -8.342843055725097656e-01 4.777263700962066650e-01 4.337698593735694885e-02 -2.149574756622314453e-01 -7.258706539869308472e-02 5.770375132560729980e-01 -9.707109928131103516e-01 2.078748643398284912e-01 -6.718584895133972168e-01 8.153218626976013184e-01 3.493700921535491943e-01 -9.582748413085937500e-01 2.453741580247879028e-01 2.430977970361709595e-01 -2.155193537473678589e-01 4.473717212677001953e-01 7.145301103591918945e-01 1.361857503652572632e-01 -7.273291945457458496e-01 -1.007661461830139160e+00 2.733582854270935059e-01 8.667704463005065918e-02 -4.566798359155654907e-02 -2.561398148536682129e-01 -2.452519685029983521e-01 4.420750737190246582e-01 -3.240236043930053711e-01 1.985468864440917969e-01 -3.955188989639282227e-01 -8.915270566940307617e-01 -7.527240514755249023e-01 4.261037111282348633e-01 4.123677313327789307e-01 3.824203312397003174e-01 -3.779314085841178894e-02 -9.637542366981506348e-01 -2.727746963500976562e-01 2.265992164611816406e-01 -3.216025829315185547e-01 -2.192493230104446411e-01 4.229607433080673218e-02 1.645605117082595825e-01 2.335099875926971436e-01 3.368268907070159912e-01 2.397167980670928955e-01 2.163064330816268921e-01 -1.775219142436981201e-01 3.289102017879486084e-01 -6.834390759468078613e-01 -7.069353461265563965e-01 5.498206019401550293e-01 1.590206623077392578e-01 -5.149220228195190430e-01 -7.964680194854736328e-01 2.019859850406646729e-01 1.092045232653617859e-01 2.433126866817474365e-01 -6.105254888534545898e-01 -3.646686971187591553e-01
7.917329072952270508e-01 -5.866146087646484375e-01 -3.551868498325347900e-01 4.915023222565650940e-03 -5.504587292671203613e-01 -3.143900036811828613e-01 1.487289275974035263e-02 -7.828520536422729492e-01 -6.511838436126708984e-01 2.996430695056915283e-01 5.191222429275512695e-01 -1.847270607948303223e+00 2.918985486030578613e-01 -2.817224264144897461e-01 3.351438045501708984e-01 4.177785813808441162e-01 -3.349622488021850586e-01 -5.633506774902343750e-01 -2.105665802955627441e-01 -4.015391170978546143e-01 2.967649102210998535e-01 5.508101582527160645e-01 3.233503103256225586e-01 -1.223266959190368652e+00 -2.382707595825195312e-01 -2.044477313756942749e-01 2.799431979656219482e-01 -1.539355218410491943e-01 7.421879172325134277e-01 -5.320416390895843506e-02 4.042713344097137451e-01 2.825290262699127197e-01 1.246956139802932739e-01 -2.589293122291564941e-01 -5.025523304939270020e-01 -6.424019932746887207e-01 -3.458461165428161621e-01 -8.304508775472640991e-02 5.867027640342712402e-01 4.443453252315521240e-02 9.140161424875259399e-02 -2.911792397499084473e-01 2.877232804894447327e-02 1.768743544816970825e-01 -4.010684192180633545e-01 -3.118306398391723633e-01 3.762065470218658447e-01 -4.238387048244476318e-01 5.219198465347290039e-01 -3.886167705059051514e-01 4.588226974010467529e-01 -1.622611433267593384e-01 3.668373525142669678e-01 6.451622247695922852e-01 -4.839861989021301270e-01 6.704421341419219971e-02 1.564161181449890137e-01 -3.208055496215820312e-01 -1.151104092597961426e+00 1.198793202638626099e-01 5.967976525425910950e-02 4.257036149501800537e-01 -1.838365495204925537e-01 -5.181247591972351074e-01
1.541858315467834473e+00 9.512400627136230469e-02 1.885028332471847534e-01 -6.066462993621826172e-01 -2.104418277740478516e-01 -2.653195858001708984e-01 -4.903552532196044922e-01 -1.017957553267478943e-02 -3.039906322956085205e-01 2.541363835334777832e-01 -2.503692507743835449e-01 -9.476742744445800781e-01 -4.147548377513885498e-01 -1.142467185854911804e-01 6.801973581314086914e-01 -1.673244535923004150e-01 -2.608160972595214844e-01 1.178127601742744446e-01 -1.951695382595062256e-01 3.039162158966064453e-01 5.484882593154907227e-01 9.516473412513732910e-01 -1.738076806068420410e-01 -3.070997297763824463e-01 -2.070315033197402954e-01 4.612815082073211670e-01 1.732829511165618896e-01 5.592706426978111267e-02 1.022216081619262695e+00 2.335599996149539948e-02 -7.389276474714279175e-02 -2.849575579166412354e-01 4.255017340183258057e-01 1.772052347660064697e-01 -9.885414242744445801e-01 -4.452458322048187256e-01 -1.689239144325256348e-01 5.638527274131774902e-01 4.315944910049438477e-01 1.416434813290834427e-02 8.160499483346939087e-02 3.141681551933288574e-01 2.120256423950195312e-01 -5.512722954154014587e-02 4.477307200431823730e-01 -1.343431323766708374e-01 1.887801736593246460e-01 4.456233978271484375e-01 4.826964437961578369e-01 -2.092558890581130981e-01 3.751978650689125061e-02 -1.424578577280044556e-01 2.359522134065628052e-01 1.099043190479278564e-01 -5.963569879531860352e-01 1.479471474885940552e-01 -6.320108771324157715e-01 -6.999960541725158691e-01 -1.125117421150207520e+00 6.544488072395324707e-01 8.948269486427307129e-02 2.372535765171051025e-01 1.049613207578659058e-01 -4.109147191047668457e-02
4.634769260883331299e-01 -5.819035172462463379e-01 -1.351644396781921387e-01 4.321675598621368408e-01 9.091636538505554199e-02 3.411396741867065430e-01 -2.825701832771301270e-01 -6.461542248725891113e-01 -1.224418431520462036e-01 2.521653473377227783e-01 -8.693835735321044922e-01 -6.306734085083007812e-01 1.103444695472717285e-01 -2.167998999357223511e-01 8.777320981025695801e-01 4.341193139553070068e-01 -9.308452010154724121e-01 -3.521817028522491455e-01 2.839797735214233398e-01 6.589595079421997070e-01 7.690030336380004883e-01 6.650621294975280762e-01 3.069719076156616211e-01 -1.004463315010070801e+00 -1.257943958044052124e-01 2.628047168254852295e-01 -5.430779457092285156e-01 -1.007038876414299011e-01 -7.524204254150390625e-02 4.166465699672698975e-01 -3.188445791602134705e-02 -8.319161534309387207e-01 7.338416576385498047e-02 -2.267739549279212952e-02 -6.499295830726623535e-01 -2.619201242923736572e-01 2.591456770896911621e-01 3.894970566034317017e-02 9.128586202859878540e-02 3.374603092670440674e-01 5.225360020995140076e-02 -1.294795721769332886e-01 1.296852231025695801e-01 3.239969611167907715e-01 -2.049868702888488770e-01 -3.564229607582092285e-01 -7.550416141748428345e-02 1.707650721073150635e-01 -3.311834335327148438e-01 -6.016746163368225098e-01 5.916574597358703613e-02 -3.764902949333190918e-01 7.907699793577194214e-02 4.318151772022247314e-01 -4.212830066680908203e-01 2.632077932357788086e-01 4.889876842498779297e-01 -7.162290811538696289e-01 -1.151331901550292969e+00 -4.226747751235961914e-01 -7.623108029365539551e-01 5.539515018463134766e-01 2.792032361030578613e-01 -8.664104342460632324e-01
6.048725843429565430e-01 -3.179515898227691650e-01 -1.798010319471359253e-01 -1.323146671056747437e-01 -3.683743178844451904e-01 -1.939017325639724731e-01 4.762914180755615234e-01 -3.149385750293731689e-01 -2.951985001564025879e-01 -1.616333276033401489e-01 1.578529477119445801e-01 -1.062533617019653320e+00 -8.288341760635375977e-02 1.161268800497055054e-01 5.715963840484619141e-01 3.673709630966186523e-01 -8.514704108238220215e-01 -1.485584080219268799e-01 1.179165616631507874e-01 6.772413104772567749e-02 8.186045289039611816e-01 4.741791188716888428e-01 -1.490291208028793335e-01 -6.499869823455810547e-01 -5.138086080551147461e-01 4.206058382987976074e-01 1.922002732753753662e-01 -1.640384197235107422e-01 -4.698735177516937256e-01 -1.004683151841163635e-01 5.919851064682006836e-01 -3.817868828773498535e-01 5.955076217651367188e-01 -1.297993808984756470e-01 -8.922885060310363770e-01 -5.238565206527709961e-01 2.212587594985961914e-01 2.956253290176391602e-01 3.892278671264648438e-01 4.809550046920776367e-01 -7.368136048316955566e-01 -9.668142534792423248e-03 3.358789384365081787e-01 -1.864404976367950439e-01 -9.893578886985778809e-01 -4.277631640434265137e-01 1.513940095901489258e-01 1.303467899560928345e-01 3.564165160059928894e-02 5.764024853706359863e-01 2.837336808443069458e-02 -2.743694782257080078e-01 4.772740602493286133e-02 -1.120590791106224060e-01 -1.031373858451843262e+00 4.029279351234436035e-01 3.146918416023254395e-01 -6.774321794509887695e-01 -4.867832362651824951e-01 -2.641554474830627441e-01 -3.466325402259826660e-01 5.214698910713195801e-01 -2.820070385932922363e-01 -4.571095108985900879e-01
2.767437100410461426e-01 -1.900891661643981934e-01 1.107361838221549988e-01 2.790112197399139404e-01 -5.821843743324279785e-01 1.050708517432212830e-01 1.731413751840591431e-01 -1.760369390249252319e-01 -1.659288555383682251e-01 -1.970517039299011230e-01 -2.589167356491088867e-01 -3.963373303413391113e-01 -4.110580384731292725e-01 -4.359072446823120117e-01 -1.389606297016143799e-01 6.274164915084838867e-01 5.170028209686279297e-01 -2.891621887683868408e-01 2.767815813422203064e-02 -2.610041946172714233e-02 5.381740927696228027e-01 4.211930334568023682e-01 6.270422935485839844e-01 7.772783190011978149e-02 6.071233749389648438e-01 5.963499546051025391e-01 5.377029627561569214e-02 -4.967641532421112061e-01 2.263100631535053253e-02 -1.017132639884948730e+00 2.590690553188323975e-01 -2.131178081035614014e-01 -4.590299725532531738e-01 -4.507995545864105225e-01 -3.137698173522949219e-01 6.930500268936157227e-02 -9.511234238743782043e-03 2.785185277462005615e-01 1.704830527305603027e-01 -1.081170439720153809e+00 -4.248678684234619141e-01 4.813995063304901123e-01 4.109037816524505615e-01 -5.362353324890136719e-01 -2.405025660991668701e-01 -5.696071386337280273e-01 1.134826391935348511e-01 5.370320007205009460e-02 -3.607267513871192932e-02 1.406153738498687744e-01 2.270072400569915771e-01 -7.828853130340576172e-01 4.102717936038970947e-01 8.171706795692443848e-01 3.534741401672363281e-01 -6.513005495071411133e-01 -3.496458232402801514e-01 2.459020316600799561e-01 -2.099888622760772705e-01 3.046495020389556885e-01 -4.236136376857757568e-01 -1.202595680952072144e-01 -7.383437156677246094e-01 -3.132886588573455811e-01
4.052937924861907959e-01 -1.838510483503341675e-01 3.233935534954071045e-01 4.944028556346893311e-01 -3.877153098583221436e-01 1.194316446781158447e-01 -2.317220568656921387e-01 -5.372929573059082031e-01 1.594806760549545288e-01 -3.552983999252319336e-01 1.216020658612251282e-01 -9.595773816108703613e-01 -1.077990293502807617e+00 -2.986954152584075928e-02 -9.013919830322265625e-01 4.747638702392578125e-01 -4.245710000395774841e-02 -3.493379354476928711e-01 -3.807075917720794678e-01 5.044590830802917480e-01 3.120228648185729980e-01 -9.783102571964263916e-02 5.431725978851318359e-01 -6.114854216575622559e-01 -7.775064706802368164e-01 3.458989560604095459e-01 -1.042651012539863586e-01 -4.890143871307373047e-01 3.735989630222320557e-01 -5.022364258766174316e-01 2.015742659568786621e-01 -6.193752288818359375e-01 -3.569201827049255371e-01 -2.245015799999237061e-01 -1.961752474308013916e-01 2.476315349340438843e-01 -8.919038623571395874e-02 3.483029901981353760e-01 2.092068493366241455e-01 -7.893951535224914551e-01 -3.708423078060150146e-01 1.353254169225692749e-02 3.102430105209350586e-01 -2.904185950756072998e-01 3.447256982326507568e-01 -4.787037670612335205e-01 4.368071556091308594e-01 1.853490062057971954e-02 -4.591698050498962402e-01 4.365711510181427002e-01 -2.739638686180114746e-01 -8.944905996322631836e-01 3.292442262172698975e-01 4.820908308029174805e-01 4.865071773529052734e-01 -3.637170195579528809e-01 5.785086154937744141e-01 4.049327373504638672e-01 -2.570777833461761475e-01 -1.620162874460220337e-01 1.123663783073425293e-01 -2.449031770229339600e-01 -1.428663283586502075e-01 -6.099513545632362366e-02
3.905479237437248230e-02 -3.096151351928710938e-01 1.911176145076751709e-01 -2.517060935497283936e-01 -9.227285534143447876e-02 -3.792122006416320801e-01 -8.025055378675460815e-02 -4.351398050785064697e-01 -6.635512709617614746e-01 8.937089890241622925e-02 -4.060400426387786865e-01 -7.585877925157546997e-02 -5.593287348747253418e-01 -4.022250473499298096e-01 4.296157658100128174e-01 9.903669357299804688e-01 4.640238359570503235e-02 -4.550557732582092285e-01 -4.247237741947174072e-01 -2.580075860023498535e-01 3.462652117013931274e-02 5.659668445587158203e-01 3.287706375122070312e-01 -3.864866793155670166e-01 -3.080688044428825378e-02 1.231984943151473999e-01 -4.986733198165893555e-02 3.009747527539730072e-02 2.241777032613754272e-01 -3.176100850105285645e-01 6.196142360568046570e-02 2.449593096971511841e-01 -4.545398056507110596e-01 -1.254114210605621338e-01 -1.195504143834114075e-01 1.251326203346252441e-01 1.812429279088973999e-01 3.779208660125732422e-01 -1.343102194368839264e-02 3.322622478008270264e-01 6.765938401222229004e-01 2.055033594369888306e-01 -3.742434680461883545e-01 -5.787184834480285645e-01 -2.547583281993865967e-01 -2.672823071479797363e-01 8.265917003154754639e-02 -7.497555613517761230e-01 -4.483033344149589539e-02 1.844992488622665405e-01 -5.812540650367736816e-01 -2.183405160903930664e-01 -1.790514290332794189e-01 -4.116190969944000244e-01 5.299569964408874512e-01 1.521260440349578857e-01 5.955246090888977051e-01 5.655758455395698547e-02 -3.285681903362274170e-01 -1.648344993591308594e-01 -3.671861886978149414e-01 2.054387927055358887e-01 -3.194935619831085205e-01 3.396863043308258057e-01
2.506971359252929688e-01 4.413570091128349304e-02 -4.174806773662567139e-01 4.636767506599426270e-01 3.244785070419311523e-01 -4.280080795288085938e-01 -4.023836851119995117e-01 -8.416031599044799805e-01 -6.797252893447875977e-01 -7.124128341674804688e-01 1.494907438755035400e-01 -6.370377540588378906e-01 -3.305281698703765869e-01 -1.347112208604812622e-01 1.529984325170516968e-01 -1.858026087284088135e-01 -2.277820855379104614e-01 -7.262495756149291992e-01 -2.590645253658294678e-01 1.019824266433715820e+00 1.125472933053970337e-01 4.336134493350982666e-01 9.317290186882019043e-01 -8.279619812965393066e-01 -7.815670967102050781e-01 4.290853440761566162e-01 -2.054524719715118408e-01 6.438090652227401733e-02 3.245433866977691650e-01 -6.544839143753051758e-01 5.544977188110351562e-01 -8.271201848983764648e-01 5.704565644264221191e-01 -8.067728877067565918e-01 1.067845225334167480e-01 3.453539684414863586e-02 -3.520852327346801758e-01 -1.660121232271194458e-01 -1.164072006940841675e-01 -3.669646084308624268e-01 1.205356419086456299e-01 5.705299973487854004e-01 2.249605357646942139e-01 -1.829626262187957764e-01 3.705475330352783203e-01 -9.167837500572204590e-01 8.203938603401184082e-01 -6.154924035072326660e-01 -5.502836704254150391e-01 3.103503882884979248e-01 -5.440492630004882812e-01 -1.136695742607116699e+00 3.639492094516754150e-01 5.709130764007568359e-01 3.964886665344238281e-01 -9.278748631477355957e-01 -1.853808760643005371e-02 1.210376769304275513e-01 -2.450423836708068848e-01 4.569080471992492676e-01 4.156905412673950195e-01 6.243995428085327148e-01 -8.185715675354003906e-01 4.318684339523315430e-01
1.184338703751564026e-02 5.110346898436546326e-02 5.169759988784790039e-01 2.197016030550003052e-01 9.556575119495391846e-02 9.625358134508132935e-02 -1.217259913682937622e-01 1.379780471324920654e-01 -8.755256533622741699e-01 -6.087747216224670410e-02 -2.334435237571597099e-03 -1.623477786779403687e-01 -6.843574643135070801e-01 2.714842855930328369e-01 1.031426787376403809e-01 1.006649255752563477e+00 -3.492276668548583984e-01 3.530691564083099365e-01 -4.414189457893371582e-01 1.042725071310997009e-01 4.483932256698608398e-01 1.752780377864837646e-02 2.859032750129699707e-01 -6.501161456108093262e-01 1.958287358283996582e-01 3.701187670230865479e-01 9.997938573360443115e-02 -2.475830614566802979e-01 8.802953958511352539e-01 -3.558840155601501465e-01 -3.400549590587615967e-01 -1.660262197256088257e-01 -7.571919262409210205e-02 3.705289065837860107e-01 3.367413580417633057e-02 1.410960406064987183e-01 -8.851400017738342285e-01 5.233495309948921204e-02 1.230135634541511536e-01 -6.289868354797363281e-01 1.678920537233352661e-02 2.406165003776550293e-01 -2.904785871505737305e-01 -9.516438245773315430e-01 -1.017311289906501770e-01 1.508119329810142517e-02 1.944741159677505493e-01 4.101626574993133545e-01 8.351319283246994019e-02 -1.420781016349792480e-01 -4.683251082897186279e-01 -5.734971165657043457e-01 5.629009604454040527e-01 -5.866495966911315918e-01 5.523862242698669434e-01 1.268208771944046021e-01 2.148632258176803589e-01 -4.210048615932464600e-01 -6.751807332038879395e-01 -4.018502235412597656e-01 -6.244413852691650391e-01 2.713158428668975830e-01 -1.581028699874877930e-01 -3.087451122701168060e-02
2.854863107204437256e-01 -7.934282422065734863e-01 1.608969420194625854e-01 2.427681162953376770e-02 -3.212380409240722656e-01 -2.256222367286682129e-01 -1.717578768730163574e-01 -2.107958197593688965e-01 1.032589524984359741e-01 -1.865532100200653076e-01 -5.955481529235839844e-01 -5.263600498437881470e-02 -4.698301255702972412e-01 -5.520174503326416016e-01 3.671573996543884277e-01 9.098613262176513672e-01 -9.415240585803985596e-02 1.065128371119499207e-01 5.518788099288940430e-01 2.691769599914550781e-01 -1.877321749925613403e-01 4.072856903076171875e-02 6.018905639648437500e-01 -1.154481410980224609e+00 1.784154772758483887e-01 2.533975541591644287e-01 -4.152682423591613770e-01 -1.477830111980438232e-01 6.204234361648559570e-01 -3.105942606925964355e-01 4.495238065719604492e-01 -5.569134354591369629e-01 1.529934257268905640e-01 8.195244520902633667e-02 -5.976517871022224426e-02 1.930121034383773804e-01 -8.616320788860321045e-03 8.060739934444427490e-02 -3.570211231708526611e-01 1.653168350458145142e-01 1.010624691843986511e-01 7.155072689056396484e-01 -3.400592207908630371e-01 -5.383315086364746094e-01 3.965526819229125977e-01 -4.247722327709197998e-01 3.129324018955230713e-01 -6.149654388427734375e-01 1.937104016542434692e-01 2.690377235412597656e-01 -1.817263662815093994e-01 -1.863218545913696289e-01 -3.226563632488250732e-01 -5.157908201217651367e-01 2.722265422344207764e-01 1.003842502832412720e-01 -1.723530329763889313e-02 -1.548481360077857971e-02 -8.026090264320373535e-01 -4.034493565559387207e-01 3.720484301447868347e-02 -2.225082814693450928e-01 2.218446731567382812e-01 1.990016363561153412e-02
2.678650915622711182e-01 -8.882009983062744141e-01 7.323403656482696533e-02 4.397694766521453857e-01 8.784411847591400146e-02 1.229214593768119812e-01 -3.319160342216491699e-01 -5.725396871566772461e-01 -4.188087582588195801e-02 -3.522720038890838623e-01 -1.300399422645568848e+00 -8.516607880592346191e-01 -2.318277955055236816e-01 -7.752997875213623047e-01 7.934495806694030762e-01 5.559789538383483887e-01 -1.450089365243911743e-01 -1.591939479112625122e-01 6.638195514678955078e-01 7.760287523269653320e-01 8.254565000534057617e-01 1.422283351421356201e-01 7.634594440460205078e-01 -9.209669232368469238e-01 -4.980431497097015381e-02 6.236669421195983887e-01 -4.151975512504577637e-01 -2.836569026112556458e-02 -2.942583858966827393e-01 1.673268079757690430e-01 4.178810715675354004e-01 -8.171082139015197754e-01 -1.915967911481857300e-01 -1.062879040837287903e-01 -4.423741698265075684e-01 -1.788238137960433960e-01 2.753266394138336182e-01 3.919874876737594604e-02 5.725679174065589905e-02 4.104428887367248535e-01 3.577627241611480713e-02 -3.246273696422576904e-01 4.675041511654853821e-02 6.669592261314392090e-01 2.064193636178970337e-01 -1.809658110141754150e-01 3.343318700790405273e-01 -2.433459311723709106e-01 2.829409241676330566e-01 -4.413965642452239990e-01 -7.761534452438354492e-01 -1.327650845050811768e-01 3.397267311811447144e-02 9.818824380636215210e-02 -1.232320815324783325e-01 8.218631148338317871e-02 2.290354073047637939e-01 -7.069691419601440430e-01 -1.447750329971313477e+00 -3.992890715599060059e-01 -5.611600279808044434e-01 6.083706617355346680e-01 9.509304165840148926e-02 9.543568640947341919e-02
1.190109610557556152e+00 -4.943300783634185791e-02 8.672562837600708008e-01 7.610449194908142090e-02 1.043454110622406006e-01 -4.816797673702239990e-01 2.511953711509704590e-01 -2.460758686065673828e-01 1.756653636693954468e-01 -4.961418211460113525e-01 2.960015833377838135e-01 -1.564855694770812988e+00 -1.363894194364547729e-01 -6.261680126190185547e-01 -8.444414287805557251e-02 3.858458697795867920e-01 -1.216748237609863281e+00 -8.925134688615798950e-02 -4.090742170810699463e-01 7.728443741798400879e-01 4.288465082645416260e-01 8.434105515480041504e-01 4.588633477687835693e-01 -3.506275117397308350e-01 3.921120166778564453e-01 4.858755171298980713e-01 -4.700024127960205078e-01 -1.389288306236267090e-01 -3.642868995666503906e-01 -5.335427522659301758e-01 5.160558223724365234e-01 -3.075692951679229736e-01 -5.491216108202934265e-02 3.311751410365104675e-02 4.787233173847198486e-01 -1.551052778959274292e-01 3.696714639663696289e-01 -8.219323158264160156e-01 -5.788632035255432129e-01 2.544110715389251709e-01 -6.136357784271240234e-01 5.830188840627670288e-02 5.471881479024887085e-02 -5.230413004755973816e-02 -9.244521856307983398e-01 -4.541558921337127686e-01 7.331457734107971191e-01 6.820300221443176270e-02 -1.146593540906906128e-01 -7.068068981170654297e-01 5.921928882598876953e-01 -2.915954887866973877e-01 6.578493118286132812e-01 2.152743041515350342e-01 8.292004466056823730e-01 3.741770386695861816e-01 2.084416002035140991e-01 -7.110366225242614746e-01 -7.214012742042541504e-01 9.233326315879821777e-01 1.209051609039306641e-01 6.305794119834899902e-01 -2.912119030952453613e-01 6.656300425529479980e-01
1.200072169303894043e+00 -3.591287434101104736e-01 3.013819158077239990e-01 7.842131257057189941e-01 5.393592715263366699e-01 3.585080429911613464e-02 -2.407046407461166382e-01 -4.293931126594543457e-01 -8.955299258232116699e-01 5.408004522323608398e-01 -7.162043452262878418e-01 -1.325667023658752441e+00 -2.953447401523590088e-03 -8.978468179702758789e-01 7.473462820053100586e-01 1.773963570594787598e+00 -9.516147375106811523e-01 6.870329976081848145e-01 1.847433149814605713e-01 1.120277285575866699e+00 -5.338560342788696289e-01 7.845800518989562988e-01 7.069429755210876465e-01 -1.266944885253906250e+00 7.425984144210815430e-01 5.480633974075317383e-01 -7.329126596450805664e-01 2.216385006904602051e-01 5.442293882369995117e-01 -5.774793624877929688e-01 6.061742305755615234e-01 -3.495177924633026123e-01 -2.353110909461975098e-01 4.001657478511333466e-03 7.549561858177185059e-01 -9.262002706527709961e-01 5.414308905601501465e-01 4.460716843605041504e-01 3.526147603988647461e-01 7.337715625762939453e-01 -1.683186292648315430e+00 2.198871523141860962e-01 3.371786177158355713e-01 -1.187718436121940613e-01 -2.572006881237030029e-01 -6.900808215141296387e-01 2.864277064800262451e-01 9.245181083679199219e-02 -1.290232062339782715e+00 -2.499861717224121094e-01 3.362161815166473389e-01 -7.172187566757202148e-01 1.017419815063476562e+00 2.456547021865844727e-01 5.511609315872192383e-01 -1.102496832609176636e-01 -7.012192159891128540e-02 -3.523387014865875244e-01 2.858407199382781982e-01 -2.212840020656585693e-01 1.314689368009567261e-01 8.163259625434875488e-01 -3.130311965942382812e-01 8.624324947595596313e-02
6.442782282829284668e-01 1.605622768402099609e-01 6.531438827514648438e-01 1.740682274103164673e-01 -2.063729017972946167e-01 -5.160871744155883789e-01 3.284039199352264404e-01 -2.043895982205867767e-02 -5.084062814712524414e-01 -3.205162584781646729e-01 -5.016248226165771484e-01 -6.274791955947875977e-01 -6.199467182159423828e-01 -1.197941973805427551e-01 3.566000163555145264e-01 9.305088520050048828e-01 -7.276595383882522583e-02 -2.050724476575851440e-01 -5.435529351234436035e-01 1.886899210512638092e-02 1.065801829099655151e-01 2.579562962055206299e-01 3.619287163019180298e-02 -1.080274939537048340e+00 -2.115557938814163208e-01 5.706850290298461914e-01 7.004894316196441650e-02 -2.528218626976013184e-01 8.515627384185791016e-01 -2.709898948669433594e-01 2.536363303661346436e-01 1.824609041213989258e-01 -4.513627290725708008e-01 -1.301849484443664551e-01 -3.221224844455718994e-01 -5.341392159461975098e-01 8.468235842883586884e-03 -8.669826984405517578e-01 3.676334023475646973e-01 -3.079468607902526855e-01 1.782259196043014526e-01 1.561730057001113892e-01 -2.515860199928283691e-01 1.039609163999557495e-01 3.675764799118041992e-01 -4.792523756623268127e-02 4.829536974430084229e-01 -1.611043959856033325e-01 3.469424247741699219e-01 -3.705751299858093262e-01 4.625330567359924316e-01 3.637867420911788940e-02 1.823283135890960693e-01 -4.971727728843688965e-01 8.121297955513000488e-01 3.915821015834808350e-02 -4.384505152702331543e-01 -9.105648994445800781e-01 7.362536191940307617e-01 -6.021814420819282532e-02 -5.526222586631774902e-01 8.572406172752380371e-01 1.494802683591842651e-01 -1.432964801788330078e-01
3.268489837646484375e-01 -1.840183287858963013e-01 2.424926459789276123e-01 4.427805542945861816e-01 -4.691375195980072021e-01 -4.043437242507934570e-01 -6.404842436313629150e-02 -3.605680465698242188e-01 6.253591179847717285e-01 2.754813134670257568e-01 -2.350560575723648071e-02 -6.249418258666992188e-01 -2.361214458942413330e-01 -1.968349814414978027e-01 -1.655090898275375366e-01 7.358101606369018555e-01 -2.560786306858062744e-01 4.475513100624084473e-01 -7.949749827384948730e-01 6.758757233619689941e-01 1.726810634136199951e-01 -1.794650256633758545e-01 4.112228751182556152e-01 -4.200881421566009521e-01 1.992325335741043091e-01 2.547135651111602783e-01 -3.211526274681091309e-01 -8.123528361320495605e-01 8.725578188896179199e-01 -8.976327180862426758e-01 2.364495545625686646e-01 -7.035408616065979004e-01 -1.225942149758338928e-01 7.426615953445434570e-01 -8.418722152709960938e-01 1.901797056198120117e-01 -1.276605725288391113e-01 1.527799665927886963e-01 -1.235075145959854126e-01 -9.002261161804199219e-01 -7.349349260330200195e-01 -3.033549487590789795e-01 6.824684739112854004e-01 -4.681738615036010742e-01 2.688980996608734131e-01 -2.985005378723144531e-01 4.092479050159454346e-01 -3.420369923114776611e-01 -6.469836235046386719e-01 -2.825976908206939697e-02 -5.622537136077880859e-01 -8.520746976137161255e-02 8.712101578712463379e-01 5.114104747772216797e-01 4.875776469707489014e-01 2.473764717578887939e-01 6.929557323455810547e-01 -2.474182844161987305e-01 -1.019878461956977844e-01 1.384255737066268921e-01 1.349331140518188477e-01 4.479357041418552399e-03 -3.422447443008422852e-01 -3.271977007389068604e-01
5.311698913574218750e-01 2.365783005952835083e-01 5.417959690093994141e-01 4.585780799388885498e-01 -1.540706902742385864e-01 3.878188431262969971e-01 1.331546753644943237e-01 3.911174535751342773e-01 9.729766845703125000e-01 -7.130649685859680176e-01 2.455499321222305298e-01 -1.574845314025878906e+00 -3.258440196514129639e-01 1.611599177122116089e-01 6.067459583282470703e-01 7.522890567779541016e-01 -4.094560816884040833e-02 2.316178530454635620e-01 -4.280965328216552734e-01 1.029626846313476562e+00 1.794465780258178711e-01 4.354992210865020752e-01 9.054721593856811523e-01 -5.681752562522888184e-01 4.412666261196136475e-01 5.143674015998840332e-01 7.981928586959838867e-01 -8.731423020362854004e-01 1.765711009502410889e-01 -6.797689795494079590e-01 -2.811054885387420654e-01 -4.962583184242248535e-01 -1.584648638963699341e-01 -5.879480838775634766e-01 -5.203465819358825684e-01 -4.933876693248748779e-01 -3.132120668888092041e-01 -1.034283414483070374e-01 -5.535932183265686035e-01 1.750333048403263092e-02 -2.775636911392211914e-01 3.367267847061157227e-01 2.576692998409271240e-01 -5.948317646980285645e-01 -2.838729619979858398e-01 -4.504835605621337891e-01 -3.093374371528625488e-01 -1.744098067283630371e-01 5.895720720291137695e-01 -6.888770461082458496e-01 4.368215203285217285e-01 -6.297903656959533691e-01 2.826137542724609375e-01 1.143592953681945801e+00 4.348337650299072266e-01 5.152005553245544434e-01 2.425541169941425323e-02 -5.381325632333755493e-02 -4.788315296173095703e-01 3.791508972644805908e-01 -1.962683647871017456e-01 2.600499391555786133e-01 -9.957106411457061768e-02 3.467773795127868652e-01
2.475088387727737427e-01 -3.150500357151031494e-01 3.825289905071258545e-01 -2.094732373952865601e-01 -1.432953774929046631e-01 -4.412857592105865479e-01 -1.154029965400695801e-01 -3.489606678485870361e-01 -3.916693925857543945e-01 -8.805968612432479858e-02 -5.619344711303710938e-01 -1.051727756857872009e-01 -6.833688020706176758e-01 -4.023075997829437256e-01 4.666270613670349121e-01 7.291793227195739746e-01 -1.195037290453910828e-01 -5.180357694625854492e-01 -4.627061486244201660e-01 -2.942542433738708496e-01 5.576613545417785645e-02 5.553805828094482422e-01 3.535853624343872070e-01 -3.153330981731414795e-01 -3.031687438488006592e-01 7.492455095052719116e-02 -2.541363537311553955e-01 -6.285873055458068848e-02 2.909434139728546143e-01 -1.283106654882431030e-01 -2.577516138553619385e-01 1.273554563522338867e-01 -7.595385611057281494e-02 -1.451915949583053589e-01 -1.387801468372344971e-01 -5.660613998770713806e-02 9.598669409751892090e-02 3.857636153697967529e-01 2.548147924244403839e-02 1.114255040884017944e-01 5.883784294128417969e-01 2.887789309024810791e-01 -4.524320363998413086e-01 -5.609590411186218262e-01 -2.311870008707046509e-01 -5.191106200218200684e-01 1.799622029066085815e-01 -6.348574161529541016e-01 1.243456900119781494e-01 3.513846993446350098e-01 -6.973701715469360352e-01 -2.527414858341217041e-01 -1.745951771736145020e-01 -5.354754924774169922e-01 5.167942643165588379e-01 5.968492850661277771e-02 6.424703001976013184e-01 1.506201475858688354e-01 -3.237627446651458740e-01 -3.278543055057525635e-02 -3.788450956344604492e-01 -7.240748405456542969e-02 -2.685862183570861816e-01 3.346381783485412598e-01
2.825894355773925781e-01 -5.908088684082031250e-01 3.512519598007202148e-01 -2.184878587722778320e-01 1.859084330499172211e-02 -3.007843792438507080e-01 -4.787704348564147949e-02 -2.331634163856506348e-01 -4.339848831295967102e-02 -3.249924182891845703e-01 -7.507699728012084961e-01 -3.964084386825561523e-02 -6.129249334335327148e-01 -5.888867974281311035e-01 6.151685118675231934e-01 8.113353848457336426e-01 2.992209978401660919e-02 -5.540241599082946777e-01 1.506408862769603729e-02 -1.688062548637390137e-01 -1.311006695032119751e-01 2.957874834537506104e-01 4.726425707340240479e-01 -6.081002950668334961e-01 5.808877572417259216e-02 5.905233323574066162e-02 -4.227123558521270752e-01 -2.306639999151229858e-01 -1.005846783518791199e-01 -3.325764536857604980e-01 8.494191803038120270e-03 -3.092000186443328857e-01 -1.966075040400028229e-03 2.460643462836742401e-02 -1.918494552373886108e-01 3.504821360111236572e-01 1.983515173196792603e-01 9.443469345569610596e-03 -2.502737343311309814e-01 2.417879551649093628e-01 5.251269340515136719e-01 2.738909125328063965e-01 -2.040721476078033447e-01 -6.577224731445312500e-01 -6.461539119482040405e-02 -2.439548373222351074e-01 1.932326704263687134e-01 -4.452341496944427490e-01 1.944144964218139648e-01 3.566721379756927490e-01 -5.171996951103210449e-01 -2.638036012649536133e-01 -1.090331450104713440e-01 -5.533776283264160156e-01 5.499165058135986328e-01 3.561519682407379150e-01 6.990162134170532227e-01 1.700869202613830566e-02 -6.809150576591491699e-01 -3.168601095676422119e-01 -3.579358756542205811e-01 -6.274656951427459717e-02 2.478010766208171844e-02 5.143245682120323181e-02
2.805204093456268311e-01 -9.517759680747985840e-01 2.574567198753356934e-01 2.120327204465866089e-01 -5.141785144805908203e-01 6.400373578071594238e-01 4.486159980297088623e-01 6.969351768493652344e-01 -3.728265762329101562e-01 2.781862616539001465e-01 -4.264669716358184814e-01 -1.339202284812927246e+00 -2.826525568962097168e-01 6.709539890289306641e-02 5.079753994941711426e-01 6.990764141082763672e-01 -4.271666407585144043e-01 2.156339287757873535e-01 7.478923201560974121e-01 3.240118026733398438e-01 6.979852914810180664e-01 1.142028450965881348e+00 3.144910335540771484e-01 -8.559886217117309570e-01 -1.142991334199905396e-01 2.318141907453536987e-01 -3.895485401153564453e-02 -1.876668781042098999e-01 1.273428320884704590e+00 -9.637811183929443359e-01 2.399801164865493774e-01 -6.017353534698486328e-01 6.936813592910766602e-01 -5.655829906463623047e-01 3.004331886768341064e-01 -1.916885524988174438e-01 1.790097057819366455e-01 1.029302477836608887e+00 9.041987359523773193e-02 -1.330531835556030273e-01 -2.357215881347656250e-01 4.076220691204071045e-01 5.018150210380554199e-01 -2.096349559724330902e-02 1.140246819704771042e-02 4.109853878617286682e-02 9.931883811950683594e-01 3.150665462017059326e-01 -5.118210911750793457e-01 -1.657674461603164673e-01 4.781902730464935303e-01 -4.426445811986923218e-02 5.308904647827148438e-01 6.069614291191101074e-01 7.032322287559509277e-01 -2.613639831542968750e-01 9.689412117004394531e-01 -1.066997647285461426e+00 2.468357831239700317e-01 1.949152201414108276e-01 6.896268576383590698e-02 -4.638367891311645508e-02 -8.139251470565795898e-01 6.173949316143989563e-02
7.967889308929443359e-02 5.244189873337745667e-02 4.888288676738739014e-02 1.898784935474395752e-01 6.110017299652099609e-01 -5.081387758255004883e-01 1.062007024884223938e-01 -5.449832677841186523e-01 -5.265405178070068359e-01 -5.500544980168342590e-02 -3.092235922813415527e-01 -3.852391242980957031e-02 -1.038296699523925781e+00 -1.423668116331100464e-01 2.219548970460891724e-01 5.203588604927062988e-01 1.400533616542816162e-01 -1.017642974853515625e+00 -3.899783492088317871e-01 4.230097532272338867e-01 -1.215425357222557068e-01 4.221562445163726807e-01 7.429190278053283691e-01 -2.971858382225036621e-01 8.571157604455947876e-02 -4.176411777734756470e-02 3.509281668812036514e-03 -1.741837263107299805e-01 -4.139825701713562012e-02 -3.600141108036041260e-01 -3.901677951216697693e-02 -3.501918911933898926e-02 1.688345521688461304e-02 -3.263579607009887695e-01 5.598947778344154358e-02 -2.789021432399749756e-01 2.213301360607147217e-01 6.597918868064880371e-01 5.196451544761657715e-01 2.662914432585239410e-02 8.130251765251159668e-01 -7.408589124679565430e-02 -2.740796506404876709e-01 -1.034713149070739746e+00 -2.496399730443954468e-01 -1.895426958799362183e-01 6.062609553337097168e-01 -3.341830372810363770e-01 -1.172079965472221375e-01 -2.610277011990547180e-02 -5.385802984237670898e-01 -3.800149559974670410e-01 -1.775538027286529541e-01 -2.859420478343963623e-01 3.313009142875671387e-01 1.759362667798995972e-01 1.465237289667129517e-01 -4.535294175148010254e-01 -3.764082789421081543e-01 5.696763843297958374e-02 1.809367090463638306e-01 -2.660700082778930664e-01 -1.582109183073043823e-01 5.802910923957824707e-01
5.790334343910217285e-01 -2.290780246257781982e-01 6.223644614219665527e-01 8.520822227001190186e-02 -2.017852962017059326e-01 -2.120327204465866089e-01 -2.712329030036926270e-01 8.824449032545089722e-03 -8.186966776847839355e-01 -1.047641411423683167e-01 -3.574169874191284180e-01 -1.590221226215362549e-01 -5.861193686723709106e-02 -3.840276002883911133e-01 3.800568878650665283e-01 5.258642435073852539e-01 -2.981396019458770752e-01 -4.556065201759338379e-01 -5.031049251556396484e-01 -9.139656275510787964e-02 6.674125194549560547e-01 3.900673091411590576e-01 1.226158812642097473e-01 -4.366763234138488770e-01 -4.435602203011512756e-02 2.016063779592514038e-01 -5.381326377391815186e-02 -2.185282409191131592e-01 5.717636942863464355e-01 2.508183419704437256e-01 -3.616268634796142578e-01 -4.726541787385940552e-02 2.248325012624263763e-02 6.389285922050476074e-01 -1.163598820567131042e-01 -4.572830498218536377e-01 -8.818970620632171631e-02 -1.585116386413574219e-01 1.790068894624710083e-01 -1.063731759786605835e-01 4.048820734024047852e-01 7.188742756843566895e-01 -3.462836146354675293e-01 -8.322501778602600098e-01 4.094189703464508057e-01 -3.422902226448059082e-01 3.031051456928253174e-01 -4.296154677867889404e-01 2.652869820594787598e-01 1.765790134668350220e-01 5.368218198418617249e-02 -2.894350290298461914e-01 -2.976865172386169434e-01 -6.725535392761230469e-01 3.269470930099487305e-01 -2.767464518547058105e-01 -2.273982018232345581e-01 -2.357397228479385376e-01 -6.639981269836425781e-01 -3.429863154888153076e-01 -4.390118718147277832e-01 3.915950953960418701e-01 -1.333894431591033936e-01 4.477773979306221008e-02
7.154987454414367676e-01 -2.099050879478454590e-01 5.362579822540283203e-01 2.702110446989536285e-02 -1.007303074002265930e-01 -2.321301847696304321e-01 -5.301489233970642090e-01 -1.659329384565353394e-01 -6.232867240905761719e-01 5.086821690201759338e-02 -4.054509997367858887e-01 1.653320789337158203e-01 -3.862943649291992188e-01 -4.992457926273345947e-01 5.108615756034851074e-01 8.052071332931518555e-01 -2.734727263450622559e-01 -4.495974779129028320e-01 -3.457139730453491211e-01 -1.656833887100219727e-01 -1.072253752499818802e-02 4.624409675598144531e-01 -1.324666142463684082e-01 -2.483233064413070679e-01 -1.124151721596717834e-01 1.785907894372940063e-01 1.797489635646343231e-02 -4.477815628051757812e-01 1.013766378164291382e-01 -1.053869649767875671e-01 1.867160201072692871e-01 4.967725649476051331e-02 -3.681978583335876465e-01 1.822108328342437744e-01 1.267598867416381836e-01 -2.295714914798736572e-01 -5.811822786927223206e-02 -9.738796204328536987e-02 2.277598343789577484e-02 5.425294637680053711e-01 4.708502292633056641e-01 8.863351345062255859e-01 -4.689937233924865723e-01 -1.055686473846435547e+00 -3.692156374454498291e-01 -2.923466861248016357e-01 2.962629497051239014e-01 -3.508519530296325684e-01 7.833520323038101196e-02 4.989719763398170471e-02 -3.045314252376556396e-01 -3.487645089626312256e-01 -2.396181672811508179e-01 -4.729847013950347900e-01 5.940700769424438477e-01 -5.039413273334503174e-02 2.436665147542953491e-01 -1.588428318500518799e-01 -6.652402281761169434e-01 -2.890121638774871826e-01 1.343436655588448048e-03 4.657796118408441544e-03 1.409373283386230469e-01 3.346965014934539795e-01
1.763630956411361694e-01 3.896775841712951660e-01 2.436457127332687378e-01 -1.001608818769454956e-01 8.455713838338851929e-02 1.775821000337600708e-01 4.806096553802490234e-01 -8.418440818786621094e-01 -8.637669682502746582e-02 1.884546428918838501e-01 -1.734056472778320312e-01 -2.129551209509372711e-02 -5.230290889739990234e-01 -1.094512492418289185e-01 5.793088078498840332e-01 3.032138347625732422e-01 9.654857218265533447e-02 -1.228180289268493652e+00 -2.732729613780975342e-01 7.293947935104370117e-01 -3.831743299961090088e-01 8.238570094108581543e-01 1.107801079750061035e+00 -3.989303708076477051e-01 -5.263984799385070801e-01 -2.131700282916426659e-03 -3.838764131069183350e-01 -2.204362303018569946e-01 3.686338961124420166e-01 -6.421064734458923340e-01 9.283900260925292969e-02 4.032266438007354736e-01 -2.554601430892944336e-01 -3.132649958133697510e-01 -1.536015719175338745e-01 -6.225856542587280273e-01 -2.668796777725219727e-01 1.747919321060180664e-01 7.950596511363983154e-03 -7.143072038888931274e-02 5.141668915748596191e-01 3.073423206806182861e-01 8.703286759555339813e-03 -5.685123205184936523e-01 -3.120396099984645844e-02 -3.478355705738067627e-01 7.308655381202697754e-01 -1.354677975177764893e-01 -4.551414847373962402e-01 4.716984331607818604e-01 -6.902567744255065918e-01 -6.362804174423217773e-01 1.291255205869674683e-01 1.308627724647521973e-01 1.993449330329895020e-01 8.363904058933258057e-02 3.734701499342918396e-02 -3.787725865840911865e-01 -3.326525390148162842e-01 6.432566642761230469e-01 -5.576496943831443787e-02 1.596695482730865479e-01 -4.223483204841613770e-01 3.243015408515930176e-01
9.846633672714233398e-01 2.590763568878173828e-01 4.542247056961059570e-01 -9.532935917377471924e-02 8.916413038969039917e-02 -4.324953854084014893e-01 -9.979463182389736176e-03 -2.226924896240234375e-01 -5.179796218872070312e-01 -4.063399136066436768e-01 -2.343072295188903809e-01 -7.043175697326660156e-01 -5.083485841751098633e-01 -8.149436116218566895e-01 6.954056024551391602e-01 1.114204406738281250e+00 -6.102619171142578125e-01 -4.885545372962951660e-01 -7.024901509284973145e-01 1.398547887802124023e-01 1.491571068763732910e-01 2.894246876239776611e-01 -3.589689731597900391e-01 -1.031635165214538574e+00 -3.221298754215240479e-01 7.330697178840637207e-01 1.621103584766387939e-01 -6.752072572708129883e-01 6.179833412170410156e-01 -3.599945902824401855e-01 -2.551152110099792480e-01 3.949018716812133789e-01 -2.812417447566986084e-01 2.723864018917083740e-01 -5.357163548469543457e-01 -3.124374747276306152e-01 3.333193957805633545e-01 -5.444672107696533203e-01 -1.110485568642616272e-01 -1.317028254270553589e-01 1.402991712093353271e-01 2.341091446578502655e-02 -3.648353517055511475e-01 -3.990942835807800293e-01 4.121446013450622559e-01 -2.969099581241607666e-01 7.583620548248291016e-01 -1.928871721029281616e-01 2.900816202163696289e-01 -5.699902772903442383e-01 8.357299566268920898e-01 1.789050921797752380e-02 2.011461555957794189e-01 -4.249601662158966064e-01 7.785001397132873535e-01 -1.780365705490112305e-01 -4.732579886913299561e-01 -6.156171560287475586e-01 5.325526595115661621e-01 -1.384962350130081177e-01 -4.715072512626647949e-01 7.569169402122497559e-01 -3.672821819782257080e-01 -2.624798715114593506e-01
3.677501082420349121e-01 -2.468606382608413696e-01 3.626728355884552002e-01 9.137523174285888672e-02 -3.822835683822631836e-01 4.250431358814239502e-01 -1.182872876524925232e-01 -5.410808324813842773e-01 2.855880744755268097e-02 -3.802314102649688721e-01 -3.166446387767791748e-01 -7.043096423149108887e-01 -1.100537657737731934e+00 9.515229612588882446e-02 -6.305574774742126465e-01 6.760151982307434082e-01 1.029997020959854126e-01 -1.756272092461585999e-02 9.766994416713714600e-02 3.035162389278411865e-01 2.671186327934265137e-01 -1.070343255996704102e-01 3.480752110481262207e-01 -5.454590320587158203e-01 -7.212888002395629883e-01 2.621660232543945312e-01 -1.565055362880229950e-02 -6.186143159866333008e-01 5.422394275665283203e-01 -5.725663900375366211e-01 3.273049294948577881e-01 -4.946401417255401611e-01 -2.091432362794876099e-01 -1.990604698657989502e-01 -2.665808498859405518e-01 6.502831727266311646e-02 -1.245750039815902710e-01 3.279527723789215088e-01 1.143587008118629456e-01 -5.004332065582275391e-01 -2.040396034717559814e-01 2.501404881477355957e-01 -8.450599759817123413e-02 -2.094803601503372192e-01 3.235867023468017578e-01 -4.871636033058166504e-01 2.543203830718994141e-01 -2.737776041030883789e-01 -4.325352311134338379e-01 7.339498996734619141e-01 -5.607245564460754395e-01 -7.004675865173339844e-01 5.779074430465698242e-01 2.861140072345733643e-01 6.552597284317016602e-01 -3.299627602100372314e-01 3.407240808010101318e-01 2.652379870414733887e-01 -1.009976714849472046e-01 -4.139685332775115967e-01 3.543545007705688477e-01 -3.101752698421478271e-01 1.186491921544075012e-01 3.926611971110105515e-03
2.853640913963317871e-01 1.688055247068405151e-01 2.635276317596435547e-01 -1.857529431581497192e-01 -5.968441367149353027e-01 -2.057265043258666992e-01 1.900525987148284912e-01 -5.197006464004516602e-01 2.078345045447349548e-02 -1.558449864387512207e-01 -2.304820269346237183e-01 -7.872416377067565918e-01 -5.579738020896911621e-01 -3.249440789222717285e-01 -3.807063996791839600e-01 1.368300080299377441e+00 5.498632788658142090e-01 -7.536031305789947510e-02 -1.146971806883811951e-01 1.786577403545379639e-01 2.774192579090595245e-02 4.597076177597045898e-01 5.950049683451652527e-02 6.513362168334424496e-04 -7.901727408170700073e-02 7.867542505264282227e-01 -4.883382096886634827e-02 -3.549161851406097412e-01 8.363815397024154663e-02 -1.151636362075805664e+00 3.599508851766586304e-02 -7.544835805892944336e-01 -4.793032407760620117e-01 5.304206609725952148e-01 1.220617368817329407e-01 -3.373960256576538086e-01 -2.896693348884582520e-01 1.035209074616432190e-01 -7.927513681352138519e-03 -1.035449266433715820e+00 -2.755989432334899902e-01 8.250403404235839844e-01 1.104676246643066406e+00 -3.968054950237274170e-01 1.404629796743392944e-01 2.431778796017169952e-02 4.448818862438201904e-01 2.676585875451564789e-02 -3.270833194255828857e-01 2.969497740268707275e-01 3.152506947517395020e-01 -4.507326781749725342e-01 1.268910616636276245e-01 3.031837046146392822e-01 1.969806402921676636e-01 3.533961996436119080e-02 5.881546735763549805e-01 -3.515022695064544678e-01 5.525285378098487854e-02 1.830122768878936768e-01 -5.250298380851745605e-01 6.257928013801574707e-01 -4.321542680263519287e-01 -4.678596854209899902e-01
3.753171861171722412e-01 -4.917793869972229004e-01 3.312474787235260010e-01 -1.715850234031677246e-01 -1.342255249619483948e-02 -2.127269059419631958e-01 -4.546647369861602783e-01 -2.224203199148178101e-01 -2.077808082103729248e-01 4.727293923497200012e-02 -5.564646124839782715e-01 1.230371594429016113e-01 -2.992621660232543945e-01 -5.536540150642395020e-01 5.031617879867553711e-01 5.282596945762634277e-01 -1.425025761127471924e-01 -5.910773873329162598e-01 -2.598338425159454346e-01 -2.276116460561752319e-01 7.683598995208740234e-02 5.023900866508483887e-01 2.412783652544021606e-01 -6.675544381141662598e-01 3.542885556817054749e-02 1.945750862360000610e-01 -2.259806543588638306e-01 -1.600314527750015259e-01 3.302818238735198975e-01 -2.067849338054656982e-01 -1.505184918642044067e-01 -1.740124225616455078e-01 -7.093194872140884399e-02 1.828506737947463989e-01 -1.696611344814300537e-01 -4.950303118675947189e-03 1.815839856863021851e-02 -3.086358867585659027e-02 -1.506062746047973633e-01 2.584006786346435547e-01 4.761499464511871338e-01 5.234294533729553223e-01 -3.029153048992156982e-01 -8.798915147781372070e-01 1.858723163604736328e-01 -2.632457613945007324e-01 1.639490425586700439e-01 -3.468140065670013428e-01 1.338484585285186768e-01 2.638705968856811523e-01 -2.838025689125061035e-01 -4.395639896392822266e-01 -2.797266244888305664e-01 -4.820981025695800781e-01 6.199144124984741211e-01 1.257691979408264160e-01 1.766248792409896851e-01 -2.201187610626220703e-01 -6.284538507461547852e-01 -6.683146953582763672e-01 -3.173469007015228271e-01 -9.868011809885501862e-03 1.053446009755134583e-01 1.037549078464508057e-01
8.610501289367675781e-01 -5.314034819602966309e-01 -1.954476237297058105e-01 -1.270658988505601883e-02 -5.946028828620910645e-01 -1.574985980987548828e-01 -4.009575247764587402e-01 -1.057027727365493774e-01 -3.450050652027130127e-01 3.538238108158111572e-01 4.900174438953399658e-01 -1.253159761428833008e+00 9.817802906036376953e-02 5.927591323852539062e-01 1.146217584609985352e+00 2.842705547809600830e-01 -2.435344904661178589e-01 1.836120784282684326e-01 -3.167882189154624939e-02 4.223474264144897461e-01 6.318437457084655762e-01 1.006692171096801758e+00 2.642948925495147705e-01 -1.273664712905883789e+00 -5.110846757888793945e-01 2.133915275335311890e-01 2.732052803039550781e-01 -4.317312240600585938e-01 -1.037701889872550964e-01 -6.869303435087203979e-02 7.119601368904113770e-01 -2.654832005500793457e-01 2.057619839906692505e-01 4.055044353008270264e-01 -8.187057375907897949e-01 -4.621403515338897705e-01 2.771675586700439453e-01 5.348246693611145020e-01 4.628230631351470947e-01 3.236510753631591797e-01 -3.620506227016448975e-01 -4.326809346675872803e-01 7.588905096054077148e-02 -1.257326006889343262e-01 -8.539961576461791992e-01 -1.729075163602828979e-01 2.754128873348236084e-01 -4.447896182537078857e-01 7.151487469673156738e-01 3.448141515254974365e-01 7.954829335212707520e-01 -7.512428760528564453e-01 3.289438188076019287e-01 7.089165598154067993e-02 -6.297663450241088867e-01 1.004393249750137329e-01 3.567662537097930908e-01 -4.833470880985260010e-01 -2.553113698959350586e-01 1.146327406167984009e-01 -2.265053614974021912e-02 6.692219376564025879e-01 -3.018464148044586182e-01 3.053111732006072998e-01
5.758726596832275391e-01 -2.923607230186462402e-01 3.822170794010162354e-01 6.873848438262939453e-01 -2.643234729766845703e-01 9.047598391771316528e-02 -4.500158876180648804e-02 -1.417490541934967041e-01 -7.270074635744094849e-02 2.418932914733886719e-01 3.269195854663848877e-01 -1.002212405204772949e+00 -2.737869881093502045e-02 -1.016453653573989868e-01 6.248737573623657227e-01 -3.064332343637943268e-02 -5.404420495033264160e-01 9.344573020935058594e-01 -4.072640538215637207e-01 -6.888473033905029297e-01 3.949904143810272217e-01 3.235911428928375244e-01 4.105372428894042969e-01 -3.900981247425079346e-01 -9.416367411613464355e-01 3.554013967514038086e-01 -2.670940458774566650e-01 4.770753383636474609e-01 1.970693469047546387e-01 -2.767247855663299561e-01 4.414317905902862549e-01 -5.973822474479675293e-01 4.440225958824157715e-01 6.506042927503585815e-02 -1.065931320190429688e+00 -6.943084597587585449e-01 7.359874248504638672e-01 7.627460956573486328e-01 1.056014150381088257e-01 -2.880984544754028320e-01 -3.154115080833435059e-01 4.066586196422576904e-01 -3.868327438831329346e-01 -2.246604561805725098e-01 -2.179200574755668640e-02 1.957533359527587891e-01 3.418350219726562500e-01 -5.893847346305847168e-01 6.840522289276123047e-01 -5.079089999198913574e-01 -3.498692810535430908e-01 -4.132333099842071533e-01 1.960837244987487793e-01 6.464750766754150391e-01 3.607891499996185303e-01 9.259777516126632690e-02 -2.595911622047424316e-01 -1.220060229301452637e+00 -2.510167062282562256e-01 8.433097004890441895e-01 -2.168341726064682007e-01 8.926429152488708496e-01 -1.291202032007277012e-03 -1.562159657478332520e-01
5.469433665275573730e-01 -2.146598994731903076e-01 3.679752349853515625e-01 4.984660744667053223e-01 -4.702107608318328857e-01 -1.007210537791252136e-01 -3.875690400600433350e-01 -5.664734244346618652e-01 4.954401552677154541e-01 2.546934783458709717e-01 -7.322417199611663818e-02 -7.050111889839172363e-01 -5.581816434860229492e-01 -4.886919856071472168e-01 -4.952065646648406982e-01 1.435323208570480347e-01 -6.882200241088867188e-01 4.338984191417694092e-01 -1.280660510063171387e+00 5.947074294090270996e-01 2.434506779536604881e-03 -3.318246901035308838e-01 7.451935410499572754e-01 -7.650240659713745117e-01 -5.159436538815498352e-02 9.931092709302902222e-02 -1.987760663032531738e-01 -5.642670392990112305e-01 7.024929523468017578e-01 -4.018301665782928467e-01 2.991994917392730713e-01 -1.214904189109802246e+00 1.573634296655654907e-01 -8.131385594606399536e-02 -9.416105151176452637e-01 -2.525548636913299561e-01 -1.123269945383071899e-01 1.267094314098358154e-01 -5.912446882575750351e-03 -5.886094570159912109e-01 -4.347356259822845459e-01 -2.046668827533721924e-01 1.070579409599304199e+00 -2.409152984619140625e-01 7.067504525184631348e-02 -3.745611310005187988e-01 7.834765911102294922e-01 -4.193051457405090332e-01 -7.137715816497802734e-01 -8.274634182453155518e-02 -5.849420428276062012e-01 -8.868977427482604980e-02 9.136795401573181152e-01 3.359841406345367432e-01 5.991439223289489746e-01 3.809997737407684326e-01 3.932906985282897949e-01 -1.864235103130340576e-01 7.064818590879440308e-02 4.078962206840515137e-01 9.588113427162170410e-02 8.783893287181854248e-02 -8.423504829406738281e-01 -4.545359313488006592e-01
2.773518860340118408e-01 -6.645783782005310059e-02 4.633227586746215820e-01 3.406351208686828613e-01 -2.116336673498153687e-02 1.497485935688018799e-01 -5.828913301229476929e-03 1.455332636833190918e-01 -7.527082562446594238e-01 -3.270344734191894531e-01 -8.922281116247177124e-02 -1.397771984338760376e-01 -6.440073251724243164e-01 3.045565187931060791e-01 1.757379323244094849e-01 1.062270402908325195e+00 -4.697367846965789795e-01 4.099475741386413574e-01 -5.594527125358581543e-01 -1.791179329156875610e-01 6.201595067977905273e-01 -3.342203423380851746e-02 5.002474188804626465e-01 -4.270126223564147949e-01 1.512359529733657837e-01 3.836520016193389893e-01 -9.798257797956466675e-02 -4.163854420185089111e-01 8.954166173934936523e-01 -4.107322990894317627e-01 -3.216245472431182861e-01 -2.198235839605331421e-01 -2.115761339664459229e-01 2.514066994190216064e-01 1.569803208112716675e-01 2.447538375854492188e-01 -7.269659042358398438e-01 9.583619982004165649e-02 2.752249836921691895e-01 -7.562022209167480469e-01 4.384915530681610107e-02 3.797426521778106689e-01 -2.425617724657058716e-01 -1.022031188011169434e+00 -1.014670729637145996e-01 1.129323709756135941e-02 -1.800825446844100952e-01 2.424494922161102295e-01 -2.060379460453987122e-02 -1.704930365085601807e-01 -2.994629442691802979e-01 -4.859002530574798584e-01 4.305229187011718750e-01 -4.887812137603759766e-01 3.859288096427917480e-01 -1.967306435108184814e-02 1.938442289829254150e-01 -4.306079149246215820e-01 -6.353581547737121582e-01 -2.511462569236755371e-01 -7.131360769271850586e-01 -1.496039214543998241e-03 -6.776044517755508423e-02 2.038211748003959656e-02
4.353963434696197510e-01 -9.478840231895446777e-01 6.679653525352478027e-01 6.062421202659606934e-01 2.407166510820388794e-01 -1.305855661630630493e-01 -3.866012766957283020e-02 -1.256954967975616455e-01 -1.028049349784851074e+00 -2.939310073852539062e-01 -4.912346005439758301e-01 -2.693890035152435303e-01 -3.441147208213806152e-01 -8.314735889434814453e-01 6.730658411979675293e-01 5.523370504379272461e-01 -1.881682723760604858e-01 4.317710399627685547e-01 1.564248651266098022e-01 3.928722739219665527e-01 1.252188086509704590e+00 -1.354535520076751709e-01 2.976537048816680908e-01 -5.204207897186279297e-01 -3.788962066173553467e-01 7.242808938026428223e-01 -3.846612274646759033e-01 1.004069223999977112e-01 -3.396368920803070068e-01 3.240099847316741943e-01 6.590389013290405273e-01 -2.280829697847366333e-01 -4.242272377014160156e-01 -2.469798736274242401e-02 -2.656451463699340820e-01 -1.209527850151062012e-01 3.389452397823333740e-01 -1.643580347299575806e-01 1.873979419469833374e-01 -3.263228237628936768e-01 1.332917660474777222e-01 2.629886269569396973e-01 7.708064317703247070e-01 -2.643858790397644043e-01 -1.081708669662475586e-01 -9.663882106542587280e-02 8.363647460937500000e-01 1.320548206567764282e-01 7.576938867568969727e-01 -8.116443753242492676e-01 -5.710145831108093262e-01 -1.444006115198135376e-01 1.063390523195266724e-01 1.693556755781173706e-01 1.366888731718063354e-01 7.986401915550231934e-01 5.702741146087646484e-01 -4.880882203578948975e-01 -3.579350411891937256e-01 -3.875316679477691650e-01 -3.021677136421203613e-01 2.412997186183929443e-01 2.640457749366760254e-01 8.184583187103271484e-01
9.553732722997665405e-02 -6.063501238822937012e-01 -4.307090118527412415e-02 -3.238257765769958496e-01 -4.121996760368347168e-01 3.937199711799621582e-01 -6.987932920455932617e-01 4.387616738677024841e-02 9.080729633569717407e-02 2.543506324291229248e-01 9.612382948398590088e-02 -9.225704669952392578e-01 -6.641778945922851562e-01 -5.805922150611877441e-01 6.976418197154998779e-02 7.857434749603271484e-01 5.278840065002441406e-01 -5.699179768562316895e-01 -3.689020872116088867e-01 3.705867528915405273e-01 -5.999721214175224304e-02 1.425932198762893677e-01 6.213788986206054688e-01 -6.288591027259826660e-01 -5.618198513984680176e-01 3.258153200149536133e-01 -1.810325682163238525e-01 -1.061883717775344849e-01 -2.275106012821197510e-01 -1.856347769498825073e-01 -3.176780343055725098e-01 -2.195522338151931763e-01 -3.467625379562377930e-02 1.842735894024372101e-02 5.564713478088378906e-01 -3.048529326915740967e-01 -3.485662341117858887e-01 -1.980884559452533722e-02 1.545631289482116699e-01 -3.475538492202758789e-01 -1.596747785806655884e-01 4.841194748878479004e-01 -2.299167960882186890e-01 -6.952249407768249512e-01 -1.303988546133041382e-01 -5.892423987388610840e-01 9.316242337226867676e-01 -6.895961612462997437e-02 -5.753440856933593750e-01 7.688434720039367676e-01 4.988804832100868225e-02 -2.277935743331909180e-01 4.731660783290863037e-01 4.929030239582061768e-01 6.049212217330932617e-01 -1.969235390424728394e-01 4.316880404949188232e-01 -6.792880594730377197e-02 -2.254418134689331055e-01 1.873589605093002319e-01 -5.263610482215881348e-01 3.372889384627342224e-02 -6.525477170944213867e-01 6.559368968009948730e-01
