2.069217115640640259e-01 -6.555989384651184082e-01 1.702304184436798096e-01 -3.177991211414337158e-01 -2.119874805212020874e-01 -6.962735056877136230e-01 -2.366810292005538940e-02 1.124482303857803345e-01 -7.865575551986694336e-01 -3.855619132518768311e-01 1.875868141651153564e-01 -6.865941882133483887e-01 -8.673249185085296631e-02 2.277147322893142700e-01 1.922616213560104370e-01 2.746635079383850098e-01 -4.152047932147979736e-01 -2.277627289295196533e-01 -1.890398710966110229e-01 2.743379473686218262e-01 -2.914980053901672363e-01 2.523431777954101562e-01 -2.129145860671997070e-01 -6.930821537971496582e-01 4.057282209396362305e-02 4.978668093681335449e-01 1.961243152618408203e-01 -9.244731813669204712e-02 4.395307600498199463e-01 -7.164983749389648438e-01 2.424757778644561768e-01 -6.264790892601013184e-01 -3.330731689929962158e-01 -5.292190983891487122e-02 -2.949747145175933838e-01 1.555063575506210327e-01 -8.544947504997253418e-01 1.468853354454040527e-01 -5.727060884237289429e-02 1.338584721088409424e-01 -1.509708464145660400e-01 3.987573087215423584e-01 8.888511359691619873e-02 3.619905710220336914e-01 1.755023747682571411e-01 -1.553913503885269165e-01 9.174728393554687500e-02 1.529421806335449219e-01 1.790897697210311890e-01 7.285646796226501465e-01 4.461846351623535156e-01 6.272070854902267456e-02 3.576622903347015381e-01 -5.158338323235511780e-02 -5.333034992218017578e-01 -1.323360651731491089e-01 1.807769387960433960e-01 -7.893595099449157715e-02 -2.235437780618667603e-01 1.081875432282686234e-02 -1.114593297243118286e-01 2.954917550086975098e-01 2.185724079608917236e-01 1.809130311012268066e-01
8.955324888229370117e-01 -3.913723230361938477e-01 6.616876721382141113e-01 -2.607340812683105469e-01 -1.441428214311599731e-01 1.679415404796600342e-01 -8.326637558639049530e-03 -3.110728859901428223e-01 -5.767809748649597168e-01 -4.917614459991455078e-01 4.748832583427429199e-01 -1.169127702713012695e+00 2.090912014245986938e-01 3.554433882236480713e-01 -6.053702905774116516e-02 4.077708721160888672e-02 -5.481472015380859375e-01 -8.119311928749084473e-01 -3.549052476882934570e-01 5.931832790374755859e-01 -3.320578951388597488e-03 3.275701999664306641e-01 7.095578908920288086e-01 -8.075437694787979126e-02 -9.712921828031539917e-02 3.096599876880645752e-01 -1.401592344045639038e-01 -9.807098656892776489e-02 9.928581863641738892e-02 -5.078598856925964355e-01 -6.304289698600769043e-01 -4.113024473190307617e-01 -3.407643437385559082e-01 -3.574736416339874268e-01 -7.699561864137649536e-02 -7.483649849891662598e-01 -4.670241177082061768e-01 -2.038823962211608887e-01 1.748973280191421509e-01 2.765605151653289795e-01 2.255420386791229248e-01 -2.230075597763061523e-01 -4.881911724805831909e-02 -8.747642040252685547e-01 4.464878737926483154e-01 -7.939596772193908691e-01 3.301063776016235352e-01 -4.014115929603576660e-01 2.586072981357574463e-01 -1.362194567918777466e-01 -3.789835274219512939e-01 -8.933067917823791504e-01 -1.537089645862579346e-01 2.498322427272796631e-01 1.265874207019805908e-01 5.059772133827209473e-01 1.729840040206909180e-01 -5.607302784919738770e-01 1.179711818695068359e-01 2.116300463676452637e-01 -6.588968634605407715e-01 5.780053138732910156e-01 6.519173979759216309e-01 4.271219018846750259e-03
2.712345123291015625e-01 3.125913143157958984e-01 3.766969740390777588e-01 -2.568683624267578125e-01 1.127243399620056152e+00 -2.279508560895919800e-01 2.913028001785278320e-01 -2.811303921043872833e-02 -5.179554820060729980e-01 -4.015960916876792908e-02 -1.787748038768768311e-01 -1.382176131010055542e-01 -9.676519036293029785e-01 -3.749550879001617432e-01 -1.166807487607002258e-01 9.142691493034362793e-01 3.300348818302154541e-01 -3.776080608367919922e-01 -1.302505731582641602e-01 -1.103773862123489380e-01 -1.089379265904426575e-01 7.472516894340515137e-01 -1.483878642320632935e-01 -2.242829650640487671e-01 -1.607336997985839844e-01 2.579201571643352509e-02 9.569360315799713135e-02 -5.502197146415710449e-01 -9.002619236707687378e-02 2.581567466259002686e-01 -1.496829688549041748e-01 -4.806926250457763672e-01 3.857713937759399414e-01 -2.507217600941658020e-02 -3.760924637317657471e-01 -5.877882242202758789e-01 -2.134671360254287720e-01 -2.466765493154525757e-01 -7.176718115806579590e-02 2.759577520191669464e-02 4.371532499790191650e-01 1.155786141753196716e-01 -4.329674541950225830e-01 -1.244478747248649597e-01 -2.447742819786071777e-01 -3.546340018510818481e-02 -1.670585870742797852e-01 -2.579919695854187012e-01 4.777803719043731689e-01 -7.259452342987060547e-01 1.398135870695114136e-01 1.402810811996459961e-01 4.283060729503631592e-01 2.125181108713150024e-01 -5.534340441226959229e-02 -2.190962582826614380e-01 5.906518697738647461e-01 -2.906924784183502197e-01 6.885977834463119507e-02 3.275193572044372559e-01 -6.190931797027587891e-01 2.938472628593444824e-01 4.553706943988800049e-01 5.546713471412658691e-01
1.043954253196716309e+00 -8.547704219818115234e-01 2.203448116779327393e-01 2.937176525592803955e-01 8.989773690700531006e-02 -4.560578763484954834e-01 -2.851857244968414307e-01 -2.869475185871124268e-01 -9.341199398040771484e-01 -5.834964290261268616e-02 -8.077412843704223633e-01 -8.898538947105407715e-01 4.396842420101165771e-01 3.357623219490051270e-01 2.694271802902221680e-01 9.248211383819580078e-01 -9.744005650281906128e-02 -1.441407948732376099e-01 7.325322926044464111e-02 8.556430935859680176e-01 -3.489594757556915283e-01 5.314634442329406738e-01 -3.577291965484619141e-01 -6.739427447319030762e-01 -3.854495286941528320e-01 5.720160007476806641e-01 3.140417160466313362e-03 2.726381644606590271e-02 -4.683346748352050781e-01 -5.785810351371765137e-01 -2.771072387695312500e-01 -9.876379370689392090e-01 -2.900898754596710205e-01 2.491108924150466919e-01 -3.596427738666534424e-01 5.715936049818992615e-02 -7.623270153999328613e-01 -2.049174755811691284e-01 4.683068394660949707e-01 2.147767692804336548e-01 -3.657559752464294434e-01 5.156764984130859375e-01 2.836145646870136261e-02 5.017821192741394043e-01 4.127395749092102051e-01 -7.512120902538299561e-02 -2.203842848539352417e-01 2.772233486175537109e-01 1.280218511819839478e-01 2.687652707099914551e-01 4.563034474849700928e-01 2.577041685581207275e-01 -2.568015456199645996e-01 -3.053943514823913574e-01 -4.195563793182373047e-01 3.374533057212829590e-01 -6.379064917564392090e-02 1.075728144496679306e-02 -1.003512293100357056e-01 6.424403786659240723e-01 -4.329740703105926514e-01 1.569871008396148682e-01 5.622450113296508789e-01 1.669623702764511108e-01
-2.275840044021606445e-01 -8.594208955764770508e-01 -7.860042154788970947e-02 3.429825976490974426e-02 -1.817879378795623779e-01 -8.442299365997314453e-01 -1.226777210831642151e-01 -1.421441435813903809e-01 -6.816969513893127441e-01 -3.936032950878143311e-01 1.950640678405761719e-01 -7.102575153112411499e-02 -1.726075261831283569e-01 -3.071127533912658691e-01 2.501859664916992188e-01 9.072754532098770142e-02 -4.835897386074066162e-01 -5.129552483558654785e-01 -3.274841606616973877e-01 4.257578849792480469e-01 -2.790730893611907959e-01 2.042146623134613037e-01 2.309084087610244751e-01 -3.051891326904296875e-01 3.208501935005187988e-01 3.350849151611328125e-01 -3.582369536161422729e-02 -1.260939799249172211e-02 4.229236543178558350e-01 9.838568046689033508e-03 -2.655294537544250488e-01 -1.046844959259033203e+00 -4.372989535331726074e-01 -2.397165596485137939e-01 -1.781171709299087524e-01 1.894962787628173828e-01 -7.820946574211120605e-01 -2.705926299095153809e-01 3.920496702194213867e-01 -1.905847340822219849e-01 -6.438269745558500290e-03 4.798981249332427979e-01 -2.862510681152343750e-01 2.115163207054138184e-01 -1.416719853878021240e-01 -4.400424957275390625e-01 1.337597519159317017e-01 -5.214995145797729492e-01 2.890221476554870605e-01 3.088445067405700684e-01 8.891690373420715332e-01 -7.102370262145996094e-01 6.648451834917068481e-02 2.076746672391891479e-01 -1.696852892637252808e-01 1.720273680984973907e-02 -3.970150649547576904e-01 -5.256791114807128906e-01 -6.036476492881774902e-01 2.877472043037414551e-01 5.017978698015213013e-02 6.578827649354934692e-02 4.637438356876373291e-01 -3.548302501440048218e-02
8.562849164009094238e-01 -2.021126151084899902e-01 6.156763434410095215e-01 -1.898314505815505981e-01 2.231275141239166260e-01 -9.004474878311157227e-01 -5.245885252952575684e-01 -6.511021852493286133e-01 -6.134740710258483887e-01 7.458698153495788574e-01 3.401961624622344971e-01 -6.625306606292724609e-01 -7.297417521476745605e-01 5.610879659652709961e-01 3.213182091712951660e-01 5.072031617164611816e-01 -5.167617797851562500e-01 -2.497742772102355957e-01 -1.180080890655517578e+00 1.684900522232055664e-01 6.805915832519531250e-01 1.368455290794372559e+00 -4.600895047187805176e-01 -5.068188309669494629e-01 -3.232913017272949219e-01 4.933176338672637939e-01 -5.081023573875427246e-01 8.841941356658935547e-01 1.898760795593261719e-01 5.402902960777282715e-01 8.595873415470123291e-02 -3.317573964595794678e-01 -3.154831528663635254e-01 -2.492619752883911133e-01 -1.413535118103027344e+00 -9.242168813943862915e-02 -5.084189772605895996e-01 -6.916515231132507324e-01 1.340776681900024414e+00 -2.353668957948684692e-01 5.439973473548889160e-01 -4.721220433712005615e-01 -4.754700064659118652e-01 -7.243951559066772461e-01 8.166133761405944824e-01 -3.350664377212524414e-01 3.675471246242523193e-01 -9.508061408996582031e-02 9.711544513702392578e-01 -1.386647671461105347e-01 3.384590744972229004e-01 5.298404768109321594e-02 -3.230260908603668213e-01 -4.901062548160552979e-01 -1.070795059204101562e-01 -6.378589197993278503e-03 6.104791164398193359e-01 5.919851064682006836e-01 -7.742853164672851562e-01 -1.335248351097106934e-02 -5.299842953681945801e-01 -2.072137035429477692e-02 1.422535896301269531e+00 -4.540139138698577881e-01
9.389209002256393433e-02 -1.148296743631362915e-01 1.557686626911163330e-01 -1.093344986438751221e-01 2.889630198478698730e-01 -1.150476098060607910e+00 -2.254280745983123779e-01 -7.164033502340316772e-02 1.394922100007534027e-02 -9.025668352842330933e-02 1.026459693908691406e+00 -7.110927104949951172e-01 1.633082628250122070e-01 -5.084781050682067871e-01 1.532259732484817505e-01 3.344748318195343018e-01 -1.173938751220703125e+00 -3.190807402133941650e-01 -5.047672390937805176e-01 2.338995635509490967e-01 -7.939086854457855225e-02 7.880394458770751953e-01 4.386801123619079590e-01 7.928604632616043091e-02 -1.047684624791145325e-01 5.968895554542541504e-01 -5.229308009147644043e-01 5.979399010539054871e-02 2.300928831100463867e-01 2.748568952083587646e-01 -3.287119567394256592e-01 -9.460125565528869629e-01 -2.296303659677505493e-01 -9.007200598716735840e-02 2.415489107370376587e-01 3.017161786556243896e-02 -5.174686908721923828e-01 -4.634165167808532715e-01 5.050339102745056152e-01 -1.636078394949436188e-02 -2.678291201591491699e-01 4.897816777229309082e-01 -1.208531633019447327e-01 4.174848198890686035e-01 -6.921599507331848145e-01 -3.457758575677871704e-02 5.706035494804382324e-01 -1.288664340972900391e-01 1.911796629428863525e-01 -4.883696138858795166e-01 4.192851483821868896e-01 -4.827143549919128418e-01 1.007301881909370422e-01 5.193744897842407227e-01 -2.936151325702667236e-01 1.731071062386035919e-02 6.559746265411376953e-01 -2.235915809869766235e-01 -8.497667908668518066e-01 4.524371623992919922e-01 1.112124323844909668e-01 -2.335854023694992065e-01 2.319912612438201904e-01 1.981651969254016876e-02
1.370182726532220840e-02 -6.738727092742919922e-01 -1.749510616064071655e-01 -1.366490274667739868e-01 1.517740190029144287e-01 -7.182092666625976562e-01 2.650218009948730469e-01 -6.017478108406066895e-01 -2.755918204784393311e-01 -3.474279046058654785e-01 1.789344698190689087e-01 2.139675803482532501e-02 -6.131473183631896973e-01 -1.732408553361892700e-01 6.496521830558776855e-01 3.741354644298553467e-01 -8.079244494438171387e-01 -7.616050839424133301e-01 -6.113463044166564941e-01 1.087838411331176758e+00 -3.987662494182586670e-01 4.805185496807098389e-01 3.891794085502624512e-01 -3.979425728321075439e-01 2.787294387817382812e-01 2.422684133052825928e-01 8.246061950922012329e-02 1.188025847077369690e-01 6.073358058929443359e-01 -1.156137362122535706e-01 -3.368433713912963867e-01 -6.741726398468017578e-01 -5.840815305709838867e-01 -8.595110476016998291e-02 -4.539669156074523926e-01 1.828413307666778564e-01 -3.831421732902526855e-01 -1.349408086389303207e-02 2.590485811233520508e-01 2.649619802832603455e-02 5.550605654716491699e-01 4.066687822341918945e-01 -6.227871179580688477e-01 -4.365389049053192139e-01 7.887884974479675293e-02 -6.264768242835998535e-01 1.659969836473464966e-01 -6.723995208740234375e-01 1.546099632978439331e-01 2.823978066444396973e-01 7.246742397546768188e-02 -7.001038789749145508e-01 4.739343822002410889e-01 -1.848982721567153931e-01 3.530577719211578369e-01 2.714491188526153564e-01 -4.752847254276275635e-01 -3.290516734123229980e-01 -1.113178133964538574e+00 4.333913624286651611e-01 -6.479366421699523926e-01 -1.933510750532150269e-01 5.134283900260925293e-01 -5.293985605239868164e-01
6.747220158576965332e-01 -2.575177550315856934e-01 3.626087605953216553e-01 -4.201893210411071777e-01 2.586230337619781494e-01 -4.534999728202819824e-01 3.154805600643157959e-01 -3.212857842445373535e-01 -6.578145027160644531e-01 3.007377386093139648e-01 -2.263662815093994141e-01 -5.254585742950439453e-01 -3.292489945888519287e-01 8.494567126035690308e-02 -6.074107885360717773e-01 2.760230302810668945e-01 7.358849793672561646e-02 5.133299231529235840e-01 -9.072599001228809357e-03 4.448863267898559570e-01 1.963642090559005737e-01 1.067626595497131348e+00 -1.913763210177421570e-02 -9.792380928993225098e-01 1.667523384094238281e-01 8.246693015098571777e-02 -2.801146805286407471e-01 9.746766835451126099e-02 4.523845016956329346e-01 4.605015367269515991e-02 -4.519276618957519531e-01 -1.573380678892135620e-01 -3.021378219127655029e-01 3.242569565773010254e-01 -8.058040738105773926e-01 -9.526498615741729736e-02 -2.838850915431976318e-01 1.154265701770782471e-01 5.290628969669342041e-02 -8.042031526565551758e-02 3.981846868991851807e-01 -5.474347472190856934e-01 -4.001767933368682861e-02 2.620610781013965607e-02 3.516000211238861084e-01 4.974112287163734436e-02 1.935811489820480347e-01 -5.975438356399536133e-01 -6.382663846015930176e-01 -1.218909919261932373e-01 9.434738755226135254e-01 -7.461722940206527710e-02 -1.284414082765579224e-01 8.895726203918457031e-01 4.020527601242065430e-01 1.261881291866302490e-01 2.202458530664443970e-01 -2.283423840999603271e-01 -3.856065273284912109e-01 -1.153989508748054504e-01 -1.858581304550170898e-01 -1.335243433713912964e-01 -5.220699310302734375e-01 -2.470875680446624756e-01
7.483910024166107178e-02 -1.313637197017669678e-01 2.222459167242050171e-01 -5.611478686332702637e-01 1.008769154548645020e+00 2.018223851919174194e-01 2.279193997383117676e-01 1.308090388774871826e-01 -6.223124265670776367e-02 1.363439410924911499e-01 1.096596941351890564e-01 -2.095854282379150391e-01 -5.710430741310119629e-01 -8.821617066860198975e-02 2.795990109443664551e-01 9.259352087974548340e-01 7.448168098926544189e-02 -4.658841341733932495e-02 -4.064637124538421631e-01 -3.503471612930297852e-01 -3.842853307723999023e-01 2.614208459854125977e-01 -2.017299532890319824e-01 -6.627985835075378418e-01 -1.157256960868835449e+00 2.279885858297348022e-01 -2.558107376098632812e-01 -5.018413662910461426e-01 7.024987339973449707e-01 -2.634709328413009644e-02 -3.926599323749542236e-01 -4.835081994533538818e-01 -6.279297471046447754e-01 -1.781183034181594849e-01 -1.637903749942779541e-01 -3.734749853610992432e-01 -1.024726271629333496e+00 -4.239647984504699707e-01 9.040703177452087402e-01 5.031505823135375977e-01 7.724748551845550537e-02 -3.031157553195953369e-01 -3.928741216659545898e-01 -5.374044775962829590e-01 1.408288814127445221e-02 5.617814138531684875e-03 -7.632162570953369141e-01 -3.621343374252319336e-01 7.270863652229309082e-02 -4.042344093322753906e-01 -2.331339418888092041e-01 -1.149377450346946716e-01 2.602535784244537354e-01 8.397995233535766602e-01 -9.915671311318874359e-03 1.766360998153686523e-01 1.695205867290496826e-01 -3.452181443572044373e-02 -1.388432234525680542e-01 6.463373303413391113e-01 -3.913764059543609619e-01 -4.036580622196197510e-01 6.612212657928466797e-01 -2.181727886199951172e-01
8.367353081703186035e-01 -7.889571189880371094e-01 -8.231648057699203491e-02 -2.345863580703735352e-01 3.530788421630859375e-01 2.345045506954193115e-01 -3.222297430038452148e-01 -6.293231248855590820e-01 -3.468937873840332031e-01 -2.259227931499481201e-01 3.965779840946197510e-01 -8.007007837295532227e-01 3.577131927013397217e-01 -1.991204172372817993e-02 -4.973386973142623901e-02 6.017922759056091309e-01 -3.452567160129547119e-01 -3.606981411576271057e-02 -9.371951222419738770e-01 2.461520582437515259e-01 2.720072166994214058e-03 7.773557901382446289e-01 3.522894680500030518e-01 -2.785288691520690918e-01 -4.383383393287658691e-01 6.244125962257385254e-01 6.261188536882400513e-02 -2.534781694412231445e-01 8.157582283020019531e-01 2.387359589338302612e-01 -8.084032535552978516e-01 -8.280653953552246094e-01 -9.141869544982910156e-01 6.997180730104446411e-02 -8.289556503295898438e-01 2.814489006996154785e-01 -6.223869975656270981e-03 -4.379826784133911133e-01 9.288771748542785645e-01 -4.895910322666168213e-01 -6.334892511367797852e-01 -2.333354949951171875e-01 -3.950775265693664551e-01 2.371453195810317993e-01 5.958144068717956543e-01 -5.757069215178489685e-02 -6.491497159004211426e-01 -5.161703824996948242e-01 -6.751224398612976074e-01 -6.854142546653747559e-01 -4.802608191967010498e-01 -1.130563840270042419e-01 1.356496214866638184e+00 -7.232522219419479370e-02 -2.677324712276458740e-01 -3.293149545788764954e-02 2.402731776237487793e-01 2.448439449071884155e-01 -7.239251732826232910e-01 -5.331327915191650391e-01 -1.002987504005432129e+00 1.667719483375549316e-01 2.546240687370300293e-01 5.160877704620361328e-01
5.113117098808288574e-01 -4.667833745479583740e-01 8.201096206903457642e-02 -5.987556576728820801e-01 1.300314426422119141e+00 -4.261347353458404541e-01 4.876837432384490967e-01 -3.126597404479980469e-01 -7.050496339797973633e-01 4.040268063545227051e-01 2.196874618530273438e-01 -4.387417733669281006e-01 -5.762330293655395508e-01 -1.968834102153778076e-01 1.641701906919479370e-01 5.240678787231445312e-01 -9.662391990423202515e-02 -3.058603405952453613e-01 -8.058946132659912109e-01 8.705793023109436035e-01 4.496242105960845947e-01 9.937192797660827637e-01 1.613602600991725922e-02 -2.971490323543548584e-01 -1.901610568165779114e-02 -7.536306977272033691e-02 -5.638365745544433594e-01 -4.313566088676452637e-01 4.062110781669616699e-01 -4.153068661689758301e-01 -8.196626305580139160e-01 -1.124080657958984375e+00 4.091824889183044434e-01 1.203468963503837585e-01 -4.250686764717102051e-01 2.132781445980072021e-01 3.387641310691833496e-01 -5.723272562026977539e-01 5.718135833740234375e-01 4.268917739391326904e-01 2.521191239356994629e-01 2.808296680450439453e-02 2.629993855953216553e-01 -5.022036433219909668e-01 -2.260950952768325806e-01 2.459534406661987305e-01 -1.496113240718841553e-01 -3.191770911216735840e-01 4.284565746784210205e-01 -4.485600888729095459e-01 5.122388526797294617e-02 7.947454228997230530e-03 1.709295511245727539e-01 -4.542864859104156494e-01 4.186984300613403320e-01 2.976835668087005615e-01 1.662852913141250610e-01 -1.918083280324935913e-01 2.971117794513702393e-01 1.683300174772739410e-02 2.406969964504241943e-01 1.479559689760208130e-01 -2.215531319379806519e-01 6.913414597511291504e-01
1.143797516822814941e+00 -9.971239566802978516e-01 1.040669798851013184e+00 4.278204441070556641e-01 8.302512168884277344e-01 -7.103710770606994629e-01 -8.403089828789234161e-03 -8.237836956977844238e-01 -3.436498045921325684e-01 1.864618808031082153e-01 -4.261638820171356201e-01 -1.000029325485229492e+00 -6.383516192436218262e-01 -7.234097719192504883e-01 2.719183862209320068e-01 1.011524200439453125e+00 -1.270632266998291016e+00 2.136969119310379028e-01 -3.643499687314033508e-02 6.871490478515625000e-01 2.704037725925445557e-01 9.385626912117004395e-01 6.777955293655395508e-01 -7.897192835807800293e-01 3.210759758949279785e-01 2.283930480480194092e-01 5.220442414283752441e-01 1.469809412956237793e-01 1.280656576156616211e+00 -1.797835379838943481e-01 -1.066593527793884277e+00 -6.489274501800537109e-01 -4.173567891120910645e-01 2.547198534011840820e-01 -7.675744891166687012e-01 -3.190329670906066895e-01 -4.925013780593872070e-01 1.974444240331649780e-01 1.468686461448669434e+00 -9.318048357963562012e-01 3.150743544101715088e-01 6.041243672370910645e-01 -5.152728557586669922e-01 4.469778239727020264e-01 -4.134943485260009766e-01 6.355184316635131836e-01 1.496362388134002686e-01 -1.001398786902427673e-01 7.782673239707946777e-01 -2.310333102941513062e-01 -8.775283694267272949e-01 -4.527397751808166504e-01 9.623584151268005371e-02 4.927997291088104248e-02 2.765953913331031799e-02 -8.442828655242919922e-01 -1.611122190952301025e-01 2.637969851493835449e-01 2.574061155319213867e-01 3.761399388313293457e-01 -1.709738969802856445e+00 9.418387711048126221e-02 -7.614891529083251953e-01 6.041017770767211914e-01
4.111069813370704651e-02 1.655593365430831909e-01 1.496017128229141235e-01 -3.372688889503479004e-01 7.054941058158874512e-01 5.747999548912048340e-01 2.355698198080062866e-01 3.708580136299133301e-02 -1.114003583788871765e-01 1.100387871265411377e-01 -1.826124452054500580e-02 6.974361836910247803e-02 -6.803484559059143066e-01 1.423597633838653564e-01 1.402767002582550049e-01 9.579151868820190430e-01 5.362454801797866821e-02 1.039882563054561615e-02 -2.706365287303924561e-01 9.495684504508972168e-02 -5.188895463943481445e-01 4.915084540843963623e-01 -3.290060758590698242e-01 -4.486638605594635010e-01 -9.778350591659545898e-01 1.747025549411773682e-01 -5.575910210609436035e-01 -5.939419865608215332e-01 4.651702940464019775e-01 -2.571461722254753113e-02 -3.595492988824844360e-02 -5.300175547599792480e-01 1.591943800449371338e-01 -3.632385283708572388e-02 -2.300596088171005249e-01 -5.723004341125488281e-01 -6.804511547088623047e-01 -3.858620822429656982e-01 6.432043313980102539e-01 3.424889445304870605e-01 2.475316971540451050e-01 -4.251219630241394043e-01 -4.397815465927124023e-01 -2.753376364707946777e-01 -4.118196293711662292e-02 2.978874137625098228e-03 -3.944434821605682373e-01 -2.052890956401824951e-01 1.232986897230148315e-01 -4.644658565521240234e-01 -3.754335269331932068e-02 -3.740812540054321289e-01 5.715740919113159180e-01 5.927899479866027832e-01 -1.862244755029678345e-01 1.582127064466476440e-01 3.801055550575256348e-01 2.083899453282356262e-03 -5.351231098175048828e-01 4.292101562023162842e-01 -3.132425844669342041e-01 1.727576255798339844e-01 5.238348841667175293e-01 3.761084079742431641e-01
9.552589058876037598e-02 3.698513805866241455e-01 2.566053569316864014e-01 -2.883566617965698242e-01 3.551432192325592041e-01 -1.767266690731048584e-01 2.749577760696411133e-01 -1.761687099933624268e-01 5.996320024132728577e-02 -1.050099357962608337e-01 -5.330625176429748535e-01 1.278410255908966064e-01 -1.056645750999450684e+00 -4.491427838802337646e-01 -1.256126463413238525e-01 9.901857972145080566e-01 -2.128863185644149780e-01 -6.226828321814537048e-02 -5.695306658744812012e-01 2.081179320812225342e-01 -8.133153915405273438e-01 9.811244606971740723e-01 -2.507562190294265747e-02 -7.512139081954956055e-01 -6.713581681251525879e-01 -1.989141553640365601e-01 -4.235127866268157959e-01 -3.586490452289581299e-01 6.891757249832153320e-02 9.290297329425811768e-02 -8.523642271757125854e-02 -7.921314239501953125e-02 8.153398334980010986e-02 9.535692632198333740e-02 -3.750745356082916260e-01 -4.189122021198272705e-01 -8.583706617355346680e-01 -4.861740171909332275e-01 2.308128625154495239e-01 -2.408753335475921631e-01 4.243256449699401855e-01 -2.140776067972183228e-01 -3.018783628940582275e-01 -7.976441085338592529e-02 -2.634690701961517334e-01 2.119784653186798096e-01 2.878386974334716797e-01 -1.027843505144119263e-01 3.519786894321441650e-01 -3.050886392593383789e-01 -1.606206893920898438e-01 -3.431832194328308105e-01 -1.293619573116302490e-01 2.569493353366851807e-01 -4.225369393825531006e-01 1.007248759269714355e-01 1.459305435419082642e-01 -1.747723668813705444e-01 4.509722813963890076e-02 -1.755285263061523438e-02 -5.891908407211303711e-01 1.341772526502609253e-01 7.137068510055541992e-01 8.834568262100219727e-01
4.279772751033306122e-03 -9.178698062896728516e-01 1.583773642778396606e-01 -1.989728063344955444e-01 4.287720322608947754e-01 1.738063693046569824e-01 -6.038861721754074097e-02 -1.465316712856292725e-01 -4.197909832000732422e-01 6.940940618515014648e-01 9.142726659774780273e-02 -9.896445870399475098e-01 -1.568174004554748535e+00 -9.434122592210769653e-02 -4.718264639377593994e-01 1.067610740661621094e+00 -6.028660535812377930e-01 -2.716147005558013916e-01 -4.111654311418533325e-02 3.907553106546401978e-02 -3.127475082874298096e-01 2.013857662677764893e-01 3.716411590576171875e-01 -4.765679314732551575e-02 3.344642817974090576e-01 4.354302883148193359e-01 4.285951852798461914e-01 -1.582416146993637085e-01 -2.696750462055206299e-01 2.259437739849090576e-01 -8.916976302862167358e-02 -2.812195122241973877e-01 2.548793554306030273e-01 -2.391379028558731079e-01 -1.170205712318420410e+00 -5.149480104446411133e-01 -2.702947556972503662e-01 -1.264629662036895752e-01 8.970330469310283661e-03 2.877012267708778381e-02 1.388620492070913315e-02 1.522790044546127319e-01 -1.582499742507934570e-01 -2.757894396781921387e-01 -2.893877923488616943e-01 4.849395751953125000e-01 2.373181879520416260e-01 -1.928056776523590088e-01 1.692527234554290771e-01 -3.409984409809112549e-01 1.752675920724868774e-01 -2.638008892536163330e-01 4.186558723449707031e-01 -1.178790181875228882e-01 2.238473147153854370e-01 3.937258124351501465e-01 5.286911129951477051e-01 -3.884560167789459229e-01 -1.323489695787429810e-01 1.088103175163269043e+00 -6.622743010520935059e-01 -4.875630438327789307e-01 1.599565446376800537e-01 6.421939730644226074e-01
-7.097852975130081177e-02 1.875567287206649780e-01 3.474677503108978271e-01 -5.584309250116348267e-02 5.806552767753601074e-01 -2.655117511749267578e-01 -1.322536496445536613e-03 -4.272101521492004395e-01 -1.984784901142120361e-01 1.430722326040267944e-01 -4.859135299921035767e-02 -9.328304231166839600e-02 -9.591089487075805664e-01 -5.058650374412536621e-01 -6.848015785217285156e-01 6.783159971237182617e-01 3.557441988959908485e-03 -3.323767185211181641e-01 -4.760378003120422363e-01 2.600951194763183594e-01 -4.827372133731842041e-01 2.606973350048065186e-01 -4.314426183700561523e-01 -2.222554385662078857e-01 -1.306778788566589355e-01 8.182655274868011475e-02 -4.069084823131561279e-01 -1.903153061866760254e-01 -2.830166220664978027e-01 -6.313619017601013184e-02 -5.607811212539672852e-01 -5.142133831977844238e-01 1.716426946222782135e-02 -8.732882887125015259e-02 -3.162392079830169678e-01 -5.211268067359924316e-01 -1.041615247726440430e+00 2.187693417072296143e-01 4.430282711982727051e-01 -1.797547638416290283e-01 2.241782546043395996e-01 -3.950754553079605103e-02 -4.113833308219909668e-01 -6.103783845901489258e-01 -1.153241991996765137e-01 -2.124543339014053345e-01 3.177555203437805176e-01 3.517864942550659180e-01 1.070636510848999023e-01 -7.152705788612365723e-01 3.702627420425415039e-01 3.613941743969917297e-02 8.912869691848754883e-01 -2.409620285034179688e-01 5.294938012957572937e-02 3.139134049415588379e-01 8.001953363418579102e-01 -1.859952211380004883e-01 -1.162877678871154785e-01 2.562981545925140381e-01 -1.226508736610412598e+00 1.720117181539535522e-01 -1.630545966327190399e-02 7.275577187538146973e-01
1.517999023199081421e-01 1.902528107166290283e-01 4.265287816524505615e-01 -9.238204918801784515e-03 -1.891785115003585815e-01 1.641680300235748291e-01 -6.792987883090972900e-02 -9.593331813812255859e-01 -3.201704621315002441e-01 3.440515100955963135e-01 6.683400273323059082e-01 -1.610437154769897461e+00 -9.442955255508422852e-01 -6.541579961776733398e-01 -6.364681124687194824e-01 -3.039080090820789337e-02 -1.214150264859199524e-01 -7.281022071838378906e-01 -2.333985418081283569e-01 1.058023452758789062e+00 -1.397068947553634644e-01 8.727747797966003418e-01 5.332638621330261230e-01 -4.621977806091308594e-01 -4.301867485046386719e-01 8.223007917404174805e-01 -1.470009386539459229e-01 -3.632634505629539490e-02 6.107975244522094727e-01 6.440731883049011230e-02 -3.063656687736511230e-01 -6.578648686408996582e-01 -1.879025846719741821e-01 -4.746261239051818848e-02 3.851935267448425293e-01 -4.818692505359649658e-01 -2.392853498458862305e-01 -5.077661871910095215e-01 1.074551418423652649e-01 2.705582976341247559e-01 5.121351480484008789e-01 3.220940381288528442e-02 -3.982728421688079834e-01 -1.675501652061939240e-02 -4.094652831554412842e-02 -5.937705039978027344e-01 -7.545950356870889664e-03 -2.098935246467590332e-01 -7.928217947483062744e-02 6.185390949249267578e-01 3.568578660488128662e-01 -2.693859636783599854e-01 5.767152905464172363e-01 5.898075550794601440e-02 5.364116430282592773e-01 -7.460737973451614380e-02 -5.290027856826782227e-01 -3.310841917991638184e-01 -3.245091140270233154e-01 2.976902127265930176e-01 -5.704075694084167480e-01 3.822857514023780823e-02 9.260584712028503418e-01 -3.261061012744903564e-01
-9.591282159090042114e-02 -3.290207684040069580e-01 5.028237104415893555e-01 -6.620522141456604004e-01 7.345027327537536621e-01 6.399508714675903320e-01 1.102919951081275940e-01 -3.148972392082214355e-01 -2.490927726030349731e-01 4.392267763614654541e-01 7.038009911775588989e-02 1.197865977883338928e-02 -3.214547932147979736e-01 1.815711706876754761e-01 1.136753410100936890e-01 8.486342430114746094e-01 -1.637840569019317627e-01 3.600913658738136292e-02 -3.748106658458709717e-01 -1.565064042806625366e-01 -6.180840134620666504e-01 8.575710654258728027e-01 2.739183008670806885e-01 -5.881209969520568848e-01 -8.910735249519348145e-01 1.633892357349395752e-01 -4.252191185951232910e-01 -3.391272723674774170e-01 1.015560984611511230e+00 -2.359446883201599121e-01 -8.308931589126586914e-01 -7.197272181510925293e-01 -4.752493798732757568e-01 -1.245547533035278320e-01 1.851046225056052208e-03 -2.131867110729217529e-01 -2.589629888534545898e-01 -4.387066960334777832e-01 6.810067296028137207e-01 2.269430607557296753e-01 -1.232954487204551697e-01 -5.112490653991699219e-01 -8.345887809991836548e-02 -2.374584227800369263e-01 1.862704455852508545e-01 3.513296544551849365e-01 -5.632670521736145020e-01 -1.329916119575500488e-01 2.259131073951721191e-01 -4.688395559787750244e-01 1.639481633901596069e-01 1.521543264389038086e-01 6.630845069885253906e-01 2.137359529733657837e-01 -2.989519238471984863e-01 2.484018057584762573e-01 4.069363176822662354e-01 -2.613398991525173187e-02 -3.072603642940521240e-01 4.704647511243820190e-02 -1.271068211644887924e-02 -2.034819871187210083e-01 6.281695961952209473e-01 -1.073461845517158508e-01
7.093233466148376465e-01 9.677793830633163452e-02 -4.186686575412750244e-01 4.378733038902282715e-01 5.686408877372741699e-01 -2.434902042150497437e-01 6.835179924964904785e-01 -1.175750643014907837e-01 -4.462085664272308350e-01 5.346890687942504883e-01 -2.739400267601013184e-01 -7.142365574836730957e-01 -6.140019893646240234e-01 -6.335218548774719238e-01 -6.537445783615112305e-01 1.509516984224319458e-01 3.561848402023315430e-01 4.211334139108657837e-02 -1.370773017406463623e-01 6.270768046379089355e-01 2.091793417930603027e-01 1.173485636711120605e+00 7.818174362182617188e-02 -4.634961485862731934e-01 4.561866447329521179e-02 5.488551408052444458e-02 -5.313149690628051758e-01 -8.587380498647689819e-02 7.355185747146606445e-01 -2.367317825555801392e-01 -2.884722054004669189e-01 3.201674669981002808e-02 -8.496697992086410522e-02 2.789055109024047852e-01 -5.581012964248657227e-01 -2.173183411359786987e-01 -1.565617024898529053e-01 2.911028824746608734e-02 -1.982093602418899536e-01 -4.022353142499923706e-02 8.411011099815368652e-01 -3.586147427558898926e-01 -4.878081381320953369e-01 1.185694411396980286e-01 1.069280356168746948e-01 -3.283360004425048828e-01 2.137137204408645630e-02 -6.656186580657958984e-01 -1.115938052535057068e-01 1.721745282411575317e-01 7.471166849136352539e-01 -6.364801526069641113e-01 4.158182740211486816e-01 3.581236302852630615e-01 4.262145459651947021e-01 8.208815753459930420e-02 -4.087428376078605652e-02 -2.774629294872283936e-01 -8.110847473144531250e-01 2.783867418766021729e-01 -2.192749977111816406e-01 1.567652821540832520e-01 5.274031162261962891e-01 2.258937060832977295e-01
8.277401924133300781e-01 -8.739991486072540283e-02 4.927471578121185303e-01 -3.912671506404876709e-01 8.833639323711395264e-02 -4.167296290397644043e-01 -2.006359696388244629e-01 -1.165559053421020508e+00 -3.202893733978271484e-01 3.231780719943344593e-04 6.959977149963378906e-01 -1.201133251190185547e+00 -5.543827414512634277e-01 -4.806354045867919922e-01 -3.423394262790679932e-01 1.688342094421386719e-01 -7.774353623390197754e-01 -7.781485319137573242e-01 -4.976138770580291748e-01 4.449184536933898926e-01 -2.854417450726032257e-02 3.763414919376373291e-01 4.788512587547302246e-01 -2.584067881107330322e-01 -2.378400266170501709e-01 1.012837171554565430e+00 -7.705395668745040894e-02 3.101818561553955078e-01 6.203411817550659180e-01 -2.125113010406494141e-01 4.851412177085876465e-01 -4.058798849582672119e-01 -5.282505154609680176e-01 3.976555075496435165e-03 6.371172666549682617e-01 -7.352968454360961914e-01 -1.126611009240150452e-01 -6.753844618797302246e-01 4.148398637771606445e-01 1.829862743616104126e-01 3.953927755355834961e-01 -1.710510402917861938e-01 -4.676295220851898193e-01 -1.224501430988311768e-01 -1.491132676601409912e-01 -3.605869710445404053e-01 5.799481868743896484e-01 -4.182032942771911621e-01 1.976985335350036621e-01 6.695579290390014648e-01 7.445902377367019653e-02 1.971380785107612610e-02 2.114084064960479736e-01 8.942264318466186523e-02 5.194478668272495270e-03 -1.519864350557327271e-01 -3.261492550373077393e-01 -2.721739113330841064e-01 -7.460629194974899292e-02 2.384297251701354980e-01 -5.144398808479309082e-01 -1.168479546904563904e-01 1.751384884119033813e-01 -8.186234626919031143e-04
2.770985066890716553e-01 -6.618669629096984863e-01 3.437993228435516357e-01 -2.875517308712005615e-01 -2.555753588676452637e-01 -5.314433574676513672e-01 4.563996195793151855e-02 -3.263278901576995850e-01 -9.027679562568664551e-01 -6.196026206016540527e-01 6.660244613885879517e-02 -6.130260825157165527e-01 1.284067630767822266e-01 -1.690391451120376587e-01 1.249153986573219299e-01 7.850760221481323242e-01 -2.047438025474548340e-01 1.534453183412551880e-01 -2.724971063435077667e-02 4.843001365661621094e-01 -1.417982950806617737e-02 7.349277734756469727e-01 -2.357689887285232544e-01 -5.277821421623229980e-01 2.501479387283325195e-01 -2.853808403015136719e-01 -2.202443480491638184e-01 -2.699507586658000946e-02 3.682722747325897217e-01 -5.834774971008300781e-01 3.835211396217346191e-01 -7.163159251213073730e-01 -3.429875671863555908e-01 2.204772531986236572e-01 -6.219699978828430176e-01 8.300545811653137207e-02 -7.142865061759948730e-01 4.003750532865524292e-02 5.483767986297607422e-01 3.486412167549133301e-01 -9.039205312728881836e-01 1.977796554565429688e-01 5.602447688579559326e-02 -3.653662204742431641e-01 4.711183253675699234e-03 -2.211261093616485596e-01 1.579278260469436646e-01 4.725153446197509766e-01 4.653393030166625977e-01 7.317709922790527344e-01 4.493983387947082520e-01 -1.068207472562789917e-01 -4.448647424578666687e-02 -2.113157063722610474e-01 -3.678574264049530029e-01 -5.811439156532287598e-01 -1.651417836546897888e-02 -1.362326145172119141e-01 -4.273194968700408936e-01 4.597897827625274658e-01 -2.223767638206481934e-01 2.378056049346923828e-01 1.601668447256088257e-01 3.013963401317596436e-01
2.290963232517242432e-01 1.706850081682205200e-01 3.502091765403747559e-01 1.171103194355964661e-01 7.910620570182800293e-01 1.580506861209869385e-01 4.034291505813598633e-01 1.172605454921722412e-01 -3.727104067802429199e-01 -1.589786857366561890e-01 -4.459207952022552490e-01 -4.566774368286132812e-01 -6.762606501579284668e-01 -4.382304251194000244e-01 -4.000227898359298706e-02 6.565414667129516602e-01 -2.217466235160827637e-01 -2.885452508926391602e-01 -7.618459463119506836e-01 -1.755154505372047424e-02 -5.565496087074279785e-01 8.175410628318786621e-01 -4.344907999038696289e-01 -6.799085736274719238e-01 -5.889059305191040039e-01 -2.652070857584476471e-02 -1.377104036509990692e-02 -6.015846133232116699e-01 -1.241797357797622681e-01 2.577093839645385742e-01 -1.440835148096084595e-01 3.348142653703689575e-02 1.876697242259979248e-01 2.746983766555786133e-01 -5.705879330635070801e-01 -2.083175927400588989e-01 -5.582113265991210938e-01 -3.775200247764587402e-01 5.139444395899772644e-02 -2.199322581291198730e-01 8.033590316772460938e-01 -5.585307478904724121e-01 -2.169335782527923584e-01 1.492425519973039627e-02 -2.564826905727386475e-01 8.870798163115978241e-03 1.316328048706054688e-01 -1.417791247367858887e-01 5.064424872398376465e-01 -5.658002495765686035e-01 1.453958898782730103e-01 -3.791921138763427734e-01 1.241409406065940857e-01 2.085289061069488525e-01 1.697679013013839722e-01 -5.064412951469421387e-01 4.394362866878509521e-01 -7.273386698216199875e-03 -3.107502758502960205e-01 -2.727129310369491577e-02 -4.875629544258117676e-01 1.888868212699890137e-01 2.445795089006423950e-01 5.530216097831726074e-01
1.006685018539428711e+00 -7.923597097396850586e-01 8.059188127517700195e-01 -4.263160526752471924e-01 2.152749598026275635e-01 -5.062256380915641785e-02 -3.118892014026641846e-01 -1.063665628433227539e+00 -4.609546959400177002e-01 -5.517560243606567383e-01 -2.062032185494899750e-02 -1.249521255493164062e+00 -6.008569616824388504e-03 -1.469362825155258179e-01 -3.136073350906372070e-01 5.667531397193670273e-03 -7.029892802238464355e-01 -5.815644264221191406e-01 -3.295115530490875244e-01 3.447582423686981201e-01 -7.000640034675598145e-02 4.091379642486572266e-01 2.090838849544525146e-01 -3.608278632164001465e-01 -3.327690958976745605e-01 3.475673794746398926e-01 -3.564925491809844971e-01 2.354997992515563965e-01 -5.525885894894599915e-02 -5.182092189788818359e-01 1.032928302884101868e-01 -5.162805318832397461e-01 -6.686455011367797852e-01 9.736612439155578613e-02 4.033893346786499023e-02 -4.350474178791046143e-01 -2.046955525875091553e-01 -1.906755864620208740e-01 7.814515382051467896e-03 6.172790527343750000e-01 -2.059209644794464111e-01 -3.158060312271118164e-01 -4.157201051712036133e-01 -4.142152965068817139e-01 -3.206945583224296570e-02 -7.808883786201477051e-01 3.270530104637145996e-01 -1.437258571386337280e-01 -1.503270268440246582e-01 4.834486544132232666e-02 -3.578612506389617920e-01 -3.294472396373748779e-01 -4.013479948043823242e-01 -1.184397041797637939e-01 -3.534921109676361084e-01 -5.499741062521934509e-02 -8.609409630298614502e-02 -5.289742350578308105e-01 -8.012629300355911255e-02 6.865600347518920898e-01 -5.471972227096557617e-01 3.012656792998313904e-02 4.521345496177673340e-01 1.013506203889846802e-02
5.476825237274169922e-01 -8.811151385307312012e-01 -6.947957873344421387e-01 2.636011317372322083e-02 -2.670785784721374512e-02 -8.444390296936035156e-01 6.997437477111816406e-01 -6.052477359771728516e-01 -3.514462113380432129e-01 -6.085063517093658447e-02 -1.431605964899063110e-01 -6.186679005622863770e-01 -4.056729674339294434e-01 -3.995363116264343262e-01 -1.673408746719360352e-01 2.324645034968852997e-02 -2.563141658902168274e-02 -8.260437846183776855e-01 -3.564157187938690186e-01 3.797122538089752197e-01 9.226760268211364746e-02 7.635512948036193848e-01 2.238904535770416260e-01 -5.199014544486999512e-01 1.926541030406951904e-01 1.014993935823440552e-01 -3.275092840194702148e-01 1.704547405242919922e-01 6.691286563873291016e-01 -3.269886374473571777e-01 -7.144103050231933594e-01 -5.552595853805541992e-01 -1.577026993036270142e-01 -1.332349777221679688e-01 -2.538736462593078613e-01 -3.403245508670806885e-01 -3.418193385004997253e-02 -6.628271192312240601e-03 -1.275456789880990982e-02 9.213753044605255127e-02 5.107190012931823730e-01 -7.288990914821624756e-02 -7.708331346511840820e-01 3.139537200331687927e-02 -2.403708994388580322e-01 -7.737736701965332031e-01 2.420308440923690796e-01 -6.593788266181945801e-01 2.140423804521560669e-01 2.364222519099712372e-02 6.241370439529418945e-01 -1.056648850440979004e+00 3.123285770416259766e-01 1.558450311422348022e-01 4.043634235858917236e-02 -1.783859170973300934e-02 -4.694691002368927002e-01 -1.672403216361999512e-01 -1.118454575538635254e+00 8.474175631999969482e-02 -3.214124441146850586e-01 -1.044274568557739258e-01 7.059816718101501465e-01 -3.736645728349685669e-02
5.727989077568054199e-01 -7.340838760137557983e-02 2.735219001770019531e-01 -7.219917774200439453e-01 7.332641482353210449e-01 1.379053145647048950e-01 2.255493104457855225e-01 7.080022990703582764e-02 -1.445771306753158569e-01 9.655982255935668945e-02 -3.308971179649233818e-03 3.227584064006805420e-01 -6.590932011604309082e-01 1.450885925441980362e-02 -4.678427577018737793e-01 9.545731544494628906e-01 -2.381314188241958618e-01 7.739050686359405518e-02 -3.312366306781768799e-01 8.839340507984161377e-02 -1.503207534551620483e-01 9.375234842300415039e-01 -2.477627247571945190e-01 -4.184460639953613281e-01 -9.350769221782684326e-02 2.602823972702026367e-01 -6.921140551567077637e-01 -1.713472306728363037e-01 -5.957679450511932373e-02 2.403469681739807129e-01 -4.959549307823181152e-01 -4.636005163192749023e-01 5.380596518516540527e-01 5.560957789421081543e-01 -6.023881435394287109e-01 -2.034525126218795776e-01 -7.244728803634643555e-01 -4.502221047878265381e-01 2.230314165353775024e-01 9.167432435788214207e-04 8.654152750968933105e-01 -4.857458174228668213e-01 -1.098201870918273926e-01 -1.041382700204849243e-01 3.258707523345947266e-01 -4.228262603282928467e-02 6.516636908054351807e-02 -1.808121502399444580e-01 -2.151843607425689697e-01 -4.298749566078186035e-01 2.173694968223571777e-01 2.571476437151432037e-02 3.748451545834541321e-02 4.937623143196105957e-01 2.537784278392791748e-01 9.224712103605270386e-02 3.038591444492340088e-01 5.832353606820106506e-02 -1.011483371257781982e-01 4.408982992172241211e-01 -6.802146434783935547e-01 8.022459596395492554e-02 -4.684477746486663818e-01 1.962274610996246338e-01
4.585936069488525391e-01 -4.741998612880706787e-01 3.244728595018386841e-02 -5.174646973609924316e-01 5.172491073608398438e-01 -1.019493490457534790e-01 -3.885918855667114258e-01 -1.460221648216247559e+00 -5.454787611961364746e-01 -2.643875777721405029e-01 3.734063208103179932e-01 -9.320659041404724121e-01 2.909424901008605957e-02 -5.082153677940368652e-01 -4.976383447647094727e-01 6.580353379249572754e-01 -7.491474151611328125e-01 -1.973548531532287598e-02 -2.771890461444854736e-01 5.091624855995178223e-01 -1.949408277869224548e-02 8.364816755056381226e-02 7.264475822448730469e-01 -5.194910168647766113e-01 1.679752767086029053e-01 -3.137429058551788330e-01 1.432041376829147339e-01 -5.397199988365173340e-01 7.799184322357177734e-01 5.440142005681991577e-03 -9.291784763336181641e-01 -1.205557055072858930e-05 -5.577812194824218750e-01 -3.882175385951995850e-01 -6.319862008094787598e-01 5.086956173181533813e-02 -6.870142817497253418e-01 -9.217003583908081055e-01 1.261560916900634766e+00 -2.998948842287063599e-02 -9.377727657556533813e-02 -2.235222756862640381e-01 6.324946880340576172e-02 2.586369588971138000e-02 7.698397040367126465e-01 8.664941787719726562e-01 -6.500960588455200195e-01 2.252539098262786865e-01 4.396378993988037109e-01 -8.358561396598815918e-01 -9.496214985847473145e-02 2.656938433647155762e-01 7.375535964965820312e-01 8.292780071496963501e-02 1.203028261661529541e-01 2.446213215589523315e-01 1.676093637943267822e-01 5.775025486946105957e-02 -1.063340663909912109e+00 2.274031490087509155e-01 -3.322013616561889648e-01 -3.219085633754730225e-01 6.145421862602233887e-01 -1.046462580561637878e-01
1.920994669198989868e-01 -5.275948643684387207e-01 4.268178939819335938e-01 -3.100820183753967285e-01 8.186491131782531738e-01 2.128635197877883911e-01 8.987610042095184326e-02 7.687608897686004639e-02 -3.546400666236877441e-01 3.634838163852691650e-01 -9.046713262796401978e-02 -3.491399288177490234e-01 -1.084270834922790527e+00 1.473332643508911133e-01 -6.865081787109375000e-01 1.004532217979431152e+00 -4.297915101051330566e-01 -1.021903082728385925e-01 -2.944594621658325195e-01 -5.639981105923652649e-02 8.616820722818374634e-02 9.111986160278320312e-01 -3.395767509937286377e-01 5.962777510285377502e-02 -2.750901281833648682e-01 5.289453268051147461e-01 3.718942105770111084e-01 -9.169560074806213379e-01 -2.152435034513473511e-01 2.373295873403549194e-01 -1.522156149148941040e-01 -1.747073978185653687e-01 3.463741242885589600e-01 -3.859917819499969482e-01 -5.091291666030883789e-01 -2.261212617158889771e-01 6.959830969572067261e-02 -3.817766904830932617e-01 -1.746788471937179565e-01 -3.053898364305496216e-02 3.755086660385131836e-02 -2.967271804809570312e-01 -1.277508735656738281e-01 1.612030901014804840e-02 1.397448629140853882e-01 3.156044483184814453e-01 -2.327494919300079346e-01 -6.037807464599609375e-01 2.817112803459167480e-01 -3.655813038349151611e-01 3.541736006736755371e-01 -4.215457141399383545e-01 3.161647021770477295e-01 2.650054693222045898e-01 3.477981090545654297e-01 1.925635933876037598e-01 3.543535172939300537e-01 -3.706725835800170898e-01 -3.057826161384582520e-01 5.170511603355407715e-01 -1.730244606733322144e-01 1.463625133037567139e-01 1.354532539844512939e-01 4.744401276111602783e-01
4.307331144809722900e-01 1.812101602554321289e-01 -1.964658349752426147e-01 -1.630054861307144165e-01 3.326509892940521240e-01 3.548428416252136230e-01 3.919140696525573730e-01 -2.442295700311660767e-01 -1.268477290868759155e-01 1.567163318395614624e-01 -3.101113736629486084e-01 -1.882616877555847168e-01 -1.019070982933044434e+00 -3.268077671527862549e-01 -1.844004243612289429e-01 7.662207484245300293e-01 -3.620514273643493652e-01 -5.529152695089578629e-03 -2.405838519334793091e-01 -4.807106778025627136e-02 -4.724489450454711914e-01 6.088453531265258789e-01 -5.672783590853214264e-03 -3.645896613597869873e-01 -8.240371197462081909e-02 -1.200798898935317993e-01 -3.945512175559997559e-01 -4.699358940124511719e-01 -1.814226210117340088e-01 -9.342826157808303833e-02 1.257550567388534546e-01 -6.122549772262573242e-01 -1.773503609001636505e-02 -2.968160808086395264e-01 -8.239073157310485840e-01 -1.293899416923522949e-01 -7.842229008674621582e-01 -4.036382138729095459e-01 -1.647214889526367188e-01 6.626977026462554932e-02 5.287460088729858398e-01 -3.012920916080474854e-01 -4.123927280306816101e-02 -3.469307124614715576e-01 -4.993361532688140869e-01 2.303150892257690430e-01 -3.091898262500762939e-01 -4.152696728706359863e-01 9.268476814031600952e-02 -7.334768176078796387e-01 1.123308986425399780e-01 -2.693048715591430664e-01 1.666105389595031738e-01 1.289255172014236450e-01 1.443069875240325928e-01 -2.021763920783996582e-01 4.495964646339416504e-01 -1.318087428808212280e-02 -1.671881079673767090e-01 1.037745103240013123e-01 -3.854111433029174805e-01 3.704605158418416977e-03 5.246020555496215820e-01 7.711059451103210449e-01
5.244121551513671875e-01 -6.961717456579208374e-02 -2.205500155687332153e-01 -3.216729760169982910e-01 9.860487580299377441e-01 -1.517208069562911987e-01 5.464196205139160156e-01 -1.007329300045967102e-02 -5.392311811447143555e-01 5.791088938713073730e-01 2.665487863123416901e-02 -4.368125498294830322e-01 -6.440654397010803223e-01 -1.458458602428436279e-01 -5.294802784919738770e-01 5.945996046066284180e-01 -9.559802711009979248e-02 -1.810015439987182617e-01 -2.147775292396545410e-01 3.744278550148010254e-01 -6.429485231637954712e-02 8.371604084968566895e-01 -4.107728600502014160e-01 -5.544738173484802246e-01 -2.908979356288909912e-01 -6.282933056354522705e-02 -4.785445332527160645e-01 -3.699373304843902588e-01 3.607740700244903564e-01 -1.868475079536437988e-01 -3.061527311801910400e-01 -2.006760835647583008e-01 8.002431392669677734e-01 -1.279581785202026367e-01 -6.774178147315979004e-01 8.713392168283462524e-02 -1.876012831926345825e-01 5.869284272193908691e-03 1.362822651863098145e-01 1.700450330972671509e-01 3.387668728828430176e-01 -8.649299740791320801e-01 -1.355711370706558228e-01 2.111270837485790253e-02 -2.155783772468566895e-01 -3.284207731485366821e-02 2.479005418717861176e-02 -7.245864868164062500e-01 1.758709251880645752e-01 -4.691469073295593262e-01 1.188767477869987488e-01 -4.135988950729370117e-01 4.979436844587326050e-02 1.851187050342559814e-01 4.061927795410156250e-01 9.786913543939590454e-02 -2.455985918641090393e-02 1.305172741413116455e-01 -3.427160978317260742e-01 4.014049768447875977e-01 1.861010640859603882e-01 3.652600347995758057e-01 -1.822275966405868530e-01 2.662914395332336426e-01
3.573479950428009033e-01 -3.645415008068084717e-01 5.919041037559509277e-01 -5.033795833587646484e-01 3.576975464820861816e-01 -3.419632017612457275e-01 -1.472223997116088867e-01 -9.297921657562255859e-01 -6.136083006858825684e-01 7.798161506652832031e-01 2.369295656681060791e-01 -7.341763377189636230e-01 -7.255356907844543457e-01 4.210210964083671570e-02 1.183152794837951660e-01 1.233581006526947021e-01 -6.478801965713500977e-01 1.073727607727050781e-01 -7.159268856048583984e-02 4.116868376731872559e-01 -2.903586924076080322e-01 7.689779996871948242e-01 2.651254236698150635e-01 -1.324764937162399292e-01 8.245605044066905975e-03 4.349307715892791748e-01 3.156205415725708008e-01 1.073755621910095215e-01 9.690368771553039551e-01 -3.260314092040061951e-02 -9.656369090080261230e-01 -4.526496231555938721e-01 -3.457837104797363281e-01 6.464532017707824707e-01 -4.554910063743591309e-01 5.232271552085876465e-01 -6.341199874877929688e-01 -1.423319339752197266e+00 5.486324056982994080e-02 2.805815935134887695e-01 -1.065754652023315430e+00 -4.046736657619476318e-01 2.715833112597465515e-02 -2.025501281023025513e-01 6.842430830001831055e-01 -1.623729914426803589e-01 -3.339067474007606506e-02 -3.208512663841247559e-01 -1.232519447803497314e-01 -6.923825144767761230e-01 -3.900642991065979004e-01 1.376221328973770142e-01 9.568684101104736328e-01 -4.853773862123489380e-02 -2.666277289390563965e-01 7.335078716278076172e-01 7.748541235923767090e-02 3.687337040901184082e-01 -8.644823431968688965e-01 -3.609719574451446533e-01 -6.422368884086608887e-01 -6.350709497928619385e-02 1.007974386215209961e+00 4.086287021636962891e-01
5.893966555595397949e-01 -4.092995077371597290e-02 3.888997435569763184e-02 -6.946966052055358887e-01 1.205689668655395508e+00 -2.138975858688354492e-01 3.060753047466278076e-01 -1.534365713596343994e-01 -3.208116888999938965e-01 -8.269448578357696533e-02 -5.889141187071800232e-02 -1.609751582145690918e-01 -9.770930409431457520e-01 -3.375288248062133789e-01 -5.953535437583923340e-02 4.866326749324798584e-01 3.415160179138183594e-01 -3.052609264850616455e-01 -1.884266585111618042e-01 4.221258759498596191e-01 -1.595810949802398682e-01 7.112215757369995117e-01 -1.382620632648468018e-01 -6.064010262489318848e-01 4.032815396785736084e-01 -8.733345568180084229e-02 -3.784775137901306152e-01 -5.793721079826354980e-01 -4.526856541633605957e-01 2.148051001131534576e-02 -2.072910815477371216e-01 -4.349208772182464600e-01 8.146494030952453613e-01 1.528631150722503662e-01 -4.504549503326416016e-01 -4.382069408893585205e-01 -2.521460950374603271e-01 -2.170505076646804810e-01 3.809136748313903809e-01 5.206077694892883301e-01 4.126055836677551270e-01 3.837402164936065674e-01 -5.674061551690101624e-02 -2.752288877964019775e-01 -1.201314479112625122e-01 1.844497770071029663e-01 1.066387966275215149e-01 -1.752837747335433960e-01 1.511188298463821411e-01 -9.126255512237548828e-01 2.534925341606140137e-01 1.893701218068599701e-02 3.243556320667266846e-01 -8.716249465942382812e-02 3.896128237247467041e-01 2.459788471460342407e-01 4.472898840904235840e-01 -1.267640590667724609e-01 -3.188583254814147949e-02 5.079867243766784668e-01 -4.717854559421539307e-01 -1.139860972762107849e-02 -2.969618141651153564e-01 4.941384494304656982e-01
4.391206502914428711e-01 3.550743758678436279e-01 -2.693718969821929932e-01 2.549956738948822021e-01 3.796559572219848633e-01 -2.882898412644863129e-02 4.114418029785156250e-01 -2.620929479598999023e-01 -6.155872941017150879e-01 9.856295585632324219e-02 -6.185162663459777832e-01 -9.078723937273025513e-02 -9.647458195686340332e-01 -7.644841670989990234e-01 -4.286192059516906738e-01 6.472942829132080078e-01 6.784246861934661865e-02 2.477477043867111206e-01 -2.312764823436737061e-01 -2.110642194747924805e-01 -4.947156906127929688e-01 8.218770027160644531e-01 -1.466833055019378662e-01 -2.449906021356582642e-01 -6.402241587638854980e-01 7.355881482362747192e-02 -3.889356255531311035e-01 -6.199128031730651855e-01 4.692150652408599854e-02 -2.037609666585922241e-01 -4.500721693038940430e-01 -3.664116859436035156e-01 -2.300905138254165649e-01 1.902858167886734009e-02 -7.305482625961303711e-01 -5.722846388816833496e-01 -1.265868693590164185e-01 -4.385100603103637695e-01 3.689411282539367676e-02 -7.020968198776245117e-02 7.290686368942260742e-01 -1.370423883199691772e-01 -8.092918992042541504e-02 -3.385242223739624023e-01 -4.902696982026100159e-02 -8.125616610050201416e-02 7.373429834842681885e-02 -3.021040558815002441e-01 -1.103981677442789078e-02 -5.119348168373107910e-01 2.643811702728271484e-01 -3.818024396896362305e-01 2.782550752162933350e-01 1.509241014719009399e-01 8.669293485581874847e-03 -4.905294254422187805e-02 2.743209302425384521e-01 1.319601237773895264e-01 -4.248633980751037598e-01 2.038006484508514404e-02 -1.898484081029891968e-01 4.561658576130867004e-02 3.214924037456512451e-01 4.035182595252990723e-01
7.647824883460998535e-01 2.122568637132644653e-01 -4.529437795281410217e-02 4.530573189258575439e-01 -3.363486006855964661e-02 -1.073652412742376328e-02 1.643433272838592529e-01 -7.537648081779479980e-01 -4.925698339939117432e-01 6.885972619056701660e-01 4.021242558956146240e-01 -1.723369956016540527e+00 -8.389179110527038574e-01 -7.814355492591857910e-01 -6.261540055274963379e-01 7.228586822748184204e-02 1.548187136650085449e-01 -3.390863537788391113e-01 -1.382446754723787308e-02 8.419703245162963867e-01 -1.170318797230720520e-01 1.074825882911682129e+00 1.571470350027084351e-01 -5.749542713165283203e-01 -4.498227834701538086e-01 2.983158826828002930e-01 -5.408273935317993164e-01 8.768193423748016357e-02 5.200574398040771484e-01 -1.960395127534866333e-01 -2.943216264247894287e-01 -2.583141326904296875e-01 -4.424302279949188232e-01 -1.284737884998321533e-01 8.639424294233322144e-02 -3.821947872638702393e-01 -1.161930244415998459e-02 -3.039636909961700439e-01 3.214175403118133545e-01 4.390329588204622269e-03 3.980538249015808105e-01 -9.559645503759384155e-02 -4.089637473225593567e-02 -1.362695842981338501e-01 3.441776335239410400e-01 -8.403972722589969635e-03 -2.390647232532501221e-01 -5.003829002380371094e-01 -2.145492099225521088e-02 5.342340469360351562e-01 6.253924965858459473e-01 -2.426107823848724365e-01 6.582158207893371582e-01 2.514588534832000732e-01 1.058853149414062500e+00 -9.696217626333236694e-02 -4.316754937171936035e-01 1.588459610939025879e-01 -4.687751233577728271e-01 1.620857268571853638e-01 -5.370907187461853027e-01 1.194272935390472412e-01 9.719696044921875000e-01 1.910557448863983154e-01
3.581375479698181152e-01 -1.512211203575134277e+00 6.535899043083190918e-01 -6.305999159812927246e-01 5.499930381774902344e-01 -1.816046983003616333e-01 -3.146710991859436035e-01 -1.040823981165885925e-01 -1.062493085861206055e+00 5.010920763015747070e-01 -6.357408761978149414e-01 -1.246516823768615723e+00 -1.413380980491638184e+00 -4.259685277938842773e-01 2.517101168632507324e-01 5.677995085716247559e-02 -1.086397051811218262e+00 -1.253071278333663940e-01 -6.552358269691467285e-01 1.433749794960021973e-01 1.442194133996963501e-01 8.479627370834350586e-01 9.543133527040481567e-02 -9.473685026168823242e-01 4.344837665557861328e-01 3.196815252304077148e-01 -3.816037476062774658e-01 1.276589870452880859e+00 7.930688858032226562e-01 -7.179510593414306641e-01 2.229110300540924072e-01 -1.162240982055664062e+00 -3.839994966983795166e-01 -1.539359986782073975e-01 -9.075818061828613281e-01 -7.547264099121093750e-01 5.291808247566223145e-01 -1.868981271982192993e-01 1.679090738296508789e+00 4.745309054851531982e-01 6.552067995071411133e-01 -5.742486715316772461e-01 3.088070154190063477e-01 -1.400966942310333252e-01 2.235324680805206299e-02 1.150397025048732758e-02 -5.208324193954467773e-01 1.010305523872375488e+00 -4.675275981426239014e-01 -6.619261503219604492e-01 7.874016165733337402e-01 -1.143381118774414062e+00 2.582082748413085938e-01 -7.594923973083496094e-01 2.139891386032104492e-01 8.235147595405578613e-01 6.654676198959350586e-01 -3.745687603950500488e-01 -2.104041576385498047e-01 -4.104045033454895020e-01 -7.640480995178222656e-01 3.664957582950592041e-01 1.118205666542053223e+00 5.053727626800537109e-01
6.138516068458557129e-01 3.758084774017333984e-02 9.233929216861724854e-03 -6.771956384181976318e-02 8.432347178459167480e-01 -3.361512720584869385e-01 -5.600244402885437012e-01 -1.321205943822860718e-01 1.266488283872604370e-01 -6.886536478996276855e-01 2.107363939285278320e-01 -9.906348586082458496e-01 -1.569175243377685547e+00 -2.020317018032073975e-01 1.860707700252532959e-01 1.494411081075668335e-01 -6.339638233184814453e-01 5.828855931758880615e-02 -1.231529355049133301e+00 1.298061847686767578e+00 -2.497825622558593750e-01 4.956365227699279785e-01 1.384687304496765137e+00 9.980833530426025391e-02 -5.773519277572631836e-01 7.774869203567504883e-01 -6.228647232055664062e-01 -2.972222566604614258e-01 1.074596643447875977e+00 -1.310629844665527344e+00 -4.790998697280883789e-01 -1.071512699127197266e+00 -1.819297373294830322e-01 -7.999300211668014526e-02 -1.426544666290283203e+00 -5.108094811439514160e-01 1.968922317028045654e-01 6.868700981140136719e-01 1.242943525314331055e+00 1.939783245325088501e-01 -3.476572036743164062e-02 1.463592946529388428e-01 7.367476820945739746e-02 1.092121601104736328e+00 1.537955254316329956e-01 3.681554198265075684e-01 -2.575379312038421631e-01 -1.820050179958343506e-01 9.196007847785949707e-01 -1.188452765345573425e-01 3.976948857307434082e-01 5.150259137153625488e-01 4.532369375228881836e-01 1.917303651571273804e-01 5.553033947944641113e-01 -3.433397412300109863e-02 1.822454333305358887e-01 -7.315894365310668945e-01 -3.888990581035614014e-01 3.847079575061798096e-01 -7.699052095413208008e-01 9.796667098999023438e-02 4.049386382102966309e-01 1.053625270724296570e-01
6.549835205078125000e-01 -9.409885406494140625e-01 6.278285384178161621e-01 2.761362120509147644e-02 3.843784630298614502e-01 -1.041947126388549805e+00 -7.865086197853088379e-02 -1.339553594589233398e-01 8.843697607517242432e-02 3.851552605628967285e-01 -4.420083463191986084e-01 -7.536723017692565918e-01 -6.543166637420654297e-01 -1.016678094863891602e+00 4.101410508155822754e-01 9.670153856277465820e-01 3.099219799041748047e-01 -3.900271356105804443e-01 -1.002542018890380859e+00 6.899154782295227051e-01 -5.472188591957092285e-01 1.101268768310546875e+00 1.988137662410736084e-01 5.379288196563720703e-01 1.508033573627471924e-01 3.608672320842742920e-01 -1.255801022052764893e-01 2.148272246122360229e-01 6.119693517684936523e-01 -1.024158716201782227e+00 -2.932114303112030029e-01 -7.097913622856140137e-01 3.390489220619201660e-01 6.479133665561676025e-02 -7.781642675399780273e-01 -2.999486029148101807e-02 -1.042712092399597168e+00 -2.148742377758026123e-01 1.126824259757995605e+00 2.234783023595809937e-01 -4.120271801948547363e-01 -2.683192789554595947e-01 5.275974869728088379e-01 2.747538387775421143e-01 1.593423932790756226e-01 -1.065461635589599609e-01 -2.022580504417419434e-01 -2.947837114334106445e-01 -3.211492002010345459e-01 -2.225338518619537354e-01 -6.586441993713378906e-01 -5.609102845191955566e-01 6.922328472137451172e-01 4.583829641342163086e-01 4.284940659999847412e-01 4.568766057491302490e-01 2.716529928147792816e-02 -1.149640440940856934e+00 -2.241685986518859863e-01 -7.398807406425476074e-01 -1.103138804435729980e+00 3.216607868671417236e-01 5.342135429382324219e-01 -2.632377445697784424e-01
3.995668590068817139e-01 -8.944339156150817871e-01 3.365014493465423584e-01 2.128335535526275635e-01 2.640092670917510986e-01 -1.616540253162384033e-01 -1.497878879308700562e-01 -4.381778836250305176e-01 -1.018751025199890137e+00 -6.451933979988098145e-01 -3.658991754055023193e-01 -7.292917966842651367e-01 1.898771822452545166e-01 1.105459630489349365e-01 -7.363120466470718384e-02 2.129091322422027588e-01 -1.626121550798416138e-01 -1.922980397939682007e-01 2.117873728275299072e-01 6.952112913131713867e-01 -1.563349738717079163e-02 4.852111339569091797e-01 -3.260304033756256104e-01 -5.920116901397705078e-01 4.111943393945693970e-02 2.742440700531005859e-01 -5.820704996585845947e-02 3.661140203475952148e-01 -3.088593780994415283e-01 -3.099212944507598877e-01 2.401236295700073242e-01 -9.008398652076721191e-01 -6.261426210403442383e-01 4.027126729488372803e-02 -2.039336562156677246e-01 -2.913931012153625488e-01 -5.006747245788574219e-01 -1.046356707811355591e-01 5.377478003501892090e-01 2.868287563323974609e-01 -7.321354746818542480e-01 -2.256397008895874023e-01 2.297767549753189087e-01 -1.823600828647613525e-01 1.569713056087493896e-01 -2.170032709836959839e-01 -2.387113310396671295e-02 -8.215302973985671997e-02 1.550698187202215195e-02 3.822377026081085205e-01 2.487845122814178467e-01 -3.185307979583740234e-02 -5.473625063896179199e-01 1.437621116638183594e-01 -4.146176278591156006e-01 -1.741882860660552979e-01 -3.472006693482398987e-02 -2.221941500902175903e-01 -1.766745597124099731e-01 2.672791779041290283e-01 -4.924959242343902588e-01 2.136686593294143677e-01 3.085906207561492920e-01 8.151853084564208984e-02
5.653702616691589355e-01 -2.361462116241455078e-01 6.475471258163452148e-01 4.296876490116119385e-01 -2.304043322801589966e-01 -5.696397423744201660e-01 5.268939137458801270e-01 -6.223488599061965942e-03 -3.074415028095245361e-01 1.669218391180038452e-02 3.193244338035583496e-01 -8.519367575645446777e-01 -9.293280243873596191e-01 1.748823970556259155e-01 -2.126131504774093628e-01 2.803696095943450928e-01 -3.643937706947326660e-01 -1.606321781873703003e-01 -9.555388689041137695e-01 3.420243263244628906e-01 1.325282901525497437e-01 6.829574704170227051e-01 1.712068766355514526e-01 -5.922371149063110352e-01 -2.375277727842330933e-01 -1.195829212665557861e-01 -2.742858827114105225e-01 6.020690798759460449e-01 2.054620683193206787e-01 -3.890686035156250000e-01 -7.432192564010620117e-01 -4.542975723743438721e-01 8.791632950305938721e-02 -3.713659644126892090e-01 -6.574948430061340332e-01 6.898970901966094971e-02 -1.882507503032684326e-01 -1.100964903831481934e+00 7.876024842262268066e-01 -4.088548943400382996e-02 -4.821541011333465576e-01 2.195869833230972290e-01 -1.022538542747497559e+00 3.858160227537155151e-02 -7.123259454965591431e-02 3.601717650890350342e-01 -5.943171977996826172e-01 3.252844810485839844e-01 -1.800278127193450928e-01 3.637745231389999390e-02 -4.554474651813507080e-01 2.282495647668838501e-01 3.422521054744720459e-02 6.428406387567520142e-02 5.921066403388977051e-01 2.719430029392242432e-01 5.718313455581665039e-01 -6.629823446273803711e-01 -5.978134870529174805e-01 3.000974059104919434e-01 -7.641847729682922363e-01 2.224239110946655273e-01 3.673631250858306885e-01 -2.296512722969055176e-01
3.594217449426651001e-02 2.641919814050197601e-02 3.141279891133308411e-02 -2.119431942701339722e-01 2.755397260189056396e-01 -5.515355616807937622e-03 1.581305563449859619e-01 -3.045101463794708252e-01 -4.137241244316101074e-01 -1.268458217382431030e-01 -3.511264622211456299e-01 -1.810889691114425659e-01 -1.247144103050231934e+00 -4.633059203624725342e-01 -2.756354510784149170e-01 7.157815098762512207e-01 1.508612837642431259e-02 2.479232251644134521e-01 -5.005096271634101868e-02 -2.835639379918575287e-02 -3.558317124843597412e-01 5.062417984008789062e-01 -1.897998750209808350e-01 8.804547041654586792e-02 -4.897154271602630615e-01 4.806340634822845459e-01 -4.588839411735534668e-01 -4.126943647861480713e-01 7.938082516193389893e-02 -1.878887563943862915e-01 -1.191535517573356628e-01 -4.228411912918090820e-01 -1.125272214412689209e-01 -3.285292387008666992e-01 -5.263514518737792969e-01 -5.211059749126434326e-02 -1.536273770034313202e-02 -3.936834633350372314e-01 -1.118672341108322144e-01 1.505006402730941772e-01 8.987824320793151855e-01 3.047848492860794067e-02 -4.305314123630523682e-01 -6.004061698913574219e-01 1.638224124908447266e-01 4.125009849667549133e-02 -4.315402209758758545e-01 -3.323218226432800293e-01 4.503291249275207520e-01 -6.950178146362304688e-01 4.161927476525306702e-02 -9.196999482810497284e-03 9.622449427843093872e-02 3.696113526821136475e-01 -1.119012832641601562e-01 -6.885934155434370041e-03 8.389708399772644043e-01 -3.500861674547195435e-02 -3.947952687740325928e-01 4.537815451622009277e-01 -3.973375558853149414e-01 7.371005415916442871e-02 4.068651497364044189e-01 6.372481584548950195e-01
-6.907735764980316162e-02 -1.467867046594619751e-01 4.557233303785324097e-02 6.627758592367172241e-02 8.130353689193725586e-01 1.893843337893486023e-02 -1.741139590740203857e-01 -2.271938472986221313e-01 -2.283315211534500122e-01 -2.039905488491058350e-01 7.386252284049987793e-01 -1.321289777755737305e+00 -6.974915266036987305e-01 -8.433622717857360840e-01 -4.887105524539947510e-02 3.420659899711608887e-01 -7.966959476470947266e-01 -2.216253429651260376e-01 -3.030019104480743408e-01 2.938987314701080322e-01 7.237793803215026855e-01 5.109502077102661133e-01 2.027383744716644287e-01 -2.774950861930847168e-01 -6.289612650871276855e-01 1.200638487935066223e-01 -5.385676622390747070e-01 1.782709509134292603e-01 4.305923730134963989e-02 -1.035744547843933105e-01 -8.297631144523620605e-02 -8.477724194526672363e-01 -1.609528809785842896e-01 2.840882837772369385e-01 -2.500884830951690674e-01 6.223837733268737793e-01 -6.507248282432556152e-01 5.895720422267913818e-02 2.981155812740325928e-01 -7.834948301315307617e-01 -7.269159555435180664e-01 6.999354362487792969e-01 2.310173511505126953e-01 2.958832383155822754e-01 2.512281239032745361e-01 2.352501451969146729e-01 2.840115427970886230e-01 2.730825245380401611e-01 2.814853191375732422e-01 -3.227561414241790771e-01 -6.457228958606719971e-02 -4.217461347579956055e-01 8.908451348543167114e-02 1.161192893981933594e+00 2.498832195997238159e-01 2.848291695117950439e-01 9.091276526451110840e-01 -3.915304690599441528e-02 -2.021158039569854736e-01 -4.114229083061218262e-01 -2.508739233016967773e-01 -3.101728260517120361e-01 6.004309058189392090e-01 -2.344658672809600830e-01
4.447827339172363281e-01 7.598643749952316284e-02 -1.695108562707901001e-01 -7.303903102874755859e-01 5.009732842445373535e-01 1.431340426206588745e-01 5.524932146072387695e-01 -2.409638315439224243e-01 -4.296496510505676270e-01 -9.283000230789184570e-02 -3.489523530006408691e-01 -8.796166181564331055e-01 -8.243523240089416504e-01 -2.486539632081985474e-01 -1.595014333724975586e-01 2.230081260204315186e-01 -3.214134871959686279e-01 7.432037591934204102e-01 -2.360049933195114136e-01 1.728543937206268311e-01 -4.213157892227172852e-01 1.003747344017028809e+00 -1.217442229390144348e-01 -5.153756141662597656e-01 -2.185006625950336456e-03 -1.217239052057266235e-01 -7.128278166055679321e-02 -4.688971340656280518e-01 2.331513613462448120e-01 2.049270644783973694e-02 -3.746292293071746826e-01 -6.930343508720397949e-01 1.776337027549743652e-01 1.958406865596771240e-01 -8.513982892036437988e-01 -3.501426056027412415e-02 -5.851785540580749512e-01 -2.100290209054946899e-01 2.929100021719932556e-02 -5.572951436042785645e-01 6.606355905532836914e-01 -1.111080288887023926e+00 5.368205904960632324e-02 3.918661677744239569e-04 -7.482276856899261475e-02 2.211401984095573425e-02 4.173399209976196289e-01 -5.395416021347045898e-01 4.636289551854133606e-02 -7.112866044044494629e-01 2.640799582004547119e-01 -5.528515577316284180e-02 -9.590888768434524536e-02 3.467861711978912354e-01 1.758006215095520020e-01 -1.053111851215362549e-01 2.153727114200592041e-01 9.896276146173477173e-02 -2.816909551620483398e-01 8.603985607624053955e-02 -2.213330194354057312e-02 5.252552628517150879e-01 -4.747731685638427734e-01 -1.523974537849426270e-02
1.170990228652954102e+00 -5.653635263442993164e-01 2.690295502543449402e-02 -9.619369506835937500e-01 6.986485719680786133e-01 -3.352587223052978516e-01 -3.024311065673828125e-01 1.499211490154266357e-01 2.446119636297225952e-01 -2.542158067226409912e-01 6.402049213647842407e-02 -9.975852817296981812e-02 -9.273262619972229004e-01 -1.110900342464447021e-01 -3.461486399173736572e-01 9.630873203277587891e-01 -5.942714214324951172e-01 -2.008838653564453125e-01 -5.177804827690124512e-01 -3.137410283088684082e-01 -3.264719843864440918e-01 9.599056839942932129e-01 3.533881008625030518e-01 -7.005643248558044434e-01 2.308620214462280273e-01 1.125808805227279663e-01 -2.704274952411651611e-01 3.589084446430206299e-01 3.004046082496643066e-01 2.838750779628753662e-01 -5.613938570022583008e-01 -1.119366645812988281e+00 8.190277814865112305e-01 7.315514683723449707e-01 -2.993377149105072021e-01 -3.625950813293457031e-01 -5.613489747047424316e-01 -5.931643247604370117e-01 4.308014214038848877e-01 -3.031402081251144409e-02 5.628426074981689453e-01 -4.628949165344238281e-01 -1.306051760911941528e-01 -4.649630188941955566e-02 8.771386742591857910e-01 -4.974047839641571045e-01 2.173801809549331665e-01 3.686602711677551270e-01 7.517627440392971039e-03 7.150840014219284058e-02 -2.568578720092773438e-02 -1.084014326333999634e-01 2.000101208686828613e-01 7.749916911125183105e-01 8.700456023216247559e-01 -2.941172122955322266e-01 3.501484096050262451e-01 2.675442993640899658e-01 -4.566548764705657959e-01 2.165900766849517822e-01 -8.828225731849670410e-01 6.455361247062683105e-01 -3.406731784343719482e-02 3.947802782058715820e-01
3.944007456302642822e-01 -4.219260513782501221e-01 2.648761570453643799e-01 -2.379720509052276611e-01 -2.098285108804702759e-01 -1.914523690938949585e-01 -3.468481125310063362e-03 -7.990453839302062988e-01 -4.126285016536712646e-01 -1.060531511902809143e-01 7.487807273864746094e-01 -7.790392637252807617e-01 -3.312534391880035400e-01 -4.457957148551940918e-01 -3.129331171512603760e-01 -5.292861536145210266e-02 -4.926918745040893555e-01 -1.177658677101135254e+00 -4.918826222419738770e-01 6.958968639373779297e-01 -2.522572875022888184e-01 4.008698165416717529e-01 5.247541666030883789e-01 -3.531132042407989502e-01 -7.479523867368698120e-02 2.381914258003234863e-01 5.103578791022300720e-02 2.162654846906661987e-01 4.085515141487121582e-01 -2.106605917215347290e-01 -5.291953086853027344e-01 -4.280020892620086670e-01 -2.585362792015075684e-01 -1.494807749986648560e-01 2.016352564096450806e-01 -3.178541958332061768e-01 -2.485992014408111572e-01 -1.951242536306381226e-01 1.268106251955032349e-01 5.772045850753784180e-01 2.840898931026458740e-01 6.474176049232482910e-02 -4.799753427505493164e-01 -2.949307858943939209e-01 1.467365175485610962e-01 -9.912941455841064453e-01 1.302635967731475830e-01 -7.815652489662170410e-01 4.236617088317871094e-01 3.958136439323425293e-01 3.444913625717163086e-01 -7.790549397468566895e-01 1.080027148127555847e-01 -1.541774254292249680e-02 -2.040732949972152710e-01 -2.101818658411502838e-02 -5.776652097702026367e-01 -7.334483861923217773e-01 -5.298330783843994141e-01 4.055269956588745117e-01 -7.328610420227050781e-01 1.264131814241409302e-01 7.112367749214172363e-01 -1.052491664886474609e-01
3.586952686309814453e-01 -4.228676557540893555e-01 -3.665884733200073242e-01 5.760551244020462036e-02 9.706135094165802002e-02 2.077111452817916870e-01 -2.281669713556766510e-02 -3.235598281025886536e-02 -4.613583087921142578e-01 1.093915849924087524e-01 1.855192482471466064e-01 -6.337238550186157227e-01 -1.615170121192932129e+00 1.663780361413955688e-01 -3.655109703540802002e-01 1.129719018936157227e+00 -5.140271782875061035e-01 -6.196632608771324158e-02 8.060444146394729614e-03 1.109051853418350220e-01 -4.754398465156555176e-01 5.965495705604553223e-01 2.568607963621616364e-02 3.587536811828613281e-01 9.637494385242462158e-02 5.349242091178894043e-01 -8.306496590375900269e-02 -5.554448962211608887e-01 -2.474415749311447144e-01 2.664083540439605713e-01 2.598659880459308624e-02 -1.646112501621246338e-01 8.099004626274108887e-02 -5.187861919403076172e-01 -9.855319261550903320e-01 -9.039252996444702148e-02 -2.587354183197021484e-01 -2.110785841941833496e-01 6.669554114341735840e-02 1.502586156129837036e-01 1.161323338747024536e-01 -7.688801735639572144e-02 -3.740077614784240723e-01 -4.720156490802764893e-01 -2.878012955188751221e-01 5.174050331115722656e-01 5.032673478126525879e-02 -3.486172258853912354e-01 4.207684099674224854e-01 -4.602847099304199219e-01 1.279378682374954224e-01 -4.578979015350341797e-01 -1.137780845165252686e-01 1.712734699249267578e-01 -3.938454762101173401e-02 -2.978474199771881104e-01 5.283810496330261230e-01 -1.090014446526765823e-02 -1.473345160484313965e-01 3.388689160346984863e-01 -7.625824809074401855e-01 -2.210620939731597900e-01 5.450257658958435059e-01 5.994872450828552246e-01
1.893589645624160767e-01 -5.040075778961181641e-01 1.281863003969192505e-01 -1.164109706878662109e-01 4.444299638271331787e-01 2.255568057298660278e-01 -1.461386121809482574e-02 -3.233065605163574219e-01 -3.664079904556274414e-01 2.790759503841400146e-01 3.674544095993041992e-01 -7.255182862281799316e-01 -1.577841281890869141e+00 -3.018744662404060364e-02 -4.233615100383758545e-01 7.438504695892333984e-01 -3.034959137439727783e-01 -3.450312018394470215e-01 -5.144045874476432800e-02 1.555607169866561890e-01 -2.201574742794036865e-01 3.578326404094696045e-01 -1.502402219921350479e-02 -3.598021566867828369e-01 4.599033594131469727e-01 2.379762083292007446e-01 1.763336062431335449e-01 -2.222757637500762939e-01 -4.293353557586669922e-01 4.998646676540374756e-01 -2.438307255506515503e-01 -4.710830450057983398e-01 1.853268146514892578e-01 -3.303948938846588135e-01 -1.074786305427551270e+00 -6.684249639511108398e-01 -4.243690967559814453e-01 -1.441875696182250977e-01 -1.435387581586837769e-01 -1.004339195787906647e-02 -1.760988980531692505e-01 4.223529994487762451e-01 -5.286886915564537048e-02 -5.192034244537353516e-01 -6.048464179039001465e-01 3.278725147247314453e-01 1.735295951366424561e-01 -8.530303090810775757e-02 2.306797653436660767e-01 -5.507367849349975586e-01 2.158382534980773926e-01 -4.097183644771575928e-01 4.293850362300872803e-01 -2.851952016353607178e-01 -7.204668968915939331e-02 2.463402599096298218e-01 6.625557541847229004e-01 1.044228598475456238e-01 1.234161667525768280e-02 7.912649512290954590e-01 -9.200990796089172363e-01 -1.385692209005355835e-01 -1.014164611697196960e-01 5.942972302436828613e-01
3.406162261962890625e-01 -4.620866775512695312e-01 9.865862876176834106e-02 -6.911960244178771973e-01 6.768278479576110840e-01 1.676489710807800293e-01 -6.258406490087509155e-02 -8.913052082061767578e-01 -4.096792042255401611e-01 1.618592292070388794e-01 1.824237108230590820e-01 -7.055473327636718750e-01 5.228547751903533936e-02 2.549576163291931152e-01 -3.714421093463897705e-01 5.900536775588989258e-01 -5.550844073295593262e-01 2.843009233474731445e-01 -2.711747884750366211e-01 1.018691807985305786e-01 -3.132171928882598877e-01 7.363240122795104980e-01 6.054026484489440918e-01 -2.013717591762542725e-01 -2.719349861145019531e-01 5.499469116330146790e-02 5.631050840020179749e-02 -7.340067028999328613e-01 8.773740530014038086e-01 -5.083304643630981445e-02 -9.302640557289123535e-01 -4.992535412311553955e-01 -4.676920175552368164e-01 1.090143173933029175e-01 -5.289952158927917480e-01 4.562107026576995850e-01 -4.154223576188087463e-02 -7.613515853881835938e-01 6.864342093467712402e-01 -1.104100346565246582e-01 -4.888283014297485352e-01 -5.169627070426940918e-01 3.561547771096229553e-02 -2.491052150726318359e-01 2.584525048732757568e-01 2.695314884185791016e-01 -6.147114634513854980e-01 -2.900524735450744629e-01 -7.903176546096801758e-02 -7.264371514320373535e-01 -1.658276021480560303e-01 2.230917364358901978e-01 9.308633804321289062e-01 1.685151755809783936e-01 -2.666352093219757080e-01 3.215164840221405029e-01 -5.697603523731231689e-02 4.552691578865051270e-01 -8.450892567634582520e-01 -1.825233250856399536e-01 -5.271821618080139160e-01 2.170200198888778687e-01 2.999500036239624023e-01 1.416033599525690079e-02
6.702423691749572754e-01 -6.393352746963500977e-01 4.097183048725128174e-01 -1.050766482949256897e-01 4.528902769088745117e-01 -4.279721975326538086e-01 -3.710250928997993469e-02 -4.368102252483367920e-01 -9.145070314407348633e-01 -2.803299017250537872e-02 1.481254696846008301e-01 -9.761066436767578125e-01 -9.984229803085327148e-01 -2.851922214031219482e-01 -2.478151321411132812e-01 7.523328065872192383e-01 -6.299105286598205566e-01 -2.165704667568206787e-01 -5.124786496162414551e-01 6.539011001586914062e-01 -2.464244514703750610e-02 1.056853890419006348e+00 2.442588806152343750e-01 -8.899569511413574219e-01 -2.316800057888031006e-01 5.789188146591186523e-01 -2.772445678710937500e-01 -3.024578988552093506e-01 4.856078028678894043e-01 -3.196671903133392334e-01 -5.522783398628234863e-01 -7.213097810745239258e-01 -3.274496495723724365e-01 9.046207368373870850e-02 -6.885836124420166016e-01 -2.266286760568618774e-01 -6.643020510673522949e-01 -3.099594712257385254e-01 5.519489645957946777e-01 -1.188113018870353699e-01 2.388781681656837463e-02 3.703878447413444519e-02 -2.710605263710021973e-01 -1.598460786044597626e-02 5.062844138592481613e-03 -7.999292761087417603e-02 1.700245290994644165e-01 -2.867377996444702148e-01 1.278887689113616943e-01 -2.367316484451293945e-01 2.960507273674011230e-01 -2.110124826431274414e-01 3.194957971572875977e-01 4.844114482402801514e-01 -4.586019553244113922e-03 1.383095979690551758e-01 4.953107833862304688e-01 -2.482130229473114014e-01 -4.187995195388793945e-01 1.277224421501159668e-01 -5.021150708198547363e-01 1.602741479873657227e-01 5.281160473823547363e-01 3.015383183956146240e-01
4.455632865428924561e-01 -4.435634911060333252e-01 1.063709020614624023e+00 -1.784896552562713623e-01 -3.029788136482238770e-01 -2.137385159730911255e-01 1.341584511101245880e-02 -2.959483861923217773e-01 9.762680158019065857e-03 3.907012641429901123e-01 2.107526659965515137e-01 -7.156721949577331543e-01 -1.034474134445190430e+00 -4.395481944084167480e-01 2.814629115164279938e-03 9.025223851203918457e-01 3.193056955933570862e-02 -9.587927460670471191e-01 -1.208033084869384766e+00 1.131062746047973633e+00 4.815811216831207275e-01 8.684546947479248047e-01 4.671354889869689941e-01 -2.452071160078048706e-01 2.316855192184448242e-01 2.352817803621292114e-01 -1.706258356571197510e-01 -1.162447333335876465e-01 2.828438282012939453e-01 -1.797940135002136230e-01 -8.772051334381103516e-02 -6.809597015380859375e-01 -7.035256028175354004e-01 -5.979532599449157715e-01 -8.922950625419616699e-01 -9.270455688238143921e-02 1.597696393728256226e-01 1.019038185477256775e-01 1.145047903060913086e+00 -1.049062088131904602e-01 2.528115510940551758e-01 -2.659795805811882019e-02 3.347379267215728760e-01 1.280224472284317017e-01 3.007126748561859131e-01 3.909043967723846436e-02 1.630021445453166962e-02 7.317600846290588379e-01 -3.319729864597320557e-01 -8.850165605545043945e-01 8.390898257493972778e-02 -2.590799629688262939e-01 2.793207764625549316e-03 7.780838608741760254e-01 -1.242073774337768555e-01 -3.516432642936706543e-02 -2.234891504049301147e-01 5.659275650978088379e-01 -7.588564753532409668e-01 4.525703489780426025e-01 -5.291453003883361816e-01 5.423547029495239258e-01 4.121620059013366699e-01 1.599114686250686646e-01
7.605961561203002930e-01 -2.334962189197540283e-01 7.962519526481628418e-01 -7.770872712135314941e-01 3.203409016132354736e-01 -8.434827923774719238e-01 -4.973644614219665527e-01 -2.437902390956878662e-01 -2.456368505954742432e-01 2.356860935688018799e-01 -4.230337440967559814e-01 -1.369976878166198730e+00 -8.227056860923767090e-01 1.038103774189949036e-01 2.739703357219696045e-01 7.147330790758132935e-02 -1.238277435302734375e+00 1.099884659051895142e-01 -7.234143018722534180e-01 5.407020449638366699e-01 -3.526793792843818665e-02 1.264641582965850830e-01 2.231226116418838501e-01 -1.991064250469207764e-01 -9.989535808563232422e-01 1.134275272488594055e-01 2.918143272399902344e-01 4.985316991806030273e-01 7.344446182250976562e-01 -4.742178600281476974e-03 -5.911927819252014160e-01 -5.492750406265258789e-01 -4.605843126773834229e-01 9.856338798999786377e-02 -7.690260410308837891e-01 -4.808748960494995117e-01 -5.820860862731933594e-01 4.931493699550628662e-01 3.547835946083068848e-01 2.061608247458934784e-02 3.397555649280548096e-01 8.000742197036743164e-01 -6.550625562667846680e-01 2.964126765727996826e-01 8.279762417078018188e-02 7.767070531845092773e-01 -9.530906379222869873e-02 -3.786318302154541016e-01 -4.057026281952857971e-02 -7.980965971946716309e-01 -2.433682978153228760e-01 -2.348205000162124634e-01 3.410522267222404480e-02 5.267696380615234375e-01 7.482076287269592285e-01 9.025423526763916016e-01 -1.929967254400253296e-01 4.452151954174041748e-01 -8.057135343551635742e-01 4.627699851989746094e-01 -7.822766900062561035e-01 6.048583984375000000e-01 7.587453722953796387e-01 5.545493364334106445e-01
5.620080828666687012e-01 6.402751803398132324e-02 -2.775938510894775391e-01 -4.793526604771614075e-02 -4.982111230492591858e-02 -4.173984527587890625e-01 -8.841268420219421387e-01 1.846991777420043945e-01 -3.849874138832092285e-01 -5.230805277824401855e-02 2.431247383356094360e-01 -1.154421091079711914e+00 -1.729830861091613770e+00 9.857958555221557617e-02 -5.092419981956481934e-01 8.593503832817077637e-01 -7.848767638206481934e-01 -2.656349539756774902e-01 3.677522297948598862e-03 4.116944074630737305e-01 -1.394635885953903198e-01 7.671219706535339355e-01 1.280116140842437744e-01 2.103406935930252075e-01 4.081217348575592041e-01 3.931680321693420410e-01 7.689852267503738403e-02 -5.794641971588134766e-01 3.725462257862091064e-01 3.902999684214591980e-02 -1.030986085534095764e-01 -1.562126129865646362e-01 3.631816804409027100e-01 -7.436179518699645996e-01 -1.230483055114746094e+00 -4.323446750640869141e-01 -4.859606027603149414e-01 -2.944258451461791992e-01 -2.105413824319839478e-01 3.720575869083404541e-01 1.275038570165634155e-01 -8.411367982625961304e-02 -1.101614236831665039e-01 -7.915413379669189453e-01 4.426908865571022034e-02 6.503157019615173340e-01 -4.385998547077178955e-01 2.890123426914215088e-02 1.090064197778701782e-01 -3.966488242149353027e-01 1.498856097459793091e-01 -3.986243903636932373e-01 -8.450003862380981445e-01 3.878838717937469482e-01 1.207076013088226318e-02 -5.170533061027526855e-01 5.910671353340148926e-01 -6.631522625684738159e-02 -6.762443184852600098e-01 4.445850551128387451e-01 -5.870870947837829590e-01 -5.269191265106201172e-01 9.176721572875976562e-01 1.504317671060562134e-01
5.774862766265869141e-01 -9.886825680732727051e-01 1.368589758872985840e+00 -7.737068831920623779e-02 7.570910453796386719e-01 -4.309243559837341309e-01 5.651919841766357422e-01 -8.674687743186950684e-01 -6.638641953468322754e-01 6.010854244232177734e-02 5.868490934371948242e-01 -1.399681568145751953e+00 -1.125373601913452148e+00 -3.987186551094055176e-01 4.449567198753356934e-01 1.126373112201690674e-01 -2.811483740806579590e-01 -1.273292005062103271e-01 2.132093720138072968e-02 1.099616959691047668e-01 2.084147185087203979e-01 1.065221548080444336e+00 -6.942374706268310547e-01 -1.263948231935501099e-01 -3.512240946292877197e-01 1.062182784080505371e+00 8.458875119686126709e-02 3.112648725509643555e-01 4.475691616535186768e-01 -4.451673012226819992e-03 -7.311748266220092773e-01 -3.116987645626068115e-02 4.908266067504882812e-01 1.091454401612281799e-01 -6.225877404212951660e-01 6.919516921043395996e-01 7.327520102262496948e-02 -3.544403612613677979e-01 1.035079121589660645e+00 2.546078562736511230e-01 4.201838672161102295e-01 7.344858050346374512e-01 -1.278023719787597656e-01 4.135921131819486618e-03 -7.302263379096984863e-01 4.020893014967441559e-03 -8.548929691314697266e-01 6.177490949630737305e-01 4.019905999302864075e-02 -3.706830739974975586e-01 7.396521568298339844e-01 -5.292669534683227539e-01 2.110355049371719360e-01 4.820679724216461182e-01 -5.785281658172607422e-01 -2.659690678119659424e-01 9.277534484863281250e-02 3.659830987453460693e-01 -1.026028513908386230e+00 2.978941798210144043e-01 -1.194171309471130371e+00 -1.419759988784790039e-01 1.140937566757202148e+00 -6.417679190635681152e-01
1.554331332445144653e-01 -2.079983353614807129e-01 3.678756579756736755e-02 -9.554229974746704102e-01 7.000262737274169922e-01 2.213374674320220947e-01 2.212708741426467896e-01 -1.648213714361190796e-01 -7.599908113479614258e-01 6.436063647270202637e-01 -1.694686412811279297e-01 -3.860272467136383057e-01 -5.525920391082763672e-01 3.219096362590789795e-01 -5.113852024078369141e-01 7.263640761375427246e-01 -2.389871627092361450e-01 4.517504274845123291e-01 -6.085383296012878418e-01 -6.330493837594985962e-02 7.797063793987035751e-03 7.660958170890808105e-01 3.211655914783477783e-01 -2.398250997066497803e-01 1.109429597854614258e-01 3.031080067157745361e-01 -2.249508649110794067e-01 -5.723164081573486328e-01 3.880721330642700195e-01 -4.514682590961456299e-01 -8.877024054527282715e-01 -6.669191122055053711e-01 -1.417645066976547241e-01 2.549580931663513184e-01 -2.446995973587036133e-01 2.801702022552490234e-01 1.859568953514099121e-01 -5.806546807289123535e-01 2.675487995147705078e-01 -3.217888474464416504e-01 3.530709147453308105e-01 -4.081594049930572510e-01 1.162963658571243286e-01 -2.074821144342422485e-01 1.852793842554092407e-01 2.495663017034530640e-01 -5.192398428916931152e-01 -7.177682518959045410e-01 4.541146382689476013e-02 -7.695348262786865234e-01 1.994290947914123535e-01 -9.229929745197296143e-02 -6.884609162807464600e-02 -5.893421173095703125e-02 6.385815143585205078e-02 8.495523035526275635e-02 3.044202923774719238e-01 -6.488624960184097290e-02 -1.847130358219146729e-01 2.368164714425802231e-03 -3.426042944192886353e-02 -1.812266260385513306e-01 1.134016737341880798e-01 3.039583265781402588e-01
3.851549625396728516e-01 -1.741706132888793945e-01 -4.952887296676635742e-01 -1.825295388698577881e-01 4.844279289245605469e-01 -1.081792235374450684e+00 -3.492726981639862061e-01 3.997587412595748901e-02 6.866459548473358154e-02 -6.056126356124877930e-01 7.453410625457763672e-01 -3.713360428810119629e-01 -1.996847987174987793e-01 2.008608914911746979e-02 -1.517884135246276855e-01 -5.896468833088874817e-02 -8.426574468612670898e-01 -5.920715928077697754e-01 -6.833641529083251953e-01 6.833150386810302734e-01 -2.859753072261810303e-01 6.890792250633239746e-01 -1.110297590494155884e-01 -3.196652829647064209e-01 1.944916397333145142e-01 3.308607041835784912e-01 1.603206433355808258e-02 1.672714203596115112e-01 3.807580471038818359e-01 1.362608522176742554e-01 -6.610698699951171875e-01 -1.011073112487792969e+00 -4.155269563198089600e-01 -2.427449673414230347e-01 2.881627678871154785e-01 -5.966971069574356079e-02 -6.977410912513732910e-01 -6.520030498504638672e-01 1.928838193416595459e-01 -2.262681573629379272e-01 -4.428240656852722168e-01 9.693262577056884766e-01 -4.340388253331184387e-02 4.810582399368286133e-01 -6.598755121231079102e-01 -4.796580374240875244e-01 -2.492538541555404663e-01 -3.946214616298675537e-01 3.054847717285156250e-01 -3.028215169906616211e-01 1.147147297859191895e+00 -3.139960169792175293e-01 2.978072166442871094e-01 6.129829883575439453e-01 -9.334642440080642700e-02 8.760708570480346680e-02 2.734602987766265869e-01 -1.932851523160934448e-01 -1.229752063751220703e+00 7.136819958686828613e-01 -6.237171217799186707e-02 4.931194782257080078e-01 4.979027211666107178e-01 8.012803643941879272e-02
2.884458601474761963e-01 -5.613963007926940918e-01 4.541617631912231445e-01 2.443524748086929321e-01 -1.737180650234222412e-01 -7.444308400154113770e-01 -2.296358197927474976e-01 8.318038284778594971e-02 -1.496345281600952148e+00 -4.448412656784057617e-01 3.887119591236114502e-01 -4.305788278579711914e-01 -8.580045700073242188e-01 4.398579001426696777e-01 1.013574451208114624e-01 2.307974696159362793e-01 -4.588452279567718506e-01 1.668428778648376465e-01 -4.827452600002288818e-01 3.177491724491119385e-01 1.812557429075241089e-01 1.984885185956954956e-01 -3.868457078933715820e-01 -5.662595629692077637e-01 -1.162455603480339050e-01 -2.061428576707839966e-01 3.360224068164825439e-01 1.047950163483619690e-01 3.057519719004631042e-02 -6.341871023178100586e-01 -3.800742328166961670e-01 -2.686659693717956543e-01 -6.476888060569763184e-01 2.191678248345851898e-02 -3.181349933147430420e-01 1.027219276875257492e-02 -5.179209709167480469e-01 1.480826586484909058e-01 7.361847758293151855e-01 4.664743542671203613e-01 8.513279259204864502e-02 3.443108499050140381e-01 8.088075518608093262e-01 1.469678431749343872e-01 -1.549920588731765747e-01 4.136799573898315430e-01 2.832253873348236084e-01 -2.402779310941696167e-01 -1.988381296396255493e-01 1.446302533149719238e-01 9.728854149580001831e-02 1.215386241674423218e-01 9.698155522346496582e-01 4.017524719238281250e-01 -5.984338745474815369e-02 -3.950777351856231689e-01 -1.478292196989059448e-01 -1.066199019551277161e-01 -1.552976220846176147e-01 6.672639399766921997e-02 2.129725962877273560e-01 -5.171750113368034363e-02 8.315430283546447754e-01 1.996501535177230835e-01
4.872852936387062073e-02 -4.400658905506134033e-01 5.651017427444458008e-01 2.273501455783843994e-01 1.556063164025545120e-02 -5.703598260879516602e-01 -5.084757208824157715e-01 3.326034545898437500e-01 -1.038779020309448242e+00 -8.086125850677490234e-01 1.007149666547775269e-01 -4.128853976726531982e-01 -4.715977609157562256e-01 5.747034214437007904e-03 -3.565549254417419434e-01 1.721314638853073120e-01 -4.084696471691131592e-01 -2.796152792870998383e-02 -3.726734220981597900e-01 4.206174314022064209e-01 4.711143076419830322e-01 4.671758785843849182e-02 1.318883001804351807e-01 -8.932674527168273926e-01 1.268059462308883667e-01 5.218241214752197266e-01 -3.618516921997070312e-01 -1.427679210901260376e-01 2.041715234518051147e-01 -3.987899720668792725e-01 -1.405396014451980591e-01 -3.792256116867065430e-01 -1.535918265581130981e-01 -4.105787724256515503e-02 -1.205255463719367981e-01 5.589609742164611816e-01 -4.982200562953948975e-01 6.767213344573974609e-02 1.188309714198112488e-01 3.971769809722900391e-01 -8.712733536958694458e-02 1.232963651418685913e-01 3.836468160152435303e-01 -7.855961471796035767e-02 -1.032174378633499146e-01 3.100021481513977051e-01 3.003941774368286133e-01 -1.288910359144210815e-01 1.622155308723449707e-01 5.413662791252136230e-01 -1.392037272453308105e-01 2.430359572172164917e-01 4.768680632114410400e-01 1.002743363380432129e+00 -1.011099293828010559e-01 1.264367401599884033e-01 5.466850101947784424e-02 3.214504122734069824e-01 6.135731562972068787e-02 -1.987279653549194336e-01 -4.008595049381256104e-01 -5.049008131027221680e-02 4.827144443988800049e-01 2.417582571506500244e-01
6.196405887603759766e-01 -3.864122554659843445e-02 3.626501560211181641e-01 -8.874118328094482422e-03 3.367480039596557617e-01 -7.889088988304138184e-01 1.218908950686454773e-01 3.044789433479309082e-01 -6.982175111770629883e-01 -1.868235915899276733e-01 5.771856904029846191e-01 -9.220050573348999023e-01 -9.927210956811904907e-02 -4.768275618553161621e-01 8.243994414806365967e-02 2.689704485237598419e-02 -1.007018208503723145e+00 -1.894228756427764893e-01 -1.849257498979568481e-01 2.047398090362548828e-01 -1.726663708686828613e-01 6.024943590164184570e-01 4.325173497200012207e-01 -1.121512800455093384e-01 1.263599395751953125e-01 5.111113190650939941e-01 -2.694079577922821045e-01 -2.303669303655624390e-01 5.137853026390075684e-01 5.555833131074905396e-02 4.506573379039764404e-01 -1.863129436969757080e-01 -4.415683746337890625e-01 5.781904980540275574e-02 5.851921439170837402e-01 4.393482208251953125e-02 -2.662906348705291748e-01 -2.407723814249038696e-01 4.498161673545837402e-01 -5.463328361511230469e-01 -6.608185768127441406e-01 4.480842053890228271e-01 6.629911661148071289e-01 -3.742749691009521484e-01 -2.751609981060028076e-01 -9.347932785749435425e-02 3.860475122928619385e-01 1.937691420316696167e-01 -1.394762247800827026e-01 -2.790437340736389160e-01 -1.422747969627380371e-01 -4.131950438022613525e-01 2.536281943321228027e-01 7.209313511848449707e-01 -6.862352043390274048e-02 5.344436168670654297e-01 1.027524352073669434e+00 -1.873409897089004517e-01 -2.798511981964111328e-01 2.661178410053253174e-01 -6.411648541688919067e-02 1.176787316799163818e-01 4.492483735084533691e-01 8.746203780174255371e-02
1.047984138131141663e-01 -2.428462058305740356e-01 1.052194356918334961e+00 8.822168409824371338e-02 1.888180077075958252e-01 -6.036825180053710938e-01 -3.390555381774902344e-01 -7.219699621200561523e-01 -3.964035809040069580e-01 -3.769961297512054443e-01 4.314673691987991333e-02 -5.926135778427124023e-01 -1.312797069549560547e+00 -2.796576917171478271e-01 -1.001202911138534546e-01 4.083777070045471191e-01 -2.850569486618041992e-01 -4.801706671714782715e-01 -7.855752855539321899e-02 3.668280839920043945e-01 2.911277711391448975e-01 3.898963630199432373e-01 -3.931336104869842529e-01 2.656997442245483398e-01 -1.427541077136993408e-01 4.168506339192390442e-02 -5.798429846763610840e-01 3.108299076557159424e-01 5.317912101745605469e-01 3.883404433727264404e-01 -9.074602127075195312e-01 -4.442410767078399658e-01 -1.590487211942672729e-01 1.738577485084533691e-01 -2.405852526426315308e-01 -5.603902935981750488e-01 -1.184625744819641113e+00 4.414750635623931885e-01 7.615991234779357910e-01 -2.804011702537536621e-01 1.168774515390396118e-01 -3.377173840999603271e-01 -1.674600094556808472e-01 -6.720234751701354980e-01 -2.198497653007507324e-01 -2.724831998348236084e-01 -2.343082278966903687e-01 5.701325535774230957e-01 1.777839362621307373e-01 -9.681488275527954102e-01 6.395232677459716797e-01 5.999694694764912128e-04 9.613468050956726074e-01 -4.382537901401519775e-01 3.365177810192108154e-01 2.713122963905334473e-01 6.230607628822326660e-01 -4.550342261791229248e-01 -3.256895542144775391e-01 -2.814879417419433594e-01 -1.022394180297851562e+00 -2.424708195030689240e-02 3.270996510982513428e-01 2.654734551906585693e-01
2.384100407361984253e-01 -2.212760895490646362e-01 2.992244362831115723e-01 1.129510551691055298e-01 1.311366409063339233e-01 -4.824422299861907959e-01 -2.792704999446868896e-01 3.544805347919464111e-01 -7.736886143684387207e-01 -4.707159698009490967e-01 5.060341581702232361e-02 -4.430384039878845215e-01 -2.325734943151473999e-01 3.812902271747589111e-01 -8.496137261390686035e-01 -1.080588623881340027e-01 -3.276980221271514893e-01 -1.835953444242477417e-01 -1.752123534679412842e-01 3.248283565044403076e-01 1.184408143162727356e-01 1.841867268085479736e-01 4.558052718639373779e-01 -9.709046483039855957e-01 4.273066297173500061e-02 -5.395761132240295410e-02 -7.022731751203536987e-02 -1.661014556884765625e-01 6.328190565109252930e-01 -4.048073887825012207e-01 4.027665257453918457e-01 -1.540356397628784180e+00 -4.487965106964111328e-01 1.931550949811935425e-01 -7.229178547859191895e-01 3.833965361118316650e-01 -7.419289350509643555e-01 3.043366074562072754e-01 2.608837187290191650e-01 3.628831207752227783e-01 5.215034820139408112e-03 5.161871910095214844e-01 -3.835048526525497437e-02 -2.039595246315002441e-01 4.675776958465576172e-01 3.158949017524719238e-01 5.319288969039916992e-01 1.555815190076828003e-01 -8.072710782289505005e-02 4.857445061206817627e-01 -1.054295450448989868e-01 2.715605683624744415e-02 3.234307467937469482e-02 6.303330063819885254e-01 -2.831932902336120605e-01 3.427030146121978760e-01 2.236767858266830444e-01 8.780676871538162231e-03 -1.684268265962600708e-01 -5.496714711189270020e-01 -6.563697010278701782e-02 -1.320518851280212402e-01 4.457917511463165283e-01 2.286800444126129150e-01
1.557473689317703247e-01 -6.293683052062988281e-01 2.533047497272491455e-01 2.791701257228851318e-01 -3.159886971116065979e-02 -5.660424828529357910e-01 -7.424188852310180664e-01 -1.744138002395629883e-01 -1.214627861976623535e+00 -7.680347561836242676e-01 2.015513777732849121e-01 -5.856119990348815918e-01 -7.921929955482482910e-01 4.393962323665618896e-01 -1.237233057618141174e-01 6.896540522575378418e-01 -7.931016683578491211e-01 2.494489997625350952e-01 -9.173496961593627930e-01 -3.338188678026199341e-02 8.789008855819702148e-01 3.995415568351745605e-01 -2.337801456451416016e-01 -1.174410820007324219e+00 2.394181489944458008e-01 2.663077116012573242e-01 -6.704585999250411987e-02 -1.876002103090286255e-01 2.717648744583129883e-01 -2.187700271606445312e-01 -3.908190727233886719e-01 1.879224032163619995e-01 -1.576273292303085327e-01 5.222015082836151123e-02 -3.524970114231109619e-01 3.009223341941833496e-01 -3.676503896713256836e-01 -2.049715816974639893e-02 4.528515636920928955e-01 9.765145778656005859e-01 3.038042783737182617e-01 5.750795602798461914e-01 4.253368973731994629e-01 -6.125228479504585266e-02 -1.309616714715957642e-01 3.468274176120758057e-01 3.729538917541503906e-01 3.416471779346466064e-01 -2.928261160850524902e-01 8.178015798330307007e-02 3.837975673377513885e-03 7.476068288087844849e-02 7.770065665245056152e-01 5.879021883010864258e-01 7.130280137062072754e-02 1.921715140342712402e-01 -1.674917489290237427e-01 3.795479238033294678e-02 -3.246672824025154114e-02 -4.826531410217285156e-01 -3.715355098247528076e-01 6.777764856815338135e-02 6.979290843009948730e-01 5.845857858657836914e-01
1.806433945894241333e-01 -7.127129435539245605e-01 4.747432470321655273e-01 1.354928314685821533e-01 8.022405952215194702e-02 -4.921001493930816650e-01 -2.495715469121932983e-01 2.833131887018680573e-02 -9.591523408889770508e-01 -1.175737846642732620e-02 -4.498241469264030457e-02 -4.036687016487121582e-01 2.030391991138458252e-01 1.085384935140609741e-01 -1.726576834917068481e-01 1.332261115312576294e-01 -4.312265217304229736e-01 2.449693530797958374e-01 1.791312396526336670e-01 4.264493882656097412e-01 2.906676828861236572e-01 3.502351343631744385e-01 7.679526507854461670e-02 -1.024516582489013672e+00 3.850906193256378174e-01 3.291929960250854492e-01 -3.021748363971710205e-01 2.519842386245727539e-01 -2.197145298123359680e-02 -2.406017780303955078e-01 4.195475578308105469e-01 -5.538918972015380859e-01 -2.890829741954803467e-01 -1.526934951543807983e-01 -1.732349544763565063e-01 -6.577452272176742554e-02 -7.653006911277770996e-01 1.944958120584487915e-01 1.620119065046310425e-01 -1.236642301082611084e-01 -1.178523302078247070e-01 1.842190623283386230e-01 -2.589557087048888206e-03 -9.522530250251293182e-03 7.494295388460159302e-02 -1.130039542913436890e-01 1.389249414205551147e-01 -3.807456493377685547e-01 -1.570059061050415039e-01 2.735621631145477295e-01 2.311386615037918091e-01 1.866484582424163818e-01 -6.021819543093442917e-03 8.178775310516357422e-01 -5.342814922332763672e-01 -5.936804227530956268e-03 -7.357125729322433472e-02 -3.246558308601379395e-01 -4.094881713390350342e-01 -1.185701265931129456e-01 -3.093555569648742676e-01 -7.559108734130859375e-02 1.134444847702980042e-01 -1.931503564119338989e-01
7.187077999114990234e-01 -5.171304941177368164e-01 6.410946249961853027e-01 -3.127485513687133789e-01 -4.198754951357841492e-02 -5.576927065849304199e-01 -5.374051928520202637e-01 -1.638741493225097656e-01 -5.085267424583435059e-01 -4.710516333580017090e-01 6.343069672584533691e-01 -9.654710888862609863e-01 1.019398644566535950e-01 -3.421372175216674805e-01 -2.771488428115844727e-01 1.306824684143066406e-01 -9.669504761695861816e-01 -2.447059452533721924e-01 -3.356413841247558594e-01 1.384319961071014404e-01 -3.324191644787788391e-02 1.270846426486968994e-01 1.204343959689140320e-01 -4.485345184803009033e-01 -2.647814452648162842e-01 7.077209353446960449e-01 -6.058806777000427246e-01 -7.937440276145935059e-02 2.959061861038208008e-01 -2.308381199836730957e-01 5.082562565803527832e-01 -4.222758412361145020e-01 -4.023335874080657959e-01 -1.882249414920806885e-01 8.951812982559204102e-02 -3.485060334205627441e-01 -3.167811930179595947e-01 -3.569611012935638428e-01 3.908099234104156494e-01 3.038551844656467438e-02 4.994226619601249695e-02 1.384029090404510498e-01 3.339965641498565674e-01 3.088753819465637207e-01 -6.841823458671569824e-01 -2.258729785680770874e-01 5.611391663551330566e-01 -4.518048837780952454e-02 1.288178414106369019e-01 4.979515671730041504e-01 1.665854007005691528e-01 2.468340992927551270e-01 9.100589901208877563e-03 1.200842782855033875e-01 -3.356207013130187988e-01 2.897647023200988770e-01 4.549148678779602051e-01 -2.251382917165756226e-01 -1.197361648082733154e-01 1.257039606571197510e-01 2.005756795406341553e-01 -2.881397008895874023e-01 1.842903643846511841e-01 4.683223553001880646e-03
5.606387183070182800e-02 -6.320576667785644531e-01 3.639890551567077637e-01 3.962685763835906982e-01 2.690204232931137085e-02 -7.539595365524291992e-01 -2.606064677238464355e-01 -2.158768773078918457e-01 -7.757309079170227051e-01 -2.341424524784088135e-01 3.389010131359100342e-01 -6.669606566429138184e-01 -1.253078281879425049e-01 6.786420941352844238e-02 1.909474432468414307e-01 2.528236508369445801e-01 -2.358081787824630737e-01 -1.483729332685470581e-01 2.889882959425449371e-02 1.317938417196273804e-02 1.551815718412399292e-01 4.940946102142333984e-01 4.046207964420318604e-01 -1.005142569541931152e+00 4.800836741924285889e-02 5.411945581436157227e-01 -5.734277889132499695e-02 -7.403980195522308350e-02 -2.861595153808593750e-02 -6.532058119773864746e-01 3.248711526393890381e-01 -2.064266949892044067e-01 -3.711250722408294678e-01 3.130088150501251221e-01 1.242044568061828613e-01 3.135478869080543518e-02 -6.394199728965759277e-01 1.383954733610153198e-01 3.071618080139160156e-01 -4.311081171035766602e-01 -3.357478380203247070e-01 7.464986294507980347e-02 4.005377590656280518e-01 -4.978737235069274902e-01 -1.795035600662231445e-01 3.680858761072158813e-02 1.152713820338249207e-01 -7.319181412458419800e-02 -7.078526914119720459e-02 3.853362798690795898e-01 4.058739170432090759e-02 -1.681332439184188843e-01 -8.659560978412628174e-02 7.853088378906250000e-01 -2.377500981092453003e-01 4.246881306171417236e-01 6.948404312133789062e-01 2.122589349746704102e-01 2.956368923187255859e-01 1.220898777246475220e-01 -2.169359475374221802e-01 8.350567221641540527e-01 2.591734826564788818e-01 -1.558040231466293335e-01
2.638908922672271729e-01 -2.559925615787506104e-01 1.521468609571456909e-01 -3.932534158229827881e-02 7.071688175201416016e-01 -3.778523504734039307e-01 4.922758936882019043e-01 2.827093563973903656e-02 -4.732288718223571777e-01 -4.936019480228424072e-01 1.202644333243370056e-01 -7.250641584396362305e-01 -7.047430276870727539e-01 -6.674033403396606445e-01 9.175395965576171875e-02 5.005009174346923828e-01 -9.223161935806274414e-01 -4.674677923321723938e-02 6.648090481758117676e-02 3.428249061107635498e-01 4.773036837577819824e-01 3.505590558052062988e-01 6.442852616310119629e-01 -3.627184927463531494e-01 -1.576875597238540649e-01 6.109271645545959473e-01 -1.893030405044555664e-01 2.102650701999664307e-01 1.356215178966522217e-01 -4.328293502330780029e-01 -2.340609133243560791e-01 -2.663527131080627441e-01 -7.243787497282028198e-02 9.924762696027755737e-02 -2.373502403497695923e-01 -1.759302765130996704e-01 -6.013864278793334961e-01 2.439341098070144653e-01 5.394019484519958496e-01 -7.127118706703186035e-01 -7.617778182029724121e-01 6.430710554122924805e-01 3.286146819591522217e-01 -2.343541830778121948e-01 2.040501534938812256e-01 1.861680150032043457e-01 4.561690092086791992e-01 1.817111819982528687e-01 -8.567525446414947510e-02 -2.884532092139124870e-03 -3.709972798824310303e-01 -3.536211252212524414e-01 4.446715414524078369e-01 8.560089468955993652e-01 -1.525773853063583374e-01 3.858336210250854492e-01 1.245042204856872559e+00 3.450786173343658447e-01 -3.159733116626739502e-01 -4.882630109786987305e-01 3.400255143642425537e-01 3.896203339099884033e-01 5.588519573211669922e-01 -4.333148598670959473e-01
3.701237961649894714e-02 -9.946580529212951660e-01 4.702885448932647705e-02 -1.547524631023406982e-01 -1.797231733798980713e-01 -6.876904368400573730e-01 5.592260509729385376e-02 1.566022336483001709e-01 -1.138427138328552246e+00 -4.307195544242858887e-01 8.504515141248703003e-02 3.982670977711677551e-02 -2.398815155029296875e-01 1.243399735540151596e-02 2.781585454940795898e-01 8.528543263673782349e-02 -4.969976544380187988e-01 -4.953373372554779053e-01 3.777851164340972900e-01 7.713604569435119629e-01 2.061396092176437378e-01 -3.986464068293571472e-02 -2.862442433834075928e-01 -7.285797595977783203e-01 1.911592930555343628e-01 3.837857246398925781e-01 -2.711438834667205811e-01 6.652920693159103394e-02 3.223662674427032471e-01 -1.775390356779098511e-01 -2.457079142332077026e-01 -6.038094162940979004e-01 -5.696809887886047363e-01 3.572162389755249023e-01 -2.265138924121856689e-02 -1.063374280929565430e-01 -6.849498748779296875e-01 -3.316888213157653809e-02 -9.959068149328231812e-03 -6.279368698596954346e-02 -3.486731648445129395e-01 1.529436260461807251e-01 1.345754712820053101e-01 3.262612223625183105e-01 3.982239961624145508e-02 2.183725237846374512e-01 -7.405701559036970139e-03 -7.731230556964874268e-02 3.367841243743896484e-02 1.353859901428222656e-01 -1.736567914485931396e-02 1.069708764553070068e-01 -1.334852725267410278e-01 8.423410058021545410e-01 -3.625686839222908020e-02 -5.045653581619262695e-01 -1.769075095653533936e-01 -6.454268693923950195e-01 -4.916149973869323730e-01 9.275615215301513672e-02 -2.818791866302490234e-01 5.158865451812744141e-02 5.993354320526123047e-01 4.349904060363769531e-01
5.536781549453735352e-01 -6.550677418708801270e-01 5.398103594779968262e-01 -4.767594113945960999e-02 -1.525519490242004395e-01 -5.446879267692565918e-01 -5.255743488669395447e-02 2.476316392421722412e-01 -1.012709498405456543e+00 -3.989385664463043213e-01 4.905559718608856201e-01 -6.349837183952331543e-01 3.761162757873535156e-01 1.725541204214096069e-01 -1.247106939554214478e-01 1.934072822332382202e-01 -4.342966079711914062e-01 -8.346115052700042725e-02 1.898342519998550415e-01 6.345001459121704102e-01 1.640296168625354767e-02 4.554252028465270996e-01 4.970637559890747070e-01 -4.460372328758239746e-01 -1.976739056408405304e-02 2.669593989849090576e-01 -2.455837875604629517e-01 -1.496180146932601929e-01 2.231234014034271240e-01 -1.094745323061943054e-01 2.502245008945465088e-01 -1.045862659811973572e-01 -5.306526422500610352e-01 -3.793080151081085205e-01 7.173998653888702393e-02 -3.197374939918518066e-01 -7.273488640785217285e-01 -3.265173733234405518e-01 2.231158316135406494e-01 1.587735563516616821e-01 -1.896090656518936157e-01 2.425731122493743896e-01 3.118550479412078857e-01 -2.354704737663269043e-01 1.739287823438644409e-01 -4.065122902393341064e-01 3.622174561023712158e-01 2.252536267042160034e-02 5.444258451461791992e-01 -8.603234309703111649e-04 -2.944476604461669922e-01 -2.944249510765075684e-01 1.124039143323898315e-01 5.145644545555114746e-01 -4.494051262736320496e-02 4.148682653903961182e-01 6.674888730049133301e-01 -1.143432334065437317e-01 5.167872309684753418e-01 -2.202314436435699463e-01 -2.447580844163894653e-01 5.979231595993041992e-01 3.693901598453521729e-01 1.363345086574554443e-01
1.732196360826492310e-01 -6.802054047584533691e-01 1.595405191183090210e-01 -3.226290047168731689e-01 -2.589052021503448486e-01 -7.748363018035888672e-01 2.707659453153610229e-02 2.345049828290939331e-01 -8.731232285499572754e-01 -4.355286061763763428e-01 2.350919395685195923e-01 -7.074270248413085938e-01 6.731172651052474976e-02 7.160437852144241333e-02 8.560751378536224365e-02 2.801547348499298096e-01 -3.941265642642974854e-01 -1.104478612542152405e-01 -8.475576341152191162e-02 6.244283914566040039e-01 -3.103809654712677002e-01 1.288761645555496216e-01 -1.776464283466339111e-01 -6.250966787338256836e-01 -4.727298766374588013e-02 2.149467468261718750e-01 2.941431403160095215e-01 -7.707393914461135864e-02 2.385887652635574341e-01 -5.754820108413696289e-01 1.814378499984741211e-01 -7.341338396072387695e-01 -4.561123847961425781e-01 6.017836183309555054e-02 -2.926110327243804932e-01 3.614053726196289062e-01 -7.428449988365173340e-01 4.184307903051376343e-02 3.217609524726867676e-01 1.965611577033996582e-01 4.427267238497734070e-02 4.210493564605712891e-01 3.154546720907092094e-03 1.158831715583801270e-01 1.712117902934551239e-02 -4.085885360836982727e-02 2.731772512197494507e-02 1.433157771825790405e-01 1.673906147480010986e-01 6.205171942710876465e-01 3.780487775802612305e-01 -3.510234132409095764e-02 3.314024806022644043e-01 2.245078384876251221e-01 -6.153291463851928711e-01 -1.267250776290893555e-01 1.212493628263473511e-01 -5.165548250079154968e-02 -1.048862859606742859e-01 1.755115687847137451e-01 -1.330125033855438232e-01 2.883371412754058838e-01 8.217792212963104248e-02 1.360556185245513916e-01
2.267336472868919373e-02 -1.619085818529129028e-01 3.724159672856330872e-02 -1.020517200231552124e-01 7.487712502479553223e-01 -4.324592053890228271e-01 -1.849528960883617401e-02 7.038269937038421631e-02 9.382366389036178589e-02 -1.053915098309516907e-01 7.508705258369445801e-01 -1.266685485839843750e+00 -5.716028213500976562e-01 -7.216941118240356445e-01 -9.527821093797683716e-02 5.757951140403747559e-01 -5.939679741859436035e-01 -2.422196269035339355e-01 -2.621879279613494873e-01 5.418642759323120117e-01 2.330376952886581421e-01 6.370049118995666504e-01 2.372728586196899414e-01 -5.187923088669776917e-02 -4.577166140079498291e-01 4.381217360496520996e-01 -6.437313556671142578e-01 3.034132719039916992e-01 -9.597532451152801514e-02 -4.090753197669982910e-02 -8.891388773918151855e-02 -6.961530447006225586e-01 -1.274421364068984985e-01 3.266746997833251953e-01 -1.518622040748596191e-01 3.442897200584411621e-01 -3.129621446132659912e-01 -2.702220082283020020e-01 5.545316338539123535e-01 -6.967020630836486816e-01 -6.504893302917480469e-01 7.453370094299316406e-01 3.116233944892883301e-01 -6.396892666816711426e-02 2.524559795856475830e-01 1.690846681594848633e-01 6.325320005416870117e-01 9.196484833955764771e-02 -5.974229052662849426e-02 -4.069137871265411377e-01 -1.871213167905807495e-01 -5.306308865547180176e-01 3.707129359245300293e-01 1.008888959884643555e+00 1.991831958293914795e-01 2.823456525802612305e-01 9.867461323738098145e-01 -1.405446529388427734e-01 -3.969565331935882568e-01 -3.916468322277069092e-01 1.161728054285049438e-01 -4.372730851173400879e-01 6.622298955917358398e-01 -2.971361577510833740e-01
2.672536969184875488e-01 -5.709155201911926270e-01 4.528730213642120361e-01 7.736376672983169556e-02 -3.131199181079864502e-01 -7.079424858093261719e-01 2.284056097269058228e-01 2.414072453975677490e-01 -1.318879008293151855e+00 -4.021374881267547607e-01 4.758769869804382324e-01 -3.982014060020446777e-01 -7.651379704475402832e-01 2.576915621757507324e-01 8.897788077592849731e-02 -6.502608954906463623e-02 -2.039183080196380615e-01 -8.737998455762863159e-02 -4.896569550037384033e-01 2.491016536951065063e-01 -2.040775716304779053e-01 7.335223555564880371e-01 -2.355856001377105713e-01 -5.270556211471557617e-01 -4.643493331968784332e-03 3.791604638099670410e-01 5.790715292096138000e-02 3.166882395744323730e-01 9.262721240520477295e-02 -5.493267774581909180e-01 -2.986695170402526855e-01 -2.906987071037292480e-01 -5.108244419097900391e-01 -8.144076913595199585e-02 -4.485772848129272461e-01 -2.608422636985778809e-01 -7.868777513504028320e-01 2.925437688827514648e-01 5.889597535133361816e-01 -8.669169247150421143e-02 8.578549325466156006e-02 2.769615948200225830e-01 6.388180851936340332e-01 -1.642134785652160645e-02 3.104926943778991699e-01 4.849612116813659668e-01 -4.283459484577178955e-01 1.475991029292345047e-02 6.888647675514221191e-01 2.705196440219879150e-01 -3.078735768795013428e-01 2.416142374277114868e-01 1.056765317916870117e+00 6.509091854095458984e-01 -5.519325733184814453e-01 2.411501854658126831e-01 -7.031958103179931641e-01 -2.270341515541076660e-01 -2.787166833877563477e-01 4.090014398097991943e-01 2.342433854937553406e-02 -1.816737055778503418e-01 3.309058398008346558e-02 6.401233673095703125e-01
1.639685481786727905e-01 -7.173748016357421875e-01 2.536380589008331299e-01 -2.925337851047515869e-01 7.246937751770019531e-01 1.711425483226776123e-01 -4.263532757759094238e-01 -1.005521059036254883e+00 -1.125290319323539734e-01 2.827960848808288574e-01 1.321410387754440308e-01 -1.009701371192932129e+00 -5.006832480430603027e-01 5.706881284713745117e-01 -2.495288699865341187e-01 -6.899321079254150391e-02 -3.829693794250488281e-01 3.467423021793365479e-01 -7.195320129394531250e-01 2.275395691394805908e-01 -3.160928189754486084e-01 1.227091193199157715e+00 7.983484268188476562e-01 -4.278602004051208496e-01 2.160429023206233978e-02 3.225382566452026367e-01 2.727228403091430664e-01 -1.636562943458557129e-01 7.884051203727722168e-01 2.705571800470352173e-02 -1.026542425155639648e+00 -2.048140466213226318e-01 -3.566331863403320312e-01 5.995895266532897949e-01 -6.445394158363342285e-01 2.567364871501922607e-01 -5.711258649826049805e-01 -9.807139635086059570e-01 4.771254062652587891e-01 -1.258247438818216324e-02 -7.659358978271484375e-01 1.634831130504608154e-01 -2.399072796106338501e-02 -4.565428793430328369e-01 1.522791087627410889e-01 -2.803428769111633301e-01 -4.107026755809783936e-01 -1.956894397735595703e-01 4.200569689273834229e-01 -8.812069892883300781e-01 -2.641070485115051270e-01 4.403475224971771240e-01 9.007667303085327148e-01 1.271533221006393433e-01 -4.100751876831054688e-01 5.239875316619873047e-01 -2.360948771238327026e-01 3.587006926536560059e-01 -6.253657341003417969e-01 -4.529319703578948975e-01 -4.486509859561920166e-01 -9.010908007621765137e-02 6.706709861755371094e-01 7.553838938474655151e-02
9.032096713781356812e-02 -4.962641596794128418e-01 4.669792652130126953e-01 -9.319239854812622070e-02 1.025184914469718933e-01 -5.195304155349731445e-01 1.498036682605743408e-01 5.395659804344177246e-01 -1.078278541564941406e+00 -2.410835176706314087e-01 8.769485354423522949e-02 -7.694085836410522461e-01 -2.010564494412392378e-04 1.978945583105087280e-01 1.673158444464206696e-02 3.173619974404573441e-03 -4.604623615741729736e-01 3.105601528659462929e-03 -2.556712925434112549e-01 3.349012136459350586e-01 3.210771977901458740e-01 -9.239974617958068848e-02 5.456151962280273438e-01 -6.200404167175292969e-01 3.488025367259979248e-01 4.984735250473022461e-01 6.770341843366622925e-02 -1.630140817724168301e-03 -1.857843995094299316e-02 -3.419995903968811035e-01 1.444712001830339432e-02 -1.383415907621383667e-01 -4.792582392692565918e-01 1.202269122004508972e-01 7.421800494194030762e-02 -2.271743416786193848e-01 -8.872804641723632812e-01 -1.529437024146318436e-02 4.299058020114898682e-01 4.371979832649230957e-02 -3.546147793531417847e-02 1.071343049407005310e-01 3.788769245147705078e-01 -3.402843177318572998e-01 3.367748260498046875e-01 -1.464069634675979614e-01 4.310295283794403076e-01 1.775691956281661987e-01 4.847140312194824219e-01 1.918977946043014526e-01 -1.042741164565086365e-01 -1.669564098119735718e-02 1.483115106821060181e-01 8.451585173606872559e-01 2.449593134224414825e-02 2.634286582469940186e-01 6.322739124298095703e-01 -2.135193794965744019e-01 6.834998726844787598e-03 -1.200200244784355164e-01 1.545884311199188232e-01 1.887788325548171997e-01 5.415796041488647461e-01 3.167979121208190918e-01
8.756219595670700073e-02 -8.238780498504638672e-01 1.741387546062469482e-01 -1.245388537645339966e-01 -8.418967574834823608e-02 -5.378693938255310059e-01 -7.068156599998474121e-01 -1.299607381224632263e-02 -1.366649270057678223e+00 -1.188573539257049561e-01 3.830250799655914307e-01 -3.214914500713348389e-01 -3.222060203552246094e-01 -3.395766913890838623e-01 2.837047576904296875e-01 7.478594779968261719e-02 -9.603271633386611938e-02 -1.411064714193344116e-01 2.131869830191135406e-02 4.386571794748306274e-02 -5.099973641335964203e-03 5.671465396881103516e-01 -1.895520091056823730e-01 -8.844069242477416992e-01 5.809833854436874390e-02 2.590600550174713135e-01 1.844310015439987183e-01 3.050021529197692871e-01 -3.049429357051849365e-01 -3.966305851936340332e-01 -1.998131722211837769e-01 -4.617704153060913086e-01 -1.198912709951400757e-01 5.074713751673698425e-02 -6.412532329559326172e-01 1.621926724910736084e-01 -1.854575276374816895e-01 2.466671913862228394e-01 3.492146730422973633e-01 -5.360888242721557617e-01 -8.520178962498903275e-04 -2.011260986328125000e-01 1.990640759468078613e-01 -3.744903504848480225e-01 -4.580087494105100632e-03 2.232906967401504517e-01 2.889001369476318359e-01 9.026610106229782104e-02 -1.267217546701431274e-01 3.312504887580871582e-01 -5.564607381820678711e-01 4.996508657932281494e-01 8.244124650955200195e-01 1.274807572364807129e+00 -4.933907464146614075e-02 4.364349842071533203e-01 3.243114948272705078e-01 -2.237775176763534546e-01 -3.308882415294647217e-01 -6.210493668913841248e-02 -2.476253807544708252e-01 4.538397789001464844e-01 8.401967287063598633e-01 -6.813756376504898071e-02
6.524038314819335938e-01 -1.083829283714294434e+00 2.909234166145324707e-01 -5.898089408874511719e-01 -3.940249979496002197e-01 2.062090784311294556e-01 -5.794106125831604004e-01 -1.082927942276000977e+00 -1.004850640892982483e-01 -2.968127131462097168e-01 7.083396613597869873e-02 -9.032488465309143066e-01 -8.224582076072692871e-01 -9.013205170631408691e-01 1.209049969911575317e-01 5.868679881095886230e-01 -1.020911782979965210e-01 -7.161961495876312256e-02 -1.047621965408325195e+00 3.730421662330627441e-01 5.264189839363098145e-01 1.197813630104064941e+00 -6.649796962738037109e-01 -7.459735870361328125e-01 -8.859231472015380859e-01 7.839698791503906250e-01 -8.268893957138061523e-01 -1.313571333885192871e-01 7.994617819786071777e-01 -6.148159503936767578e-01 -4.186874628067016602e-01 -9.612016677856445312e-01 -2.695185244083404541e-01 -8.108686804771423340e-01 2.768050506711006165e-02 -2.086327411234378815e-02 -1.150077462196350098e+00 -5.875379443168640137e-01 9.916168637573719025e-04 6.058818101882934570e-01 -6.003488898277282715e-01 1.222804188728332520e+00 -3.272240608930587769e-02 -7.687447667121887207e-01 1.764972358942031860e-01 9.401620924472808838e-02 3.182752132415771484e-01 -9.065014719963073730e-01 -6.709675192832946777e-01 -1.019279837608337402e+00 6.186505034565925598e-02 -5.371670722961425781e-01 2.513393461704254150e-01 3.639622330665588379e-01 8.295550942420959473e-01 1.418716907501220703e-01 -1.335706096142530441e-02 2.699539959430694580e-01 -8.950796127319335938e-01 -4.076783359050750732e-01 -3.072884082794189453e-01 4.446722567081451416e-01 -2.191705256700515747e-01 3.182529807090759277e-01
8.262743353843688965e-01 -7.829535007476806641e-01 4.208046197891235352e-01 2.590240240097045898e-01 -4.761312901973724365e-02 -4.269606173038482666e-01 1.532780826091766357e-01 -8.981510996818542480e-01 -2.427788525819778442e-01 -7.215086221694946289e-01 1.674260050058364868e-01 -2.961988151073455811e-01 -3.090372383594512939e-01 -4.853275120258331299e-01 8.967371284961700439e-02 8.435888290405273438e-01 -7.820602655410766602e-01 -8.544916510581970215e-01 -9.625883102416992188e-01 5.317356586456298828e-01 -8.637337386608123779e-02 1.463492989540100098e+00 2.658549845218658447e-01 1.261150389909744263e-01 -3.200600743293762207e-01 5.034500360488891602e-01 4.956020712852478027e-01 8.890640139579772949e-01 9.274983406066894531e-01 -3.454746007919311523e-01 -3.629783689975738525e-01 -5.047350525856018066e-01 4.173237979412078857e-01 3.459005653858184814e-01 -9.274303913116455078e-01 3.573448359966278076e-01 5.981863662600517273e-02 1.183545514941215515e-01 5.633908510208129883e-01 1.449143737554550171e-01 7.477997988462448120e-02 1.602393090724945068e-01 1.744624227285385132e-01 -3.156616687774658203e-01 2.041403800249099731e-01 9.233891963958740234e-01 3.437474966049194336e-01 -3.128750622272491455e-01 7.750927656888961792e-02 -7.501651048660278320e-01 7.943881154060363770e-01 8.556537628173828125e-01 -1.933959126472473145e-02 2.195417135953903198e-01 2.768112123012542725e-01 4.167315661907196045e-01 6.333113312721252441e-01 -2.047999501228332520e-01 -5.158267617225646973e-01 -1.346011310815811157e-01 -8.672715425491333008e-01 2.811461091041564941e-01 9.569851160049438477e-01 3.120875358581542969e-01
6.793591380119323730e-01 4.141582921147346497e-02 3.767832219600677490e-01 -4.529700577259063721e-01 -2.413084730505943298e-02 -3.550090789794921875e-01 2.091800421476364136e-01 -6.533603072166442871e-01 -4.306715130805969238e-01 3.980157971382141113e-01 -2.448365986347198486e-01 -1.129052042961120605e+00 -6.623781919479370117e-01 3.976932466030120850e-01 2.293951064348220825e-01 5.421378612518310547e-01 7.512158900499343872e-02 1.444806754589080811e-01 -6.647051572799682617e-01 1.180945634841918945e+00 2.754633128643035889e-01 1.215315341949462891e+00 -5.580096319317817688e-02 -5.386989116668701172e-01 1.302405446767807007e-01 2.131604999303817749e-01 -1.565675437450408936e-01 5.794432759284973145e-01 9.287099838256835938e-01 2.467599660158157349e-01 -5.846101045608520508e-01 -2.531364262104034424e-01 -4.264013469219207764e-01 -6.111215054988861084e-02 -8.064703941345214844e-01 -1.151959076523780823e-01 -7.694247364997863770e-01 3.856941759586334229e-01 -7.514807581901550293e-02 2.502421736717224121e-01 7.777775079011917114e-02 -3.535753786563873291e-01 1.175486594438552856e-01 5.332110524177551270e-01 5.451322346925735474e-02 2.815794758498668671e-02 4.023549705743789673e-02 -7.469900250434875488e-01 -5.948017835617065430e-01 -3.421639800071716309e-01 3.036272525787353516e-01 1.202758401632308960e-01 1.025646626949310303e-01 9.911630749702453613e-01 5.469322800636291504e-01 3.557505607604980469e-01 7.721254825592041016e-01 -3.649180233478546143e-01 -5.544472336769104004e-01 6.979107111692428589e-02 -7.514954805374145508e-01 -5.785819292068481445e-01 -5.524438023567199707e-01 -6.000550389289855957e-01
-1.342488378286361694e-01 -5.970026850700378418e-01 1.686190813779830933e-01 -2.287102043628692627e-01 6.344867944717407227e-01 -1.563693732023239136e-01 -2.376769483089447021e-01 1.164006292819976807e-01 -6.576691865921020508e-01 -4.376124739646911621e-01 5.480637550354003906e-01 -7.759098410606384277e-01 -3.339844942092895508e-01 -2.098321616649627686e-01 -4.424325376749038696e-02 4.464629292488098145e-01 -3.493927419185638428e-01 -2.791848480701446533e-01 2.394213378429412842e-01 4.946081936359405518e-01 7.071983814239501953e-01 9.483272582292556763e-02 2.545480430126190186e-01 -7.025527954101562500e-01 -3.840160369873046875e-01 4.556945264339447021e-01 -5.742389559745788574e-01 1.439086198806762695e-01 -1.709211170673370361e-01 -2.271099388599395752e-01 -1.501987129449844360e-02 -3.157364428043365479e-01 -4.037311971187591553e-01 -1.257631927728652954e-01 -5.503690242767333984e-01 4.868809580802917480e-01 -7.070505619049072266e-01 2.587605714797973633e-01 2.053725272417068481e-01 -2.342361211776733398e-01 -3.274884223937988281e-01 3.080006837844848633e-01 -1.168504655361175537e-01 -4.978980496525764465e-02 -2.920269593596458435e-02 1.774107813835144043e-01 6.368245482444763184e-01 9.805837273597717285e-02 1.278418749570846558e-01 6.058063507080078125e-01 -3.508931100368499756e-01 1.962215453386306763e-01 2.972417771816253662e-01 8.242442011833190918e-01 3.935698792338371277e-02 2.706791758537292480e-01 3.225179314613342285e-01 -2.924583256244659424e-01 -2.354121357202529907e-01 -7.035589218139648438e-01 7.682269811630249023e-02 -4.442884027957916260e-02 5.285433530807495117e-01 1.346510201692581177e-01
3.119751811027526855e-01 -1.129103228449821472e-01 2.415706217288970947e-01 -5.703957006335258484e-02 -1.018030717968940735e-01 -1.172354817390441895e+00 -6.319264769554138184e-01 -3.977452814579010010e-01 -3.125921487808227539e-01 -4.369858205318450928e-01 9.074373841285705566e-01 -9.380088448524475098e-01 6.824291497468948364e-02 -3.291664421558380127e-01 -2.604076564311981201e-01 4.390317499637603760e-01 -9.990765452384948730e-01 -3.467796146869659424e-01 -5.020055174827575684e-01 2.954319417476654053e-01 -1.102894470095634460e-01 3.078708946704864502e-01 2.965592443943023682e-01 -1.221274808049201965e-01 -3.516761958599090576e-01 6.050560474395751953e-01 -7.950001358985900879e-01 -1.634892374277114868e-01 3.658379316329956055e-01 -2.465142309665679932e-02 4.176325798034667969e-01 -6.376185417175292969e-01 -1.607480198144912720e-01 -2.316391021013259888e-01 9.522599726915359497e-02 -2.681016325950622559e-01 -3.746985197067260742e-01 -4.123902022838592529e-01 2.616434097290039062e-01 -1.743435114622116089e-02 -3.340253233909606934e-01 1.071962490677833557e-01 1.797833293676376343e-01 3.330372273921966553e-01 -5.319365859031677246e-01 -3.802139461040496826e-01 5.260722637176513672e-01 1.719008684158325195e-01 1.582194715738296509e-01 -2.257753163576126099e-01 4.487735331058502197e-01 4.306759685277938843e-02 -2.068810351192951202e-02 4.589513540267944336e-01 -4.518645703792572021e-01 4.302846491336822510e-01 3.236875534057617188e-01 -4.273001551628112793e-01 -5.180595517158508301e-01 4.044699966907501221e-01 5.240939259529113770e-01 -1.028845906257629395e-01 -5.123614519834518433e-02 -2.081286609172821045e-01
-3.294714391231536865e-01 -5.030953884124755859e-01 5.063582062721252441e-01 -7.415251135826110840e-01 5.494697690010070801e-01 7.727512717247009277e-01 2.139051407575607300e-01 -2.360453605651855469e-01 -3.542361259460449219e-01 3.138681054115295410e-01 5.713512748479843140e-02 -4.265423119068145752e-02 -2.302509397268295288e-01 -4.304147884249687195e-02 6.507059186697006226e-02 8.373293280601501465e-01 2.615773677825927734e-02 1.225579753518104553e-01 -3.275899291038513184e-01 -9.498871117830276489e-02 -5.020309090614318848e-01 8.417337536811828613e-01 3.464305102825164795e-01 -6.951656937599182129e-01 -7.238339781761169434e-01 2.608360350131988525e-01 -3.813050687313079834e-01 -5.599677562713623047e-01 1.215954184532165527e+00 -3.159295320510864258e-01 -8.159431815147399902e-01 -4.621140658855438232e-01 -4.000364542007446289e-01 -7.267726212739944458e-02 -2.057694345712661743e-01 -3.431713283061981201e-01 -1.558063775300979614e-01 -5.194873213768005371e-01 8.075599074363708496e-01 3.483754768967628479e-02 -3.703546226024627686e-01 -3.723094463348388672e-01 4.510331898927688599e-03 -3.168708086013793945e-01 7.218684256076812744e-02 1.338770389556884766e-01 -6.756339669227600098e-01 -1.061800792813301086e-01 8.113846182823181152e-02 -5.593894124031066895e-01 1.534179747104644775e-01 -6.268261373043060303e-02 7.189788818359375000e-01 2.798058688640594482e-01 -2.082647830247879028e-01 9.650844335556030273e-02 3.213441967964172363e-01 -1.018384993076324463e-01 -4.246504604816436768e-01 1.759272515773773193e-01 -3.310406208038330078e-01 -3.280157446861267090e-01 6.357125639915466309e-01 -1.988846957683563232e-01
2.922599613666534424e-01 -4.768344163894653320e-01 3.766547739505767822e-01 -3.827936351299285889e-01 9.973639249801635742e-01 2.256736159324645996e-01 2.596397697925567627e-02 -7.254000753164291382e-03 -4.912462532520294189e-01 1.725558638572692871e-01 -2.431826665997505188e-02 -2.507396936416625977e-01 -1.192175984382629395e+00 2.585315108299255371e-01 -5.842739343643188477e-01 1.013389825820922852e+00 -5.975529551506042480e-01 -1.668192148208618164e-01 -4.592257440090179443e-01 4.637821763753890991e-02 2.323240935802459717e-01 8.645491600036621094e-01 -2.796790897846221924e-01 -6.468471884727478027e-02 -2.802494168281555176e-01 3.628567457199096680e-01 3.106760084629058838e-01 -8.573285341262817383e-01 -1.745415329933166504e-01 9.258507192134857178e-02 -7.989892736077308655e-03 -1.654438376426696777e-01 3.788091838359832764e-01 -2.902316749095916748e-01 -5.657588839530944824e-01 -1.601295024156570435e-01 1.695148646831512451e-01 -1.761241555213928223e-01 -3.823299705982208252e-01 -1.716565191745758057e-01 2.715899422764778137e-02 -3.441302478313446045e-01 -3.129980862140655518e-01 -6.490151397883892059e-03 3.455406054854393005e-02 3.886891305446624756e-01 -3.618287444114685059e-01 -4.466416239738464355e-01 3.847012817859649658e-01 -3.534714281558990479e-01 3.025314509868621826e-01 -5.385578274726867676e-01 1.401099413633346558e-01 1.540261656045913696e-01 2.127264738082885742e-01 2.334703505039215088e-01 3.355833292007446289e-01 -3.368416130542755127e-01 -2.969008088111877441e-01 5.509628653526306152e-01 -1.618675589561462402e-01 6.056773290038108826e-02 1.330103129148483276e-01 2.955169379711151123e-01
4.143953025341033936e-01 -4.257595539093017578e-01 -2.715365886688232422e-01 -2.426503598690032959e-01 1.129865884780883789e+00 -1.155293583869934082e-01 6.686281561851501465e-01 -2.513025104999542236e-01 -4.294962584972381592e-01 3.446374535560607910e-01 3.102497197687625885e-02 -4.442137479782104492e-01 -5.502867698669433594e-01 -5.441945418715476990e-02 -7.090039849281311035e-01 4.318920075893402100e-01 -1.508304774761199951e-01 -6.344048678874969482e-02 -1.628551185131072998e-01 4.942016005516052246e-01 1.373005565255880356e-02 9.739934802055358887e-01 -2.527535557746887207e-01 -5.394072532653808594e-01 -2.752965092658996582e-01 -1.419907528907060623e-02 -3.315768837928771973e-01 -6.035020947456359863e-01 3.237904012203216553e-01 -4.404172003269195557e-01 -1.740111410617828369e-01 -1.996428072452545166e-01 9.157928228378295898e-01 8.414953947067260742e-02 -7.696501016616821289e-01 -3.541564941406250000e-02 -2.947219312191009521e-01 -1.799883246421813965e-01 1.793712228536605835e-01 2.839950621128082275e-01 4.602330029010772705e-01 -9.959402084350585938e-01 -2.959807515144348145e-01 -6.925541907548904419e-02 -3.076992630958557129e-01 4.008195102214813232e-01 -2.402391284704208374e-02 -6.728612184524536133e-01 9.082727879285812378e-02 -3.111177086830139160e-01 1.084457039833068848e-01 -3.150030672550201416e-01 7.066768407821655273e-02 2.706358432769775391e-01 7.149722576141357422e-01 1.894987970590591431e-01 1.048571392893791199e-01 2.682224214076995850e-01 -2.942828238010406494e-01 3.034875392913818359e-01 9.020957350730895996e-02 3.284696042537689209e-01 -1.154435500502586365e-01 2.440745383501052856e-01
4.966464042663574219e-01 1.675149500370025635e-01 2.786136865615844727e-01 -1.314520835876464844e-01 1.087955236434936523e+00 -6.193206459283828735e-02 1.888627707958221436e-01 -3.214401006698608398e-01 -4.383127391338348389e-01 -2.253280133008956909e-01 -5.262888967990875244e-02 1.004067435860633850e-01 -1.174071669578552246e+00 -3.002527952194213867e-01 -1.676651984453201294e-01 8.733449578285217285e-01 4.747557395603507757e-04 -2.311053127050399780e-01 -2.179133743047714233e-01 -5.016447603702545166e-02 -2.182284444570541382e-01 8.703513145446777344e-01 -2.109164372086524963e-03 -6.815460324287414551e-01 -1.717494875192642212e-01 -1.015036478638648987e-01 2.035614699125289917e-01 -8.953418135643005371e-01 -3.119415640830993652e-01 1.767107248306274414e-01 -1.353573799133300781e-01 -2.550985813140869141e-01 3.822294473648071289e-01 -2.562870457768440247e-02 -2.066362500190734863e-01 -5.520786046981811523e-01 -4.270306974649429321e-02 -1.171155869960784912e-01 -5.031539872288703918e-02 1.283900588750839233e-01 4.854214191436767578e-01 3.615785241127014160e-01 -2.915960848331451416e-01 -3.648231178522109985e-02 -1.649198308587074280e-02 -2.565232217311859131e-01 -2.112951874732971191e-01 -8.110345155000686646e-02 6.341587305068969727e-01 -6.065846681594848633e-01 7.012210041284561157e-02 2.243557125329971313e-01 3.372853398323059082e-01 2.440056502819061279e-01 1.488954573869705200e-01 -1.957495212554931641e-01 7.121534943580627441e-01 -2.542901933193206787e-01 -1.006381213665008545e-01 4.063075780868530273e-01 -4.731400012969970703e-01 2.775272130966186523e-01 4.450054764747619629e-01 4.828768372535705566e-01
4.678955376148223877e-01 -1.355102509260177612e-01 3.250414133071899414e-01 -3.241823017597198486e-01 8.693228662014007568e-02 -2.973890602588653564e-01 -2.515593767166137695e-01 -1.054866313934326172e+00 -5.241204500198364258e-01 1.031445041298866272e-01 7.652936577796936035e-01 -1.222857236862182617e+00 -6.252073645591735840e-01 -5.545892119407653809e-01 -2.217359095811843872e-01 1.029680147767066956e-01 -4.726082980632781982e-01 -8.926809430122375488e-01 -1.154896765947341919e-01 6.534183025360107422e-01 -3.003311157226562500e-01 6.568947434425354004e-01 8.248180747032165527e-01 -1.924975961446762085e-01 -1.981755346059799194e-01 6.519154906272888184e-01 -3.016023635864257812e-01 1.262074112892150879e-01 5.977843403816223145e-01 9.913245588541030884e-02 -2.741833031177520752e-01 -1.226975694298744202e-01 -5.195233821868896484e-01 -2.042684853076934814e-01 6.394275426864624023e-01 -4.006254673004150391e-01 -2.244376540184020996e-01 -2.948823571205139160e-01 6.225152313709259033e-02 5.006995201110839844e-01 5.767185091972351074e-01 2.135488539934158325e-01 -7.419382929801940918e-01 1.510878950357437134e-01 -2.369831502437591553e-01 -6.648401618003845215e-01 4.116857051849365234e-02 -5.222908258438110352e-01 7.424994558095932007e-02 6.487740874290466309e-01 2.042340189218521118e-01 -3.862052559852600098e-01 1.217984855175018311e-01 6.973498314619064331e-02 1.993939131498336792e-01 -2.196962535381317139e-01 -6.076604723930358887e-01 -2.873957455158233643e-01 -2.432543486356735229e-01 3.658579885959625244e-01 -8.017222285270690918e-01 2.165523320436477661e-01 6.581386923789978027e-01 -2.120052725076675415e-01
3.348807990550994873e-02 -5.206511020660400391e-01 -2.360283583402633667e-01 -1.466143876314163208e-01 2.343088835477828979e-01 -5.359612107276916504e-01 1.070808842778205872e-01 -6.323776245117187500e-01 -3.378721475601196289e-01 -3.373992145061492920e-01 -3.080872818827629089e-02 6.588363088667392731e-03 -6.729149222373962402e-01 -2.012901753187179565e-01 6.287278532981872559e-01 2.031902819871902466e-01 -9.498204588890075684e-01 -7.883182168006896973e-01 -7.202079892158508301e-01 9.283092617988586426e-01 -1.884803026914596558e-01 5.966261625289916992e-01 3.652608096599578857e-01 -4.610769450664520264e-01 3.906077146530151367e-01 1.083301380276679993e-01 2.489562705159187317e-02 6.050869077444076538e-02 9.061120152473449707e-01 6.215341761708259583e-02 -3.375957608222961426e-01 -6.388493180274963379e-01 -4.412158727645874023e-01 -1.022139862179756165e-01 -4.511684775352478027e-01 2.589478790760040283e-01 -4.320163428783416748e-01 5.745679512619972229e-02 4.335342645645141602e-01 1.981549710035324097e-02 4.518779516220092773e-01 4.466045796871185303e-01 -5.966798067092895508e-01 -3.751492202281951904e-01 1.107494756579399109e-01 -8.030924797058105469e-01 3.175662457942962646e-01 -5.649636983871459961e-01 2.640241980552673340e-01 3.198995590209960938e-01 3.153169527649879456e-02 -7.787140011787414551e-01 4.775731563568115234e-01 -2.521307170391082764e-01 2.383549362421035767e-01 2.083657234907150269e-01 -4.355237782001495361e-01 -2.409874200820922852e-01 -9.241381287574768066e-01 5.210620164871215820e-01 -6.932682991027832031e-01 -2.865440249443054199e-01 4.281694591045379639e-01 -4.041185677051544189e-01
3.363018631935119629e-01 -5.322951674461364746e-01 1.531008481979370117e-01 -2.481493800878524780e-01 -4.447428509593009949e-02 -7.559039592742919922e-01 -1.609209179878234863e-01 1.296559572219848633e-01 -8.093405961990356445e-01 -3.306194841861724854e-01 1.543944478034973145e-01 -6.092751622200012207e-01 4.838395491242408752e-02 3.257249593734741211e-01 2.413218021392822266e-01 2.266800552606582642e-01 -4.551063179969787598e-01 -2.455665767192840576e-01 -9.608478099107742310e-02 5.361930727958679199e-01 -3.804370164871215820e-01 2.257640957832336426e-01 -2.160731554031372070e-01 -3.871731758117675781e-01 1.110581606626510620e-01 4.541592597961425781e-01 1.511278003454208374e-01 -1.188600882887840271e-01 3.288936018943786621e-01 -6.715372204780578613e-01 3.582614064216613770e-01 -7.494288086891174316e-01 -4.119567573070526123e-01 -5.984312668442726135e-02 -3.938022851943969727e-01 3.308697044849395752e-01 -8.769421577453613281e-01 1.144787892699241638e-01 2.488669157028198242e-01 -4.810230806469917297e-02 -1.560490876436233521e-01 1.817222237586975098e-01 -1.306087374687194824e-01 1.423045545816421509e-01 1.455860286951065063e-01 -1.734430044889450073e-01 1.648246645927429199e-01 3.021672070026397705e-01 2.761777937412261963e-01 7.752799391746520996e-01 4.099301993846893311e-01 6.047265976667404175e-02 3.220328986644744873e-01 1.444513648748397827e-01 -2.932593822479248047e-01 -1.804423332214355469e-01 -8.541759103536605835e-03 7.771834731101989746e-02 -2.510266602039337158e-01 1.833009868860244751e-01 -3.374300897121429443e-02 2.276053130626678467e-01 1.551526635885238647e-01 2.555945813655853271e-01
5.654944777488708496e-01 -1.794797331094741821e-01 -3.068513870239257812e-01 -2.045926302671432495e-01 -4.623317345976829529e-02 1.136150583624839783e-01 -1.319568157196044922e-01 1.335157360881567001e-02 -4.172373116016387939e-01 1.715189367532730103e-01 1.895174235105514526e-01 -5.028588771820068359e-01 -1.635141968727111816e+00 2.643921077251434326e-01 -1.620651185512542725e-01 1.012424468994140625e+00 -4.675720632076263428e-01 9.131552278995513916e-02 1.384675502777099609e-01 1.779854483902454376e-02 -2.912863492965698242e-01 5.840948820114135742e-01 -1.032392214983701706e-02 1.310880035161972046e-01 2.974022738635540009e-02 6.348215341567993164e-01 1.762358397245407104e-01 -4.910688400268554688e-01 -2.007099688053131104e-01 2.151723653078079224e-01 -9.345986694097518921e-02 -4.149487316608428955e-01 1.445370763540267944e-01 -4.987775087356567383e-01 -9.184230566024780273e-01 -1.435594074428081512e-02 -1.758103072643280029e-01 -2.123362421989440918e-01 6.261024624109268188e-02 2.202268093824386597e-01 -1.916217006510123610e-04 -9.245794266462326050e-02 -1.918156743049621582e-01 -6.822364330291748047e-01 -2.692778408527374268e-01 4.085047543048858643e-01 1.614513695240020752e-01 -3.050993382930755615e-01 5.114647150039672852e-01 -3.740047216415405273e-01 2.874285727739334106e-02 -7.760658860206604004e-01 -1.261905729770660400e-01 1.745825111865997314e-01 1.188659369945526123e-01 -4.770471155643463135e-01 7.878243327140808105e-01 -7.788973301649093628e-02 -2.641428709030151367e-01 5.504911541938781738e-01 -7.770222425460815430e-01 -2.088952362537384033e-01 5.470082759857177734e-01 6.706186532974243164e-01
3.258784413337707520e-01 -5.918484926223754883e-01 -1.186089143157005310e-01 -1.181551814079284668e-01 1.031249240040779114e-01 1.801338791847229004e-01 -3.729460835456848145e-01 -3.510349690914154053e-01 -6.188657283782958984e-01 7.529799342155456543e-01 1.832943707704544067e-01 -7.466989159584045410e-01 -1.443383097648620605e+00 4.118680953979492188e-02 -2.527996897697448730e-01 8.817293643951416016e-01 -4.473467767238616943e-01 -3.896426260471343994e-01 -2.246998064219951630e-02 4.302250593900680542e-02 -3.278336822986602783e-01 2.732742726802825928e-01 1.552553772926330566e-01 4.186307638883590698e-02 1.507249921560287476e-01 3.628185391426086426e-01 1.646615713834762573e-01 -2.716983258724212646e-01 -1.471245437860488892e-01 2.249894291162490845e-01 -8.607199415564537048e-03 -2.909069955348968506e-01 3.723646998405456543e-01 -4.346309602260589600e-01 -1.083991646766662598e+00 -3.200389146804809570e-01 -1.979529708623886108e-01 -1.435356736183166504e-01 -3.417570516467094421e-02 -5.287051945924758911e-02 -2.884047031402587891e-01 1.723049581050872803e-01 -1.076870858669281006e-01 -4.631891548633575439e-01 -2.398618310689926147e-01 5.036201477050781250e-01 1.749265044927597046e-01 -2.984935343265533447e-01 3.215071260929107666e-01 -5.226927399635314941e-01 2.835252583026885986e-01 -4.123619496822357178e-01 1.595860123634338379e-01 -3.496801108121871948e-02 6.332463771104812622e-02 -1.110910028219223022e-01 8.891869187355041504e-01 -1.544109731912612915e-01 -2.540318965911865234e-01 6.729056239128112793e-01 -9.926144480705261230e-01 -2.661036550998687744e-01 8.954653888940811157e-02 8.242459893226623535e-01
1.519890278577804565e-01 -8.914266824722290039e-01 -3.064689785242080688e-02 -2.273326665163040161e-01 5.158818364143371582e-01 2.036580294370651245e-01 -2.016791999340057373e-01 -4.069045186042785645e-01 -4.078006148338317871e-01 6.488339304924011230e-01 2.308038622140884399e-01 -7.903809547424316406e-01 -1.595795512199401855e+00 2.520862519741058350e-01 -3.036865592002868652e-01 8.051145672798156738e-01 -4.969808161258697510e-01 -5.308673381805419922e-01 -3.006221652030944824e-01 8.483792096376419067e-02 -4.338247776031494141e-01 3.082976043224334717e-01 2.750319838523864746e-01 -1.798904091119766235e-01 4.241226613521575928e-01 3.902145922183990479e-01 1.777069270610809326e-01 8.161845058202743530e-02 -4.130585491657257080e-01 2.644383311271667480e-01 -8.029136806726455688e-02 -2.125304490327835083e-01 3.771114647388458252e-01 -3.971205055713653564e-01 -9.808599352836608887e-01 -6.295921802520751953e-01 -3.787303566932678223e-01 -1.373082492500543594e-02 5.535756796598434448e-02 -3.625236079096794128e-02 -2.531726360321044922e-01 3.432886302471160889e-01 -4.724100604653358459e-02 -3.115415573120117188e-01 -4.020029008388519287e-01 4.208598136901855469e-01 1.702530682086944580e-01 -1.071665510535240173e-01 2.237463891506195068e-01 -4.898879230022430420e-01 2.106682807207107544e-01 -3.287095725536346436e-01 4.792513251304626465e-01 -4.642300307750701904e-02 -4.486332461237907410e-02 2.905514836311340332e-01 7.485836148262023926e-01 -2.751404941082000732e-01 -1.704120635986328125e-01 8.490377664566040039e-01 -9.060932397842407227e-01 -1.477596759796142578e-01 1.392519474029541016e-01 8.103617429733276367e-01
2.956255376338958740e-01 -1.823907941579818726e-01 1.765680909156799316e-01 -4.309302866458892822e-01 1.093637943267822266e+00 8.524133265018463135e-02 1.462834179401397705e-01 6.477735191583633423e-02 -3.789436444640159607e-02 8.867407590150833130e-02 4.696930944919586182e-02 -1.439345180988311768e-01 -7.072831392288208008e-01 1.299217492341995239e-01 3.404554128646850586e-01 1.017755866050720215e+00 1.296688616275787354e-01 -1.521677374839782715e-01 -3.970771431922912598e-01 -4.224429130554199219e-01 -5.492220520973205566e-01 2.016013413667678833e-01 -1.735051274299621582e-01 -7.708811759948730469e-01 -1.349098324775695801e+00 3.765152990818023682e-01 -2.955964207649230957e-01 -6.980428099632263184e-01 7.393325567245483398e-01 5.496037006378173828e-02 -4.184620678424835205e-01 -4.466089606285095215e-01 -3.217093348503112793e-01 -9.641476720571517944e-02 1.406845729798078537e-02 -2.843070328235626221e-01 -9.408358335494995117e-01 -3.738720715045928955e-01 7.602919340133666992e-01 5.148247480392456055e-01 -1.504282206296920776e-01 -2.093166708946228027e-01 -1.130681559443473816e-01 -3.383230268955230713e-01 1.673357002437114716e-02 7.587132602930068970e-02 -6.640565395355224609e-01 -4.752246737480163574e-01 1.887203454971313477e-01 -3.942897319793701172e-01 -1.426940858364105225e-01 -1.072591915726661682e-01 1.828566640615463257e-01 7.575272321701049805e-01 2.959354780614376068e-02 1.192907914519309998e-01 2.840828299522399902e-01 -2.736448347568511963e-01 -1.003314927220344543e-01 5.168449282646179199e-01 -5.271185636520385742e-01 -1.337118148803710938e-01 6.901677250862121582e-01 -3.377101123332977295e-01
4.147276282310485840e-01 -9.388120174407958984e-01 4.113928973674774170e-01 2.175126969814300537e-01 -2.544352412223815918e-01 -6.036054491996765137e-01 -1.396874152123928070e-02 5.277523994445800781e-01 -8.727446794509887695e-01 -3.675441145896911621e-01 6.337567567825317383e-01 -6.780477166175842285e-01 4.482613801956176758e-01 2.928127050399780273e-01 1.161492764949798584e-01 2.430100142955780029e-01 -4.331733584403991699e-01 -2.820574045181274414e-01 2.016064524650573730e-01 6.608014106750488281e-01 -3.070844411849975586e-01 3.672747910022735596e-01 -1.036816835403442383e-01 -4.231654107570648193e-01 -2.760413289070129395e-02 2.529026567935943604e-01 -2.135270647704601288e-02 -3.270836472511291504e-01 5.208119153976440430e-01 -4.962848424911499023e-01 3.201708942651748657e-02 -3.682229518890380859e-01 -3.934396207332611084e-01 -6.010957360267639160e-01 -6.978146731853485107e-02 -1.867512166500091553e-01 -8.803640604019165039e-01 -4.639873653650283813e-02 2.804694175720214844e-01 2.178693115711212158e-01 3.362314030528068542e-02 3.287457525730133057e-01 3.760400414466857910e-01 -3.308728337287902832e-01 2.222486436367034912e-01 -1.913111507892608643e-01 3.387498855590820312e-01 1.559143066406250000e-01 5.116506814956665039e-01 3.102755844593048096e-01 1.918540149927139282e-01 -2.302180379629135132e-01 4.430952295660972595e-02 5.491963773965835571e-02 -1.818515956401824951e-01 1.850446611642837524e-01 5.098569989204406738e-01 3.238499537110328674e-02 9.512721560895442963e-03 -1.417709290981292725e-01 -1.310403347015380859e-01 2.336007058620452881e-01 1.798673868179321289e-01 1.207687482237815857e-01
3.350877761840820312e-01 -6.272892355918884277e-01 2.412101030349731445e-01 -3.077900111675262451e-01 9.306927919387817383e-01 2.975884079933166504e-01 9.713749587535858154e-02 2.317296713590621948e-02 -5.029421448707580566e-01 3.161765336990356445e-01 1.070612967014312744e-01 -2.008278369903564453e-01 -1.060525536537170410e+00 1.993348598480224609e-01 -4.679026901721954346e-01 9.919832348823547363e-01 -8.109282255172729492e-01 -1.633394509553909302e-01 -4.505540728569030762e-01 1.694577187299728394e-02 2.432860136032104492e-01 7.256995439529418945e-01 -2.219529151916503906e-01 4.180543869733810425e-02 -2.158064991235733032e-01 5.061929821968078613e-01 3.096762001514434814e-01 -8.417618274688720703e-01 -2.234956920146942139e-01 -7.002455741167068481e-02 -4.793005809187889099e-02 -2.912061810493469238e-01 3.578057289123535156e-01 -1.666854768991470337e-01 -6.092567443847656250e-01 -2.164738327264785767e-01 2.309956848621368408e-01 -2.516176998615264893e-01 -3.312935829162597656e-01 -3.675984442234039307e-01 4.537686333060264587e-02 -5.039177536964416504e-01 -4.084326326847076416e-01 7.114358991384506226e-02 1.555673927068710327e-01 4.051036834716796875e-01 -3.297724723815917969e-01 -3.344535231590270996e-01 6.411066055297851562e-01 -3.920905888080596924e-01 3.165305256843566895e-01 -4.854567646980285645e-01 2.485720068216323853e-01 1.134386733174324036e-01 1.195660158991813660e-01 3.665698468685150146e-01 3.861829936504364014e-01 -3.091506063938140869e-01 -2.018131613731384277e-01 5.648805499076843262e-01 -3.002844750881195068e-01 1.910133808851242065e-01 1.474252790212631226e-01 3.695258796215057373e-01
3.137963116168975830e-01 3.145773708820343018e-01 3.253954946994781494e-01 1.660614907741546631e-01 1.119227647781372070e+00 3.356036841869354248e-01 3.079847693443298340e-01 2.309511452913284302e-01 -3.683664500713348389e-01 -1.826653480529785156e-01 -2.701158523559570312e-01 -4.372744858264923096e-01 -6.687082052230834961e-01 -5.040396451950073242e-01 -9.990234673023223877e-02 8.372362256050109863e-01 -3.801345229148864746e-01 -1.601079255342483521e-01 -5.564682483673095703e-01 5.902229622006416321e-02 -6.002228260040283203e-01 8.505581617355346680e-01 -6.469651460647583008e-01 -6.094331741333007812e-01 -5.945833921432495117e-01 -1.102051660418510437e-01 3.256717324256896973e-02 -5.647040009498596191e-01 1.102157011628150940e-01 -4.569615051150321960e-02 -3.787774443626403809e-01 -6.138313189148902893e-02 1.463907957077026367e-01 2.104074209928512573e-01 -4.832237660884857178e-01 -4.090084135532379150e-01 -7.420830726623535156e-01 -1.771174371242523193e-01 -6.445534527301788330e-02 -1.280305534601211548e-02 6.915498971939086914e-01 -3.317452073097229004e-01 -1.026084646582603455e-01 1.226164326071739197e-01 -5.311135053634643555e-01 1.207709386944770813e-01 1.285074502229690552e-01 -3.049911558628082275e-01 4.507670700550079346e-01 -4.934388697147369385e-01 -5.818749591708183289e-02 -4.076071977615356445e-01 1.630039215087890625e-01 4.632682353258132935e-02 6.979329138994216919e-02 -5.279107093811035156e-01 3.757285773754119873e-01 -1.648785620927810669e-01 -5.154078006744384766e-01 -1.854051947593688965e-01 -6.197233796119689941e-01 2.834269702434539795e-01 8.529284596443176270e-02 3.111250698566436768e-01
3.511164486408233643e-01 -2.142388373613357544e-01 -5.947269201278686523e-01 -3.162213265895843506e-01 5.313704013824462891e-01 -9.282962679862976074e-01 -5.777475237846374512e-01 1.065184324979782104e-01 -1.074825972318649292e-02 -4.063518941402435303e-01 9.005583524703979492e-01 -3.837553262710571289e-01 -1.130854636430740356e-01 2.549829147756099701e-02 -1.456767171621322632e-01 -1.425705943256616592e-02 -7.708986401557922363e-01 -6.018262505531311035e-01 -6.596758961677551270e-01 7.227784395217895508e-01 -3.799329400062561035e-01 9.018973708152770996e-01 -2.706968486309051514e-01 -3.485978245735168457e-01 1.746305972337722778e-01 4.246101081371307373e-01 1.475005447864532471e-01 5.921432375907897949e-02 5.002287626266479492e-01 2.145363241434097290e-01 -7.707592248916625977e-01 -1.121537566184997559e+00 -3.610361814498901367e-01 -3.043605685234069824e-01 2.998988926410675049e-01 1.209316328167915344e-01 -7.955656647682189941e-01 -7.818629145622253418e-01 1.086476519703865051e-01 -3.311770558357238770e-01 -4.116782248020172119e-01 8.917670845985412598e-01 -3.650409728288650513e-02 4.018118381500244141e-01 -7.917643785476684570e-01 -5.186378359794616699e-01 -2.711059153079986572e-01 -2.715867459774017334e-01 3.490842878818511963e-01 -3.558113276958465576e-01 1.154081821441650391e+00 -2.087540477514266968e-01 2.910414040088653564e-01 6.669828295707702637e-01 1.283341348171234131e-01 2.518569827079772949e-01 2.307975292205810547e-01 -2.527180910110473633e-01 -1.193432092666625977e+00 8.540753126144409180e-01 -2.095721960067749023e-01 5.368561148643493652e-01 4.392488300800323486e-01 2.484965771436691284e-01
4.902977049350738525e-01 -9.853551536798477173e-02 -2.643608748912811279e-01 -8.122514118440449238e-04 1.055860221385955811e-01 -2.039265781641006470e-01 -5.651689767837524414e-01 2.257329225540161133e-02 -2.989740073680877686e-01 2.295613735914230347e-01 1.427870392799377441e-01 -7.862157821655273438e-01 -1.608022451400756836e+00 -8.394216746091842651e-02 -4.307118654251098633e-01 9.303016662597656250e-01 -6.276791691780090332e-01 -8.323671668767929077e-02 -1.402837783098220825e-02 3.282176554203033447e-01 -2.208259999752044678e-01 6.950088143348693848e-01 -8.818287402391433716e-02 1.470150202512741089e-01 4.292347729206085205e-01 3.997307419776916504e-01 1.310856267809867859e-02 -5.991753935813903809e-01 2.118924856185913086e-01 4.122390598058700562e-02 -1.507639139890670776e-01 -9.455426782369613647e-02 2.801304757595062256e-01 -6.866104602813720703e-01 -1.033224701881408691e+00 -1.803836226463317871e-01 -3.420802652835845947e-01 -2.442694008350372314e-01 -3.049469292163848877e-01 3.696681857109069824e-01 1.501627266407012939e-01 4.877277463674545288e-02 -7.769349962472915649e-02 -7.266455888748168945e-01 -2.411857992410659790e-02 7.856418490409851074e-01 -1.226097717881202698e-01 -1.049324721097946167e-01 2.911626696586608887e-01 -4.124861359596252441e-01 2.048834413290023804e-01 -5.697951912879943848e-01 -6.401372551918029785e-01 1.861908584833145142e-01 -9.733790531754493713e-03 -3.220277726650238037e-01 5.947188138961791992e-01 -1.975727081298828125e-01 -3.827503919601440430e-01 5.580790042877197266e-01 -6.482854485511779785e-01 -5.125508308410644531e-01 7.718970775604248047e-01 2.839172780513763428e-01
2.004667818546295166e-01 6.845158338546752930e-02 3.742651343345642090e-01 1.146070584654808044e-01 9.301522970199584961e-01 1.486890166997909546e-01 3.962817192077636719e-01 2.415054142475128174e-01 -3.694545924663543701e-01 -2.468735575675964355e-01 -3.123775720596313477e-01 -3.513507843017578125e-01 -7.636002302169799805e-01 -5.684588551521301270e-01 -3.721667081117630005e-02 8.027773499488830566e-01 -4.799842238426208496e-01 1.979268388822674751e-03 -5.338650345802307129e-01 -1.262169480323791504e-01 -6.977866291999816895e-01 1.014298081398010254e+00 -6.363397836685180664e-01 -4.813630878925323486e-01 -5.994068384170532227e-01 -1.090004369616508484e-01 1.880373358726501465e-01 -3.197997808456420898e-01 -9.553298354148864746e-02 9.913523495197296143e-02 -3.182505667209625244e-01 -1.212328150868415833e-01 1.524062603712081909e-01 2.090807408094406128e-01 -4.565249979496002197e-01 -4.191750288009643555e-01 -5.893024802207946777e-01 -3.417615890502929688e-01 -9.784070402383804321e-02 -1.309347301721572876e-01 7.121828794479370117e-01 -4.195373654365539551e-01 -7.432616502046585083e-02 5.220650136470794678e-02 -3.568473160266876221e-01 7.023392617702484131e-02 1.091974526643753052e-01 -4.301959276199340820e-01 7.405907511711120605e-01 -4.542288780212402344e-01 -1.696467399597167969e-01 -3.761185705661773682e-01 9.249547123908996582e-02 2.537326216697692871e-01 1.080392021685838699e-02 -4.278454482555389404e-01 3.923999071121215820e-01 -1.875939369201660156e-01 -3.563033938407897949e-01 -2.341192960739135742e-01 -6.469997763633728027e-01 1.651449054479598999e-01 1.489917188882827759e-01 3.697474896907806396e-01
9.807689487934112549e-02 -5.828988552093505859e-01 -1.623096466064453125e-01 -1.091271787881851196e-01 2.692001163959503174e-01 -6.738535165786743164e-01 1.051870584487915039e-01 -5.889648795127868652e-01 -2.373381704092025757e-01 -2.919112145900726318e-01 4.576470702886581421e-02 -2.368517965078353882e-02 -7.452895045280456543e-01 -2.561675608158111572e-01 7.159531116485595703e-01 1.308633387088775635e-01 -1.045793533325195312e+00 -7.689744234085083008e-01 -6.932176947593688965e-01 9.863425493240356445e-01 -3.667912781238555908e-01 6.671751141548156738e-01 2.612445056438446045e-01 -5.034126043319702148e-01 2.867999970912933350e-01 1.304425895214080811e-01 -3.058195346966385841e-03 -2.889749035239219666e-02 8.628848791122436523e-01 -2.135949954390525818e-02 -1.269961595535278320e-01 -6.019869446754455566e-01 -3.928163945674896240e-01 -2.149972766637802124e-01 -3.612484335899353027e-01 3.343364894390106201e-01 -3.736512959003448486e-01 5.575834587216377258e-02 3.694549798965454102e-01 -2.748694270849227905e-03 5.362195968627929688e-01 5.702574253082275391e-01 -6.647672653198242188e-01 -2.131351828575134277e-01 2.734503448009490967e-01 -8.693429231643676758e-01 1.748888939619064331e-01 -5.920187830924987793e-01 2.723157405853271484e-01 2.695436477661132812e-01 6.072845682501792908e-02 -7.838830947875976562e-01 5.167104601860046387e-01 -1.815926730632781982e-01 2.448668777942657471e-01 2.570800483226776123e-01 -3.669457137584686279e-01 -1.995328068733215332e-01 -8.546624779701232910e-01 5.566487908363342285e-01 -6.496322751045227051e-01 -2.748767733573913574e-01 3.215804696083068848e-01 -3.440018892288208008e-01
4.709492027759552002e-01 -1.160534620285034180e-01 -1.851723641157150269e-01 1.480242353864014149e-03 1.680470630526542664e-02 1.212260872125625610e-01 -2.738052010536193848e-01 -1.205089911818504333e-01 -4.824538826942443848e-01 1.720389127731323242e-01 2.995660603046417236e-01 -5.057523846626281738e-01 -1.604255676269531250e+00 2.622662186622619629e-01 -2.465930730104446411e-01 1.005063891410827637e+00 -5.468068122863769531e-01 4.107115045189857483e-02 2.552007436752319336e-01 8.609998971223831177e-02 -2.135787755250930786e-01 6.385580897331237793e-01 -1.950079342350363731e-03 1.757269948720932007e-01 8.969087153673171997e-02 6.349813938140869141e-01 1.158130839467048645e-01 -5.471799969673156738e-01 -1.722548753023147583e-01 2.068820595741271973e-01 1.436483394354581833e-02 -3.414991199970245361e-01 8.126555383205413818e-02 -5.169503688812255859e-01 -1.000452041625976562e+00 5.270102992653846741e-02 -1.501775085926055908e-01 -2.405882030725479126e-01 1.453967839479446411e-01 2.054111659526824951e-01 1.157905086874961853e-01 -9.904598444700241089e-02 -2.050457596778869629e-01 -6.612449288368225098e-01 -2.529581785202026367e-01 5.479388833045959473e-01 2.267474681138992310e-01 -4.342604577541351318e-01 4.917328655719757080e-01 -4.722545742988586426e-01 -1.110792998224496841e-02 -7.238038182258605957e-01 -1.735105216503143311e-01 2.199574932456016541e-02 6.713040918111801147e-02 -3.830181658267974854e-01 6.642485857009887695e-01 -1.221730634570121765e-01 -2.212653905153274536e-01 3.998558819293975830e-01 -7.414718270301818848e-01 -2.726064324378967285e-01 4.732549190521240234e-01 7.859315872192382812e-01
4.879797399044036865e-01 -1.682175695896148682e-01 -2.246597260236740112e-01 -1.989245265722274780e-01 -4.001295566558837891e-02 1.234415620565414429e-01 -1.650860011577606201e-01 -1.303459554910659790e-01 -3.899885416030883789e-01 5.123430117964744568e-02 8.655495196580886841e-02 -5.095708966255187988e-01 -1.694370627403259277e+00 2.389249056577682495e-01 -1.878620684146881104e-01 9.531069397926330566e-01 -6.415551304817199707e-01 9.424654394388198853e-02 8.761245757341384888e-02 2.266083061695098877e-01 -2.684488296508789062e-01 7.160242199897766113e-01 4.564019385725259781e-03 9.419442713260650635e-02 3.499867767095565796e-02 6.358135938644409180e-01 1.152397766709327698e-01 -5.157417654991149902e-01 -2.843340635299682617e-01 1.683763414621353149e-01 3.313897177577018738e-02 -3.257347047328948975e-01 1.703154146671295166e-01 -4.749189019203186035e-01 -1.091890573501586914e+00 8.119288249872624874e-04 -2.182817608118057251e-01 -1.648194789886474609e-01 1.825539022684097290e-02 1.885645687580108643e-01 -8.777279406785964966e-02 -1.362252086400985718e-01 -7.773503661155700684e-02 -6.091543436050415039e-01 -2.627672255039215088e-01 6.042593717575073242e-01 1.482686400413513184e-01 -5.430346131324768066e-01 4.173954427242279053e-01 -4.648670554161071777e-01 1.076686941087245941e-02 -7.634790539741516113e-01 -1.245756745338439941e-01 2.639931254088878632e-02 7.145028561353683472e-02 -3.717189729213714600e-01 6.906370520591735840e-01 -2.156019657850265503e-01 -1.386513411998748779e-01 4.509817063808441162e-01 -6.204587817192077637e-01 -2.850016355514526367e-01 6.041098833084106445e-01 8.230340480804443359e-01
3.183729946613311768e-01 -5.169268846511840820e-01 4.359012246131896973e-01 2.771667838096618652e-01 -3.632023036479949951e-01 -6.581044197082519531e-01 3.430422842502593994e-01 -1.932933367788791656e-02 -1.367337465286254883e+00 -4.458944499492645264e-01 5.794392824172973633e-01 -6.039198040962219238e-01 -8.835233449935913086e-01 2.737475335597991943e-01 1.221427321434020996e-01 3.950082138180732727e-02 -1.003545448184013367e-01 -1.845120191574096680e-01 -3.851602971553802490e-01 3.441977500915527344e-01 -1.551628261804580688e-01 6.486400365829467773e-01 -2.162491679191589355e-01 -8.441362977027893066e-01 -1.039941087365150452e-01 5.402971506118774414e-01 2.010689973831176758e-01 -5.343571305274963379e-02 8.336626738309860229e-02 -5.811970233917236328e-01 -1.630524992942810059e-01 -1.288922578096389771e-01 -2.779129445552825928e-01 -6.518881022930145264e-02 -5.653146505355834961e-01 -2.607966661453247070e-01 -7.581836581230163574e-01 2.595527656376361847e-02 3.874114751815795898e-01 6.699126958847045898e-02 4.538053646683692932e-02 3.204800784587860107e-01 8.052766323089599609e-01 2.201104462146759033e-01 2.879196107387542725e-01 5.540836453437805176e-01 -6.161504387855529785e-01 -2.787796780467033386e-02 7.440780997276306152e-01 1.586633473634719849e-01 -3.589037954807281494e-01 3.750082254409790039e-01 9.113860726356506348e-01 7.709064483642578125e-01 -4.572303891181945801e-01 2.682020366191864014e-01 -8.565450310707092285e-01 -3.663005828857421875e-01 -2.389039397239685059e-01 3.579134941101074219e-01 1.910961866378784180e-01 -2.404430955648422241e-01 4.947948735207319260e-03 4.796243607997894287e-01
7.010479569435119629e-01 2.565171755850315094e-02 4.271406233310699463e-01 3.825712774414569139e-04 2.850243449211120605e-01 -6.358467340469360352e-01 5.079171061515808105e-02 3.526164591312408447e-01 -5.856781005859375000e-01 -1.138523668050765991e-01 5.923337340354919434e-01 -7.383397221565246582e-01 -7.638308452442288399e-04 -7.065119147300720215e-01 -3.054375946521759033e-02 6.346014142036437988e-02 -9.812690019607543945e-01 -4.031590744853019714e-02 -3.853716552257537842e-01 1.197808189317584038e-03 -2.800299823284149170e-01 8.814936280250549316e-01 4.143417775630950928e-01 -3.698309659957885742e-01 -3.163503110408782959e-02 7.759271860122680664e-01 -5.409716963768005371e-01 -1.200295016169548035e-01 3.794450163841247559e-01 2.817990072071552277e-02 1.752860546112060547e-01 -7.611044496297836304e-02 -4.196650683879852295e-01 -8.787702769041061401e-02 7.342982292175292969e-01 6.206528469920158386e-02 -3.910779356956481934e-01 -1.446026563644409180e-01 4.933193325996398926e-01 -6.588845849037170410e-01 -6.573152542114257812e-01 5.666498541831970215e-01 7.087723016738891602e-01 -4.718571007251739502e-01 -7.983718812465667725e-02 -3.666827827692031860e-02 3.111805617809295654e-01 2.982408404350280762e-01 -2.279126048088073730e-01 -2.013258337974548340e-01 -1.199408248066902161e-01 -6.020058393478393555e-01 1.310491412878036499e-01 7.575699687004089355e-01 -2.144567109644412994e-02 1.357253789901733398e-01 1.096572756767272949e+00 -2.919842004776000977e-01 -2.441011369228363037e-01 2.641422450542449951e-01 -1.848027855157852173e-01 2.427715212106704712e-01 5.497334003448486328e-01 -3.810372948646545410e-02
4.606797993183135986e-01 -7.231482267379760742e-01 3.214157223701477051e-01 1.797907352447509766e-01 7.756537944078445435e-02 -4.656271338462829590e-01 -9.197969734668731689e-02 4.775162786245346069e-02 -9.228379130363464355e-01 8.789706230163574219e-02 -3.410631716251373291e-01 -7.817426323890686035e-01 2.510910034179687500e-01 3.428540825843811035e-01 4.072096645832061768e-01 6.894211769104003906e-01 -3.680309653282165527e-01 -6.543155014514923096e-02 -1.274491250514984131e-01 7.120740413665771484e-01 -4.563556909561157227e-01 1.671798378229141235e-01 -1.714905351400375366e-01 -5.647963285446166992e-01 -2.037925720214843750e-01 4.463719427585601807e-01 -6.838766485452651978e-02 -2.105454504489898682e-01 -1.515362262725830078e-01 -4.948377609252929688e-01 -9.306108206510543823e-02 -8.781239986419677734e-01 -4.995450675487518311e-01 7.367523759603500366e-02 -4.445512890815734863e-01 3.058795034885406494e-01 -6.841250061988830566e-01 4.774006828665733337e-02 1.292240917682647705e-01 2.291682213544845581e-01 -1.235572919249534607e-01 7.185958623886108398e-01 1.410532146692276001e-01 5.256816744804382324e-01 2.209032177925109863e-01 -8.418479561805725098e-02 7.705794274806976318e-02 3.382925987243652344e-01 1.358213126659393311e-01 7.026416659355163574e-01 2.950253784656524658e-01 2.658747434616088867e-01 1.191659942269325256e-01 -1.667979061603546143e-01 -5.959246754646301270e-01 7.776820659637451172e-02 -7.274978607892990112e-02 1.234752163290977478e-01 -1.319345533847808838e-01 5.501055121421813965e-01 -2.534562945365905762e-01 4.904560446739196777e-01 5.159248113632202148e-01 1.682603955268859863e-01
3.915388584136962891e-01 -7.547987103462219238e-01 1.705145239830017090e-01 -2.314218282699584961e-01 4.415937364101409912e-01 2.871375083923339844e-01 -1.938114017248153687e-01 -5.105584487318992615e-02 -4.711988568305969238e-01 5.854649543762207031e-01 8.052575588226318359e-02 -4.344636499881744385e-01 -1.441592931747436523e+00 -8.778429776430130005e-02 -4.201775789260864258e-01 9.072608947753906250e-01 -5.122870206832885742e-01 -9.076697379350662231e-02 -3.115057349205017090e-01 2.015958167612552643e-02 -1.991449147462844849e-01 3.841768205165863037e-01 5.042406544089317322e-02 7.426110655069351196e-02 1.734303236007690430e-01 4.550279676914215088e-01 1.227124258875846863e-01 -3.783001303672790527e-01 -2.687479257583618164e-01 -6.872461526654660702e-04 1.210681125521659851e-01 -1.941067129373550415e-01 3.509850203990936279e-01 -3.635801970958709717e-01 -8.277835249900817871e-01 -4.148162007331848145e-01 -1.628492400050163269e-02 -3.352250754833221436e-01 -3.118040859699249268e-01 5.442418903112411499e-02 -2.157622277736663818e-01 -1.125444695353507996e-01 -1.552926301956176758e-01 -1.805305480957031250e-01 -7.027915865182876587e-02 9.050823450088500977e-01 1.558900177478790283e-01 -5.670689940452575684e-01 4.451985657215118408e-01 -5.194993615150451660e-01 5.385699272155761719e-01 -6.394130587577819824e-01 4.119777977466583252e-01 1.222119014710187912e-02 1.630816459655761719e-01 8.005571365356445312e-02 5.423881411552429199e-01 -1.869644522666931152e-01 -1.987730413675308228e-01 7.397827506065368652e-01 -6.625728607177734375e-01 -1.214061751961708069e-01 1.733603924512863159e-01 4.081548452377319336e-01
4.878665506839752197e-01 1.368956863880157471e-01 1.574422866106033325e-01 -1.202816665172576904e-01 1.105738282203674316e+00 -1.394290328025817871e-01 1.932010203599929810e-01 -2.540110647678375244e-01 -4.438764154911041260e-01 -1.602954268455505371e-01 -1.076943725347518921e-01 -1.444221884012222290e-01 -1.123532176017761230e+00 -2.640512883663177490e-01 -3.113831207156181335e-02 8.708913922309875488e-01 1.102821007370948792e-01 -1.936213076114654541e-01 -3.244105279445648193e-01 -4.434426873922348022e-02 -2.139251977205276489e-01 7.457900643348693848e-01 -1.312022060155868530e-01 -5.239887237548828125e-01 -3.085730075836181641e-01 -5.389773100614547729e-02 2.583347856998443604e-01 -9.450725317001342773e-01 -2.812108695507049561e-01 2.890163660049438477e-01 -5.682185664772987366e-02 -3.292141258716583252e-01 2.519434094429016113e-01 8.948735147714614868e-02 -3.956034481525421143e-01 -5.076625347137451172e-01 -1.418502330780029297e-01 7.228293269872665405e-02 -1.993556618690490723e-01 3.368488699197769165e-02 3.772966861724853516e-01 2.446043640375137329e-01 -3.719942867755889893e-01 -3.338232636451721191e-02 -4.154438525438308716e-02 -3.136404156684875488e-01 -2.517532706260681152e-01 -1.709305793046951294e-01 3.544844686985015869e-01 -7.846831679344177246e-01 1.124617736786603928e-02 2.553870975971221924e-01 2.784182727336883545e-01 1.424158960580825806e-01 1.363662350922822952e-02 1.600797474384307861e-02 7.094639539718627930e-01 -4.214417934417724609e-01 -6.437795609235763550e-02 3.601016700267791748e-01 -5.412227511405944824e-01 3.091746568679809570e-01 3.513595759868621826e-01 6.127775907516479492e-01
1.947779804468154907e-01 -1.964205652475357056e-01 7.359823584556579590e-02 3.739729896187782288e-02 2.173128873109817505e-01 -1.310891628265380859e+00 -3.437094390392303467e-01 -1.425935234874486923e-02 -2.285499423742294312e-01 -1.071992516517639160e-02 9.020426273345947266e-01 -7.614672780036926270e-01 -2.541038952767848969e-02 -4.882409274578094482e-01 2.754968032240867615e-02 2.772925496101379395e-01 -9.553970098495483398e-01 -2.718938589096069336e-01 -6.789890527725219727e-01 -7.284833490848541260e-02 -1.834557503461837769e-01 8.306841254234313965e-01 3.159585595130920410e-01 1.234384179115295410e-01 -2.981709837913513184e-01 7.207952737808227539e-01 -5.526601672172546387e-01 9.549965709447860718e-02 2.265620380640029907e-01 4.167120456695556641e-01 -3.684674501419067383e-01 -9.488844275474548340e-01 -2.772308290004730225e-01 -2.197707630693912506e-02 1.214390099048614502e-01 3.512452915310859680e-02 -5.898811221122741699e-01 -5.959562659263610840e-01 4.331626892089843750e-01 -1.430528908967971802e-01 -3.545502126216888428e-01 4.993408024311065674e-01 7.397044450044631958e-02 5.618295073509216309e-01 -5.111989974975585938e-01 -2.937421798706054688e-01 4.500425159931182861e-01 -5.933252722024917603e-02 3.159756958484649658e-01 -5.897590517997741699e-01 6.012065410614013672e-01 -4.120169878005981445e-01 5.619266256690025330e-02 5.095017552375793457e-01 -3.692300021648406982e-01 9.491094946861267090e-02 4.258968234062194824e-01 -2.186319977045059204e-01 -5.817505121231079102e-01 4.625533521175384521e-01 2.126232981681823730e-01 -1.949051320552825928e-01 2.264118492603302002e-01 -1.621180623769760132e-01
3.697596117854118347e-02 -5.908752083778381348e-01 -1.665899008512496948e-01 -1.285662651062011719e-01 1.577929705381393433e-01 -5.364183187484741211e-01 2.660090327262878418e-01 -5.460169315338134766e-01 -3.072594702243804932e-01 -3.726898431777954102e-01 1.440215855836868286e-01 -8.809490501880645752e-02 -7.843724489212036133e-01 3.290659561753273010e-02 7.451401352882385254e-01 2.249452173709869385e-01 -9.473991394042968750e-01 -8.276104927062988281e-01 -6.202886700630187988e-01 9.246743321418762207e-01 -3.658511042594909668e-01 5.918768048286437988e-01 3.721729815006256104e-01 -4.699466228485107422e-01 4.471148848533630371e-01 1.791478395462036133e-01 4.958473891019821167e-02 -4.539407789707183838e-02 8.500082492828369141e-01 6.280060857534408569e-02 -3.469561934471130371e-01 -6.327401399612426758e-01 -4.721562266349792480e-01 -1.662089675664901733e-01 -2.223908603191375732e-01 2.434044927358627319e-01 -4.867341518402099609e-01 -1.927150227129459381e-02 3.135513365268707275e-01 -8.421657234430313110e-02 5.451760292053222656e-01 5.196152329444885254e-01 -5.247653126716613770e-01 -3.844590187072753906e-01 2.527852654457092285e-01 -6.814537644386291504e-01 6.917972117662429810e-02 -4.582984745502471924e-01 2.761105597019195557e-01 2.080430388450622559e-01 -4.139448329806327820e-02 -7.482900619506835938e-01 4.531398415565490723e-01 -1.448187679052352905e-01 3.284642696380615234e-01 1.621417403221130371e-01 -4.518730640411376953e-01 -2.230716198682785034e-01 -8.831210136413574219e-01 4.765171706676483154e-01 -7.583230733871459961e-01 -3.145096302032470703e-01 4.805495440959930420e-01 -4.537752866744995117e-01
2.249537706375122070e-01 1.196910962462425232e-01 7.269529253244400024e-02 -2.968812882900238037e-01 9.335935115814208984e-01 2.824420034885406494e-01 1.868524998426437378e-01 1.612777709960937500e-01 2.341525629162788391e-02 9.250919520854949951e-02 -5.906067416071891785e-02 2.814102731645107269e-02 -6.393255591392517090e-01 7.618295401334762573e-02 3.228147923946380615e-01 1.038887262344360352e+00 1.367453634738922119e-01 -1.266659498214721680e-01 -5.120982527732849121e-01 -1.304448992013931274e-01 -5.249939560890197754e-01 2.140753716230392456e-01 -1.945893019437789917e-01 -4.143794476985931396e-01 -1.201715588569641113e+00 4.047464728355407715e-01 -3.569729924201965332e-01 -6.143592596054077148e-01 5.984923243522644043e-01 -1.852269321680068970e-01 -3.211759626865386963e-01 -3.213843405246734619e-01 -1.635642051696777344e-01 -2.150844596326351166e-02 -2.516436576843261719e-01 -2.732974886894226074e-01 -9.462581276893615723e-01 -3.640371561050415039e-01 6.034325361251831055e-01 2.920686602592468262e-01 4.430405423045158386e-02 -4.415021240711212158e-01 -2.357227057218551636e-01 -4.670799970626831055e-01 -5.652092024683952332e-02 6.184963881969451904e-02 -5.264095067977905273e-01 -4.303398728370666504e-01 8.745896816253662109e-02 -4.100984632968902588e-01 1.542131900787353516e-01 -1.562655530869960785e-02 2.753346860408782959e-01 7.483902573585510254e-01 -1.201595887541770935e-01 1.663142889738082886e-01 3.949218094348907471e-01 -7.508596032857894897e-02 -3.127280175685882568e-01 6.389966011047363281e-01 -5.329650044441223145e-01 8.245757222175598145e-02 6.252596378326416016e-01 4.576259478926658630e-02
2.967013120651245117e-01 1.711097657680511475e-01 2.617158889770507812e-01 9.206318855285644531e-02 7.364847511053085327e-02 2.711881697177886963e-01 -8.794079720973968506e-02 -1.070053935050964355e+00 -3.426214158535003662e-01 1.795014142990112305e-01 4.690768420696258545e-01 -1.717931747436523438e+00 -1.197601318359375000e+00 -7.210834026336669922e-01 -4.830081164836883545e-01 3.111203573644161224e-02 -6.788402050733566284e-02 -6.615093350410461426e-01 -3.689160645008087158e-01 8.220039606094360352e-01 -4.021747708320617676e-01 9.846450090408325195e-01 5.048034191131591797e-01 -5.807406306266784668e-01 -4.384104013442993164e-01 8.425914049148559570e-01 -1.207022741436958313e-01 2.116259038448333740e-01 7.002518177032470703e-01 6.290342658758163452e-02 -3.706766068935394287e-01 -7.146608829498291016e-01 -1.765046715736389160e-01 2.703005969524383545e-01 4.858284294605255127e-01 -3.784346878528594971e-01 -2.930157780647277832e-01 -5.084438920021057129e-01 2.275909334421157837e-01 -1.766008790582418442e-03 4.956477284431457520e-01 -9.687708690762519836e-03 -2.193842083215713501e-01 1.255331933498382568e-01 1.397014856338500977e-01 -6.250088214874267578e-01 -3.531366586685180664e-02 -4.144520759582519531e-01 8.052650839090347290e-02 6.603819131851196289e-01 6.368032097816467285e-01 -1.593011170625686646e-01 4.454162120819091797e-01 4.916209354996681213e-02 6.929245591163635254e-01 -1.290360540151596069e-01 -5.115039348602294922e-01 -7.307461500167846680e-01 -9.639006853103637695e-02 2.440604418516159058e-01 -5.397815108299255371e-01 2.208101451396942139e-01 9.978229999542236328e-01 -5.031346082687377930e-01
4.186365306377410889e-01 -2.425741404294967651e-01 -2.700716257095336914e-01 -1.802739948034286499e-01 1.021321058273315430e+00 -5.705516785383224487e-03 4.910518527030944824e-01 -3.119737803936004639e-01 -5.624544620513916016e-01 3.364063501358032227e-01 -2.288907207548618317e-02 -3.536789417266845703e-01 -5.967147350311279297e-01 -2.482848428189754486e-02 -6.330185532569885254e-01 4.262881577014923096e-01 -3.333005607128143311e-01 -1.704560369253158569e-01 -2.285580337047576904e-01 4.734133481979370117e-01 -9.496317058801651001e-02 1.019570589065551758e+00 -3.882194757461547852e-01 -5.376164913177490234e-01 -1.347661465406417847e-01 -1.010488346219062805e-01 -5.191430449485778809e-01 -6.766698360443115234e-01 3.368721306324005127e-01 -3.603954613208770752e-01 -2.720075249671936035e-01 -1.593622565269470215e-01 7.839861512184143066e-01 -6.111412122845649719e-02 -5.401135087013244629e-01 -2.556398510932922363e-01 -2.646491527557373047e-01 -6.918358802795410156e-02 1.918179094791412354e-01 3.268487453460693359e-01 4.825906157493591309e-01 -9.643944501876831055e-01 -2.301106452941894531e-01 2.037953585386276245e-01 -4.716284573078155518e-01 3.459753096103668213e-01 9.334455430507659912e-02 -4.723121821880340576e-01 3.020122051239013672e-01 -4.283093214035034180e-01 2.665380835533142090e-01 -4.581641256809234619e-01 2.192238271236419678e-01 1.252299845218658447e-01 5.135530829429626465e-01 1.778798252344131470e-01 1.726953126490116119e-02 5.642285943031311035e-02 -3.943173289299011230e-01 3.345383107662200928e-01 3.756674379110336304e-02 3.907504677772521973e-01 -3.402158617973327637e-01 2.707144021987915039e-01
5.584704875946044922e-01 -2.842206060886383057e-01 -5.110534653067588806e-02 -5.102457404136657715e-01 1.403558373451232910e+00 -4.794225394725799561e-01 3.437519967555999756e-01 -2.045787125825881958e-01 -8.777399063110351562e-01 4.718963205814361572e-01 1.649537235498428345e-01 -4.782674014568328857e-01 -5.799989700317382812e-01 -1.314347982406616211e-01 1.608228534460067749e-01 3.490777611732482910e-01 -8.306859433650970459e-02 -3.085514008998870850e-01 -7.141059041023254395e-01 9.436172842979431152e-01 2.861764430999755859e-01 9.254732728004455566e-01 1.248648837208747864e-01 -3.523021936416625977e-01 1.741753816604614258e-01 3.041910231113433838e-01 -7.554224729537963867e-01 -6.070237159729003906e-01 1.211477667093276978e-01 -6.026884913444519043e-01 -8.950178623199462891e-01 -1.127868175506591797e+00 2.330179661512374878e-01 2.038477547466754913e-02 -4.800411462783813477e-01 2.697251141071319580e-01 3.388551175594329834e-01 -6.027609705924987793e-01 4.216167926788330078e-01 3.745632469654083252e-01 1.883705109357833862e-01 6.266589742153882980e-03 2.239156812429428101e-01 -5.498929023742675781e-01 -1.131226271390914917e-01 2.701087892055511475e-01 -3.901121318340301514e-01 -3.049305975437164307e-01 2.721744775772094727e-01 -3.582608401775360107e-01 -1.539978981018066406e-01 -2.512256056070327759e-02 2.518541216850280762e-01 -4.600218832492828369e-01 4.020494520664215088e-01 2.436257302761077881e-01 6.993675976991653442e-02 -1.223416849970817566e-01 1.520740389823913574e-01 2.910550497472286224e-02 2.099015414714813232e-01 1.058294326066970825e-01 -2.506569325923919678e-01 4.113668501377105713e-01
5.254841446876525879e-01 -4.952466487884521484e-01 2.445784658193588257e-01 -1.749718487262725830e-01 3.293760418891906738e-01 1.040523871779441833e-01 6.191302835941314697e-02 2.345994347706437111e-03 -3.584725558757781982e-01 1.323411911725997925e-01 2.033205926418304443e-01 -2.686694264411926270e-01 -1.495447754859924316e+00 1.835322529077529907e-01 -4.374284744262695312e-01 1.040835499763488770e+00 -8.180224299430847168e-01 3.703324794769287109e-01 -1.403820700943470001e-02 2.325809448957443237e-01 2.267636656761169434e-01 6.391175985336303711e-01 -5.935680866241455078e-02 1.691474914550781250e-01 -2.379124313592910767e-01 5.307452082633972168e-01 3.197844624519348145e-01 -7.693421244621276855e-01 -2.857986688613891602e-01 1.225645542144775391e-01 -8.856454491615295410e-02 -1.292838603258132935e-01 3.309562206268310547e-01 -3.638389706611633301e-01 -6.969603896141052246e-01 -1.703704744577407837e-01 8.268693834543228149e-02 -2.985547482967376709e-01 -3.597584366798400879e-01 9.277128428220748901e-02 -7.668314129114151001e-02 -4.378000497817993164e-01 -2.922680974006652832e-01 -2.603413760662078857e-01 -1.036202833056449890e-01 7.433705329895019531e-01 9.116610139608383179e-02 -6.072787046432495117e-01 3.484332263469696045e-01 -7.016702294349670410e-01 6.127257347106933594e-01 -7.705535292625427246e-01 1.822048127651214600e-01 1.243744790554046631e-01 2.807739377021789551e-02 -9.306808561086654663e-02 2.483238577842712402e-01 -1.487723737955093384e-01 -3.313496708869934082e-01 4.706076979637145996e-01 -4.642899036407470703e-01 -1.156014576554298401e-01 3.638026118278503418e-01 3.556629717350006104e-01
5.367734432220458984e-01 6.403514742851257324e-02 1.202358677983283997e-02 -5.253700017929077148e-01 1.119748830795288086e+00 -2.943680584430694580e-01 3.174734413623809814e-01 -5.157128572463989258e-01 -5.097897052764892578e-01 -6.828404217958450317e-02 2.410002946853637695e-01 -1.010262742638587952e-01 -1.099583625793457031e+00 -2.107807844877243042e-01 7.181886583566665649e-02 4.947178959846496582e-01 1.699464768171310425e-01 -5.544564127922058105e-01 -5.414778366684913635e-02 2.280603051185607910e-01 1.162429526448249817e-02 8.633601069450378418e-01 -2.263843715190887451e-01 -6.715538501739501953e-01 2.703946828842163086e-01 -2.681018784642219543e-02 -5.910239815711975098e-01 -4.962710738182067871e-01 -3.114386498928070068e-01 6.619691848754882812e-02 -1.807964891195297241e-01 -6.144158840179443359e-01 1.051858544349670410e+00 2.511246595531702042e-03 -5.917613506317138672e-01 -6.418696641921997070e-01 -1.486598700284957886e-01 -1.574559509754180908e-01 3.982813060283660889e-01 4.266143143177032471e-01 5.891580581665039062e-01 3.653279542922973633e-01 3.002480976283550262e-02 -3.192706108093261719e-01 -2.119715213775634766e-01 8.511673659086227417e-02 1.510547101497650146e-01 -1.584505885839462280e-01 5.054930597543716431e-02 -6.454731822013854980e-01 2.442182749509811401e-01 2.795448601245880127e-01 1.763893961906433105e-01 2.183542400598526001e-02 5.322973728179931641e-01 -1.548651233315467834e-02 6.118198037147521973e-01 -1.553419977426528931e-01 1.852331906557083130e-01 4.288562238216400146e-01 -4.341461062431335449e-01 3.030545823276042938e-02 -2.586851119995117188e-01 5.128553509712219238e-01
5.138261988759040833e-02 -5.196718573570251465e-01 4.217066466808319092e-01 4.252166152000427246e-01 9.623903781175613403e-02 -4.644606411457061768e-01 -6.579402089118957520e-01 3.367081284523010254e-01 -7.926699519157409668e-01 -8.789894580841064453e-01 6.586235761642456055e-02 -6.582380533218383789e-01 -3.904245197772979736e-01 -2.105269432067871094e-01 -4.646176993846893311e-01 2.085944414138793945e-01 -5.262095332145690918e-01 -1.651718467473983765e-01 -2.179428637027740479e-01 4.150156378746032715e-01 4.511278867721557617e-01 2.294729053974151611e-01 3.052964508533477783e-01 -8.938351273536682129e-01 1.745455265045166016e-01 3.054778277873992920e-01 -3.570560216903686523e-01 -3.334142267704010010e-01 1.969858556985855103e-01 -1.768086850643157959e-01 -6.088609993457794189e-02 -3.480220437049865723e-01 -1.958819627761840820e-01 3.012325465679168701e-01 -1.868659406900405884e-01 4.616084694862365723e-01 -4.415983557701110840e-01 2.119698077440261841e-01 2.382104694843292236e-01 6.205610632896423340e-01 -2.186464667320251465e-01 1.264141201972961426e-01 2.659467458724975586e-01 -2.303833961486816406e-01 -1.937495470046997070e-01 1.977057754993438721e-01 9.083262085914611816e-02 1.038600057363510132e-01 -1.087539717555046082e-01 4.432477951049804688e-01 -1.267961114645004272e-01 3.561485111713409424e-01 6.330882906913757324e-01 1.038298845291137695e+00 -9.746550023555755615e-02 1.653318405151367188e-01 -6.487544625997543335e-02 1.261779069900512695e-01 1.652394682168960571e-01 -2.036923170089721680e-02 -1.906403750181198120e-01 -2.067990042269229889e-02 3.931057453155517578e-01 3.400767743587493896e-01
3.447908759117126465e-01 -6.475130915641784668e-01 2.539646029472351074e-01 -3.700155317783355713e-01 8.495886921882629395e-01 1.821107715368270874e-01 2.583436667919158936e-01 -5.147565901279449463e-02 -5.278940200805664062e-01 2.078911364078521729e-01 7.495491951704025269e-02 -2.341631948947906494e-01 -1.160153985023498535e+00 2.584103643894195557e-01 -8.837097287178039551e-01 9.646584987640380859e-01 -4.916725158691406250e-01 -1.475391983985900879e-01 -2.610346972942352295e-01 -1.737906038761138916e-01 2.215164154767990112e-01 7.213316559791564941e-01 -2.734080255031585693e-01 -9.341733902692794800e-02 -4.392823576927185059e-01 3.516934812068939209e-01 2.391616553068161011e-01 -8.103101849555969238e-01 -8.634557574987411499e-02 7.105164229869842529e-02 -1.142236664891242981e-01 -1.310511082410812378e-01 2.866474986076354980e-01 -6.881535798311233521e-02 -4.933082163333892822e-01 -2.731355726718902588e-01 1.155932098627090454e-01 -1.929371505975723267e-01 -1.890190094709396362e-01 -1.611602604389190674e-01 1.312609910964965820e-01 -2.750495672225952148e-01 -2.743715047836303711e-01 1.819680780172348022e-01 9.447411447763442993e-02 5.868084430694580078e-01 -4.223627448081970215e-01 -5.510549545288085938e-01 5.529795289039611816e-01 -4.159401357173919678e-01 2.494981884956359863e-01 -5.044129490852355957e-01 1.409640610218048096e-01 1.995658427476882935e-01 1.727827489376068115e-01 2.623448669910430908e-01 4.593094587326049805e-01 -2.085341662168502808e-01 -1.104184240102767944e-01 7.292818427085876465e-01 -2.717826962471008301e-01 1.183667406439781189e-02 3.117431104183197021e-01 3.275097310543060303e-01
-1.063522100448608398e-01 -5.761875510215759277e-01 -2.844637334346771240e-01 -2.017543464899063110e-01 2.976908981800079346e-01 -5.141827464103698730e-01 1.238645538687705994e-01 -5.463047027587890625e-01 -3.738770782947540283e-01 -3.073649704456329346e-01 -1.048480570316314697e-01 -1.008857190608978271e-01 -7.740400433540344238e-01 -2.521052360534667969e-01 6.807795763015747070e-01 1.745260208845138550e-01 -8.857443928718566895e-01 -6.373858451843261719e-01 -4.488869309425354004e-01 1.148401737213134766e+00 -1.669424623250961304e-01 4.585397243499755859e-01 3.901253342628479004e-01 -7.182151675224304199e-01 4.178284406661987305e-01 8.103427290916442871e-02 -1.506895013153553009e-02 -2.622605673968791962e-02 8.261020183563232422e-01 1.346869915723800659e-01 -1.760505288839340210e-01 -5.876223444938659668e-01 -4.175871610641479492e-01 -2.394856661558151245e-01 -4.059732258319854736e-01 2.912434637546539307e-01 -4.374544322490692139e-01 2.307294169440865517e-03 3.760611414909362793e-01 -4.735741764307022095e-02 5.354833006858825684e-01 5.995929241180419922e-01 -5.696771144866943359e-01 -4.068481624126434326e-01 2.495245337486267090e-01 -8.258861899375915527e-01 2.216604948043823242e-01 -6.856514811515808105e-01 3.819831013679504395e-01 2.471120953559875488e-01 1.117113828659057617e-01 -7.328308820724487305e-01 6.988086104393005371e-01 -1.782541424036026001e-01 2.988882660865783691e-01 2.386868447065353394e-01 -5.076958537101745605e-01 -3.812223970890045166e-01 -9.913871884346008301e-01 4.977782964706420898e-01 -6.422840952873229980e-01 -2.247048616409301758e-01 4.200040996074676514e-01 -3.153713345527648926e-01
4.092275500297546387e-01 -3.059962764382362366e-02 -2.547760009765625000e-01 -7.663477659225463867e-01 6.838634014129638672e-01 1.783726960420608521e-01 3.350184559822082520e-01 -3.534454107284545898e-01 -4.113380610942840576e-01 4.818490520119667053e-02 -3.747187554836273193e-01 -1.066611289978027344e+00 -7.012805342674255371e-01 -3.172078430652618408e-01 1.294164061546325684e-01 3.431162536144256592e-01 -4.038479924201965332e-01 7.112200260162353516e-01 -1.620661318302154541e-01 5.365163087844848633e-02 -5.252621173858642578e-01 1.013223648071289062e+00 -4.151671528816223145e-01 -6.223172545433044434e-01 -4.303814843297004700e-02 5.105447769165039062e-02 -2.785553932189941406e-01 -6.014751791954040527e-01 2.109382003545761108e-01 -3.941651061177253723e-02 -4.253459870815277100e-01 -9.923009872436523438e-01 1.857037097215652466e-01 3.611383736133575439e-01 -8.558884859085083008e-01 -1.109696477651596069e-01 -5.523616671562194824e-01 -2.057011574506759644e-01 -2.184415608644485474e-02 -5.963062644004821777e-01 7.548961639404296875e-01 -1.025182962417602539e+00 2.138846665620803833e-01 1.297836601734161377e-01 -1.695620715618133545e-01 3.547558188438415527e-02 5.744155645370483398e-01 -5.107579231262207031e-01 3.167129307985305786e-02 -6.694115400314331055e-01 3.683623075485229492e-01 8.316173404455184937e-02 -1.815504431724548340e-01 5.221152305603027344e-01 1.097782552242279053e-01 -2.803908288478851318e-01 2.518652975559234619e-01 9.979126602411270142e-02 -2.656514048576354980e-01 2.197984457015991211e-01 -1.997810788452625275e-02 4.605510234832763672e-01 -5.220574140548706055e-01 -3.870603442192077637e-02
4.677259027957916260e-01 -2.954739034175872803e-01 -3.619341552257537842e-01 -1.388881206512451172e-01 1.134635090827941895e+00 -2.332601845264434814e-01 6.864677667617797852e-01 -2.066993117332458496e-01 -3.720156252384185791e-01 3.681030571460723877e-01 1.485712081193923950e-01 -4.159848690032958984e-01 -4.862341284751892090e-01 -9.775803238153457642e-02 -6.073075532913208008e-01 2.798039317131042480e-01 -1.717730425298213959e-02 -1.676943898200988770e-01 -2.786540091037750244e-01 3.484891951084136963e-01 -1.692914590239524841e-02 8.212389349937438965e-01 -3.921850323677062988e-01 -6.521645188331604004e-01 -2.310356944799423218e-01 6.641998887062072754e-02 -2.932821512222290039e-01 -7.427297234535217285e-01 4.474270343780517578e-01 -1.908971518278121948e-01 -2.311084568500518799e-01 -2.929834425449371338e-01 7.124587893486022949e-01 6.342934817075729370e-02 -7.218089699745178223e-01 -2.240161001682281494e-01 -2.066574543714523315e-01 -9.089496731758117676e-02 1.419587731361389160e-01 1.965065747499465942e-01 3.696053028106689453e-01 -1.077965974807739258e+00 -4.119721949100494385e-01 2.510232925415039062e-01 -3.074642121791839600e-01 2.513904273509979248e-01 -3.181023150682449341e-02 -6.910641789436340332e-01 2.418674528598785400e-01 -4.533355534076690674e-01 1.886680126190185547e-01 -4.197049438953399658e-01 2.185176163911819458e-01 2.500798404216766357e-01 5.166602134704589844e-01 2.841057777404785156e-01 -1.007710471749305725e-01 -3.029739670455455780e-02 -2.786959707736968994e-01 2.896668910980224609e-01 1.005379762500524521e-02 3.829696774482727051e-01 -1.096977069973945618e-01 3.246920406818389893e-01
2.432220578193664551e-01 1.312511414289474487e-01 2.868548035621643066e-01 3.441361710429191589e-02 -2.481260336935520172e-02 1.736299246549606323e-01 -9.055418521165847778e-02 -8.173704147338867188e-01 -3.380748629570007324e-01 1.842504739761352539e-01 4.705556631088256836e-01 -1.634285807609558105e+00 -1.123576641082763672e+00 -7.508797645568847656e-01 -5.183257460594177246e-01 4.104869067668914795e-02 -3.666787594556808472e-02 -5.944399833679199219e-01 -2.050582617521286011e-01 8.543820977210998535e-01 -3.191341459751129150e-01 8.865045309066772461e-01 6.205913424491882324e-01 -5.565142035484313965e-01 -2.881428301334381104e-01 8.161322474479675293e-01 -2.432466000318527222e-01 1.525346189737319946e-01 7.095679640769958496e-01 4.431681707501411438e-02 -3.129555284976959229e-01 -7.154992222785949707e-01 -2.465181946754455566e-01 1.025464907288551331e-01 5.807625651359558105e-01 -3.789181709289550781e-01 -3.574795126914978027e-01 -6.190498471260070801e-01 1.787842661142349243e-01 -1.927256584167480469e-03 6.060950160026550293e-01 3.738039359450340271e-02 -2.720988392829895020e-01 1.682542264461517334e-03 9.535007923841476440e-02 -7.237676978111267090e-01 -7.610830944031476974e-04 -2.506658136844635010e-01 1.146820038557052612e-01 6.713420748710632324e-01 3.684770762920379639e-01 -1.188443079590797424e-01 5.232474207878112793e-01 -1.229982227087020874e-01 6.154136657714843750e-01 -5.675070360302925110e-02 -5.118966102600097656e-01 -5.574183464050292969e-01 -1.559672653675079346e-01 2.077435106039047241e-01 -5.533379316329956055e-01 2.632694542407989502e-01 1.075107693672180176e+00 -4.775622189044952393e-01
-1.930704712867736816e-02 -7.532621026039123535e-01 6.187387108802795410e-01 1.814452409744262695e-01 1.174065023660659790e-01 -4.443218111991882324e-01 -4.026397764682769775e-01 1.500211209058761597e-01 -9.084249138832092285e-01 -6.311706304550170898e-01 -3.130999580025672913e-02 -3.944577276706695557e-01 -3.941617906093597412e-02 1.304600574076175690e-02 -2.372058331966400146e-01 1.921614632010459900e-02 -1.433134526014328003e-01 3.036086559295654297e-01 -2.584828138351440430e-01 4.345968961715698242e-01 2.591336369514465332e-01 2.458449602127075195e-01 1.333839893341064453e-01 -7.281364202499389648e-01 4.029466584324836731e-02 2.804152667522430420e-01 1.573206782341003418e-01 -1.958620846271514893e-01 6.580309271812438965e-01 -3.902700841426849365e-01 4.327753484249114990e-01 -1.094148755073547363e+00 -3.674955666065216064e-01 -2.933528088033199310e-02 -5.258772969245910645e-01 1.756610870361328125e-01 -5.790470242500305176e-01 1.352546364068984985e-01 -1.140168458223342896e-01 1.327796578407287598e-01 9.232483059167861938e-02 3.139215409755706787e-01 -1.310459375381469727e-01 1.305673271417617798e-01 1.480942964553833008e-01 2.276264876127243042e-01 3.947153687477111816e-01 2.064444683492183685e-02 -1.746445894241333008e-01 7.114830017089843750e-01 2.096934020519256592e-01 2.826290950179100037e-02 2.705143988132476807e-01 6.510711908340454102e-01 -1.204273477196693420e-01 2.921473681926727295e-01 -1.589960977435112000e-02 -1.246506627649068832e-02 -7.846786826848983765e-02 3.814278542995452881e-02 -3.928410261869430542e-02 -1.145195215940475464e-01 9.569612145423889160e-02 5.346182361245155334e-02
2.109157741069793701e-01 -9.390744566917419434e-01 1.464149504899978638e-01 2.837182283401489258e-01 -1.810560673475265503e-01 -2.897759675979614258e-01 -1.268282234668731689e-01 2.153181731700897217e-01 -1.450336337089538574e+00 -2.305997163057327271e-01 5.176661610603332520e-01 -2.521393895149230957e-01 -1.549638062715530396e-01 2.022407948970794678e-01 -7.123608887195587158e-02 -1.665572375059127808e-01 -3.645186126232147217e-01 9.489538520574569702e-02 -2.023781090974807739e-01 6.354134678840637207e-01 9.423393011093139648e-02 3.712362349033355713e-01 -5.232756584882736206e-02 -6.256089210510253906e-01 2.500455081462860107e-01 3.518797457218170166e-01 2.178215831518173218e-01 3.128359839320182800e-02 1.207890734076499939e-01 -2.962513864040374756e-01 -1.896527558565139771e-01 -3.174323737621307373e-01 -2.462083548307418823e-01 1.219292581081390381e-01 -4.533515498042106628e-02 1.307246983051300049e-01 -1.078012347221374512e+00 4.228453040122985840e-01 4.597545564174652100e-01 -1.686412096023559570e-01 2.032346576452255249e-01 1.417938172817230225e-01 3.317153155803680420e-01 -4.159032553434371948e-02 -2.861645817756652832e-01 2.949655652046203613e-01 -8.490110747516155243e-03 2.270524501800537109e-01 -6.403290480375289917e-02 3.366962671279907227e-01 -3.989830613136291504e-01 1.080187335610389709e-01 4.136817455291748047e-01 7.384654283523559570e-01 -2.766089439392089844e-01 -1.462867856025695801e-01 -4.448870196938514709e-02 -1.368257999420166016e-01 -8.250064402818679810e-02 1.953145265579223633e-01 3.507811203598976135e-02 -6.250030547380447388e-02 4.877925515174865723e-01 9.727726131677627563e-02
2.301624268293380737e-01 -1.974845379590988159e-01 5.827479436993598938e-02 -6.488731503486633301e-02 2.579453587532043457e-01 -1.170606136322021484e+00 -2.063557356595993042e-01 3.385614231228828430e-02 -1.756673492491245270e-02 -4.370020702481269836e-03 1.077588081359863281e+00 -7.862876057624816895e-01 -6.639271974563598633e-02 -4.767705798149108887e-01 -1.817615702748298645e-02 1.482961326837539673e-01 -1.147727131843566895e+00 -3.307406604290008545e-01 -5.215287208557128906e-01 -8.943465352058410645e-02 -1.255795508623123169e-01 8.870996832847595215e-01 3.711227476596832275e-01 1.302496194839477539e-01 -2.656338214874267578e-01 6.056654453277587891e-01 -7.125225067138671875e-01 6.285160779953002930e-02 4.296346604824066162e-01 3.061716258525848389e-01 -4.614457786083221436e-01 -9.540702104568481445e-01 -1.475297212600708008e-01 5.140269175171852112e-03 -8.646439760923385620e-02 4.256423935294151306e-02 -6.604579687118530273e-01 -4.892639517784118652e-01 2.842813134193420410e-01 -2.146251648664474487e-01 -2.869653999805450439e-01 5.942752957344055176e-01 1.290432661771774292e-01 4.543386399745941162e-01 -5.936136841773986816e-01 -4.260618686676025391e-01 5.468809008598327637e-01 1.821732707321643829e-02 1.224810704588890076e-01 -4.483729600906372070e-01 4.292927980422973633e-01 -5.135760307312011719e-01 4.274777323007583618e-02 5.226833820343017578e-01 -2.968846857547760010e-01 8.447708189487457275e-02 5.807289481163024902e-01 -1.207617074251174927e-01 -8.954386115074157715e-01 3.077027201652526855e-01 2.808663845062255859e-01 -1.725343167781829834e-01 2.645769715309143066e-01 -2.264871262013912201e-02
6.303288042545318604e-02 2.736937701702117920e-01 3.517240285873413086e-01 8.909155428409576416e-02 5.062565803527832031e-01 -3.268698453903198242e-01 -4.674725607037544250e-02 -5.341143608093261719e-01 -6.285215914249420166e-02 1.556269377470016479e-01 -4.211189970374107361e-02 -5.093231424689292908e-02 -1.012393951416015625e+00 -5.694036483764648438e-01 -6.402143239974975586e-01 5.680865049362182617e-01 -3.089131414890289307e-01 -1.569535583257675171e-01 -4.704753458499908447e-01 2.081079035997390747e-01 -3.409331142902374268e-01 2.195955961942672729e-01 -5.094655156135559082e-01 -5.459777116775512695e-01 -2.998454868793487549e-01 3.192153871059417725e-01 -6.216242909431457520e-01 -1.836684048175811768e-01 -3.359133899211883545e-01 2.923542074859142303e-02 -3.347414731979370117e-01 -5.590047240257263184e-01 6.491547077894210815e-02 1.461052298545837402e-01 -4.048756062984466553e-01 -6.632488965988159180e-01 -1.014475822448730469e+00 4.082477688789367676e-01 6.936045885086059570e-01 -3.501785695552825928e-01 2.281186431646347046e-01 4.535310342907905579e-02 -4.964675009250640869e-01 -5.698021054267883301e-01 -7.724151015281677246e-02 -5.806567892432212830e-02 2.672595977783203125e-01 2.540270686149597168e-01 3.699048757553100586e-01 -5.306850671768188477e-01 4.440149664878845215e-01 4.349791258573532104e-02 9.268139600753784180e-01 -3.590557575225830078e-01 9.920989722013473511e-02 3.146928548812866211e-01 6.159760951995849609e-01 -3.211682736873626709e-01 -5.461454018950462341e-02 3.833772242069244385e-01 -1.138948798179626465e+00 3.886851370334625244e-01 -7.988483458757400513e-02 7.542608976364135742e-01
5.750038623809814453e-01 -8.077660799026489258e-01 2.586545944213867188e-01 -1.039015650749206543e-01 -6.160430610179901123e-02 -3.911055624485015869e-01 -9.844481199979782104e-02 -3.997035622596740723e-01 -9.233628511428833008e-01 -5.303442478179931641e-01 -2.879083454608917236e-01 -6.962409615516662598e-01 2.416656762361526489e-01 -7.218348234891891479e-02 -2.303115651011466980e-02 5.071042776107788086e-01 -2.457876652479171753e-01 1.611982434988021851e-01 2.882487177848815918e-01 4.250793457031250000e-01 8.486191928386688232e-02 5.018662810325622559e-01 -5.675422549247741699e-01 -5.243444442749023438e-01 2.339945882558822632e-01 -5.734092369675636292e-02 -2.347989529371261597e-01 3.261772990226745605e-01 3.346750438213348389e-01 -3.985096514225006104e-01 1.554337292909622192e-01 -9.231702089309692383e-01 -6.548707485198974609e-01 2.295104712247848511e-01 -5.555893778800964355e-01 -1.330803483724594116e-01 -9.996160864830017090e-01 -2.319820821285247803e-01 5.006262660026550293e-01 3.417899608612060547e-01 -7.484181523323059082e-01 1.353144645690917969e-01 1.328202784061431885e-01 -6.932840943336486816e-01 -1.031070575118064880e-01 2.208960801362991333e-02 1.002205088734626770e-01 1.962759792804718018e-01 2.709098458290100098e-01 5.250992178916931152e-01 1.562625318765640259e-01 -8.733349293470382690e-02 -3.630887866020202637e-01 -6.725949048995971680e-02 -2.825402617454528809e-01 -5.946000814437866211e-01 -1.771118342876434326e-01 -1.407322585582733154e-01 -2.759097516536712646e-01 4.130174219608306885e-01 -1.782851070165634155e-01 3.737396001815795898e-01 1.306149363517761230e-01 6.163010839372873306e-03
5.973469018936157227e-01 -3.560528457164764404e-01 4.148152098059654236e-02 -5.542633533477783203e-01 1.393660068511962891e+00 -4.220184981822967529e-01 5.126954317092895508e-01 -2.922209203243255615e-01 -8.607009649276733398e-01 4.520836174488067627e-01 1.385476440191268921e-01 -3.614355921745300293e-01 -5.313466191291809082e-01 -2.560253441333770752e-01 2.517420947551727295e-01 3.887054026126861572e-01 -2.915493249893188477e-01 -3.865798711776733398e-01 -9.381766915321350098e-01 8.981397151947021484e-01 2.788887619972229004e-01 9.789103865623474121e-01 3.784481436014175415e-02 -3.732399344444274902e-01 9.388625621795654297e-02 1.050528511404991150e-01 -6.293671131134033203e-01 -6.776255965232849121e-01 6.137269735336303711e-02 -3.735704123973846436e-01 -8.563504219055175781e-01 -1.116868615150451660e+00 3.326399326324462891e-01 1.114361807703971863e-01 -4.569398760795593262e-01 2.182511687278747559e-01 1.871946305036544800e-01 -5.828903913497924805e-01 6.129823923110961914e-01 2.429262846708297729e-01 3.471614792943000793e-02 1.010709325782954693e-03 2.926312386989593506e-01 -5.685341954231262207e-01 -2.555647790431976318e-01 2.964442074298858643e-01 -1.552288830280303955e-01 -2.823693156242370605e-01 2.133934050798416138e-01 -3.356955349445343018e-01 2.027086727321147919e-02 4.936137422919273376e-02 3.005971014499664307e-01 -4.809575974941253662e-01 3.917483091354370117e-01 2.225880771875381470e-01 7.094158232212066650e-02 -2.454530149698257446e-01 3.271411061286926270e-01 -1.195288896560668945e-01 2.344875186681747437e-01 1.321290731430053711e-01 -3.176409006118774414e-01 4.584295749664306641e-01
5.601149797439575195e-01 -8.022504448890686035e-01 5.140702128410339355e-01 -9.641481190919876099e-02 6.766331195831298828e-02 -2.909742593765258789e-01 1.172304823994636536e-01 -6.087024807929992676e-01 -9.522768259048461914e-01 -6.555429100990295410e-01 -1.949759274721145630e-01 -7.000464797019958496e-01 1.614596247673034668e-01 -2.646061778068542480e-01 -4.697838425636291504e-02 5.614076852798461914e-01 -1.015977635979652405e-01 2.999860644340515137e-01 2.248211503028869629e-01 5.117067694664001465e-01 -2.450903691351413727e-02 4.996368587017059326e-01 -4.252962768077850342e-01 -6.252360343933105469e-01 2.247983664274215698e-01 -1.388324648141860962e-01 -1.658093333244323730e-01 2.691153883934020996e-01 3.254322111606597900e-01 -3.455543816089630127e-01 3.436070978641510010e-01 -7.819830775260925293e-01 -4.647680819034576416e-01 2.515512108802795410e-01 -4.126103818416595459e-01 -9.559307992458343506e-02 -8.764028549194335938e-01 -1.272138804197311401e-01 4.014612734317779541e-01 4.091142714023590088e-01 -7.525856494903564453e-01 2.564497888088226318e-01 3.326429799199104309e-02 -5.394807457923889160e-01 -9.449172019958496094e-02 -2.738064527511596680e-01 -1.001694276928901672e-01 -1.922296546399593353e-02 3.327649533748626709e-01 6.516881585121154785e-01 1.178755313158035278e-01 1.068749129772186279e-01 -3.707124590873718262e-01 -1.174956262111663818e-01 -3.136706948280334473e-01 -5.808001160621643066e-01 -1.195922680199146271e-02 -5.879809334874153137e-02 -1.397165805101394653e-01 3.587867915630340576e-01 -1.725726127624511719e-01 2.086717933416366577e-01 2.513538897037506104e-01 3.467203583568334579e-03
5.702593922615051270e-01 -9.501362442970275879e-01 3.938019871711730957e-01 1.736612021923065186e-01 2.078526765108108521e-01 -3.401303291320800781e-01 -6.140880659222602844e-02 -5.968503952026367188e-01 -1.081137895584106445e+00 -5.408510565757751465e-01 -3.763973414897918701e-01 -4.526778757572174072e-01 1.787910163402557373e-01 2.751375138759613037e-01 -1.558675915002822876e-01 3.888973295688629150e-01 -8.708218485116958618e-02 -2.491987347602844238e-01 4.035970270633697510e-01 6.148787736892700195e-01 -5.660559609532356262e-02 6.834822893142700195e-01 -3.613401055335998535e-01 -6.850722432136535645e-01 2.409646287560462952e-02 3.436196148395538330e-01 5.563547089695930481e-02 4.765607714653015137e-01 -1.227577030658721924e-01 -3.850879371166229248e-01 2.260325551033020020e-01 -7.888061404228210449e-01 -3.674106597900390625e-01 9.475437551736831665e-02 -1.030859723687171936e-01 -1.230321899056434631e-01 -5.963841080665588379e-01 -1.376710236072540283e-01 4.200902283191680908e-01 2.610393166542053223e-01 -7.400229573249816895e-01 -4.153200984001159668e-02 1.196499615907669067e-01 -1.710920035839080811e-01 -1.568236947059631348e-02 -2.522961795330047607e-01 -1.135530918836593628e-01 1.089146435260772705e-01 1.330105066299438477e-01 1.613243669271469116e-01 2.361838519573211670e-01 -4.679512977600097656e-02 -3.767570257186889648e-01 3.165030777454376221e-01 -5.971897244453430176e-01 -2.632687687873840332e-01 -3.230839222669601440e-02 -2.782262563705444336e-01 -1.761155948042869568e-02 2.936775088310241699e-01 -3.812474906444549561e-01 1.952981501817703247e-01 1.997980475425720215e-01 -1.226047985255718231e-02
6.736935675144195557e-02 1.975771971046924591e-02 2.262610197067260742e-01 -6.037071719765663147e-02 8.664012551307678223e-01 5.477396249771118164e-01 3.240941464900970459e-01 2.326201647520065308e-02 2.059312015771865845e-01 -2.454823106527328491e-01 -3.530627861618995667e-02 2.350778579711914062e-01 -5.499987602233886719e-01 -1.317085772752761841e-01 2.719016075134277344e-01 9.996783733367919922e-01 -1.569113880395889282e-01 1.331697702407836914e-01 -1.666451245546340942e-01 1.035329550504684448e-01 -5.269613862037658691e-01 5.866106152534484863e-01 -1.709049493074417114e-01 -5.941622257232666016e-01 -9.740316271781921387e-01 4.085668325424194336e-01 -5.784765481948852539e-01 -4.217410683631896973e-01 5.696090459823608398e-01 -1.609884351491928101e-01 -2.626570761203765869e-01 -4.329125285148620605e-01 4.454302787780761719e-02 -2.302699238061904907e-01 -2.700217664241790771e-01 -4.715858995914459229e-01 -6.438168883323669434e-01 -2.610991895198822021e-01 6.029471158981323242e-01 3.400969505310058594e-01 2.440527528524398804e-01 -6.213735342025756836e-01 -5.355147123336791992e-01 -3.262050747871398926e-01 -1.341573148965835571e-01 -8.258794993162155151e-02 -3.205470144748687744e-01 -1.062985509634017944e-01 8.180863410234451294e-02 -4.971769750118255615e-01 -2.468555048108100891e-02 -8.372019231319427490e-02 4.460333585739135742e-01 5.298686623573303223e-01 -3.324262425303459167e-02 2.495378255844116211e-01 2.844275236129760742e-01 7.814144343137741089e-02 -4.962865412235260010e-01 5.723083019256591797e-01 -1.530847996473312378e-01 3.060797750949859619e-01 6.367304921150207520e-01 6.226392388343811035e-01
6.415382623672485352e-01 4.666218534111976624e-02 -6.511225700378417969e-01 3.625322580337524414e-01 3.766339123249053955e-01 -3.923656642436981201e-01 7.066646814346313477e-01 -4.015026688575744629e-01 -3.613045811653137207e-01 7.294956445693969727e-01 -3.262446522712707520e-01 -6.469371318817138672e-01 -6.941890120506286621e-01 -5.652093887329101562e-01 -6.345360875129699707e-01 1.597343981266021729e-01 4.406225681304931641e-02 -3.900217264890670776e-02 -2.385506480932235718e-01 4.502869248390197754e-01 2.914257943630218506e-01 1.217505931854248047e+00 -5.740366876125335693e-02 -5.086553692817687988e-01 -1.622799187898635864e-01 2.273038029670715332e-01 -4.432523846626281738e-01 -4.142678081989288330e-01 6.301884055137634277e-01 -1.409595906734466553e-01 -2.153655439615249634e-01 -2.963507175445556641e-02 -3.486397443339228630e-03 2.637018561363220215e-01 -5.388470888137817383e-01 -1.859593540430068970e-01 6.754636019468307495e-02 2.703057825565338135e-01 5.723541975021362305e-02 1.224520653486251831e-01 8.468488454818725586e-01 -4.218600094318389893e-01 -5.187669992446899414e-01 1.451184749603271484e-01 1.626675426959991455e-01 -5.568636059761047363e-01 1.656720936298370361e-01 -5.609401464462280273e-01 -1.779603958129882812e-01 -7.775885518640279770e-03 5.442717671394348145e-01 -5.696693062782287598e-01 4.873474538326263428e-01 5.026488304138183594e-01 3.861006200313568115e-01 2.165267020463943481e-01 -1.036146581172943115e-01 -2.887164950370788574e-01 -6.275988221168518066e-01 2.007208615541458130e-01 -4.054439365863800049e-01 3.777156770229339600e-01 6.798303723335266113e-01 1.108941659331321716e-01
3.371650278568267822e-01 -6.270191669464111328e-01 1.983289420604705811e-01 -7.076346874237060547e-02 4.776593297719955444e-02 -3.923209309577941895e-01 1.915649473667144775e-01 -9.883183985948562622e-02 -9.725813269615173340e-01 1.262293457984924316e-01 -2.595361471176147461e-01 -4.363418221473693848e-01 1.565951853990554810e-01 3.196613192558288574e-01 -3.073825240135192871e-01 -1.032063290476799011e-01 -8.634015917778015137e-02 7.729798555374145508e-01 1.704579144716262817e-01 4.008645117282867432e-01 1.763935387134552002e-01 7.257376909255981445e-01 -4.983923956751823425e-02 -1.115894198417663574e+00 1.772342175245285034e-01 4.462252557277679443e-01 -1.426752656698226929e-01 1.327748149633407593e-01 2.419119030237197876e-01 -1.448678970336914062e-01 6.832020822912454605e-03 -3.671825230121612549e-01 -1.858540177345275879e-01 5.345505103468894958e-02 -3.696112930774688721e-01 1.578466445207595825e-01 -3.402405083179473877e-01 3.427641689777374268e-01 1.897635310888290405e-02 -1.042917296290397644e-01 2.146795988082885742e-01 -2.806674540042877197e-01 1.723389774560928345e-01 1.412310451269149780e-01 8.500450849533081055e-02 -1.274895220994949341e-01 4.678132534027099609e-01 -1.988953053951263428e-01 -2.554993927478790283e-01 -1.979215443134307861e-02 6.581929326057434082e-01 -5.572054162621498108e-02 -1.772227734327316284e-01 9.788152575492858887e-01 1.154433786869049072e-01 2.955759316682815552e-02 9.779811650514602661e-02 -2.535069286823272705e-01 -1.545309573411941528e-01 -2.709729373455047607e-01 -2.249915152788162231e-01 -1.013991311192512512e-01 -3.346474170684814453e-01 -8.215124905109405518e-02
