1.074155092239379883e+00 -7.277107834815979004e-01 5.553033947944641113e-01 -4.776362776756286621e-01 9.025090336799621582e-01 -2.850123047828674316e-01 2.438119947910308838e-01 1.206137314438819885e-01 -1.294645667076110840e+00 -1.413437873125076294e-01 -9.104464948177337646e-02 -2.014934867620468140e-01 5.517029389739036560e-02 3.689069449901580811e-01 -1.678462773561477661e-01 9.171093702316284180e-01 2.317956537008285522e-01 7.020522356033325195e-01 -7.754430770874023438e-01 1.262289404869079590e+00 5.496729165315628052e-02 1.489741683006286621e+00 -3.760371357202529907e-02 -1.508793234825134277e+00 -2.043904960155487061e-01 -3.890333324670791626e-02 -6.935601830482482910e-01 -1.146054744720458984e+00 1.810890734195709229e-01 -6.108123064041137695e-02 -2.294220030307769775e-01 2.765543162822723389e-01 -3.905438184738159180e-01 -4.656278789043426514e-01 -4.156584739685058594e-01 -7.701747119426727295e-02 -4.801091551780700684e-01 -2.252155989408493042e-01 1.558656245470046997e-01 -7.215819507837295532e-02 5.981456637382507324e-01 4.408471882343292236e-01 1.002267241477966309e+00 -2.541659772396087646e-01 6.795637607574462891e-01 -5.369696617126464844e-01 3.045786917209625244e-01 1.706380993127822876e-01 3.845835030078887939e-01 -2.365759387612342834e-02 2.672204747796058655e-02 -3.003590106964111328e-01 1.104526519775390625e-01 2.299479953944683075e-02 4.251253902912139893e-01 2.962677925825119019e-02 -5.682186409831047058e-02 -2.653407752513885498e-01 -2.804940640926361084e-01 -1.537664085626602173e-01 -8.330103158950805664e-01 -8.226795792579650879e-01 -4.026323854923248291e-01 -8.748348057270050049e-02
3.042224347591400146e-01 -2.333937287330627441e-01 1.160602271556854248e-01 2.373737841844558716e-01 6.323790550231933594e-01 -9.601010680198669434e-01 3.256951868534088135e-01 4.471975862979888916e-01 -8.228371143341064453e-01 4.152680635452270508e-01 2.580691277980804443e-01 -3.078249692916870117e-01 -3.580018132925033569e-02 -1.655524522066116333e-01 1.885192990303039551e-01 1.140427470207214355e+00 5.290337204933166504e-01 1.787608489394187927e-02 -1.852716654539108276e-01 8.170366883277893066e-01 9.029342532157897949e-01 5.013549923896789551e-01 -6.648781243711709976e-03 -5.762009024620056152e-01 -9.530718438327312469e-03 -6.657562404870986938e-02 -6.722264289855957031e-01 -1.043692708015441895e+00 -3.194479942321777344e-01 2.178330868482589722e-01 6.439574360847473145e-01 1.237262845039367676e+00 5.068407207727432251e-02 5.812142789363861084e-02 9.793040901422500610e-02 -9.727351367473602295e-02 1.898179501295089722e-01 -7.882387042045593262e-01 2.002573311328887939e-01 3.561183512210845947e-01 1.327579766511917114e-01 1.587706804275512695e-01 9.966641664505004883e-01 7.426556944847106934e-01 8.134906888008117676e-01 -6.790760755538940430e-01 -2.736215293407440186e-01 -9.388004243373870850e-02 5.392001271247863770e-01 -2.761604785919189453e-01 -6.709859371185302734e-01 1.319990754127502441e-01 2.345340102910995483e-01 -1.881386488676071167e-01 -3.364928066730499268e-01 1.449102640151977539e+00 4.234973788261413574e-01 2.565077543258666992e-01 -3.544901907444000244e-01 3.378141820430755615e-01 -4.045198485255241394e-02 -1.676441282033920288e-01 5.460382103919982910e-01 1.564336381852626801e-02
-5.913047119975090027e-02 -4.868119359016418457e-01 -8.547556400299072266e-02 4.263446331024169922e-01 7.393831759691238403e-02 -1.706733405590057373e-01 6.253873705863952637e-01 -1.110495686531066895e+00 -2.897651195526123047e-01 1.701156795024871826e-01 2.493075877428054810e-01 -7.876339554786682129e-01 -1.968699246644973755e-01 -6.671419739723205566e-01 -1.981711834669113159e-01 7.052602618932723999e-02 -3.721644878387451172e-01 1.337869912385940552e-01 -2.933172583580017090e-01 4.499277174472808838e-01 9.917765855789184570e-02 5.429782271385192871e-01 1.723596155643463135e-01 -5.308592319488525391e-01 -2.661123871803283691e-01 2.466273009777069092e-01 -1.706110537052154541e-01 -3.106395900249481201e-01 -1.892283856868743896e-01 4.025258123874664307e-01 -6.934466361999511719e-01 1.892486214637756348e-01 6.491433829069137573e-02 -5.448660254478454590e-01 -3.428198695182800293e-01 -2.226869016885757446e-02 -1.072918996214866638e-01 -9.208352863788604736e-02 5.124151110649108887e-01 -2.356114536523818970e-01 -2.783138751983642578e-01 -4.780131876468658447e-01 -2.697559297084808350e-01 6.425701379776000977e-01 1.364633589982986450e-01 -3.789305984973907471e-01 -3.181948512792587280e-02 -3.558224439620971680e-01 8.355829864740371704e-02 -8.113284409046173096e-02 8.748282492160797119e-02 7.836747765541076660e-01 5.624068379402160645e-01 3.481772169470787048e-02 -4.439348280429840088e-01 1.334381103515625000e-01 -3.977582603693008423e-02 1.786381192505359650e-02 -3.196876049041748047e-01 6.182463765144348145e-01 6.578776054084300995e-03 -2.874864935874938965e-01 7.984323501586914062e-01 -5.745083689689636230e-01
2.594452798366546631e-01 2.104158885776996613e-02 2.916926145553588867e-02 -1.563632935285568237e-01 -1.808607727289199829e-01 -8.292269706726074219e-01 3.220075964927673340e-01 1.044694855809211731e-01 -3.611342012882232666e-01 -4.226444661617279053e-02 2.458164840936660767e-01 -2.498051971197128296e-01 2.521495819091796875e-01 -8.643351793289184570e-01 1.430204361677169800e-01 3.039044141769409180e-01 4.414757192134857178e-01 -7.098572850227355957e-01 3.983434662222862244e-02 -5.727769806981086731e-02 -3.569734096527099609e-02 5.646836757659912109e-01 -2.766851102933287621e-03 -4.565257132053375244e-01 -1.699723154306411743e-01 6.820731759071350098e-01 -4.007942378520965576e-01 -3.214825987815856934e-01 3.083882629871368408e-01 -1.237082928419113159e-01 5.915765091776847839e-02 3.826121091842651367e-01 -5.313486456871032715e-01 -7.170546054840087891e-01 -9.361242502927780151e-02 -3.866170346736907959e-01 4.738399684429168701e-01 5.316138267517089844e-01 -9.199675172567367554e-02 -1.473645120859146118e-02 4.837653040885925293e-01 -1.771036237478256226e-01 8.817896991968154907e-02 1.596061140298843384e-01 3.874390423297882080e-01 -4.154188334941864014e-01 -2.261058986186981201e-01 -5.378066897392272949e-01 -2.641390264034271240e-01 1.866362392902374268e-01 4.604638367891311646e-02 1.546899527311325073e-01 5.139707587659358978e-03 7.472719550132751465e-01 3.140375912189483643e-01 1.101258322596549988e-01 -4.741621911525726318e-01 -4.695066511631011963e-01 -3.312446177005767822e-01 1.579923927783966064e-01 9.883004426956176758e-02 -4.090406298637390137e-01 3.764930665493011475e-01 -9.541749954223632812e-03
8.263912796974182129e-01 -5.260148048400878906e-01 8.920220285654067993e-02 -3.414482772350311279e-01 3.950562179088592529e-01 -2.767818570137023926e-01 1.824324280023574829e-01 4.051201045513153076e-01 -5.923065543174743652e-01 2.651380896568298340e-01 -4.548600018024444580e-01 -4.007631242275238037e-01 -3.328009545803070068e-01 2.368115186691284180e-01 -3.665982186794281006e-01 2.404318600893020630e-01 -2.930598855018615723e-01 1.365943402051925659e-01 -2.762291431427001953e-01 -2.354402393102645874e-01 5.759245157241821289e-01 3.765795379877090454e-02 2.465125918388366699e-01 -5.643800497055053711e-01 -9.447131305932998657e-03 3.335895836353302002e-01 -6.890281438827514648e-01 -2.661282718181610107e-01 -2.168247699737548828e-01 -2.790376842021942139e-01 3.912842869758605957e-01 -6.283475458621978760e-02 2.060124874114990234e-01 -2.246350795030593872e-01 -7.594627887010574341e-02 -2.550413608551025391e-01 -1.516580432653427124e-01 -1.713179200887680054e-01 2.495892345905303955e-01 2.200951613485813141e-02 -5.048105716705322266e-01 -3.296786844730377197e-01 -3.844391107559204102e-01 4.323719739913940430e-01 1.427174508571624756e-01 -9.450873732566833496e-02 4.270919263362884521e-01 -1.230010464787483215e-01 -1.853669732809066772e-01 5.564153194427490234e-01 -3.394064605236053467e-01 4.974512457847595215e-01 -8.331369161605834961e-01 1.359951496124267578e-01 6.650761365890502930e-01 7.226415872573852539e-01 4.810762703418731689e-01 -3.285375535488128662e-01 -3.368595242500305176e-01 6.411433815956115723e-01 5.669664964079856873e-02 -4.967073202133178711e-01 -3.751758635044097900e-01 -1.205508224666118622e-02
6.191881895065307617e-01 -3.406280279159545898e-01 -2.515669465065002441e-01 -3.319280743598937988e-01 6.996999680995941162e-02 -1.684437841176986694e-01 -3.074521720409393311e-01 9.997093677520751953e-02 -3.080179989337921143e-01 -3.964152038097381592e-01 1.486025005578994751e-01 -1.003094315528869629e+00 -4.076984226703643799e-01 -1.316587328910827637e-01 -2.770806849002838135e-01 1.928010284900665283e-01 5.337575674057006836e-01 6.739510688930749893e-03 1.530874967575073242e-01 4.269940853118896484e-01 7.226477265357971191e-01 -8.174522221088409424e-02 2.760156616568565369e-02 -4.404187798500061035e-01 -3.796269893646240234e-01 3.745266497135162354e-01 -5.978838801383972168e-01 -3.746294975280761719e-01 -1.704954355955123901e-01 -2.752602994441986084e-01 5.450443923473358154e-02 -7.473421096801757812e-02 -1.133242964744567871e+00 -6.960718333721160889e-02 -5.519957467913627625e-02 3.769284486770629883e-01 6.129945516586303711e-01 9.940431267023086548e-02 4.051885902881622314e-01 -8.444669656455516815e-03 -2.221417240798473358e-02 3.408094942569732666e-01 1.218151766806840897e-02 -4.774267375469207764e-01 4.241753220558166504e-01 -1.654849648475646973e-01 4.841059744358062744e-01 -4.050967097282409668e-01 9.325139969587326050e-02 6.629822850227355957e-01 -4.806016981601715088e-01 4.111393094062805176e-01 -4.620895087718963623e-01 4.592526257038116455e-01 5.129836201667785645e-01 1.521513462066650391e-01 5.553364753723144531e-01 -6.492529064416885376e-02 -2.105415165424346924e-01 4.066937789320945740e-02 2.295811772346496582e-01 -6.488056778907775879e-01 9.955723583698272705e-02 -1.813006550073623657e-01
8.488277196884155273e-01 -4.367887675762176514e-01 -1.827524900436401367e-01 -1.787342876195907593e-01 -1.679168641567230225e-01 -1.573733612895011902e-02 6.032267212867736816e-02 -7.123462855815887451e-03 -3.532433509826660156e-01 1.319307237863540649e-01 -1.856061965227127075e-01 -7.073622941970825195e-01 -1.210907623171806335e-01 -5.650423765182495117e-01 6.550048477947711945e-03 5.817804336547851562e-01 3.305433988571166992e-01 1.137362718582153320e-01 -7.934419810771942139e-02 -6.485286355018615723e-02 6.157206296920776367e-01 2.983470857143402100e-01 4.343395531177520752e-01 -9.308612346649169922e-02 1.250984817743301392e-01 -1.663390249013900757e-01 -8.457374572753906250e-02 -7.344142198562622070e-01 1.870011985301971436e-01 2.473491011187434196e-03 1.236529573798179626e-01 1.714289188385009766e-01 -6.834585666656494141e-01 -6.312842667102813721e-02 -4.698970913887023926e-01 1.119698658585548401e-01 2.025780379772186279e-01 -2.897917032241821289e-01 1.626815944910049438e-01 7.216740250587463379e-01 1.370986700057983398e-01 -4.554935097694396973e-01 2.311122864484786987e-01 -7.380254864692687988e-01 5.873852372169494629e-01 9.460131824016571045e-02 8.820197582244873047e-01 -3.092527389526367188e-01 3.267317116260528564e-01 3.955510854721069336e-01 3.334881067276000977e-01 8.142094612121582031e-01 -3.285044431686401367e-01 5.507033467292785645e-01 5.639953613281250000e-01 3.427416980266571045e-01 5.299054384231567383e-01 1.767183393239974976e-01 -2.216270565986633301e-02 6.231548190116882324e-01 3.774815797805786133e-01 -6.295487284660339355e-01 7.403816580772399902e-01 -7.746111601591110229e-02
8.575200438499450684e-01 -5.063899755477905273e-01 -1.748429238796234131e-01 -5.437983274459838867e-01 6.220797300338745117e-01 -1.004376858472824097e-01 -1.497933268547058105e-01 1.539204865694046021e-01 -9.029998779296875000e-01 -1.202436536550521851e-01 1.328027993440628052e-01 -7.025455832481384277e-01 -2.129055410623550415e-01 3.225478231906890869e-01 -3.140161335468292236e-01 4.611205756664276123e-01 2.703719027340412140e-02 8.118511736392974854e-02 2.800437249243259430e-02 2.692083120346069336e-01 9.254108667373657227e-01 1.299628987908363342e-02 1.986654847860336304e-01 -6.093714237213134766e-01 -4.742146432399749756e-01 3.741597533226013184e-01 -8.433258533477783203e-01 -4.981229603290557861e-01 -6.303469538688659668e-01 -2.018777281045913696e-02 5.050119757652282715e-01 -1.120810583233833313e-01 -5.726626515388488770e-01 -4.960311949253082275e-01 -2.823964059352874756e-01 -4.358892142772674561e-02 2.052087187767028809e-01 -6.744718551635742188e-02 2.171439528465270996e-01 -4.121649861335754395e-01 -3.800169825553894043e-01 -1.754084527492523193e-01 -4.049415886402130127e-01 8.755309134721755981e-02 6.325995922088623047e-02 9.208598732948303223e-02 2.944946885108947754e-01 -1.133707165718078613e-01 4.650384485721588135e-01 6.591584682464599609e-01 -5.741328597068786621e-01 6.192820072174072266e-01 -8.790096044540405273e-01 2.658205628395080566e-01 3.276094496250152588e-01 8.164914250373840332e-01 4.189712703227996826e-01 -8.772815018892288208e-02 -6.482275128364562988e-01 6.495579332113265991e-02 1.139186695218086243e-01 -3.357536718249320984e-02 -5.475748777389526367e-01 2.509381771087646484e-01
-1.263564527034759521e-01 -2.585011422634124756e-01 8.720695972442626953e-02 4.829367101192474365e-01 7.477723807096481323e-02 -2.718214131891727448e-02 5.732520222663879395e-01 -4.146388769149780273e-01 -2.719295620918273926e-01 3.237793743610382080e-01 1.001965403556823730e-01 -9.500169754028320312e-01 -2.683398127555847168e-01 -5.308718681335449219e-01 1.817299425601959229e-01 -5.109736695885658264e-02 3.342757821083068848e-01 1.766899526119232178e-01 -1.985602527856826782e-01 3.996447324752807617e-01 6.977415829896926880e-02 4.341945648193359375e-01 1.025740290060639381e-03 2.907108748331665993e-03 -1.580854803323745728e-01 -1.991119533777236938e-01 -5.268208980560302734e-01 -8.453396707773208618e-02 -3.391704261302947998e-01 4.125222563743591309e-02 -4.520874023437500000e-01 1.049039438366889954e-01 -2.430302351713180542e-01 -6.398517489433288574e-01 1.395773142576217651e-01 -1.322321891784667969e-01 -1.321205347776412964e-01 -3.694591522216796875e-01 4.332526922225952148e-01 -1.760707199573516846e-01 -2.838670909404754639e-01 -1.498234868049621582e-01 -9.612361341714859009e-02 1.851721107959747314e-01 2.681395709514617920e-01 -1.395959556102752686e-01 -1.082052066922187805e-01 -1.921594738960266113e-01 3.030233979225158691e-01 5.252400636672973633e-01 2.470903545618057251e-01 1.787280291318893433e-01 3.723034262657165527e-01 -7.923875749111175537e-02 1.554847508668899536e-01 -2.280866354703903198e-01 1.754648685455322266e-01 -1.834491491317749023e-01 -5.788712501525878906e-01 1.099576711654663086e+00 -4.673011600971221924e-01 -4.335338473320007324e-01 4.053443968296051025e-01 -4.222128689289093018e-01
1.089045405387878418e+00 -2.183821201324462891e-01 4.476854801177978516e-01 2.190537750720977783e-01 -8.530748635530471802e-02 -9.105594158172607422e-01 -4.923942089080810547e-01 -8.603670001029968262e-01 -9.811760187149047852e-01 -5.736896991729736328e-01 1.746678501367568970e-01 -1.356486231088638306e-01 -7.938264608383178711e-01 -3.450081348419189453e-01 2.530663013458251953e-01 3.756794929504394531e-01 -1.193443313241004944e-01 -8.186676353216171265e-02 -7.277273386716842651e-02 8.223574757575988770e-01 1.278663039207458496e+00 3.387809097766876221e-01 4.453227221965789795e-01 -8.614361286163330078e-01 -5.353594897314906120e-04 -2.381778508424758911e-02 -8.765367865562438965e-01 -3.454446792602539062e-01 7.454308271408081055e-01 -2.817171216011047363e-01 1.880770176649093628e-02 6.996123790740966797e-01 3.297349438071250916e-03 -2.360106259584426880e-01 3.772277235984802246e-01 -6.153460741043090820e-01 -7.111132144927978516e-01 -5.740410997532308102e-04 5.199804902076721191e-01 7.205593585968017578e-02 1.410508751869201660e-01 -1.072760000824928284e-01 1.011427283287048340e+00 -4.074340686202049255e-02 -3.105814754962921143e-01 -5.859925150871276855e-01 -2.809853255748748779e-01 4.858880043029785156e-01 -3.051370941102504730e-02 3.932527601718902588e-01 2.899344637989997864e-02 6.620516180992126465e-01 3.743868768215179443e-01 -4.280589520931243896e-02 3.830054402351379395e-01 9.334907531738281250e-01 5.941832065582275391e-01 -6.132866740226745605e-01 -4.107606783509254456e-02 -5.402101203799247742e-02 -4.051117599010467529e-01 -5.092493295669555664e-01 4.286918640136718750e-01 1.839525103569030762e-01
3.514341115951538086e-01 -3.304207324981689453e-01 -1.074981223791837692e-02 1.905227005481719971e-01 -3.543750345706939697e-01 -5.814206600189208984e-01 -1.143885403871536255e-01 -8.806460350751876831e-02 2.858375012874603271e-01 -2.105289846658706665e-01 -9.406889975070953369e-02 -8.601910471916198730e-01 -7.952393591403961182e-02 -6.592652797698974609e-01 -7.635445147752761841e-02 2.844386994838714600e-01 4.538465440273284912e-01 -1.855312436819076538e-01 2.215380668640136719e-01 -1.659612804651260376e-01 -2.697563469409942627e-01 6.067448258399963379e-01 -5.122500285506248474e-02 -1.862213909626007080e-01 -3.234668076038360596e-01 4.658488929271697998e-01 -3.801051676273345947e-01 -9.524516016244888306e-02 1.616551578044891357e-01 9.080554544925689697e-02 4.485632181167602539e-01 -2.188867516815662384e-02 -5.766522288322448730e-01 -2.573642432689666748e-01 -1.640338748693466187e-01 -2.603188753128051758e-01 2.085179239511489868e-01 -1.292051821947097778e-01 1.793412715196609497e-01 9.810762852430343628e-02 3.219748735427856445e-01 -3.307448327541351318e-01 2.597558312118053436e-02 1.217473000288009644e-01 7.079234719276428223e-01 -3.335555493831634521e-01 5.530701950192451477e-02 -3.670070171356201172e-01 8.958449959754943848e-02 -4.830805212259292603e-02 -1.096767559647560120e-01 6.773177981376647949e-01 3.200160264968872070e-01 8.261882662773132324e-01 5.180491805076599121e-01 8.908196538686752319e-02 2.921277880668640137e-01 -1.829009950160980225e-01 -1.537177264690399170e-01 4.584861993789672852e-01 2.338649928569793701e-01 9.995635598897933960e-03 1.969828605651855469e-01 2.863516807556152344e-01
-1.455209683626890182e-02 -6.257122755050659180e-01 -1.385310143232345581e-01 -2.576536238193511963e-01 -5.665408968925476074e-01 -8.117088079452514648e-01 -1.510656438767910004e-02 -3.686521053314208984e-01 -6.545693874359130859e-01 2.824389934539794922e-02 2.606426477432250977e-01 2.514617443084716797e-01 -3.158297240734100342e-01 -3.806440830230712891e-01 -9.244999289512634277e-02 -5.707481876015663147e-02 2.921239472925662994e-02 2.723903954029083252e-01 -1.496634483337402344e-01 4.103970825672149658e-01 -2.188634425401687622e-01 -5.341165512800216675e-02 2.705631852149963379e-01 -2.292690575122833252e-01 1.862587928771972656e-01 2.749942541122436523e-01 -1.591003835201263428e-01 -8.428121209144592285e-01 4.666262865066528320e-01 -8.477084636688232422e-01 -4.318209290504455566e-01 1.318339705467224121e-01 -3.541203737258911133e-01 -7.046357989311218262e-01 -1.400747746229171753e-01 2.486550211906433105e-01 -3.800723701715469360e-02 3.774045733734965324e-03 7.378035187721252441e-01 -4.978755116462707520e-01 1.642187386751174927e-01 1.479953974485397339e-01 -1.073537021875381470e-01 6.190514191985130310e-03 8.432065248489379883e-01 -5.117840170860290527e-01 -1.793318539857864380e-01 -4.252932965755462646e-01 5.349560379981994629e-01 2.582308053970336914e-01 2.889522314071655273e-01 2.038869410753250122e-01 6.826234608888626099e-02 -5.042486265301704407e-02 -2.492846697568893433e-01 8.632951378822326660e-01 -3.619295656681060791e-01 -5.172213315963745117e-01 -6.700898706912994385e-02 8.124241828918457031e-01 4.007694497704505920e-02 2.244316041469573975e-02 2.911493778228759766e-01 -2.285228371620178223e-01
1.955459080636501312e-02 -6.117556691169738770e-01 2.392663061618804932e-01 5.816007852554321289e-01 6.940761804580688477e-01 -1.233305335044860840e+00 8.373786211013793945e-01 -7.751931548118591309e-01 -4.927818775177001953e-01 -8.128132224082946777e-01 7.103582471609115601e-02 5.702442675828933716e-02 -1.909961253404617310e-01 1.496774405241012573e-01 6.545701622962951660e-01 1.065942168235778809e+00 -3.709500432014465332e-01 -2.372892946004867554e-01 2.044926732778549194e-01 6.720759272575378418e-01 5.130131915211677551e-02 4.944172203540802002e-01 6.343438625335693359e-01 -9.415388107299804688e-01 2.372930943965911865e-01 -1.597556322813034058e-01 -2.549051344394683838e-01 -2.988744974136352539e-01 1.721688210964202881e-01 -4.822959750890731812e-02 6.228533983230590820e-01 2.306756228208541870e-01 -2.534091174602508545e-01 -5.897959470748901367e-01 3.256344199180603027e-01 2.109508812427520752e-01 3.219794481992721558e-02 3.340423107147216797e-02 -1.747956424951553345e-01 -6.729414686560630798e-03 1.825610846281051636e-01 1.348032057285308838e-01 4.524216949939727783e-01 -4.147241413593292236e-01 3.431609570980072021e-01 -5.709403753280639648e-01 5.381917357444763184e-01 5.388456583023071289e-02 7.271649241447448730e-01 3.971394002437591553e-01 -1.061663851141929626e-01 1.155159026384353638e-01 -2.093502581119537354e-01 -2.794243022799491882e-02 8.731243014335632324e-01 1.324990391731262207e+00 1.394352316856384277e-01 9.027619659900665283e-02 -5.747101902961730957e-01 3.672297298908233643e-01 -6.809012591838836670e-02 -1.103165864944458008e+00 -1.879629343748092651e-01 -6.222689747810363770e-01
6.942325234413146973e-01 9.257030487060546875e-02 -8.201959729194641113e-02 3.341690897941589355e-01 -8.585418760776519775e-02 -4.579254686832427979e-01 2.330140024423599243e-01 -1.823484897613525391e-01 -2.418473958969116211e-01 -4.672951996326446533e-02 1.844084709882736206e-01 -5.829307436943054199e-01 5.958531424403190613e-02 -4.002798497676849365e-01 2.288454324007034302e-01 3.990803956985473633e-01 4.687784314155578613e-01 -4.069764018058776855e-01 1.994791477918624878e-01 -7.327491417527198792e-03 -2.924841940402984619e-01 4.284840226173400879e-01 4.284105896949768066e-01 -4.391209483146667480e-01 -2.581566572189331055e-01 4.868546128273010254e-01 5.827737506479024887e-03 -4.188891053199768066e-01 -7.062412798404693604e-02 8.360149711370468140e-02 2.606678381562232971e-02 2.470298111438751221e-02 -3.817048072814941406e-01 -5.046756863594055176e-01 -3.024187684059143066e-01 -1.190211027860641479e-01 -5.767800658941268921e-02 2.076531350612640381e-01 5.288403108716011047e-02 -1.742741316556930542e-01 1.897946596145629883e-01 1.216974407434463501e-01 -1.714606434106826782e-01 7.010545581579208374e-02 1.781792193651199341e-01 -8.099928498268127441e-01 -5.374581813812255859e-01 -3.164293467998504639e-01 2.184076234698295593e-03 -3.191488385200500488e-01 1.899122148752212524e-01 1.968770623207092285e-01 4.891675710678100586e-01 7.736652493476867676e-01 5.662986040115356445e-01 -2.504152357578277588e-01 -3.166323602199554443e-01 -7.752775400876998901e-02 -4.352857768535614014e-01 7.056450247764587402e-01 -1.874736696481704712e-01 -3.950903117656707764e-01 6.382670998573303223e-01 3.057233393192291260e-01
1.104084610939025879e+00 -1.370671242475509644e-01 -4.483022689819335938e-01 -8.312521129846572876e-02 5.740206241607666016e-01 -1.256644248962402344e+00 -2.385515868663787842e-01 -1.755384355783462524e-01 -1.026032567024230957e+00 -1.079725980758666992e+00 5.571328997611999512e-01 -9.429997801780700684e-01 2.743466496467590332e-01 -1.380524784326553345e-01 -1.430231928825378418e-01 8.759660124778747559e-01 -2.166879326105117798e-01 -5.319241434335708618e-02 -5.581896305084228516e-01 3.971577584743499756e-01 4.051999151706695557e-01 -2.952613234519958496e-01 5.589495301246643066e-01 -7.069268822669982910e-01 6.973243951797485352e-01 -5.300127863883972168e-01 -1.186769735068082809e-02 -1.519361138343811035e+00 5.168688893318176270e-01 2.195302098989486694e-01 -1.713757514953613281e-01 8.672829270362854004e-01 -4.330420494079589844e-01 -1.023833155632019043e+00 -2.328920066356658936e-01 2.004480510950088501e-01 -5.680347681045532227e-01 -9.078945517539978027e-01 5.144422650337219238e-01 3.891858160495758057e-01 -1.052444055676460266e-01 3.879342377185821533e-01 6.454944610595703125e-01 7.452691197395324707e-01 -2.086807414889335632e-02 3.316363394260406494e-01 8.187251514755189419e-04 1.134079843759536743e-01 4.901622831821441650e-01 2.126751691102981567e-01 -9.734830260276794434e-01 5.786297917366027832e-01 3.344465792179107666e-01 -4.761447310447692871e-01 6.321938633918762207e-01 3.532278835773468018e-01 -1.154867187142372131e-01 -5.485095977783203125e-01 -5.622001290321350098e-01 6.023746132850646973e-01 4.244382083415985107e-01 -8.209551572799682617e-01 -1.267399936914443970e-01 3.337310627102851868e-02
4.887070655822753906e-01 -8.264327049255371094e-01 1.626340858638286591e-02 -6.342147588729858398e-01 5.455471575260162354e-02 -1.018693447113037109e-01 1.529486570507287979e-02 -1.700779944658279419e-01 -4.197438657283782959e-01 -7.651130855083465576e-02 -2.811015844345092773e-01 -2.949465811252593994e-01 -3.033490478992462158e-01 -2.787023186683654785e-01 1.525335758924484253e-01 -1.518379300832748413e-01 2.822446525096893311e-01 -2.058424055576324463e-01 -5.932034179568290710e-02 -3.680337965488433838e-02 1.051869317889213562e-01 1.593305319547653198e-01 2.509322166442871094e-01 3.396796435117721558e-02 3.929803073406219482e-01 2.423174679279327393e-01 -3.248742520809173584e-01 -1.037937402725219727e+00 -1.600225865840911865e-01 -2.932575643062591553e-01 1.226148158311843872e-01 -2.657215297222137451e-01 -4.461064338684082031e-01 4.328294098377227783e-02 -2.393385469913482666e-01 -3.057711943984031677e-02 6.806485354900360107e-03 -4.821396619081497192e-02 3.333673477172851562e-01 1.472919732332229614e-01 -7.873087376356124878e-02 -5.499428510665893555e-01 -2.855441868305206299e-01 -1.114037912338972092e-02 1.695837378501892090e-01 -5.649457573890686035e-01 6.384482383728027344e-01 -5.192798972129821777e-01 -1.827531009912490845e-01 -2.546627223491668701e-01 -8.254428952932357788e-02 4.169178903102874756e-01 -2.708937823772430420e-01 4.788565039634704590e-01 3.229279816150665283e-01 3.296008706092834473e-01 1.229704394936561584e-01 -1.171458959579467773e-01 -4.559829458594322205e-02 5.614891052246093750e-01 2.584480345249176025e-01 -3.990165889263153076e-01 5.115002989768981934e-01 5.857827141880989075e-02
2.642356157302856445e-01 1.976451128721237183e-01 5.781444907188415527e-02 5.213430523872375488e-01 1.638262718915939331e-01 -3.097288310527801514e-01 4.224731326103210449e-01 -2.593914866447448730e-01 -1.622576713562011719e-01 3.553250730037689209e-01 2.900150418281555176e-01 -1.263386964797973633e+00 -2.757545411586761475e-01 -4.785943329334259033e-01 2.311787307262420654e-01 3.226327300071716309e-01 2.218075841665267944e-01 -4.473191499710083008e-01 -2.273139059543609619e-01 1.822884678840637207e-01 -2.583749294281005859e-01 2.116162627935409546e-01 -1.138425469398498535e-01 -3.859081566333770752e-01 -3.767031133174896240e-01 1.583085656166076660e-01 -8.400964736938476562e-02 -2.139950245618820190e-01 8.837871253490447998e-02 3.779517710208892822e-01 -1.978075355291366577e-01 1.425000280141830444e-02 -6.912974119186401367e-01 -5.193939208984375000e-01 -1.549574881792068481e-01 1.154819205403327942e-01 -4.178427457809448242e-01 -1.408459246158599854e-01 3.726534843444824219e-01 -8.663833886384963989e-02 -4.403604939579963684e-02 -3.071203529834747314e-01 1.286509484052658081e-01 3.260704874992370605e-01 1.499516796320676804e-02 -7.547231912612915039e-01 -2.475295513868331909e-01 -4.267522990703582764e-01 2.640068233013153076e-01 5.321840569376945496e-02 6.176062822341918945e-01 2.794061005115509033e-01 3.653954863548278809e-01 2.311323583126068115e-01 -2.542117238044738770e-02 -1.462857574224472046e-01 -2.315532416105270386e-01 -2.752594947814941406e-01 -8.744861185550689697e-02 6.980422139167785645e-01 -3.051100373268127441e-01 -1.015279591083526611e-01 2.357697337865829468e-01 -1.173515915870666504e-01
6.397426128387451172e-01 -7.431017756462097168e-01 -6.285044550895690918e-02 2.870698273181915283e-01 -2.776873409748077393e-01 -4.141511321067810059e-01 3.352366685867309570e-01 -2.637229561805725098e-01 -5.829526856541633606e-02 -2.278483361005783081e-01 3.465644419193267822e-01 -4.546752944588661194e-02 -6.622042506933212280e-02 6.595885753631591797e-02 2.064872086048126221e-01 4.453357458114624023e-01 5.247806906700134277e-01 1.177927032113075256e-01 -3.883014619350433350e-01 2.844228148460388184e-01 1.555863618850708008e-01 2.852590978145599365e-01 8.416044712066650391e-01 -3.704876005649566650e-01 6.503908634185791016e-01 4.385500848293304443e-01 1.823920011520385742e-01 -1.197305202484130859e+00 -1.140415221452713013e-01 -6.145339608192443848e-01 1.816316097974777222e-01 -6.190091371536254883e-02 -2.757149934768676758e-01 -8.450796008110046387e-01 -2.247032970190048218e-01 2.672283053398132324e-01 -4.098057746887207031e-01 2.362531274557113647e-01 1.805780529975891113e-01 -3.482884466648101807e-01 2.330391667783260345e-02 -2.805046439170837402e-01 1.787629127502441406e-01 2.866210341453552246e-01 2.996270954608917236e-01 -7.830551266670227051e-01 -4.258357584476470947e-01 2.963429391384124756e-01 -4.912872612476348877e-02 -5.802033543586730957e-01 1.931964606046676636e-01 5.612837076187133789e-01 -1.781531125307083130e-01 6.958763003349304199e-01 -9.056439995765686035e-02 4.432905316352844238e-01 -4.493214786052703857e-01 1.705670058727264404e-01 -3.873306512832641602e-01 8.006268739700317383e-01 -3.069618046283721924e-01 1.289541870355606079e-01 4.132763445377349854e-01 -6.245975964702665806e-04
7.219074964523315430e-01 -4.334523379802703857e-01 -1.343564838171005249e-01 -6.431152224540710449e-01 -1.487012356519699097e-01 5.254343152046203613e-02 3.052441403269767761e-02 2.373762056231498718e-02 -1.417552586644887924e-02 -7.011332549154758453e-03 -3.192908763885498047e-01 -3.454171717166900635e-01 -3.010300099849700928e-01 1.272215135395526886e-02 -2.470520436763763428e-01 2.087258994579315186e-01 5.058331489562988281e-01 -2.781947888433933258e-02 2.789567410945892334e-01 -4.125297069549560547e-01 2.751896679401397705e-01 2.568751275539398193e-01 1.640103161334991455e-01 -3.770297765731811523e-01 -2.127355337142944336e-01 5.640025064349174500e-02 -4.405080378055572510e-01 -5.959566235542297363e-01 1.049936488270759583e-01 -3.538354039192199707e-01 4.507744312286376953e-01 -1.976193934679031372e-01 -4.912366271018981934e-01 9.660284034907817841e-03 -4.819095879793167114e-02 -1.730933487415313721e-01 -2.031263709068298340e-01 -3.365657925605773926e-01 2.683320939540863037e-01 6.040533185005187988e-01 -6.639357805252075195e-01 -5.953003168106079102e-01 -2.307412922382354736e-01 -1.546340882778167725e-01 3.922807872295379639e-01 -1.378033757209777832e-01 4.115650653839111328e-01 -5.608970522880554199e-01 -2.259877510368824005e-02 1.918760985136032104e-01 -2.619152963161468506e-01 6.889657378196716309e-01 -2.218185514211654663e-01 4.182303249835968018e-01 7.777643203735351562e-01 6.907984018325805664e-01 3.923976719379425049e-01 5.424395203590393066e-03 -9.986566379666328430e-03 7.888277173042297363e-01 -1.292512565851211548e-01 -5.566967725753784180e-01 1.978701204061508179e-01 -1.529046893119812012e-01
2.170066535472869873e-02 -4.523043930530548096e-01 -1.637375652790069580e-01 3.899184167385101318e-01 -1.911810189485549927e-01 -3.345589637756347656e-01 3.991205394268035889e-01 -7.560526728630065918e-01 -1.941012591123580933e-01 -6.080004200339317322e-02 4.448825716972351074e-01 -3.263691663742065430e-01 -1.473567038774490356e-01 -3.119922578334808350e-01 -4.470720291137695312e-01 2.145687490701675415e-02 -3.581472337245941162e-01 1.894650608301162720e-01 -4.868153631687164307e-01 1.494347155094146729e-01 4.368455335497856140e-02 5.651830434799194336e-01 4.156152904033660889e-02 -8.105646818876266479e-02 6.864172965288162231e-02 1.431790441274642944e-01 -4.063805639743804932e-01 -7.385095357894897461e-01 -2.552885413169860840e-01 2.177979499101638794e-01 -6.362568140029907227e-01 -3.262675106525421143e-01 -6.345115303993225098e-01 -1.991191208362579346e-01 -2.286641746759414673e-01 1.788528710603713989e-01 -5.215930938720703125e-01 -2.917574942111968994e-01 9.379453063011169434e-01 -2.387459278106689453e-01 -3.300138711929321289e-01 -5.838755965232849121e-01 6.593498587608337402e-02 1.990784853696823120e-01 3.548676371574401855e-01 -3.957910537719726562e-01 -8.375002443790435791e-02 -1.032626777887344360e-01 2.010492086410522461e-01 -6.007273197174072266e-01 1.209172829985618591e-01 5.806478261947631836e-01 1.962273716926574707e-01 3.255329430103302002e-01 -2.946947515010833740e-01 2.634328901767730713e-01 -1.935951560735702515e-01 6.861364841461181641e-02 -3.673130869865417480e-01 4.051132798194885254e-01 -2.866359949111938477e-01 -5.869056582450866699e-01 4.105232357978820801e-01 -3.068576753139495850e-01
1.066175460815429688e+00 -6.917285919189453125e-01 5.409850478172302246e-01 7.679700851440429688e-01 6.165939569473266602e-02 -3.688285499811172485e-02 -2.366126179695129395e-01 -2.596831321716308594e-01 -1.533629298210144043e-01 -3.881612122058868408e-01 3.842734396457672119e-01 -2.385609894990921021e-01 2.198476046323776245e-01 7.676557172089815140e-03 -1.591250151395797729e-01 1.043143391609191895e+00 -1.012374684214591980e-01 -6.817325949668884277e-01 -4.915701150894165039e-01 1.014109134674072266e+00 2.273245900869369507e-01 5.806536078453063965e-01 5.574785470962524414e-01 -9.138790965080261230e-01 -1.474703848361968994e-01 2.282630652189254761e-01 -1.217460185289382935e-01 -3.548889458179473877e-01 4.913273453712463379e-01 -4.910874366760253906e-01 -2.309624999761581421e-01 8.238586783409118652e-02 -3.079982697963714600e-01 -1.169945478439331055e+00 -8.105440139770507812e-01 -5.889684557914733887e-01 -2.326514571905136108e-02 -6.401673555374145508e-01 -2.006341218948364258e-01 3.848959505558013916e-01 -3.045831322669982910e-01 -1.317713558673858643e-01 5.335682630538940430e-01 1.442013657651841640e-03 7.170669734477996826e-02 -3.333403766155242920e-01 3.093572258949279785e-01 -3.094635605812072754e-01 4.106265306472778320e-01 2.662987709045410156e-01 -6.407647132873535156e-01 -4.764144420623779297e-01 -3.312176764011383057e-01 -4.107980430126190186e-01 -2.890907227993011475e-01 1.223887920379638672e+00 3.882771432399749756e-01 -4.139672517776489258e-01 7.894085347652435303e-02 4.414934813976287842e-01 2.045173430815339088e-03 -2.881505489349365234e-01 2.597927749156951904e-01 3.523599505424499512e-01
2.673543989658355713e-01 -7.384272813796997070e-01 -6.633083820343017578e-01 -3.589685261249542236e-01 -3.790900409221649170e-01 -8.823113441467285156e-01 -1.264541000127792358e-01 1.275451779365539551e-01 -4.890323281288146973e-01 -2.111322134733200073e-01 6.715561747550964355e-01 -2.715587317943572998e-01 -4.060015082359313965e-01 -8.560555577278137207e-01 2.433010935783386230e-01 9.023711830377578735e-02 5.027379840612411499e-03 -4.776692390441894531e-02 5.434335470199584961e-01 -1.610368043184280396e-01 -5.600411891937255859e-01 1.882481873035430908e-01 1.525251716375350952e-01 -3.796905875205993652e-01 3.960212171077728271e-01 5.442973375320434570e-01 -5.368686914443969727e-01 -5.284917950630187988e-01 4.949149787425994873e-01 -1.833276450634002686e-01 -8.339771628379821777e-02 -2.225232273340225220e-01 -1.944530010223388672e-01 -2.461967915296554565e-01 -1.352849006652832031e-01 7.398037612438201904e-02 -6.102722883224487305e-02 -2.027196139097213745e-01 5.297694802284240723e-01 -3.516026735305786133e-01 1.589090675115585327e-01 -4.903547838330268860e-02 -2.792493104934692383e-01 3.657841384410858154e-01 5.533697009086608887e-01 -8.326243758201599121e-01 -3.180286288261413574e-02 -7.469899058341979980e-01 2.071653455495834351e-01 4.011816382408142090e-01 6.432018429040908813e-02 -1.769563406705856323e-01 3.682790994644165039e-01 4.960431754589080811e-01 6.390957534313201904e-02 1.356118619441986084e-01 5.201529338955879211e-02 -3.559495806694030762e-01 1.820704713463783264e-02 2.418528944253921509e-01 2.641112208366394043e-01 -3.427180349826812744e-01 3.527704477310180664e-01 3.099927306175231934e-01
9.307307004928588867e-01 -7.584019899368286133e-01 -1.143230676651000977e+00 1.085780620574951172e+00 -4.452055692672729492e-01 -1.181319117546081543e+00 5.171525478363037109e-01 6.620777421630918980e-04 -8.232215642929077148e-01 -1.382586210966110229e-01 -4.739703834056854248e-01 -4.815279543399810791e-01 3.466095924377441406e-01 5.050566196441650391e-01 8.322885036468505859e-01 8.310738801956176758e-01 1.787100434303283691e-01 -2.238068580627441406e-01 -5.690684318542480469e-01 6.799879670143127441e-01 2.544604539871215820e-01 5.803545713424682617e-01 1.943118125200271606e-01 -1.228991866111755371e+00 -3.653979301452636719e-01 7.372659444808959961e-02 -3.778770864009857178e-01 -1.688190549612045288e-02 2.983047366142272949e-01 -8.878604173660278320e-01 -4.516153410077095032e-02 7.212615013122558594e-02 9.330288320779800415e-02 5.485325679183006287e-02 1.048255860805511475e-01 -1.436068266630172729e-01 -6.992918252944946289e-01 -4.258179664611816406e-01 7.259188592433929443e-02 5.217040777206420898e-01 2.757249772548675537e-02 5.328503847122192383e-01 2.104688882827758789e-01 7.928230166435241699e-01 6.253422498703002930e-01 -2.603230774402618408e-01 1.318255364894866943e-01 5.845889449119567871e-01 2.111330777406692505e-01 1.130641341209411621e+00 -1.861034035682678223e-01 3.969840109348297119e-01 -1.066665202379226685e-01 2.116502076387405396e-01 -3.379796743392944336e-01 8.020739555358886719e-01 2.984223365783691406e-01 5.065729375928640366e-03 -5.901473760604858398e-01 1.685482859611511230e-01 -4.395393729209899902e-01 -4.004239141941070557e-01 8.938227295875549316e-01 1.228495165705680847e-01
7.654410600662231445e-01 -8.817518353462219238e-01 -1.889709681272506714e-01 3.920849859714508057e-01 -3.180770203471183777e-02 -8.867619633674621582e-01 1.024008750915527344e+00 -1.875527799129486084e-01 -7.736305594444274902e-01 3.524819314479827881e-01 7.574771642684936523e-01 1.271469332277774811e-02 -5.209553241729736328e-01 4.074223041534423828e-01 4.942108988761901855e-01 7.749775648117065430e-01 2.724695503711700439e-01 -3.398542106151580811e-02 -4.323816895484924316e-01 7.762104868888854980e-01 7.545169591903686523e-01 1.112928271293640137e+00 -1.251489520072937012e-01 -8.311592340469360352e-01 -2.841176092624664307e-01 -2.132440954446792603e-01 -5.079398155212402344e-01 -1.064146496355533600e-02 4.915342926979064941e-01 -5.223659873008728027e-01 -1.219727620482444763e-01 -3.784695640206336975e-02 2.672665715217590332e-01 -6.289590001106262207e-01 -3.621993064880371094e-01 5.871104001998901367e-01 5.514485239982604980e-01 -4.845375120639801025e-01 4.407286643981933594e-01 8.278640359640121460e-02 2.118150591850280762e-01 9.994111210107803345e-02 8.264015913009643555e-01 4.027854502201080322e-01 -1.249539330601692200e-01 -1.336212307214736938e-01 -5.513871088624000549e-02 -8.117780834436416626e-02 5.624129176139831543e-01 -8.696324378252029419e-02 -3.890275210142135620e-02 8.438099622726440430e-01 -2.924927324056625366e-02 -3.553012311458587646e-01 9.114278554916381836e-01 3.100770711898803711e-01 3.297315537929534912e-01 -3.798432946205139160e-01 1.735745221376419067e-01 3.035240769386291504e-01 6.325429677963256836e-01 -3.405255675315856934e-01 -1.130938082933425903e-01 5.293724536895751953e-01
1.018234491348266602e+00 -3.518846035003662109e-01 8.123404979705810547e-01 6.022527813911437988e-01 1.182706207036972046e-01 -5.930074453353881836e-01 2.424768172204494476e-02 -3.730111122131347656e-01 -7.845497131347656250e-02 -6.533897519111633301e-01 1.873684972524642944e-01 -1.767452359199523926e-01 4.074380397796630859e-01 -3.942582607269287109e-01 1.316137164831161499e-01 1.040298461914062500e+00 -2.803480923175811768e-01 -7.572249174118041992e-01 -7.290431857109069824e-01 8.604752421379089355e-01 3.552696108818054199e-01 5.991909503936767578e-01 7.751283049583435059e-01 -7.007566094398498535e-01 -2.054163962602615356e-01 3.352338671684265137e-01 3.700596839189529419e-02 -2.865021526813507080e-01 5.537676811218261719e-01 -9.370168447494506836e-01 -4.332829266786575317e-02 3.128596246242523193e-01 1.998368650674819946e-01 -7.434306740760803223e-01 -1.125678658485412598e+00 4.451501742005348206e-02 3.332342803478240967e-01 -5.132604837417602539e-01 5.067422986030578613e-01 -2.292480692267417908e-02 -5.520840287208557129e-01 1.516626626253128052e-01 5.921587944030761719e-01 -2.969912625849246979e-02 2.601877450942993164e-01 -1.408378779888153076e-01 5.132611989974975586e-01 -5.660411715507507324e-01 8.472497016191482544e-02 2.992687225341796875e-01 -3.153218328952789307e-01 1.720185726881027222e-01 -3.030805885791778564e-01 -1.589275002479553223e-01 -4.349916577339172363e-01 8.125370144844055176e-01 8.406788706779479980e-01 -2.602839469909667969e-01 -4.736320376396179199e-01 7.660298794507980347e-02 -4.316620230674743652e-01 -4.698621332645416260e-01 1.214483231306076050e-01 4.744661450386047363e-01
2.878526449203491211e-01 -4.562309086322784424e-01 2.980712652206420898e-01 -2.531784772872924805e-02 2.042897790670394897e-01 -1.254675388336181641e+00 -1.254137884825468063e-02 -7.862323522567749023e-01 -4.947903454303741455e-01 -5.685837939381599426e-02 7.182413339614868164e-01 -2.509642541408538818e-01 -1.840780079364776611e-01 4.703121483325958252e-01 2.360642254352569580e-01 1.479247093200683594e+00 2.352692484855651855e-01 1.513801962137222290e-01 -1.331634521484375000e-01 1.704127043485641479e-01 7.433455586433410645e-01 8.585206866264343262e-01 5.526476502418518066e-01 -1.359267115592956543e+00 -3.102217614650726318e-01 3.381348252296447754e-01 -7.173894643783569336e-01 -7.783296108245849609e-01 8.661956191062927246e-01 -8.207326531410217285e-01 3.770490884780883789e-01 6.927507519721984863e-01 -3.273791670799255371e-01 5.330903530120849609e-01 -3.239816129207611084e-01 2.861480042338371277e-02 -1.809587031602859497e-01 -6.376520991325378418e-01 -3.763028383255004883e-01 1.456216573715209961e-01 -7.694962024688720703e-01 -2.972056269645690918e-01 1.347734928131103516e+00 1.193943768739700317e-01 -3.069887161254882812e-01 -4.053672254085540771e-01 -6.046701073646545410e-01 -5.949512124061584473e-01 4.273883700370788574e-01 1.009269356727600098e+00 4.396247491240501404e-02 -1.400122046470642090e-02 -3.672924339771270752e-01 -1.508366167545318604e-01 -1.552192717790603638e-01 5.324504524469375610e-02 -1.637470275163650513e-01 -2.635471522808074951e-01 -9.275074005126953125e-01 8.429084420204162598e-01 1.212238967418670654e-01 -1.832797527313232422e-01 5.275513604283332825e-02 -7.215000987052917480e-01
7.774343490600585938e-01 -3.783784806728363037e-01 -6.987246125936508179e-02 1.471617966890335083e-01 -1.112136244773864746e-02 -7.547601461410522461e-01 2.376409322023391724e-01 7.713970541954040527e-02 -6.224091053009033203e-01 -2.835503220558166504e-01 -7.036571949720382690e-02 -4.462855756282806396e-01 -6.453286111354827881e-02 -6.205676198005676270e-01 3.406432271003723145e-01 1.795034408569335938e-01 3.061072528362274170e-01 -6.279048323631286621e-01 2.047623097896575928e-01 3.619200289249420166e-01 -4.335474073886871338e-01 8.736591935157775879e-01 -5.126410126686096191e-01 -2.181164026260375977e-01 4.345923364162445068e-01 4.960126280784606934e-01 -2.063540369272232056e-02 -1.374501436948776245e-01 4.219481348991394043e-01 6.345376968383789062e-01 5.695391297340393066e-01 -9.986925125122070312e-02 -4.841343760490417480e-01 -3.119279444217681885e-01 -1.166600808501243591e-01 -6.942786574363708496e-01 -1.982332468032836914e-01 -2.700487971305847168e-01 4.789868593215942383e-01 1.397074460983276367e-01 -1.109529286623001099e-01 -3.648064658045768738e-02 3.228829801082611084e-01 1.540631651878356934e-01 3.659964501857757568e-01 -7.935117483139038086e-01 2.217981778085231781e-02 -8.954071402549743652e-01 -8.951085805892944336e-02 3.168904781341552734e-01 1.598052829504013062e-01 4.686847925186157227e-01 -5.360588803887367249e-02 9.180206060409545898e-02 2.999333105981349945e-02 -1.366698890924453735e-01 -2.620936930179595947e-01 -5.284403562545776367e-01 -1.770614683628082275e-01 2.526148557662963867e-01 -5.703806504607200623e-02 -3.221531808376312256e-01 2.348101586103439331e-01 -1.507239341735839844e-01
7.598445415496826172e-01 1.192168444395065308e-01 1.666057556867599487e-01 7.718157172203063965e-01 -1.893394999206066132e-02 -1.019095301628112793e+00 2.213259339332580566e-01 -3.815990686416625977e-02 -1.019983649253845215e+00 -4.330004155635833740e-01 3.261926472187042236e-01 -9.721769094467163086e-01 -4.240373671054840088e-01 5.293546319007873535e-01 7.072756290435791016e-01 -1.308812797069549561e-01 -6.177684068679809570e-01 2.968195676803588867e-01 -2.802765369415283203e-01 5.342185497283935547e-01 6.243275851011276245e-02 7.873142957687377930e-01 4.210747480392456055e-01 -9.144285917282104492e-01 1.390547156333923340e-01 7.937249541282653809e-01 -2.505819797515869141e-01 -5.637683272361755371e-01 5.178598314523696899e-02 -9.053677320480346680e-01 4.255068600177764893e-01 5.271516442298889160e-01 -1.052672863006591797e-01 -4.407616853713989258e-01 -4.083404839038848877e-01 -6.365568637847900391e-01 6.762663722038269043e-01 -1.944982558488845825e-01 5.805379152297973633e-01 7.718687653541564941e-01 -7.711834311485290527e-01 -2.510442435741424561e-01 8.361397981643676758e-01 1.453780680894851685e-01 2.400283217430114746e-01 -6.428916752338409424e-02 -5.878082513809204102e-01 3.732996881008148193e-01 8.862566351890563965e-01 8.768744468688964844e-01 -8.219207525253295898e-01 8.070865869522094727e-01 5.770707726478576660e-01 -2.583949826657772064e-02 -2.376351356506347656e-01 8.682210445404052734e-01 -3.202635943889617920e-01 -1.623539626598358154e-01 -2.921904996037483215e-02 4.279457926750183105e-01 4.793592691421508789e-01 -6.792988181114196777e-01 -3.059786260128021240e-01 9.945946931838989258e-02
1.140393733978271484e+00 -2.797617614269256592e-01 2.809899151325225830e-01 5.422697961330413818e-02 2.742945253849029541e-01 -7.274529933929443359e-01 3.119615912437438965e-01 3.100575506687164307e-01 -4.862216114997863770e-01 3.476760387420654297e-01 -5.765997767448425293e-01 -5.526723265647888184e-01 -3.680009245872497559e-01 1.914075911045074463e-01 2.266035974025726318e-01 3.405469655990600586e-01 -8.165198564529418945e-01 4.612206816673278809e-01 -5.827471986413002014e-02 7.276923060417175293e-01 4.641532897949218750e-01 -2.570682391524314880e-02 4.607656002044677734e-01 -1.007390022277832031e+00 -3.747098743915557861e-01 -1.292246282100677490e-01 -4.996783137321472168e-01 -3.994431495666503906e-01 4.855417609214782715e-01 -1.883275210857391357e-01 2.962259948253631592e-01 1.144358515739440918e-01 -2.033089101314544678e-01 -2.095997482538223267e-01 -4.662400484085083008e-01 -5.204207897186279297e-01 -3.456185162067413330e-01 5.146803259849548340e-01 4.240970313549041748e-01 -2.118685692548751831e-01 -9.022597074508666992e-01 -1.057090312242507935e-01 -1.923412829637527466e-02 1.193678021430969238e+00 2.929673194885253906e-01 3.510574996471405029e-02 2.544421851634979248e-01 -4.383090436458587646e-01 8.372878283262252808e-02 2.310333997011184692e-01 -5.383335351943969727e-01 4.470085799694061279e-01 -6.545322537422180176e-01 7.426324486732482910e-02 1.120875716209411621e+00 1.407021284103393555e+00 3.140558302402496338e-02 1.402457803487777710e-01 -6.654199361801147461e-01 5.927290320396423340e-01 -9.148383140563964844e-02 -5.408534780144691467e-02 -8.608015626668930054e-02 9.896437078714370728e-02
3.234710097312927246e-01 -2.690694630146026611e-01 7.235848344862461090e-03 1.892663091421127319e-01 -1.709608435630798340e-01 -4.763637483119964600e-01 1.579613387584686279e-01 -3.466533422470092773e-01 3.172347545623779297e-01 2.428760528564453125e-01 1.937269270420074463e-01 -4.682354331016540527e-01 -1.446214690804481506e-02 -7.354723215103149414e-01 -3.908050954341888428e-01 -1.848460137844085693e-01 4.820753037929534912e-01 7.843095809221267700e-02 -1.354222148656845093e-01 3.088323771953582764e-01 -2.727111279964447021e-01 4.220847487449645996e-01 -1.333485543727874756e-01 7.328841090202331543e-02 1.567739620804786682e-02 4.553997516632080078e-01 -6.573593616485595703e-01 -4.538811445236206055e-01 1.668004393577575684e-01 2.701500952243804932e-01 -2.364822775125503540e-01 -6.739588826894760132e-02 -1.868410557508468628e-01 -3.307704329490661621e-01 -2.878866195678710938e-01 -1.018347144126892090e-01 9.186436235904693604e-02 -3.279523923993110657e-03 5.965511798858642578e-01 -2.400865852832794189e-01 -1.192966997623443604e-01 -3.776231408119201660e-02 -1.495387852191925049e-01 -4.883260652422904968e-02 1.260714083909988403e-01 -6.064407229423522949e-01 -1.828455030918121338e-01 8.901141583919525146e-02 6.698053330183029175e-02 6.538123637437820435e-02 1.441771239042282104e-01 1.951804310083389282e-01 3.205920457839965820e-01 5.079755783081054688e-01 1.395305693149566650e-01 8.387579023838043213e-02 -5.306397080421447754e-01 -3.669353127479553223e-01 -4.319397509098052979e-01 8.385215401649475098e-01 1.777369529008865356e-01 -1.898479163646697998e-01 5.922854542732238770e-01 -2.940584532916545868e-02
6.658346652984619141e-01 -2.705304920673370361e-01 2.798134088516235352e-01 3.749509900808334351e-02 -1.959313005208969116e-01 -4.638828337192535400e-01 9.348423480987548828e-01 -1.625384390354156494e-02 3.234945610165596008e-02 1.256335061043500900e-02 2.699758410453796387e-01 -7.945649027824401855e-01 -1.395719945430755615e-01 -1.192036151885986328e+00 -1.912769526243209839e-01 1.657405868172645569e-02 4.856434762477874756e-01 -6.462699770927429199e-01 -1.797155886888504028e-01 3.566418290138244629e-01 -5.156703591346740723e-01 9.274450540542602539e-01 1.449287235736846924e-01 -7.936447113752365112e-02 2.337869852781295776e-01 3.424606621265411377e-01 -2.967739701271057129e-01 -3.074927628040313721e-01 2.483139336109161377e-01 4.583236575126647949e-01 2.330017536878585815e-01 2.427460402250289917e-01 -4.490536451339721680e-01 -2.879388630390167236e-01 1.577057689428329468e-02 -3.458420336246490479e-01 1.855493038892745972e-01 1.705696880817413330e-01 2.503182590007781982e-01 2.265894412994384766e-01 6.217046454548835754e-02 3.524181246757507324e-02 2.077465355396270752e-01 4.499301314353942871e-02 2.978861331939697266e-01 -5.063454061746597290e-02 -2.053029388189315796e-01 -4.279423952102661133e-01 1.865620464086532593e-01 -5.220363382250070572e-03 2.691060304641723633e-01 5.798413157463073730e-01 3.860369622707366943e-01 5.139884352684020996e-01 2.425312697887420654e-01 3.408129811286926270e-01 -5.441167354583740234e-01 -3.958054482936859131e-01 -1.771310418844223022e-01 6.064887344837188721e-02 -3.917987048625946045e-01 -1.229161098599433899e-01 -2.646137960255146027e-02 1.479331851005554199e-01
1.084635376930236816e+00 -4.873985350131988525e-01 -9.310843944549560547e-01 5.648449659347534180e-01 -6.085625290870666504e-01 -1.123859643936157227e+00 5.573770999908447266e-01 -2.240812033414840698e-01 -1.880701333284378052e-01 1.340272021479904652e-03 -2.956511974334716797e-01 -2.131851762533187866e-01 1.154670491814613342e-01 3.331702947616577148e-01 7.404549717903137207e-01 1.068922996520996094e+00 3.246874213218688965e-01 1.404843479394912720e-01 -7.621503472328186035e-01 4.520708918571472168e-01 6.606637500226497650e-03 8.315979838371276855e-01 1.576056331396102905e-01 -1.334227919578552246e+00 -3.706718981266021729e-01 -4.445206522941589355e-01 -4.135255217552185059e-01 -1.311386586166918278e-03 5.966997742652893066e-01 -5.362057089805603027e-01 1.394091248512268066e-01 5.092417597770690918e-01 -1.084384620189666748e-01 -2.814156711101531982e-01 4.511715471744537354e-01 -1.660693883895874023e-01 -5.115951299667358398e-01 -6.896603107452392578e-01 4.679158329963684082e-01 2.040336579084396362e-01 1.467365622520446777e-01 -1.230422630906105042e-01 2.358045279979705811e-01 6.141706705093383789e-01 5.168026685714721680e-01 -3.801476955413818359e-01 -1.572540104389190674e-01 3.928119540214538574e-01 1.688582152128219604e-01 1.216009497642517090e+00 -4.553944766521453857e-01 1.679755747318267822e-01 -7.735698223114013672e-01 3.727662190794944763e-02 -3.018132746219635010e-01 8.282294273376464844e-01 2.282233163714408875e-02 2.558965608477592468e-02 -4.614980816841125488e-01 -2.320879250764846802e-01 -2.838619351387023926e-01 -6.084267497062683105e-01 1.043135643005371094e+00 1.092375367879867554e-01
7.224367260932922363e-01 -1.516821831464767456e-01 2.835382819175720215e-01 -4.815766215324401855e-01 7.241969704627990723e-01 -1.144495844841003418e+00 8.592427372932434082e-01 -7.400320470333099365e-02 -8.531681895256042480e-01 -3.779922127723693848e-01 9.705191850662231445e-01 -5.931317210197448730e-01 1.909243613481521606e-01 -9.043299593031406403e-03 4.969528913497924805e-01 6.370179653167724609e-01 6.726442575454711914e-01 1.660184413194656372e-01 -2.882462739944458008e-01 1.002649903297424316e+00 4.095161855220794678e-01 4.878614246845245361e-01 6.256704330444335938e-01 -2.642141282558441162e-01 4.522645473480224609e-01 6.279635429382324219e-01 1.476622521877288818e-01 -2.026770859956741333e-01 8.683003783226013184e-01 -5.582615733146667480e-01 -7.384608685970306396e-02 -6.865952908992767334e-02 -4.920284450054168701e-01 -1.967645436525344849e-01 -7.043861150741577148e-01 -7.903548479080200195e-01 -1.507886052131652832e-01 1.093823015689849854e-01 -4.043217003345489502e-02 -5.118440389633178711e-01 -1.486632078886032104e-01 -2.593983709812164307e-01 6.227589845657348633e-01 1.040245532989501953e+00 3.390868604183197021e-01 1.380560100078582764e-01 -2.684957385063171387e-01 1.789743453264236450e-01 1.401036262512207031e+00 5.621767640113830566e-01 -3.441465198993682861e-01 6.964572072029113770e-01 2.560794949531555176e-01 9.796565026044845581e-02 8.318681269884109497e-02 9.286416769027709961e-01 1.127138018608093262e+00 3.612412810325622559e-01 -5.035909265279769897e-02 -8.455966413021087646e-02 4.679415747523307800e-02 -7.460466623306274414e-01 4.795773625373840332e-01 -5.018197894096374512e-01
1.192052885890007019e-01 -7.117999792098999023e-01 -5.009531378746032715e-01 6.606119126081466675e-02 -1.659428775310516357e-01 -7.302153110504150391e-01 4.039381816983222961e-02 -7.866212725639343262e-02 -4.677934646606445312e-01 -2.910921536386013031e-02 2.086655348539352417e-01 3.929776251316070557e-01 3.436665236949920654e-01 -5.930398702621459961e-01 3.221260309219360352e-01 2.164752036333084106e-01 2.665505111217498779e-01 -1.001385226845741272e-01 -4.286855831742286682e-02 -3.760726153850555420e-01 -4.195061028003692627e-01 7.680450677871704102e-01 -2.252933233976364136e-01 -3.632782101631164551e-01 3.563230931758880615e-01 4.366112649440765381e-01 -1.011761277914047241e-01 -8.810516595840454102e-01 -1.831239610910415649e-01 -2.950115501880645752e-01 7.269784063100814819e-02 -2.361630499362945557e-01 -6.854788959026336670e-02 -2.290929853916168213e-01 -5.678799748420715332e-01 2.934434264898300171e-02 -3.872008994221687317e-02 2.693230807781219482e-01 7.039435505867004395e-01 -3.073326051235198975e-01 -1.603367924690246582e-01 -7.419577836990356445e-01 3.182682693004608154e-01 1.139935776591300964e-01 4.268810451030731201e-01 -6.023480296134948730e-01 3.231625556945800781e-01 -8.230863511562347412e-02 2.351212650537490845e-01 -8.525262773036956787e-02 -1.987934857606887817e-01 4.807771742343902588e-01 1.739150136709213257e-01 6.678791046142578125e-01 9.218736737966537476e-02 1.818641871213912964e-01 -1.820178925991058350e-01 -4.431719183921813965e-01 -1.481619030237197876e-01 6.644361019134521484e-01 -1.717265993356704712e-01 -9.711927920579910278e-02 3.491754829883575439e-01 -3.415849208831787109e-01
1.121651768684387207e+00 -7.055185437202453613e-01 -3.421291708946228027e-01 -5.296903252601623535e-01 6.650800704956054688e-01 -6.166563630104064941e-01 7.790407538414001465e-02 -3.493741452693939209e-01 -1.134980916976928711e+00 -8.666958659887313843e-02 3.989404439926147461e-01 -8.517678380012512207e-01 1.539872139692306519e-01 2.858656644821166992e-01 4.562171399593353271e-01 4.620967805385589600e-01 -4.395712912082672119e-02 1.092239245772361755e-01 -9.358889609575271606e-02 2.660429179668426514e-01 5.983561873435974121e-01 8.968034386634826660e-01 4.593914747238159180e-01 -7.187004685401916504e-01 -1.967839747667312622e-01 4.987843632698059082e-01 -7.612833380699157715e-01 -1.756341606378555298e-01 -4.516714811325073242e-01 2.289856374263763428e-01 4.132828414440155029e-01 5.883705019950866699e-01 -5.969469547271728516e-01 -6.162021756172180176e-01 -2.063462436199188232e-01 3.762434720993041992e-01 -5.449220910668373108e-02 -2.324035912752151489e-01 -1.761113256216049194e-01 -7.328281998634338379e-01 -1.614446491003036499e-01 -1.169579252600669861e-01 -2.184441983699798584e-01 1.322629153728485107e-01 -2.728720009326934814e-01 -5.362717062234878540e-02 2.443268448114395142e-01 2.032023221254348755e-01 3.013346493244171143e-01 9.084013104438781738e-01 -5.723850727081298828e-01 6.922042965888977051e-01 -6.036145091056823730e-01 -4.600663855671882629e-02 -2.073505520820617676e-01 1.242174148559570312e+00 4.213047623634338379e-01 -4.404146671295166016e-01 -5.219341516494750977e-01 -1.783706992864608765e-02 -2.228133231401443481e-01 2.722016870975494385e-01 -5.014716982841491699e-01 4.979920983314514160e-01
2.633211016654968262e-01 -8.852911740541458130e-02 3.872703611850738525e-01 4.050962328910827637e-01 2.148246914148330688e-01 -2.385625541210174561e-01 4.038888514041900635e-01 -3.362420713528990746e-03 -6.818144321441650391e-01 -1.839504018425941467e-02 1.470566540956497192e-01 -2.904338538646697998e-01 -6.058083772659301758e-01 7.620067894458770752e-02 -7.791851460933685303e-02 1.617916226387023926e-01 3.666909784078598022e-02 1.297291070222854614e-01 -9.396707415580749512e-01 -3.183510899543762207e-02 7.295188903808593750e-01 4.849137961864471436e-01 1.338292360305786133e-01 -3.669426143169403076e-01 6.663505733013153076e-02 -4.346053674817085266e-02 -5.407835245132446289e-01 -9.561847895383834839e-03 2.861670963466167450e-02 -9.943822771310806274e-02 -2.917820513248443604e-01 1.436041891574859619e-01 -1.157112047076225281e-01 -5.455111861228942871e-01 1.815273053944110870e-02 -2.290072143077850342e-01 1.938307583332061768e-01 -5.776814818382263184e-01 3.059353232383728027e-01 1.294117718935012817e-01 -8.484483361244201660e-01 5.430571734905242920e-02 -4.465998113155364990e-01 4.161202609539031982e-01 8.707235753536224365e-02 -4.557109773159027100e-01 -2.917893230915069580e-01 3.394742012023925781e-01 2.285782992839813232e-01 4.677908718585968018e-01 -4.177548289299011230e-01 -1.384668946266174316e-01 -4.703298807144165039e-01 9.463168680667877197e-02 4.551548659801483154e-01 1.388447880744934082e-01 7.865751981735229492e-01 -3.729238510131835938e-01 -8.446841835975646973e-01 6.347438693046569824e-01 -5.212498903274536133e-01 -7.211205363273620605e-01 -2.353579401969909668e-01 -5.895774364471435547e-01
5.805054306983947754e-01 -3.051953315734863281e-01 6.373270153999328613e-01 1.800674647092819214e-01 -1.404703855514526367e-01 -4.438950121402740479e-01 4.355250597000122070e-01 2.570155858993530273e-01 -7.930791378021240234e-01 -1.256798952817916870e-01 4.836876392364501953e-01 -3.068194687366485596e-01 1.280316561460494995e-01 -4.658194780349731445e-01 6.068761348724365234e-01 6.032697558403015137e-01 2.752747535705566406e-01 -4.479546546936035156e-01 9.971991926431655884e-02 -9.528548270463943481e-02 -1.120260101743042469e-03 8.045531511306762695e-01 -4.132388532161712646e-01 -6.565463542938232422e-01 -5.102148056030273438e-01 3.979758024215698242e-01 -3.122837841510772705e-01 -4.540134072303771973e-01 4.228705763816833496e-01 -4.599356278777122498e-02 4.749754965305328369e-01 6.690934896469116211e-01 -3.369961082935333252e-01 -1.307208895683288574e+00 -3.873280808329582214e-02 -1.008985042572021484e+00 6.045072674751281738e-01 7.589536309242248535e-01 2.583359777927398682e-01 -1.548492442816495895e-02 7.655487060546875000e-01 -3.922396898269653320e-01 3.992343246936798096e-01 5.561600923538208008e-01 4.274033606052398682e-01 -1.586513370275497437e-01 -2.809192240238189697e-01 3.362480103969573975e-01 -2.391958236694335938e-01 4.049468040466308594e-01 -1.020076274871826172e-01 -1.884150505065917969e-01 2.073950506746768951e-02 2.404445707798004150e-01 5.414087772369384766e-01 8.302491903305053711e-01 2.635086514055728912e-02 -1.832267343997955322e-01 -5.427256822586059570e-01 -2.993041649460792542e-03 6.626129746437072754e-01 -9.539949893951416016e-01 5.266690850257873535e-01 2.751414477825164795e-01
4.047868251800537109e-01 -5.078294277191162109e-01 -5.139741301536560059e-02 7.760848402976989746e-01 3.553699851036071777e-01 -2.178040891885757446e-01 4.058256745338439941e-01 1.092858389019966125e-01 -8.998897671699523926e-01 -1.524279117584228516e-01 5.763073563575744629e-01 4.322723150253295898e-01 2.157812714576721191e-01 8.345721289515495300e-04 -1.286932379007339478e-01 2.003223299980163574e-01 -1.306109279394149780e-01 6.940571069717407227e-01 -2.945965528488159180e-01 1.208955049514770508e+00 -1.281026899814605713e-01 3.527004420757293701e-01 7.475160956382751465e-01 -7.725843787193298340e-01 -3.994385302066802979e-01 1.251141875982284546e-01 -2.480416893959045410e-01 -6.882671117782592773e-01 5.814608335494995117e-01 -1.299842298030853271e-01 1.088955998420715332e+00 8.110111355781555176e-01 -8.775797486305236816e-01 -9.521617293357849121e-01 -6.096097081899642944e-02 3.431156277656555176e-01 -8.770422637462615967e-02 -1.314671784639358521e-01 4.559626281261444092e-01 6.866713762283325195e-01 -4.017980024218559265e-02 -4.350053519010543823e-02 3.620328903198242188e-01 1.029762506484985352e+00 -6.673386786133050919e-03 -4.453063607215881348e-01 2.207667678594589233e-01 1.458009630441665649e-01 2.850627899169921875e-01 7.484433054924011230e-01 2.309752628207206726e-02 6.571909189224243164e-01 4.757953435182571411e-02 3.521282076835632324e-01 9.003901481628417969e-02 3.793129324913024902e-01 8.404031395912170410e-01 -5.119826197624206543e-01 -1.106994003057479858e-01 4.637181758880615234e-03 -1.529447436332702637e-01 -6.296759843826293945e-01 1.828851699829101562e-01 1.627176851034164429e-01
5.879765152931213379e-01 -8.249853253364562988e-01 -2.519013285636901855e-01 -5.094056129455566406e-01 -6.804889440536499023e-01 -3.202981650829315186e-01 5.353369116783142090e-01 -5.925405621528625488e-01 -1.540001947432756424e-03 9.706974774599075317e-02 1.227366477251052856e-01 4.098185896873474121e-02 -1.087990105152130127e-01 -6.596323847770690918e-01 -2.905585169792175293e-01 2.031160704791545868e-02 -1.845154911279678345e-01 3.240074813365936279e-01 -3.173505067825317383e-01 1.090250685811042786e-01 -2.061744183301925659e-01 1.430083662271499634e-01 4.873698055744171143e-01 -1.888860017061233521e-01 2.582822144031524658e-01 4.383582621812820435e-03 -6.208408996462821960e-02 -1.039073586463928223e+00 -4.247891902923583984e-01 -3.157326579093933105e-01 1.581034362316131592e-01 -1.693764179944992065e-01 -2.842404544353485107e-01 -2.103923857212066650e-01 -5.073176622390747070e-01 2.495114207267761230e-01 1.710427850484848022e-01 -1.095260903239250183e-01 5.699174404144287109e-01 8.272165805101394653e-02 -1.888664364814758301e-01 -5.762266516685485840e-01 3.660171031951904297e-01 1.551414728164672852e-01 5.350710749626159668e-01 -6.931055188179016113e-01 -6.211982294917106628e-02 1.256796270608901978e-01 2.309232205152511597e-01 -1.981305927038192749e-01 -3.402512371540069580e-01 1.437270492315292358e-01 -1.285577267408370972e-01 5.031640529632568359e-01 -3.789564967155456543e-01 6.018035411834716797e-01 -6.233010888099670410e-01 -4.912963807582855225e-01 -5.761662870645523071e-02 1.090707778930664062e+00 -3.294795453548431396e-01 -1.385926902294158936e-01 4.081197679042816162e-01 -3.245660960674285889e-01
1.105651378631591797e+00 -1.229271054267883301e+00 4.728057980537414551e-01 -7.608920335769653320e-02 -2.724534571170806885e-01 -7.566401958465576172e-01 -5.378414411097764969e-03 -1.056278706528246403e-03 7.360419631004333496e-02 -7.402251362800598145e-01 4.854297637939453125e-01 -4.999506771564483643e-01 3.168113529682159424e-01 1.102595850825309753e-01 1.699889153242111206e-01 1.293796896934509277e-01 -2.735553681850433350e-01 3.831079900264739990e-01 -2.309737354516983032e-01 1.288764625787734985e-01 4.889560937881469727e-01 4.221763014793395996e-01 -2.229226529598236084e-01 -7.515915036201477051e-01 -5.500857234001159668e-01 1.230912469327449799e-02 -6.494275927543640137e-01 -1.042657613754272461e+00 7.756658792495727539e-01 1.900664120912551880e-01 1.015733107924461365e-01 7.345930933952331543e-01 4.143938422203063965e-01 -1.066277861595153809e+00 1.607736349105834961e-01 1.296765506267547607e-01 1.378807127475738525e-01 2.891800552606582642e-02 -3.858957290649414062e-01 5.145933851599693298e-02 -8.001172542572021484e-02 2.529771327972412109e-01 1.021722078323364258e+00 7.396948933601379395e-01 1.513404250144958496e-01 -1.053414463996887207e+00 -1.798774152994155884e-01 -4.614568948745727539e-01 1.172502398490905762e+00 3.132739961147308350e-01 9.538622200489044189e-02 5.714478492736816406e-01 -5.352398157119750977e-01 -3.563316762447357178e-01 2.030104696750640869e-01 5.648056268692016602e-01 5.834599137306213379e-01 2.459085285663604736e-01 -4.115020632743835449e-01 1.839819848537445068e-01 -3.257213234901428223e-01 -8.418862223625183105e-01 -8.079578727483749390e-02 -4.298151731491088867e-01
6.713386774063110352e-01 -9.619804620742797852e-01 6.411920189857482910e-01 5.744044184684753418e-01 5.164415240287780762e-01 -8.380278348922729492e-01 5.212001875042915344e-02 4.026795029640197754e-01 -3.999966979026794434e-01 -2.532220780849456787e-01 -1.910349279642105103e-01 -5.655025839805603027e-01 -6.638660430908203125e-01 2.767583727836608887e-01 -1.950220763683319092e-01 1.288404107093811035e+00 -4.496297538280487061e-01 1.062815189361572266e-01 -6.971802115440368652e-01 4.269659221172332764e-01 9.347844123840332031e-01 9.807703495025634766e-01 -3.795436024665832520e-02 -3.137175142765045166e-01 -5.649271234869956970e-02 -4.240114241838455200e-02 3.307304382324218750e-01 -7.922081947326660156e-01 4.572105407714843750e-01 -2.560833096504211426e-01 5.753382444381713867e-01 -4.276244342327117920e-02 -1.306241601705551147e-01 -7.987252473831176758e-01 1.574592739343643188e-01 5.985239744186401367e-01 -3.213504552841186523e-01 -2.692757546901702881e-01 -3.165704309940338135e-01 -5.155510306358337402e-01 -6.374645233154296875e-02 9.151048958301544189e-02 3.311161994934082031e-01 8.996867537498474121e-01 7.899633646011352539e-01 -1.361777335405349731e-01 -5.913129821419715881e-02 -3.677607476711273193e-01 9.607065916061401367e-01 7.793665528297424316e-01 -9.869748353958129883e-02 -4.676892713177949190e-04 2.822479605674743652e-01 2.535037100315093994e-01 1.379116922616958618e-01 5.085124373435974121e-01 -1.345698088407516479e-01 -8.403979539871215820e-01 -7.708232402801513672e-01 -3.640416562557220459e-01 4.078176021575927734e-01 -5.406674146652221680e-01 9.974836707115173340e-01 -2.869413979351520538e-02
3.867968916893005371e-01 -5.089838504791259766e-01 -7.429192215204238892e-02 -4.613051414489746094e-01 -1.131607368588447571e-01 -1.901482790708541870e-01 8.537497371435165405e-03 2.821460068225860596e-01 -8.015249967575073242e-01 2.701634168624877930e-01 -2.997597754001617432e-01 -4.793795645236968994e-01 -6.051090359687805176e-01 2.019270062446594238e-01 -1.554507464170455933e-01 3.513143211603164673e-02 4.121754467487335205e-01 5.114495754241943359e-02 -1.877446919679641724e-01 4.297604039311408997e-02 6.621153354644775391e-01 -1.627854555845260620e-01 -8.679335564374923706e-02 -4.804781377315521240e-01 1.969752609729766846e-01 1.971657872200012207e-01 -3.428040742874145508e-01 -3.897102475166320801e-01 -1.228510811924934387e-01 -2.717445194721221924e-01 1.146553158760070801e-01 -3.920498192310333252e-01 -5.271483659744262695e-01 -7.977467030286788940e-02 -4.312732815742492676e-01 6.375716533511877060e-03 2.759087383747100830e-01 -2.464133948087692261e-01 -2.092795968055725098e-01 1.746026128530502319e-01 -3.576999008655548096e-01 -1.680271178483963013e-01 -2.712105214595794678e-01 3.341669142246246338e-01 -7.723490148782730103e-02 -4.796289503574371338e-01 3.284193873405456543e-01 4.974666610360145569e-02 -4.363255109637975693e-03 4.269803762435913086e-01 -9.082832336425781250e-01 5.342525243759155273e-01 -7.193526625633239746e-01 4.120521545410156250e-01 4.413927495479583740e-01 6.482146978378295898e-01 5.118364691734313965e-01 -2.367931753396987915e-01 -6.385740041732788086e-01 2.582487463951110840e-01 -1.848803311586380005e-01 -1.080332636833190918e+00 -4.548752903938293457e-01 -2.477813214063644409e-01
-4.403676465153694153e-02 -1.524983346462249756e-01 7.010639458894729614e-02 1.464884378947317600e-03 2.327476441860198975e-02 -5.001214146614074707e-01 3.463647961616516113e-01 -5.985382795333862305e-01 -1.002109721302986145e-01 5.695987939834594727e-01 2.824321985244750977e-01 -6.241909861564636230e-01 -2.638381719589233398e-01 -5.871185660362243652e-01 1.243348270654678345e-01 2.194380313158035278e-01 8.825082331895828247e-02 -1.025342568755149841e-01 -4.582894146442413330e-01 6.316499710083007812e-01 -3.378297686576843262e-01 1.349714398384094238e-01 -2.514154314994812012e-01 -2.939679920673370361e-01 -3.322407305240631104e-01 1.175149530172348022e-01 -3.840639889240264893e-01 -3.567835688591003418e-01 1.101007312536239624e-01 -1.888101249933242798e-01 -3.437668681144714355e-01 5.608674511313438416e-02 -3.677859008312225342e-01 -6.933006048202514648e-01 -2.026432193815708160e-02 3.332991003990173340e-01 -3.363277912139892578e-01 -3.911743685603141785e-02 5.318370461463928223e-01 -1.599526554346084595e-01 -2.456069290637969971e-01 1.245790123939514160e-01 -3.068438470363616943e-01 -1.037706434726715088e-01 4.665237963199615479e-01 -4.175172746181488037e-01 -2.065200805664062500e-01 -1.597927510738372803e-01 3.451464474201202393e-01 5.439941287040710449e-01 5.663650035858154297e-01 2.766118049621582031e-01 4.951951503753662109e-01 -4.110888540744781494e-01 -1.390352398157119751e-01 3.753719329833984375e-01 3.118190169334411621e-01 1.272056847810745239e-01 9.142910689115524292e-02 1.177338480949401855e+00 -5.221230983734130859e-01 -3.056072890758514404e-01 4.747968018054962158e-01 -2.878702282905578613e-01
-1.129723861813545227e-01 -3.997675478458404541e-01 7.739020138978958130e-02 3.243982195854187012e-01 9.348800033330917358e-02 -6.015192866325378418e-01 1.885506361722946167e-01 -5.422189235687255859e-01 1.417065709829330444e-01 -2.599241025745868683e-02 7.084035277366638184e-01 -4.268711507320404053e-01 -3.461735323071479797e-02 -1.103471294045448303e-01 -1.488613933324813843e-01 -1.837354898452758789e-01 -2.343026995658874512e-01 3.573115170001983643e-01 -1.078173279762268066e+00 -3.209806745871901512e-04 2.239669561386108398e-01 8.675483465194702148e-01 1.066622734069824219e-01 -3.446542918682098389e-01 -1.228900626301765442e-01 2.934105098247528076e-01 -4.493893384933471680e-01 -2.565468847751617432e-01 -4.510778784751892090e-01 1.441140323877334595e-01 -6.755257248878479004e-01 -1.748757064342498779e-02 -4.545461833477020264e-01 -2.894923835992813110e-02 1.153248697519302368e-01 -1.953250169754028320e-01 -1.582881212234497070e-01 -4.431997537612915039e-01 6.607220768928527832e-01 3.661449253559112549e-01 -3.332947790622711182e-01 -1.010693013668060303e-01 2.592854499816894531e-01 3.874035477638244629e-01 -2.029787898063659668e-01 -1.801807880401611328e-01 1.245787069201469421e-01 2.788073420524597168e-01 4.937216341495513916e-01 -3.264874219894409180e-01 -7.062619179487228394e-02 -1.465659886598587036e-01 4.563435167074203491e-02 5.862417817115783691e-01 2.686459422111511230e-01 4.785234034061431885e-01 2.660523355007171631e-01 -2.858966290950775146e-01 -8.233327865600585938e-01 7.521026730537414551e-01 -3.843535184860229492e-01 -7.283781766891479492e-01 3.668037652969360352e-01 -2.368073314428329468e-01
6.761902570724487305e-02 -2.062360495328903198e-01 -1.095009446144104004e-01 4.113212227821350098e-02 -2.641652524471282959e-01 -1.496405154466629028e-01 1.221588160842657089e-02 -4.712032377719879150e-01 -1.109034195542335510e-01 6.210254132747650146e-02 3.036391139030456543e-01 -1.041003465652465820e+00 -2.817980349063873291e-01 -1.742374598979949951e-01 -1.265787053853273392e-02 5.663537234067916870e-02 4.299909472465515137e-01 -2.410053163766860962e-01 -3.449510037899017334e-01 2.414751201868057251e-01 -2.377179414033889771e-01 2.155519574880599976e-01 -3.168469965457916260e-01 1.457954049110412598e-01 -5.453450083732604980e-01 1.061706393957138062e-01 -7.224312424659729004e-01 -5.520891547203063965e-01 -3.672130405902862549e-01 4.682624712586402893e-02 -3.482052385807037354e-01 1.431712359189987183e-01 -8.081774115562438965e-01 -7.662519812583923340e-02 -3.441237509250640869e-01 1.515095084905624390e-01 -1.297929286956787109e-01 -3.835971951484680176e-01 5.137867927551269531e-01 3.929853439331054688e-01 -3.987633585929870605e-01 2.843525260686874390e-02 -2.812622487545013428e-02 -1.135033816099166870e-01 -5.588910356163978577e-02 3.065810501575469971e-01 4.696837961673736572e-01 -2.888770997524261475e-01 4.410136044025421143e-01 3.203860819339752197e-01 2.185380309820175171e-01 3.531504869461059570e-01 3.567080944776535034e-02 5.865311026573181152e-01 2.040829062461853027e-01 1.641186475753784180e-01 1.863221973180770874e-01 4.213036596775054932e-01 -7.309249043464660645e-02 9.256938099861145020e-01 -1.222390830516815186e-01 -4.320088326930999756e-01 4.890824556350708008e-01 -3.351526856422424316e-01
6.592531688511371613e-03 -1.157537773251533508e-01 -4.511118307709693909e-02 -7.072709500789642334e-02 -2.864353358745574951e-01 -8.116028904914855957e-01 1.387593299150466919e-01 1.420978009700775146e-01 -4.331417083740234375e-01 -1.120803877711296082e-01 4.475329220294952393e-01 -5.100150108337402344e-01 3.437520237639546394e-03 -6.391111612319946289e-01 -3.453350961208343506e-01 2.552556395530700684e-01 3.403382599353790283e-01 -1.754712909460067749e-01 5.433520078659057617e-01 2.062475085258483887e-01 2.834777534008026123e-01 1.116537600755691528e-01 3.936720788478851318e-01 -8.623945713043212891e-01 -9.281221032142639160e-02 6.469326615333557129e-01 -7.304212450981140137e-01 -6.959469914436340332e-01 4.984932839870452881e-01 -3.347498178482055664e-01 -7.631675689481198788e-04 -2.332704607397317886e-03 -8.203163743019104004e-01 -4.874881505966186523e-01 -2.213608026504516602e-01 9.831751883029937744e-02 5.202018618583679199e-01 3.668914437294006348e-01 3.408428430557250977e-01 -2.707299888134002686e-01 3.370457291603088379e-01 7.167405486106872559e-01 1.143699232488870621e-02 -1.767020523548126221e-01 6.580746769905090332e-01 -1.979133486747741699e-01 -4.649313986301422119e-01 -4.814423322677612305e-01 1.487654596567153931e-01 2.815666198730468750e-01 -2.313808947801589966e-01 -2.296559512615203857e-01 -1.213669627904891968e-01 4.504222869873046875e-01 3.356375098228454590e-01 2.567941546440124512e-01 4.876669961959123611e-03 -5.364039540290832520e-01 -2.116873860359191895e-02 5.594635754823684692e-02 4.263969957828521729e-01 -2.477224618196487427e-01 3.125998675823211670e-01 -5.191269516944885254e-02
8.674441576004028320e-01 -4.418926537036895752e-01 -8.410813212394714355e-01 2.580214738845825195e-01 -1.574319750070571899e-01 -3.311649560928344727e-01 2.181422114372253418e-01 -4.481619000434875488e-01 -7.282668352127075195e-01 2.441076338291168213e-01 9.063965827226638794e-02 -6.406115293502807617e-01 -5.289192199707031250e-01 5.277099013328552246e-01 4.411143064498901367e-01 1.591322302818298340e+00 -3.971471786499023438e-01 2.051500231027603149e-01 -7.581191062927246094e-01 7.865976691246032715e-01 2.867008149623870850e-01 4.560763835906982422e-01 1.966594010591506958e-01 -3.592021465301513672e-01 3.790954947471618652e-01 4.368844628334045410e-01 -2.220789194107055664e-01 -9.906692504882812500e-01 5.824589729309082031e-01 3.506993353366851807e-01 2.643936574459075928e-01 5.334210991859436035e-01 1.626141220331192017e-01 -4.513382911682128906e-01 -2.990448176860809326e-01 -3.817770481109619141e-01 8.361387252807617188e-01 7.009704113006591797e-01 4.104470312595367432e-01 7.681938260793685913e-02 -3.463425934314727783e-01 1.855883747339248657e-01 6.849988102912902832e-01 1.951322406530380249e-01 -4.972722008824348450e-02 -4.745124876499176025e-01 -1.646816879510879517e-01 -1.133092418313026428e-01 6.551985740661621094e-01 3.139366209506988525e-01 4.885520637035369873e-01 -9.934794157743453979e-02 1.564957499504089355e-01 4.545332491397857666e-01 -9.531200677156448364e-02 1.089872837066650391e+00 8.798879384994506836e-01 -6.371514797210693359e-01 -4.651319980621337891e-01 -1.018317788839340210e-01 -8.468362689018249512e-02 -4.939183592796325684e-01 -4.663518071174621582e-02 -2.405360192060470581e-01
4.233785867691040039e-01 -1.108326077461242676e+00 -1.067805849015712738e-02 7.531810998916625977e-01 1.704461723566055298e-01 5.168334767222404480e-02 -1.665121465921401978e-01 -2.150008380413055420e-01 -5.573942065238952637e-01 1.160349473357200623e-01 2.801705896854400635e-01 1.625831425189971924e-01 -4.968280196189880371e-01 -9.820041060447692871e-02 -2.165226340293884277e-01 1.075266838073730469e+00 1.356806606054306030e-01 -4.658725857734680176e-01 -4.428659081459045410e-01 6.824049949645996094e-01 2.392857670783996582e-01 4.929974079132080078e-01 8.428710699081420898e-01 -1.399562120437622070e+00 1.621020436286926270e-01 3.873712122440338135e-01 -9.965816140174865723e-02 -3.440667688846588135e-02 4.540908634662628174e-01 -3.463076427578926086e-02 5.990898609161376953e-02 1.720593422651290894e-01 -3.896800577640533447e-01 -1.143207788467407227e+00 -1.017882108688354492e+00 -7.672919034957885742e-01 -1.034429371356964111e-01 -6.982671618461608887e-01 4.105554893612861633e-02 5.326750874519348145e-02 -4.762798547744750977e-01 1.383145600557327271e-01 9.110789299011230469e-01 2.325165420770645142e-01 1.113632246851921082e-01 7.110014848876744509e-05 2.280548214912414551e-01 -5.479024052619934082e-01 4.447124600410461426e-01 4.079058170318603516e-01 -5.214676856994628906e-01 -5.362209081649780273e-01 1.829617470502853394e-01 -8.521076291799545288e-02 -2.462867945432662964e-01 1.071768164634704590e+00 2.262383848428726196e-01 4.443116784095764160e-01 -1.678394228219985962e-01 7.706714272499084473e-01 1.838895976543426514e-01 -7.214212417602539062e-01 1.857036724686622620e-02 7.773972749710083008e-01
9.485490918159484863e-01 -1.343782097101211548e-01 3.736461997032165527e-01 -4.275168478488922119e-02 -1.114425659179687500e-01 -9.303763508796691895e-01 5.157265663146972656e-01 3.677536845207214355e-01 -6.039267182350158691e-01 4.263050556182861328e-01 -1.176134422421455383e-01 -8.861935883760452271e-02 -2.729550004005432129e-01 1.374134719371795654e-01 -4.720560312271118164e-01 1.265845060348510742e+00 -1.655460745096206665e-01 -1.456588953733444214e-01 -2.279909551143646240e-01 -5.901432037353515625e-02 9.243080019950866699e-02 -1.736667007207870483e-01 4.185940325260162354e-01 -5.958738923072814941e-01 -2.539333105087280273e-01 7.182921767234802246e-01 -9.222069382667541504e-01 -7.528471350669860840e-01 -2.984337210655212402e-01 -6.123462915420532227e-01 7.668982744216918945e-01 -3.215996623039245605e-01 -3.686939179897308350e-02 -2.876724898815155029e-01 2.162371128797531128e-01 -6.028711199760437012e-01 -2.973837852478027344e-01 -6.618190407752990723e-01 3.709097802639007568e-01 -2.746550142765045166e-01 -2.032207846641540527e-01 1.021364927291870117e-01 5.528268814086914062e-01 8.363239765167236328e-01 -3.386853933334350586e-01 -2.704399824142456055e-01 2.954713106155395508e-01 1.549339294433593750e-01 2.535642385482788086e-01 5.085250139236450195e-01 5.241633653640747070e-01 4.840887486934661865e-01 -8.765295743942260742e-01 -1.885508894920349121e-01 3.895797133445739746e-01 1.006677031517028809e+00 7.592994570732116699e-01 -2.118649482727050781e-01 -1.665015220642089844e-01 3.723478317260742188e-01 2.043637186288833618e-01 -7.521107792854309082e-01 -2.782166600227355957e-01 9.522787481546401978e-02
1.301841903477907181e-02 -5.448788404464721680e-01 -3.163575828075408936e-01 3.106030225753784180e-01 -8.509861677885055542e-02 -2.106058448553085327e-01 5.571467876434326172e-01 -8.007203340530395508e-01 -1.565564870834350586e-01 -2.576947808265686035e-01 1.094558537006378174e-01 -2.495530992746353149e-01 -1.649227589368820190e-01 -4.055746793746948242e-01 -4.185773432254791260e-01 -1.143198367208242416e-02 -5.786620378494262695e-01 -5.524394661188125610e-02 -5.252923965454101562e-01 1.730340272188186646e-01 3.111397624015808105e-01 4.782737791538238525e-01 -8.997552841901779175e-02 -2.457976490259170532e-01 1.509106308221817017e-01 3.047072291374206543e-01 -3.447408378124237061e-01 -7.254105806350708008e-01 -5.311719179153442383e-01 2.015039883553981781e-02 -6.052107214927673340e-01 -2.085214257240295410e-01 -6.850895285606384277e-01 -1.912357509136199951e-01 -2.036192864179611206e-01 1.879998147487640381e-01 -4.977341592311859131e-01 -4.891195893287658691e-01 8.139770627021789551e-01 -2.983648180961608887e-01 -3.667890727519989014e-01 -4.389060437679290771e-01 3.223786130547523499e-02 1.178514361381530762e-01 2.928855121135711670e-01 -4.743911623954772949e-01 -6.446124613285064697e-02 3.131164237856864929e-02 3.731274008750915527e-01 -5.122342705726623535e-01 2.852189540863037109e-01 4.445254206657409668e-01 1.766892075538635254e-01 2.327656745910644531e-01 -2.360350638628005981e-01 5.392741560935974121e-01 -2.312850952148437500e-01 2.027074247598648071e-01 -3.341046273708343506e-01 4.699603021144866943e-01 -2.568400800228118896e-01 -4.409875869750976562e-01 7.186170816421508789e-01 -1.927279531955718994e-01
7.159358263015747070e-01 -5.065378546714782715e-01 -6.463094949722290039e-01 -3.370178937911987305e-01 -1.278912299312651157e-03 -9.162180125713348389e-02 1.539419740438461304e-01 -1.586834937334060669e-01 -2.515415549278259277e-01 1.401207596063613892e-01 -1.616815775632858276e-01 -6.706942319869995117e-01 -8.018031716346740723e-02 -5.182577371597290039e-01 2.391388863325119019e-01 4.567365348339080811e-01 3.484148681163787842e-01 2.733956873416900635e-01 -2.650991976261138916e-01 -1.589815020561218262e-01 4.881666600704193115e-01 2.955476939678192139e-01 5.042980313301086426e-01 -3.126374185085296631e-01 1.952140331268310547e-01 -2.028712481260299683e-01 -2.306925803422927856e-01 -5.360098481178283691e-01 1.514482647180557251e-01 -2.886338829994201660e-01 -2.989337965846061707e-02 2.555625140666961670e-01 -6.464382410049438477e-01 -1.585874110460281372e-01 -6.388915181159973145e-01 -7.233694195747375488e-02 -5.436540395021438599e-02 -2.256718426942825317e-01 1.925390511751174927e-01 8.368247151374816895e-01 1.103587634861469269e-02 -5.411443710327148438e-01 2.162104845046997070e-01 -6.425723433494567871e-01 3.551731407642364502e-01 9.358025342226028442e-02 9.189850687980651855e-01 -2.602690160274505615e-01 4.508948326110839844e-01 4.150950312614440918e-01 2.993719279766082764e-01 7.514173984527587891e-01 -4.345355033874511719e-01 4.888455569744110107e-01 6.014441847801208496e-01 2.627562880516052246e-01 4.497197866439819336e-01 2.883538603782653809e-01 -2.862775325775146484e-02 4.774996340274810791e-01 5.296461582183837891e-01 -8.154144287109375000e-01 6.714673042297363281e-01 -9.196034073829650879e-02
3.212679624557495117e-01 -3.369689881801605225e-01 -2.198567688465118408e-01 -6.207581758499145508e-01 3.208333253860473633e-01 -2.390518635511398315e-01 -1.900575906038284302e-01 1.235763356089591980e-01 -6.627151370048522949e-01 8.642756938934326172e-02 -6.087587680667638779e-03 -7.743046879768371582e-01 -7.913592457771301270e-01 -1.280866377055644989e-02 -3.182854503393173218e-02 1.947151422500610352e-01 3.271111547946929932e-01 1.313189268112182617e-01 -6.756410747766494751e-02 3.835360985249280930e-03 9.914146661758422852e-01 4.480002447962760925e-02 2.932610362768173218e-02 -6.784342527389526367e-01 -4.784699678421020508e-01 2.982454597949981689e-01 -6.974833607673645020e-01 -2.590024173259735107e-01 -4.007411599159240723e-01 -1.724434494972229004e-01 4.111168384552001953e-01 -3.749836087226867676e-01 -6.949880123138427734e-01 -3.540115654468536377e-01 -1.564435809850692749e-01 -1.838625874370336533e-03 6.385581493377685547e-01 -5.083245784044265747e-02 1.344513520598411560e-02 -6.688831001520156860e-02 -2.667563557624816895e-01 3.837519884109497070e-01 -3.700070977210998535e-01 -1.462718844413757324e-01 -1.662304066121578217e-02 -1.921143829822540283e-01 4.693934917449951172e-01 5.023714154958724976e-03 1.318301707506179810e-01 6.829055547714233398e-01 -8.247357606887817383e-01 5.313426852226257324e-01 -8.583867549896240234e-01 4.969917535781860352e-01 1.426853388547897339e-01 5.002498030662536621e-01 4.048824310302734375e-01 -3.235343098640441895e-02 -1.608012169599533081e-01 -7.412105053663253784e-02 -1.131517589092254639e-01 -5.351534485816955566e-01 3.229327127337455750e-02 1.723176240921020508e-01
-8.205389231443405151e-02 -3.685264885425567627e-01 3.600788712501525879e-01 3.823663890361785889e-01 -6.826329231262207031e-02 -1.559555232524871826e-01 5.548425912857055664e-01 -2.909525334835052490e-01 -4.131919145584106445e-01 2.780270278453826904e-01 3.702965378761291504e-01 -1.134617209434509277e+00 -1.545056551694869995e-01 -5.318565964698791504e-01 2.881100866943597794e-03 2.548158168792724609e-01 2.130895555019378662e-01 9.328950196504592896e-02 -2.677831053733825684e-01 4.204840958118438721e-01 1.817177236080169678e-01 3.318225443363189697e-01 -2.033050358295440674e-02 2.356278300285339355e-01 -2.840505838394165039e-01 -1.046065166592597961e-01 -4.073423147201538086e-01 -9.588104486465454102e-02 -3.462927937507629395e-01 1.876267977058887482e-02 -5.713175535202026367e-01 4.205707013607025146e-01 -1.320136040449142456e-01 -4.475088715553283691e-01 1.748702079057693481e-01 6.520960479974746704e-02 -2.483135759830474854e-01 -5.095829367637634277e-01 6.051645874977111816e-01 -2.975903153419494629e-01 -1.653477251529693604e-01 5.399197340011596680e-03 -3.126061856746673584e-01 9.703000634908676147e-02 2.537577152252197266e-01 -3.235820531845092773e-01 -1.653729826211929321e-01 -1.694954484701156616e-01 3.533176481723785400e-01 5.599555969238281250e-01 8.346526324748992920e-02 1.245141252875328064e-01 2.134123593568801880e-01 5.482088774442672729e-02 6.875919550657272339e-02 -3.025507330894470215e-01 1.708698272705078125e-01 -1.182040423154830933e-01 -5.869799852371215820e-01 1.099656820297241211e+00 -5.341727733612060547e-01 -3.421314060688018799e-01 3.978521823883056641e-01 -3.439370989799499512e-01
-1.316680200397968292e-02 -3.951143920421600342e-01 -9.309975802898406982e-02 -2.372808456420898438e-01 -3.652442097663879395e-01 -1.631405651569366455e-01 1.473179161548614502e-01 -3.393752276897430420e-01 -1.345620397478342056e-02 -2.321284115314483643e-01 1.460827589035034180e-01 -1.001824617385864258e+00 -1.655472069978713989e-01 -6.896390020847320557e-02 -7.492320239543914795e-02 3.358049094676971436e-01 4.635385274887084961e-01 -1.545914858579635620e-01 -6.445042490959167480e-01 2.902261018753051758e-01 -1.647984385490417480e-01 2.533703744411468506e-01 -3.846329152584075928e-01 2.683520913124084473e-01 -7.442473173141479492e-01 -1.043134778738021851e-01 -5.919666886329650879e-01 -6.006880402565002441e-01 -4.107132256031036377e-01 3.540572011843323708e-03 -2.066811174154281616e-01 5.379799380898475647e-02 -7.604072690010070801e-01 -3.639073669910430908e-01 -1.853605806827545166e-01 1.969259977340698242e-01 -2.539190649986267090e-01 -1.320255249738693237e-01 3.901706635951995850e-01 3.364351987838745117e-01 -4.180226624011993408e-01 -1.117459684610366821e-01 7.972522638738155365e-03 -3.376736044883728027e-01 -3.900160640478134155e-02 1.619629710912704468e-01 5.943377017974853516e-01 -4.819451868534088135e-01 4.769168794155120850e-01 3.375375568866729736e-01 1.849063932895660400e-01 1.115563213825225830e-01 2.547511160373687744e-01 5.992083549499511719e-01 4.487742781639099121e-01 5.501148477196693420e-02 1.758044958114624023e-01 3.605566918849945068e-02 -2.413945049047470093e-01 8.645765781402587891e-01 -1.759473532438278198e-01 -4.921943843364715576e-01 6.625679731369018555e-01 -2.767212092876434326e-01
4.276811778545379639e-01 -4.891876876354217529e-01 -2.499150335788726807e-01 -2.702661156654357910e-01 -2.062490284442901611e-01 -1.036470308899879456e-01 -2.544563114643096924e-01 1.043102666735649109e-01 -3.503449261188507080e-01 -3.159826099872589111e-01 7.480002939701080322e-02 -8.947933912277221680e-01 -2.660657167434692383e-01 -1.186979115009307861e-01 -2.999653220176696777e-01 2.857949137687683105e-01 6.408166885375976562e-01 2.568480186164379120e-02 2.036449760198593140e-01 3.047921955585479736e-01 9.281723499298095703e-01 1.362335588783025742e-02 1.943653672933578491e-01 -5.692139863967895508e-01 -7.459616065025329590e-01 4.692734777927398682e-01 -8.633453249931335449e-01 -5.611822009086608887e-01 -3.719786107540130615e-01 -3.944640755653381348e-01 1.886141449213027954e-01 -1.630251407623291016e-01 -8.915151953697204590e-01 6.060052290558815002e-02 -1.055343821644783020e-01 2.641300559043884277e-01 5.807189345359802246e-01 -8.614335209131240845e-02 8.516222983598709106e-02 1.180479377508163452e-01 -1.886420398950576782e-01 2.709905505180358887e-01 4.854278638958930969e-02 -5.153613686561584473e-01 5.684775710105895996e-01 1.461919490247964859e-02 4.448013305664062500e-01 -2.848598957061767578e-01 3.506728112697601318e-01 5.981667041778564453e-01 -5.004521608352661133e-01 5.043289661407470703e-01 -1.452749818563461304e-01 4.567462205886840820e-01 3.946520984172821045e-01 2.809722721576690674e-01 4.282617270946502686e-01 -9.191308170557022095e-02 -1.104182526469230652e-01 1.785391796147450805e-04 2.278110682964324951e-01 -6.672884225845336914e-01 -6.887072324752807617e-02 -9.814031422138214111e-02
1.031012892723083496e+00 -9.476997256278991699e-01 -1.127839207649230957e+00 1.192479610443115234e+00 -4.316854178905487061e-01 -1.101754546165466309e+00 5.849124193191528320e-01 6.665956694632768631e-03 -8.648021817207336426e-01 -1.263304948806762695e-01 -4.173614084720611572e-01 -5.606995224952697754e-01 4.038119912147521973e-01 3.265384137630462646e-01 8.440794348716735840e-01 8.189035058021545410e-01 8.533686399459838867e-02 -2.751060426235198975e-01 -7.197632193565368652e-01 4.647265672683715820e-01 1.438401788473129272e-01 4.936816990375518799e-01 2.207455486059188843e-01 -1.120109915733337402e+00 -3.912366628646850586e-01 -3.564317151904106140e-02 -4.287716746330261230e-01 -1.831061094999313354e-01 3.030214011669158936e-01 -9.681171774864196777e-01 -1.924513466656208038e-02 3.207032680511474609e-01 2.453097999095916748e-01 -5.145172122865915298e-03 7.946730405092239380e-02 -1.891874223947525024e-01 -8.342739939689636230e-01 -5.343290567398071289e-01 1.714408993721008301e-01 5.338104963302612305e-01 1.111113131046295166e-01 4.245081543922424316e-01 2.852984368801116943e-01 9.088934063911437988e-01 4.881735146045684814e-01 -1.714841872453689575e-01 1.624946147203445435e-01 5.811325907707214355e-01 8.010385930538177490e-02 1.066212415695190430e+00 -7.687071710824966431e-02 4.101366698741912842e-01 -1.991899684071540833e-02 2.036013305187225342e-01 -3.523907661437988281e-01 7.397211790084838867e-01 3.613416254520416260e-01 9.782959520816802979e-02 -6.757584214210510254e-01 2.023335993289947510e-01 -4.834244549274444580e-01 -3.144201636314392090e-01 8.879812955856323242e-01 8.023952692747116089e-02
9.661451578140258789e-01 -3.259405195713043213e-01 4.834913183003664017e-03 -3.986268043518066406e-01 5.022872686386108398e-01 -4.012596011161804199e-01 2.257755845785140991e-01 1.975309848785400391e-01 -7.341094017028808594e-01 2.728871107101440430e-01 -4.201840758323669434e-01 -4.824956655502319336e-01 -4.308863282203674316e-01 2.325101941823959351e-01 -4.353189766407012939e-01 2.491645663976669312e-01 -2.447502017021179199e-01 2.367603778839111328e-01 -1.293116956949234009e-01 -3.587225973606109619e-01 3.280290067195892334e-01 1.941438317298889160e-01 2.336794435977935791e-01 -4.935107827186584473e-01 -2.221123576164245605e-01 1.718038171529769897e-01 -6.734629273414611816e-01 -3.730662465095520020e-01 -1.671764701604843140e-01 -3.414551317691802979e-01 4.073923230171203613e-01 -3.499803543090820312e-01 7.248923927545547485e-02 -1.854854449629783630e-02 -1.806711703538894653e-01 -2.831845581531524658e-01 -8.347622305154800415e-02 -3.250269293785095215e-01 4.033430516719818115e-01 7.163495570421218872e-02 -5.044557452201843262e-01 -3.043749034404754639e-01 -3.955478966236114502e-01 5.104285478591918945e-01 1.635717600584030151e-01 -2.362707108259201050e-01 5.281972289085388184e-01 -8.071456104516983032e-03 -2.030160874128341675e-01 5.144841074943542480e-01 -1.925813704729080200e-01 2.703379690647125244e-01 -7.425639629364013672e-01 -2.108247019350528717e-02 5.978216528892517090e-01 6.633132696151733398e-01 4.650244116783142090e-01 -7.162922620773315430e-02 -4.834904074668884277e-01 3.693765401840209961e-01 6.660287082195281982e-02 -4.726505577564239502e-01 -3.416258990764617920e-01 -1.542642567073926330e-04
-8.890960365533828735e-02 -4.215128421783447266e-01 2.087370753288269043e-01 3.556744456291198730e-01 -2.349192351102828979e-01 -9.076292067766189575e-02 5.891446471214294434e-01 -3.698837161064147949e-01 -3.142212033271789551e-01 1.844682097434997559e-01 2.846027314662933350e-01 -9.648333191871643066e-01 -2.663690149784088135e-01 -7.004946470260620117e-01 1.063310429453849792e-01 8.615439385175704956e-02 3.217678666114807129e-01 1.895736306905746460e-01 -2.877548933029174805e-01 4.220907986164093018e-01 2.062483578920364380e-01 3.769773840904235840e-01 -5.755464360117912292e-02 1.198293566703796387e-01 -2.393105179071426392e-01 -2.554141581058502197e-01 -3.460478484630584717e-01 4.983789101243019104e-02 -2.744958698749542236e-01 9.169510751962661743e-02 -5.690359473228454590e-01 4.745510518550872803e-01 -1.040595248341560364e-01 -5.826960802078247070e-01 7.832619547843933105e-02 -1.003870218992233276e-01 -3.488088250160217285e-01 -3.986027836799621582e-01 4.840044379234313965e-01 -2.511665225028991699e-01 -1.994244605302810669e-01 -2.509913407266139984e-02 -3.002118468284606934e-01 2.035602182149887085e-01 2.098144292831420898e-01 -2.650229632854461670e-01 -3.127433657646179199e-01 -2.739414274692535400e-01 4.136360883712768555e-01 6.744765639305114746e-01 1.403257101774215698e-01 1.780902594327926636e-01 1.482352912425994873e-01 -4.171001166105270386e-02 1.533892005681991577e-01 -2.510356009006500244e-01 2.000868618488311768e-01 -1.918379813432693481e-01 -4.821672439575195312e-01 1.125463724136352539e+00 -3.083056509494781494e-01 -4.688394367694854736e-01 6.032468080520629883e-01 -2.527901530265808105e-01
6.524138450622558594e-01 -5.563987493515014648e-01 -5.598644912242889404e-02 2.838784456253051758e-01 -1.643721908330917358e-01 -5.033934712409973145e-01 3.784279823303222656e-01 -3.557576239109039307e-01 -1.022355929017066956e-01 -2.620773613452911377e-01 2.054618299007415771e-01 -9.506340324878692627e-02 -7.671462744474411011e-02 1.809181272983551025e-01 2.501023709774017334e-01 4.173000156879425049e-01 4.656619131565093994e-01 1.848371624946594238e-01 -3.484217524528503418e-01 1.757272183895111084e-01 2.210547029972076416e-01 5.634016394615173340e-01 9.285479187965393066e-01 -2.394605576992034912e-01 4.511268734931945801e-01 4.336903393268585205e-01 -5.716092884540557861e-02 -1.273693442344665527e+00 -1.742535382509231567e-01 -8.566010594367980957e-01 2.026111818850040436e-02 -2.573423087596893311e-02 -2.762435674667358398e-01 -5.491210222244262695e-01 -2.339624166488647461e-01 5.673162266612052917e-02 -1.857200264930725098e-01 2.233369648456573486e-01 1.358987092971801758e-01 -6.137196421623229980e-01 1.366910040378570557e-01 -6.797116249799728394e-02 2.698403298854827881e-01 2.940386533737182617e-01 1.912206858396530151e-01 -6.803132295608520508e-01 -5.075743794441223145e-01 1.218517422676086426e-01 7.750450074672698975e-02 -6.367546916007995605e-01 -1.624966599047183990e-02 6.449277997016906738e-01 -5.736325308680534363e-02 6.389716863632202148e-01 -2.357198856770992279e-02 4.306590855121612549e-01 -7.731112241744995117e-01 1.312377303838729858e-01 -3.072285950183868408e-01 7.616612315177917480e-01 -4.386570453643798828e-01 -1.675484515726566315e-02 2.577748000621795654e-01 1.785836517810821533e-01
9.265674352645874023e-01 -4.830931723117828369e-01 1.918365359306335449e-01 -3.136596977710723877e-01 4.308420717716217041e-01 -3.761500716209411621e-01 1.919501572847366333e-01 3.372458815574645996e-01 -7.118739485740661621e-01 2.573438584804534912e-01 -3.883627653121948242e-01 -4.396645128726959229e-01 -5.426349639892578125e-01 2.842428088188171387e-01 -2.975589334964752197e-01 4.435676932334899902e-01 -1.917911320924758911e-01 3.449511826038360596e-01 -1.605684459209442139e-01 -1.504790037870407104e-01 4.351610541343688965e-01 2.144735902547836304e-01 2.519330680370330811e-01 -4.498212337493896484e-01 -2.010096162557601929e-01 1.513880789279937744e-01 -9.867687225341796875e-01 -3.325592279434204102e-01 -1.275823861360549927e-01 -2.819280624389648438e-01 3.711836040019989014e-01 -1.561812013387680054e-01 9.536790102720260620e-02 -4.962786659598350525e-02 -3.604991070460528135e-04 -5.163626670837402344e-01 7.488398998975753784e-02 -3.586507141590118408e-01 1.882403492927551270e-01 9.438444674015045166e-02 -5.387815833091735840e-01 -5.073810815811157227e-01 -5.114119052886962891e-01 5.485153198242187500e-01 1.681960821151733398e-01 -1.053480207920074463e-01 4.774617850780487061e-01 -7.243476808071136475e-02 -1.734905540943145752e-01 5.215550065040588379e-01 -8.985935896635055542e-02 3.569442331790924072e-01 -7.096391916275024414e-01 -5.421150475740432739e-03 5.361682772636413574e-01 6.831879019737243652e-01 4.596478044986724854e-01 -2.916217409074306488e-02 -5.595574378967285156e-01 3.952895700931549072e-01 -3.650994598865509033e-02 -4.070504307746887207e-01 -3.740775883197784424e-01 2.001895010471343994e-01
5.207062885165214539e-02 -5.000679492950439453e-01 4.339762777090072632e-02 2.512536346912384033e-01 -1.360212266445159912e-02 -2.179180681705474854e-01 7.191556692123413086e-01 -1.223251223564147949e+00 -3.414314687252044678e-01 1.279629617929458618e-01 4.317232966423034668e-01 -9.374094009399414062e-01 -4.022378623485565186e-01 -5.388589501380920410e-01 -1.653386205434799194e-01 -5.534657090902328491e-02 -1.267162859439849854e-01 2.518392503261566162e-01 -6.960117816925048828e-02 5.194335579872131348e-01 1.813256889581680298e-01 6.675468087196350098e-01 -1.588992327451705933e-01 -7.862014174461364746e-01 -3.321048021316528320e-01 2.538908123970031738e-01 3.926225006580352783e-02 -2.762703597545623779e-01 -3.945893347263336182e-01 2.160290479660034180e-01 -8.464456200599670410e-01 -5.909259617328643799e-02 2.039016485214233398e-01 -5.420176982879638672e-01 -3.417449891567230225e-01 -3.013955652713775635e-01 -1.411813497543334961e-01 -8.246702700853347778e-02 5.224072933197021484e-01 -3.747761249542236328e-01 -1.890727728605270386e-01 -5.112715363502502441e-01 -2.658905386924743652e-01 7.637967467308044434e-01 1.806230992078781128e-01 -5.183730721473693848e-01 2.625496126711368561e-02 -3.591025173664093018e-01 1.871156692504882812e-01 -5.301550030708312988e-02 4.493870958685874939e-02 4.608794748783111572e-01 5.962032675743103027e-01 -1.260586678981781006e-01 -5.264808535575866699e-01 2.859048247337341309e-01 1.149158775806427002e-01 8.204022794961929321e-02 -3.204085528850555420e-01 5.092034339904785156e-01 -1.184298619627952576e-01 -2.768262028694152832e-01 9.192558526992797852e-01 -3.488579988479614258e-01
2.142654359340667725e-02 -2.349102795124053955e-01 -1.837465167045593262e-01 5.744841694831848145e-01 6.456988304853439331e-02 -4.752596840262413025e-02 8.306886553764343262e-01 -7.575932741165161133e-01 -3.817197382450103760e-01 4.074751138687133789e-01 2.973190248012542725e-01 -1.077294826507568359e+00 -2.376849055290222168e-01 -9.324078559875488281e-01 2.469061315059661865e-01 -3.832819312810897827e-02 1.906380057334899902e-01 7.618189603090286255e-02 -4.010582715272903442e-02 3.300662934780120850e-01 4.307114183902740479e-01 5.973095297813415527e-01 1.537365019321441650e-01 -9.068803489208221436e-02 -4.828601181507110596e-01 1.163830757141113281e-01 -3.201734423637390137e-01 -5.404336005449295044e-02 9.612008184194564819e-02 2.299735844135284424e-01 -7.844386249780654907e-02 -2.061265558004379272e-01 -2.420915812253952026e-01 -4.125007092952728271e-01 -2.103940099477767944e-01 -1.534239947795867920e-02 -3.906322121620178223e-01 -2.270258516073226929e-01 2.848670482635498047e-01 -2.872720062732696533e-01 -3.597208559513092041e-01 -3.745684921741485596e-01 -1.987664997577667236e-01 4.659529328346252441e-01 -2.129072695970535278e-02 -5.902642607688903809e-01 -2.214231342077255249e-01 -5.277046561241149902e-01 3.065994381904602051e-01 9.143196046352386475e-02 2.961540222167968750e-01 6.687343120574951172e-02 3.437953889369964600e-01 4.958786815404891968e-02 -2.462243288755416870e-01 -2.296746373176574707e-01 -6.743892561644315720e-03 2.271770238876342773e-01 -4.319519996643066406e-01 5.960644483566284180e-01 -3.721632957458496094e-01 -1.656520366668701172e-01 3.616583347320556641e-01 -3.032376468181610107e-01
2.353155463933944702e-01 -2.488993108272552490e-01 -7.617454230785369873e-02 -1.586998347193002701e-03 -2.956343889236450195e-01 -5.311461687088012695e-01 -5.935816466808319092e-02 -2.132270857691764832e-02 5.730028077960014343e-02 -2.634796500205993652e-01 -1.448790132999420166e-01 -9.248561263084411621e-01 -2.358606606721878052e-01 -6.933416128158569336e-01 -4.436954041011631489e-04 4.646216928958892822e-01 4.921847581863403320e-01 -4.531166702508926392e-02 1.251859068870544434e-01 -2.097890526056289673e-01 -5.417474508285522461e-01 6.178702712059020996e-01 7.206389564089477062e-04 -3.604182898998260498e-01 -5.181434750556945801e-01 6.636669039726257324e-01 -4.338740110397338867e-01 -2.744917273521423340e-01 5.334004163742065430e-01 1.518044322729110718e-01 3.323021233081817627e-01 4.615318402647972107e-02 -3.825086653232574463e-01 -2.540422976016998291e-01 -6.393251568078994751e-02 -2.686121761798858643e-01 1.231634616851806641e-01 7.596375048160552979e-02 9.560344368219375610e-02 2.013527601957321167e-01 2.197444587945938110e-01 -2.852111458778381348e-01 1.550063788890838623e-01 3.129744902253150940e-02 7.064966559410095215e-01 -2.991309165954589844e-01 2.709494233131408691e-01 -3.169117867946624756e-01 8.041939139366149902e-02 -2.366248965263366699e-01 -2.669363021850585938e-01 6.655569672584533691e-01 3.801293075084686279e-01 6.675413846969604492e-01 4.235405921936035156e-01 1.202982366085052490e-01 5.292731150984764099e-02 -1.615556180477142334e-01 -5.415157601237297058e-02 3.696531057357788086e-01 2.570500671863555908e-01 -9.016647934913635254e-02 3.622301518917083740e-01 4.918262958526611328e-01
8.474594354629516602e-01 -1.775335520505905151e-01 -2.869820035994052887e-02 2.398396730422973633e-01 -2.549472637474536896e-02 -2.982276380062103271e-01 3.469158709049224854e-01 -3.021311163902282715e-01 -2.885372340679168701e-01 3.192660585045814514e-02 2.166496664285659790e-01 -6.983770132064819336e-01 1.257146000862121582e-01 -4.457572996616363525e-01 8.410533517599105835e-02 2.420794367790222168e-01 4.685550034046173096e-01 -4.489055871963500977e-01 2.453173696994781494e-01 -2.240890078246593475e-02 -3.710115253925323486e-01 2.748458683490753174e-01 4.630211889743804932e-01 -4.646547436714172363e-01 -2.994528412818908691e-01 5.059715509414672852e-01 -1.967647820711135864e-01 -4.799307584762573242e-01 2.422781847417354584e-02 -2.885361202061176300e-02 1.569856852293014526e-01 -1.545071415603160858e-02 -3.334488570690155029e-01 -5.204825401306152344e-01 -6.533967703580856323e-02 7.701091468334197998e-02 -2.941858768463134766e-01 2.681010663509368896e-01 -3.274894356727600098e-01 -4.779677465558052063e-02 4.155633449554443359e-01 -1.618836522102355957e-01 4.497304186224937439e-02 1.670009195804595947e-01 3.327239155769348145e-01 -6.185956597328186035e-01 -6.038663387298583984e-01 -1.939313113689422607e-01 -6.071496382355690002e-02 -2.130445986986160278e-01 2.378233969211578369e-01 1.061367839574813843e-01 4.047222435474395752e-01 6.894519925117492676e-01 4.795715212821960449e-01 -3.288871049880981445e-01 -2.127030342817306519e-01 -1.552657932043075562e-01 -2.680748999118804932e-01 8.238925933837890625e-01 -3.382545709609985352e-02 -2.844389677047729492e-01 5.742672085762023926e-01 1.254760771989822388e-01
1.130638599395751953e+00 -1.167486786842346191e+00 2.163993418216705322e-01 -1.137704923748970032e-01 -2.750960886478424072e-01 -6.729759573936462402e-01 3.449851647019386292e-02 -4.460569471120834351e-02 -2.076065689325332642e-01 -7.835885882377624512e-01 3.300136327743530273e-01 -5.471441745758056641e-01 1.865826398134231567e-01 -6.946837157011032104e-02 1.743869185447692871e-01 1.387497633695602417e-01 -1.961938738822937012e-01 3.689310252666473389e-01 -2.416886389255523682e-01 4.686482250690460205e-02 3.600625395774841309e-01 4.070291817188262939e-01 -2.203728258609771729e-01 -8.135615587234497070e-01 -6.372722387313842773e-01 4.758812859654426575e-02 -6.765909790992736816e-01 -1.096522212028503418e+00 7.034666538238525391e-01 7.903096079826354980e-02 -2.798697166144847870e-02 8.272384405136108398e-01 4.414757490158081055e-01 -1.059040307998657227e+00 9.128431230783462524e-02 1.621986925601959229e-01 5.112871527671813965e-02 3.333365172147750854e-02 -3.850118219852447510e-01 2.077931761741638184e-01 -1.560817211866378784e-01 3.232956826686859131e-01 1.004898548126220703e+00 7.853856086730957031e-01 1.256800442934036255e-01 -9.000270962715148926e-01 -1.905022412538528442e-01 -4.374463558197021484e-01 1.193954944610595703e+00 1.391694992780685425e-01 1.121452450752258301e-01 5.240486264228820801e-01 -6.588056087493896484e-01 -4.278834760189056396e-01 1.699583828449249268e-01 4.821729958057403564e-01 6.410589218139648438e-01 3.497150242328643799e-01 -4.053489863872528076e-01 8.889694511890411377e-02 -3.287433087825775146e-01 -8.494691848754882812e-01 6.577898561954498291e-02 -4.071249067783355713e-01
2.976076304912567139e-01 -4.567213654518127441e-01 -1.120138093829154968e-01 1.352670937776565552e-01 -3.093967139720916748e-01 -3.896213173866271973e-01 -2.486083284020423889e-02 -7.850030064582824707e-02 9.935199469327926636e-02 -7.642335444688796997e-02 -1.497182101011276245e-01 -1.038749337196350098e+00 -1.697258353233337402e-01 -7.862617969512939453e-01 7.397437840700149536e-02 3.668980598449707031e-01 3.380920290946960449e-01 -9.907766245305538177e-03 1.923216730356216431e-01 -2.801497876644134521e-01 -5.052353739738464355e-01 8.271752595901489258e-01 2.919045835733413696e-02 -4.186784923076629639e-01 -4.813097417354583740e-01 6.056367754936218262e-01 -4.069781601428985596e-01 -2.702670916914939880e-02 4.611358642578125000e-01 2.881804406642913818e-01 4.410522878170013428e-01 -1.134209409356117249e-01 -6.409729719161987305e-01 -8.873476833105087280e-02 -2.071662992238998413e-01 -1.629862934350967407e-01 1.061377376317977905e-01 -5.584396794438362122e-02 2.409306354820728302e-02 2.257277369499206543e-01 1.477774828672409058e-01 -2.430007308721542358e-01 1.703604459762573242e-01 -9.771498292684555054e-02 7.183613777160644531e-01 -1.573434472084045410e-01 3.091663122177124023e-01 -1.664614677429199219e-01 8.374436944723129272e-02 -3.502400517463684082e-01 -5.194795504212379456e-02 4.866051971912384033e-01 1.863886266946792603e-01 6.764426231384277344e-01 4.115298092365264893e-01 9.685172140598297119e-02 3.887670636177062988e-01 -3.145633935928344727e-01 1.154570356011390686e-01 3.923068344593048096e-01 1.456411182880401611e-01 -1.851907819509506226e-01 4.149055778980255127e-01 2.961981594562530518e-01
-9.834515303373336792e-02 -2.504878342151641846e-01 -5.805730447173118591e-02 -3.483624458312988281e-01 -2.800378799438476562e-01 -9.339623153209686279e-02 1.369768232107162476e-01 -4.038878977298736572e-01 1.125561147928237915e-01 1.807506680488586426e-01 2.448155879974365234e-01 -1.052800059318542480e+00 -3.040423393249511719e-01 6.242095679044723511e-02 -2.424752712249755859e-01 5.163058042526245117e-01 3.762346804141998291e-01 -1.063964366912841797e-01 -4.310418665409088135e-01 2.742315232753753662e-01 -2.042723596096038818e-01 4.671206176280975342e-01 -4.102311730384826660e-01 2.629482448101043701e-01 -5.690391063690185547e-01 2.407504767179489136e-01 -6.315531730651855469e-01 -4.287936091423034668e-01 -1.813313215970993042e-01 5.167715251445770264e-02 -4.245700538158416748e-01 -2.422462105751037598e-01 -7.570772767066955566e-01 -4.309835731983184814e-01 -2.440944612026214600e-01 1.345031261444091797e-01 -2.183415293693542480e-01 -1.332664638757705688e-01 3.661940991878509521e-01 2.104638665914535522e-01 -4.108638167381286621e-01 -2.754355967044830322e-01 -9.569602459669113159e-02 -3.369525307789444923e-03 -1.262995153665542603e-01 3.434678614139556885e-01 6.154763102531433105e-01 -3.768982291221618652e-01 5.644292235374450684e-01 4.543244242668151855e-01 2.321396172046661377e-01 2.634684741497039795e-01 5.561410263180732727e-02 5.464823842048645020e-01 3.580405712127685547e-01 1.939861327409744263e-01 1.935763955116271973e-01 1.222774013876914978e-01 -8.988515287637710571e-02 8.387836217880249023e-01 -2.959693670272827148e-01 -6.056853532791137695e-01 8.665415644645690918e-01 -2.474334388971328735e-01
1.523284167051315308e-01 -1.421688646078109741e-01 1.961323171854019165e-01 1.697542369365692139e-01 4.525635242462158203e-01 -1.599013358354568481e-01 6.262496709823608398e-01 -7.855456322431564331e-02 -6.725702285766601562e-01 -1.015429291874170303e-02 9.743490256369113922e-03 -5.213121771812438965e-01 -6.401678919792175293e-01 -1.342228800058364868e-01 -1.222518533468246460e-01 9.911456704139709473e-02 -2.659530192613601685e-02 1.904372423887252808e-01 -8.688889741897583008e-01 -1.804443001747131348e-01 5.892945528030395508e-01 5.082098245620727539e-01 9.287510812282562256e-02 -3.801607787609100342e-01 2.363117411732673645e-02 -2.364615499973297119e-01 -4.578878581523895264e-01 -2.926946431398391724e-02 1.300190389156341553e-01 -8.945781737565994263e-02 -2.634460926055908203e-01 1.661253869533538818e-01 -4.265737161040306091e-02 -6.640629768371582031e-01 -1.433499455451965332e-01 -3.314967155456542969e-01 1.460249125957489014e-01 -5.873268842697143555e-01 2.383611649274826050e-01 1.843634694814682007e-01 -6.034811735153198242e-01 -1.133479326963424683e-01 -3.074898123741149902e-01 4.883850812911987305e-01 1.940660029649734497e-01 -5.005611181259155273e-01 -4.047940671443939209e-01 4.956621825695037842e-01 9.191885590553283691e-02 5.391682386398315430e-01 -4.906837344169616699e-01 -1.574749499559402466e-01 -3.282692134380340576e-01 -1.378780752420425415e-01 3.584659695625305176e-01 2.751069962978363037e-01 8.855262994766235352e-01 -4.585220515727996826e-01 -8.521547913551330566e-01 4.567229449748992920e-01 -4.955514073371887207e-01 -7.506937980651855469e-01 -3.062009215354919434e-01 -3.850049376487731934e-01
8.800301551818847656e-01 -5.406681299209594727e-01 -3.015582263469696045e-01 -3.894236981868743896e-01 -1.224991455674171448e-01 -1.038792878389358521e-01 3.519718647003173828e-01 5.509243905544281006e-02 -1.348469704389572144e-01 -1.358265876770019531e-01 -1.426022499799728394e-01 -8.013709783554077148e-01 -2.200937271118164062e-01 -6.263394355773925781e-01 1.313435882329940796e-01 4.344739019870758057e-01 3.494025468826293945e-01 2.912568151950836182e-01 -1.951510906219482422e-01 2.935103885829448700e-02 3.738989830017089844e-01 3.081582784652709961e-01 5.267022848129272461e-01 -3.307252749800682068e-02 1.163289994001388550e-01 -2.220414429903030396e-01 -4.114173650741577148e-01 -4.591939151287078857e-01 1.924107223749160767e-01 -1.963912248611450195e-01 1.124746873974800110e-01 2.983815670013427734e-01 -8.010641336441040039e-01 -1.299824416637420654e-01 -4.706305265426635742e-01 -1.412612795829772949e-01 1.813510060310363770e-01 -2.851237058639526367e-01 1.332267671823501587e-01 9.618158340454101562e-01 5.581545457243919373e-02 -5.625274181365966797e-01 2.740156650543212891e-01 -7.158792018890380859e-01 5.158323049545288086e-01 2.319603115320205688e-01 8.288805484771728516e-01 -3.045359551906585693e-01 3.357324898242950439e-01 4.925687313079833984e-01 3.524501621723175049e-01 7.061448097229003906e-01 -4.254837930202484131e-01 4.330686926841735840e-01 5.249218344688415527e-01 3.567948043346405029e-01 4.337537884712219238e-01 2.442188709974288940e-01 4.786502942442893982e-02 5.928152799606323242e-01 5.002288222312927246e-01 -7.080845236778259277e-01 5.485148429870605469e-01 7.043744623661041260e-02
4.926820099353790283e-01 -6.055736541748046875e-01 -5.358230322599411011e-02 6.429429054260253906e-01 4.108533561229705811e-01 -2.980909943580627441e-01 3.367461264133453369e-01 -7.673358172178268433e-02 -1.023078799247741699e+00 4.076805338263511658e-02 6.348500847816467285e-01 4.823712706565856934e-01 1.797298043966293335e-01 -6.491287052631378174e-02 -2.416535913944244385e-01 2.764305174350738525e-01 -1.865344643592834473e-01 6.692028045654296875e-01 -1.979606598615646362e-01 1.188787937164306641e+00 -2.034837156534194946e-01 3.755768537521362305e-01 7.112689614295959473e-01 -7.205535769462585449e-01 -5.641123652458190918e-01 1.615611761808395386e-01 -1.586165130138397217e-01 -7.399499416351318359e-01 6.678802371025085449e-01 -1.655239015817642212e-01 1.097005367279052734e+00 7.989086508750915527e-01 -8.740993738174438477e-01 -6.806104183197021484e-01 -1.070454865694046021e-01 2.269618511199951172e-01 8.467903733253479004e-02 -2.461807280778884888e-01 3.444847166538238525e-01 6.931244730949401855e-01 -1.795942336320877075e-01 5.018412321805953979e-02 3.123486340045928955e-01 9.276950359344482422e-01 -6.185338273644447327e-02 -2.540393769741058350e-01 1.969464719295501709e-01 1.844324320554733276e-01 3.608745932579040527e-01 7.370500564575195312e-01 -4.344255477190017700e-02 6.159840822219848633e-01 5.737584829330444336e-02 2.475707381963729858e-01 1.771213412284851074e-01 1.962357908487319946e-01 6.875092983245849609e-01 -4.997275769710540771e-01 -3.404177427291870117e-01 4.798709973692893982e-02 -2.591319978237152100e-01 -6.222152113914489746e-01 4.238925278186798096e-01 1.175186261534690857e-01
