5.469793677330017090e-01 -4.194278642535209656e-02 5.646927356719970703e-01 -1.019075233489274979e-02 -2.311715036630630493e-01 -3.571747541427612305e-01 -5.981366038322448730e-01 5.674493312835693359e-01 -9.695969820022583008e-01 -1.019098162651062012e-01 7.505694627761840820e-01 1.066302210092544556e-01 3.747511506080627441e-01 -6.148785948753356934e-01 3.725106418132781982e-01 3.420828580856323242e-01 3.634769320487976074e-01 1.330413371324539185e-01 4.360903799533843994e-01 8.963171243667602539e-01 2.765507698059082031e-01 7.515603899955749512e-01 1.618590056896209717e-01 -7.966024279594421387e-01 1.899931877851486206e-01 4.967537224292755127e-01 1.431916505098342896e-01 -6.230673193931579590e-01 -4.566719233989715576e-01 7.738019526004791260e-02 -8.039949834346771240e-02 2.408517301082611084e-01 -3.083889484405517578e-01 7.129896432161331177e-02 -8.690148591995239258e-02 6.996210813522338867e-01 -2.494455724954605103e-01 5.066344738006591797e-01 2.674545049667358398e-01 2.173891365528106689e-01 -4.332647323608398438e-01 2.067721486091613770e-01 2.115145474672317505e-01 1.001475453376770020e+00 -1.158442348241806030e-01 -2.823141813278198242e-01 2.967081665992736816e-01 -1.487046778202056885e-01 7.261488586664199829e-02 1.068198382854461670e-01 5.896710753440856934e-01 1.868456453084945679e-01 5.392326712608337402e-01 -1.323740482330322266e-01 -9.133465588092803955e-02 2.796074151992797852e-01 -9.631564025767147541e-04 -7.927542328834533691e-01 2.837627008557319641e-02 3.597589135169982910e-01 -2.735093235969543457e-01 -3.444322943687438965e-01 -3.782343566417694092e-01 -5.960087105631828308e-02
4.146171510219573975e-01 8.322437852621078491e-02 6.454213857650756836e-01 4.549876749515533447e-01 -2.583871781826019287e-01 -7.626488804817199707e-01 2.384751439094543457e-01 -6.897311657667160034e-02 8.844970166683197021e-02 -7.197923660278320312e-01 5.172360539436340332e-01 -9.750250726938247681e-02 -5.694842934608459473e-01 -5.412818193435668945e-01 2.049473226070404053e-01 5.968643426895141602e-01 1.180252879858016968e-01 -4.690913856029510498e-01 6.509606838226318359e-01 5.557431578636169434e-01 -4.987847805023193359e-01 4.419564306735992432e-01 6.578996181488037109e-01 -2.885179817676544189e-01 7.253133058547973633e-01 -2.039472907781600952e-01 2.127272933721542358e-01 2.738415300846099854e-01 3.432101011276245117e-01 -3.317728042602539062e-01 2.815438210964202881e-01 5.860459208488464355e-01 -3.784963786602020264e-01 -1.438997238874435425e-01 -2.109988778829574585e-01 7.830489630578085780e-05 1.852625310420989990e-01 3.885750770568847656e-01 -1.715013831853866577e-01 -5.592719316482543945e-01 4.449048042297363281e-01 7.347080707550048828e-01 -3.987913429737091064e-01 -2.153649032115936279e-01 8.122822642326354980e-01 -6.678718328475952148e-01 4.013160169124603271e-01 3.147495537996292114e-02 3.785080090165138245e-02 5.753454566001892090e-01 1.605135947465896606e-02 -6.538593173027038574e-01 9.461914747953414917e-02 3.140229359269142151e-02 7.722151279449462891e-01 4.165758378803730011e-03 -3.369969427585601807e-01 -2.961624562740325928e-01 -4.511260986328125000e-01 -9.974952042102813721e-02 -2.074638307094573975e-01 -2.154045999050140381e-01 1.747870147228240967e-01 -3.242595195770263672e-01
6.850832700729370117e-01 -7.118254154920578003e-02 -7.616473436355590820e-01 -3.665858879685401917e-02 -2.670824527740478516e-01 -9.750419259071350098e-01 4.480880498886108398e-01 -2.147441655397415161e-01 -9.228491783142089844e-01 -4.515045285224914551e-01 -6.345610320568084717e-02 -3.314046561717987061e-01 -3.114109337329864502e-01 -9.086766839027404785e-01 -4.012774825096130371e-01 6.456515192985534668e-01 3.740866184234619141e-01 -6.992545127868652344e-01 9.233822822570800781e-01 3.339353203773498535e-01 1.110270261764526367e+00 -3.527178168296813965e-01 -1.596365869045257568e-01 -1.145244717597961426e+00 1.884896457195281982e-01 -1.874881424009799957e-02 -1.105750724673271179e-01 7.659788727760314941e-01 1.886423677206039429e-01 -1.301887445151805878e-03 -1.116872057318687439e-01 6.994931697845458984e-01 -4.534524381160736084e-01 -9.791966676712036133e-01 -4.964963346719741821e-02 3.004001080989837646e-01 -5.363163352012634277e-01 -2.308868989348411560e-02 -1.395788788795471191e-01 1.525917798280715942e-01 -4.605942219495773315e-02 2.604613900184631348e-01 -3.066682517528533936e-01 2.821713685989379883e-01 3.344345986843109131e-01 -2.583150863647460938e-01 -1.593345850706100464e-01 -9.692577123641967773e-01 9.838767647743225098e-01 -3.776445239782333374e-02 2.042585015296936035e-01 1.788629293441772461e-01 8.738136291503906250e-01 -3.994713425636291504e-01 -1.251406073570251465e-01 3.284827470779418945e-01 6.109933853149414062e-01 3.326464211568236351e-03 -5.908932089805603027e-01 5.235468745231628418e-01 3.601737916469573975e-01 3.605026602745056152e-01 2.872641086578369141e-01 2.653837203979492188e-01
4.884622395038604736e-01 -3.314871191978454590e-01 7.580342888832092285e-01 4.638325870037078857e-01 -5.642893314361572266e-01 -7.731802463531494141e-01 -1.744329333305358887e-01 -4.480937495827674866e-03 -3.150005266070365906e-02 -1.099703311920166016e-01 4.929209351539611816e-01 -3.844694793224334717e-01 -5.503623560070991516e-02 -4.602135121822357178e-01 -3.884857296943664551e-01 4.696975648403167725e-01 -6.122806072235107422e-01 -2.904098033905029297e-01 2.730839848518371582e-01 5.618677139282226562e-01 2.527697086334228516e-01 2.343159466981887817e-01 7.799659371376037598e-01 -4.043401777744293213e-01 7.659302949905395508e-01 4.307535886764526367e-01 -3.970337212085723877e-01 -8.004698157310485840e-01 5.026167631149291992e-01 -7.458841800689697266e-01 4.161722958087921143e-03 -4.058111906051635742e-01 1.155189946293830872e-01 -9.186329841613769531e-01 -6.011530160903930664e-01 -2.352494001388549805e-01 4.881454259157180786e-02 5.246520787477493286e-02 -4.090785682201385498e-01 -1.699890643358230591e-01 -3.993542492389678955e-01 -5.935900285840034485e-02 -2.213688194751739502e-01 -6.632589101791381836e-01 1.420669913291931152e+00 -2.409017682075500488e-01 5.927928090095520020e-01 -2.572885453701019287e-01 5.325210690498352051e-01 4.202799499034881592e-01 -2.995829582214355469e-01 -1.535983383655548096e-01 1.780456006526947021e-01 2.756834626197814941e-01 1.023470163345336914e+00 1.046186871826648712e-02 -1.461716089397668839e-02 -5.390987396240234375e-01 3.696602582931518555e-01 4.468457400798797607e-01 -4.717958569526672363e-01 -1.649815738201141357e-01 1.930320113897323608e-01 1.335475742816925049e-01
3.593482077121734619e-01 -5.869703292846679688e-01 6.812116503715515137e-02 -1.351567171514034271e-02 -2.201910167932510376e-01 -4.702430367469787598e-01 -2.387457191944122314e-01 -2.261217087507247925e-01 1.781711578369140625e-01 -9.235928654670715332e-01 5.314163565635681152e-01 -7.035560905933380127e-02 -1.418798714876174927e-01 1.823755651712417603e-01 3.261508047580718994e-01 3.443235158920288086e-01 -6.107293441891670227e-02 -4.359664618968963623e-01 4.568113386631011963e-01 3.816866576671600342e-01 8.103670924901962280e-02 4.925585985183715820e-01 4.784609675407409668e-01 -3.370006680488586426e-01 1.991742551326751709e-01 3.603824675083160400e-01 1.841056644916534424e-01 4.987638890743255615e-01 -1.345294117927551270e-01 5.054722726345062256e-02 4.515251815319061279e-01 -4.055387526750564575e-02 2.869003117084503174e-01 -3.849277496337890625e-01 -7.595913112163543701e-02 -2.605722844600677490e-01 -9.021892398595809937e-02 2.681901752948760986e-01 -4.837407767772674561e-01 -2.097432017326354980e-01 2.996597290039062500e-01 -8.660297095775604248e-02 -3.583996891975402832e-01 -6.542637944221496582e-02 5.531897544860839844e-01 -9.427958726882934570e-01 6.509645581245422363e-01 -2.324194461107254028e-01 5.229921936988830566e-01 1.153436779975891113e+00 -2.815176546573638916e-01 -5.194126367568969727e-01 1.102584376931190491e-01 3.428558707237243652e-01 7.936683297157287598e-01 -3.651036918163299561e-01 -2.844785153865814209e-01 -2.357078343629837036e-01 -2.928011417388916016e-01 1.177687570452690125e-01 -6.846781969070434570e-01 -7.542468607425689697e-02 1.105470582842826843e-01 2.491894066333770752e-01
1.093866109848022461e+00 -4.936684370040893555e-01 8.362016081809997559e-01 6.615829467773437500e-01 -6.591656208038330078e-01 -3.175392746925354004e-01 3.355739712715148926e-01 -4.544750452041625977e-01 5.760368704795837402e-02 -1.308246731758117676e+00 5.687408447265625000e-01 -1.239984154701232910e+00 2.676858901977539062e-01 -1.067856073379516602e+00 3.423738181591033936e-01 9.836408495903015137e-01 1.865986138582229614e-01 -1.043835952877998352e-01 1.876499056816101074e-01 1.634723544120788574e-01 5.993912220001220703e-01 9.187653064727783203e-01 5.093122720718383789e-01 -4.223265871405601501e-02 5.640887022018432617e-01 8.034024238586425781e-01 6.845719814300537109e-01 8.384388685226440430e-01 7.132196426391601562e-01 -4.989174902439117432e-01 -3.946650326251983643e-01 4.982689917087554932e-01 4.744889736175537109e-01 -1.077098488807678223e+00 -1.580856680870056152e+00 4.856852889060974121e-01 5.193548798561096191e-01 -1.906983554363250732e-01 5.958294272422790527e-01 -6.723453849554061890e-02 -1.378436386585235596e-01 1.448664367198944092e-01 -1.589743942022323608e-01 -1.668391674757003784e-01 6.175977587699890137e-01 -1.913805603981018066e-01 3.140997886657714844e-01 -1.097604513168334961e+00 6.734092831611633301e-01 -2.366884648799896240e-01 4.898791909217834473e-01 5.559953451156616211e-01 8.977208286523818970e-02 -2.278247475624084473e-01 -8.390718102455139160e-01 -2.375667244195938110e-01 5.972065925598144531e-01 -5.422298908233642578e-01 -1.009123563766479492e+00 4.303483068943023682e-01 -2.201170623302459717e-01 4.244494736194610596e-01 -1.539039760828018188e-01 2.745345830917358398e-01
6.227067708969116211e-01 -1.490620803087949753e-02 6.393550634384155273e-01 1.997187435626983643e-01 -3.233353793621063232e-01 -9.038474559783935547e-01 -4.237110912799835205e-02 -2.001962065696716309e-01 -4.060305953025817871e-01 -3.768878579139709473e-01 4.409931302070617676e-01 -7.347485423088073730e-01 -2.474127709865570068e-01 1.494486778974533081e-01 -3.241419792175292969e-01 -1.937440335750579834e-01 1.555482745170593262e-01 -1.994877457618713379e-01 -4.956688880920410156e-01 1.627014130353927612e-01 4.167451560497283936e-01 9.278121590614318848e-01 2.310063876211643219e-02 -1.819079518318176270e-01 -8.206912279129028320e-01 3.537942767143249512e-01 -6.103717163205146790e-02 5.684931278228759766e-01 3.369238972663879395e-01 -4.265460073947906494e-01 2.539466619491577148e-01 4.036206007003784180e-01 -7.765751481056213379e-01 -2.331211417913436890e-01 -4.843558073043823242e-01 -6.058831214904785156e-01 7.833185791969299316e-01 3.027361333370208740e-01 3.085142076015472412e-01 3.361488878726959229e-01 5.647035688161849976e-02 6.290208101272583008e-01 -4.313840568065643311e-01 1.658787950873374939e-02 7.895943522453308105e-01 1.816206276416778564e-01 1.308074295520782471e-01 1.921512633562088013e-01 5.904914140701293945e-01 1.133988022804260254e+00 -3.344049155712127686e-01 4.423896670341491699e-01 8.572560548782348633e-01 2.082893401384353638e-01 -3.005091249942779541e-01 1.231711432337760925e-01 -2.866442799568176270e-01 -8.621302247047424316e-02 -1.203767657279968262e-01 8.800674080848693848e-01 -4.527569711208343506e-01 3.592047840356826782e-02 -4.249621927738189697e-01 1.821645945310592651e-01
6.699959635734558105e-01 4.461540579795837402e-01 7.676395177841186523e-01 2.513040304183959961e-01 -6.366542577743530273e-01 -7.196474075317382812e-02 2.246615476906299591e-02 6.724822521209716797e-01 -5.718877911567687988e-01 2.350652664899826050e-01 3.979600667953491211e-01 -4.114035665988922119e-01 1.981392353773117065e-01 -5.420095324516296387e-01 6.388323307037353516e-01 1.169493317604064941e+00 2.968700528144836426e-01 -2.955192923545837402e-01 -7.539525628089904785e-02 9.949436783790588379e-01 9.944091737270355225e-02 9.239823222160339355e-01 1.092639207839965820e+00 -3.147125542163848877e-01 -6.870704889297485352e-02 1.822299063205718994e-01 -1.338894814252853394e-01 -4.972425997257232666e-01 -9.547289460897445679e-02 1.020994409918785095e-01 1.723852008581161499e-01 4.858048260211944580e-01 1.964525729417800903e-01 -4.493597447872161865e-01 -5.928145647048950195e-01 3.261752426624298096e-01 -6.868125498294830322e-02 6.891916692256927490e-02 -1.416040658950805664e-01 2.918840944766998291e-01 -6.318891048431396484e-01 4.938353598117828369e-02 -2.691452205181121826e-01 4.841334223747253418e-01 6.461865901947021484e-01 1.834669858217239380e-01 6.567464470863342285e-01 4.669174551963806152e-01 2.090405821800231934e-01 2.651688754558563232e-01 3.208241164684295654e-01 -4.993635118007659912e-01 3.093787431716918945e-01 -6.743060350418090820e-01 6.226885691285133362e-02 -9.463526308536529541e-02 8.607252687215805054e-02 -3.793231546878814697e-01 -6.533202528953552246e-02 3.103865087032318115e-01 -3.726748824119567871e-01 -1.914496421813964844e-01 3.633694052696228027e-01 5.323092937469482422e-01
3.856189846992492676e-01 -6.867678165435791016e-01 4.779443740844726562e-01 3.914831578731536865e-01 -6.003988981246948242e-01 -5.652235746383666992e-01 -1.445706784725189209e-01 -4.499088227748870850e-01 -2.760501205921173096e-01 -4.457879364490509033e-01 3.041776716709136963e-01 -6.616719961166381836e-01 -3.615375980734825134e-02 -2.752862572669982910e-01 4.029654860496520996e-01 1.321426331996917725e-01 2.214600592851638794e-01 4.840633273124694824e-02 1.065690398216247559e+00 7.118455171585083008e-01 -1.766305118799209595e-01 6.837454438209533691e-01 -3.711297735571861267e-02 -1.530918329954147339e-01 3.949597850441932678e-02 -4.322088956832885742e-01 -5.914132595062255859e-01 1.657214313745498657e-01 -4.138994812965393066e-01 -1.788669824600219727e-01 -6.138731539249420166e-02 5.638239979743957520e-01 -2.993510663509368896e-01 -1.682635098695755005e-01 2.011149078607559204e-01 -8.483558148145675659e-02 6.104199290275573730e-01 8.127307891845703125e-01 -3.737408220767974854e-01 -5.379646420478820801e-01 4.027282353490591049e-03 3.635913133621215820e-01 3.212319314479827881e-02 1.899182349443435669e-01 5.247923135757446289e-01 -3.349454104900360107e-01 -5.403117537498474121e-01 -2.173739075660705566e-01 5.116310715675354004e-01 1.038595080375671387e+00 1.571091823279857635e-02 -5.585833191871643066e-01 -2.944666333496570587e-02 -3.307691812515258789e-01 9.081525802612304688e-01 -5.293994545936584473e-01 -3.919608891010284424e-01 -1.258704364299774170e-01 -3.576931953430175781e-01 -1.653477549552917480e-01 -8.528426289558410645e-01 2.544087171554565430e-01 5.258623510599136353e-02 -8.043810725212097168e-02
-3.287004679441452026e-02 1.180521696805953979e-01 -8.348021507263183594e-01 3.524215817451477051e-01 -3.231278657913208008e-01 -4.073240458965301514e-01 1.647715270519256592e-01 4.054273292422294617e-02 -1.056411147117614746e+00 -7.299792170524597168e-01 6.449155807495117188e-01 -1.225809454917907715e+00 1.737588793039321899e-01 -6.476535797119140625e-01 2.180321365594863892e-01 7.374463677406311035e-01 -4.585494101047515869e-01 -7.518190741539001465e-01 1.283411830663681030e-01 8.069614768028259277e-01 4.084477126598358154e-01 1.363803982734680176e+00 2.473641335964202881e-01 -3.397095501422882080e-01 2.388864904642105103e-01 -2.714530564844608307e-02 -6.112453341484069824e-01 1.287513077259063721e-01 9.881406426429748535e-01 -2.583141922950744629e-01 -4.798821806907653809e-01 1.217639684677124023e+00 -2.749051451683044434e-01 1.820443421602249146e-01 -1.673730373382568359e+00 -3.393198251724243164e-01 7.358297705650329590e-01 -4.205309450626373291e-01 4.730208590626716614e-02 3.388124108314514160e-01 5.179288387298583984e-01 -5.886182934045791626e-02 7.818338871002197266e-01 6.193468570709228516e-01 1.252194285392761230e+00 -3.883610665798187256e-01 -7.135955691337585449e-01 -1.078751683235168457e+00 2.979717254638671875e-01 2.419567480683326721e-02 6.318922638893127441e-01 3.572697192430496216e-02 -1.751060038805007935e-01 4.597219824790954590e-01 2.046985775232315063e-01 -2.335159182548522949e-01 -7.130808234214782715e-01 -6.316969990730285645e-01 -3.027355968952178955e-01 1.124040246009826660e+00 -2.785183489322662354e-01 2.736407220363616943e-01 1.152254939079284668e-01 1.332350075244903564e-01
-8.853293955326080322e-02 7.989400625228881836e-01 1.156504079699516296e-01 -3.359528779983520508e-01 2.150549590587615967e-01 -3.330425173044204712e-02 -5.042626857757568359e-01 4.778000712394714355e-01 -8.742002844810485840e-01 1.615455597639083862e-01 4.661018028855323792e-02 -9.972357153892517090e-01 1.837551444768905640e-01 -3.551361858844757080e-01 5.987258553504943848e-01 3.566836714744567871e-01 -4.020155668258666992e-01 1.514384448528289795e-01 4.613046050071716309e-01 5.988332033157348633e-01 4.696116447448730469e-01 1.042671561241149902e+00 3.322855010628700256e-02 -7.127120494842529297e-01 2.756186425685882568e-01 3.447857797145843506e-01 -2.696006000041961670e-01 -6.273083090782165527e-01 -2.130219191312789917e-01 2.076611816883087158e-01 -2.477887570858001709e-01 4.836279153823852539e-01 -3.399057686328887939e-02 -4.187902808189392090e-01 -1.160403966903686523e+00 -1.821630746126174927e-01 -4.932830333709716797e-01 -9.203407913446426392e-02 2.066065669059753418e-01 -3.421187102794647217e-01 -4.298705458641052246e-01 3.699801266193389893e-01 -2.421164363622665405e-01 5.897361636161804199e-01 3.432424366474151611e-01 -1.731316894292831421e-01 5.421227961778640747e-02 -5.019276142120361328e-01 -9.883441776037216187e-02 3.251873254776000977e-01 3.889326155185699463e-01 9.331201761960983276e-02 -8.632691577076911926e-03 -5.870016813278198242e-01 2.326376438140869141e-01 -8.766991086304187775e-03 -1.388501673936843872e-01 -1.286483883857727051e+00 -4.469575285911560059e-01 4.376364648342132568e-01 -4.876154661178588867e-01 3.890515565872192383e-01 -5.834827199578285217e-02 1.774636358022689819e-01
1.092827469110488892e-01 5.717376470565795898e-01 7.448284029960632324e-01 2.280742079019546509e-01 -4.081869125366210938e-01 -6.710543036460876465e-01 -9.009858593344688416e-03 -2.260286360979080200e-01 -7.430889606475830078e-01 -9.032319188117980957e-01 8.225807547569274902e-01 -2.611771821975708008e-01 -4.876407980918884277e-01 -7.978521585464477539e-01 3.709439337253570557e-01 1.134310364723205566e-01 5.721235275268554688e-01 -3.618635535240173340e-01 5.056506991386413574e-01 1.062776207923889160e+00 3.328932225704193115e-01 1.145823299884796143e-01 3.373974263668060303e-01 4.248227775096893311e-01 1.665467917919158936e-01 -3.140462189912796021e-02 -3.340651094913482666e-02 -2.063810080289840698e-01 1.455695033073425293e-01 8.514828979969024658e-02 -3.823678195476531982e-01 8.351525068283081055e-01 1.186399608850479126e-01 1.863197088241577148e-01 -2.498184293508529663e-01 -5.591604709625244141e-01 -5.173432826995849609e-01 7.287145256996154785e-01 1.844940334558486938e-01 7.504880428314208984e-02 5.089453235268592834e-02 -2.304266989231109619e-01 2.382548749446868896e-01 1.362121999263763428e-01 2.185339033603668213e-01 -7.227141857147216797e-01 6.494638323783874512e-02 -2.131238579750061035e-01 4.140333533287048340e-01 -5.375121831893920898e-01 -2.075648307800292969e-02 2.839024662971496582e-01 1.327260613441467285e+00 -5.045633316040039062e-01 -1.094852536916732788e-01 -2.807326614856719971e-01 4.927854537963867188e-01 -3.322474062442779541e-01 -2.483378052711486816e-01 -2.250041365623474121e-01 -1.798043251037597656e-01 -1.409274637699127197e-01 3.555907011032104492e-01 -7.496832013130187988e-01
2.854756116867065430e-01 -7.976477146148681641e-01 1.604806748218834400e-03 -7.942196726799011230e-02 -6.458215415477752686e-02 -1.064335823059082031e+00 -5.428121685981750488e-01 -5.615543201565742493e-02 -4.531222879886627197e-01 -8.020123243331909180e-01 -3.110324740409851074e-01 -9.270598888397216797e-01 -2.516300678253173828e-01 -3.298817873001098633e-01 1.332023441791534424e-01 -1.609976887702941895e-01 -8.499632477760314941e-01 -2.065051943063735962e-01 3.945883810520172119e-01 9.344069659709930420e-02 1.422129571437835693e-01 9.992548823356628418e-01 -2.895136773586273193e-01 1.987480930984020233e-02 -4.539502859115600586e-01 6.630488634109497070e-01 5.295672267675399780e-02 -2.994383275508880615e-01 3.220190107822418213e-01 1.511195749044418335e-01 -7.886090278625488281e-01 4.135939478874206543e-01 -3.763995468616485596e-01 2.560224831104278564e-01 -7.044782638549804688e-01 -4.879541993141174316e-01 7.398722171783447266e-01 -5.037821531295776367e-01 -2.730355598032474518e-02 -1.144353896379470825e-01 -3.021164536476135254e-01 6.867799907922744751e-02 -3.749744892120361328e-01 3.917671144008636475e-01 1.095159888267517090e+00 -3.209423646330833435e-02 2.016890645027160645e-01 -6.105265021324157715e-01 7.895770668983459473e-01 5.991565585136413574e-01 -2.994709908962249756e-01 -4.389082491397857666e-01 2.230002433061599731e-01 -5.140661001205444336e-01 2.792911529541015625e-01 -2.503277659416198730e-01 -1.388119757175445557e-01 -5.445924401283264160e-01 -1.536439806222915649e-01 9.113079309463500977e-01 -1.723242253065109253e-01 -3.832983374595642090e-01 4.506304860115051270e-01 -2.537299990653991699e-01
2.791335284709930420e-01 1.418515592813491821e-01 4.511926174163818359e-01 -3.923071324825286865e-01 4.123209789395332336e-02 -7.514795064926147461e-01 -3.137490451335906982e-01 6.913470476865768433e-02 8.176832646131515503e-02 -3.783184587955474854e-01 -5.788782611489295959e-02 -1.148728609085083008e+00 -5.309646725654602051e-01 2.012767493724822998e-01 -9.952814131975173950e-02 -1.976759731769561768e-01 -3.473367393016815186e-01 -4.412629008293151855e-01 -1.170996427536010742e-01 5.376749038696289062e-01 -7.619693875312805176e-02 5.384638905525207520e-01 2.305664122104644775e-01 -3.072869479656219482e-01 -2.866357266902923584e-01 4.431430995464324951e-01 -1.774444431066513062e-01 3.729356452822685242e-02 -1.619576066732406616e-01 -4.178819954395294189e-01 6.074002385139465332e-02 1.921411976218223572e-02 -4.438403844833374023e-01 -4.383423328399658203e-01 -2.092531621456146240e-01 -3.223690390586853027e-01 2.256382256746292114e-01 -7.266782969236373901e-02 4.498181045055389404e-01 -2.042896449565887451e-01 -9.016259759664535522e-02 2.986305952072143555e-01 -3.639263510704040527e-01 3.505145609378814697e-01 1.102341890335083008e+00 -1.868090964853763580e-02 7.933531701564788818e-02 -7.036421298980712891e-01 1.149583235383033752e-01 6.937819719314575195e-01 -6.950863599777221680e-01 -2.752955853939056396e-01 2.973825633525848389e-01 5.293250679969787598e-01 5.255286097526550293e-01 -1.308433618396520615e-02 -5.999454855918884277e-01 -4.315368831157684326e-02 -3.456182181835174561e-01 4.036903083324432373e-01 1.331885904073715210e-01 -1.571689844131469727e-01 5.826334357261657715e-01 3.796974420547485352e-01
3.473614454269409180e-01 -6.347683072090148926e-01 3.425954580307006836e-01 4.975701868534088135e-02 -5.474960207939147949e-01 3.735923767089843750e-02 -7.798422127962112427e-02 5.638039112091064453e-01 -1.938007354736328125e+00 -1.934192776679992676e-01 5.432944297790527344e-01 -1.901826024055480957e+00 -2.780286781489849091e-02 -9.737125635147094727e-01 -3.196000158786773682e-01 1.982996612787246704e-01 -1.846608221530914307e-01 -6.932063102722167969e-01 5.462687015533447266e-01 4.752836823463439941e-01 4.676757380366325378e-02 3.786993026733398438e-01 7.006163001060485840e-01 -1.318556785583496094e+00 9.529408216476440430e-01 -4.702816307544708252e-01 -2.705821394920349121e-02 9.073373675346374512e-01 6.625844240188598633e-01 -3.562441170215606689e-01 -3.443621397018432617e-01 5.240504443645477295e-02 -2.139402329921722412e-01 -6.622874140739440918e-01 -7.230919599533081055e-01 -7.678009867668151855e-01 5.807335376739501953e-01 1.824778169393539429e-01 -3.900496661663055420e-01 5.937667191028594971e-02 -1.877758949995040894e-01 -4.070453345775604248e-01 2.227276265621185303e-01 -2.425443232059478760e-01 8.267889022827148438e-01 -4.207774996757507324e-01 -9.336173534393310547e-01 1.027012541890144348e-01 1.255271285772323608e-01 6.710825562477111816e-01 6.843569874763488770e-01 5.205042958259582520e-01 2.892892360687255859e-01 -2.899130433797836304e-02 -6.447453498840332031e-01 -4.789310097694396973e-01 1.746350377798080444e-01 -7.121776938438415527e-01 1.770663708448410034e-01 4.006147384643554688e-01 -9.747878462076187134e-02 -3.786891698837280273e-01 -7.192143201828002930e-01 -3.831961154937744141e-01
-2.127607762813568115e-01 8.654543012380599976e-02 -4.585056900978088379e-01 -1.061143800616264343e-01 1.614048182964324951e-01 2.760352492332458496e-01 -1.393529623746871948e-01 -9.448880702257156372e-02 -4.579693377017974854e-01 -1.066669076681137085e-01 8.400341868400573730e-01 -5.339554548263549805e-01 -3.873917162418365479e-01 -6.675035953521728516e-01 -1.483934223651885986e-01 1.045337691903114319e-01 2.261277884244918823e-01 5.786911845207214355e-01 1.197417359799146652e-02 1.120707750320434570e+00 9.574692845344543457e-01 -4.060741364955902100e-01 1.250921748578548431e-02 -2.239816263318061829e-02 2.554947137832641602e-01 1.225991696119308472e-01 -5.497380495071411133e-01 2.903806269168853760e-01 1.235478967428207397e-01 -7.880094051361083984e-01 1.742235012352466583e-02 7.986529171466827393e-02 -7.072104811668395996e-01 3.256803750991821289e-01 -3.291951417922973633e-01 -1.595288664102554321e-01 -1.552457064390182495e-01 2.017596811056137085e-01 -7.496392726898193359e-02 -3.824776709079742432e-01 -3.227168917655944824e-01 2.704799175262451172e-01 -4.874482750892639160e-01 5.811523795127868652e-01 5.698752403259277344e-01 -4.588812589645385742e-01 5.252615809440612793e-01 -9.989835619926452637e-01 6.075381636619567871e-01 1.579310297966003418e-01 -4.347740113735198975e-01 -1.039031371474266052e-01 5.464903116226196289e-01 7.070093601942062378e-02 -4.210945069789886475e-01 -6.463097333908081055e-01 1.193820089101791382e-01 4.601461067795753479e-02 -5.226818323135375977e-01 4.085493739694356918e-03 -4.048658311367034912e-01 -1.934934854507446289e-01 -3.015043735504150391e-01 -1.230040550231933594e+00
5.736773014068603516e-01 3.879762589931488037e-01 2.619375288486480713e-01 4.690964818000793457e-01 -2.581874430179595947e-01 -9.371342658996582031e-01 6.111939549446105957e-01 -2.815306782722473145e-01 -1.159128665924072266e+00 -6.917178034782409668e-01 1.845231801271438599e-01 -6.835337877273559570e-01 -8.301289677619934082e-01 -1.174571588635444641e-01 7.989842891693115234e-01 6.273939460515975952e-02 6.193427443504333496e-01 5.150521397590637207e-01 1.233910322189331055e-01 8.026162981986999512e-01 5.926124453544616699e-01 5.611847639083862305e-01 4.399963319301605225e-01 -1.418307572603225708e-01 -3.071669638156890869e-01 -2.622678875923156738e-01 9.797007590532302856e-02 -1.170603372156620026e-02 -8.692584633827209473e-01 -4.220145344734191895e-01 4.691395759582519531e-01 6.689928174018859863e-01 3.362827599048614502e-01 -9.239680171012878418e-01 -4.422942101955413818e-01 -5.418336987495422363e-01 4.637144505977630615e-01 7.135543823242187500e-01 3.545917868614196777e-01 3.304093182086944580e-01 -2.301794588565826416e-01 2.986845672130584717e-01 -6.819935441017150879e-01 -4.454765841364860535e-02 6.187236309051513672e-01 -4.499973654747009277e-01 -1.622501164674758911e-01 4.782795011997222900e-01 2.113856077194213867e-01 3.912658095359802246e-01 1.001958250999450684e-01 7.518009096384048462e-02 9.258297085762023926e-01 5.133280158042907715e-01 -3.556492626667022705e-01 -4.734418094158172607e-01 -2.848482728004455566e-01 -8.534024357795715332e-01 1.059926152229309082e-01 -1.669512875378131866e-02 -6.594073772430419922e-01 2.195480316877365112e-01 7.317914366722106934e-01 -6.024396046996116638e-02
8.847190737724304199e-01 1.776927262544631958e-01 9.097592234611511230e-01 -6.254848837852478027e-01 4.009532332420349121e-01 -3.765825629234313965e-01 -1.656398475170135498e-01 3.201202750205993652e-01 -5.771934986114501953e-01 -2.945343255996704102e-01 9.578803777694702148e-01 -1.116215229034423828e+00 1.075559377670288086e+00 -4.425104558467864990e-01 1.065857887268066406e+00 1.662112921476364136e-01 4.376359283924102783e-01 -4.679601192474365234e-01 4.249983131885528564e-01 4.993926286697387695e-01 8.954466581344604492e-01 1.007736563682556152e+00 6.227194666862487793e-01 -4.242049753665924072e-01 4.314666390419006348e-01 5.572259426116943359e-01 3.520596921443939209e-01 -3.061743676662445068e-01 2.046356797218322754e-01 -2.255932241678237915e-02 -6.235974431037902832e-01 2.338128387928009033e-01 4.752277135848999023e-01 -1.123677119612693787e-01 -6.021839380264282227e-01 -6.049425601959228516e-01 -3.289794623851776123e-01 5.111913681030273438e-01 -7.228214144706726074e-01 3.569003939628601074e-02 1.012696027755737305e-01 9.342438727617263794e-02 4.713981747627258301e-01 6.113023757934570312e-01 2.567664384841918945e-01 -4.729017615318298340e-02 -2.535311281681060791e-01 4.602823406457901001e-02 8.573449850082397461e-01 -1.100289449095726013e-02 1.304264068603515625e-01 5.388283133506774902e-01 3.799890577793121338e-01 -7.337844967842102051e-01 -6.472139954566955566e-01 2.030161023139953613e-01 1.918845772743225098e-01 -4.575516879558563232e-01 -3.671531081199645996e-01 9.326496720314025879e-02 -9.741378575563430786e-02 7.503451406955718994e-02 8.946754038333892822e-03 -3.400546312332153320e-01
3.518616557121276855e-01 8.400556445121765137e-02 6.097365617752075195e-01 -1.167443245649337769e-01 -3.002471923828125000e-01 -3.448120057582855225e-01 -5.449043512344360352e-01 6.147347092628479004e-01 -8.146722316741943359e-01 -3.640570640563964844e-01 6.346343755722045898e-01 2.744562923908233643e-01 4.809559583663940430e-01 -4.734898805618286133e-01 4.414944052696228027e-01 2.352541685104370117e-01 3.198622465133666992e-01 3.134243786334991455e-01 5.868664979934692383e-01 8.774173259735107422e-01 1.836867630481719971e-01 7.715623378753662109e-01 1.149246171116828918e-01 -8.269966244697570801e-01 1.157596111297607422e-01 4.690924584865570068e-01 2.345233559608459473e-01 -3.735393583774566650e-01 -3.048085272312164307e-01 1.475215852260589600e-01 3.740268945693969727e-02 4.782370626926422119e-01 3.609602525830268860e-02 -3.484251350164413452e-02 -1.422156840562820435e-01 5.808592438697814941e-01 -2.120254486799240112e-01 5.091417431831359863e-01 1.714911758899688721e-01 1.332944780588150024e-01 -6.295809149742126465e-01 4.858253300189971924e-01 -6.747266650199890137e-02 8.668375015258789062e-01 -2.005854099988937378e-01 -2.530331909656524658e-02 2.904019355773925781e-01 -1.036916896700859070e-01 2.043230086565017700e-01 -1.705753616988658905e-02 7.533488869667053223e-01 2.801482379436492920e-02 6.507205963134765625e-01 -6.874106079339981079e-02 -1.817718297243118286e-01 -6.389449536800384521e-02 1.236878484487533569e-01 -7.409557104110717773e-01 -8.195227384567260742e-02 2.444844096899032593e-01 -4.513243734836578369e-01 -2.660726308822631836e-01 -2.148999422788619995e-01 -7.619145512580871582e-02
9.423514008522033691e-01 -3.748085200786590576e-01 3.576028645038604736e-01 -6.583634018898010254e-02 -3.897235393524169922e-01 -5.639169812202453613e-01 -8.341034501791000366e-02 -3.987860679626464844e-01 -2.073235660791397095e-01 -6.095365285873413086e-01 6.926832795143127441e-01 -3.384400010108947754e-01 -3.337771296501159668e-01 9.086118638515472412e-02 1.906048804521560669e-01 2.578763961791992188e-01 -6.101852655410766602e-01 5.323401466012001038e-02 5.904569029808044434e-01 6.995121240615844727e-01 -1.716779172420501709e-01 3.195682764053344727e-01 6.272405982017517090e-01 2.387642711400985718e-01 -4.867569804191589355e-01 9.066346883773803711e-01 -5.634499788284301758e-01 3.192292153835296631e-01 -4.019236862659454346e-01 1.112398803234100342e-01 6.051856279373168945e-01 6.202395632863044739e-02 -2.577869454398751259e-03 -6.620833277702331543e-01 -3.519038259983062744e-01 -5.243442654609680176e-01 4.404008090496063232e-01 5.381436944007873535e-01 -1.558911800384521484e-01 -4.877577722072601318e-01 -1.727324128150939941e-01 1.834649443626403809e-01 -7.496747374534606934e-02 -1.931197047233581543e-01 9.093436598777770996e-02 -7.540324926376342773e-01 -3.578707277774810791e-01 1.121192947030067444e-01 2.267169505357742310e-01 3.831429481506347656e-01 8.106141537427902222e-02 -4.612568616867065430e-01 1.933108866214752197e-01 -1.286228299140930176e-01 9.070214033126831055e-01 5.152891948819160461e-02 4.042162001132965088e-01 -2.541582286357879639e-01 -2.459860146045684814e-01 -3.916583955287933350e-02 -8.714120388031005859e-01 1.543032936751842499e-03 -3.195906579494476318e-01 -2.594659030437469482e-01
1.006954014301300049e-01 -2.268204838037490845e-01 2.624907195568084717e-01 8.382280915975570679e-02 2.299950718879699707e-01 -7.496722936630249023e-01 -2.977617271244525909e-02 3.143934905529022217e-01 -3.299801051616668701e-01 -1.021100655198097229e-01 -8.731674402952194214e-02 -6.640458703041076660e-01 -4.784430935978889465e-02 3.337264955043792725e-01 -1.357095539569854736e-01 5.397219657897949219e-01 -1.049639463424682617e+00 1.495667994022369385e-01 -2.413912415504455566e-01 -1.756308376789093018e-01 5.316803455352783203e-01 1.179101943969726562e+00 1.183107048273086548e-01 -2.975083589553833008e-01 -1.004032716155052185e-01 5.141170024871826172e-01 -4.810580238699913025e-02 -5.197248458862304688e-01 1.450676172971725464e-01 1.401204168796539307e-01 2.556299567222595215e-01 5.312143564224243164e-01 1.918185502290725708e-01 -1.584673076868057251e-01 -5.711511969566345215e-01 1.510722637176513672e-01 -5.649341940879821777e-01 1.229081824421882629e-01 -3.175034523010253906e-01 -2.326769381761550903e-01 -4.576672613620758057e-01 -1.776366382837295532e-01 -4.408114254474639893e-01 2.140673696994781494e-01 1.074678301811218262e+00 -1.782532595098018646e-02 -5.082482099533081055e-01 -8.616347312927246094e-01 6.891499757766723633e-01 8.540897965431213379e-01 -1.652993857860565186e-01 1.497005224227905273e-01 3.201303482055664062e-01 -7.085303962230682373e-02 8.895354717969894409e-02 -1.016596704721450806e-01 -8.394146561622619629e-01 -8.448469042778015137e-01 -3.797701299190521240e-01 -2.240942716598510742e-01 -1.223012357950210571e-01 -3.751457631587982178e-01 -1.892113834619522095e-01 -2.457401305437088013e-01
6.130048632621765137e-01 -3.342942595481872559e-01 8.537484407424926758e-01 1.406030356884002686e-01 8.390846103429794312e-02 -1.042321801185607910e+00 -5.486346483230590820e-01 -6.609429717063903809e-01 -3.153612315654754639e-01 2.354683727025985718e-01 9.218435883522033691e-01 -6.610643267631530762e-01 -8.164816498756408691e-01 -6.942129135131835938e-01 1.216801926493644714e-01 -2.085573822259902954e-01 3.470621109008789062e-01 -3.432372212409973145e-01 3.348443210124969482e-01 4.905690625309944153e-02 1.171376824378967285e+00 9.992121458053588867e-01 -1.195216700434684753e-01 -5.646342635154724121e-01 -2.984977066516876221e-01 -2.487456891685724258e-03 1.692877262830734253e-01 8.445066213607788086e-01 2.540146708488464355e-01 2.278347499668598175e-02 -8.087632060050964355e-02 5.554214119911193848e-01 4.879463911056518555e-01 -3.602244853973388672e-01 -7.684131860733032227e-01 -2.743723094463348389e-01 2.647592723369598389e-01 -2.434235215187072754e-01 -1.537330895662307739e-01 -6.614671945571899414e-01 3.043414950370788574e-01 5.444228649139404297e-01 -4.029607474803924561e-01 2.634410858154296875e-01 1.106679916381835938e+00 -7.016289234161376953e-01 -3.895459175109863281e-01 4.919740557670593262e-01 7.777216434478759766e-01 4.007816910743713379e-01 6.358267068862915039e-01 -9.757978916168212891e-01 6.472228169441223145e-01 2.750447392463684082e-01 -4.377110600471496582e-01 4.230358004570007324e-01 1.036542579531669617e-01 -3.269601762294769287e-01 3.466185629367828369e-01 6.451202630996704102e-01 -8.576538413763046265e-02 5.506490916013717651e-02 1.946594119071960449e-01 2.485404461622238159e-01
4.235562682151794434e-01 -1.766358911991119385e-01 -2.260996252298355103e-01 -1.819912046194076538e-01 -1.122090443968772888e-01 -1.095979094505310059e+00 -6.380218863487243652e-01 6.793478131294250488e-01 8.894536644220352173e-02 -7.331874966621398926e-01 4.769083112478256226e-03 -4.409213662147521973e-01 -4.348969757556915283e-01 -4.858359098434448242e-01 1.012623980641365051e-01 1.534345299005508423e-01 -2.758060023188591003e-02 -4.136652946472167969e-01 2.758030295372009277e-01 5.258523225784301758e-01 -1.027639955282211304e-01 1.487455070018768311e-01 -7.821301370859146118e-02 -1.667996495962142944e-02 1.814220845699310303e-01 4.569279849529266357e-01 5.926528945565223694e-03 -6.357358098030090332e-01 6.534875631332397461e-01 -4.887082278728485107e-01 -9.599510580301284790e-02 -1.423623412847518921e-01 2.095080725848674774e-02 -3.843346238136291504e-01 -5.418004393577575684e-01 -2.725133597850799561e-01 3.387654125690460205e-01 2.986993193626403809e-01 2.166600674390792847e-01 -4.883151650428771973e-01 2.632181942462921143e-01 -2.079984843730926514e-01 4.983668029308319092e-02 -7.524790614843368530e-02 6.998344063758850098e-01 4.396867752075195312e-01 -2.312214300036430359e-02 -3.182883262634277344e-01 7.148914039134979248e-02 8.976913690567016602e-01 -1.335364133119583130e-01 -8.357641696929931641e-01 2.649717032909393311e-01 4.360383749008178711e-01 6.482874751091003418e-01 -3.289289176464080811e-01 -3.053332567214965820e-01 2.887279689311981201e-01 -1.345089823007583618e-01 5.919318795204162598e-01 -1.525069959461688995e-02 -1.891970187425613403e-01 -4.645859599113464355e-01 7.993864268064498901e-02
3.964379727840423584e-01 -3.108566105365753174e-01 6.736143827438354492e-01 5.640609264373779297e-01 5.444643273949623108e-02 -8.820866048336029053e-02 5.866224765777587891e-01 4.425082504749298096e-01 -6.027207374572753906e-01 -5.244844555854797363e-01 3.576430380344390869e-01 -1.663978546857833862e-01 -2.675481140613555908e-01 -1.780506670475006104e-01 -4.856241401284933090e-03 3.453911542892456055e-01 2.024619877338409424e-01 -1.025143027305603027e+00 8.435639142990112305e-01 3.502838909626007080e-01 7.714442014694213867e-01 1.131524324417114258e+00 5.627866983413696289e-01 -4.919975697994232178e-01 3.646106421947479248e-01 2.076205909252166748e-01 -4.392603039741516113e-01 3.928058594465255737e-02 -4.582926928997039795e-01 3.472934365272521973e-01 5.936675667762756348e-01 -1.579549759626388550e-01 -3.296556770801544189e-01 -1.591066867113113403e-01 -3.195561468601226807e-01 4.723652601242065430e-01 2.767614424228668213e-01 4.822968244552612305e-01 -9.748807176947593689e-03 4.148683845996856689e-01 -3.346084058284759521e-01 -1.837031915783882141e-02 3.625668957829475403e-02 7.772781252861022949e-01 8.432390540838241577e-02 -1.046557784080505371e+00 3.636270463466644287e-01 5.675315260887145996e-01 5.923103094100952148e-01 1.441329568624496460e-01 -3.389539197087287903e-02 1.795886270701885223e-02 6.408941000699996948e-02 4.427071809768676758e-01 5.673812627792358398e-01 -7.283553481101989746e-01 -2.273234128952026367e-01 -7.455308437347412109e-01 -2.291559427976608276e-01 6.968687772750854492e-01 -5.288527011871337891e-01 -8.805385231971740723e-02 -3.958786427974700928e-01 -2.544697821140289307e-01
2.658512443304061890e-02 -2.387112677097320557e-01 1.067376971244812012e+00 7.870610356330871582e-01 -5.055892467498779297e-01 -1.713430434465408325e-01 6.585523486137390137e-01 -6.754342466592788696e-02 3.611292839050292969e-01 -1.611886024475097656e-01 7.740049362182617188e-01 -1.121376276016235352e+00 -4.606975615024566650e-01 -4.401762485504150391e-01 -2.428317666053771973e-01 1.206433326005935669e-01 7.012493610382080078e-01 -3.651021122932434082e-01 -1.175018176436424255e-01 1.071707487106323242e+00 3.652665913105010986e-01 4.506727755069732666e-01 1.885924041271209717e-01 -4.638007581233978271e-01 2.782910764217376709e-01 4.753804504871368408e-01 -2.753862738609313965e-01 4.247399866580963135e-01 8.802956938743591309e-01 -3.010900914669036865e-01 2.057413458824157715e-01 8.226373195648193359e-01 3.185977041721343994e-01 -1.320407837629318237e-01 -2.249116152524948120e-01 2.137224674224853516e-01 2.477584332227706909e-01 -9.324261546134948730e-02 -7.205275297164916992e-01 7.798707485198974609e-02 2.560324966907501221e-01 -3.987935185432434082e-01 -1.654737889766693115e-01 8.339718729257583618e-02 3.810038268566131592e-01 -1.100902557373046875e+00 -3.519951403141021729e-01 2.766491770744323730e-01 5.646555498242378235e-02 1.043439984321594238e+00 1.708718091249465942e-01 3.001792132854461670e-01 7.041081190109252930e-01 -1.587838232517242432e-01 2.466168850660324097e-01 6.735014319419860840e-01 3.210245370864868164e-01 -5.527167320251464844e-01 -2.864450216293334961e-01 8.594729304313659668e-01 -3.328796029090881348e-01 1.406454592943191528e-01 -2.413085699081420898e-01 8.105731755495071411e-02
4.090130627155303955e-01 -2.937350273132324219e-01 1.817938387393951416e-01 -1.092855855822563171e-01 8.123116940259933472e-02 -1.037856578826904297e+00 -2.690982818603515625e-01 4.520208239555358887e-01 -3.471781015396118164e-01 -1.102932691574096680e+00 1.400501281023025513e-01 -5.053985118865966797e-01 -2.120870202779769897e-01 -1.418159455060958862e-01 3.795748949050903320e-02 -3.306325376033782959e-01 1.738677024841308594e-01 -3.876900076866149902e-01 1.509442776441574097e-01 4.796250462532043457e-01 -2.237987667322158813e-01 4.432197809219360352e-01 2.737476527690887451e-01 -3.328873217105865479e-01 -1.945514827966690063e-01 5.280882716178894043e-01 -3.697446882724761963e-01 1.393488347530364990e-01 1.015905022621154785e+00 -3.831942975521087646e-01 4.250021651387214661e-02 -2.120994776487350464e-02 -3.274214267730712891e-01 -3.918645083904266357e-01 -2.756534218788146973e-01 -5.589269995689392090e-01 6.490115523338317871e-01 5.913041830062866211e-01 7.185317277908325195e-01 1.708664000034332275e-01 -2.785447537899017334e-01 2.659911811351776123e-01 -3.784639835357666016e-01 2.074155509471893311e-01 8.645266294479370117e-01 2.796175517141819000e-02 -1.786915510892868042e-01 -1.300410181283950806e-02 1.741866469383239746e-01 5.781139135360717773e-01 -3.222396373748779297e-01 -1.798581928014755249e-01 7.526707649230957031e-02 -1.943084299564361572e-01 9.548969268798828125e-01 -3.483931720256805420e-01 -7.046980261802673340e-01 1.895633488893508911e-01 -3.783958852291107178e-01 3.789143562316894531e-01 -3.558658063411712646e-01 6.174663305282592773e-01 -1.958607137203216553e-02 -1.235666945576667786e-01
6.636930108070373535e-01 1.775238513946533203e-01 4.986764192581176758e-01 -4.012382924556732178e-01 -2.965691685676574707e-01 -3.407146036624908447e-01 -5.171634629368782043e-02 1.683966815471649170e-01 -6.715492010116577148e-01 -3.373707830905914307e-01 5.548322796821594238e-01 1.405012011528015137e-01 2.744705677032470703e-01 -2.135342210531234741e-01 -1.088434234261512756e-01 5.317049622535705566e-01 2.403851225972175598e-02 -1.750392094254493713e-02 5.262790918350219727e-01 8.511592447757720947e-02 -6.511696577072143555e-01 -1.952414810657501221e-01 -4.661038517951965332e-01 2.424590885639190674e-01 -4.324530065059661865e-01 8.330565094947814941e-01 -4.128367006778717041e-01 -5.850348994135856628e-02 5.079482197761535645e-01 -7.534864544868469238e-02 9.232030510902404785e-01 5.154321789741516113e-01 -4.519907832145690918e-01 9.119297564029693604e-02 7.305813580751419067e-02 3.164877891540527344e-01 3.081074357032775879e-01 3.184102475643157959e-01 -2.598342001438140869e-01 -4.801425635814666748e-01 -1.703858748078346252e-02 3.400721549987792969e-01 4.470095336437225342e-01 6.364496350288391113e-01 6.502788066864013672e-01 -7.429642081260681152e-01 -1.383680701255798340e-01 -7.173673808574676514e-02 2.513965666294097900e-01 2.636323869228363037e-01 3.798805177211761475e-01 3.090474009513854980e-01 9.345838427543640137e-01 -6.359922140836715698e-02 -2.614590823650360107e-01 -2.807277739048004150e-01 7.985808849334716797e-01 -4.141680300235748291e-01 1.016697138547897339e-01 5.247634649276733398e-01 -4.982437789440155029e-01 2.952263057231903076e-01 -4.592404961585998535e-01 -3.494874536991119385e-01
2.526980638504028320e-01 -1.599052250385284424e-01 2.646830379962921143e-01 3.761298358440399170e-01 -9.501988440752029419e-02 -3.649561107158660889e-01 -2.014061510562896729e-01 6.265491247177124023e-01 7.577376812696456909e-02 -2.032522559165954590e-01 4.700146317481994629e-01 -3.205612301826477051e-01 -6.804320812225341797e-01 1.596320420503616333e-01 1.022363826632499695e-01 3.521246314048767090e-01 -6.356173753738403320e-02 1.279099495150148869e-03 4.126716852188110352e-01 8.598890304565429688e-01 -1.844729930162429810e-01 2.099480181932449341e-01 2.350993007421493530e-01 -4.203247725963592529e-01 1.645655781030654907e-01 9.998216032981872559e-01 -3.171901404857635498e-01 3.471252918243408203e-01 2.175939530134201050e-01 4.435471892356872559e-01 -2.057287245988845825e-01 -3.023445308208465576e-01 1.803242117166519165e-01 -5.480803251266479492e-01 -5.735309123992919922e-01 -1.220435351133346558e-01 4.916096627712249756e-01 2.525533735752105713e-01 -1.969650834798812866e-01 -4.765160977840423584e-01 3.422072529792785645e-01 4.827497527003288269e-02 -3.993772268295288086e-01 -9.879974275827407837e-02 9.610555171966552734e-01 -3.375138342380523682e-01 1.987355053424835205e-01 -2.866424918174743652e-01 2.603701949119567871e-01 -1.645777225494384766e-01 -6.683685779571533203e-01 -2.238231599330902100e-01 1.112072691321372986e-01 5.267146825790405273e-01 8.797408938407897949e-01 -6.394769251346588135e-02 -3.036110699176788330e-01 -3.499234616756439209e-01 -8.273145556449890137e-02 4.484128654003143311e-01 -1.119129419326782227e+00 -1.001932099461555481e-01 3.014140129089355469e-01 -1.769187599420547485e-01
1.992849409580230713e-01 -6.599654555320739746e-01 4.957787990570068359e-01 1.111518964171409607e-01 -3.662678003311157227e-01 -4.787456691265106201e-01 -4.202429950237274170e-01 -3.634745776653289795e-01 -9.443722665309906006e-02 -1.024278163909912109e+00 2.214917391538619995e-01 -3.592298626899719238e-01 -3.699285164475440979e-02 3.950800597667694092e-01 1.754423826932907104e-01 1.573753058910369873e-01 3.117202082648873329e-03 -2.644299864768981934e-01 4.107883572578430176e-01 1.290330439805984497e-01 1.697053164243698120e-01 4.219558835029602051e-01 6.366188526153564453e-01 -1.815379410982131958e-01 3.675147518515586853e-02 6.259118318557739258e-01 -3.234161138534545898e-01 2.063275575637817383e-01 5.513525605201721191e-01 4.181147515773773193e-01 1.285180002450942993e-01 -3.852133154869079590e-01 -9.129088371992111206e-02 -3.938634693622589111e-01 1.041604299098253250e-02 1.820132583379745483e-01 -1.544608094263821840e-04 5.215532779693603516e-01 -3.566602766513824463e-01 -3.596204519271850586e-01 -1.279235929250717163e-01 2.222451269626617432e-01 4.669678583741188049e-02 -2.491370141506195068e-01 9.893004894256591797e-01 -2.184579670429229736e-01 7.330027222633361816e-02 -4.414057135581970215e-01 3.971309959888458252e-01 6.935600042343139648e-01 -5.320019647479057312e-02 -4.395653009414672852e-01 1.212316602468490601e-01 3.261531889438629150e-01 8.094674944877624512e-01 -5.001223087310791016e-01 -2.157041728496551514e-01 3.817659988999366760e-02 -3.081247806549072266e-01 8.659386634826660156e-02 -7.861285805702209473e-01 6.687895655632019043e-01 3.694891184568405151e-02 -2.294743061065673828e-01
1.822111904621124268e-01 -2.796350419521331787e-01 5.024358630180358887e-01 4.954096674919128418e-01 -6.330109387636184692e-02 -3.394961655139923096e-01 3.102754056453704834e-01 4.538170695304870605e-01 -5.056537985801696777e-01 2.184483408927917480e-01 7.929541468620300293e-01 -3.214144706726074219e-01 7.659136652946472168e-01 -1.537970155477523804e-01 -2.745015323162078857e-01 -2.289350181818008423e-01 1.765039190649986267e-02 -6.015181168913841248e-02 1.661983430385589600e-01 3.814274072647094727e-01 1.875094473361968994e-01 1.037275195121765137e+00 1.670261323451995850e-01 -8.411929011344909668e-01 1.328075975179672241e-01 8.809164762496948242e-01 1.096234470605850220e-01 1.118532195687294006e-01 1.201804876327514648e-01 -8.573070913553237915e-02 1.325442641973495483e-01 2.304144203662872314e-01 -7.565196603536605835e-02 -1.093838363885879517e-01 -3.286321461200714111e-01 6.936990022659301758e-01 -8.616424351930618286e-02 4.490914642810821533e-01 3.487918972969055176e-01 -4.028633534908294678e-01 3.909069299697875977e-01 1.314256489276885986e-01 -1.406485140323638916e-01 3.051112890243530273e-01 4.729724824428558350e-01 -4.109934866428375244e-01 2.383292913436889648e-01 -4.840290918946266174e-02 1.771940439939498901e-01 9.416287541389465332e-01 1.348112821578979492e-01 -2.294718921184539795e-01 7.307007312774658203e-01 2.552456855773925781e-01 2.557712793350219727e-02 -1.839140057563781738e-01 5.021182894706726074e-01 -9.380027055740356445e-01 2.345952838659286499e-01 -4.469786882400512695e-01 -9.708572179079055786e-02 2.268706411123275757e-01 -4.909831285476684570e-01 -2.121472507715225220e-01
2.572994828224182129e-01 7.098609209060668945e-02 3.024629354476928711e-01 3.046580553054809570e-01 -5.631906986236572266e-01 -1.407519280910491943e-01 4.296703338623046875e-01 4.357695281505584717e-01 -2.799391150474548340e-01 -4.779756963253021240e-01 4.086615145206451416e-01 -3.879691064357757568e-01 -4.315647780895233154e-01 -7.619732618331909180e-02 5.807855129241943359e-01 4.843384325504302979e-01 2.186236530542373657e-01 -4.215246066451072693e-02 5.410740375518798828e-01 8.250912427902221680e-01 -8.385592140257358551e-03 5.879098176956176758e-01 7.452204823493957520e-01 -2.494772821664810181e-01 1.981226503849029541e-01 2.941339015960693359e-01 -9.292024374008178711e-02 -6.655433177947998047e-01 -7.768864184617996216e-02 -3.824245929718017578e-02 -1.402159035205841064e-01 3.277198672294616699e-01 3.382788300514221191e-01 -4.058699905872344971e-01 3.967828303575515747e-02 -2.384027987718582153e-01 2.126741707324981689e-01 1.054330706596374512e+00 -2.427344210445880890e-02 3.810216858983039856e-02 -3.266858458518981934e-01 4.364270865917205811e-01 -2.222480028867721558e-01 2.864659130573272705e-01 5.904981493949890137e-01 -9.322711825370788574e-01 2.596382498741149902e-01 7.211178541183471680e-01 1.197512820363044739e-01 -4.495614394545555115e-02 6.144588440656661987e-02 -4.633744060993194580e-01 4.613224044442176819e-02 -2.124929279088973999e-01 2.073984295129776001e-01 -3.775976896286010742e-01 -2.393987029790878296e-01 -6.912620663642883301e-01 -1.907962113618850708e-01 -1.424550712108612061e-01 -7.399851679801940918e-01 -5.560438614338636398e-03 3.093023896217346191e-01 1.357832998037338257e-01
5.716739892959594727e-01 -4.211029112339019775e-01 6.928485631942749023e-01 8.415999473072588444e-04 -3.845262229442596436e-01 -4.527316391468048096e-01 -8.140931129455566406e-01 5.171817541122436523e-02 -1.095769405364990234e+00 -2.798775732517242432e-01 1.062960386276245117e+00 -1.138667166233062744e-01 7.058584094047546387e-01 -1.133546233177185059e+00 7.454265356063842773e-01 1.794534176588058472e-01 8.751852810382843018e-02 -3.637413382530212402e-01 -1.870874464511871338e-01 9.512178897857666016e-01 5.206311941146850586e-01 1.214104890823364258e+00 5.880512595176696777e-01 -4.180604219436645508e-01 7.134279608726501465e-02 5.349035263061523438e-01 1.957596242427825928e-01 -1.968207955360412598e-01 -4.491244554519653320e-01 7.925748825073242188e-02 -4.718904793262481689e-01 4.153838157653808594e-01 1.047912910580635071e-01 -1.718675643205642700e-01 -8.674129843711853027e-02 -1.348565965890884399e-01 1.770001351833343506e-01 8.507657051086425781e-02 1.018041819334030151e-01 2.087767720222473145e-01 -3.360526859760284424e-01 1.849304735660552979e-01 -2.645149827003479004e-01 1.057465076446533203e+00 3.388341069221496582e-01 2.069578468799591064e-01 -6.028385087847709656e-02 3.438555598258972168e-01 4.114017188549041748e-01 -1.218011975288391113e-01 6.105850934982299805e-01 -1.537712961435317993e-01 4.542839229106903076e-01 -1.436722278594970703e-01 -5.198487043380737305e-01 2.126534134149551392e-01 3.928790092468261719e-01 -5.724364519119262695e-01 -3.521485328674316406e-01 6.304189562797546387e-01 7.065644115209579468e-02 -2.573291361331939697e-01 2.974416688084602356e-02 -1.434731483459472656e-01
4.149681627750396729e-01 -4.687051475048065186e-01 -2.708488106727600098e-01 2.927130460739135742e-01 2.872634530067443848e-01 -3.476591110229492188e-01 -1.448489576578140259e-01 1.759533733129501343e-01 -7.632662355899810791e-02 -5.726985931396484375e-01 -2.589677870273590088e-01 -9.615367650985717773e-01 -7.313389331102371216e-02 3.593734800815582275e-01 2.612379193305969238e-01 9.538665413856506348e-02 -5.043294429779052734e-01 -3.614885210990905762e-01 1.449440568685531616e-01 3.103631734848022461e-01 6.025801897048950195e-01 7.535691857337951660e-01 -1.494480064138770103e-03 9.973236173391342163e-02 -1.644595861434936523e-01 3.881931006908416748e-01 3.034230470657348633e-01 -3.147011399269104004e-01 7.919968366622924805e-01 3.001540005207061768e-01 5.683021619915962219e-02 2.190696150064468384e-01 -2.526188492774963379e-01 4.728436097502708435e-02 -1.458763778209686279e-01 -2.204746007919311523e-01 -6.127823516726493835e-02 -2.774085104465484619e-01 -3.929884638637304306e-03 -6.115813851356506348e-01 -2.323398292064666748e-01 -6.553284078836441040e-02 -5.897901058197021484e-01 2.015235126018524170e-01 8.662269115447998047e-01 -4.446043074131011963e-02 1.466066986322402954e-01 -1.135029554367065430e+00 8.006297945976257324e-01 8.480890989303588867e-01 -2.380505949258804321e-02 1.352111548185348511e-01 1.441213041543960571e-01 5.097379684448242188e-01 5.095597505569458008e-01 -6.808127462863922119e-02 -6.163334846496582031e-01 -4.566740691661834717e-01 -8.101825118064880371e-01 3.087085783481597900e-01 -2.077846825122833252e-01 -3.894640207290649414e-01 9.739685058593750000e-02 -1.516891270875930786e-01
4.301896095275878906e-01 -1.684293597936630249e-01 5.963694453239440918e-01 3.320299685001373291e-01 1.023305952548980713e-02 -7.446845173835754395e-01 2.315869331359863281e-01 3.377953171730041504e-01 -2.850332856178283691e-01 -3.577949404716491699e-01 5.696507692337036133e-01 -6.893974542617797852e-01 2.288953065872192383e-01 -1.330948248505592346e-02 3.584734499454498291e-01 -1.354566961526870728e-01 1.806930750608444214e-01 -5.601688027381896973e-01 1.974588483572006226e-01 2.805382907390594482e-01 -4.307487607002258301e-01 3.026167154312133789e-01 -1.010271683335304260e-01 -9.935766458511352539e-01 5.130957439541816711e-02 3.271008431911468506e-01 -5.679222941398620605e-02 1.919930875301361084e-01 8.388210535049438477e-01 -2.463907450437545776e-01 5.497373938560485840e-01 1.862063258886337280e-01 2.577741146087646484e-01 2.633470892906188965e-01 -8.754817247390747070e-01 2.332223057746887207e-01 1.612571179866790771e-01 4.894525706768035889e-01 2.766751348972320557e-01 -3.249537050724029541e-01 -2.746325731277465820e-02 -6.451310962438583374e-02 -5.594046115875244141e-01 1.191605180501937866e-01 7.987168431282043457e-01 -5.697488784790039062e-01 -2.796508371829986572e-01 1.150205433368682861e-01 -3.047307580709457397e-02 2.755977809429168701e-01 -1.596130803227424622e-02 -4.335322380065917969e-01 3.461259901523590088e-01 7.592728734016418457e-02 5.144166350364685059e-01 -6.591300964355468750e-01 5.925443768501281738e-01 -4.241574704647064209e-01 -1.232726685702800751e-02 -4.841800630092620850e-01 -2.141154259443283081e-01 -1.036596596240997314e-01 -8.318898677825927734e-01 -1.935362219810485840e-01
3.114814758300781250e-01 -1.386168599128723145e-01 6.951366662979125977e-01 2.648380696773529053e-01 -5.322793126106262207e-01 -6.687734723091125488e-01 -2.696098983287811279e-01 2.804196476936340332e-01 1.718737035989761353e-01 1.485399007797241211e-01 7.536610960960388184e-01 -6.605866551399230957e-01 -8.904147744178771973e-01 -3.311568200588226318e-01 2.558754682540893555e-01 1.735030561685562134e-01 2.871534228324890137e-01 5.949082598090171814e-02 3.013856112957000732e-01 1.332874447107315063e-01 4.169412702322006226e-02 2.235476225614547729e-01 -5.825570225715637207e-02 -5.718932747840881348e-01 3.310313820838928223e-01 4.553011357784271240e-01 2.314458414912223816e-02 6.225124597549438477e-01 6.397868990898132324e-01 -8.752544969320297241e-02 3.341083824634552002e-01 2.143325954675674438e-01 2.479070872068405151e-01 2.114346623420715332e-01 -2.082555890083312988e-01 5.361504554748535156e-01 -1.334836035966873169e-01 2.060326188802719116e-01 -2.201438248157501221e-01 -5.698937177658081055e-01 -4.140082374215126038e-02 2.143507897853851318e-01 -1.874867528676986694e-01 4.580296576023101807e-01 7.188250422477722168e-01 -1.044284343719482422e+00 -1.835409104824066162e-01 2.791647315025329590e-01 -1.259676832705736160e-02 4.980054199695587158e-01 2.031037062406539917e-01 -5.301057100296020508e-01 4.524054527282714844e-01 1.446269899606704712e-01 7.097175717353820801e-01 3.547428250312805176e-01 -2.578957378864288330e-01 -3.737430572509765625e-01 1.561450958251953125e-01 2.634803019464015961e-02 -1.608915925025939941e-01 -2.484488636255264282e-01 2.372215688228607178e-01 1.450901478528976440e-01
4.002234637737274170e-01 -1.916776001453399658e-01 3.518445789813995361e-01 -5.978336930274963379e-01 -8.132599592208862305e-01 -4.690081775188446045e-01 1.049316152930259705e-01 1.550944298505783081e-01 -9.171125292778015137e-01 3.870009183883666992e-01 6.385564208030700684e-01 -1.614857465028762817e-02 -6.794503331184387207e-02 -1.756782531738281250e-01 9.065213203430175781e-01 2.344522923231124878e-01 6.504595279693603516e-01 -4.248348772525787354e-01 9.783297777175903320e-01 2.411214709281921387e-01 -1.032373011112213135e-01 3.385265171527862549e-01 -6.671803593635559082e-01 2.598097622394561768e-01 9.084042906761169434e-02 1.315260827541351318e-01 -1.808224618434906006e-01 -1.161914393305778503e-01 3.168678581714630127e-01 -1.886309981346130371e-01 -3.367783725261688232e-01 -1.007964611053466797e-01 3.201971948146820068e-01 -1.237384304404258728e-01 -1.052013933658599854e-01 1.839796453714370728e-01 6.071712970733642578e-01 4.429950714111328125e-01 2.508798986673355103e-02 3.159108757972717285e-02 -6.938096284866333008e-01 -3.688480556011199951e-01 -4.104280471801757812e-01 7.268668413162231445e-01 7.665418982505798340e-01 -7.772706747055053711e-01 1.047555878758430481e-01 -3.496581614017486572e-01 -4.500741362571716309e-01 2.366527616977691650e-01 1.572064012289047241e-01 -2.184554561972618103e-02 9.628413319587707520e-01 -1.162833943963050842e-01 6.224920600652694702e-02 4.792248010635375977e-01 -1.613776944577693939e-02 -8.694272041320800781e-01 -2.477838993072509766e-01 6.944493204355239868e-02 -8.306346535682678223e-01 4.386918246746063232e-01 -2.171974927186965942e-01 2.852327823638916016e-01
4.421285986900329590e-01 -3.341196477413177490e-01 5.464191436767578125e-01 2.482333779335021973e-01 4.426451623439788818e-01 -4.010727405548095703e-01 5.685075521469116211e-01 9.739782661199569702e-02 -3.490856885910034180e-01 -4.419649839401245117e-01 6.976095438003540039e-01 -6.320319771766662598e-01 1.758275628089904785e-01 -2.014833539724349976e-01 3.627335429191589355e-01 1.720655262470245361e-01 -4.253501817584037781e-02 -2.943755686283111572e-01 -2.682597041130065918e-01 9.685561060905456543e-02 -2.529720962047576904e-01 4.099787026643753052e-02 -1.506368517875671387e-01 -7.812370657920837402e-01 -3.083710074424743652e-01 6.403594613075256348e-01 1.956175565719604492e-01 -4.950205981731414795e-02 1.684034913778305054e-01 4.665279015898704529e-02 1.901720613241195679e-01 3.261041045188903809e-01 -3.048249781131744385e-01 3.744921684265136719e-01 -6.122469305992126465e-01 3.663636744022369385e-01 5.545049533247947693e-02 5.318255424499511719e-01 -3.645595014095306396e-01 -6.897110939025878906e-01 -2.625534124672412872e-02 5.055616050958633423e-02 -1.169471964240074158e-01 2.033355832099914551e-01 5.948188900947570801e-01 -1.413227200508117676e+00 -4.670434594154357910e-01 -2.753977775573730469e-01 3.180636465549468994e-01 1.193922758102416992e-01 5.929046124219894409e-02 -1.820107400417327881e-01 1.616168767213821411e-01 2.991442680358886719e-01 4.222207963466644287e-01 -8.860660195350646973e-01 5.341602563858032227e-01 -5.164292454719543457e-01 -2.537495642900466919e-02 -3.999088108539581299e-01 -2.526014745235443115e-01 -5.796243995428085327e-02 -5.274155139923095703e-01 2.795473039150238037e-01
4.347071647644042969e-01 -3.382064774632453918e-02 1.055148839950561523e+00 -2.554320730268955231e-02 -4.098847210407257080e-01 -6.223720908164978027e-01 4.098551571369171143e-01 5.565035939216613770e-01 -3.677970170974731445e-01 3.066618442535400391e-01 4.870849251747131348e-01 -5.352345108985900879e-01 8.029080033302307129e-01 -1.015341639518737793e+00 -1.797922700643539429e-01 1.039140701293945312e+00 1.335102468729019165e-01 -4.508638978004455566e-01 -5.356184840202331543e-01 6.685045957565307617e-01 3.950425237417221069e-02 7.330588698387145996e-01 8.490478396415710449e-01 -4.272561669349670410e-01 3.410555720329284668e-01 2.611625790596008301e-01 -3.984698951244354248e-01 -4.882760941982269287e-01 4.100531637668609619e-01 4.125217795372009277e-01 2.170273363590240479e-01 5.100152492523193359e-01 2.959684431552886963e-01 -9.286438226699829102e-01 -5.447177886962890625e-01 6.067968904972076416e-02 -1.641122996807098389e-01 -1.229070425033569336e-01 -5.535951256752014160e-01 9.957209974527359009e-02 2.203650921583175659e-01 2.517282962799072266e-01 3.619147092103958130e-02 -2.281837463378906250e-01 8.467912077903747559e-01 3.409875929355621338e-02 6.921989321708679199e-01 9.283316880464553833e-02 4.467550218105316162e-01 6.601856350898742676e-01 3.706016018986701965e-02 2.906645536422729492e-01 9.515549987554550171e-02 -2.933149039745330811e-01 2.810028791427612305e-01 -1.165038645267486572e-01 -2.012669108808040619e-02 6.800421327352523804e-02 8.229050636291503906e-01 5.726153254508972168e-01 -5.161850452423095703e-01 1.885605603456497192e-01 1.957373172044754028e-01 2.698161602020263672e-01
-2.243408709764480591e-01 -7.666457891464233398e-01 1.752543002367019653e-01 3.276396691799163818e-01 -6.525642424821853638e-02 2.767222821712493896e-01 -1.280246526002883911e-01 4.067149944603443146e-03 -1.204622760415077209e-01 -2.510562352836132050e-02 3.000602126121520996e-01 -2.025690972805023193e-01 -5.801712274551391602e-01 -1.777172647416591644e-02 -1.070171371102333069e-01 2.931637763977050781e-01 -1.746378988027572632e-01 -1.502453386783599854e-01 2.644729316234588623e-01 5.261393785476684570e-01 4.762106239795684814e-01 5.050675570964813232e-02 -5.879651382565498352e-02 -1.253013759851455688e-01 -1.691584289073944092e-01 4.139015376567840576e-01 6.306768655776977539e-01 -2.576303184032440186e-01 5.982210040092468262e-01 2.138412594795227051e-01 4.181019663810729980e-01 -1.254585236310958862e-01 -4.763035774230957031e-01 1.324507407844066620e-02 1.155588254332542419e-01 -3.084005415439605713e-01 -1.907801032066345215e-01 1.190401986241340637e-01 -5.652667209506034851e-02 -4.716079831123352051e-01 5.962449684739112854e-02 -6.115747988224029541e-02 -4.321968853473663330e-01 3.339857161045074463e-01 6.536712646484375000e-01 -2.852001786231994629e-01 -2.382588088512420654e-01 -9.804414510726928711e-01 1.013361454010009766e+00 4.519619643688201904e-01 -4.517206847667694092e-01 -2.760146558284759521e-01 -1.479036062955856323e-01 8.621711134910583496e-01 2.729751467704772949e-01 -3.337963521480560303e-01 2.784435637295246124e-02 -6.432840824127197266e-01 -5.219446420669555664e-01 -2.217680215835571289e-01 -6.909721493721008301e-01 2.083529978990554810e-01 2.941828034818172455e-02 -5.269219279289245605e-01
-1.367427110671997070e-01 -3.558374345302581787e-01 1.038428992033004761e-01 -4.402398169040679932e-01 -4.813989996910095215e-01 2.305947542190551758e-01 4.027793705463409424e-01 -1.843762248754501343e-01 6.978359818458557129e-02 -1.775249838829040527e-01 6.859188079833984375e-01 -8.337459564208984375e-01 -4.743618518114089966e-02 -5.948424935340881348e-01 2.502138018608093262e-01 1.365502737462520599e-02 2.141942828893661499e-01 6.410528421401977539e-01 2.411780059337615967e-01 4.722114503383636475e-01 -4.855687618255615234e-01 4.639403522014617920e-01 -1.643786132335662842e-01 -3.487529754638671875e-01 -5.907177925109863281e-01 8.107898831367492676e-01 -5.199931263923645020e-01 -1.024546250700950623e-01 4.281176626682281494e-01 1.585133522748947144e-01 3.791396617889404297e-01 2.733427286148071289e-01 -4.889841377735137939e-01 -8.996504545211791992e-01 -9.103899598121643066e-01 3.153643608093261719e-01 -4.524205029010772705e-01 1.562067866325378418e-01 -6.883279085159301758e-01 4.577617943286895752e-01 -8.878979086875915527e-02 2.774896323680877686e-01 -3.386146128177642822e-01 -1.403411775827407837e-01 5.837808251380920410e-01 -8.666787743568420410e-01 -5.955986380577087402e-01 3.352651605382561684e-03 6.743909120559692383e-01 7.288945317268371582e-01 -3.866063356399536133e-01 4.486691057682037354e-01 5.708585381507873535e-01 1.965132802724838257e-01 1.324061304330825806e-01 -5.552802607417106628e-02 9.855398535728454590e-01 -1.819463968276977539e-01 -9.561461210250854492e-02 6.889184713363647461e-01 2.251636087894439697e-01 2.451656609773635864e-01 -7.801094651222229004e-01 1.354287713766098022e-01
5.428820848464965820e-01 -1.006610393524169922e+00 6.901500225067138672e-01 -4.486486688256263733e-02 -3.429224193096160889e-01 -1.099891662597656250e+00 -3.802203536033630371e-01 2.955808537080883980e-03 1.107546389102935791e-01 3.185558319091796875e-01 2.969137728214263916e-01 -8.591111898422241211e-01 5.989608764648437500e-01 5.501109957695007324e-01 1.028040766716003418e+00 5.819717645645141602e-01 -1.961025595664978027e-01 -3.871148219332098961e-03 9.646871685981750488e-01 2.342558205127716064e-01 3.170549869537353516e-01 4.126968681812286377e-01 3.402253985404968262e-01 -3.481317460536956787e-01 5.965486764907836914e-01 5.025466680526733398e-01 -3.208630084991455078e-01 -5.528279542922973633e-01 4.580072686076164246e-02 -4.237610101699829102e-02 -6.918758153915405273e-02 6.149408221244812012e-01 -4.350540339946746826e-01 1.139251962304115295e-01 -3.070653676986694336e-01 -1.880981177091598511e-01 3.467743992805480957e-01 6.637864708900451660e-01 1.908979713916778564e-01 -2.600956559181213379e-01 4.376787245273590088e-01 1.051135733723640442e-01 -8.214711397886276245e-02 6.179776787757873535e-01 4.618451371788978577e-02 -2.165974676609039307e-01 -9.763041138648986816e-02 9.463849710300564766e-04 3.758948147296905518e-01 1.079620242118835449e+00 2.704094052314758301e-01 1.627384126186370850e-01 -2.292308956384658813e-01 1.591939032077789307e-01 -1.467476636171340942e-01 -8.574131727218627930e-01 -1.635392159223556519e-01 -2.695544390007853508e-03 5.150622725486755371e-01 1.027878746390342712e-01 -5.094419121742248535e-01 5.531869828701019287e-02 -5.579473972320556641e-01 -9.084982424974441528e-02
1.460430622100830078e-01 2.470346391201019287e-01 2.360501736402511597e-01 -4.602979719638824463e-01 2.075538188219070435e-01 -9.511502981185913086e-01 -4.935521781444549561e-01 -7.123394310474395752e-02 3.632234334945678711e-01 -1.746164709329605103e-01 4.486649036407470703e-01 -1.326523900032043457e+00 -2.395227104425430298e-01 -3.287490084767341614e-02 -1.061333343386650085e-02 1.244021654129028320e-01 -1.954257190227508545e-01 -5.189933180809020996e-01 1.003095358610153198e-01 5.997529625892639160e-01 2.214473783969879150e-01 5.743982791900634766e-01 3.324961960315704346e-01 -1.564098447561264038e-01 -6.026781797409057617e-01 5.378563404083251953e-01 -4.862890243530273438e-01 5.217100977897644043e-01 1.950487196445465088e-01 -7.812557220458984375e-01 4.514159858226776123e-01 2.959462106227874756e-01 -4.819450974464416504e-01 1.246655508875846863e-01 1.988234072923660278e-01 -1.298816502094268799e-01 6.744392514228820801e-01 1.214898228645324707e-01 3.794145584106445312e-01 5.119821429252624512e-01 -4.780099391937255859e-01 1.952009350061416626e-01 -3.879590630531311035e-01 1.971614956855773926e-01 8.275818824768066406e-01 2.438276559114456177e-01 3.718809485435485840e-01 -1.048780560493469238e+00 2.044266611337661743e-01 4.519641101360321045e-01 -7.030166387557983398e-01 -1.175654903054237366e-01 6.598975658416748047e-01 4.925900138914585114e-03 2.406793236732482910e-01 -5.999130606651306152e-01 -3.267954587936401367e-01 3.119434714317321777e-01 -5.873571038246154785e-01 5.245398879051208496e-01 -1.166544556617736816e-01 1.974250525236129761e-01 3.698340952396392822e-01 -2.182284444570541382e-01
1.888102144002914429e-01 -9.982751607894897461e-01 6.067268252372741699e-01 8.987057954072952271e-02 -3.814707994461059570e-01 -1.711785048246383667e-01 -2.034774050116539001e-03 2.698116302490234375e-01 -8.901084661483764648e-01 -2.423335760831832886e-01 1.863814890384674072e-01 -1.562321782112121582e-01 2.437531799077987671e-01 -7.553670555353164673e-02 -1.147158965468406677e-01 8.671132475137710571e-02 3.046168982982635498e-01 -1.645841896533966064e-01 4.555374756455421448e-02 -3.194296658039093018e-01 5.243099927902221680e-01 4.200956821441650391e-01 1.439560651779174805e-01 -2.578697204589843750e-01 2.859543561935424805e-01 9.591994285583496094e-01 1.938704997301101685e-01 1.607207357883453369e-01 1.184361949563026428e-01 2.346381247043609619e-01 6.518923044204711914e-01 -2.936604321002960205e-01 -2.176194787025451660e-01 -7.847081124782562256e-02 -3.031677901744842529e-01 6.409831047058105469e-01 1.136600449681282043e-01 5.583252310752868652e-01 -1.750030182301998138e-02 -4.442248344421386719e-01 4.086404144763946533e-01 4.073112607002258301e-01 -1.856463998556137085e-01 6.119492650032043457e-01 5.628176331520080566e-01 -8.548231720924377441e-01 2.565348744392395020e-01 -2.407639287412166595e-02 4.191217422485351562e-01 8.484287858009338379e-01 -4.809137061238288879e-02 -4.580508768558502197e-01 2.434434443712234497e-01 7.779603004455566406e-01 8.071826696395874023e-01 -8.214389681816101074e-01 1.774561218917369843e-02 -3.764916360378265381e-01 -6.222613453865051270e-01 3.964032512158155441e-03 -2.462994903326034546e-01 -5.744542181491851807e-02 -1.868298649787902832e-01 -4.584693312644958496e-01
5.187677964568138123e-02 -4.306833446025848389e-01 6.443820595741271973e-01 -2.579817734658718109e-02 -1.510581970214843750e-01 -2.237181961536407471e-01 9.452463388442993164e-01 1.894506365060806274e-01 -2.467471212148666382e-01 1.829830855131149292e-01 5.351544618606567383e-01 -3.919292092323303223e-01 -8.856060355901718140e-02 -4.396764039993286133e-01 -2.297000885009765625e-01 1.066591367125511169e-01 2.346548736095428467e-01 -2.841368690133094788e-02 -8.034600615501403809e-01 7.538961172103881836e-01 9.083085507154464722e-02 9.226790666580200195e-01 -1.486544907093048096e-01 -4.931902885437011719e-01 -4.452553689479827881e-01 1.187509179115295410e+00 -5.650464892387390137e-01 2.667621076107025146e-01 2.598547637462615967e-01 -1.111257150769233704e-01 2.697889208793640137e-01 2.302525192499160767e-01 -6.337634474039077759e-02 -5.863173007965087891e-01 -4.926762282848358154e-01 3.040643930435180664e-01 -2.586062848567962646e-01 3.608714640140533447e-01 -3.282245099544525146e-01 4.954583346843719482e-01 -8.498571813106536865e-02 2.682420015335083008e-01 1.099820341914892197e-02 -1.959026902914047241e-01 6.633816957473754883e-01 -6.914665102958679199e-01 8.025958389043807983e-02 3.654075562953948975e-01 3.344646394252777100e-01 1.273239970207214355e+00 -6.216301117092370987e-03 6.861803531646728516e-01 4.778686761856079102e-01 -6.658251583576202393e-02 1.605648361146450043e-02 -5.628252774477005005e-02 6.103535890579223633e-01 -1.664986610412597656e-01 -4.002606868743896484e-01 7.382211685180664062e-01 -3.761509954929351807e-01 -2.892714440822601318e-01 -5.891584157943725586e-01 4.077464342117309570e-01
-1.450695246458053589e-01 5.676694512367248535e-01 3.390544652938842773e-01 -1.349941045045852661e-01 4.414776563644409180e-01 -3.579238653182983398e-01 2.900760173797607422e-01 5.669777393341064453e-01 -3.663132190704345703e-01 1.501369774341583252e-01 4.899677634239196777e-01 -1.121717453002929688e+00 -8.497509956359863281e-01 -8.269076347351074219e-01 8.103763312101364136e-02 7.505571097135543823e-02 -4.819498956203460693e-01 5.535024404525756836e-01 6.072613000869750977e-01 4.127896130084991455e-01 3.719973564147949219e-01 5.076993703842163086e-01 5.147275924682617188e-01 6.175367161631584167e-04 2.666964195668697357e-02 1.017372161149978638e-01 -2.453912049531936646e-01 -3.411856591701507568e-01 -2.832754552364349365e-01 1.054708808660507202e-01 2.409169822931289673e-02 4.581061378121376038e-02 -6.006438285112380981e-02 -2.827945947647094727e-01 -6.166645884513854980e-01 -9.949175119400024414e-01 -3.008424043655395508e-01 1.722868084907531738e-01 -2.050429284572601318e-01 -2.122626453638076782e-01 6.852179765701293945e-01 6.451506912708282471e-02 -3.091380000114440918e-01 7.659745216369628906e-01 2.419893592596054077e-01 2.053299546241760254e-01 2.531673610210418701e-01 -1.068748235702514648e+00 -5.436488389968872070e-01 5.151668563485145569e-02 -1.461144387722015381e-01 5.331252217292785645e-01 7.149720788002014160e-01 -4.039940610527992249e-02 -6.094018742442131042e-02 -4.851647913455963135e-01 9.759406745433807373e-02 8.276396244764328003e-02 -6.256285905838012695e-01 6.066854596138000488e-01 -1.077020049095153809e+00 6.221776083111763000e-02 7.893651127815246582e-01 -5.853427574038505554e-02
1.325585991144180298e-01 -7.814398407936096191e-02 7.875313758850097656e-01 9.752569794654846191e-01 -4.705668389797210693e-01 -1.654925942420959473e-01 -2.946283295750617981e-02 -2.953606545925140381e-01 -6.732907146215438843e-02 -6.823964118957519531e-01 7.943287491798400879e-01 -5.184109210968017578e-01 -9.156745672225952148e-01 -3.749447762966156006e-01 -7.995435595512390137e-02 3.924566209316253662e-01 2.639361321926116943e-01 -5.362228155136108398e-01 1.847893744707107544e-01 7.451076507568359375e-01 -3.916629850864410400e-01 -1.477852016687393188e-01 -2.979001402854919434e-01 -3.605282306671142578e-01 7.494050264358520508e-02 -5.822625383734703064e-02 9.970754384994506836e-03 -1.469844877719879150e-01 1.323357373476028442e-01 -1.130900159478187561e-01 1.687894761562347412e-01 7.048686146736145020e-01 7.059504836797714233e-02 -3.399045169353485107e-01 -2.685419097542762756e-02 -8.516979403793811798e-03 -1.200974509119987488e-01 8.526633977890014648e-01 -3.205445781350135803e-02 -2.973978221416473389e-01 3.647468388080596924e-01 2.258389145135879517e-01 5.831948667764663696e-02 1.750218719244003296e-01 -8.178763091564178467e-03 -9.250620603561401367e-01 3.111926913261413574e-01 4.786369577050209045e-02 -2.803144156932830811e-01 -6.210140511393547058e-02 3.551369309425354004e-01 -3.809055984020233154e-01 7.568208575248718262e-01 -2.895500957965850830e-01 3.333306908607482910e-01 -2.951954603195190430e-01 6.150683388113975525e-02 -7.527362108230590820e-01 7.774672657251358032e-02 -1.544983386993408203e-01 -5.859562158584594727e-01 -4.457469284534454346e-01 -1.514402031898498535e-01 -3.955972194671630859e-01
4.700605869293212891e-01 -6.673503518104553223e-01 3.694052696228027344e-01 2.095160074532032013e-02 -7.480426132678985596e-02 -4.598218202590942383e-01 -4.024465084075927734e-01 -5.017486214637756348e-01 -8.140477538108825684e-01 6.188069656491279602e-02 6.132368445396423340e-01 -5.980067849159240723e-01 9.035933017730712891e-02 -4.236226081848144531e-01 2.202871590852737427e-01 -3.514155149459838867e-01 1.382011570967733860e-03 -8.462406992912292480e-01 -3.598260879516601562e-02 3.154585361480712891e-01 9.070968627929687500e-01 1.353865146636962891e+00 1.451228410005569458e-01 6.009468808770179749e-02 -6.512978672981262207e-01 8.479564450681209564e-03 -3.153723776340484619e-01 1.666630953550338745e-01 2.910509705543518066e-01 1.167426705360412598e-01 -2.434502989053726196e-01 7.774927020072937012e-01 -7.510757446289062500e-02 -1.185387969017028809e-01 -3.943835198879241943e-01 -6.974838376045227051e-01 4.161968827247619629e-01 -4.650006890296936035e-01 5.584421753883361816e-01 -4.589270353317260742e-01 3.777657747268676758e-01 6.449550390243530273e-01 -3.964385092258453369e-01 5.091235041618347168e-01 8.120898604393005371e-01 1.297183483839035034e-01 -2.954933792352676392e-02 4.165280759334564209e-01 9.605198502540588379e-01 5.069347620010375977e-01 1.810389012098312378e-01 -4.205200970172882080e-01 3.609680235385894775e-01 1.943217515945434570e-01 -8.450039029121398926e-01 2.751790881156921387e-01 -2.045392431318759918e-02 -4.376915395259857178e-01 6.350286304950714111e-02 1.027265906333923340e+00 -1.204874292016029358e-01 -3.299122154712677002e-01 -1.213835775852203369e-01 -2.864123284816741943e-01
4.248224198818206787e-01 6.246482133865356445e-01 1.073396086692810059e+00 1.437256336212158203e-01 -9.477782845497131348e-01 -5.108538866043090820e-01 4.812890663743019104e-02 5.867071747779846191e-01 -3.425623476505279541e-01 2.551585137844085693e-01 7.208924889564514160e-01 -5.787761211395263672e-01 -5.406048893928527832e-01 2.219799011945724487e-01 5.676191449165344238e-01 4.751864075660705566e-01 4.145842492580413818e-01 -3.444854915142059326e-01 2.028613239526748657e-01 5.928384065628051758e-01 -2.063652873039245605e-01 8.910418748855590820e-01 2.708480358123779297e-01 -2.223473042249679565e-01 7.244212180376052856e-02 2.892146408557891846e-01 -2.326162308454513550e-01 -4.409108161926269531e-01 5.302918553352355957e-01 -2.718159854412078857e-01 2.802567183971405029e-01 2.181075811386108398e-01 -4.512799382209777832e-01 -4.481176733970642090e-01 -5.966061353683471680e-01 -2.655890129972249269e-04 -3.550779819488525391e-01 -1.932242512702941895e-02 -1.297571063041687012e-01 -1.783280968666076660e-01 -4.137668609619140625e-01 -1.960851848125457764e-01 -7.717853784561157227e-01 5.218433737754821777e-01 3.439266383647918701e-01 -5.413949489593505859e-01 -7.674451917409896851e-02 -2.475598007440567017e-01 4.343144595623016357e-01 5.059690475463867188e-01 -1.681568175554275513e-01 -3.119457364082336426e-01 -1.936984509229660034e-01 -6.551116108894348145e-01 -3.741685152053833008e-01 -4.849846288561820984e-02 -4.617702364921569824e-01 -5.802796483039855957e-01 -5.352757573127746582e-01 -1.381395608186721802e-01 -8.229216188192367554e-02 -4.132935106754302979e-01 7.023156285285949707e-01 7.818370461463928223e-01
-9.752667695283889771e-02 -4.820027053356170654e-01 -3.414564952254295349e-02 4.449430704116821289e-01 -4.176938831806182861e-01 -3.985851407051086426e-01 1.398269385099411011e-01 1.902909576892852783e-01 -1.905821114778518677e-01 -6.515009403228759766e-01 9.218652248382568359e-01 -3.822939693927764893e-01 1.353694051504135132e-01 -1.937409304082393646e-02 6.002321243286132812e-01 5.929315686225891113e-01 -3.465160131454467773e-01 -8.084671199321746826e-02 3.110441192984580994e-02 3.067881762981414795e-01 2.000753730535507202e-01 4.475854337215423584e-01 1.126485317945480347e-01 -3.861589431762695312e-01 -7.266128063201904297e-01 2.677196264266967773e-01 -3.762468397617340088e-01 -6.229186803102493286e-02 9.008340537548065186e-03 3.607999384403228760e-01 5.316563844680786133e-01 -5.326862931251525879e-01 -2.295108139514923096e-01 8.532435446977615356e-02 -2.738748788833618164e-01 4.433739483356475830e-01 -3.460699319839477539e-02 7.456522583961486816e-01 2.417194657027721405e-03 1.762231588363647461e-01 3.200359940528869629e-01 -1.931678317487239838e-02 -4.895402491092681885e-01 -3.903314471244812012e-01 5.725974440574645996e-01 -6.078144311904907227e-01 -4.325181841850280762e-01 1.104119569063186646e-01 4.481270909309387207e-01 7.928189039230346680e-01 -2.609978020191192627e-01 4.205553233623504639e-02 2.252275645732879639e-01 3.027834296226501465e-01 7.181596159934997559e-01 2.191041260957717896e-01 7.724652290344238281e-01 -3.773753941059112549e-01 -3.870803862810134888e-02 -1.392829567193984985e-01 -9.706311225891113281e-01 1.818624287843704224e-01 -5.885275602340698242e-01 1.805903390049934387e-02
9.123236536979675293e-01 -4.946568310260772705e-01 3.861538767814636230e-01 3.484983146190643311e-01 -6.217674165964126587e-02 -1.086486101150512695e+00 8.504308462142944336e-01 -1.929929107427597046e-01 -7.273120880126953125e-01 -9.719910025596618652e-01 1.085124254226684570e+00 -9.238388538360595703e-01 2.329805195331573486e-01 -3.173444420099258423e-02 8.546169400215148926e-01 7.540027499198913574e-01 -3.796261250972747803e-01 2.882971167564392090e-01 -2.441787123680114746e-01 -8.297634124755859375e-02 7.324015498161315918e-01 1.155013918876647949e+00 2.363539189100265503e-01 -1.115272521972656250e+00 1.013715147972106934e+00 -9.053385257720947266e-02 -1.834179461002349854e-01 4.737929701805114746e-01 5.357154011726379395e-01 8.093269467353820801e-01 -2.560036182403564453e-01 1.354043126106262207e+00 7.656798362731933594e-01 -2.283833622932434082e-01 -3.159593343734741211e-01 -8.769835345447063446e-03 3.219541311264038086e-01 1.287937909364700317e-01 3.255228698253631592e-02 1.073984742164611816e+00 4.180016517639160156e-01 4.630812704563140869e-01 1.458592265844345093e-01 1.964698433876037598e-01 8.369133472442626953e-01 -4.433027207851409912e-01 -1.421723235398530960e-02 -4.648032784461975098e-01 -2.859516069293022156e-02 1.691895723342895508e-01 3.806768357753753662e-01 -2.064725756645202637e-01 9.790185689926147461e-01 1.675044931471347809e-02 -1.937246173620223999e-01 3.331633657217025757e-02 2.277988046407699585e-01 2.257959991693496704e-01 -1.364609956741333008e+00 1.641622066497802734e+00 -5.058498978614807129e-01 8.629040718078613281e-01 1.423610150814056396e-01 -3.258127868175506592e-01
5.569820404052734375e-01 3.290925025939941406e-01 8.205263018608093262e-01 -2.361363917589187622e-01 1.953654736280441284e-01 -6.893306374549865723e-01 -2.223098427057266235e-01 1.955053582787513733e-02 -7.444440126419067383e-01 -8.032261729240417480e-01 9.280955195426940918e-01 -6.440298557281494141e-01 7.460629343986511230e-01 -9.334983229637145996e-01 1.149248957633972168e+00 5.345229431986808777e-02 3.489084243774414062e-01 -2.421885579824447632e-01 2.009580582380294800e-01 7.167233824729919434e-01 8.798910975456237793e-01 1.159907341003417969e+00 9.340979456901550293e-01 -3.063130974769592285e-01 4.696506559848785400e-01 4.511115849018096924e-01 -2.398694753646850586e-01 -7.192115765064954758e-03 1.244752481579780579e-01 -6.908321380615234375e-02 -6.394259333610534668e-01 3.228506147861480713e-01 2.128972411155700684e-01 1.341679394245147705e-01 -3.892916440963745117e-01 -6.694975495338439941e-01 -4.679624736309051514e-01 5.536873340606689453e-01 -1.962543725967407227e-01 2.577925324440002441e-01 2.455261647701263428e-01 -4.933922365307807922e-02 4.242434501647949219e-01 8.417932391166687012e-01 -1.266891062259674072e-01 -2.860932350158691406e-01 3.474482521414756775e-02 -2.155490405857563019e-02 6.179409027099609375e-01 9.834043681621551514e-02 7.361703515052795410e-01 4.331750869750976562e-01 7.914311885833740234e-01 -3.420907855033874512e-01 -5.180346965789794922e-01 2.815451622009277344e-01 2.036818712949752808e-01 -7.627338171005249023e-01 3.155220672488212585e-02 -1.130190640687942505e-01 1.416298598051071167e-01 -2.378882169723510742e-01 -8.381000906229019165e-02 -4.795719683170318604e-01
6.192519068717956543e-01 -7.183927893638610840e-01 8.174552917480468750e-01 -5.079724267125129700e-02 -2.450157515704631805e-02 -4.714287817478179932e-01 5.254365876317024231e-02 -6.042500138282775879e-01 -4.312360882759094238e-01 -2.990774512290954590e-01 8.483448624610900879e-01 -9.777609109878540039e-01 -1.125731542706489563e-01 -1.263788461685180664e+00 2.878371477127075195e-01 -5.485458374023437500e-01 1.555723398923873901e-01 -4.339668452739715576e-01 3.718828260898590088e-01 -5.167274549603462219e-02 1.033806204795837402e+00 1.081566095352172852e+00 2.226269394159317017e-01 3.007410168647766113e-01 -3.527383506298065186e-01 5.690262913703918457e-01 2.196365892887115479e-01 5.547983050346374512e-01 2.508258521556854248e-01 8.107401728630065918e-01 -3.991013392806053162e-02 8.269868493080139160e-01 4.875186979770660400e-01 -5.363029837608337402e-01 -4.063199460506439209e-01 -1.622332930564880371e-01 3.283651769161224365e-01 -1.731008440256118774e-01 1.505173891782760620e-01 -3.556747734546661377e-01 5.561615824699401855e-01 8.505260944366455078e-01 -1.032280087471008301e+00 2.450920492410659790e-01 6.448478102684020996e-01 -1.339559326879680157e-03 -5.688478350639343262e-01 2.823735773563385010e-01 8.688728809356689453e-01 -1.146480813622474670e-01 4.220321476459503174e-01 -6.612001657485961914e-01 4.047443270683288574e-01 -1.363643705844879150e-01 -9.313441514968872070e-01 -1.916057467460632324e-01 -4.123868942260742188e-01 -4.159571230411529541e-02 -4.420879781246185303e-01 1.024463057518005371e+00 -2.821444869041442871e-01 -2.318539768457412720e-01 -1.911548674106597900e-01 3.562633991241455078e-01
4.791532456874847412e-01 4.586274921894073486e-01 5.869747996330261230e-01 -9.940864518284797668e-03 6.598654389381408691e-02 -1.113988384604454041e-01 7.711663097143173218e-02 3.818564713001251221e-01 -2.466176152229309082e-01 -1.791211366653442383e-01 2.051847130060195923e-01 -1.015873551368713379e+00 9.583523124456405640e-02 -3.753066360950469971e-01 3.495370745658874512e-01 4.013678729534149170e-01 -2.001588493585586548e-01 -2.362726330757141113e-01 -3.334025144577026367e-01 2.170256078243255615e-01 4.542750865221023560e-02 1.166157007217407227e+00 -1.909923553466796875e-01 -2.989110648632049561e-01 -3.450278639793395996e-01 2.560424208641052246e-01 -2.323088794946670532e-01 -8.913056850433349609e-01 5.434440970420837402e-01 -1.033954545855522156e-01 4.953427612781524658e-01 1.710601150989532471e-01 -7.642031908035278320e-01 -4.640489518642425537e-01 -7.993949651718139648e-01 3.446999490261077881e-01 -6.284832954406738281e-01 4.763955995440483093e-02 -7.959954738616943359e-01 -2.057694494724273682e-01 -1.925469934940338135e-01 -3.594643771648406982e-01 -3.210965692996978760e-01 2.744969129562377930e-01 2.664107382297515869e-01 -1.086767792701721191e+00 -6.494457125663757324e-01 -5.256620645523071289e-01 9.148069024085998535e-01 8.319630622863769531e-01 -4.856664314866065979e-02 1.463575214147567749e-01 2.336974255740642548e-02 -7.848739027976989746e-01 -3.199290037155151367e-01 -3.307014703750610352e-01 -1.737191379070281982e-01 -7.714942693710327148e-01 1.335933953523635864e-01 3.220200305804610252e-04 -4.007207229733467102e-02 1.205981969833374023e-01 2.336077392101287842e-01 2.080782055854797363e-01
4.600354135036468506e-01 -3.401627540588378906e-01 1.034631013870239258e+00 3.188072144985198975e-01 6.532636284828186035e-02 -2.952615022659301758e-01 4.606110155582427979e-01 4.360808730125427246e-01 -3.657657802104949951e-01 -2.700199186801910400e-01 9.037643074989318848e-01 -4.615375399589538574e-01 -2.003626525402069092e-01 -4.456806480884552002e-01 6.608592867851257324e-01 1.130448002368211746e-02 -4.616308510303497314e-01 -4.355073273181915283e-01 3.872716799378395081e-02 -8.798279613256454468e-02 -5.837515592575073242e-01 4.427734911441802979e-01 -3.277268260717391968e-02 -5.104919075965881348e-01 3.968339562416076660e-01 6.524100303649902344e-01 1.903769224882125854e-01 1.723042428493499756e-01 1.125584468245506287e-01 -1.299361288547515869e-01 3.851344287395477295e-01 8.403352648019790649e-02 -2.135542482137680054e-01 2.675110101699829102e-01 -5.902326107025146484e-01 4.001896679401397705e-01 -4.393010586500167847e-02 2.336881458759307861e-01 7.539551705121994019e-02 -4.118977785110473633e-01 6.490747630596160889e-02 2.293678373098373413e-01 -1.600074321031570435e-01 1.722447723150253296e-01 5.242516398429870605e-01 -8.181423544883728027e-01 -7.966526150703430176e-01 -5.836300924420356750e-02 5.934286490082740784e-02 7.059358358383178711e-01 -2.565364837646484375e-01 -3.705182075500488281e-01 4.383295774459838867e-01 4.160684645175933838e-01 2.545785605907440186e-01 -8.888496160507202148e-01 7.380825281143188477e-01 -4.797219634056091309e-01 2.486365661025047302e-02 -2.658022046089172363e-01 -4.927936792373657227e-01 2.065805941820144653e-01 -8.307592272758483887e-01 1.136665046215057373e-01
8.432844281196594238e-01 -3.217725455760955811e-01 7.289165854454040527e-01 2.076695710420608521e-01 -1.935062259435653687e-01 -9.532149434089660645e-01 -6.544252038002014160e-01 -9.024135470390319824e-01 -1.084611892700195312e+00 -1.281265616416931152e-01 8.458635210990905762e-01 -7.127148509025573730e-01 -3.502039015293121338e-01 1.847250312566757202e-01 6.409263610839843750e-01 3.487769365310668945e-01 2.928571999073028564e-01 -3.725976347923278809e-01 -1.088455244898796082e-01 -1.419755667448043823e-01 1.000936985015869141e+00 1.525449633598327637e+00 -1.070329919457435608e-01 -8.953425288200378418e-01 -6.500337272882461548e-02 -2.852648496627807617e-01 -4.072535634040832520e-01 7.429388165473937988e-01 -1.946827918291091919e-01 -5.765347275882959366e-03 3.893589675426483154e-01 5.610384941101074219e-01 3.436470627784729004e-01 -8.489972352981567383e-01 -1.320025682449340820e+00 -2.077498584985733032e-01 4.664709568023681641e-01 -5.300713181495666504e-01 3.813001215457916260e-01 -6.819725632667541504e-01 4.137218892574310303e-01 -2.793294005095958710e-02 -3.575363159179687500e-01 -1.797167509794235229e-01 1.135232210159301758e+00 -4.392202496528625488e-01 -7.682139426469802856e-02 -1.888675987720489502e-01 6.970371007919311523e-01 4.740863442420959473e-01 5.080332756042480469e-01 1.339175105094909668e-01 4.978056848049163818e-01 -4.756894409656524658e-01 -7.437162995338439941e-01 6.273132562637329102e-02 5.128316283226013184e-01 2.003540396690368652e-01 5.802512168884277344e-02 8.526560664176940918e-01 -4.453946053981781006e-01 -1.174336075782775879e-01 3.294043242931365967e-01 -6.909179091453552246e-01
3.899878561496734619e-01 1.432050168514251709e-01 -8.268763124942779541e-02 -3.972243368625640869e-01 -9.777424484491348267e-02 1.980402469635009766e-01 5.362728238105773926e-02 1.697483658790588379e-01 -1.199641942977905273e+00 -1.482854932546615601e-01 7.225803732872009277e-01 -1.199956417083740234e+00 -2.070374935865402222e-01 -6.505854129791259766e-01 9.650894999504089355e-01 5.754333734512329102e-01 -4.944423139095306396e-01 -5.110555291175842285e-01 6.106876134872436523e-01 1.419194489717483521e-01 2.151344418525695801e-01 9.136549234390258789e-01 4.110641479492187500e-01 -7.840362191200256348e-01 -9.675063937902450562e-02 5.842233896255493164e-01 -4.061032533645629883e-01 2.912653982639312744e-01 1.763891428709030151e-01 4.928827881813049316e-01 4.453482329845428467e-01 1.095937609672546387e+00 6.643220037221908569e-02 -5.190187692642211914e-01 -1.284490704536437988e+00 1.758383065462112427e-01 -2.366061210632324219e-01 6.632816195487976074e-01 -7.330607771873474121e-01 -6.349803209304809570e-01 -4.460283815860748291e-01 3.036985099315643311e-01 -2.328161299228668213e-01 -3.803370927926152945e-04 -4.115315675735473633e-01 -2.745810896158218384e-02 7.607055455446243286e-02 -2.528598308563232422e-01 -1.510943621397018433e-01 3.782666921615600586e-01 -5.696794390678405762e-01 -4.023416340351104736e-01 -2.173607349395751953e-01 -3.569089472293853760e-01 -3.871515095233917236e-01 7.544077187776565552e-02 1.399797797203063965e-01 -1.082763314247131348e+00 -3.934822976589202881e-01 6.839990019798278809e-01 -5.602049082517623901e-02 5.682588219642639160e-01 -2.083051353693008423e-01 5.736646652221679688e-01
1.113110408186912537e-02 -1.001718282699584961e+00 9.098020195960998535e-01 -8.445378541946411133e-01 -4.414469003677368164e-01 -8.444029688835144043e-01 -3.744632005691528320e-01 -5.885768532752990723e-01 -1.989341080188751221e-01 -1.002416729927062988e+00 8.510226011276245117e-01 -8.068593144416809082e-01 -4.065253585577011108e-02 6.698828190565109253e-02 2.439047247171401978e-01 4.217214584350585938e-01 -1.087830066680908203e-01 5.517206713557243347e-02 7.956099510192871094e-01 4.830332994461059570e-01 1.050782442092895508e+00 -1.136405542492866516e-01 7.455861568450927734e-01 -6.515032052993774414e-01 3.120426833629608154e-01 6.150671243667602539e-01 -4.628691822290420532e-02 -1.305084209889173508e-03 2.291251271963119507e-01 5.379493236541748047e-01 -2.845148742198944092e-01 3.758404636755585670e-05 -7.249730825424194336e-01 -3.133234083652496338e-01 2.299820035696029663e-01 3.155048787593841553e-01 2.121951431035995483e-02 6.170781701803207397e-02 -1.253629475831985474e-01 2.033208012580871582e-01 1.405946612358093262e-01 -3.160525858402252197e-01 5.811605602502822876e-02 -1.337648183107376099e-01 6.861981749534606934e-01 3.570595756173133850e-02 -6.566299200057983398e-01 -6.888422966003417969e-01 2.613906860351562500e-01 7.833633422851562500e-01 -4.567341133952140808e-02 -1.291890442371368408e-01 -3.930853605270385742e-01 5.326116681098937988e-01 -1.824460923671722412e-01 -4.920647442340850830e-01 -5.322857499122619629e-01 -3.672317266464233398e-01 -2.887253416702151299e-03 2.161892652511596680e-01 -8.813025951385498047e-01 5.358324050903320312e-01 -2.212992124259471893e-02 -5.085934400558471680e-01
3.392820656299591064e-01 -6.395103931427001953e-01 5.371505618095397949e-01 -1.767368428409099579e-02 2.097123861312866211e-02 -1.247517243027687073e-01 -9.050221443176269531e-01 -7.076080441474914551e-01 -9.941408634185791016e-01 -5.376220345497131348e-01 9.424442648887634277e-01 2.215964905917644501e-02 -4.942559301853179932e-01 -8.503500223159790039e-01 -6.323084980249404907e-02 2.646289169788360596e-01 3.539703190326690674e-01 -4.687630236148834229e-01 -3.982481658458709717e-01 1.033612966537475586e+00 1.522795557975769043e-01 3.936426043510437012e-01 3.343389332294464111e-01 -8.495707064867019653e-02 4.477652162313461304e-02 1.209317073225975037e-01 2.147835791110992432e-01 8.455510437488555908e-02 -1.706566661596298218e-01 4.014989435672760010e-01 -2.555253207683563232e-01 7.170518040657043457e-01 -5.980479121208190918e-01 3.240713775157928467e-01 -4.804905354976654053e-01 -5.401127934455871582e-01 1.506922841072082520e-01 -4.647386074066162109e-02 4.407478868961334229e-01 -5.249893665313720703e-02 -1.007941439747810364e-01 4.337676763534545898e-01 -3.583723008632659912e-01 8.302906155586242676e-01 5.378957986831665039e-01 8.774575591087341309e-02 3.331280499696731567e-02 1.474412232637405396e-01 9.528334736824035645e-01 4.663807898759841919e-02 7.117779254913330078e-01 -2.970398664474487305e-01 1.027575492858886719e+00 -7.260251641273498535e-01 -6.772180795669555664e-01 5.842882767319679260e-02 6.558197140693664551e-01 -5.450587347149848938e-02 -3.206899762153625488e-01 4.404984116554260254e-01 4.597127065062522888e-02 -2.860288619995117188e-01 -3.811261057853698730e-01 -1.581294685602188110e-01
5.086192488670349121e-01 1.221397146582603455e-01 5.576472878456115723e-01 -6.847337484359741211e-01 -4.663786664605140686e-02 -5.270770788192749023e-01 2.975294366478919983e-02 6.460480093955993652e-01 -2.256995625793933868e-02 -8.746626973152160645e-02 -5.010005831718444824e-02 -1.181082844734191895e+00 -8.596862107515335083e-02 9.997361898422241211e-02 6.036761999130249023e-01 -9.140490740537643433e-02 -2.951098382472991943e-01 1.348183155059814453e-01 4.024617373943328857e-01 5.254619121551513672e-01 1.133688449859619141e+00 6.798738241195678711e-01 1.984756886959075928e-01 -6.313242763280868530e-02 9.022848606109619141e-01 6.399399600923061371e-03 3.942252099514007568e-01 -1.081371188163757324e+00 3.580226004123687744e-02 2.987158000469207764e-01 2.222314178943634033e-01 1.432701945304870605e+00 1.257916688919067383e-01 -8.794649839401245117e-01 -3.681649267673492432e-01 2.691984176635742188e-01 3.971534073352813721e-01 4.913303852081298828e-01 -3.182500898838043213e-01 3.062020242214202881e-01 -1.209520697593688965e-01 -4.604552090167999268e-01 -3.917708694934844971e-01 2.415717095136642456e-01 4.432162940502166748e-01 -8.706451207399368286e-02 -4.562896490097045898e-01 1.361457165330648422e-03 7.447403669357299805e-01 6.251538991928100586e-01 -1.938457489013671875e-01 -7.537219673395156860e-02 -7.869914174079895020e-02 -4.588249027729034424e-01 2.746544778347015381e-01 -5.852826237678527832e-01 -7.730795443058013916e-02 -5.341336131095886230e-01 2.154982388019561768e-01 -2.797777950763702393e-01 -6.781388521194458008e-01 -2.031845301389694214e-01 4.453474283218383789e-01 -1.623800098896026611e-01
9.512987136840820312e-01 1.293644756078720093e-01 9.939669370651245117e-01 -7.112059593200683594e-01 -2.608405947685241699e-01 -3.284434378147125244e-01 -1.729706972837448120e-01 6.668522953987121582e-01 -1.096164509654045105e-01 4.412740841507911682e-02 3.133269548416137695e-01 -1.310420393943786621e+00 8.029274344444274902e-01 -3.305961787700653076e-01 3.206349015235900879e-01 2.091106176376342773e-01 -1.714006997644901276e-02 2.208866477012634277e-01 -9.535391628742218018e-02 6.342029571533203125e-01 1.098310232162475586e+00 2.001607567071914673e-01 2.767957933247089386e-02 -1.824555695056915283e-01 2.761753797531127930e-01 -4.160497784614562988e-01 1.874053329229354858e-01 -1.045848846435546875e+00 3.648747205734252930e-01 5.083754062652587891e-01 -1.036194860935211182e-01 8.833771347999572754e-01 -2.755900844931602478e-03 -7.568627595901489258e-01 -1.142579555511474609e+00 -3.502734899520874023e-01 9.665995091199874878e-02 5.457604527473449707e-01 -7.674823999404907227e-01 -4.975910857319831848e-02 2.678790092468261719e-01 4.879664257168769836e-02 -1.909828782081604004e-01 1.516769826412200928e-01 2.834930419921875000e-01 -9.566736966371536255e-02 -3.990167379379272461e-02 -1.384960561990737915e-01 5.610719323158264160e-01 1.662344038486480713e-01 2.803846299648284912e-01 5.501462817192077637e-01 -5.483281239867210388e-02 -2.674545347690582275e-01 -6.022850051522254944e-02 -3.205731511116027832e-01 -1.641983091831207275e-01 -3.432056307792663574e-01 -6.040645837783813477e-01 2.801859378814697266e-01 -5.489081144332885742e-01 -3.092773854732513428e-01 3.564006686210632324e-01 1.743714958429336548e-01
5.917243957519531250e-01 -4.693896770477294922e-01 6.726598739624023438e-01 -4.828596413135528564e-01 9.138095378875732422e-02 -3.495392501354217529e-01 4.536934569478034973e-02 -8.056831359863281250e-01 -8.813647031784057617e-01 6.337592843919992447e-03 6.655716896057128906e-01 -4.882896244525909424e-01 -1.924053877592086792e-01 -9.171818494796752930e-01 -3.840447664260864258e-01 9.250697493553161621e-01 3.087082505226135254e-01 3.096458315849304199e-01 1.314613223075866699e-01 9.345542192459106445e-01 2.697362005710601807e-01 -6.358814239501953125e-02 3.580583930015563965e-01 -3.114500045776367188e-01 5.646756887435913086e-01 -2.154968529939651489e-01 -4.037961065769195557e-01 -6.265434026718139648e-01 3.202896714210510254e-01 2.002122700214385986e-01 -4.150435626506805420e-01 5.886923074722290039e-01 -6.337583661079406738e-01 -8.983539789915084839e-02 2.352926582098007202e-01 2.401705980300903320e-01 -3.242338895797729492e-01 -1.042174100875854492e+00 1.268241107463836670e-01 -6.070390939712524414e-01 1.026474311947822571e-01 9.465985000133514404e-02 -3.029664754867553711e-01 1.027128845453262329e-01 9.433864057064056396e-02 -1.504945158958435059e-01 1.295545790344476700e-02 -3.530870676040649414e-01 2.140835970640182495e-01 -2.800709903240203857e-01 -8.510236740112304688e-01 -9.976107627153396606e-03 1.161751747131347656e+00 -8.173927068710327148e-01 -3.733803629875183105e-01 -1.012781500816345215e+00 5.054460838437080383e-02 -2.667359709739685059e-01 -1.444281488656997681e-01 1.127355918288230896e-01 -3.847030103206634521e-01 -1.252988874912261963e-01 -4.915212690830230713e-01 -4.726918041706085205e-02
-6.205347925424575806e-02 -7.285516858100891113e-01 -3.570492565631866455e-01 -3.706674277782440186e-01 -3.688524961471557617e-01 -4.680013656616210938e-01 3.401623368263244629e-01 -4.108345136046409607e-02 -9.813796877861022949e-01 -1.864986419677734375e-01 7.336213588714599609e-01 -9.317962527275085449e-01 -4.819393455982208252e-01 2.129385173320770264e-01 1.322201043367385864e-01 2.916836142539978027e-01 -6.388370990753173828e-01 -5.543408989906311035e-01 2.552918493747711182e-01 5.078640580177307129e-01 7.342267036437988281e-02 9.111743420362472534e-02 -1.045209541916847229e-01 -7.787504792213439941e-01 6.377959251403808594e-02 -3.694492876529693604e-01 -1.489749550819396973e-01 8.881329558789730072e-04 3.197588026523590088e-01 3.095296621322631836e-01 3.213540911674499512e-01 -3.496448099613189697e-01 1.300130039453506470e-01 -3.576738238334655762e-01 -8.170748949050903320e-01 7.552930712699890137e-01 6.756861805915832520e-01 2.409292757511138916e-01 -2.337560057640075684e-01 1.568412035703659058e-01 2.609733641147613525e-01 4.213618934154510498e-01 1.548703201115131378e-02 -3.258799910545349121e-01 1.479458659887313843e-01 -7.616688311100006104e-02 -1.666943728923797607e-01 -3.155623376369476318e-01 3.604344427585601807e-01 6.169953569769859314e-02 -2.476068735122680664e-01 3.300969004631042480e-01 1.178439855575561523e+00 4.583158493041992188e-01 -1.627997308969497681e-01 -3.345614969730377197e-01 1.612725377082824707e+00 -2.081467211246490479e-01 -2.488956898450851440e-01 -8.619938045740127563e-02 -1.124307811260223389e-01 1.909055560827255249e-01 -1.023285686969757080e-01 6.613046526908874512e-01
-1.326952278614044189e-01 -4.133467674255371094e-01 3.943475186824798584e-01 -3.811504840850830078e-01 5.213716030120849609e-01 -6.787294149398803711e-01 4.176919460296630859e-01 -2.263821959495544434e-01 -6.852027177810668945e-01 -5.105860233306884766e-01 1.221513748168945312e+00 1.171297058463096619e-01 -4.534544646739959717e-01 -6.490150094032287598e-01 2.121721208095550537e-01 6.851518154144287109e-01 1.635298430919647217e-01 -1.579515337944030762e-01 -3.412457415834069252e-03 1.272524356842041016e+00 3.964100480079650879e-01 4.126639291644096375e-02 -4.496329724788665771e-01 -4.177317917346954346e-01 6.820923089981079102e-01 2.211178690195083618e-01 -6.462149024009704590e-01 3.173978626728057861e-01 1.891363412141799927e-01 -4.079408943653106689e-01 4.297973513603210449e-01 9.128799438476562500e-01 -5.964130163192749023e-01 -2.532115876674652100e-01 1.354560852050781250e-01 -9.524340182542800903e-02 -1.519703865051269531e-01 -3.646331131458282471e-01 7.767421603202819824e-01 -3.697555363178253174e-01 1.023803949356079102e-01 -2.705782949924468994e-01 4.039363563060760498e-01 1.755692362785339355e-01 -8.644697070121765137e-02 3.010183013975620270e-02 -8.479870110750198364e-02 -4.823399782180786133e-01 9.824784398078918457e-01 -3.679569661617279053e-01 7.514548897743225098e-01 -4.952652007341384888e-02 7.292143106460571289e-01 -4.341945946216583252e-01 -2.410893589258193970e-01 1.576547138392925262e-02 8.685484528541564941e-01 -4.545660912990570068e-01 -7.808343768119812012e-01 -4.653147235512733459e-02 -5.448963642120361328e-01 2.813462615013122559e-01 6.047342717647552490e-02 1.257434785366058350e-01
-5.590339303016662598e-01 3.102745115756988525e-01 3.275954127311706543e-01 -4.509707689285278320e-01 3.915946185588836670e-01 -5.996189117431640625e-01 -2.176684327423572540e-02 -4.293383359909057617e-01 -7.219526767730712891e-01 -7.362569868564605713e-02 4.449486732482910156e-01 -9.464418292045593262e-01 -4.381401538848876953e-01 -2.117446511983871460e-01 -1.047640964388847351e-01 4.373605549335479736e-01 -8.147842250764369965e-03 1.242401674389839172e-01 3.094485402107238770e-01 5.375300049781799316e-01 -2.314805835485458374e-01 -2.586687207221984863e-01 6.016141176223754883e-01 2.780621349811553955e-01 5.605069994926452637e-01 -2.309117913246154785e-01 -4.658515378832817078e-02 1.679704636335372925e-01 -2.034870386123657227e-01 6.956000626087188721e-02 -5.875691422261297703e-04 -8.569219708442687988e-02 -5.928189158439636230e-01 -6.076511740684509277e-01 -5.301541090011596680e-01 -1.013358756899833679e-01 3.600328415632247925e-02 3.233439922332763672e-01 1.923762559890747070e-01 -7.298277616500854492e-01 6.393746733665466309e-01 1.415291577577590942e-01 -2.450629025697708130e-01 9.616554379463195801e-01 -2.901923097670078278e-02 -3.934127092361450195e-01 2.793943583965301514e-01 -5.171793103218078613e-01 3.752983808517456055e-01 -5.494213700294494629e-01 2.615787684917449951e-01 2.526920661330223083e-02 1.149652242660522461e+00 -1.209424957633018494e-01 -7.081437706947326660e-01 2.751564420759677887e-02 6.464333534240722656e-01 -1.007893756031990051e-01 -1.138793349266052246e+00 1.661369651556015015e-01 -2.601180970668792725e-01 1.183489859104156494e-01 -4.422289729118347168e-01 7.539116591215133667e-02
2.311280667781829834e-01 -9.401330351829528809e-01 -2.238767407834529877e-02 3.698881715536117554e-02 -1.139662265777587891e+00 -8.375090546905994415e-03 1.150688305497169495e-01 5.124004185199737549e-02 -1.216258168220520020e+00 1.025590524077415466e-01 3.668736517429351807e-01 -1.791774511337280273e+00 -1.986452639102935791e-01 -1.733360648155212402e+00 2.262476235628128052e-01 2.596838176250457764e-01 5.884867906570434570e-01 -3.382433056831359863e-01 6.346090435981750488e-01 4.311246275901794434e-01 9.989579319953918457e-01 5.218241810798645020e-01 7.802907824516296387e-01 -1.976179182529449463e-01 7.033517360687255859e-01 7.240471243858337402e-01 -1.469509303569793701e-01 2.233417332172393799e-01 -2.599751055240631104e-01 2.586235105991363525e-01 -8.068071603775024414e-01 2.246416509151458740e-01 -3.638408184051513672e-01 -3.692420423030853271e-01 -1.442305803298950195e+00 -1.384553592652082443e-02 8.626151680946350098e-01 3.009945750236511230e-01 1.238135248422622681e-01 5.086014866828918457e-01 7.053521871566772461e-01 2.674999833106994629e-01 -2.088993638753890991e-01 -8.328766226768493652e-01 5.613453984260559082e-01 -4.528801143169403076e-01 1.045688837766647339e-01 -3.490981757640838623e-01 5.052835941314697266e-01 6.365279555320739746e-01 -5.547990798950195312e-01 4.569998085498809814e-01 1.026221632957458496e+00 -8.892039060592651367e-01 1.802355349063873291e-01 3.330788910388946533e-01 -8.665103316307067871e-01 -1.216469168663024902e+00 -2.587754428386688232e-01 5.940858721733093262e-01 5.523359179496765137e-01 4.616055637598037720e-02 -4.601109623908996582e-01 1.464295238256454468e-01
-6.255310773849487305e-01 -5.186011791229248047e-01 -6.604353785514831543e-01 4.294257611036300659e-02 8.196122199296951294e-02 -9.467268586158752441e-01 1.822092682123184204e-01 5.512949824333190918e-01 -6.078538894653320312e-01 -9.520475864410400391e-01 4.724348485469818115e-01 -1.020115375518798828e+00 1.068164967000484467e-02 -7.924409210681915283e-02 6.930721402168273926e-01 1.056759506464004517e-01 3.925360143184661865e-01 -3.691526651382446289e-01 1.616549789905548096e-01 6.983608007431030273e-01 -2.166181206703186035e-01 1.363036483526229858e-01 -4.518651962280273438e-01 -2.804691903293132782e-02 3.212564289569854736e-01 1.350535303354263306e-01 -4.179740548133850098e-01 4.846289753913879395e-02 2.708099223673343658e-02 3.269977569580078125e-01 1.173439845442771912e-01 -1.593668311834335327e-01 -3.434659242630004883e-01 -1.097639083862304688e+00 -2.994026839733123779e-01 6.619185954332351685e-02 1.817251294851303101e-01 -2.319675832986831665e-01 -1.415047645568847656e-01 -1.436512023210525513e-01 3.258308470249176025e-01 1.034242846071720123e-02 -1.036912295967340469e-02 -7.944411784410476685e-02 2.861817181110382080e-01 5.262728929519653320e-01 -1.515146493911743164e-01 -7.180420160293579102e-01 8.331508189439773560e-02 1.049255803227424622e-01 1.588260382413864136e-01 -5.535161495208740234e-01 1.261226177215576172e+00 -4.834259450435638428e-01 -6.001384854316711426e-01 -3.420808017253875732e-01 1.296735554933547974e-01 4.231294095516204834e-01 -3.401229083538055420e-01 5.907641649246215820e-01 3.883436322212219238e-01 2.533306181430816650e-01 -6.237676739692687988e-01 1.261740475893020630e-01
2.234488278627395630e-01 -8.301474452018737793e-01 3.049305379390716553e-01 -2.417002916336059570e-01 -5.310698151588439941e-01 -2.583818435668945312e-01 1.220614016056060791e-01 4.834704995155334473e-01 -8.183247447013854980e-01 -5.980745553970336914e-01 5.662310719490051270e-01 -1.617621034383773804e-01 -7.992311716079711914e-01 -1.914150863885879517e-01 1.225405484437942505e-01 6.019827127456665039e-01 6.549216061830520630e-02 -3.692462742328643799e-01 4.399329721927642822e-01 9.100923538208007812e-01 5.228165984153747559e-01 -1.326352655887603760e-01 4.533267021179199219e-01 -2.188910841941833496e-01 1.081972289830446243e-02 6.548594683408737183e-02 -2.957423925399780273e-01 -3.508340716361999512e-01 -1.086260229349136353e-01 -2.358343452215194702e-01 -4.710284620523452759e-02 4.603313505649566650e-01 -5.892770364880561829e-02 7.909166812896728516e-02 -4.863365292549133301e-01 4.265168905258178711e-01 3.311552703380584717e-01 -3.039905130863189697e-01 5.323495864868164062e-01 -3.241868019104003906e-01 5.130176544189453125e-01 5.396773219108581543e-01 -3.447462320327758789e-01 3.564473986625671387e-01 -3.106859922409057617e-01 -1.943673342466354370e-01 -6.390169262886047363e-02 -8.668857812881469727e-01 7.309743165969848633e-01 -1.115556955337524414e-01 1.922513842582702637e-01 3.497645854949951172e-01 1.197331666946411133e+00 -4.947955310344696045e-01 -4.191310405731201172e-01 3.017576336860656738e-01 6.125510931015014648e-01 5.355376005172729492e-01 -3.909165561199188232e-01 -3.122573792934417725e-01 6.245720982551574707e-01 8.171443343162536621e-01 -2.347667329013347626e-02 1.358174085617065430e-01
-3.612275421619415283e-01 1.509834378957748413e-01 -1.864506155252456665e-01 -8.119712471961975098e-01 -3.354133367538452148e-01 -7.434236407279968262e-01 4.874235987663269043e-01 -5.356501936912536621e-01 -6.263823509216308594e-01 1.973998844623565674e-01 3.818203508853912354e-01 -1.299808979034423828e+00 -1.043501645326614380e-01 -2.140600979328155518e-01 1.877867132425308228e-01 2.922339439392089844e-01 -5.865985527634620667e-03 -7.454094290733337402e-01 1.261775046586990356e-01 4.197028279304504395e-01 1.271222829818725586e-01 2.278031706809997559e-01 4.419561326503753662e-01 4.312312304973602295e-01 6.575681567192077637e-01 -3.956333696842193604e-01 6.347366571426391602e-01 4.303996916860342026e-03 3.120319247245788574e-01 -1.229144982062280178e-04 -8.636588603258132935e-02 -9.299720823764801025e-02 -5.147331953048706055e-02 -7.785921096801757812e-01 -1.683236360549926758e-01 5.985305905342102051e-01 6.918226480484008789e-01 6.914851665496826172e-01 4.791697859764099121e-02 -4.664656817913055420e-01 -2.330646812915802002e-01 -3.972274661064147949e-01 -3.543249368667602539e-01 6.501021385192871094e-01 5.957579612731933594e-01 -2.431730777025222778e-01 -7.129691541194915771e-02 -5.774506330490112305e-01 1.473277658224105835e-01 -3.835788369178771973e-01 -1.602811962366104126e-01 7.828079164028167725e-02 1.077571034431457520e+00 -3.803614526987075806e-02 -5.706281065940856934e-01 -3.257742151618003845e-02 3.686624765396118164e-01 1.437160819768905640e-01 -3.685027062892913818e-01 4.963042736053466797e-01 -2.556436359882354736e-01 1.681833714246749878e-01 2.803779542446136475e-01 1.166533157229423523e-01
5.673341751098632812e-01 -2.899519801139831543e-01 9.236576408147811890e-02 5.611475706100463867e-01 3.478285670280456543e-01 -3.741042315959930420e-01 2.620313465595245361e-01 -1.343798339366912842e-01 -1.206825017929077148e+00 -2.350481599569320679e-01 6.304283142089843750e-01 -2.041337251663208008e+00 4.027612805366516113e-01 -1.302140593528747559e+00 5.192301869392395020e-01 5.669698715209960938e-01 3.835227787494659424e-01 2.188118994235992432e-01 -3.194826189428567886e-03 4.585824906826019287e-01 3.899963796138763428e-01 1.412532776594161987e-01 3.618824481964111328e-01 -6.864003539085388184e-01 1.138597652316093445e-01 -4.873290061950683594e-01 5.214793682098388672e-01 2.194693498313426971e-02 1.870316863059997559e-01 -2.514380514621734619e-01 8.244594931602478027e-02 1.060271859169006348e-01 -1.684277653694152832e-01 -1.109991520643234253e-01 -1.105306893587112427e-01 3.128111362457275391e-01 1.076640561223030090e-01 -1.375526785850524902e+00 -2.099865078926086426e-01 -1.254584193229675293e-01 -4.583317935466766357e-01 -4.309911280870437622e-02 5.512006953358650208e-02 -6.375146657228469849e-02 8.424755930900573730e-01 -1.446191072463989258e-01 -1.769056022167205811e-01 -3.305128514766693115e-01 6.875863671302795410e-01 -3.401184380054473877e-01 -4.110079109668731689e-01 2.725307643413543701e-01 7.760783433914184570e-01 2.962250113487243652e-01 -8.900863677263259888e-02 5.203766822814941406e-01 -2.031002044677734375e-01 1.064076647162437439e-01 -1.221567630767822266e+00 1.460640132427215576e-01 -8.674672245979309082e-01 7.095479965209960938e-01 -3.250866755843162537e-02 -3.703634142875671387e-01
1.995045691728591919e-01 -4.692338109016418457e-01 2.900833785533905029e-01 -1.906777620315551758e-01 2.377732545137405396e-01 -7.927460223436355591e-02 2.442958205938339233e-01 9.589515626430511475e-02 -7.498372793197631836e-01 -7.672565579414367676e-01 1.049687385559082031e+00 -7.607098221778869629e-01 -6.156786084175109863e-01 -6.026477813720703125e-01 -3.208954632282257080e-01 3.375509977340698242e-01 8.829762935638427734e-01 -3.912721574306488037e-01 6.569262742996215820e-01 4.375054538249969482e-01 4.585551321506500244e-01 1.310411393642425537e-01 -3.502918779850006104e-01 -7.076645493507385254e-01 8.092545717954635620e-02 3.167038857936859131e-01 -2.105633467435836792e-01 -3.556652963161468506e-01 -3.505027294158935547e-01 -2.518912553787231445e-01 3.440355956554412842e-01 3.400201201438903809e-01 5.350993871688842773e-01 -1.236105799674987793e+00 -2.122856676578521729e-01 -2.254326045513153076e-01 1.166804581880569458e-01 -9.100657701492309570e-02 -1.382239609956741333e-01 2.204609066247940063e-01 3.747167438268661499e-02 -1.601919382810592651e-01 1.035871654748916626e-01 3.293397128582000732e-01 1.838804781436920166e-01 5.713786184787750244e-02 -7.721439599990844727e-01 -8.480142354965209961e-01 8.169820904731750488e-01 -2.307525873184204102e-01 2.036890536546707153e-01 5.843222141265869141e-02 5.827620029449462891e-01 6.136456504464149475e-02 -3.716129362583160400e-01 1.118708029389381409e-01 -2.089754790067672729e-01 8.883827328681945801e-01 -5.772178173065185547e-01 3.498375713825225830e-01 7.857506871223449707e-01 8.680658936500549316e-01 -4.759806394577026367e-01 3.797927200794219971e-01
-3.764635324478149414e-01 -9.825245738029479980e-01 4.634504616260528564e-01 -1.562940329313278198e-01 -6.320112943649291992e-02 -3.636793196201324463e-01 7.096341252326965332e-02 -4.930010735988616943e-01 -8.247225880622863770e-01 -2.767477929592132568e-01 -5.497173219919204712e-02 -2.544799149036407471e-01 -3.844639658927917480e-01 -4.839608669281005859e-01 4.186212550848722458e-03 1.082132339477539062e+00 1.752050518989562988e-01 -2.518447935581207275e-01 -1.191392913460731506e-01 9.292566776275634766e-01 2.962855100631713867e-01 -3.514358103275299072e-01 -5.819502472877502441e-02 -5.853245854377746582e-01 6.220566630363464355e-01 6.981666684150695801e-01 -1.053038612008094788e-01 1.950624436140060425e-01 1.144152656197547913e-01 -1.937973350286483765e-01 4.006891548633575439e-01 4.297493100166320801e-01 -5.683048367500305176e-01 -4.649671018123626709e-01 3.150732815265655518e-01 -4.083193540573120117e-01 -3.589602410793304443e-01 5.360389128327369690e-02 7.828571200370788574e-01 1.525878161191940308e-01 6.286938190460205078e-01 -3.262343406677246094e-01 -2.478054463863372803e-01 5.243794918060302734e-01 4.968734681606292725e-01 -6.013379693031311035e-01 -2.748993933200836182e-01 -7.557415366172790527e-01 1.348019123077392578e+00 -6.379588246345520020e-01 6.437252163887023926e-01 -1.175913363695144653e-01 4.807195365428924561e-01 -4.798912703990936279e-01 2.902125008404254913e-02 1.119799613952636719e-01 3.373495340347290039e-01 -7.033067345619201660e-01 -3.994466960430145264e-01 1.389123350381851196e-01 6.114411354064941406e-02 -6.883522868156433105e-02 -5.188060458749532700e-03 -6.284794211387634277e-01
-1.526852995157241821e-01 -2.045530974864959717e-01 6.499455869197845459e-02 -4.461347758769989014e-01 1.615173369646072388e-01 -3.932500481605529785e-01 6.091686487197875977e-01 -2.803252637386322021e-01 -9.128894805908203125e-01 -5.047164559364318848e-01 8.628964424133300781e-01 -5.652924180030822754e-01 -6.173079609870910645e-01 7.142443954944610596e-02 4.850666224956512451e-02 6.836714148521423340e-01 -5.221678018569946289e-01 -5.984642505645751953e-01 5.068963766098022461e-01 1.250138401985168457e+00 6.731038689613342285e-01 1.760752499103546143e-01 -2.518334090709686279e-01 -4.098853766918182373e-01 7.668318748474121094e-01 -2.521945536136627197e-01 -3.427463769912719727e-01 1.366837918758392334e-01 4.518618062138557434e-02 -4.093280732631683350e-01 1.659451425075531006e-01 5.376082658767700195e-01 4.507936835289001465e-01 -8.108245134353637695e-01 -1.672292500734329224e-01 4.812894463539123535e-01 1.028643012046813965e+00 -3.523902893066406250e-01 -5.154389142990112305e-01 -8.797368407249450684e-02 5.706407874822616577e-02 -2.696672640740871429e-02 1.808289736509323120e-01 2.510371804237365723e-01 1.884136050939559937e-01 3.811720609664916992e-01 -5.151316523551940918e-01 -6.090483069419860840e-01 9.615449905395507812e-01 -2.794406712055206299e-01 5.159996151924133301e-01 4.823915362358093262e-01 1.084151506423950195e+00 2.904658019542694092e-01 -2.501821517944335938e-01 -1.918047964572906494e-01 1.025013446807861328e+00 1.881885379552841187e-01 -4.533209800720214844e-01 2.754267454147338867e-01 2.928774654865264893e-01 2.436894327402114868e-01 9.542502462863922119e-02 7.023578882217407227e-01
-8.783157169818878174e-02 -4.836401343345642090e-01 1.648297905921936035e-01 -9.090319871902465820e-01 -9.428295493125915527e-02 -1.126580405980348587e-03 3.886370062828063965e-01 3.944109380245208740e-01 -1.060750007629394531e+00 -3.878906071186065674e-01 1.188471794128417969e+00 -9.223944544792175293e-01 -6.937066316604614258e-01 3.268896415829658508e-02 1.942238360643386841e-01 6.236725449562072754e-01 -3.879505693912506104e-01 -3.035979270935058594e-01 3.103353977203369141e-01 5.133505463600158691e-01 5.647388100624084473e-01 8.026819229125976562e-01 5.727620124816894531e-01 -6.926742196083068848e-02 1.753406040370464325e-02 -5.260118246078491211e-01 1.041471585631370544e-01 2.853315770626068115e-01 3.002001345157623291e-01 -4.172545373439788818e-01 -1.413715481758117676e-01 7.982972264289855957e-02 4.071793854236602783e-01 -3.121482729911804199e-01 -4.605778753757476807e-01 4.365692138671875000e-01 9.878003001213073730e-01 -1.488861069083213806e-02 8.390458673238754272e-02 -5.944998562335968018e-02 4.569366872310638428e-01 2.563226222991943359e-01 -3.008380532264709473e-02 1.429912820458412170e-02 -4.027191549539566040e-02 -7.456041127443313599e-02 -1.758583486080169678e-01 -1.072846293449401855e+00 4.853477776050567627e-01 5.920883268117904663e-02 5.829678475856781006e-02 5.872310996055603027e-01 9.027310609817504883e-01 -1.447646468877792358e-01 8.216269314289093018e-02 2.137887626886367798e-01 9.368360042572021484e-01 4.917928948998451233e-02 -2.762544453144073486e-01 9.929718822240829468e-02 1.763846278190612793e-01 -5.791285634040832520e-02 1.665316969156265259e-01 6.028864383697509766e-01
-1.393374800682067871e-01 -6.889431476593017578e-01 -3.058210313320159912e-01 -9.312681555747985840e-01 -3.644501268863677979e-01 -5.853106454014778137e-02 5.022732019424438477e-01 2.923822700977325439e-01 -6.038609147071838379e-01 -9.340716898441314697e-02 6.782178282737731934e-01 -5.500773191452026367e-01 -1.349187135696411133e+00 -4.127981364727020264e-01 6.988070607185363770e-01 9.022400975227355957e-01 -3.727291822433471680e-01 -2.753971330821514130e-02 2.396624907851219177e-02 4.104921817779541016e-01 6.901079416275024414e-01 6.238228678703308105e-01 2.197456657886505127e-01 -2.227516323328018188e-01 -2.484646812081336975e-02 -4.131796956062316895e-01 3.172456324100494385e-01 -3.588882386684417725e-01 7.997603416442871094e-01 5.161935687065124512e-01 2.414264529943466187e-02 -1.379946917295455933e-01 5.754422545433044434e-01 -5.770564079284667969e-01 -1.606384515762329102e-01 4.971518218517303467e-01 9.013877511024475098e-01 -1.114292293787002563e-01 9.474895149469375610e-02 -1.642235666513442993e-01 -1.055025532841682434e-01 3.022060357034206390e-02 1.238402277231216431e-01 2.315301597118377686e-01 -4.846810922026634216e-02 -7.246735095977783203e-01 -2.051292657852172852e-01 -5.993636250495910645e-01 6.512303352355957031e-01 -2.302434891462326050e-01 5.202294886112213135e-02 3.839110136032104492e-01 9.351991415023803711e-01 -4.814464598894119263e-02 -4.045839905738830566e-01 -1.094925180077552795e-01 1.582160592079162598e-01 4.431228339672088623e-01 -1.356332302093505859e-01 -7.086071968078613281e-01 -1.897649466991424561e-01 2.416547983884811401e-01 1.054730638861656189e-01 -1.637501120567321777e-01
-1.162906661629676819e-01 -6.454895138740539551e-01 7.569890469312667847e-02 -1.619013771414756775e-02 2.221912145614624023e-01 -2.009593099355697632e-01 6.305481493473052979e-02 -5.708828568458557129e-03 -8.856096267700195312e-01 -4.977854192256927490e-01 -3.445462882518768311e-01 -5.817793011665344238e-01 -3.320577442646026611e-01 -4.277321100234985352e-01 7.418308854103088379e-01 4.486234784126281738e-01 8.642152547836303711e-01 -2.020347863435745239e-01 5.837687253952026367e-01 8.682665824890136719e-01 2.291745394468307495e-01 -1.462065577507019043e-01 -2.147905156016349792e-02 -6.004813909530639648e-01 3.021861910820007324e-01 5.611994266510009766e-01 -7.660911418497562408e-03 -1.993493586778640747e-01 3.568614423274993896e-01 3.302271068096160889e-01 5.437911152839660645e-01 3.674811124801635742e-01 -3.024140596389770508e-01 -1.180954456329345703e+00 -2.010247409343719482e-01 -2.269660830497741699e-01 -2.580549754202365875e-02 -2.624577283859252930e-01 3.823562711477279663e-02 4.045135974884033203e-01 8.276412487030029297e-01 -4.657885730266571045e-01 2.679082453250885010e-01 7.666775584220886230e-02 7.809454798698425293e-01 -1.331560164690017700e-01 -2.576411142945289612e-02 -1.334965229034423828e+00 3.619482815265655518e-01 -4.540424048900604248e-01 3.719640970230102539e-01 -4.157839119434356689e-01 2.595753669738769531e-01 3.103158771991729736e-01 -1.016430258750915527e+00 2.502920329570770264e-01 2.081961184740066528e-01 4.015391170978546143e-01 -1.570514738559722900e-01 6.143065094947814941e-01 1.634947955608367920e-01 1.872807741165161133e-01 -5.123432278633117676e-01 -2.757689356803894043e-01
4.863397181034088135e-01 -7.367439866065979004e-01 2.804044261574745178e-02 -2.972071170806884766e-01 1.566680818796157837e-01 -2.531939148902893066e-01 6.733680516481399536e-02 1.041711214929819107e-02 -6.751683950424194336e-01 2.333306968212127686e-01 5.853734016418457031e-01 -1.175029277801513672e+00 4.157317057251930237e-02 -8.306308984756469727e-01 4.836120307445526123e-01 -6.662029027938842773e-01 -1.492807865142822266e-01 1.981276720762252808e-01 -2.085089534521102905e-01 5.294786691665649414e-01 1.195992231369018555e+00 -1.050525233149528503e-01 5.673243105411529541e-02 1.070139855146408081e-01 2.303864061832427979e-01 4.673368483781814575e-02 -1.395484656095504761e-01 -3.127097487449645996e-01 4.362500309944152832e-01 9.011579751968383789e-01 1.271481812000274658e-01 7.618136703968048096e-02 3.796880245208740234e-01 -3.327535092830657959e-01 -1.526182424277067184e-02 -5.435476303100585938e-01 -6.701423320919275284e-03 -2.726732194423675537e-01 -2.990055978298187256e-01 7.424157112836837769e-03 5.079960227012634277e-01 3.749191015958786011e-02 -5.327318310737609863e-01 -1.447669863700866699e-01 7.498589754104614258e-01 -6.497202068567276001e-02 6.804558634757995605e-02 -4.652830064296722412e-01 1.377045392990112305e+00 1.891133040189743042e-01 4.366158843040466309e-01 -2.814954519271850586e-01 -6.647761911153793335e-02 4.217417836189270020e-01 -6.460753679275512695e-01 -5.570226907730102539e-01 -6.772916913032531738e-01 -3.257146179676055908e-01 -4.471574425697326660e-01 5.588939189910888672e-01 9.064690023660659790e-02 -5.281028151512145996e-01 -2.270700633525848389e-01 1.459528207778930664e-01
1.352538913488388062e-01 -1.109838485717773438e+00 -1.795309036970138550e-01 -2.103905379772186279e-01 2.657602727413177490e-01 -1.038015842437744141e+00 6.251967549324035645e-01 -4.378668963909149170e-02 -7.919139862060546875e-01 -4.066623449325561523e-01 5.269055366516113281e-01 -1.000936269760131836e+00 6.492081284523010254e-02 -7.655996680259704590e-01 6.271387636661529541e-02 8.026014268398284912e-02 -8.418964594602584839e-02 -2.541590332984924316e-01 1.509580761194229126e-01 7.791155576705932617e-01 9.707453846931457520e-01 -4.484314322471618652e-01 6.969362031668424606e-03 -4.180431067943572998e-01 8.799661397933959961e-01 -2.885487675666809082e-01 -2.473525255918502808e-01 4.983068108558654785e-01 3.584993481636047363e-01 -3.222857415676116943e-01 6.829205751419067383e-01 6.228968873620033264e-02 -7.018364667892456055e-01 -7.569957375526428223e-01 1.941605210304260254e-01 -2.078091166913509369e-02 -2.378798425197601318e-01 -7.280639559030532837e-02 -1.480755656957626343e-01 -9.481203556060791016e-02 -1.777332425117492676e-01 2.346100658178329468e-01 -2.167725265026092529e-01 -2.002000994980335236e-02 2.116998583078384399e-01 3.963473439216613770e-01 -5.151828527450561523e-01 -4.232565462589263916e-01 1.492440253496170044e-01 -6.366988420486450195e-01 -9.885469824075698853e-02 2.171329222619533539e-02 7.421763539314270020e-01 -1.947727948427200317e-01 -5.378651022911071777e-01 1.429891586303710938e-01 7.261568903923034668e-01 -4.799476861953735352e-01 -8.156473040580749512e-01 6.039156317710876465e-01 -5.829036831855773926e-01 1.771062314510345459e-01 2.380241155624389648e-01 4.969131648540496826e-01
6.646782755851745605e-01 -4.766947031021118164e-01 -4.960279911756515503e-02 -3.309124112129211426e-01 -4.982046186923980713e-01 -5.957205295562744141e-01 7.307609319686889648e-01 -4.406352341175079346e-01 -1.012156128883361816e+00 -3.029372692108154297e-01 1.650525629520416260e-01 -7.180841565132141113e-01 1.111783087253570557e-01 -1.161976695060729980e+00 -7.590624690055847168e-01 1.464655160903930664e+00 3.939559310674667358e-02 -7.261209487915039062e-01 9.534974396228790283e-02 -3.069535791873931885e-01 5.697222948074340820e-01 3.359215259552001953e-01 5.920043587684631348e-01 -1.051333427429199219e+00 5.887524411082267761e-02 3.167807161808013916e-01 4.984501600265502930e-01 4.159873425960540771e-01 9.572238326072692871e-01 5.504394173622131348e-01 -6.799273490905761719e-01 4.400007724761962891e-01 -5.397259593009948730e-01 -1.192350864410400391e+00 -3.247669041156768799e-01 -2.277490347623825073e-01 -2.929671108722686768e-01 2.906205505132675171e-02 -9.128651767969131470e-02 6.964331865310668945e-01 5.454729199409484863e-01 9.268722683191299438e-02 -2.285276055335998535e-01 3.145122230052947998e-01 -3.586100041866302490e-01 -4.496505856513977051e-01 -3.333646059036254883e-01 -8.494251370429992676e-01 7.513282299041748047e-01 -5.551296100020408630e-02 3.595862090587615967e-01 -4.861773550510406494e-01 1.232094526290893555e+00 -1.407545953989028931e-01 -1.105366796255111694e-01 1.455310732126235962e-01 -9.776239842176437378e-02 -2.184468358755111694e-01 -7.595040798187255859e-01 2.044246047735214233e-01 -2.713435292243957520e-01 -6.292092055082321167e-02 1.781090348958969116e-01 6.856773793697357178e-02
-7.783263921737670898e-02 -2.215420454740524292e-01 -4.266275167465209961e-01 5.568904802203178406e-02 -1.802573502063751221e-01 -8.177886009216308594e-01 -3.873997628688812256e-01 -2.759406808763742447e-03 -9.996661543846130371e-01 -5.655290484428405762e-01 3.941061198711395264e-01 -1.054961323738098145e+00 -2.080249637365341187e-01 -2.458290904760360718e-01 -5.019819140434265137e-01 1.865556240081787109e-01 5.648652464151382446e-02 -5.919851660728454590e-01 -1.077933087944984436e-01 6.611231565475463867e-01 1.970092058181762695e-01 -3.031100034713745117e-01 2.771256566047668457e-01 -2.616815865039825439e-01 2.339509576559066772e-01 -1.101538911461830139e-01 -1.099063232541084290e-01 -2.321795523166656494e-01 1.998001337051391602e-01 -4.531897306442260742e-01 6.581687927246093750e-01 1.132910624146461487e-01 -2.678504288196563721e-01 -4.675734341144561768e-01 2.000388354063034058e-01 4.877988696098327637e-01 1.865830719470977783e-01 -6.091186404228210449e-01 -8.497956395149230957e-02 2.517175674438476562e-01 5.596113204956054688e-02 2.413502149283885956e-02 -5.255451202392578125e-01 1.356125026941299438e-01 5.098465085029602051e-01 -1.362849324941635132e-01 -1.859109699726104736e-01 -7.657595872879028320e-01 4.093559086322784424e-02 -6.364240646362304688e-01 -4.517228007316589355e-01 2.655858695507049561e-01 7.502008676528930664e-01 1.434084773063659668e-01 -8.745356202125549316e-01 -9.576822072267532349e-02 -3.574192821979522705e-01 5.337556600570678711e-01 -8.957934975624084473e-01 4.788802564144134521e-01 -2.244405299425125122e-01 2.004843801259994507e-01 -1.693925112485885620e-01 3.960367441177368164e-01
-8.723583817481994629e-02 -5.847858190536499023e-01 3.970370292663574219e-01 -9.947122931480407715e-01 3.730618357658386230e-01 1.551017463207244873e-01 -2.638732790946960449e-01 -1.148894503712654114e-01 -6.921268105506896973e-01 -1.877810209989547729e-01 8.589550852775573730e-01 -2.131096273660659790e-01 -4.649637341499328613e-01 -1.096708849072456360e-01 2.451609820127487183e-01 9.774448722600936890e-02 1.106508225202560425e-01 5.349753499031066895e-01 3.279654979705810547e-01 7.684395909309387207e-01 2.631787955760955811e-01 -7.711786776781082153e-02 1.001179218292236328e+00 -7.544878870248794556e-02 4.701106250286102295e-01 -2.434337586164474487e-01 6.396337747573852539e-01 -1.268709599971771240e-01 7.154927849769592285e-01 6.672813892364501953e-01 -1.799654215574264526e-01 2.740367352962493896e-01 -6.410403847694396973e-01 -9.187194705009460449e-01 -3.354579210281372070e-01 9.057491421699523926e-01 3.563657104969024658e-01 -4.210471510887145996e-01 -1.470439881086349487e-01 4.918040931224822998e-01 9.570764303207397461e-01 -3.373343050479888916e-01 -4.477488994598388672e-01 -2.904338538646697998e-01 2.647574841976165771e-01 -2.493211179971694946e-01 -9.269005656242370605e-01 -9.308171868324279785e-01 2.342870235443115234e-01 4.970279633998870850e-01 -2.670939266681671143e-01 2.631559073925018311e-01 6.946496367454528809e-01 1.750446259975433350e-01 -3.082394897937774658e-01 -6.129022836685180664e-01 -4.295815229415893555e-01 -1.551002413034439087e-01 -1.616261899471282959e-01 4.941644370555877686e-01 -4.552738964557647705e-01 1.657776981592178345e-01 -1.597597450017929077e-01 -7.597448229789733887e-01
-1.513936668634414673e-01 -1.125456169247627258e-01 -3.503273725509643555e-01 -3.356060385704040527e-01 3.157041966915130615e-01 -9.468366503715515137e-01 5.661119222640991211e-01 -3.137666285037994385e-01 -7.011200785636901855e-01 -3.496634662151336670e-01 6.908023953437805176e-01 -6.612386107444763184e-01 1.615504734218120575e-02 1.542482972145080566e-01 2.560053765773773193e-01 6.689020991325378418e-02 -7.038429975509643555e-01 -9.442119002342224121e-01 4.959274828433990479e-01 9.571653008460998535e-01 -7.107202708721160889e-02 -3.356571793556213379e-01 -3.066114522516727448e-02 -8.376663178205490112e-02 1.042828679084777832e+00 1.123043298721313477e-01 -2.451376914978027344e-01 -2.828876487910747528e-02 3.998703658580780029e-01 -3.813128918409347534e-02 4.928911328315734863e-01 -7.548226118087768555e-01 -3.789542317390441895e-01 -8.876438140869140625e-01 -3.136805295944213867e-01 4.459243416786193848e-01 3.744268119335174561e-01 -5.026373546570539474e-03 -1.177310124039649963e-01 1.646746695041656494e-01 -3.029283285140991211e-01 3.220667839050292969e-01 -2.478217780590057373e-01 2.770504355430603027e-01 6.906424760818481445e-01 5.460917949676513672e-01 -1.494936347007751465e-01 -6.000834703445434570e-01 1.817425042390823364e-01 -4.868924319744110107e-01 1.755702197551727295e-01 2.329556792974472046e-01 1.254588842391967773e+00 1.016428694128990173e-01 -4.831624031066894531e-01 2.876851707696914673e-02 6.813547611236572266e-01 -1.354240477085113525e-01 -1.106687426567077637e+00 3.712629377841949463e-01 1.547276824712753296e-01 1.538407802581787109e-01 -4.271568357944488525e-01 5.787122249603271484e-01
2.560844719409942627e-01 -1.219912767410278320e-01 -4.298871159553527832e-01 2.149627916514873505e-02 -1.959369629621505737e-01 -9.166420698165893555e-01 4.689722657203674316e-01 -5.587911009788513184e-01 -5.635320544242858887e-01 6.823529303073883057e-02 6.775145530700683594e-01 -3.963328003883361816e-01 -6.586006283760070801e-02 -1.502200961112976074e-01 9.092277288436889648e-02 6.562852263450622559e-01 -2.391393780708312988e-01 -9.511072039604187012e-01 7.699970602989196777e-01 1.138590812683105469e+00 1.009882986545562744e-01 -3.994289934635162354e-01 -7.874314673244953156e-03 1.111272200942039490e-01 3.323907554149627686e-01 7.786897569894790649e-02 3.752674758434295654e-01 5.712335109710693359e-01 -1.928089112043380737e-01 -3.292929232120513916e-01 1.139863729476928711e-01 1.553322672843933105e-01 -8.798471093177795410e-02 -5.695418715476989746e-01 -6.955163925886154175e-02 4.580456614494323730e-01 -5.678291320800781250e-01 -2.913827821612358093e-02 -2.042820453643798828e-01 9.174658334814012051e-04 2.157001644372940063e-01 4.501505196094512939e-01 -2.454824447631835938e-01 6.980650424957275391e-01 3.204975426197052002e-01 1.325381100177764893e-01 -4.598110318183898926e-01 -5.547602772712707520e-01 7.325449585914611816e-01 -3.358511999249458313e-02 3.468887209892272949e-01 3.640264272689819336e-01 1.192158937454223633e+00 -1.040104389190673828e+00 -3.501390516757965088e-01 -1.191729456186294556e-01 3.666003942489624023e-01 3.276073336601257324e-01 -4.308230578899383545e-01 3.522487282752990723e-01 1.949981786310672760e-03 2.284882515668869019e-01 -3.301732838153839111e-01 -1.992257833480834961e-01
-7.466285675764083862e-02 -2.734315693378448486e-01 -6.079024672508239746e-01 -4.912305772304534912e-01 4.437527656555175781e-01 -5.005052685737609863e-01 5.855321288108825684e-01 -8.634378761053085327e-02 -8.169094324111938477e-01 -3.652961254119873047e-01 8.073394894599914551e-01 -7.618468999862670898e-01 4.897698387503623962e-02 1.927015334367752075e-01 4.301359057426452637e-01 4.425240457057952881e-01 -1.134273875504732132e-02 -2.649497091770172119e-01 8.205218315124511719e-01 5.194386243820190430e-01 -1.439834237098693848e-01 -5.939969420433044434e-01 -7.352078706026077271e-02 4.192291796207427979e-01 -1.183557808399200439e-01 7.019506096839904785e-01 4.141664803028106689e-01 3.323393762111663818e-01 -1.246655285358428955e-01 -9.768278896808624268e-02 5.434809923171997070e-01 3.038991242647171021e-03 -3.189364969730377197e-01 -7.454050183296203613e-01 -2.255695611238479614e-01 3.951474279165267944e-02 -1.915872842073440552e-02 -7.942974567413330078e-02 -2.206372022628784180e-01 1.438328474760055542e-01 1.169556677341461182e-01 1.700613498687744141e-01 -3.021196229383349419e-03 6.478781700134277344e-01 6.421325206756591797e-01 -4.183227419853210449e-01 -4.668709039688110352e-01 -1.776777356863021851e-01 -1.788192242383956909e-01 1.420354396104812622e-01 8.604636788368225098e-02 5.129806995391845703e-01 1.294098973274230957e+00 -3.782101869583129883e-01 -4.776907563209533691e-01 -3.799775838851928711e-01 6.210114955902099609e-01 2.874506711959838867e-01 -5.752961039543151855e-01 6.524591445922851562e-01 1.572414338588714600e-01 1.441576778888702393e-01 -1.878512650728225708e-02 -2.859590202569961548e-02
-3.868049383163452148e-01 -8.904346227645874023e-01 -1.192139536142349243e-01 -4.094445705413818359e-01 -1.079635769128799438e-01 -4.936029314994812012e-01 -1.801001839339733124e-02 -6.113163232803344727e-01 -7.403501868247985840e-01 -1.238247975707054138e-01 5.246234536170959473e-01 -1.054404616355895996e+00 -1.424602717161178589e-01 -6.627077460289001465e-01 2.707016766071319580e-01 -7.934125140309333801e-03 3.504449725151062012e-01 1.116835549473762512e-01 1.660827174782752991e-02 7.424287199974060059e-01 1.129196643829345703e+00 -4.150089323520660400e-01 6.014109849929809570e-01 -5.852891206741333008e-01 1.431853771209716797e-01 5.956199169158935547e-01 5.529969185590744019e-02 -1.708305440843105316e-02 4.779282808303833008e-01 4.408342540264129639e-01 4.595988690853118896e-01 6.289505213499069214e-02 -3.316154778003692627e-01 -1.054530620574951172e+00 5.207648873329162598e-01 7.486969977617263794e-02 -3.821903765201568604e-01 -1.744694560766220093e-01 4.635382294654846191e-01 -4.239488542079925537e-01 6.728881597518920898e-01 -3.860007822513580322e-01 3.077538311481475830e-01 -6.850533932447433472e-02 9.836127161979675293e-01 -1.133826300501823425e-01 -1.517454534769058228e-01 -9.739950895309448242e-01 5.165462493896484375e-01 -2.153111696243286133e-01 -9.349258244037628174e-02 -1.668836772441864014e-01 -3.855693340301513672e-01 2.233252227306365967e-01 -1.118879795074462891e+00 -2.240482121706008911e-01 1.795602776110172272e-02 -4.127871096134185791e-01 -2.110111415386199951e-01 4.289258420467376709e-01 -4.369059205055236816e-01 1.764115840196609497e-01 1.946815252304077148e-01 1.212639212608337402e-01
1.374124288558959961e+00 -3.825775384902954102e-01 1.070679306983947754e+00 -2.559497356414794922e-01 9.301859140396118164e-02 -9.633167088031768799e-02 1.467606127262115479e-01 -2.443719357252120972e-01 -6.503540277481079102e-01 8.535937219858169556e-02 1.140175163745880127e-01 -7.363426685333251953e-01 4.713883697986602783e-01 -5.804533362388610840e-01 -8.346390724182128906e-02 1.280828356742858887e+00 -1.788362115621566772e-01 -4.683292657136917114e-02 -4.993786215782165527e-01 9.782992601394653320e-01 6.918451786041259766e-01 9.166641831398010254e-01 9.237758815288543701e-02 -3.692629635334014893e-01 3.106186389923095703e-01 -5.412676334381103516e-01 -6.269411444664001465e-01 -4.971445202827453613e-01 7.108986973762512207e-01 5.555263757705688477e-01 -1.482664048671722412e-01 4.011770486831665039e-01 -2.406859397888183594e-01 -7.033048272132873535e-01 -4.116963148117065430e-01 2.211658060550689697e-01 -3.005865216255187988e-01 -1.739938557147979736e-01 -9.706467986106872559e-01 -4.810158163309097290e-02 2.546439170837402344e-01 9.741664677858352661e-02 -4.457739368081092834e-02 -2.140633761882781982e-01 3.429382145404815674e-01 -3.936888277530670166e-01 1.882775723934173584e-01 -5.003769397735595703e-01 4.496800899505615234e-01 1.904280036687850952e-01 -6.341922879219055176e-01 3.971823751926422119e-01 4.250205755233764648e-01 -7.754585146903991699e-01 -6.697152554988861084e-02 -9.230023026466369629e-01 -7.760511338710784912e-02 -1.799012720584869385e-01 -1.688730567693710327e-01 2.011404186487197876e-01 -1.407548189163208008e-01 -4.300104677677154541e-01 -2.809518575668334961e-01 2.458227872848510742e-01
3.672721385955810547e-01 -6.987515091896057129e-01 1.044187545776367188e+00 -7.577748596668243408e-02 -3.325212299823760986e-01 -8.077311515808105469e-01 -2.440648823976516724e-01 -4.630002379417419434e-01 -1.304877758026123047e+00 -1.496518999338150024e-01 6.175779700279235840e-01 -1.958655476570129395e+00 2.318477332592010498e-01 -1.820580244064331055e+00 -4.376493692398071289e-01 1.276411890983581543e+00 9.905295819044113159e-02 -9.344248175621032715e-01 -1.824579387903213501e-01 6.254347562789916992e-01 1.286821246147155762e+00 1.446729063987731934e+00 4.328271448612213135e-01 -1.369189769029617310e-01 4.362618625164031982e-01 -1.530611217021942139e-01 5.271223783493041992e-01 9.889448434114456177e-02 -4.069970846176147461e-01 -2.474505752325057983e-01 4.026676118373870850e-01 5.309924483299255371e-01 4.180834889411926270e-01 -9.772818088531494141e-01 -1.141780138015747070e+00 -2.249171286821365356e-01 1.345781087875366211e-01 7.518712878227233887e-01 -3.327938318252563477e-01 9.677199721336364746e-01 -1.030335202813148499e-01 3.067557513713836670e-01 7.063263654708862305e-01 -2.694799900054931641e-01 1.630071640014648438e+00 -1.011970400810241699e+00 3.548184335231781006e-01 -2.745350003242492676e-01 2.150456048548221588e-02 2.373555451631546021e-01 1.419697284698486328e+00 6.391636729240417480e-01 5.081814527511596680e-01 1.051118612289428711e+00 -7.499056458473205566e-01 1.018506661057472229e-02 -1.266786336898803711e+00 2.278849035501480103e-01 -1.172436714172363281e+00 4.027948677539825439e-01 -6.633713841438293457e-01 -3.353858366608619690e-02 -1.262236595153808594e+00 -5.685255527496337891e-01
5.169592052698135376e-02 8.555213361978530884e-02 -1.087499558925628662e-01 -2.486812621355056763e-01 -1.846246719360351562e-01 -3.254978060722351074e-01 4.649092555046081543e-01 1.385987401008605957e-01 -7.881714701652526855e-01 -3.723971545696258545e-01 7.729886770248413086e-01 -7.076331377029418945e-01 -2.617466151714324951e-01 -8.534075617790222168e-01 1.120593771338462830e-01 6.672899127006530762e-01 3.371098637580871582e-01 -6.577350944280624390e-02 1.433058977127075195e-01 6.288918256759643555e-01 6.256392598152160645e-01 -7.158440947532653809e-01 7.781179249286651611e-02 -2.356797754764556885e-01 -3.238902986049652100e-01 -3.563547134399414062e-01 2.367097139358520508e-01 3.368288874626159668e-01 5.198079943656921387e-01 -1.065091788768768311e-01 1.828987896442413330e-01 -2.842567563056945801e-01 -4.268567562103271484e-01 -4.400543868541717529e-01 -8.067317008972167969e-01 1.721197925508022308e-02 -6.120051145553588867e-01 4.752054810523986816e-03 -3.076289780437946320e-02 -3.269059211015701294e-02 -1.160425320267677307e-01 7.696657627820968628e-02 -7.454504966735839844e-01 1.989369466900825500e-02 1.428095251321792603e-01 -1.646173186600208282e-02 1.454114913940429688e-01 -9.210600256919860840e-01 7.679620981216430664e-01 -3.617389500141143799e-02 4.039095342159271240e-01 -7.398557066917419434e-01 6.682430505752563477e-01 -1.554041653871536255e-01 -1.070865467190742493e-01 -2.186158895492553711e-01 -1.068703457713127136e-01 6.623834371566772461e-01 -1.871053129434585571e-01 1.221179485321044922e+00 7.326238751411437988e-01 3.300309181213378906e-01 -4.898074269294738770e-01 -8.796693682670593262e-01
-4.019188880920410156e-02 -3.982394039630889893e-01 -1.270955204963684082e-01 6.135944277048110962e-02 9.992993623018264771e-02 -1.147636324167251587e-01 2.851729989051818848e-01 4.226183295249938965e-01 -4.795099794864654541e-01 -5.379338264465332031e-01 5.619228482246398926e-01 -8.561152815818786621e-01 -1.430173516273498535e-01 -4.174966216087341309e-01 7.410223037004470825e-02 1.689272671937942505e-01 6.750747561454772949e-01 7.814419269561767578e-02 7.438668012619018555e-01 7.444645166397094727e-01 8.912007510662078857e-02 -3.389672040939331055e-01 -1.956574432551860809e-02 3.256887197494506836e-02 -2.686485648155212402e-01 1.326400190591812134e-01 1.340209245681762695e-01 -3.701642751693725586e-01 6.998199224472045898e-02 2.114513367414474487e-01 2.983898818492889404e-01 2.031603008508682251e-01 4.060212373733520508e-01 -1.425451040267944336e+00 -1.637107133865356445e-01 -7.413697242736816406e-02 1.762671619653701782e-01 -3.346391916275024414e-01 3.544209524989128113e-02 1.694459617137908936e-01 1.724721342325210571e-01 -4.574891626834869385e-01 -6.405853480100631714e-02 1.495293676853179932e-01 6.090618371963500977e-01 5.321539472788572311e-03 2.840417027473449707e-01 -6.751285791397094727e-01 7.062013149261474609e-01 -6.512714177370071411e-02 2.233694940805435181e-01 -6.145483255386352539e-01 6.263752579689025879e-01 -1.271045207977294922e-02 -8.177682161331176758e-01 -3.172000348567962646e-01 1.920411884784698486e-01 6.257367134094238281e-01 -3.566821217536926270e-01 7.188817262649536133e-01 4.440050721168518066e-01 1.244692578911781311e-01 -6.660879850387573242e-01 -2.279563695192337036e-01
-1.363253146409988403e-01 1.654582470655441284e-01 -4.012929201126098633e-01 -1.569620519876480103e-01 -5.911017060279846191e-01 -5.586180686950683594e-01 -2.710231840610504150e-01 -2.556290626525878906e-01 -4.833742678165435791e-01 -4.919024109840393066e-01 1.032483696937561035e+00 -1.083451509475708008e+00 -1.209313720464706421e-01 -3.336645364761352539e-01 -1.547174006700515747e-01 1.068239063024520874e-01 9.339839965105056763e-02 -6.769118309020996094e-01 -2.771163880825042725e-01 7.294767498970031738e-01 6.772553920745849609e-01 -1.181929372251033783e-02 -1.450275350362062454e-02 -6.098067760467529297e-01 9.433166682720184326e-02 4.324025511741638184e-01 -5.257473587989807129e-01 5.279786586761474609e-01 -4.365814849734306335e-03 -5.919076800346374512e-01 7.067910432815551758e-01 4.578372836112976074e-01 -2.050501108169555664e-01 1.269644498825073242e-01 -1.284952610731124878e-01 -5.756338685750961304e-02 1.732707321643829346e-01 -3.446359932422637939e-01 -6.202287599444389343e-02 2.424522042274475098e-01 -2.972509562969207764e-01 3.316345810890197754e-01 -6.349982619285583496e-01 7.357621192932128906e-01 7.781487703323364258e-01 6.948594748973846436e-02 1.264394968748092651e-01 -1.309812664985656738e+00 1.180933192372322083e-01 -2.550641000270843506e-01 -1.029177188873291016e+00 -1.608280688524246216e-01 6.999519467353820801e-01 -2.059588953852653503e-02 -1.062511920928955078e+00 -6.977570056915283203e-01 -3.537024557590484619e-01 4.532311558723449707e-01 -1.214672923088073730e+00 3.317335247993469238e-01 -1.688208878040313721e-01 2.339584082365036011e-01 -2.775515615940093994e-01 -2.306725531816482544e-01
1.300014734268188477e+00 -8.442421555519104004e-01 -3.289200067520141602e-01 -1.587890982627868652e-01 -5.612007975578308105e-01 -4.336702525615692139e-01 1.259615868330001831e-01 8.187243342399597168e-02 -1.145107030868530273e+00 -2.424995154142379761e-01 1.295632600784301758e+00 -1.514768123626708984e+00 -6.686690449714660645e-01 -3.286535143852233887e-01 2.004448920488357544e-01 4.829077124595642090e-01 6.187826395034790039e-01 -3.634317219257354736e-01 1.324234809726476669e-02 4.050319790840148926e-01 -2.254122495651245117e-01 7.756184935569763184e-01 4.768798649311065674e-01 3.254034519195556641e-01 9.036175012588500977e-01 4.737269878387451172e-01 -4.470338821411132812e-01 -1.243524774909019470e-01 -4.277195632457733154e-01 3.188839927315711975e-02 -3.759846389293670654e-01 8.184782862663269043e-01 -1.675509512424468994e-01 -4.413430988788604736e-01 -1.157942533493041992e+00 5.060172677040100098e-01 -8.364678621292114258e-01 -7.032035291194915771e-02 2.526935040950775146e-01 -8.439309149980545044e-02 1.593183428049087524e-01 5.441769361495971680e-01 5.002458095550537109e-01 -7.364150285720825195e-01 4.866473972797393799e-01 -5.437455698847770691e-02 -2.464605271816253662e-01 -2.185382395982742310e-01 1.035503625869750977e+00 -6.113170459866523743e-02 4.138070642948150635e-01 1.637128144502639771e-01 -9.105214476585388184e-02 4.243346154689788818e-01 -6.842461824417114258e-01 -3.452297747135162354e-01 3.052419610321521759e-02 8.254392072558403015e-03 -8.541705012321472168e-01 9.583514332771301270e-01 -2.305146157741546631e-01 -3.200355172157287598e-01 1.442802548408508301e-01 -4.603236913681030273e-01
-3.644883930683135986e-01 4.889873266220092773e-01 1.462148874998092651e-01 -8.414212465286254883e-01 8.950248956680297852e-01 -1.358172446489334106e-01 -2.053667902946472168e-01 8.516950607299804688e-01 -1.014186501502990723e+00 9.258439391851425171e-02 8.637694120407104492e-01 -7.632847428321838379e-01 -3.654019534587860107e-01 -3.853124380111694336e-01 3.621566593647003174e-01 6.203995943069458008e-01 -6.383695453405380249e-02 -4.603524506092071533e-01 8.710967302322387695e-01 2.428352385759353638e-01 -1.503870263695716858e-02 4.154205322265625000e-01 4.832453429698944092e-01 5.845298171043395996e-01 -4.411627352237701416e-01 1.033807620406150818e-01 1.897642314434051514e-01 9.688292443752288818e-02 -2.066729366779327393e-01 -3.677783906459808350e-01 1.807784289121627808e-01 -1.910455822944641113e-01 -2.274069041013717651e-01 -5.046004652976989746e-01 -2.206984162330627441e-01 -5.268068984150886536e-02 2.366336733102798462e-01 1.792828291654586792e-01 -1.733557134866714478e-01 4.608616828918457031e-01 5.524347424507141113e-01 1.725521832704544067e-01 -4.331651926040649414e-01 1.251028031110763550e-01 5.865525007247924805e-01 1.730561852455139160e-01 -2.340264916419982910e-01 -1.230477809906005859e+00 -2.680085301399230957e-01 4.414359331130981445e-01 -2.595629692077636719e-01 4.276084601879119873e-01 5.254285931587219238e-01 -3.199646472930908203e-01 -1.068666428327560425e-01 -1.747488975524902344e-01 -1.837458647787570953e-02 1.532852053642272949e-01 -2.101952731609344482e-01 6.024807095527648926e-01 2.902270294725894928e-02 -3.086372017860412598e-01 3.599824309349060059e-01 5.056041479110717773e-01
4.767532348632812500e-01 -3.809724152088165283e-01 -6.205993518233299255e-02 5.659628286957740784e-02 7.547701001167297363e-01 -4.059360921382904053e-01 2.305642366409301758e-01 9.213799983263015747e-02 -9.979051947593688965e-01 -3.639730811119079590e-01 4.165522158145904541e-01 -1.286519646644592285e+00 3.644004166126251221e-01 -1.092330813407897949e+00 2.076242417097091675e-01 5.678163766860961914e-01 2.764058411121368408e-01 4.594829380512237549e-01 3.898908942937850952e-02 8.220333456993103027e-01 7.279233336448669434e-01 -2.852541208267211914e-01 2.446017116308212280e-01 1.396840512752532959e-01 5.777130126953125000e-01 -1.486731320619583130e-01 7.046550512313842773e-03 3.084175884723663330e-01 3.203390836715698242e-01 2.932804822921752930e-01 8.054808378219604492e-01 1.448791176080703735e-01 -1.004802137613296509e-01 -3.947773575782775879e-01 -2.674448192119598389e-01 -1.491684466600418091e-01 -2.762621641159057617e-01 -9.658873677253723145e-01 1.871117651462554932e-01 -4.693567752838134766e-01 -2.814208567142486572e-01 3.136152029037475586e-01 -3.910400867462158203e-01 1.944258660078048706e-01 1.108530759811401367e-01 -1.619299054145812988e-01 -1.817159503698348999e-01 -6.111458539962768555e-01 -1.205562427639961243e-01 -3.711263835430145264e-01 -6.222040057182312012e-01 9.963405132293701172e-02 1.008261680603027344e+00 1.756567806005477905e-01 -2.987643480300903320e-01 3.730665147304534912e-01 -3.815411776304244995e-02 1.826625764369964600e-01 -3.840566277503967285e-01 2.720665037631988525e-01 -9.182786345481872559e-01 4.200011789798736572e-01 2.278667092323303223e-01 -3.142729997634887695e-01
-3.002743721008300781e-01 -4.937598705291748047e-01 9.639536589384078979e-02 -6.887891888618469238e-02 4.169112071394920349e-02 2.628306448459625244e-01 -8.073140680789947510e-02 3.368413150310516357e-01 -5.965768694877624512e-01 6.091569736599922180e-02 2.745940387248992920e-01 -2.110709846019744873e-01 -4.651753604412078857e-01 -8.897566795349121094e-02 3.201129436492919922e-01 2.207902669906616211e-01 1.330164521932601929e-01 -2.782880067825317383e-01 6.173127889633178711e-01 9.847726821899414062e-01 1.932528465986251831e-01 -3.449622988700866699e-01 4.606806635856628418e-01 -3.074990212917327881e-01 3.007231354713439941e-01 1.580726355314254761e-01 1.769191175699234009e-01 -4.205824732780456543e-01 3.943296074867248535e-01 2.459120750427246094e-01 -2.526365965604782104e-02 6.645723581314086914e-01 -8.786608278751373291e-02 -4.205862581729888916e-01 -4.200398921966552734e-01 -4.936029911041259766e-01 -5.726264789700508118e-02 -3.897202908992767334e-01 3.017114400863647461e-01 -3.083922266960144043e-01 1.255017071962356567e-01 -5.295162647962570190e-02 1.750994920730590820e-01 2.626629471778869629e-01 1.591069698333740234e-01 -4.069100320339202881e-01 -3.348273634910583496e-01 -8.214558362960815430e-01 6.629838347434997559e-01 -1.991471946239471436e-01 -1.548104733228683472e-01 -7.280465960502624512e-01 1.183280110359191895e+00 7.809924334287643433e-02 -1.388380974531173706e-01 -6.044308841228485107e-02 3.035444952547550201e-02 8.971890211105346680e-01 -2.815505266189575195e-01 4.323230683803558350e-01 2.800808846950531006e-01 -3.280723001807928085e-03 -8.588916063308715820e-01 -3.264226317405700684e-01
9.109916538000106812e-02 -2.342408746480941772e-01 4.794144928455352783e-01 3.171293735504150391e-01 2.493969649076461792e-01 -7.409250140190124512e-01 3.451490700244903564e-01 -4.042790532112121582e-01 -1.122643470764160156e+00 -4.903955757617950439e-01 8.539742827415466309e-01 -1.276839822530746460e-01 -9.598994851112365723e-01 -3.432002663612365723e-01 -1.794042885303497314e-01 2.562593519687652588e-01 5.451558828353881836e-01 2.476056814193725586e-01 3.518498837947845459e-01 4.301239848136901855e-01 9.988601505756378174e-02 -1.095719411969184875e-01 2.234112322330474854e-01 1.125702783465385437e-01 1.039380908012390137e+00 7.536097168922424316e-01 -4.648137092590332031e-01 -7.781274914741516113e-01 -5.368564277887344360e-03 -3.179158568382263184e-01 1.050447598099708557e-01 8.400936126708984375e-01 -3.921769559383392334e-02 -3.083104491233825684e-01 -8.392054438591003418e-01 1.680393368005752563e-01 8.308000117540359497e-02 4.803131800144910812e-03 2.645814791321754456e-02 -1.200169995427131653e-01 1.254535764455795288e-01 3.990094363689422607e-01 3.211640715599060059e-01 6.988001465797424316e-01 2.816877961158752441e-01 2.647987604141235352e-01 1.331598907709121704e-01 -7.383681535720825195e-01 8.155121803283691406e-01 -2.716146111488342285e-01 2.741472721099853516e-01 -2.493786364793777466e-01 5.881813168525695801e-01 -9.369943141937255859e-01 -1.714430451393127441e-01 5.219711363315582275e-02 4.591153562068939209e-02 2.972519397735595703e-01 -1.447969824075698853e-01 3.631483018398284912e-01 5.285974740982055664e-01 2.769287526607513428e-01 -1.067894697189331055e+00 -5.378859639167785645e-01
-4.056805968284606934e-01 -2.792455554008483887e-01 -9.558174759149551392e-02 -7.391104102134704590e-01 -6.921231746673583984e-02 9.656986594200134277e-02 2.331189960241317749e-01 8.406332693994045258e-03 -7.628560811281204224e-02 -6.962188482284545898e-01 8.881156444549560547e-01 -9.399746656417846680e-01 -1.548692733049392700e-01 -1.171360388398170471e-01 1.885354518890380859e-01 2.220945954322814941e-01 4.581246078014373779e-01 5.070723295211791992e-01 5.089409351348876953e-01 3.893278837203979492e-01 -2.400397658348083496e-01 4.939777031540870667e-02 9.207678586244583130e-02 -1.946804076433181763e-01 -4.308380782604217529e-01 3.577194213867187500e-01 1.561611741781234741e-01 -3.191242218017578125e-01 7.985211908817291260e-02 1.550710052251815796e-01 5.852604508399963379e-01 4.650114178657531738e-01 -2.481131404638290405e-01 -1.035332798957824707e+00 -5.692064166069030762e-01 2.075349092483520508e-01 -3.645343184471130371e-01 -5.104928612709045410e-01 -4.282253682613372803e-01 7.831485867500305176e-01 1.184599921107292175e-01 4.395264685153961182e-01 -2.871266305446624756e-01 -4.735082387924194336e-02 4.773973524570465088e-01 4.477605968713760376e-02 -2.874960303306579590e-01 -9.730485081672668457e-01 2.973549365997314453e-01 -3.633960336446762085e-02 -5.841364711523056030e-02 -5.640827119350433350e-02 1.042817711830139160e+00 2.032999396324157715e-01 -3.189226686954498291e-01 -9.635526686906814575e-02 2.091861218214035034e-01 4.025049507617950439e-01 3.650214374065399170e-01 9.626208543777465820e-01 1.860957443714141846e-01 2.039100378751754761e-01 -5.043666958808898926e-01 -7.793971896171569824e-01
-3.025900721549987793e-01 2.190803587436676025e-01 2.236624658107757568e-01 -8.017219901084899902e-01 8.221031427383422852e-01 -4.385308325290679932e-01 1.144575849175453186e-01 7.574134320020675659e-02 -6.767663359642028809e-01 1.011885777115821838e-01 5.717930197715759277e-01 -1.305296540260314941e+00 -5.700289011001586914e-01 -8.420804888010025024e-02 -1.013538427650928497e-02 4.227098524570465088e-01 -6.289792805910110474e-02 -2.249514907598495483e-01 1.201965808868408203e-01 1.709807813167572021e-01 1.114798113703727722e-01 5.181558132171630859e-01 1.034322381019592285e+00 3.495579361915588379e-01 1.492901295423507690e-01 -5.273408889770507812e-01 2.248495072126388550e-01 1.233472228050231934e-01 1.805369406938552856e-01 -2.614575028419494629e-01 -2.992081344127655029e-01 -5.291277170181274414e-02 -1.023589745163917542e-01 -3.755643367767333984e-01 1.118928343057632446e-01 5.168365836143493652e-01 4.171999394893646240e-01 5.433788895606994629e-01 2.281565815210342407e-01 -5.420868098735809326e-02 5.446286201477050781e-01 -4.998743906617164612e-02 -2.190165668725967407e-01 3.136639893054962158e-01 6.931705474853515625e-01 -3.318312391638755798e-02 -1.186109408736228943e-01 -1.243275761604309082e+00 -2.406052350997924805e-01 1.109333187341690063e-01 -4.525634944438934326e-01 2.150090336799621582e-01 9.219385385513305664e-01 -6.948644667863845825e-02 -5.422156453132629395e-01 -1.779881119728088379e-02 2.846309244632720947e-01 -4.422824084758758545e-02 -4.639199376106262207e-01 6.314205527305603027e-01 -3.210399150848388672e-01 3.799752891063690186e-02 2.703476548194885254e-01 1.661085188388824463e-01
-3.326315283775329590e-01 -4.453755021095275879e-01 -1.311891479417681694e-03 2.199029326438903809e-01 8.713561296463012695e-02 -6.139580011367797852e-01 3.080201447010040283e-01 -2.604919970035552979e-01 -1.025400757789611816e+00 -4.121636152267456055e-01 2.640297412872314453e-01 -1.691054582595825195e+00 4.623139500617980957e-01 -2.623796761035919189e-01 -4.727504029870033264e-02 -9.646573662757873535e-02 7.455472946166992188e-01 2.088806480169296265e-01 -2.938004210591316223e-02 8.578581809997558594e-01 -1.655869036912918091e-01 -2.974637448787689209e-01 5.422769188880920410e-01 6.992883086204528809e-01 1.425909399986267090e-01 -1.949080377817153931e-01 -3.123837113380432129e-01 2.473362088203430176e-01 2.694641612470149994e-02 1.878708600997924805e-01 -1.353475004434585571e-01 -8.307178504765033722e-03 3.582981824874877930e-01 -8.394842147827148438e-01 -4.141689836978912354e-01 4.219961762428283691e-01 2.191929966211318970e-01 1.262301355600357056e-01 -1.097939014434814453e-01 2.415580302476882935e-01 -1.795413792133331299e-01 -6.053864955902099609e-02 -1.098132655024528503e-01 7.953665852546691895e-01 7.936178445816040039e-01 -2.810532450675964355e-01 -2.257327288389205933e-01 -9.001936316490173340e-01 -4.564161002635955811e-01 4.959634318947792053e-02 3.586622476577758789e-01 -2.611391246318817139e-01 1.318336844444274902e+00 -2.414350360631942749e-01 -7.068602442741394043e-01 -8.555399775505065918e-01 1.186446845531463623e-01 1.764861494302749634e-01 -9.631311893463134766e-01 4.029501080513000488e-01 4.354599118232727051e-01 -1.753480285406112671e-01 4.369552731513977051e-01 2.878835499286651611e-01
4.390152543783187866e-02 -5.358347669243812561e-02 -2.343267053365707397e-01 2.876451313495635986e-01 7.982726395130157471e-02 -6.114724874496459961e-01 -9.457395412027835846e-03 2.988899052143096924e-01 -4.795819222927093506e-01 -8.102238774299621582e-01 6.024039983749389648e-01 -7.386437654495239258e-01 -6.194028258323669434e-01 -4.781855344772338867e-01 5.333346128463745117e-01 3.126184046268463135e-01 7.421466112136840820e-01 3.683966025710105896e-02 2.493527829647064209e-01 4.620198905467987061e-01 2.098898142576217651e-01 -4.599660634994506836e-01 1.398696601390838623e-01 1.351682245731353760e-01 4.112104475498199463e-01 2.697190046310424805e-01 -6.914108991622924805e-02 -7.186420559883117676e-01 4.740315079689025879e-01 4.990772157907485962e-02 -5.242123082280158997e-02 -4.201422631740570068e-02 -2.080053240060806274e-01 -7.355004549026489258e-01 -9.907664358615875244e-02 -5.874512344598770142e-02 -2.172841876745223999e-02 -2.872757017612457275e-01 1.065534651279449463e-01 3.798513710498809814e-01 3.516937792301177979e-01 4.525542259216308594e-01 1.220206916332244873e-01 3.502658903598785400e-01 3.034077882766723633e-01 1.125325728207826614e-02 1.639392077922821045e-01 -1.178870916366577148e+00 4.977605342864990234e-01 1.722011119127273560e-01 -1.389967203140258789e-01 -4.157034158706665039e-01 5.036160945892333984e-01 8.415032923221588135e-02 -1.372788846492767334e-01 -8.123685419559478760e-02 1.693482100963592529e-01 5.645552277565002441e-01 1.764913946390151978e-01 9.997143149375915527e-01 6.962123513221740723e-01 3.645668923854827881e-01 -7.515850067138671875e-01 -4.405122995376586914e-02
-4.713230580091476440e-02 -1.721277385950088501e-01 2.314202487468719482e-01 -8.336217403411865234e-01 1.215997636318206787e-01 -4.361688196659088135e-01 6.150370836257934570e-01 3.263439750298857689e-03 -2.367586642503738403e-01 -1.044867560267448425e-01 7.358201742172241211e-01 -2.647632732987403870e-02 9.271892905235290527e-02 -8.115913271903991699e-01 3.393987193703651428e-02 7.632752060890197754e-01 1.890814453363418579e-01 4.838893190026283264e-02 2.354737818241119385e-01 1.241565346717834473e+00 2.758599445223808289e-02 -4.721448719501495361e-01 1.399356722831726074e-01 -2.811544835567474365e-01 8.906526863574981689e-02 1.827123388648033142e-02 2.333177179098129272e-01 1.308234184980392456e-01 -2.870024144649505615e-01 1.493665277957916260e-01 -1.076214239001274109e-01 8.031085729598999023e-01 -1.825050860643386841e-01 -1.047579664736986160e-02 -8.421019315719604492e-01 -4.148828089237213135e-01 2.970919907093048096e-01 2.574310898780822754e-01 2.019812911748886108e-01 2.319003939628601074e-01 -6.548625975847244263e-02 1.655764281749725342e-01 1.118681132793426514e-01 4.991620779037475586e-03 1.351387351751327515e-01 -5.690443515777587891e-01 1.313879638910293579e-01 -1.008853793144226074e+00 8.012320995330810547e-01 -9.204902686178684235e-03 -1.072469949722290039e-01 -1.143284916877746582e+00 8.141570687294006348e-01 -3.986452817916870117e-01 -4.647987782955169678e-01 2.160993516445159912e-01 7.200136035680770874e-02 -1.185375228524208069e-01 -6.927741169929504395e-01 5.158626437187194824e-01 1.930900514125823975e-01 1.120116561651229858e-01 -9.489387273788452148e-01 -9.204441308975219727e-01
6.269911676645278931e-02 -5.422782897949218750e-01 -4.067904353141784668e-01 -2.141981720924377441e-01 5.608562827110290527e-01 -4.321734979748725891e-02 2.512338459491729736e-01 4.857363924384117126e-02 -1.189644575119018555e+00 -6.967884302139282227e-01 4.218182563781738281e-01 -7.977001667022705078e-01 2.235320508480072021e-01 -5.128114223480224609e-01 3.821313381195068359e-01 4.634505510330200195e-01 5.500918999314308167e-02 6.147844251245260239e-04 1.058951854705810547e+00 4.700304865837097168e-01 3.567454516887664795e-01 -1.243028864264488220e-01 3.823998570442199707e-02 1.722077876329421997e-01 -1.055149286985397339e-01 3.690543472766876221e-01 -6.005783751606941223e-02 -3.829894959926605225e-01 -2.779828011989593506e-01 -3.003260195255279541e-01 1.211319491267204285e-01 7.031911611557006836e-02 -2.872585654258728027e-01 -4.929835498332977295e-01 9.724441170692443848e-02 -1.607259660959243774e-01 -2.532014846801757812e-01 -5.607334151864051819e-02 8.993302285671234131e-02 3.826181292533874512e-01 -6.537894606590270996e-01 -1.008071228861808777e-01 -3.069408237934112549e-01 5.110322237014770508e-01 5.450711846351623535e-01 -8.677997589111328125e-01 6.510270386934280396e-02 -3.717028498649597168e-01 -4.909074604511260986e-01 1.557327210903167725e-01 1.008507087826728821e-01 3.227583467960357666e-01 1.142120122909545898e+00 -2.415352016687393188e-01 -3.879471123218536377e-01 1.663862913846969604e-01 -1.538974344730377197e-01 5.522428154945373535e-01 1.238100752234458923e-01 2.807303667068481445e-01 5.193818211555480957e-01 2.753865420818328857e-01 4.442617893218994141e-01 -6.163522601127624512e-02
-5.103594660758972168e-01 1.791842430830001831e-01 7.688089609146118164e-01 -6.109617352485656738e-01 3.184226751327514648e-01 -5.881363749504089355e-01 3.918127119541168213e-01 -7.267234325408935547e-01 -7.293426394462585449e-01 -4.347607195377349854e-01 1.321379989385604858e-01 -1.613312005996704102e+00 -2.118123918771743774e-01 -5.437138676643371582e-01 1.106797251850366592e-02 -1.019270271062850952e-01 8.020862340927124023e-01 -2.187932282686233521e-01 4.012453854084014893e-01 6.350303888320922852e-01 1.804526150226593018e-01 2.457886934280395508e-01 1.050340056419372559e+00 7.390205264091491699e-01 3.869327306747436523e-01 -8.864812254905700684e-01 1.109306737780570984e-01 6.192953586578369141e-01 8.353118598461151123e-02 2.019151747226715088e-01 1.730161011219024658e-01 8.069602400064468384e-02 -2.333198785781860352e-01 -4.940403103828430176e-01 -7.756175398826599121e-01 8.939371109008789062e-01 1.767511665821075439e-01 6.691065430641174316e-01 3.413439169526100159e-02 -3.768239617347717285e-01 -1.417744159698486328e-02 3.043884336948394775e-01 1.692959517240524292e-01 5.845291614532470703e-01 8.079481720924377441e-01 -1.236620396375656128e-01 4.888426661491394043e-01 -7.800927758216857910e-01 1.931156516075134277e-01 -2.351681739091873169e-01 2.463248223066329956e-01 2.281828224658966064e-01 9.490311145782470703e-01 8.389517664909362793e-02 -6.119805574417114258e-01 -4.481311142444610596e-01 2.003102302551269531e-01 -3.059729039669036865e-01 -4.822032749652862549e-01 5.092129111289978027e-01 -4.969675838947296143e-01 1.409893482923507690e-01 -2.774493992328643799e-01 5.236606001853942871e-01
3.374660015106201172e-01 2.115101963281631470e-01 6.190977096557617188e-01 4.781121015548706055e-02 1.373253762722015381e-01 -3.482660353183746338e-01 5.332597494125366211e-01 -3.039265275001525879e-01 -7.168059945106506348e-01 -4.735816419124603271e-01 2.657425962388515472e-02 -1.014184951782226562e+00 -6.389755606651306152e-01 -4.550729393959045410e-01 5.872468948364257812e-01 5.004793871194124222e-03 2.798621058464050293e-01 -2.021583020687103271e-01 4.904295504093170166e-01 1.017825484275817871e+00 6.676228046417236328e-01 -1.586587578058242798e-01 1.911805756390094757e-02 9.110115170478820801e-01 1.493160277605056763e-01 -1.575150936841964722e-01 -3.366859257221221924e-01 -6.294897943735122681e-02 -3.879310786724090576e-01 1.710380613803863525e-01 -1.463982611894607544e-01 2.406054288148880005e-01 9.805605560541152954e-02 -1.204184293746948242e-01 -2.250777184963226318e-01 -7.090535759925842285e-02 -1.275936514139175415e-01 6.887472271919250488e-01 2.703581470996141434e-03 7.840248197317123413e-02 -3.737278282642364502e-01 -8.306867443025112152e-03 -6.238985061645507812e-01 3.076613545417785645e-01 5.625098943710327148e-01 -5.879956483840942383e-01 2.556169591844081879e-02 -5.388957858085632324e-01 -6.396006345748901367e-01 -9.727825224399566650e-02 -1.299495529383420944e-02 3.207220509648323059e-02 1.186347842216491699e+00 3.219206035137176514e-01 -2.814379334449768066e-01 -3.029978573322296143e-01 9.477964043617248535e-02 -1.606276035308837891e-01 -3.004004359245300293e-01 -3.896010220050811768e-01 -8.559180796146392822e-02 3.785440623760223389e-01 8.317590355873107910e-01 -3.407454192638397217e-01
1.491454392671585083e-01 -3.976329863071441650e-01 3.245668113231658936e-02 -2.706087231636047363e-01 -1.570633202791213989e-01 -9.900060892105102539e-01 -5.924839973449707031e-01 3.570705354213714600e-01 -9.585208296775817871e-01 -6.424062699079513550e-02 3.686075210571289062e-01 -6.766953468322753906e-01 -7.866180539131164551e-01 -2.624877691268920898e-01 4.035396128892898560e-02 5.960652828216552734e-01 6.775667071342468262e-01 -1.739731132984161377e-01 2.338687516748905182e-02 1.076520681381225586e+00 -1.134017035365104675e-01 2.263506650924682617e-01 1.424777209758758545e-01 2.364958226680755615e-01 2.663934826850891113e-01 -8.387849666178226471e-03 -1.172199249267578125e-01 -1.620689779520034790e-01 1.907294094562530518e-01 -3.624418005347251892e-02 -2.677254192531108856e-02 5.711657404899597168e-01 -5.432521104812622070e-01 -3.257511258125305176e-01 -4.939556121826171875e-01 -2.851735055446624756e-01 3.066301904618740082e-02 -3.232844769954681396e-01 1.405460834503173828e-01 -1.844176948070526123e-01 -7.996614277362823486e-02 3.698346614837646484e-01 3.147931098937988281e-01 -1.667657643556594849e-01 -1.532288491725921631e-01 -1.931720227003097534e-01 4.840519428253173828e-01 -7.179073691368103027e-01 6.032117605209350586e-01 -2.566607296466827393e-01 8.477944135665893555e-01 -1.844245046377182007e-01 8.000665903091430664e-01 -3.633433878421783447e-01 3.395940363407135010e-01 -4.150432348251342773e-01 3.920411765575408936e-01 9.255415201187133789e-02 -3.881095722317695618e-02 1.630375087261199951e-01 7.117999792098999023e-01 7.349639534950256348e-01 -8.953628540039062500e-01 -7.729525566101074219e-01
2.849770784378051758e-01 -5.075451135635375977e-01 -2.740787565708160400e-01 2.334092259407043457e-01 7.511782646179199219e-01 -5.602719783782958984e-01 3.292630314826965332e-01 -4.072754085063934326e-01 -4.438400566577911377e-01 -1.717226803302764893e-01 4.825087785720825195e-01 -1.163198947906494141e+00 -2.105114459991455078e-01 -8.014925122261047363e-01 1.959585547447204590e-01 -3.333550095558166504e-01 6.444769501686096191e-01 5.915027484297752380e-02 1.717306487262248993e-02 8.078408837318420410e-01 6.894492506980895996e-01 -6.908294558525085449e-01 7.673702239990234375e-01 3.264748752117156982e-01 5.068170651793479919e-02 -4.010574221611022949e-01 -4.256233274936676025e-01 -8.286936581134796143e-02 2.174099385738372803e-01 1.972674131393432617e-01 5.347213745117187500e-01 1.805297583341598511e-01 1.176555901765823364e-01 -3.318991065025329590e-01 -6.738305687904357910e-01 3.962544798851013184e-01 3.872385248541831970e-02 2.190211415290832520e-01 1.388465464115142822e-01 -2.667856775224208832e-02 5.463755875825881958e-02 -3.143688738346099854e-01 -4.702060222625732422e-01 4.437349140644073486e-01 1.493771523237228394e-01 1.913792490959167480e-01 2.030692547559738159e-01 -1.096785545349121094e+00 -6.008705124258995056e-02 -5.412799715995788574e-01 -2.136195749044418335e-01 3.532001748681068420e-03 9.875442981719970703e-01 -8.028388023376464844e-02 -5.346742868423461914e-01 -3.634546995162963867e-01 -2.754944264888763428e-01 -4.159329533576965332e-01 -3.864111900329589844e-01 6.202654242515563965e-01 -1.801281124353408813e-01 1.737490594387054443e-01 3.543569743633270264e-01 1.419584825634956360e-02
-5.627154707908630371e-01 -1.905748397111892700e-01 -3.500172495841979980e-01 -1.054330766201019287e-01 1.912077069282531738e-01 -1.849351525306701660e-01 2.263672500848770142e-01 -1.707280427217483521e-01 -9.418916702270507812e-01 -3.747791051864624023e-02 3.353820443153381348e-01 -3.008824586868286133e-01 -5.269193053245544434e-01 -4.485676884651184082e-01 7.129405140876770020e-01 9.015390276908874512e-01 -2.717269062995910645e-01 1.928842812776565552e-01 5.343267321586608887e-01 4.295930266380310059e-01 3.971442878246307373e-01 -1.057157441973686218e-01 1.971558928489685059e-01 2.086641043424606323e-01 7.093294709920883179e-02 5.525768399238586426e-01 1.128679156303405762e+00 -4.826665222644805908e-01 5.097628831863403320e-01 1.135189458727836609e-01 -2.987518608570098877e-01 3.472216427326202393e-01 -2.006689459085464478e-01 -6.032775044441223145e-01 -3.276253342628479004e-01 2.878642082214355469e-01 -3.822626471519470215e-01 -2.039601057767868042e-01 -3.544593453407287598e-01 2.632445394992828369e-01 5.326257348060607910e-01 5.172473192214965820e-01 -9.747699648141860962e-02 -1.987448036670684814e-01 5.111416578292846680e-01 -3.572845458984375000e-01 -5.131019949913024902e-01 -7.445408701896667480e-01 6.628561615943908691e-01 1.439605723135173321e-03 -1.187591180205345154e-01 -5.025561451911926270e-01 1.171031832695007324e+00 2.859390676021575928e-01 -2.037121355533599854e-01 -3.994356468319892883e-02 -8.784855157136917114e-02 7.059745788574218750e-01 -6.099075078964233398e-01 6.546365022659301758e-01 1.350473519414663315e-02 4.226145148277282715e-01 -3.195003569126129150e-01 -2.083652764558792114e-01
4.917089343070983887e-01 -3.569788336753845215e-01 -3.041731119155883789e-01 -1.241342797875404358e-01 8.954634517431259155e-02 -6.735391616821289062e-01 4.484732747077941895e-01 2.686868011951446533e-01 -4.093788564205169678e-01 -6.911231875419616699e-01 5.430917739868164062e-01 -7.589596509933471680e-01 -4.976999163627624512e-01 -1.376978307962417603e-01 -3.257355988025665283e-01 1.153921335935592651e-01 7.556709051132202148e-01 1.853835135698318481e-01 4.667281210422515869e-01 6.546809077262878418e-01 -8.355679363012313843e-02 -2.945459783077239990e-01 9.081784635782241821e-02 -1.499677151441574097e-01 1.547808498144149780e-01 2.132726600393652916e-03 2.957513928413391113e-01 -7.780497670173645020e-01 2.842792868614196777e-01 -2.918585576117038727e-02 8.864994347095489502e-02 1.951674222946166992e-01 2.955900132656097412e-01 -3.822470307350158691e-01 -3.030109405517578125e-01 -9.154690504074096680e-01 4.894347861409187317e-03 2.250852063298225403e-02 2.251808792352676392e-01 -3.397877514362335205e-01 9.557849168777465820e-02 1.219465807080268860e-01 -2.515448816120624542e-02 -3.381903171539306641e-01 4.625680744647979736e-01 1.959856152534484863e-01 2.266074120998382568e-01 -1.164977192878723145e+00 6.673011779785156250e-01 5.098710954189300537e-02 5.092874169349670410e-01 -5.806085467338562012e-01 5.941386818885803223e-01 2.913770675659179688e-01 -4.956491589546203613e-01 -3.933510780334472656e-01 -3.520224094390869141e-01 2.923683822154998779e-01 -6.882438808679580688e-02 1.192339181900024414e+00 2.781025171279907227e-01 7.658907677978277206e-03 -1.020587921142578125e+00 1.227177400141954422e-02
5.513830184936523438e-01 -5.696051120758056641e-01 -6.909865140914916992e-02 -6.716165542602539062e-01 -1.428351700305938721e-01 -5.265477299690246582e-01 -1.082343980669975281e-01 -1.988826394081115723e-01 -8.001633286476135254e-01 -2.452152073383331299e-01 7.890791296958923340e-01 -5.693982243537902832e-01 -7.317383885383605957e-01 -3.578503429889678955e-01 1.213380694389343262e-01 -1.407604366540908813e-01 9.493229389190673828e-01 6.201794836670160294e-03 1.557897180318832397e-01 7.902540564537048340e-01 -5.713610053062438965e-01 2.290603369474411011e-01 4.532607793807983398e-01 -3.163585811853408813e-02 6.690566539764404297e-01 5.998325943946838379e-01 -1.368740200996398926e-01 -4.061485230922698975e-01 -4.985752403736114502e-01 -5.011929273605346680e-01 1.629416942596435547e-01 7.327482700347900391e-01 -3.803502321243286133e-01 -2.021836787462234497e-01 -5.843311548233032227e-01 2.286252826452255249e-01 -7.195706367492675781e-01 -3.417913615703582764e-01 -1.645724922418594360e-01 -4.287202283740043640e-02 2.504384815692901611e-01 1.282587051391601562e-01 4.013666510581970215e-02 -2.274123281240463257e-01 3.113139271736145020e-01 -2.080800980329513550e-01 2.898407578468322754e-01 -5.895379781723022461e-01 8.359506726264953613e-01 -6.750352978706359863e-01 2.086767107248306274e-01 -2.903289794921875000e-01 5.701740980148315430e-01 -9.811040014028549194e-02 -4.638904929161071777e-01 -2.230007499456405640e-01 1.334128081798553467e-01 5.972374081611633301e-01 -6.105614900588989258e-01 3.992414772510528564e-01 3.952919244766235352e-01 4.565112665295600891e-02 -4.148680567741394043e-01 -4.379374980926513672e-01
1.528921723365783691e+00 -7.279161810874938965e-01 -2.275307029485702515e-01 9.233614802360534668e-02 -6.749475598335266113e-01 -8.294263482093811035e-02 3.231025040149688721e-01 -2.728535234928131104e-02 -1.041355252265930176e+00 2.550885379314422607e-01 1.571938753128051758e+00 -1.641805171966552734e+00 -2.061067670583724976e-01 -8.537400364875793457e-01 3.972485661506652832e-01 5.438130348920822144e-02 2.421395629644393921e-01 -3.117442429065704346e-01 -5.937566608190536499e-02 -4.617187753319740295e-02 4.384300410747528076e-01 2.304673492908477783e-01 3.945062756538391113e-01 2.575653493404388428e-01 2.917193770408630371e-01 4.108719825744628906e-01 -3.013957142829895020e-01 -6.539692729711532593e-02 -2.615424990653991699e-01 4.886012673377990723e-01 -2.269805818796157837e-01 8.222286105155944824e-01 5.122309923171997070e-01 -6.552457809448242188e-01 -4.185415506362915039e-01 5.588087067008018494e-02 -4.020079672336578369e-01 -8.992882072925567627e-02 3.079913556575775146e-02 -1.841381937265396118e-01 6.279843449592590332e-01 1.230083629488945007e-01 -2.962000370025634766e-01 -5.828202366828918457e-01 6.067092418670654297e-01 -1.545236911624670029e-02 -4.595577418804168701e-01 -7.104432582855224609e-01 1.381949186325073242e+00 1.302457749843597412e-01 7.368413805961608887e-01 4.935973286628723145e-01 -2.130766063928604126e-01 7.634534835815429688e-01 -5.109410881996154785e-01 -4.766682684421539307e-01 -1.972886174917221069e-01 -7.413547635078430176e-01 -8.917345404624938965e-01 9.518461227416992188e-01 -3.845779001712799072e-01 -6.538986563682556152e-01 -2.031270712614059448e-01 -9.394815564155578613e-02
3.727382719516754150e-01 1.389545109122991562e-02 -4.578747749328613281e-01 -2.179622501134872437e-01 3.471394181251525879e-01 1.987497508525848389e-01 2.873472869396209717e-01 -1.080497726798057556e-01 -6.815169453620910645e-01 -1.831968873739242554e-01 5.477503687143325806e-02 -1.654821515083312988e+00 -1.082916781306266785e-01 -7.942207455635070801e-01 -7.972999662160873413e-02 -1.761137396097183228e-01 1.569916456937789917e-01 -1.608581244945526123e-01 3.299788534641265869e-01 3.862729966640472412e-01 7.192087769508361816e-01 5.633614584803581238e-02 2.520488202571868896e-01 -3.206758499145507812e-01 7.433944940567016602e-02 2.212162762880325317e-01 6.328623890876770020e-01 -2.029590010643005371e-01 4.694715142250061035e-01 6.695595979690551758e-01 4.310373961925506592e-01 -2.940288186073303223e-01 -2.637587785720825195e-01 5.328602716326713562e-02 3.911184370517730713e-01 -1.085977815091609955e-02 2.167813628911972046e-01 -1.086582899093627930e+00 -5.143339037895202637e-01 -3.338887393474578857e-01 -1.040834859013557434e-01 9.858711063861846924e-02 -1.930235028266906738e-01 -1.629271805286407471e-01 5.727053880691528320e-01 -5.351647362112998962e-02 -1.321734935045242310e-01 -6.588191986083984375e-01 1.185425400733947754e+00 3.011216819286346436e-01 -4.330287873744964600e-01 -7.012258172035217285e-01 7.726699113845825195e-01 5.710961818695068359e-01 -4.080130904912948608e-02 2.405014075338840485e-02 8.501093834638595581e-02 -1.586551815271377563e-01 -6.995849609375000000e-01 -2.280444093048572540e-02 -8.236516714096069336e-01 1.274209469556808472e-01 -1.016632020473480225e-01 -7.350769639015197754e-01
8.271439671516418457e-01 -8.325325250625610352e-01 -1.919764280319213867e-01 -9.154716730117797852e-01 -7.921454310417175293e-01 -1.332292795181274414e+00 1.181551575660705566e+00 7.856988161802291870e-02 -1.636011958122253418e+00 -6.901816129684448242e-01 8.862490653991699219e-01 -6.140615344047546387e-01 -3.048931658267974854e-01 -1.771842837333679199e+00 5.188511610031127930e-01 8.765287697315216064e-02 -1.705396687611937523e-03 -2.584406137466430664e-01 6.960802078247070312e-01 4.609564840793609619e-01 9.177634716033935547e-01 7.213004231452941895e-01 2.321299910545349121e-01 -1.485071659088134766e+00 7.035695314407348633e-01 -1.737475693225860596e-01 -8.327451944351196289e-01 7.998102307319641113e-01 9.500592947006225586e-01 9.940881729125976562e-01 -3.610124588012695312e-01 7.225838303565979004e-01 3.699107328429818153e-03 -2.057614773511886597e-01 -8.318772912025451660e-01 -9.973029494285583496e-01 -5.247642397880554199e-01 6.645408272743225098e-01 -1.345698833465576172e-01 -6.911690235137939453e-01 9.489746093750000000e-01 -3.080749809741973877e-01 4.998871386051177979e-01 6.889176964759826660e-01 4.959774017333984375e-01 -1.492394566535949707e+00 3.115440607070922852e-01 6.204079985618591309e-01 8.831403255462646484e-01 6.417089700698852539e-01 4.604387283325195312e-01 1.008309245109558105e+00 1.026172757148742676e+00 8.317065238952636719e-01 -6.869009137153625488e-01 -1.145195722579956055e+00 -1.073662996292114258e+00 7.068092823028564453e-01 -1.272785067558288574e+00 1.325204372406005859e+00 -7.230749726295471191e-01 5.656153559684753418e-01 -2.679863870143890381e-01 -2.181090973317623138e-02
1.682835668325424194e-01 -3.712572529911994934e-02 -2.934039831161499023e-01 -6.509385704994201660e-01 -5.901032686233520508e-01 -8.958344459533691406e-01 -2.201157361268997192e-01 -5.185925960540771484e-01 -6.418102383613586426e-01 -8.760951459407806396e-02 -1.622494496405124664e-02 -1.120632290840148926e+00 -1.971459388732910156e-02 -5.668193697929382324e-01 8.433494567871093750e-01 4.761322438716888428e-01 6.047056317329406738e-01 -6.452539563179016113e-01 1.585516333580017090e-01 1.044376343488693237e-01 -2.718508243560791016e-01 6.298156976699829102e-01 -2.315092831850051880e-02 2.203040122985839844e-01 1.430454611778259277e+00 4.734555184841156006e-01 2.913524508476257324e-01 1.900663673877716064e-01 4.768640100955963135e-01 1.193929761648178101e-01 -1.754828393459320068e-01 -1.512976735830307007e-01 3.702630698680877686e-01 -2.111164629459381104e-01 -3.478267788887023926e-01 6.928578019142150879e-01 9.335782527923583984e-01 8.209461569786071777e-01 3.158104419708251953e-01 -8.094715476036071777e-01 -2.892109155654907227e-01 -6.691029071807861328e-01 -1.176571920514106750e-01 5.707184672355651855e-01 3.826738893985748291e-01 -1.468203514814376831e-01 -4.946437105536460876e-02 -5.653169155120849609e-01 4.288392066955566406e-01 6.224164962768554688e-01 -3.591992706060409546e-02 2.389517128467559814e-01 1.045507073402404785e+00 4.780461490154266357e-01 2.629387676715850830e-01 -1.848295032978057861e-01 -1.977131515741348267e-01 -7.282719481736421585e-03 -2.703554630279541016e-01 1.014044761657714844e+00 -3.407091498374938965e-01 3.147674500942230225e-01 -1.326240599155426025e-01 -4.380856174975633621e-03
8.914936184883117676e-01 -2.370595037937164307e-01 4.926179945468902588e-01 1.067048430442810059e+00 -1.850729458965361118e-03 -1.057554602622985840e+00 -7.051773667335510254e-01 -3.559215366840362549e-01 -4.696609973907470703e-01 9.666529484093189240e-03 1.523923724889755249e-01 -2.459287494421005249e-01 1.323471218347549438e-01 2.758668065071105957e-01 2.007406204938888550e-01 -3.083590567111968994e-01 8.241172879934310913e-02 1.549178063869476318e-01 4.180769994854927063e-02 -2.520076930522918701e-01 5.237595438957214355e-01 9.512985348701477051e-01 5.013075470924377441e-01 -2.338733375072479248e-01 -4.375104904174804688e-01 2.854547500610351562e-01 9.044870734214782715e-02 2.910606265068054199e-01 -1.229298561811447144e-01 -4.078945517539978027e-01 5.440300107002258301e-01 5.324050784111022949e-01 -6.204847097396850586e-01 -4.295882880687713623e-01 -7.443891763687133789e-01 -5.264732241630554199e-01 6.211435794830322266e-01 2.245870083570480347e-01 3.664709329605102539e-01 -2.384548783302307129e-01 1.318862736225128174e-01 4.534259140491485596e-01 -4.428922664374113083e-03 6.750128418207168579e-02 5.893208384513854980e-01 -4.936338067054748535e-01 -1.591154038906097412e-01 9.327268600463867188e-02 5.708289146423339844e-01 9.125699996948242188e-01 -1.784568428993225098e-01 2.608192563056945801e-01 7.791993618011474609e-01 2.196752876043319702e-01 -3.476232588291168213e-01 -3.632079660892486572e-01 6.044667586684226990e-02 -4.387946426868438721e-01 -9.335359209217131138e-04 -8.031491935253143311e-02 -4.488286674022674561e-01 -3.555761575698852539e-01 -1.144501194357872009e-01 1.327037066221237183e-01
2.430940717458724976e-01 -4.456115365028381348e-01 6.545056104660034180e-01 4.938721656799316406e-01 1.180989202111959457e-02 -9.185855090618133545e-02 6.347116827964782715e-01 4.433395862579345703e-01 -4.370752871036529541e-01 -4.965106844902038574e-01 3.579660654067993164e-01 -6.355614066123962402e-01 -6.415357589721679688e-01 -1.134305447340011597e-01 5.330795422196388245e-02 -7.716416567564010620e-02 -1.096513494849205017e-01 -6.734259128570556641e-01 1.979079693555831909e-01 5.684109330177307129e-01 3.990801572799682617e-01 9.677069783210754395e-01 3.581161797046661377e-01 -3.159966170787811279e-01 -1.992578804492950439e-01 5.790713429450988770e-01 1.697657853364944458e-01 1.492612063884735107e-01 -2.820279896259307861e-01 1.508514881134033203e-01 6.909753084182739258e-01 -1.447458053007721901e-03 -6.183117628097534180e-01 2.308202385902404785e-01 -6.878262013196945190e-02 4.170086383819580078e-01 -3.415599465370178223e-01 4.347068369388580322e-01 -2.568852901458740234e-01 2.574305422604084015e-02 -5.446727946400642395e-02 -7.604462653398513794e-02 -2.540264427661895752e-01 -1.266469955444335938e-01 -4.907139390707015991e-02 -1.081361532211303711e+00 4.945390522480010986e-01 4.220789968967437744e-01 5.128684043884277344e-01 1.606793105602264404e-01 -2.990343272686004639e-01 4.064159989356994629e-01 1.971243619918823242e-01 5.496399477124214172e-03 1.000777244567871094e+00 -6.895640492439270020e-01 -9.600704163312911987e-02 -6.845849752426147461e-01 -5.758422985672950745e-02 5.567050576210021973e-01 -7.700017094612121582e-01 -2.600500583648681641e-01 -6.858850121498107910e-01 2.118633389472961426e-01
1.302191734313964844e+00 -5.263081192970275879e-01 2.977453172206878662e-01 -6.262097358703613281e-01 -2.162211686372756958e-01 1.956964135169982910e-01 5.349481105804443359e-01 -1.891786009073257446e-01 -6.109191775321960449e-01 -1.103815063834190369e-01 5.613082051277160645e-01 -8.007307052612304688e-01 -3.847032487392425537e-01 -7.799280285835266113e-01 -3.116609454154968262e-01 1.396597504615783691e+00 3.074638843536376953e-01 -2.818874716758728027e-01 -1.636588722467422485e-01 5.376420021057128906e-01 8.014631867408752441e-01 5.704116821289062500e-01 2.239798605442047119e-01 -2.529846131801605225e-01 6.452968716621398926e-02 -3.123521506786346436e-01 -2.505737543106079102e-01 4.457437898963689804e-03 1.446904063224792480e+00 6.821377277374267578e-01 -4.419142007827758789e-01 -5.916504189372062683e-02 -2.152688615024089813e-02 -5.255670547485351562e-01 -2.474070191383361816e-01 3.169832825660705566e-01 8.325789868831634521e-02 -6.192761063575744629e-01 -4.755314290523529053e-01 3.630234599113464355e-01 4.270912408828735352e-01 3.581455945968627930e-01 -8.276803493499755859e-01 5.169885605573654175e-02 -5.939503312110900879e-01 -2.954950369894504547e-02 -1.196917518973350525e-01 -6.431149840354919434e-01 7.397804856300354004e-01 7.808976620435714722e-02 -3.087866902351379395e-01 1.183605417609214783e-01 1.211196541786193848e+00 -2.727294266223907471e-01 -2.626602351665496826e-01 -5.777583122253417969e-01 6.990195065736770630e-02 -4.221470654010772705e-02 -7.821918725967407227e-01 -3.483631312847137451e-01 -3.887458145618438721e-01 -1.889874786138534546e-01 -3.888428807258605957e-01 -3.227499425411224365e-01
1.373310834169387817e-01 -5.378890037536621094e-01 -5.171945318579673767e-02 -6.195845007896423340e-01 -1.657415181398391724e-01 -8.816130757331848145e-01 5.194450616836547852e-01 6.643112301826477051e-01 -1.063102841377258301e+00 -1.377217769622802734e-01 2.807021737098693848e-01 -7.453866600990295410e-01 -5.996572971343994141e-01 -1.884273141622543335e-01 1.274055838584899902e-01 5.365014672279357910e-01 7.955045700073242188e-01 3.910611569881439209e-01 3.939117491245269775e-01 7.665526270866394043e-01 6.634726524353027344e-01 6.086714267730712891e-01 2.618758007884025574e-02 3.531785309314727783e-01 -3.129819333553314209e-01 -1.097213104367256165e-01 1.772888749837875366e-01 -6.273916959762573242e-01 2.483619600534439087e-01 1.480418741703033447e-01 3.234907090663909912e-01 8.112305402755737305e-02 -3.608694970607757568e-01 -7.103424072265625000e-01 -3.661009967327117920e-01 -2.772132754325866699e-01 4.907176494598388672e-01 -5.442548990249633789e-01 -3.464862108230590820e-01 3.084315061569213867e-01 4.046640694141387939e-01 -2.610498964786529541e-01 7.699920237064361572e-02 -3.666344657540321350e-02 5.134037733078002930e-01 1.347950547933578491e-01 -7.398262619972229004e-02 -7.779412269592285156e-01 3.007627427577972412e-01 -7.754940986633300781e-01 6.402288079261779785e-01 -8.869850635528564453e-01 6.104943156242370605e-01 1.741230934858322144e-01 1.000474393367767334e-01 1.314211189746856689e-01 1.693534106016159058e-01 2.940414845943450928e-01 -5.953903198242187500e-01 2.515960857272148132e-02 8.478652238845825195e-01 5.553681850433349609e-01 -8.739654421806335449e-01 -2.424860000610351562e-01
-2.754695946350693703e-03 -1.060819253325462341e-01 5.172299742698669434e-01 -2.501069381833076477e-02 -1.652675797231495380e-03 -7.418498396873474121e-02 -2.090718746185302734e-01 5.085793733596801758e-01 -6.522238850593566895e-01 -1.272503733634948730e+00 5.605964660644531250e-01 -1.194943428039550781e+00 -5.237701907753944397e-02 -9.076781272888183594e-01 5.661453679203987122e-02 8.903929963707923889e-03 4.086451530456542969e-01 -4.276891052722930908e-02 2.478736937046051025e-01 1.143738403916358948e-01 8.099266290664672852e-01 1.403508305549621582e+00 2.632513344287872314e-01 -8.388542383909225464e-02 -4.674299806356430054e-02 7.653430849313735962e-02 -6.793929934501647949e-01 1.658456325531005859e-01 3.135190308094024658e-01 -1.664561927318572998e-01 -4.957000017166137695e-01 5.934126377105712891e-01 -2.066488265991210938e-01 -5.083183571696281433e-02 -9.978992938995361328e-01 -9.508284330368041992e-01 7.735049724578857422e-01 -1.332825064659118652e+00 7.533431053161621094e-01 -6.687096357345581055e-01 6.069589257240295410e-01 1.816022396087646484e-02 -2.983427643775939941e-01 2.936412990093231201e-01 1.329942345619201660e+00 -3.047320246696472168e-02 -2.208823710680007935e-01 1.636883988976478577e-02 5.037879943847656250e-01 8.663762211799621582e-01 8.838540911674499512e-01 -4.195312857627868652e-01 1.187041625380516052e-01 -1.419547349214553833e-01 -6.105150580406188965e-01 -2.955521643161773682e-01 -4.893453791737556458e-02 -9.143537282943725586e-01 -7.928211688995361328e-01 1.075764656066894531e+00 -3.535066843032836914e-01 1.295794248580932617e-01 -2.578118443489074707e-01 4.883243739604949951e-01
-3.100759983062744141e-01 -1.018310263752937317e-01 -4.838065505027770996e-01 -2.215067148208618164e-01 1.064355745911598206e-01 -4.162432551383972168e-01 -5.197957158088684082e-01 2.502026259899139404e-01 -4.497326016426086426e-01 -9.988222718238830566e-01 2.178461402654647827e-01 -9.781868457794189453e-01 -5.271961167454719543e-02 -3.565074503421783447e-01 4.599938690662384033e-01 4.018733501434326172e-01 -5.967636704444885254e-01 -5.358871817588806152e-01 3.420077562332153320e-01 1.797857880592346191e-01 -7.947240024805068970e-02 9.366028308868408203e-01 -1.250643432140350342e-01 -2.412115186452865601e-01 -2.062581777572631836e-01 2.828129827976226807e-01 -6.341018080711364746e-01 -6.220746040344238281e-01 5.745918154716491699e-01 -1.493412405252456665e-01 -3.995459675788879395e-01 3.412609100341796875e-01 -2.127615660429000854e-01 1.690126508474349976e-01 -9.486466050148010254e-01 -4.521011710166931152e-01 1.356837004423141479e-01 -4.022798240184783936e-01 8.344376683235168457e-01 -3.222703933715820312e-01 4.194909632205963135e-01 2.620792090892791748e-01 2.948305010795593262e-01 3.482664525508880615e-01 1.014574289321899414e+00 2.857705056667327881e-01 1.144865453243255615e-01 -2.745179831981658936e-01 4.556110799312591553e-01 7.379190921783447266e-01 3.171582520008087158e-01 -3.469533920288085938e-01 1.839606016874313354e-01 -7.141731679439544678e-02 2.464403957128524780e-01 -3.841330409049987793e-01 -1.014052033424377441e+00 -7.881566286087036133e-01 -5.098457336425781250e-01 8.332477807998657227e-01 -5.105122923851013184e-01 6.080918312072753906e-01 2.555939257144927979e-01 4.792532026767730713e-01
2.077122181653976440e-01 -7.928140759468078613e-01 3.640168011188507080e-01 8.345510810613632202e-02 -5.979636907577514648e-01 -1.736041456460952759e-01 -3.319184184074401855e-01 -3.868958353996276855e-01 -3.941466510295867920e-01 -6.798968911170959473e-01 -2.207096815109252930e-01 -6.593550443649291992e-01 9.193468093872070312e-02 -1.277963370084762573e-01 5.446928143501281738e-01 3.035356104373931885e-01 -1.868284046649932861e-01 2.797681093215942383e-02 2.717923820018768311e-01 2.773773111402988434e-02 3.967997729778289795e-01 2.861211597919464111e-01 -5.664110556244850159e-02 -3.963814303278923035e-02 1.222831234335899353e-01 3.512590825557708740e-01 2.110313475131988525e-01 5.970087647438049316e-02 2.515927255153656006e-01 1.579352021217346191e-01 5.662409961223602295e-02 -1.499276980757713318e-02 -1.656933501362800598e-02 -1.705939918756484985e-01 3.996269032359123230e-02 5.350912809371948242e-01 4.755538105964660645e-01 8.389880061149597168e-01 -3.395796939730644226e-02 -6.760444045066833496e-01 -5.607650056481361389e-02 -6.486027836799621582e-01 -2.624821364879608154e-01 5.256693959236145020e-01 6.793920397758483887e-01 5.572237819433212280e-02 2.952809929847717285e-01 -4.805397689342498779e-01 8.818532228469848633e-01 1.143523454666137695e+00 2.497108653187751770e-02 -1.849144548177719116e-01 1.991339921951293945e-01 4.035869538784027100e-01 1.004097461700439453e+00 -6.650188565254211426e-01 -5.940319895744323730e-01 -1.029900982975959778e-01 -8.178418874740600586e-01 4.049656391143798828e-01 -5.614544153213500977e-01 3.820721209049224854e-01 -4.275128543376922607e-01 -2.150877416133880615e-01
2.056225091218948364e-01 -4.869030117988586426e-01 -3.792014718055725098e-01 -5.725827813148498535e-01 6.806990504264831543e-02 4.042510986328125000e-01 2.749135196208953857e-01 -2.508940398693084717e-01 -6.477808356285095215e-01 2.820174098014831543e-01 8.555032014846801758e-01 -7.409219741821289062e-01 -2.977032363414764404e-01 -7.447547316551208496e-01 4.376943111419677734e-01 2.426893264055252075e-01 9.439355880022048950e-02 -2.365760058164596558e-01 -4.268050193786621094e-02 7.710755616426467896e-02 1.025669693946838379e+00 -1.189594343304634094e-01 3.360046446323394775e-01 -2.690592408180236816e-01 -1.565539091825485229e-01 -2.659813165664672852e-01 2.156026661396026611e-01 -5.132342576980590820e-01 8.282288908958435059e-01 6.147221922874450684e-01 2.648161947727203369e-01 -2.372961305081844330e-02 -1.530300676822662354e-01 -3.232480287551879883e-01 -2.441415041685104370e-01 8.184818178415298462e-02 8.695052564144134521e-02 -8.733531832695007324e-01 -6.152226924896240234e-01 7.343650329858064651e-03 1.471729278564453125e-01 3.771651983261108398e-01 -5.639795064926147461e-01 -2.682041227817535400e-01 1.322241574525833130e-01 7.975534349679946899e-02 1.502095311880111694e-01 -9.995101690292358398e-01 8.241100311279296875e-01 5.044982433319091797e-01 1.231191605329513550e-01 -5.748903751373291016e-01 8.722949028015136719e-01 5.433128029108047485e-02 -2.206647545099258423e-01 -2.610874176025390625e-01 -4.720175638794898987e-02 1.335355937480926514e-01 -7.048120498657226562e-01 3.786154985427856445e-01 -5.479876399040222168e-01 2.428625524044036865e-01 -1.331134885549545288e-01 -1.283374428749084473e+00
-1.441490799188613892e-01 -6.276633739471435547e-01 -1.180700808763504028e-01 -6.949124932289123535e-01 4.736073315143585205e-01 2.227632999420166016e-01 1.080155253410339355e+00 1.663881540298461914e-01 -8.472370505332946777e-01 -1.909132450819015503e-01 8.672358989715576172e-01 -1.525497317314147949e+00 7.714950293302536011e-02 -4.532591700553894043e-01 8.371894806623458862e-02 -4.075605273246765137e-01 6.229427456855773926e-01 1.231883764266967773e-01 3.905486166477203369e-01 4.216830730438232422e-01 1.988478302955627441e-01 -1.496679186820983887e-01 6.677395701408386230e-01 -1.803712248802185059e-01 1.082380637526512146e-01 -2.602382302284240723e-01 2.452118992805480957e-01 -4.235495328903198242e-01 5.631445646286010742e-01 1.825821995735168457e-01 2.179012149572372437e-01 2.211720198392868042e-01 -3.942278027534484863e-02 -2.061794847249984741e-01 9.515345096588134766e-02 -3.186979293823242188e-01 3.067115247249603271e-01 -9.377669692039489746e-01 -5.736464262008666992e-01 1.584784388542175293e-01 2.877379655838012695e-01 2.633906006813049316e-01 -1.000576257705688477e+00 -1.282023936510086060e-01 3.838362991809844971e-01 -2.975589931011199951e-01 -8.179058879613876343e-02 -5.739641189575195312e-01 1.015534877777099609e+00 1.406983286142349243e-01 2.220091223716735840e-01 -5.194846391677856445e-01 7.655847072601318359e-01 5.075868964195251465e-01 -3.062847256660461426e-01 -5.711278915405273438e-01 -8.731758594512939453e-01 -3.481417000293731689e-01 -1.651526242494583130e-01 7.139332294464111328e-01 -2.475239709019660950e-02 4.585636556148529053e-01 -4.743905961513519287e-01 -6.856107711791992188e-01
7.109823226928710938e-01 -1.490821987390518188e-01 8.166906833648681641e-01 5.843171477317810059e-01 2.098395526409149170e-01 -7.646247744560241699e-01 -2.797600999474525452e-02 -4.080504586454480886e-04 -5.142250657081604004e-01 -6.746905297040939331e-02 7.171528339385986328e-01 -2.394166886806488037e-01 -1.619518361985683441e-02 -3.932818472385406494e-01 1.032753475010395050e-02 7.665415406227111816e-01 1.345862150192260742e-01 -6.640027761459350586e-01 1.239087224006652832e+00 1.110999565571546555e-02 1.680980622768402100e-01 6.490880846977233887e-01 3.147639632225036621e-01 -5.899757146835327148e-01 1.130287200212478638e-01 6.440690159797668457e-01 -5.409923195838928223e-01 -4.220879077911376953e-01 -2.276314049959182739e-02 1.035279128700494766e-02 2.491931170225143433e-01 -2.703046500682830811e-01 -4.041621088981628418e-02 1.063793525099754333e-01 -1.053755655884742737e-01 1.187443584203720093e-01 5.767423510551452637e-01 5.222515463829040527e-01 3.211022615432739258e-01 4.176570773124694824e-01 -3.939332067966461182e-01 9.861099720001220703e-02 -5.507338643074035645e-01 1.518485844135284424e-01 2.072143107652664185e-01 -7.605124115943908691e-01 -1.190090104937553406e-01 4.263373911380767822e-01 4.278354644775390625e-01 6.004739403724670410e-01 5.851259455084800720e-03 1.204578951001167297e-01 -2.688959538936614990e-01 7.267331480979919434e-01 6.580489873886108398e-01 -4.305063188076019287e-01 -2.370727248489856720e-02 -3.559356331825256348e-01 -2.795279920101165771e-01 1.681309938430786133e-01 -3.411683738231658936e-01 -8.927144855260848999e-02 -3.148918449878692627e-01 -1.927003413438796997e-01
5.065498948097229004e-01 -3.583367466926574707e-01 3.971440494060516357e-01 1.919127106666564941e-01 -3.032128512859344482e-01 -5.722541213035583496e-01 2.288566678762435913e-01 8.572497963905334473e-01 -3.138949871063232422e-01 5.923693180084228516e-01 1.234989166259765625e+00 -1.077144265174865723e+00 7.057242095470428467e-02 -5.994510650634765625e-01 -2.250764518976211548e-01 3.473822772502899170e-01 -2.095843702554702759e-01 -6.032444071024656296e-04 1.011760354042053223e+00 2.366711795330047607e-01 -4.357901215553283691e-01 8.538793325424194336e-01 1.624271273612976074e-01 -1.041654109954833984e+00 -1.072342917323112488e-01 9.745327830314636230e-01 2.446844428777694702e-01 8.982963562011718750e-01 5.112229585647583008e-01 3.740174770355224609e-01 2.321216650307178497e-02 -1.453491896390914917e-01 -2.489958405494689941e-01 -1.817651689052581787e-01 -9.772004485130310059e-01 1.292963922023773193e-01 2.107916921377182007e-01 2.648774385452270508e-01 1.787450015544891357e-01 -1.873320937156677246e-01 6.890676617622375488e-01 -4.742338955402374268e-01 -3.372510373592376709e-01 -8.456767350435256958e-02 8.808558583259582520e-01 4.308098554611206055e-02 3.381872922182083130e-02 1.997344195842742920e-01 -1.606496423482894897e-01 -1.663714200258255005e-01 3.878697156906127930e-01 -2.742329537868499756e-01 5.357524156570434570e-01 5.739177465438842773e-01 4.771912693977355957e-01 -2.453537434339523315e-01 4.157283008098602295e-01 -6.041129231452941895e-01 -9.261844307184219360e-02 -3.094744980335235596e-01 -3.717961907386779785e-01 6.275685429573059082e-01 -1.096588224172592163e-01 -1.759583204984664917e-01
6.022483110427856445e-01 -4.297740459442138672e-01 4.997464418411254883e-01 1.100539267063140869e-01 -2.989042103290557861e-01 -7.505869269371032715e-01 1.682329326868057251e-01 6.431263685226440430e-01 -1.000394344329833984e+00 3.283114731311798096e-02 7.859827280044555664e-01 -6.858935952186584473e-01 -2.965469062328338623e-01 -3.692077100276947021e-01 -1.131160855293273926e-01 9.950593858957290649e-02 -1.195410192012786865e-01 -2.839708626270294189e-01 6.899477243423461914e-01 -2.280235849320888519e-02 -4.554916620254516602e-01 2.397072911262512207e-01 -1.250757277011871338e-01 -1.075791120529174805e+00 5.443736314773559570e-01 2.342378646135330200e-01 8.693262934684753418e-02 6.054534912109375000e-01 2.841007113456726074e-01 2.464791387319564819e-02 3.794634938240051270e-01 -2.224473655223846436e-01 2.802660763263702393e-01 4.544607400894165039e-01 -7.204921841621398926e-01 2.071259617805480957e-01 6.374531984329223633e-01 4.548254311084747314e-01 -1.850475668907165527e-01 -4.891946166753768921e-02 3.307558596134185791e-01 -2.659927308559417725e-01 -8.722063503228127956e-04 2.362348325550556183e-02 7.783483266830444336e-01 -2.282856553792953491e-01 -6.285835504531860352e-01 1.050117090344429016e-01 6.601860374212265015e-02 6.245281696319580078e-01 6.450543552637100220e-02 8.979424834251403809e-02 4.623204469680786133e-01 1.362295448780059814e-01 -1.409151852130889893e-01 -4.021917581558227539e-01 7.504664659500122070e-01 -4.495528936386108398e-01 2.130129188299179077e-02 -7.016502022743225098e-01 -4.070429131388664246e-02 4.312284663319587708e-02 -6.973299384117126465e-01 2.090007662773132324e-01
2.376294285058975220e-01 -1.381376013159751892e-02 8.929739594459533691e-01 8.206219971179962158e-02 -8.770706504583358765e-02 -6.043415665626525879e-01 5.808745622634887695e-01 1.314152330160140991e-01 -5.492601394653320312e-01 4.191305339336395264e-01 1.217065930366516113e+00 -1.722122877836227417e-01 6.900190711021423340e-01 -8.808500766754150391e-01 -2.501859068870544434e-01 3.041696250438690186e-01 2.906895279884338379e-01 1.098394915461540222e-01 4.470610320568084717e-01 2.498718798160552979e-01 2.913133800029754639e-01 5.245561599731445312e-01 7.100269794464111328e-01 -8.366155624389648438e-01 5.509207248687744141e-01 3.613216876983642578e-01 6.461192369461059570e-01 1.772069931030273438e-01 2.716165781021118164e-01 2.308267652988433838e-01 4.739512503147125244e-01 9.480474591255187988e-01 -4.787131845951080322e-01 -4.226235151290893555e-01 -6.362068653106689453e-01 2.869310379028320312e-01 4.689408540725708008e-01 2.713442742824554443e-01 1.287982463836669922e-01 -5.238152742385864258e-01 5.533475875854492188e-01 3.061101734638214111e-01 -3.717912435531616211e-01 -2.691630125045776367e-01 9.798564314842224121e-01 -1.369174290448427200e-02 1.033933460712432861e-01 -2.774583995342254639e-01 -2.548038363456726074e-01 7.301542758941650391e-01 4.088875353336334229e-01 2.420849055051803589e-01 1.613302826881408691e-01 1.084615811705589294e-01 6.051807403564453125e-01 -6.736146211624145508e-01 3.728434145450592041e-01 -1.184799894690513611e-01 1.696397960186004639e-01 5.016915127635002136e-02 1.190168708562850952e-01 -4.935511648654937744e-01 9.932276606559753418e-02 1.645543277263641357e-01
5.862090587615966797e-01 7.677569985389709473e-02 -4.520545899868011475e-02 -9.894649386405944824e-01 -1.228408217430114746e+00 -3.737521171569824219e-01 6.752253770828247070e-01 -3.559717908501625061e-02 -4.250903129577636719e-01 1.564227975904941559e-02 6.764965653419494629e-01 -1.005759119987487793e+00 -8.483469486236572266e-01 -6.362550854682922363e-01 6.082160472869873047e-01 6.399170160293579102e-01 2.984620444476604462e-02 -3.603729009628295898e-01 -1.297144591808319092e-01 5.320050120353698730e-01 6.563867926597595215e-01 7.656335234642028809e-01 3.138281404972076416e-01 4.640001952648162842e-01 5.941833853721618652e-01 -5.560322403907775879e-01 -1.697266548871994019e-01 -4.721986874938011169e-02 3.363385796546936035e-01 8.160980939865112305e-01 -2.117844074964523315e-01 5.532661080360412598e-01 1.089012697339057922e-01 -8.639785647392272949e-01 -6.554804444313049316e-01 -4.808101803064346313e-03 6.566047072410583496e-01 6.636320948600769043e-01 -2.846422195434570312e-01 4.419921040534973145e-01 -6.218236088752746582e-01 -2.008948624134063721e-01 -5.922948122024536133e-01 1.381125688552856445e+00 9.472892284393310547e-01 -5.893287658691406250e-01 -1.037473157048225403e-01 -6.285671591758728027e-01 -5.808941554278135300e-03 3.487790524959564209e-01 1.930786669254302979e-01 2.693845629692077637e-01 6.056017279624938965e-01 -4.973510652780532837e-02 -4.715289473533630371e-01 4.384586513042449951e-01 2.083841264247894287e-01 4.317171406000852585e-03 -9.501434117555618286e-02 -6.831173896789550781e-01 -1.568690389394760132e-01 5.723798871040344238e-01 7.045260071754455566e-02 2.461234033107757568e-01
1.015986561775207520e+00 -4.346247613430023193e-01 -2.323009073734283447e-01 4.079839959740638733e-02 -1.974470168352127075e-01 -8.867639303207397461e-01 -6.124698519706726074e-01 1.708872988820075989e-02 -4.723736047744750977e-01 -4.477121233940124512e-01 3.628149032592773438e-01 -8.734772205352783203e-01 1.741235405206680298e-01 -9.596733450889587402e-01 -7.243478894233703613e-01 8.835502862930297852e-01 2.939769029617309570e-01 -4.060057997703552246e-01 -1.042336672544479370e-01 6.206210851669311523e-01 3.798118233680725098e-01 -2.782802842557430267e-02 6.708092093467712402e-01 -6.668859720230102539e-01 1.234731793403625488e+00 3.071489334106445312e-01 -4.832358658313751221e-02 -4.752995073795318604e-01 5.202702879905700684e-01 3.715562224388122559e-01 7.240856289863586426e-01 3.736175298690795898e-01 1.637521535158157349e-01 -3.511847853660583496e-01 3.207498043775558472e-02 -1.739602833986282349e-01 1.564411330036818981e-03 -8.683553338050842285e-01 5.566876754164695740e-02 -3.569673597812652588e-01 -2.069629132747650146e-01 4.174211323261260986e-01 -5.154136419296264648e-01 2.267184555530548096e-01 9.951673746109008789e-01 2.679921984672546387e-01 -5.079483985900878906e-01 -3.923919796943664551e-01 -5.880060195922851562e-01 5.735328420996665955e-02 -1.000518441200256348e+00 6.271481513977050781e-02 1.197470664978027344e+00 -1.086245104670524597e-01 -2.851710282266139984e-02 -7.328684926033020020e-01 5.949278362095355988e-03 -5.327970534563064575e-02 -2.085150331258773804e-01 1.929323375225067139e-01 -6.767432689666748047e-01 5.250808596611022949e-01 -5.010761618614196777e-01 5.622437596321105957e-01
-1.002888232469558716e-01 -2.823194563388824463e-01 -1.598834544420242310e-01 -5.046724081039428711e-01 -2.220139950513839722e-01 2.148860692977905273e-01 3.107986748218536377e-01 6.321975588798522949e-02 -4.725596308708190918e-01 1.209070086479187012e-01 -3.090847432613372803e-01 -6.633097529411315918e-01 -6.776317954063415527e-01 -7.617250680923461914e-01 2.945053875446319580e-01 4.897413551807403564e-01 -3.642676174640655518e-01 2.358909398317337036e-01 1.328503787517547607e-01 2.208817154169082642e-01 4.728614091873168945e-01 7.258161902427673340e-02 8.170486688613891602e-01 -2.714146077632904053e-01 2.688867747783660889e-01 1.350491642951965332e-01 8.716810941696166992e-01 2.068045586347579956e-01 -5.890448763966560364e-02 3.843812644481658936e-01 2.056165970861911774e-02 -2.898772656917572021e-01 -5.558707714080810547e-01 -6.100832223892211914e-01 9.744573384523391724e-02 1.262543797492980957e-01 5.277754664421081543e-01 4.007979854941368103e-02 1.503694206476211548e-01 4.485150277614593506e-01 2.846579253673553467e-01 -3.659614920616149902e-01 1.107034012675285339e-01 1.013442277908325195e-01 2.698073089122772217e-01 -2.871367335319519043e-01 -5.619079470634460449e-01 -1.507297873497009277e+00 1.015135049819946289e+00 -5.520563125610351562e-01 2.411752939224243164e-01 -8.691438436508178711e-01 1.208237886428833008e+00 1.439131647348403931e-01 -2.760664820671081543e-01 -2.709345817565917969e-01 2.281600609421730042e-02 -4.194185882806777954e-02 -6.474783420562744141e-01 3.748591244220733643e-01 -3.077589273452758789e-01 4.090910404920578003e-02 -4.659529924392700195e-01 -1.779712736606597900e-01
-9.409949928522109985e-02 2.918363809585571289e-01 5.922486186027526855e-01 2.272718101739883423e-01 -3.386805653572082520e-01 -5.824772119522094727e-01 -2.773005664348602295e-01 -2.350993901491165161e-01 -2.419162690639495850e-01 -1.109272316098213196e-01 8.300403952598571777e-01 -5.467919167131185532e-03 -3.900501132011413574e-01 -3.541502654552459717e-01 2.663122415542602539e-01 8.433483839035034180e-01 -4.940325021743774414e-02 2.820874750614166260e-02 4.662422463297843933e-02 5.554426312446594238e-01 -5.878816246986389160e-01 -6.278082728385925293e-02 1.641554683446884155e-01 -7.312399148941040039e-01 4.123055338859558105e-01 1.743415594100952148e-01 -1.109471637755632401e-02 1.864601671695709229e-02 -1.629146784543991089e-01 4.063146710395812988e-01 9.782769083976745605e-01 5.329107046127319336e-01 -8.447474837303161621e-01 4.272291436791419983e-02 8.782452344894409180e-02 -2.038570791482925415e-01 7.019309997558593750e-01 3.070264756679534912e-01 -4.624257981777191162e-02 -7.643887996673583984e-01 1.449953764677047729e-01 7.112467885017395020e-01 3.445190489292144775e-01 -2.086140960454940796e-02 4.920884966850280762e-01 -4.607041776180267334e-01 -1.161971315741539001e-01 2.329489961266517639e-02 1.028951048851013184e+00 5.100092291831970215e-01 1.851728409528732300e-01 -1.265781819820404053e-01 5.954221487045288086e-01 -9.015676379203796387e-02 1.493967771530151367e-01 -4.040133953094482422e-01 -5.276777744293212891e-01 -1.872075051069259644e-01 -3.613892197608947754e-01 -5.466244220733642578e-01 4.113946557044982910e-01 -5.703066587448120117e-01 2.804140746593475342e-01 -5.496391654014587402e-01
6.707696914672851562e-01 -9.196797609329223633e-01 5.462853312492370605e-01 7.266491651535034180e-02 -2.387516051530838013e-01 -2.900064364075660706e-02 -6.487239152193069458e-02 1.738160699605941772e-01 1.300440542399883270e-02 -5.277635529637336731e-02 1.198269963264465332e+00 -9.142819643020629883e-01 -1.159270033240318298e-01 -3.028177022933959961e-01 4.490054249763488770e-01 2.818694896996021271e-02 -7.946642115712165833e-03 -2.787470817565917969e-01 1.077955842018127441e+00 -1.644014865159988403e-01 -6.483386754989624023e-01 1.083442211151123047e+00 -2.569104731082916260e-01 -5.529738664627075195e-01 2.280723750591278076e-01 4.973628222942352295e-01 -3.312718123197555542e-02 1.844630539417266846e-01 6.348280906677246094e-01 2.135094255208969116e-01 7.817340493202209473e-01 -6.181977391242980957e-01 2.469939291477203369e-01 2.377384454011917114e-01 -2.650843560695648193e-01 -1.142517942935228348e-02 2.712280750274658203e-01 9.056869745254516602e-01 2.058294601738452911e-02 2.807536721229553223e-01 -5.486776828765869141e-01 1.051778420805931091e-01 6.608000397682189941e-02 -1.362177580595016479e-01 5.690869092941284180e-01 -7.633490562438964844e-01 -1.970519870519638062e-01 -4.029814004898071289e-01 -1.341756135225296021e-01 4.139605164527893066e-01 2.155550271272659302e-01 -4.591031074523925781e-01 3.307113945484161377e-01 -3.828406333923339844e-02 -6.063888221979141235e-02 1.158587336540222168e-01 2.179490178823471069e-01 -7.485427856445312500e-01 -1.457038968801498413e-01 -1.364383995532989502e-01 -2.246677875518798828e-01 1.214348226785659790e-01 3.938111662864685059e-01 3.877639397978782654e-02
9.687305688858032227e-01 -2.057489156723022461e-01 4.353759288787841797e-01 -2.146109342575073242e-01 3.903128206729888916e-02 -3.091770410537719727e-01 -6.933249235153198242e-01 -1.109750419855117798e-01 -1.117244482040405273e+00 -2.593656480312347412e-01 8.269545435905456543e-01 1.156858634203672409e-02 5.504826903343200684e-01 -5.174505114555358887e-01 7.520964741706848145e-01 -3.561113774776458740e-02 4.647299051284790039e-01 -8.404540270566940308e-02 -9.703920781612396240e-02 5.857868194580078125e-01 6.453452110290527344e-01 1.398850083351135254e+00 7.425773143768310547e-01 -4.790962636470794678e-01 4.169977903366088867e-01 4.269602000713348389e-01 1.242651119828224182e-01 1.766068935394287109e-01 -5.136274695396423340e-01 -1.541149765253067017e-01 -2.305432111024856567e-01 3.353843986988067627e-01 -2.628332749009132385e-02 1.415674458257853985e-03 -5.411326289176940918e-01 -6.809893250465393066e-01 4.558641836047172546e-02 4.214067757129669189e-01 4.481701552867889404e-01 5.620385706424713135e-02 1.620306521654129028e-01 4.538536071777343750e-01 -9.903967380523681641e-02 1.055299043655395508e+00 2.377155125141143799e-01 1.165409162640571594e-01 -3.441528975963592529e-01 5.322859063744544983e-02 9.754778742790222168e-01 1.513594686985015869e-01 1.787796467542648315e-01 1.329798102378845215e-01 8.120925426483154297e-01 -3.356162086129188538e-02 -3.917881250381469727e-01 4.051484465599060059e-01 8.259572088718414307e-02 -7.521765232086181641e-01 2.155340015888214111e-01 3.958378732204437256e-01 -2.164206951856613159e-01 -2.752269804477691650e-01 -3.883911967277526855e-01 4.339802637696266174e-02
4.072749912738800049e-01 2.786622047424316406e-01 6.936133503913879395e-01 -4.839975852519273758e-03 -7.554614543914794922e-01 -9.118297696113586426e-02 5.466939806938171387e-01 3.049695491790771484e-01 -4.523691833019256592e-01 1.033614799380302429e-01 4.642491936683654785e-01 -6.377012729644775391e-01 -2.874403595924377441e-01 -1.589920371770858765e-01 1.143040537834167480e+00 6.225730776786804199e-01 1.664801388978958130e-01 -4.505407512187957764e-01 5.348560214042663574e-01 6.307558417320251465e-01 3.019734025001525879e-01 3.932111561298370361e-01 9.340333938598632812e-01 -5.234652161598205566e-01 -1.625915467739105225e-01 6.938146352767944336e-01 8.860885351896286011e-02 -4.678075611591339111e-01 -1.177311018109321594e-01 8.437070250511169434e-02 3.496903181076049805e-01 4.365982711315155029e-01 -1.494996808469295502e-02 -7.785282731056213379e-01 -7.975206375122070312e-01 9.356950968503952026e-02 -7.074286043643951416e-02 2.359500825405120850e-01 -4.979244172573089600e-01 2.933568358421325684e-01 -6.994481682777404785e-01 2.478775084018707275e-01 -1.287486404180526733e-01 6.160602569580078125e-01 2.868241667747497559e-01 2.435452491044998169e-02 3.147025108337402344e-01 2.448375523090362549e-01 -1.220820751041173935e-02 2.301889508962631226e-01 -1.367865968495607376e-02 -5.526534318923950195e-01 -6.131016835570335388e-02 -9.544959664344787598e-01 -1.411597281694412231e-01 5.756792426109313965e-02 -2.119769304990768433e-01 -7.818644046783447266e-01 -4.454151988029479980e-01 -4.652617499232292175e-02 -3.890625536441802979e-01 -2.806110121309757233e-02 6.442505717277526855e-01 6.646158099174499512e-01
6.708512306213378906e-01 -3.696320056915283203e-01 4.666940867900848389e-01 3.468347489833831787e-01 -1.860425621271133423e-02 -3.626280426979064941e-01 3.988204002380371094e-01 -7.503694295883178711e-02 -2.484246157109737396e-03 -6.755715608596801758e-01 8.435831069946289062e-01 -2.581417262554168701e-01 -7.890486717224121094e-01 1.014181450009346008e-01 1.226624697446823120e-01 2.841517142951488495e-02 -8.121082186698913574e-02 -4.124666452407836914e-01 4.154057800769805908e-01 3.531663864850997925e-02 1.927839964628219604e-01 8.664039969444274902e-01 2.214039266109466553e-01 -5.214638113975524902e-01 -1.170499995350837708e-01 3.915246725082397461e-01 2.629780769348144531e-01 3.984958827495574951e-01 -3.758692741394042969e-01 2.920989394187927246e-01 4.565898478031158447e-01 -2.115940302610397339e-01 -5.074273347854614258e-01 -2.101576477289199829e-01 -2.754823677241802216e-02 -1.855616122484207153e-01 -2.195454537868499756e-01 2.015593349933624268e-01 -2.401928156614303589e-01 -6.324297785758972168e-01 3.075737655162811279e-01 -2.544283270835876465e-01 2.041407376527786255e-01 2.806777656078338623e-01 5.038053393363952637e-01 -5.864512920379638672e-01 2.684236168861389160e-01 1.162559390068054199e-01 1.159221976995468140e-01 6.169106364250183105e-01 -6.028019785881042480e-01 -3.859147429466247559e-01 3.041860759258270264e-01 1.755448132753372192e-01 9.052380323410034180e-01 -4.352623820304870605e-01 -1.482079625129699707e-01 -5.310621857643127441e-01 -5.744730830192565918e-01 -1.440130174160003662e-02 -4.536932408809661865e-01 -3.035203218460083008e-01 -1.298556923866271973e-01 -2.409470081329345703e-01
2.819167673587799072e-01 1.966240815818309784e-02 -1.801391392946243286e-01 -3.221173882484436035e-01 -2.930026352405548096e-01 -4.576270282268524170e-01 -5.773450732231140137e-01 -8.115438818931579590e-01 -5.328502655029296875e-01 -9.372053146362304688e-01 4.039296507835388184e-01 -1.110235095024108887e+00 -4.610463976860046387e-01 -7.254402637481689453e-01 7.692167162895202637e-01 2.479592896997928619e-02 -3.266826570034027100e-01 -9.053837060928344727e-01 2.006689086556434631e-03 1.807822585105895996e-01 4.866262376308441162e-01 1.278636574745178223e+00 -4.258521199226379395e-01 -3.207378685474395752e-01 -1.711597293615341187e-01 -1.493381112813949585e-01 -9.864439070224761963e-02 -5.558902025222778320e-02 7.110550999641418457e-01 1.903050392866134644e-01 3.476353362202644348e-02 9.011665582656860352e-01 7.765062619000673294e-03 -3.879246413707733154e-01 -9.300319552421569824e-01 -3.683924973011016846e-01 -2.416715174913406372e-01 -6.743714213371276855e-01 1.059874176979064941e+00 2.297049462795257568e-01 3.660233616828918457e-01 7.723814249038696289e-01 -1.809474676847457886e-01 4.647015035152435303e-01 1.106675267219543457e+00 3.037198781967163086e-01 2.433918714523315430e-01 -2.939265035092830658e-02 5.903301835060119629e-01 2.771230041980743408e-01 6.942740678787231445e-01 -1.589991897344589233e-01 5.853212475776672363e-01 1.544059962034225464e-01 3.223088383674621582e-01 -7.989600300788879395e-01 -1.684781163930892944e-01 -1.072665691375732422e+00 -2.453867048025131226e-01 1.439004540443420410e+00 -3.564680814743041992e-01 1.369161307811737061e-01 6.004179269075393677e-02 4.493318498134613037e-01
6.465677022933959961e-01 -3.546271026134490967e-01 -1.784501373767852783e-01 -4.735881090164184570e-01 -5.246664881706237793e-01 -4.277853965759277344e-01 6.163049489259719849e-02 -3.823760151863098145e-01 -4.522140026092529297e-01 -5.423225760459899902e-01 2.613785490393638611e-02 -3.702334761619567871e-01 -2.721498310565948486e-01 -2.235267907381057739e-01 2.875539660453796387e-01 -1.477684527635574341e-01 -4.561162367463111877e-02 -1.435065176337957382e-02 6.085306406021118164e-01 3.561675921082496643e-02 -2.796976566314697266e-01 7.358348965644836426e-01 2.487630844116210938e-01 -6.336939334869384766e-02 -4.073491990566253662e-01 6.476573944091796875e-01 -9.210327863693237305e-01 -1.766322255134582520e-01 7.386494874954223633e-01 -7.589992284774780273e-01 -1.433969438076019287e-01 3.075975179672241211e-01 -3.789803385734558105e-01 -3.304715082049369812e-02 -2.819219529628753662e-01 -1.327587366104125977e-01 6.884275674819946289e-01 4.233104586601257324e-01 2.316331267356872559e-01 -2.425979524850845337e-01 -3.893476128578186035e-01 4.548632800579071045e-01 4.669502377510070801e-02 5.106077790260314941e-01 8.891675472259521484e-01 -1.813872605562210083e-01 -2.960204705595970154e-02 -1.809529773890972137e-02 3.969115316867828369e-01 6.490930318832397461e-01 5.032444745302200317e-02 -3.593139648437500000e-01 2.056024223566055298e-01 -1.644988358020782471e-01 9.186600446701049805e-01 -1.020177304744720459e-01 -3.119465708732604980e-01 5.975925326347351074e-01 -2.503223717212677002e-01 3.764937520027160645e-01 -1.436915755271911621e+00 -2.328390255570411682e-02 1.073274612426757812e-01 -1.883447319269180298e-01
2.310142070055007935e-01 -5.698792934417724609e-01 2.798582613468170166e-01 1.962805241346359253e-01 -6.770497560501098633e-02 -9.296683967113494873e-02 5.106871575117111206e-02 2.761652469635009766e-01 -4.967637658119201660e-01 -1.809890419244766235e-01 1.094324469566345215e+00 -4.942961931228637695e-01 -2.908409535884857178e-01 -4.840241372585296631e-01 3.918353915214538574e-01 -6.240482907742261887e-03 -5.105464458465576172e-01 -3.720858395099639893e-01 3.932447433471679688e-01 -1.941803395748138428e-01 -2.740040719509124756e-01 6.286686062812805176e-01 5.599357187747955322e-02 -3.618190884590148926e-01 -4.423453509807586670e-01 8.668848276138305664e-01 -6.009677648544311523e-01 4.117161035537719727e-01 5.056603550910949707e-01 2.763645946979522705e-01 4.701483845710754395e-01 4.140048623085021973e-01 -9.340877830982208252e-02 -3.521463572978973389e-01 -7.154032588005065918e-01 5.408658981323242188e-01 1.183591187000274658e-01 4.276844561100006104e-01 -6.187967658042907715e-01 -1.404119729995727539e-01 3.085159659385681152e-01 -2.238455116748809814e-01 8.128591626882553101e-02 -3.130601644515991211e-01 9.487343579530715942e-02 -4.973783195018768311e-01 2.114433795213699341e-01 9.904487431049346924e-02 -1.256804466247558594e-01 4.326631426811218262e-01 -3.257268071174621582e-01 1.184828393161296844e-02 4.813613593578338623e-01 3.015916943550109863e-01 -7.346511632204055786e-02 -2.444911450147628784e-01 8.975020647048950195e-01 -8.125547766685485840e-01 -3.566498458385467529e-01 -3.133833408355712891e-01 -1.396684646606445312e-01 6.249801516532897949e-01 -9.605401754379272461e-01 4.742255806922912598e-01
-1.955150514841079712e-01 -8.563543111085891724e-02 7.247834205627441406e-01 3.096022307872772217e-01 -4.252391457557678223e-01 -6.853092312812805176e-01 2.200395762920379639e-01 -3.781467378139495850e-01 -2.004756033420562744e-01 3.651347160339355469e-01 2.887044548988342285e-01 -9.908824563026428223e-01 -2.724592387676239014e-01 -4.071856141090393066e-01 -1.573544293642044067e-01 4.200168848037719727e-01 8.626756072044372559e-01 -1.169259753078222275e-02 -7.977959513664245605e-02 7.780527472496032715e-01 2.919796109199523926e-01 1.162256360054016113e+00 5.309257283806800842e-02 -1.399952620267868042e-01 1.442170888185501099e-01 5.753720402717590332e-01 -2.270129173994064331e-01 2.532167732715606689e-01 6.857340335845947266e-01 -1.010234281420707703e-01 1.771386414766311646e-01 7.267665863037109375e-01 1.944587938487529755e-02 -1.182332485914230347e-01 -1.632818728685379028e-01 1.216444447636604309e-01 2.778502367436885834e-02 1.923807151615619659e-02 -1.149633169174194336e+00 2.495541796088218689e-02 1.562293022871017456e-01 -5.908773541450500488e-01 -1.796466410160064697e-01 -2.651642560958862305e-01 7.985294610261917114e-02 -1.039966106414794922e+00 -4.740174412727355957e-01 1.003891006112098694e-01 -2.357239276170730591e-02 1.245926976203918457e+00 -1.708268821239471436e-01 2.350788265466690063e-01 7.902812361717224121e-01 3.528463244438171387e-01 8.342512696981430054e-02 2.685576081275939941e-01 6.017889380455017090e-01 -5.530101656913757324e-01 -3.210540115833282471e-01 1.261197209358215332e+00 -1.898615807294845581e-01 2.701402306556701660e-01 -5.503348708152770996e-01 1.980226337909698486e-01
1.862871795892715454e-01 -6.074191257357597351e-02 3.122330307960510254e-01 3.928245604038238525e-01 -1.054580733180046082e-01 -4.898767769336700439e-01 3.935863077640533447e-02 5.674481391906738281e-01 -1.624269634485244751e-01 -7.542071491479873657e-02 6.875766515731811523e-01 -3.230405151844024658e-01 -6.363868117332458496e-01 8.058176934719085693e-02 3.005152046680450439e-01 1.049662604928016663e-01 -3.980495631694793701e-01 1.351842880249023438e-01 2.914701402187347412e-01 5.717658996582031250e-01 2.597906393930315971e-03 2.889161705970764160e-01 4.162549972534179688e-01 -2.721126973628997803e-01 -1.848211586475372314e-01 7.619535923004150391e-01 -2.603530287742614746e-01 2.123051881790161133e-01 1.878495663404464722e-01 3.253723978996276855e-01 -9.509245306253433228e-02 -3.339072465896606445e-01 -9.356182813644409180e-02 -4.412657022476196289e-01 -4.764203429222106934e-01 -3.062648475170135498e-01 3.472355604171752930e-01 5.867784842848777771e-02 -2.654873430728912354e-01 -2.060997635126113892e-01 3.055417537689208984e-01 5.121297389268875122e-02 -1.196268722414970398e-01 2.586121559143066406e-01 5.745647549629211426e-01 -5.675773024559020996e-01 3.790388107299804688e-01 -4.113259315490722656e-01 4.729080200195312500e-01 -9.131436049938201904e-02 -8.890715241432189941e-01 -3.141620159149169922e-01 5.982783064246177673e-02 5.777897238731384277e-01 1.165491104125976562e+00 -2.654563784599304199e-01 8.438305556774139404e-02 -4.734196364879608154e-01 -2.481760084629058838e-01 5.505489110946655273e-01 -1.235571742057800293e+00 -2.846075892448425293e-01 5.613451004028320312e-01 -3.648223876953125000e-01
6.732735782861709595e-02 -4.169275760650634766e-01 4.998264610767364502e-01 3.062011897563934326e-01 -3.871214389801025391e-01 -6.918772459030151367e-01 2.684149742126464844e-01 3.347463905811309814e-01 -7.070644497871398926e-01 -8.031839728355407715e-01 1.191642165184020996e+00 -1.174172163009643555e+00 -5.971110239624977112e-02 -6.092825531959533691e-01 -2.714734673500061035e-01 5.078606605529785156e-01 4.066866040229797363e-01 -5.719693005084991455e-02 9.296316653490066528e-02 -3.810113072395324707e-01 7.522715926170349121e-01 9.383267760276794434e-01 7.113940715789794922e-01 -4.441396594047546387e-01 1.089100837707519531e+00 -1.402017325162887573e-01 1.616064906120300293e-01 6.923640370368957520e-01 -9.706894308328628540e-02 1.277447794564068317e-03 -8.931051492691040039e-01 6.163612008094787598e-01 6.809628605842590332e-01 -1.622286200523376465e+00 -6.590911149978637695e-01 -2.572921514511108398e-01 3.256422877311706543e-01 -2.716924846172332764e-01 -1.443003024905920029e-02 -3.580726385116577148e-01 -5.791111588478088379e-01 4.709896147251129150e-01 -7.438974976539611816e-01 -1.601146310567855835e-01 2.543764412403106689e-01 -7.965064793825149536e-02 -5.350410342216491699e-01 -8.825876563787460327e-02 6.846508979797363281e-01 4.379707276821136475e-01 -3.806089758872985840e-01 3.869213461875915527e-01 4.404655992984771729e-01 -3.281023502349853516e-01 1.017651632428169250e-01 -4.226538538932800293e-01 7.945095300674438477e-01 -7.845652699470520020e-01 -8.428671956062316895e-01 1.200886845588684082e+00 -1.651409864425659180e-01 4.398233890533447266e-01 -5.293164849281311035e-01 -7.836238145828247070e-01
5.697343349456787109e-01 -5.527868270874023438e-01 1.962796449661254883e-01 8.020687848329544067e-02 -1.190661713480949402e-01 -1.055008292198181152e+00 -2.725314795970916748e-01 2.887699902057647705e-01 -7.714445702731609344e-03 -1.703467816114425659e-01 7.964271120727062225e-03 -2.647133469581604004e-01 -3.109490685164928436e-02 -4.374232292175292969e-01 -4.126462936401367188e-01 5.895223021507263184e-01 3.351792693138122559e-01 -2.039352357387542725e-01 -2.222363352775573730e-01 2.714032828807830811e-01 5.176847428083419800e-02 8.283813297748565674e-02 3.043731153011322021e-01 -3.018543422222137451e-01 7.124482393264770508e-01 9.508582949638366699e-01 2.258618772029876709e-01 -6.507211923599243164e-01 7.428905367851257324e-01 -1.693357527256011963e-01 5.992443561553955078e-01 -1.792894005775451660e-01 -1.686847507953643799e-01 -1.062438562512397766e-01 -7.101109027862548828e-01 -5.172727108001708984e-01 1.488788723945617676e-01 3.210853412747383118e-02 -4.995232820510864258e-02 -4.344093799591064453e-01 -2.737900018692016602e-01 1.458193808794021606e-01 -3.465948700904846191e-01 1.380077935755252838e-02 1.122138500213623047e+00 2.473398894071578979e-01 -2.828426957130432129e-01 -1.593655496835708618e-01 -3.062155246734619141e-01 7.041136622428894043e-01 -3.571386635303497314e-01 -3.158264458179473877e-01 3.766586184501647949e-01 3.469827352091670036e-03 9.684512019157409668e-01 -8.005599975585937500e-01 -2.436828799545764923e-02 -1.565157771110534668e-01 2.533507347106933594e-01 -4.201956838369369507e-02 -6.001358479261398315e-02 -1.119964476674795151e-02 -4.284269511699676514e-01 4.049596488475799561e-01
-1.591482013463973999e-01 1.322432607412338257e-02 3.203713893890380859e-01 -3.611849844455718994e-01 -2.855746746063232422e-01 4.373858869075775146e-02 3.831641376018524170e-01 4.595400989055633545e-01 -5.600743293762207031e-01 6.410645693540573120e-02 3.458712100982666016e-01 -3.010843992233276367e-01 -4.316360652446746826e-01 -1.062733292579650879e+00 9.201166033744812012e-02 3.813482820987701416e-01 2.561058700084686279e-01 -4.576122462749481201e-01 1.030147373676300049e-01 2.141026854515075684e-01 -1.340314745903015137e-01 1.842158883810043335e-01 8.209933638572692871e-01 -1.469773352146148682e-01 2.601219415664672852e-01 6.522738188505172729e-02 1.998827308416366577e-01 -8.575899153947830200e-02 -5.627478361129760742e-01 -3.308538347482681274e-02 2.926907837390899658e-01 2.305824607610702515e-01 2.688680030405521393e-02 -1.136073112487792969e+00 -2.758851945400238037e-01 -1.181051731109619141e-01 -2.101821005344390869e-01 -6.476926207542419434e-01 -9.975329972803592682e-03 1.554289925843477249e-02 -1.492359787225723267e-01 -2.519617080688476562e-01 2.372778952121734619e-01 -2.060676217079162598e-01 4.457639157772064209e-01 -6.418949365615844727e-01 -6.232900619506835938e-01 -1.611948490142822266e+00 9.073475599288940430e-01 -3.330174386501312256e-01 3.701141178607940674e-01 -1.131939291954040527e+00 1.068819046020507812e+00 8.087430000305175781e-01 -4.415163993835449219e-01 1.337663829326629639e-01 2.070698440074920654e-01 4.380335211753845215e-01 -7.527235150337219238e-01 8.085691332817077637e-01 5.357584357261657715e-02 4.396464824676513672e-01 -4.224355518817901611e-01 -6.065105199813842773e-01
-1.615375876426696777e-01 1.595337241888046265e-01 6.806575059890747070e-01 -6.663792729377746582e-01 7.771540880203247070e-01 -3.969948291778564453e-01 -4.960680752992630005e-02 8.090297579765319824e-01 -3.939184248447418213e-01 7.280849218368530273e-01 1.410200715065002441e+00 -1.073274493217468262e+00 1.010246053338050842e-01 -1.969286799430847168e-01 8.439628034830093384e-02 6.382158398628234863e-01 -1.837963014841079712e-01 2.437080591917037964e-01 5.602095723152160645e-01 3.869662061333656311e-02 2.676739394664764404e-01 2.121230661869049072e-01 6.337582468986511230e-01 -2.417424321174621582e-02 2.301996797323226929e-01 -4.372390508651733398e-01 8.990752100944519043e-01 -1.985697895288467407e-01 6.571115553379058838e-02 4.610611796379089355e-01 8.462189882993698120e-02 1.229483842849731445e+00 -4.843349456787109375e-01 -8.734628558158874512e-01 -2.658413648605346680e-01 5.634369850158691406e-01 4.974532723426818848e-01 3.478529751300811768e-01 1.386667340993881226e-01 2.322624325752258301e-01 5.137386918067932129e-01 2.443862855434417725e-01 -5.061698555946350098e-01 1.100313588976860046e-01 7.672848701477050781e-01 -1.235773637890815735e-01 -9.853232651948928833e-02 -9.921326637268066406e-01 -5.708750486373901367e-01 4.811965525150299072e-01 -3.697017431259155273e-01 7.548754811286926270e-01 9.012883156538009644e-02 -3.268270492553710938e-01 -9.910460561513900757e-02 -4.595469534397125244e-01 -1.572260260581970215e-01 -2.166468054056167603e-01 -4.582701325416564941e-01 3.922426700592041016e-01 -4.421788454055786133e-01 3.196474909782409668e-02 2.033430486917495728e-01 5.692879110574722290e-02
-1.165651977062225342e-01 -1.453874111175537109e-01 -3.437023237347602844e-02 -1.272331774234771729e-01 5.594817399978637695e-01 -3.166763186454772949e-01 -4.265022873878479004e-01 5.423295497894287109e-01 -1.787723749876022339e-01 -5.383435487747192383e-01 -2.017416507005691528e-01 -1.209628939628601074e+00 -8.433098196983337402e-01 -4.493692144751548767e-02 8.964272588491439819e-02 1.552097797393798828e-01 -2.772303521633148193e-01 -8.919289708137512207e-01 3.790212571620941162e-01 4.030852913856506348e-01 2.173917889595031738e-01 3.217874169349670410e-01 3.621907532215118408e-01 -2.938098311424255371e-01 -5.239233970642089844e-01 7.933665513992309570e-01 1.267862915992736816e-01 1.948398947715759277e-01 -1.954296417534351349e-02 -1.289407610893249512e-01 -7.768684625625610352e-02 1.694788038730621338e-02 -2.187685072422027588e-01 2.812835387885570526e-03 -2.966758608818054199e-01 -5.639651417732238770e-01 3.535318374633789062e-01 -1.011524572968482971e-01 8.531219512224197388e-02 -2.754431664943695068e-01 1.153716444969177246e-01 -4.548290278762578964e-03 -2.576110363006591797e-01 2.977849245071411133e-01 8.149679303169250488e-01 -3.169040754437446594e-02 2.486725151538848877e-01 -6.377166509628295898e-01 4.289283156394958496e-01 6.915579438209533691e-01 -5.865103006362915039e-01 2.451481521129608154e-01 -3.561011981219053268e-03 3.598069250583648682e-01 6.229893565177917480e-01 -3.805913031101226807e-01 -1.223609447479248047e-01 -2.189593911170959473e-01 -5.607157349586486816e-01 5.805059671401977539e-01 -3.992010653018951416e-01 -6.842420101165771484e-01 3.262612521648406982e-01 -3.997888863086700439e-01
1.486586332321166992e-01 8.131486177444458008e-02 6.158561110496520996e-01 1.247985064983367920e-01 -7.936768531799316406e-01 -1.541058659553527832e+00 5.698198825120925903e-02 -1.995230019092559814e-01 -3.837477564811706543e-01 2.378794699907302856e-01 3.117535412311553955e-01 -4.189639389514923096e-01 1.464258432388305664e-01 -9.807938933372497559e-01 -1.331387609243392944e-01 5.824490189552307129e-01 7.525581717491149902e-01 -3.123377263545989990e-01 -6.230794265866279602e-02 2.985573410987854004e-01 -2.698875963687896729e-01 5.881941318511962891e-01 -5.099191516637802124e-02 -9.002920240163803101e-02 7.742474675178527832e-01 4.955311417579650879e-01 4.750362336635589600e-01 1.191783994436264038e-01 2.694727182388305664e-01 6.011011451482772827e-02 8.858891129493713379e-01 1.638846248388290405e-01 2.323671877384185791e-01 1.575664430856704712e-01 -5.302715301513671875e-01 7.247935533523559570e-01 9.580416083335876465e-01 7.374328374862670898e-01 -1.489966064691543579e-01 -7.351287603378295898e-01 2.336665093898773193e-01 -5.143579840660095215e-01 9.582102298736572266e-02 2.795449793338775635e-01 3.819155991077423096e-01 -8.323482871055603027e-01 -9.535172581672668457e-01 -4.421170428395271301e-02 1.324752420186996460e-01 9.437338113784790039e-01 -1.066522225737571716e-01 5.060900449752807617e-01 2.678098678588867188e-01 4.770175516605377197e-01 2.149593271315097809e-02 -2.385718673467636108e-01 2.614536583423614502e-01 -4.539562761783599854e-01 -2.501477301120758057e-01 8.365345597267150879e-01 -5.708215758204460144e-02 -3.688199520111083984e-01 -7.586620450019836426e-01 -3.203110694885253906e-01
5.333517789840698242e-01 5.263654589653015137e-01 1.740393489599227905e-01 -2.068347185850143433e-01 3.092115223407745361e-01 3.507996350526809692e-02 -2.303415238857269287e-01 2.599117159843444824e-01 -8.381394147872924805e-01 4.669373333454132080e-01 7.051853537559509277e-01 -8.357820510864257812e-01 7.342777680605649948e-03 -1.158512011170387268e-01 6.544958949089050293e-01 1.796645969152450562e-01 -2.711492180824279785e-01 1.649755686521530151e-01 6.626792550086975098e-01 3.842217326164245605e-01 2.544497847557067871e-01 7.698545455932617188e-01 6.562360525131225586e-01 -8.603773117065429688e-01 1.440953910350799561e-01 -2.235477231442928314e-02 1.420234590768814087e-01 -6.775984764099121094e-01 -7.495917379856109619e-02 6.986922621726989746e-01 -7.976373285055160522e-02 1.157395601272583008e+00 3.281461596488952637e-01 -7.085841298103332520e-01 -4.971862137317657471e-01 1.492557376623153687e-01 -7.584795355796813965e-03 2.161872833967208862e-01 -2.291596084833145142e-01 1.148595213890075684e-01 -2.988665699958801270e-01 -4.331412613391876221e-01 -1.969790160655975342e-01 5.610272884368896484e-01 1.673932671546936035e-01 -6.767418980598449707e-01 -4.540174081921577454e-02 -4.766376316547393799e-01 1.610737442970275879e-01 9.881494045257568359e-01 1.823321729898452759e-01 1.945962458848953247e-01 -4.833581745624542236e-01 -1.253668308258056641e+00 -5.692151933908462524e-02 -4.705615639686584473e-01 -9.432642720639705658e-03 -7.159394025802612305e-01 -4.688235223293304443e-01 7.289529442787170410e-01 -3.760057091712951660e-01 1.700507998466491699e-01 1.780535578727722168e-01 5.191224813461303711e-01
9.415171146392822266e-01 -3.754701018333435059e-01 3.796087205410003662e-01 1.173108071088790894e-01 3.706018328666687012e-01 6.549909710884094238e-02 -1.610856354236602783e-01 -7.017099261283874512e-01 -4.107125103473663330e-01 -6.049316525459289551e-01 5.323842540383338928e-02 -1.206159234046936035e+00 -1.783834844827651978e-01 -2.519508823752403259e-02 1.272023767232894897e-01 9.643624424934387207e-01 -3.310201466083526611e-01 3.522126972675323486e-01 -4.081520065665245056e-02 5.857777595520019531e-01 1.355952471494674683e-01 1.292184948921203613e+00 -4.175597131252288818e-01 -5.535190105438232422e-01 -8.109451085329055786e-02 6.306749582290649414e-01 2.612303197383880615e-01 -1.758466809988021851e-01 1.052793264389038086e-01 1.829108223319053650e-03 5.275514125823974609e-01 7.357230782508850098e-02 -1.656871289014816284e-01 -1.482858359813690186e-01 -2.351967990398406982e-01 1.512837409973144531e-01 9.658413380384445190e-02 6.301997900009155273e-01 -6.746056675910949707e-01 -5.962565541267395020e-02 -7.426917087286710739e-03 -6.429832428693771362e-02 3.108747303485870361e-01 -1.495913118124008179e-01 -4.238905608654022217e-01 -7.798894643783569336e-01 9.615232236683368683e-03 -1.496749371290206909e-01 2.405459135770797729e-01 1.029073715209960938e+00 -8.399910330772399902e-01 3.299942612648010254e-02 -3.866473436355590820e-01 -3.265877068042755127e-01 2.836177051067352295e-01 -5.735914111137390137e-01 -2.230263948440551758e-01 -1.010496258735656738e+00 -1.168419048190116882e-01 6.276363730430603027e-01 2.130454778671264648e-02 1.011438295245170593e-01 4.743409808725118637e-03 3.463854789733886719e-01
3.178260624408721924e-01 2.491637915372848511e-01 5.864830017089843750e-01 -5.931793451309204102e-01 2.321810573339462280e-01 4.973239600658416748e-01 -5.628773570060729980e-01 3.088530302047729492e-01 -7.597056031227111816e-01 2.549266517162322998e-01 4.233557879924774170e-01 -5.647256374359130859e-01 5.221707820892333984e-01 -2.384932488203048706e-01 1.118783235549926758e+00 3.763711154460906982e-01 5.407646298408508301e-01 -4.834629595279693604e-01 8.955718874931335449e-01 3.974639177322387695e-01 -1.829414516687393188e-01 6.568484306335449219e-01 3.825161457061767578e-01 -6.061249971389770508e-01 -3.947902023792266846e-01 4.671223163604736328e-01 6.566768139600753784e-02 -2.445666640996932983e-01 1.240223571658134460e-01 -1.812024861574172974e-01 2.028373032808303833e-01 4.022849202156066895e-01 7.022943347692489624e-02 -5.748475790023803711e-01 -7.636359930038452148e-01 2.341818995773792267e-02 -2.828100025653839111e-01 1.348780095577239990e-01 -6.026153564453125000e-01 3.364320099353790283e-02 -1.049025177955627441e+00 -1.434950381517410278e-01 -1.056244522333145142e-01 2.978956103324890137e-01 3.229529364034533501e-03 -4.945255517959594727e-01 -3.313488066196441650e-01 -6.027669310569763184e-01 -7.109719514846801758e-02 2.813262343406677246e-01 8.334252238273620605e-02 2.269463986158370972e-01 3.868971168994903564e-01 -7.419118285179138184e-01 3.262736797332763672e-01 -6.064485013484954834e-02 1.740811467170715332e-01 -8.040568828582763672e-01 -3.419012129306793213e-01 2.075468301773071289e-01 -2.581547945737838745e-02 -1.832613497972488403e-01 4.856712222099304199e-01 7.051397562026977539e-01
1.251669883728027344e+00 -1.795662999153137207e+00 1.380611360073089600e-01 -5.502521991729736328e-01 -8.566787242889404297e-01 -4.963709712028503418e-01 1.158593371510505676e-01 -7.216261625289916992e-01 -4.171000421047210693e-01 -1.598739027976989746e-01 1.400478243827819824e+00 -8.651388287544250488e-01 -1.866409778594970703e-01 -4.581136107444763184e-01 1.330489277839660645e+00 1.127846598625183105e+00 6.934639215469360352e-01 -1.109327673912048340e+00 -1.866823434829711914e-01 -1.223889663815498352e-01 3.685351014137268066e-01 1.121114969253540039e+00 6.244316697120666504e-02 -8.699622154235839844e-01 9.186394214630126953e-01 2.624856829643249512e-01 -3.953652083873748779e-02 1.559909246861934662e-02 7.208153605461120605e-01 -3.657405674457550049e-01 -1.884115338325500488e-01 9.100280404090881348e-01 -1.174032688140869141e+00 -1.477546095848083496e+00 -1.862091183662414551e+00 4.370156228542327881e-01 1.063972562551498413e-01 5.160778760910034180e-01 -3.935933411121368408e-01 -4.391828477382659912e-01 9.878184795379638672e-01 6.765345335006713867e-01 -7.091304659843444824e-01 1.120449602603912354e-01 5.323838591575622559e-01 5.997458696365356445e-01 -3.572899997234344482e-01 -8.068427443504333496e-01 -3.472312688827514648e-01 7.470055222511291504e-01 -4.047467112541198730e-01 -3.771048411726951599e-02 1.388458490371704102e+00 -8.134734630584716797e-01 -2.653329074382781982e-01 1.337578773498535156e+00 -3.785984218120574951e-01 -3.985598087310791016e-01 -6.045432090759277344e-01 1.080367565155029297e+00 -9.459922909736633301e-01 -7.256580591201782227e-01 -2.013692408800125122e-01 -3.751832842826843262e-01
3.902717530727386475e-01 4.637851119041442871e-01 6.444714069366455078e-01 -7.568333148956298828e-01 -8.311727643013000488e-01 -5.519528985023498535e-01 5.893718004226684570e-01 5.342055559158325195e-01 -3.993184864521026611e-01 8.402562141418457031e-02 2.130563855171203613e-01 -1.045339107513427734e+00 -6.976534128189086914e-01 -3.953579068183898926e-01 4.850544035434722900e-01 3.185657262802124023e-01 1.396209001541137695e-01 -3.885046541690826416e-01 2.655934691429138184e-01 8.077508807182312012e-01 5.827091336250305176e-01 3.675903081893920898e-01 2.399508804082870483e-01 1.741163581609725952e-01 4.005687832832336426e-01 1.149954572319984436e-01 2.612166106700897217e-01 -8.412528634071350098e-01 -1.112996134907007217e-02 2.255319654941558838e-01 -3.207510113716125488e-01 3.434633016586303711e-01 1.234645694494247437e-01 -1.066122889518737793e+00 -2.944452166557312012e-01 2.370892912149429321e-01 7.450489997863769531e-01 5.555551648139953613e-01 -5.575228929519653320e-01 -2.149910293519496918e-02 -7.272382378578186035e-01 -1.549038589000701904e-01 -3.411678671836853027e-01 6.249885559082031250e-01 1.477844119071960449e-01 -2.814077436923980713e-01 1.736692637205123901e-01 -3.023406565189361572e-01 4.850436151027679443e-01 4.069909751415252686e-01 2.469852752983570099e-02 -8.903281390666961670e-02 -1.471569389104843140e-01 -4.714565575122833252e-01 -4.357029497623443604e-01 -1.278697550296783447e-01 -1.902917958796024323e-02 -5.272499322891235352e-01 5.711497366428375244e-02 -9.329795837402343750e-01 -7.222940325736999512e-01 -3.039553165435791016e-01 4.072462618350982666e-01 4.215254485607147217e-01
6.038771569728851318e-02 -8.037308454513549805e-01 5.989124774932861328e-01 5.831465125083923340e-01 -4.505607187747955322e-01 3.253481909632682800e-02 -2.131039947271347046e-01 -2.455045282840728760e-01 -7.270531654357910156e-01 -1.131797432899475098e+00 1.188834235072135925e-01 -6.694392561912536621e-01 9.734556823968887329e-02 -1.423691809177398682e-01 1.823399066925048828e-01 7.757316827774047852e-01 -2.309936881065368652e-01 3.538472950458526611e-01 1.076905056834220886e-01 -1.182564906775951385e-02 4.238016605377197266e-01 6.408312320709228516e-01 -2.747423015534877777e-02 -3.636852204799652100e-01 5.116041302680969238e-01 5.600105524063110352e-01 -1.820011064410209656e-02 2.942534387111663818e-01 4.244518280029296875e-01 4.397765696048736572e-01 -4.045920446515083313e-02 -1.263232231140136719e-01 -2.145887762308120728e-01 -1.922927349805831909e-01 5.009334087371826172e-01 1.295737922191619873e-02 3.764041960239410400e-01 7.755237221717834473e-01 -6.054738163948059082e-01 -5.675964355468750000e-01 -1.472549289464950562e-01 -4.352604150772094727e-01 -5.428628325462341309e-01 2.798166573047637939e-01 3.826494514942169189e-01 -1.227995567023754120e-02 -3.369116038084030151e-02 -8.007553219795227051e-01 8.538907766342163086e-01 9.933116436004638672e-01 1.271077990531921387e-01 -6.029857993125915527e-01 -4.303910583257675171e-02 3.745511770248413086e-01 5.931105017662048340e-01 -7.634183168411254883e-01 -2.772245109081268311e-01 8.284477144479751587e-02 -9.566141963005065918e-01 3.199585080146789551e-01 -4.662769138813018799e-01 3.486671149730682373e-01 1.300098747014999390e-01 -5.300962179899215698e-02
5.611381530761718750e-01 -6.079752445220947266e-01 8.890637755393981934e-02 1.683599054813385010e-01 -4.114199876785278320e-01 -2.032586485147476196e-01 -2.633094489574432373e-01 5.585319399833679199e-01 -1.610686779022216797e+00 -4.564045742154121399e-02 7.906759381294250488e-01 -1.719820499420166016e+00 -1.365818977355957031e-01 -8.355682492256164551e-01 -1.396103501319885254e-01 1.787648200988769531e-01 -3.074471652507781982e-01 -5.239851474761962891e-01 3.294216096401214600e-01 3.196724653244018555e-01 -2.352796308696269989e-02 5.900858640670776367e-01 5.651540756225585938e-01 -1.510401010513305664e+00 9.688296318054199219e-01 -5.083957314491271973e-01 2.373693436384201050e-01 8.897480964660644531e-01 6.669723391532897949e-01 2.664229832589626312e-02 -4.074785392731428146e-03 -6.541927903890609741e-02 -6.997941434383392334e-02 -3.242921233177185059e-01 -7.965338826179504395e-01 -6.872292160987854004e-01 3.808836042881011963e-01 5.349698066711425781e-01 -3.044270575046539307e-01 6.114159151911735535e-02 -2.317067384719848633e-01 -6.091978549957275391e-01 1.009584963321685791e-01 -1.369032114744186401e-01 8.204877376556396484e-01 -3.467712998390197754e-01 -8.689524531364440918e-01 7.329160347580909729e-03 -1.206816583871841431e-01 5.881276726722717285e-01 6.332654356956481934e-01 3.550831377506256104e-01 3.577781021595001221e-01 3.500576317310333252e-01 -6.394097805023193359e-01 -4.794967770576477051e-01 7.535843253135681152e-01 -4.341976046562194824e-01 3.389205634593963623e-01 2.529169619083404541e-01 -1.717867255210876465e-01 -5.974052846431732178e-02 -7.998049855232238770e-01 -3.199489712715148926e-01
3.609093725681304932e-01 -4.059459269046783447e-01 2.228898555040359497e-01 2.589498758316040039e-01 2.855159342288970947e-01 -6.097953319549560547e-01 -3.897477090358734131e-01 -3.087303936481475830e-01 -6.302521824836730957e-01 -9.203861951828002930e-01 1.393654011189937592e-02 -1.023178815841674805e+00 -1.438596546649932861e-01 5.766769126057624817e-02 9.031202644109725952e-02 1.322691142559051514e-01 -2.953633069992065430e-01 -1.917757689952850342e-01 1.058946013450622559e+00 8.015109598636627197e-02 5.770738124847412109e-01 6.831323504447937012e-01 -1.768145859241485596e-01 2.426829487085342407e-01 -2.608966529369354248e-01 5.335655212402343750e-01 -5.076935887336730957e-02 4.340344071388244629e-01 2.982406616210937500e-01 1.354168802499771118e-01 2.184144221246242523e-02 -8.332284539937973022e-02 -3.266679048538208008e-01 -1.962413340806961060e-01 -2.886964976787567139e-01 -6.971681118011474609e-02 -1.367488354444503784e-01 3.191724419593811035e-01 1.903339326381683350e-01 2.728419899940490723e-01 -8.016730546951293945e-01 -2.937209419906139374e-02 4.347511380910873413e-02 -1.357908248901367188e-01 6.210124492645263672e-01 -5.733357071876525879e-01 5.930384621024131775e-02 -1.014405369758605957e+00 2.526689767837524414e-01 8.002132177352905273e-01 -5.289961695671081543e-01 1.009574383497238159e-01 -4.775171726942062378e-02 5.180280804634094238e-01 1.470464318990707397e-01 -2.419125884771347046e-01 -5.065067410469055176e-01 6.206132005900144577e-03 -2.043325453996658325e-01 -2.984997928142547607e-01 -4.547258913516998291e-01 -4.650714695453643799e-01 2.217573523521423340e-01 -2.311443090438842773e-01
-2.691010534763336182e-01 -3.087904453277587891e-01 8.295481652021408081e-02 8.907618373632431030e-02 1.609787344932556152e-01 -1.144224554300308228e-01 -1.194082647562026978e-01 3.608903288841247559e-01 -7.465798258781433105e-01 -1.682648211717605591e-01 3.713138997554779053e-01 -6.429831385612487793e-01 -4.810144603252410889e-01 -4.122636616230010986e-01 9.757465124130249023e-02 4.671738445758819580e-01 2.723868191242218018e-01 3.592039346694946289e-01 7.677072286605834961e-01 5.447824001312255859e-01 2.351808398962020874e-01 -3.605532646179199219e-01 -7.620023190975189209e-02 6.833936087787151337e-03 3.229829668998718262e-01 1.241950541734695435e-01 3.745482861995697021e-01 -4.149466753005981445e-01 -3.503431081771850586e-01 2.306488752365112305e-01 3.843723833560943604e-01 -2.775715850293636322e-02 -3.417877554893493652e-01 -2.308545261621475220e-01 -7.289277911186218262e-01 -4.018804132938385010e-01 -8.396727591753005981e-02 -1.558012515306472778e-01 -2.969667911529541016e-01 1.254739016294479370e-01 1.052558422088623047e-01 2.805606126785278320e-01 4.789992570877075195e-01 1.579326242208480835e-01 2.786253094673156738e-01 -3.031480312347412109e-01 6.024740636348724365e-02 -1.172186017036437988e+00 3.310230672359466553e-01 -1.601509004831314087e-01 3.621826320886611938e-02 6.952449213713407516e-03 1.207647442817687988e+00 -6.689819693565368652e-02 -3.496083319187164307e-01 9.494082070887088776e-03 1.547355651855468750e-01 9.993035197257995605e-01 -1.750829219818115234e-01 1.164183616638183594e+00 1.559532433748245239e-01 3.020195960998535156e-01 1.075827181339263916e-01 -3.434301018714904785e-01
1.977614164352416992e-01 -2.663825154304504395e-01 -5.388705730438232422e-01 -3.839157819747924805e-01 6.535343080759048462e-02 1.272135972976684570e-01 2.886884510517120361e-01 2.767870128154754639e-01 -6.669685840606689453e-01 2.270469628274440765e-02 2.955797314643859863e-01 -1.112979888916015625e+00 -5.877047181129455566e-01 -8.574376702308654785e-01 -5.439490824937820435e-02 1.432912647724151611e-01 2.715854644775390625e-01 -3.161482047289609909e-03 -1.991337686777114868e-01 8.216965198516845703e-01 6.657580137252807617e-01 7.189434021711349487e-02 4.686465561389923096e-01 -1.997808367013931274e-01 -1.382795721292495728e-01 2.255660891532897949e-01 8.963968753814697266e-01 -9.377761185169219971e-02 7.182402610778808594e-01 -5.351014435291290283e-02 1.632687300443649292e-01 -1.995332688093185425e-01 -2.787570953369140625e-01 -5.885928869247436523e-01 1.250854283571243286e-01 -1.963748410344123840e-02 4.246608316898345947e-01 -1.058283329010009766e+00 -2.613285183906555176e-01 -1.288964003324508667e-01 -2.390873581171035767e-01 2.331400513648986816e-01 4.191266298294067383e-01 -2.375520169734954834e-01 4.629988372325897217e-01 -1.267830878496170044e-01 -5.335247516632080078e-02 -6.954342126846313477e-01 7.918432354927062988e-01 -2.821545302867889404e-01 -5.324751511216163635e-02 -4.639941453933715820e-01 1.474778532981872559e+00 3.042219579219818115e-01 -7.125290036201477051e-01 3.082353472709655762e-01 -1.692646443843841553e-01 3.088997304439544678e-01 -8.750355839729309082e-01 -3.364564180374145508e-01 -5.412214994430541992e-01 6.263584494590759277e-01 -9.636382758617401123e-02 -1.881376504898071289e-01
5.746727585792541504e-01 1.858474500477313995e-02 3.422741293907165527e-01 3.683724701404571533e-01 -2.939503192901611328e-01 -6.306466460227966309e-01 7.454519271850585938e-01 5.304620414972305298e-02 -8.585935831069946289e-01 -2.390038520097732544e-01 1.142808422446250916e-01 -4.576171934604644775e-01 -1.022295236587524414e+00 1.210746914148330688e-01 9.801757335662841797e-01 4.555822908878326416e-01 2.628310620784759521e-01 3.019478619098663330e-01 2.932956814765930176e-01 7.280300259590148926e-01 9.033648669719696045e-02 6.949390172958374023e-01 7.164140343666076660e-01 -6.836439967155456543e-01 2.082455903291702271e-02 2.961313910782337189e-02 2.174122259020805359e-02 -3.673015236854553223e-01 -5.076740980148315430e-01 -4.408774971961975098e-01 1.726600378751754761e-01 1.696433126926422119e-01 5.083609223365783691e-01 -7.175378203392028809e-01 5.210947617888450623e-02 -5.182613134384155273e-01 2.022758275270462036e-01 1.151603102684020996e+00 3.114403225481510162e-02 3.503574430942535400e-02 -1.619962602853775024e-01 5.257606506347656250e-01 -4.773688912391662598e-01 6.112418323755264282e-02 7.866610884666442871e-01 -5.206809043884277344e-01 5.450463294982910156e-02 7.313679456710815430e-01 6.731939315795898438e-02 5.443147569894790649e-02 4.064376652240753174e-01 -1.982260495424270630e-01 3.099683523178100586e-01 -1.218841746449470520e-01 1.433674595318734646e-03 -5.438019037246704102e-01 -3.468165397644042969e-01 -7.968710660934448242e-01 6.184902787208557129e-02 -9.775375574827194214e-02 -6.306897401809692383e-01 9.683485329151153564e-02 6.754163503646850586e-01 -2.388898581266403198e-01
-1.841985806822776794e-02 -3.900448381900787354e-01 1.559065133333206177e-01 4.016622304916381836e-01 4.837805926799774170e-01 -2.763945460319519043e-01 -1.947508603334426880e-01 -1.352082937955856323e-01 -1.531690657138824463e-01 -3.301717340946197510e-01 -4.760706424713134766e-02 -4.943846464157104492e-01 -3.129630684852600098e-01 2.504187524318695068e-01 5.288356915116310120e-02 4.408877789974212646e-01 -7.385115623474121094e-01 6.474322825670242310e-02 5.002853870391845703e-01 3.839285969734191895e-01 4.668145477771759033e-01 7.097372412681579590e-01 -2.270870804786682129e-01 6.529173254966735840e-02 -3.029834032058715820e-01 3.446250557899475098e-01 4.684335887432098389e-01 -2.870016992092132568e-01 5.830187201499938965e-01 3.843427896499633789e-01 4.379147291183471680e-01 9.022501111030578613e-02 -1.524802744388580322e-01 -1.176466420292854309e-01 -3.010921478271484375e-01 -3.237662911415100098e-01 -3.974875211715698242e-01 1.169546972960233688e-02 -9.038951247930526733e-02 2.348435297608375549e-02 -4.310713112354278564e-01 -2.423431426286697388e-01 -2.272663116455078125e-01 4.567757248878479004e-01 1.145495772361755371e+00 -1.563774347305297852e-01 -1.588671505451202393e-01 -1.056246757507324219e+00 8.531137704849243164e-01 6.445500254631042480e-01 -2.048215270042419434e-01 -1.948645338416099548e-02 -1.488447189331054688e-01 4.996456801891326904e-01 7.618086785078048706e-02 -2.773506939411163330e-01 -5.013868212699890137e-01 -3.899500668048858643e-01 -7.185534238815307617e-01 -4.306268692016601562e-01 -3.153254091739654541e-01 -2.099632769823074341e-01 -8.704731613397598267e-02 -4.569830000400543213e-01
1.035516381263732910e+00 -3.960383236408233643e-01 3.048613667488098145e-01 -5.592964962124824524e-02 -5.889539122581481934e-01 -5.019513368606567383e-01 -4.466043785214424133e-02 -5.928164124488830566e-01 -2.231155484914779663e-01 -7.491974830627441406e-01 7.334420680999755859e-01 -4.116972088813781738e-01 -3.213217258453369141e-01 1.897829324007034302e-01 4.328722655773162842e-01 1.466195583343505859e-01 -7.228733301162719727e-01 1.849550753831863403e-01 6.194263100624084473e-01 9.253475069999694824e-01 -1.408751606941223145e-01 2.415534257888793945e-01 8.620479702949523926e-01 9.641814231872558594e-02 -2.967407405376434326e-01 8.378142118453979492e-01 -8.163274526596069336e-01 3.757455348968505859e-01 -2.437942326068878174e-01 1.034935042262077332e-01 4.863922595977783203e-01 5.403673648834228516e-02 -4.992042854428291321e-02 -6.509047150611877441e-01 -6.092917323112487793e-01 -5.596616268157958984e-01 6.149851679801940918e-01 4.700774848461151123e-01 -1.353070735931396484e-01 -5.394682288169860840e-01 -1.462289392948150635e-01 -4.147510975599288940e-02 6.824900209903717041e-02 -1.366181075572967529e-01 1.668099164962768555e-01 -8.245503306388854980e-01 -3.027405142784118652e-01 7.772152870893478394e-02 8.023917675018310547e-02 4.739381670951843262e-01 2.050378173589706421e-01 -3.838982284069061279e-01 1.492306292057037354e-01 -3.100647218525409698e-02 8.102878332138061523e-01 -1.072329934686422348e-03 3.720073699951171875e-01 -3.347911536693572998e-01 -2.494757920503616333e-01 1.013940479606389999e-02 -6.565391421318054199e-01 7.145139575004577637e-02 -3.685308992862701416e-01 -3.074932098388671875e-01
4.383237957954406738e-01 -2.225067913532257080e-01 -1.224525421857833862e-01 -2.100906372070312500e-01 -1.948724985122680664e-01 -1.054255723953247070e+00 -6.756703257560729980e-01 4.735474884510040283e-01 4.061317443847656250e-02 -9.425241351127624512e-01 -1.325608044862747192e-01 -5.737445950508117676e-01 -4.368002116680145264e-01 -3.490426540374755859e-01 2.030483335256576538e-01 3.221342265605926514e-01 4.733388498425483704e-02 -4.846757650375366211e-01 9.220544248819351196e-02 7.094723582267761230e-01 -1.049546003341674805e-01 2.685029506683349609e-01 -8.473488688468933105e-02 1.117532514035701752e-02 1.814707368612289429e-02 5.254116058349609375e-01 8.684659004211425781e-02 -6.099357604980468750e-01 6.751445531845092773e-01 -3.576770722866058350e-01 1.315686702728271484e-01 -8.856088668107986450e-02 -1.297410130500793457e-01 -1.213054731488227844e-01 -5.766294598579406738e-01 -2.480046600103378296e-01 1.449753344058990479e-01 2.580460906028747559e-01 4.089292287826538086e-01 -5.768012404441833496e-01 1.032946631312370300e-01 -2.627432048320770264e-01 -1.665947586297988892e-01 -2.173790708184242249e-03 7.540454268455505371e-01 4.052272737026214600e-01 1.406061202287673950e-01 -3.797557055950164795e-01 2.116574048995971680e-01 9.266541004180908203e-01 -1.332155913114547729e-01 -6.988639831542968750e-01 2.284077107906341553e-01 2.018293142318725586e-01 6.320109963417053223e-01 -4.160123765468597412e-01 -2.369031906127929688e-01 4.760109186172485352e-01 1.167250350117683411e-01 7.112079262733459473e-01 8.964660763740539551e-02 -2.663834206759929657e-02 -5.156268477439880371e-01 6.797587964683771133e-03
-1.675778180360794067e-01 -5.435305461287498474e-02 -2.555060982704162598e-01 6.027787923812866211e-01 -6.497917175292968750e-01 -5.529632568359375000e-01 1.755031347274780273e-01 4.627324342727661133e-01 -3.029696643352508545e-01 -3.803270459175109863e-01 9.312039613723754883e-01 -3.611110746860504150e-01 -2.272404879331588745e-01 4.332682788372039795e-01 8.991301059722900391e-01 1.679638177156448364e-01 -3.595522642135620117e-01 9.782937169075012207e-02 -3.626073524355888367e-02 8.490268588066101074e-01 -1.401240676641464233e-01 6.137130856513977051e-01 5.189774036407470703e-01 -8.494941145181655884e-02 -1.156973615288734436e-01 9.512490034103393555e-01 -5.365137457847595215e-01 -7.435048371553421021e-02 -2.833080291748046875e-02 3.818080425262451172e-01 3.936713933944702148e-01 -1.035664677619934082e-01 -4.529682919383049011e-02 -4.782828092575073242e-01 -4.103429913520812988e-01 -3.769808113574981689e-01 3.961238265037536621e-01 3.734922111034393311e-01 -2.711663544178009033e-01 -4.774348810315132141e-02 2.086910456418991089e-01 1.150690987706184387e-01 -5.280354022979736328e-01 1.219151541590690613e-01 4.494841992855072021e-01 -7.670095562934875488e-01 7.448631525039672852e-02 2.031590789556503296e-01 1.042579486966133118e-01 -9.414115548133850098e-02 -2.289765030145645142e-01 -7.394336909055709839e-02 -6.452272087335586548e-02 1.704034954309463501e-01 8.376609683036804199e-01 5.455071106553077698e-02 1.296854168176651001e-01 -1.882392168045043945e-01 2.529716193675994873e-01 -1.176067292690277100e-01 -1.359358072280883789e+00 7.047230005264282227e-02 -6.989204883575439453e-02 -2.684451937675476074e-01
-2.608134448528289795e-01 -8.427708595991134644e-02 6.167393177747726440e-02 -1.004505753517150879e+00 8.417288661003112793e-01 1.427896767854690552e-01 1.029703021049499512e-01 6.278681159019470215e-01 -1.071780085563659668e+00 -1.505268216133117676e-01 8.036534786224365234e-01 -1.028941512107849121e+00 -4.892686903476715088e-01 -2.161265313625335693e-01 1.502000689506530762e-01 6.866672039031982422e-01 -1.305702030658721924e-01 -4.560429751873016357e-01 6.182622909545898438e-01 5.945664048194885254e-01 -9.395085275173187256e-02 6.517462134361267090e-01 6.367750763893127441e-01 5.196341872215270996e-01 -1.812376677989959717e-01 -3.243062496185302734e-01 3.830479085445404053e-01 1.545140296220779419e-01 1.234229058027267456e-01 -3.825355172157287598e-01 -1.923725754022598267e-01 -1.062112823128700256e-01 -5.214332416653633118e-02 -3.730587959289550781e-01 -1.971635818481445312e-01 3.993087112903594971e-01 7.687856554985046387e-01 2.697196304798126221e-01 -6.035985052585601807e-02 9.138014912605285645e-02 5.299299359321594238e-01 4.039112031459808350e-01 -5.671752095222473145e-01 2.925910651683807373e-01 1.926835924386978149e-01 8.770067244768142700e-03 -5.718073621392250061e-02 -1.316230535507202148e+00 -4.147717729210853577e-02 2.656884193420410156e-01 -4.730942249298095703e-01 4.959786236286163330e-01 3.676797747611999512e-01 -1.083976477384567261e-01 -4.280784726142883301e-01 -6.828654557466506958e-02 5.674740672111511230e-01 1.463174372911453247e-01 -5.615800023078918457e-01 3.594232499599456787e-01 -1.222802475094795227e-01 2.195532061159610748e-02 3.459766805171966553e-01 6.507323980331420898e-01
5.988674163818359375e-01 -5.343859791755676270e-01 6.664857268333435059e-01 2.136785387992858887e-01 -2.757874727249145508e-01 -4.633777439594268799e-01 -8.700066208839416504e-01 1.800949871540069580e-01 -1.123133659362792969e+00 -3.038413226604461670e-01 8.915221095085144043e-01 -3.309865593910217285e-01 6.215220689773559570e-01 -8.872975707054138184e-01 8.226452469825744629e-01 2.674465999007225037e-02 9.385155886411666870e-02 -3.854377865791320801e-01 -1.005276218056678772e-01 9.380306601524353027e-01 4.107514917850494385e-01 9.901247024536132812e-01 4.671425223350524902e-01 -2.470849752426147461e-01 3.970688879489898682e-01 4.714751839637756348e-01 3.737328648567199707e-01 -3.063043951988220215e-01 -2.990658879280090332e-01 1.882645785808563232e-01 -3.690876364707946777e-01 4.383029639720916748e-01 2.214821428060531616e-01 -1.392307281494140625e-01 4.729007184505462646e-02 -3.906998336315155029e-01 -8.352749980986118317e-03 -1.957202255725860596e-01 1.884730011224746704e-01 3.043407201766967773e-01 -4.147734940052032471e-01 1.708012819290161133e-01 -1.812313199043273926e-01 1.029297828674316406e+00 4.665406644344329834e-01 1.671638935804367065e-01 2.281683981418609619e-01 3.602973222732543945e-01 3.285394012928009033e-01 7.927408814430236816e-02 5.319957733154296875e-01 -3.723718523979187012e-01 4.740864336490631104e-01 -9.062902629375457764e-02 -5.549322962760925293e-01 2.975896894931793213e-01 5.261614918708801270e-01 -9.394807219505310059e-01 -3.802905976772308350e-01 6.881970763206481934e-01 -2.953258575871586800e-03 -2.964623272418975830e-01 -1.291135698556900024e-01 1.751637645065784454e-02
9.912539124488830566e-01 -5.741571784019470215e-01 -6.708175409585237503e-03 6.698818411678075790e-03 9.059844911098480225e-02 -7.783135771751403809e-01 -5.503882765769958496e-01 -9.792548418045043945e-02 -3.904100060462951660e-01 -7.142194509506225586e-01 1.892212033271789551e-01 -8.952954411506652832e-01 2.239641696214675903e-01 -1.221754193305969238e+00 -5.751469135284423828e-01 7.547420263290405273e-01 3.849745988845825195e-01 -3.151777982711791992e-01 1.681467145681381226e-01 6.530233621597290039e-01 8.658863604068756104e-02 -9.657966345548629761e-02 7.030019164085388184e-01 -7.449230551719665527e-01 1.262711048126220703e+00 4.748381674289703369e-01 -2.689267396926879883e-01 -6.534881144762039185e-02 3.211880326271057129e-01 4.929645657539367676e-01 6.787796616554260254e-01 3.037269711494445801e-01 2.206650823354721069e-01 -2.376338094472885132e-01 -1.648531109094619751e-01 -3.389727696776390076e-02 5.692179780453443527e-03 -8.903060555458068848e-01 9.633861482143402100e-02 -4.280476868152618408e-01 -2.882513701915740967e-01 1.653684377670288086e-01 -7.109025716781616211e-01 1.327886432409286499e-01 1.148058176040649414e+00 6.907935440540313721e-02 -5.446505546569824219e-01 -4.346648454666137695e-01 -5.117158293724060059e-01 2.635594308376312256e-01 -6.453852653503417969e-01 2.234948724508285522e-01 1.277005314826965332e+00 -5.547275021672248840e-02 -3.058881461620330811e-01 -7.200943231582641602e-01 -1.975718438625335693e-01 -2.490702830255031586e-02 -3.436460494995117188e-01 -2.532866299152374268e-01 -8.988054990768432617e-01 4.308746457099914551e-01 -5.236374735832214355e-01 8.206083774566650391e-01
3.389241695404052734e-01 -9.665498137474060059e-02 1.273018419742584229e-01 4.432179033756256104e-01 -2.283052355051040649e-01 -2.620526254177093506e-01 -1.566947549581527710e-01 7.539529800415039062e-01 2.365224659442901611e-01 -3.763755261898040771e-01 5.223127603530883789e-01 -4.405398964881896973e-01 -8.822161555290222168e-01 -1.886156797409057617e-01 9.393653273582458496e-02 2.447958737611770630e-01 2.650707215070724487e-02 -1.336411982774734497e-01 4.430592358112335205e-01 8.980482220649719238e-01 3.537653386592864990e-02 2.523495554924011230e-01 3.029931485652923584e-01 -4.705091714859008789e-01 8.789984881877899170e-02 1.217816948890686035e+00 -2.370898872613906860e-01 3.579570651054382324e-01 3.370297253131866455e-01 2.390731275081634521e-01 -1.141813769936561584e-01 -1.340342015027999878e-01 -1.026208400726318359e-01 -5.387139320373535156e-01 -4.340842366218566895e-01 -1.845757961273193359e-01 3.053388297557830811e-01 3.876797556877136230e-01 -5.300968289375305176e-01 -3.814223110675811768e-01 3.299510478973388672e-01 7.199762761592864990e-02 -2.570488452911376953e-01 -1.712485104799270630e-01 9.391247630119323730e-01 -1.769832521677017212e-01 -8.515337109565734863e-02 -2.433619797229766846e-01 2.166060805320739746e-01 -2.990362048149108887e-01 -6.419484019279479980e-01 -1.093437001109123230e-01 2.846178412437438965e-01 7.169789075851440430e-01 1.098336219787597656e+00 -2.555525600910186768e-01 -3.759199082851409912e-01 -2.869573235511779785e-01 1.515811029821634293e-02 2.413200885057449341e-01 -9.942041635513305664e-01 1.519394963979721069e-01 1.368902623653411865e-01 -1.254623681306838989e-01
5.533759593963623047e-01 8.986476063728332520e-01 9.805724024772644043e-01 -5.422610640525817871e-01 -1.061650589108467102e-01 3.753359988331794739e-02 3.818826749920845032e-02 3.299909234046936035e-01 -4.238030016422271729e-01 2.302800565958023071e-01 2.810396254062652588e-01 -6.024531126022338867e-01 1.354797035455703735e-01 2.267882786691188812e-02 6.937182545661926270e-01 3.865976929664611816e-01 3.830738067626953125e-01 -4.512965083122253418e-01 6.179516911506652832e-01 6.172918081283569336e-01 -1.099405065178871155e-01 9.234223961830139160e-01 -1.264046132564544678e-01 -3.821973800659179688e-01 -5.457704663276672363e-01 4.901639819145202637e-01 -1.585637405514717102e-02 -4.384017288684844971e-01 3.675883412361145020e-01 -2.693357765674591064e-01 4.507173299789428711e-01 1.714462637901306152e-01 -4.593213200569152832e-01 -4.166402816772460938e-01 -8.644660711288452148e-01 3.985155746340751648e-02 -3.499464988708496094e-01 -1.251596659421920776e-01 -5.479521751403808594e-01 -1.315018534660339355e-01 -5.057156085968017578e-01 -6.194859743118286133e-01 -5.473883152008056641e-01 3.483040332794189453e-01 1.594721227884292603e-01 -5.636717677116394043e-01 -2.915051579475402832e-01 -7.271097302436828613e-01 5.260758996009826660e-01 5.004678368568420410e-01 -1.530450433492660522e-01 -1.943621933460235596e-01 2.092037647962570190e-01 -7.714913487434387207e-01 -1.778171956539154053e-01 9.442493319511413574e-02 -9.426240622997283936e-02 -7.478401660919189453e-01 -4.717713221907615662e-02 -1.830744147300720215e-01 -2.581022493541240692e-02 5.303875729441642761e-02 6.446799039840698242e-01 6.156839728355407715e-01
3.718130588531494141e-01 -5.020996332168579102e-01 3.496583104133605957e-01 8.468396216630935669e-02 3.159936964511871338e-01 -6.176600456237792969e-01 -3.815746605396270752e-01 -2.661011815071105957e-01 -5.484487414360046387e-01 -9.905205965042114258e-01 -8.817981183528900146e-02 -1.012493848800659180e+00 -2.632359862327575684e-01 8.515253663063049316e-02 9.102744609117507935e-02 8.485016226768493652e-02 -4.722835719585418701e-01 -1.564203649759292603e-01 1.109584927558898926e+00 3.276286721229553223e-01 5.762481093406677246e-01 6.091002225875854492e-01 -1.203878521919250488e-01 2.306294888257980347e-01 -1.754762381315231323e-01 5.229996442794799805e-01 -1.390083879232406616e-01 3.745907247066497803e-01 3.623425364494323730e-01 2.959485948085784912e-01 1.425344496965408325e-01 -4.192673042416572571e-02 -4.173357486724853516e-01 -6.893710047006607056e-02 -2.398682534694671631e-01 -8.906881511211395264e-02 -1.448687016963958740e-01 3.610900044441223145e-01 2.527423202991485596e-01 3.704885244369506836e-01 -7.423384189605712891e-01 -1.681341417133808136e-02 4.191104322671890259e-02 1.937981843948364258e-01 6.107724308967590332e-01 -5.236476063728332520e-01 -1.703125834465026855e-01 -8.247265815734863281e-01 2.714984714984893799e-01 9.602239131927490234e-01 -6.123317480087280273e-01 -1.214910205453634262e-02 4.232754185795783997e-02 6.370007991790771484e-01 1.050104945898056030e-01 -3.335609138011932373e-01 -6.016830801963806152e-01 -6.059630215167999268e-02 -3.379723727703094482e-01 -1.023850142955780029e-01 -2.249392122030258179e-01 -2.306729555130004883e-01 2.678918838500976562e-01 -2.014879286289215088e-01
6.557099819183349609e-01 6.229729652404785156e-01 8.271216154098510742e-01 -8.095833659172058105e-02 -4.964709281921386719e-01 -4.814619719982147217e-01 3.614273071289062500e-01 7.363331317901611328e-01 -3.354656696319580078e-01 3.322679176926612854e-02 5.753822326660156250e-01 -4.065614640712738037e-01 8.019750118255615234e-01 -7.663133144378662109e-01 2.414909750223159790e-01 1.143768906593322754e+00 1.474654078483581543e-01 -3.770839869976043701e-01 -3.292642831802368164e-01 9.100108146667480469e-01 1.729591041803359985e-01 1.035129547119140625e+00 1.019420862197875977e+00 -5.307317376136779785e-01 2.245354056358337402e-01 1.219530925154685974e-01 -2.970091998577117920e-01 -5.473753213882446289e-01 -9.346404671669006348e-02 3.966400772333145142e-02 3.652074933052062988e-01 4.595986604690551758e-01 2.530920505523681641e-01 -5.825294256210327148e-01 -4.325149357318878174e-01 3.536750972270965576e-01 8.428746834397315979e-03 -1.174126043915748596e-01 -4.244922995567321777e-01 4.528529047966003418e-01 -2.133942097425460815e-01 2.476807981729507446e-01 -5.031698383390903473e-03 1.929755508899688721e-01 8.649927377700805664e-01 1.160826832056045532e-01 6.023796200752258301e-01 3.039949238300323486e-01 4.145201444625854492e-01 4.290047883987426758e-01 1.641639322042465210e-01 -3.542493879795074463e-01 5.782268941402435303e-02 -5.858376026153564453e-01 1.098801493644714355e-01 -1.224446892738342285e-01 8.008328825235366821e-02 -5.658970773220062256e-02 5.465383529663085938e-01 4.837860167026519775e-01 -6.409265995025634766e-01 1.002188995480537415e-01 1.554141193628311157e-01 4.524684250354766846e-01
4.454574286937713623e-01 -3.076750934123992920e-01 9.443991184234619141e-01 -5.547487176954746246e-03 -2.651756405830383301e-01 -5.595065355300903320e-01 -6.314155459403991699e-01 -7.663735747337341309e-02 -1.302951574325561523e+00 -3.155607879161834717e-01 1.109446167945861816e+00 -3.741813302040100098e-01 7.647167444229125977e-01 -9.450386762619018555e-01 5.059773921966552734e-01 1.274504661560058594e-01 -3.802471980452537537e-02 -4.606445431709289551e-01 -1.473110020160675049e-01 8.537727594375610352e-01 4.574012458324432373e-01 1.032398223876953125e+00 7.524557113647460938e-01 -2.343250662088394165e-01 3.665964007377624512e-01 5.090697407722473145e-01 1.971113383769989014e-01 -2.686963081359863281e-01 -5.210379362106323242e-01 2.064480185508728027e-01 -4.471481740474700928e-01 2.337212860584259033e-01 3.180476129055023193e-01 -8.010519295930862427e-02 5.752900987863540649e-02 -3.540350496768951416e-01 1.553787142038345337e-01 -1.916411668062210083e-01 2.288679480552673340e-01 4.212096631526947021e-01 -1.544930785894393921e-01 3.715911507606506348e-01 -2.274808436632156372e-01 9.558267593383789062e-01 3.572449088096618652e-01 1.997173428535461426e-01 3.531225919723510742e-01 2.103053629398345947e-01 5.181541442871093750e-01 -6.851117312908172607e-02 3.277118802070617676e-01 -4.232966303825378418e-01 5.504341721534729004e-01 2.200929075479507446e-02 -5.677403807640075684e-01 2.638578712940216064e-01 3.265484571456909180e-01 -8.299024701118469238e-01 -1.637843102216720581e-01 5.493519902229309082e-01 1.199853047728538513e-01 -2.101076841354370117e-01 -1.912820935249328613e-01 -1.579145640134811401e-01
8.086182177066802979e-02 2.574343234300613403e-02 1.074265122413635254e+00 8.567475527524948120e-02 -8.376024961471557617e-01 -6.036875247955322266e-01 -5.147727951407432556e-02 4.089916646480560303e-01 -4.266880080103874207e-02 4.428628981113433838e-01 6.279985308647155762e-01 -6.298584342002868652e-01 -6.359401345252990723e-01 -7.178436964750289917e-02 2.927342653274536133e-01 2.733725607395172119e-01 1.575873643159866333e-01 -1.767397075891494751e-01 1.501732468605041504e-01 3.601168394088745117e-01 -3.085887432098388672e-01 5.171740651130676270e-01 1.957651227712631226e-02 -5.628038644790649414e-01 9.219513088464736938e-02 5.164864659309387207e-01 1.274340301752090454e-01 2.901459485292434692e-02 5.783851146697998047e-01 6.267476826906204224e-02 3.279474377632141113e-01 5.915783345699310303e-02 5.553162097930908203e-02 -1.785129606723785400e-01 -6.536785364151000977e-01 1.225888133049011230e-01 -2.136659622192382812e-01 2.650668323040008545e-01 -3.038144409656524658e-01 -5.806758403778076172e-01 -2.577693462371826172e-01 4.264816641807556152e-02 -4.480631947517395020e-01 8.565273284912109375e-01 4.956784546375274658e-01 -1.037288904190063477e+00 -2.409021854400634766e-01 3.041740693151950836e-02 1.844865381717681885e-01 2.820520102977752686e-01 1.455868631601333618e-01 -8.335347771644592285e-01 1.372885704040527344e-01 -2.605615556240081787e-01 3.414765596389770508e-01 2.288209199905395508e-01 -6.706571578979492188e-01 -2.214546203613281250e-01 -2.276686718687415123e-03 -1.220619976520538330e-01 1.095433086156845093e-01 -4.532625675201416016e-01 5.892725586891174316e-01 8.349076509475708008e-01
5.691115856170654297e-01 -8.972113728523254395e-01 7.752993106842041016e-01 -1.519122868776321411e-01 -2.650525271892547607e-01 2.272337079048156738e-01 -2.734783589839935303e-01 1.280824989080429077e-01 2.153306454420089722e-01 1.467657089233398438e-02 1.174364686012268066e+00 -7.745027542114257812e-01 -1.448813974857330322e-01 -5.692345499992370605e-01 4.452488124370574951e-01 6.765055935829877853e-03 9.992055594921112061e-02 -4.634858667850494385e-01 1.186340093612670898e+00 2.321356162428855896e-02 -5.865313410758972168e-01 1.145411372184753418e+00 -3.076484203338623047e-01 -6.164829730987548828e-01 3.068709671497344971e-01 5.128530263900756836e-01 2.015224099159240723e-01 3.245921134948730469e-01 6.180991530418395996e-01 2.364379167556762695e-01 7.070958614349365234e-01 -6.537216901779174805e-01 1.159128472208976746e-01 5.760767310857772827e-02 -5.391575098037719727e-01 1.319261081516742706e-02 3.019464612007141113e-01 1.019934296607971191e+00 5.325812101364135742e-02 3.788425326347351074e-01 -7.576681971549987793e-01 1.872611194849014282e-01 -1.596459150314331055e-01 -1.731570065021514893e-01 7.180607914924621582e-01 -7.677797675132751465e-01 -2.864432334899902344e-01 -4.879201650619506836e-01 -6.849823892116546631e-02 3.390816748142242432e-01 1.960865855216979980e-01 -4.991080760955810547e-01 4.263975918292999268e-01 -8.218902349472045898e-02 -2.866667695343494415e-02 7.201703637838363647e-02 2.889518439769744873e-01 -6.655607223510742188e-01 -1.705496460199356079e-01 -1.282613128423690796e-01 -2.290356457233428955e-01 -1.629980094730854034e-02 1.320358812808990479e-01 1.737819314002990723e-01
5.683072805404663086e-01 -4.462548494338989258e-01 8.362413048744201660e-01 7.738173753023147583e-02 -2.245214432477951050e-01 -4.355059862136840820e-01 -7.757252454757690430e-01 3.332055509090423584e-01 -1.035520792007446289e+00 -3.167399466037750244e-01 1.013871669769287109e+00 -2.613705098628997803e-01 8.375299572944641113e-01 -9.729964733123779297e-01 6.297659873962402344e-01 -1.252746134996414185e-01 8.533670008182525635e-02 -3.356790244579315186e-01 -1.583609282970428467e-01 9.977889657020568848e-01 3.745706379413604736e-01 1.154639244079589844e+00 5.312020778656005859e-01 -2.277661263942718506e-01 2.909367382526397705e-01 5.327910780906677246e-01 1.916444748640060425e-01 -6.935497373342514038e-02 -4.417962133884429932e-01 8.488114178180694580e-02 -2.866083085536956787e-01 4.116797447204589844e-01 -4.347936809062957764e-02 -1.905146539211273193e-01 -4.162048175930976868e-02 -5.034216642379760742e-01 1.547708213329315186e-01 -2.023103088140487671e-01 2.144625633955001831e-01 4.228102564811706543e-01 -3.160470426082611084e-01 3.341979980468750000e-01 -3.722217381000518799e-01 1.027164697647094727e+00 3.353084325790405273e-01 -4.300910979509353638e-03 1.139372661709785461e-01 3.437701165676116943e-01 4.753376245498657227e-01 5.378989502787590027e-02 5.233606100082397461e-01 -3.453469276428222656e-01 5.594334006309509277e-01 -1.758057177066802979e-01 -4.073140323162078857e-01 2.413869053125381470e-01 6.133428812026977539e-01 -8.644523620605468750e-01 -4.446147084236145020e-01 6.329524517059326172e-01 1.219360902905464172e-01 -1.293078511953353882e-01 6.478831917047500610e-02 -1.004299297928810120e-01
5.260447859764099121e-01 -3.731697797775268555e-01 9.981395006179809570e-01 1.439849031157791615e-03 -4.614357054233551025e-01 -5.054963231086730957e-01 -6.719071865081787109e-01 -1.104250550270080566e-02 -1.132819533348083496e+00 -4.072434902191162109e-01 9.899019002914428711e-01 -2.355059385299682617e-01 9.361402988433837891e-01 -8.121608495712280273e-01 6.561827659606933594e-01 1.087714210152626038e-01 5.074254795908927917e-02 -3.860584795475006104e-01 -1.638154685497283936e-01 9.903795719146728516e-01 2.477874755859375000e-01 1.166120409965515137e+00 6.918960809707641602e-01 -3.332400321960449219e-01 1.409577876329421997e-01 5.594576001167297363e-01 1.839168220758438110e-01 -1.857521682977676392e-01 -4.199150502681732178e-01 -2.130818553268909454e-02 -5.795106887817382812e-01 2.084544003009796143e-01 3.062883019447326660e-02 -1.439166069030761719e-01 6.031375005841255188e-02 -4.601421952247619629e-01 1.205355823040008545e-01 -2.392963469028472900e-01 7.318092882633209229e-02 3.864747285842895508e-01 -3.405382931232452393e-01 2.414211779832839966e-01 -4.340228065848350525e-02 8.054650425910949707e-01 5.615475773811340332e-01 1.812527924776077271e-01 1.730302274227142334e-01 1.588009148836135864e-01 3.404490053653717041e-01 6.594389677047729492e-02 4.611600339412689209e-01 -4.028279483318328857e-01 6.609134078025817871e-01 -1.046639755368232727e-01 -6.220812797546386719e-01 2.637680470943450928e-01 5.822869539260864258e-01 -8.328679203987121582e-01 -3.096793293952941895e-01 6.757430434226989746e-01 -2.171750366687774658e-02 -2.011890262365341187e-01 -1.005574613809585571e-01 -1.198717951774597168e-01
-1.762623637914657593e-01 -8.016496300697326660e-01 3.414504528045654297e-01 -5.201549828052520752e-02 -1.022377461194992065e-01 -1.145626068115234375e+00 -1.738027930259704590e-01 3.084386885166168213e-01 -3.691713213920593262e-01 -3.306533098220825195e-01 -3.312716484069824219e-01 -6.306026577949523926e-01 -1.686241477727890015e-01 5.405393242835998535e-02 1.273297369480133057e-01 2.576813697814941406e-01 -1.455476522445678711e+00 -8.958770334720611572e-02 -1.274287551641464233e-01 -2.624491453170776367e-01 7.595792412757873535e-01 1.447396993637084961e+00 -2.061244249343872070e-01 -1.047773882746696472e-01 -3.677191138267517090e-01 5.418189764022827148e-01 -2.227696031332015991e-02 -5.543838739395141602e-01 3.086068928241729736e-01 3.292442262172698975e-01 -4.826805591583251953e-01 5.388360619544982910e-01 -4.073848128318786621e-01 2.922593615949153900e-02 -6.436001062393188477e-01 -1.077144965529441833e-01 -1.248958520591259003e-03 -1.094707846641540527e-01 -2.035692781209945679e-01 -3.877345919609069824e-01 -5.729170441627502441e-01 3.306868672370910645e-02 -5.456441044807434082e-01 2.893795669078826904e-01 1.409723162651062012e+00 -7.137722522020339966e-02 -3.107746243476867676e-01 -7.199070453643798828e-01 5.821943283081054688e-01 4.190447330474853516e-01 -8.453947305679321289e-02 -1.386260241270065308e-01 3.612363636493682861e-01 -5.607858300209045410e-01 3.552064597606658936e-01 -2.001809626817703247e-01 -5.292143225669860840e-01 -8.267603516578674316e-01 -1.913816183805465698e-01 4.479843080043792725e-01 -8.187530934810638428e-02 -6.723278760910034180e-01 -3.645457029342651367e-01 -1.810347437858581543e-01
6.193724274635314941e-01 -5.769907832145690918e-01 4.289750158786773682e-01 -3.398044034838676453e-02 -7.491469383239746094e-02 -3.241267204284667969e-01 -4.004346132278442383e-01 -4.860544502735137939e-01 -7.096297740936279297e-01 -8.353693038225173950e-02 6.048706173896789551e-01 -5.394801497459411621e-01 -2.569606602191925049e-01 -6.762349605560302734e-01 4.522791206836700439e-01 -5.264207124710083008e-01 9.215102344751358032e-02 -6.806622147560119629e-01 1.857823282480239868e-01 3.579883575439453125e-01 1.032652735710144043e+00 1.448805928230285645e+00 2.303734123706817627e-01 -5.842670332640409470e-03 -7.994599938392639160e-01 7.821556180715560913e-03 -9.512331336736679077e-02 1.789874285459518433e-01 2.905142307281494141e-01 2.677443921566009521e-01 -1.696802675724029541e-01 6.337601542472839355e-01 -3.102307207882404327e-02 -6.818985939025878906e-02 -4.062077105045318604e-01 -8.005326390266418457e-01 3.945343196392059326e-01 -5.141438841819763184e-01 3.376643359661102295e-01 -2.020903527736663818e-01 1.111649572849273682e-01 4.754801690578460693e-01 -2.765811681747436523e-01 4.947456121444702148e-01 9.273034930229187012e-01 5.395368486642837524e-02 -8.644240349531173706e-02 4.336939752101898193e-01 9.513046145439147949e-01 7.119486331939697266e-01 2.942230999469757080e-01 -2.522785365581512451e-01 4.662812948226928711e-01 -5.788992717862129211e-02 -7.744091749191284180e-01 1.002574488520622253e-01 2.124810405075550079e-02 -4.483620524406433105e-01 9.990021586418151855e-02 1.023481488227844238e+00 -1.008132547140121460e-01 -5.124372243881225586e-01 -1.593655943870544434e-01 -1.706268191337585449e-01
3.285939097404479980e-01 1.013056486845016479e-01 6.742663383483886719e-01 6.478787064552307129e-01 -2.331551909446716309e-01 -3.154051899909973145e-01 -2.933514416217803955e-01 -2.403625994920730591e-01 4.638559371232986450e-02 -1.510004103183746338e-01 8.934990167617797852e-01 -5.740529894828796387e-01 -1.280893802642822266e+00 -1.474677473306655884e-01 -2.108165062963962555e-02 2.782640159130096436e-01 1.883985102176666260e-01 -1.166717559099197388e-01 3.150728940963745117e-01 6.446871757507324219e-01 -7.246145606040954590e-02 -2.550865523517131805e-02 -2.623250782489776611e-01 -3.363853096961975098e-01 3.192737400531768799e-01 3.438551127910614014e-01 -2.258855253458023071e-01 1.446525007486343384e-01 4.199814498424530029e-01 3.152818605303764343e-02 1.940889507532119751e-01 3.518529534339904785e-01 2.377415299415588379e-01 2.025233581662178040e-02 4.700766503810882568e-02 3.810446262359619141e-01 -1.285199820995330811e-01 5.897259116172790527e-01 -3.194360435009002686e-01 -3.020155131816864014e-01 1.110087428241968155e-02 1.548531949520111084e-01 3.389276191592216492e-02 4.195228815078735352e-01 4.183366894721984863e-01 -9.845171570777893066e-01 -3.676975518465042114e-02 1.239531263709068298e-01 -2.792322337627410889e-01 1.211877390742301941e-01 4.705876708030700684e-01 -8.776119947433471680e-01 8.372733592987060547e-01 1.153727024793624878e-01 3.736631870269775391e-01 -9.579354524612426758e-02 -1.150260418653488159e-01 -3.614215552806854248e-01 3.323674798011779785e-01 -1.698364466428756714e-01 -2.311463505029678345e-01 -3.056139945983886719e-01 1.587426476180553436e-02 -1.175983324646949768e-01
4.955243468284606934e-01 -6.445513963699340820e-01 2.431246787309646606e-01 -1.917306333780288696e-01 3.203772008419036865e-01 -2.084645479917526245e-01 1.983811333775520325e-02 -3.105976283550262451e-01 -6.508952975273132324e-01 2.593816220760345459e-01 4.861820638179779053e-01 -1.011720776557922363e+00 -4.378472268581390381e-02 -8.013713955879211426e-01 6.946780681610107422e-01 -7.314383387565612793e-01 -1.292917281389236450e-01 -1.716670244932174683e-01 -2.826161980628967285e-01 2.584840357303619385e-01 9.888436198234558105e-01 6.357413530349731445e-01 1.663006246089935303e-01 1.092574521899223328e-01 -1.603657305240631104e-01 1.548514813184738159e-01 -4.100753366947174072e-01 2.696740627288818359e-01 1.304461061954498291e-01 6.711769700050354004e-01 -5.336938798427581787e-02 6.891586184501647949e-01 2.900906205177307129e-01 -3.424651920795440674e-01 -3.881361708045005798e-02 -6.570706963539123535e-01 1.672413647174835205e-01 -3.857798278331756592e-01 4.673581942915916443e-02 -2.085924148559570312e-01 4.406874775886535645e-01 3.159067332744598389e-01 -9.502578973770141602e-01 4.917564094066619873e-01 9.973081350326538086e-01 2.052221596240997314e-01 -1.763329058885574341e-01 1.686437129974365234e-01 1.155290246009826660e+00 1.341491490602493286e-01 5.774820446968078613e-01 -4.377365112304687500e-01 4.246431589126586914e-02 4.988728761672973633e-01 -9.092277288436889648e-01 -1.516122817993164062e-01 -6.623194217681884766e-01 -2.137052714824676514e-01 -1.534106582403182983e-01 6.142718195915222168e-01 -2.672204673290252686e-01 -4.054917097091674805e-01 -5.558034181594848633e-01 4.852790012955665588e-02
9.560865163803100586e-01 1.390925198793411255e-01 9.098974466323852539e-01 -8.139733076095581055e-01 7.530549168586730957e-02 -3.656758964061737061e-01 1.713709533214569092e-02 7.952286005020141602e-01 -1.063015237450599670e-01 -1.687072403728961945e-02 5.707172155380249023e-01 -1.092352747917175293e+00 4.703598916530609131e-01 -3.523924946784973145e-01 4.954399168491363525e-01 2.400387674570083618e-01 -1.275161057710647583e-01 1.509129703044891357e-01 5.308793857693672180e-02 7.142069935798645020e-01 1.092963218688964844e+00 2.745622098445892334e-01 -1.411609500646591187e-01 -1.943365782499313354e-01 1.383016407489776611e-01 -2.856533825397491455e-01 1.338212490081787109e-01 -1.180552124977111816e+00 3.639769554138183594e-01 5.649963021278381348e-01 -2.788738608360290527e-01 7.754825353622436523e-01 1.293193846940994263e-01 -7.455734014511108398e-01 -1.038508892059326172e+00 -4.887524545192718506e-01 -1.139587163925170898e-01 3.259685039520263672e-01 -8.065879940986633301e-01 -2.097258418798446655e-01 3.581505417823791504e-01 -6.655988097190856934e-02 -1.902357339859008789e-01 1.219791620969772339e-01 3.361630141735076904e-01 2.524262480437755585e-02 8.704302459955215454e-02 -7.580841332674026489e-02 6.616094112396240234e-01 -1.449691783636808395e-02 3.528988957405090332e-01 5.244863629341125488e-01 -6.840611994266510010e-02 -2.544832825660705566e-01 -1.000195741653442383e-02 -3.732139170169830322e-01 -2.578004896640777588e-01 -3.146459758281707764e-01 -4.349768459796905518e-01 2.988044619560241699e-01 -8.426110744476318359e-01 -1.606920212507247925e-01 1.908603310585021973e-01 2.561207115650177002e-01
4.384904503822326660e-01 2.209268808364868164e-01 7.259344458580017090e-01 -8.298906683921813965e-02 -1.222075149416923523e-01 1.445642560720443726e-01 2.109740376472473145e-01 4.002253115177154541e-01 -6.981302499771118164e-01 1.556325554847717285e-01 3.195073604583740234e-01 -5.926829576492309570e-01 2.258510142564773560e-01 -1.462167967110872269e-02 1.374423861503601074e+00 6.138006448745727539e-01 4.058695137500762939e-01 -6.878340244293212891e-01 7.200888395309448242e-01 4.090568721294403076e-01 1.879392713308334351e-01 4.293525516986846924e-01 6.113263368606567383e-01 -5.432314872741699219e-01 -4.127242863178253174e-01 5.481318831443786621e-01 -1.756831631064414978e-02 -4.143422842025756836e-01 8.471684157848358154e-02 2.053525149822235107e-01 4.119912981986999512e-01 3.665602505207061768e-01 -1.803601682186126709e-01 -5.453203320503234863e-01 -9.072240591049194336e-01 5.535769835114479065e-02 3.677562624216079712e-02 3.637607693672180176e-01 -6.183397173881530762e-01 1.675747483968734741e-01 -1.004465699195861816e+00 2.293809801340103149e-01 8.093238808214664459e-03 6.166389584541320801e-01 3.141385614871978760e-01 -1.508601158857345581e-01 -1.386940926313400269e-01 -2.816523909568786621e-01 3.405528143048286438e-02 2.088137418031692505e-01 -5.756654590368270874e-02 4.484288021922111511e-02 2.427738606929779053e-01 -1.154738068580627441e+00 4.483978450298309326e-01 3.922453522682189941e-01 1.915231943130493164e-01 -7.148661017417907715e-01 -4.108115732669830322e-01 1.332114636898040771e-01 -2.037575989961624146e-01 5.778561532497406006e-02 9.028347730636596680e-01 6.775110960006713867e-01
1.846517920494079590e-01 -6.449010372161865234e-01 2.388069629669189453e-01 7.537757605314254761e-02 -2.218667566776275635e-01 -2.782241702079772949e-01 -2.418562173843383789e-01 8.098595738410949707e-01 -1.838406443595886230e+00 9.004154801368713379e-02 5.649911165237426758e-01 -1.871721625328063965e+00 -1.374216228723526001e-01 -9.242702722549438477e-01 -1.033597439527511597e-01 1.676715463399887085e-01 -1.051883101463317871e-01 -7.817540168762207031e-01 6.583492755889892578e-01 7.763692736625671387e-01 -1.550120413303375244e-01 1.806325465440750122e-01 6.911610960960388184e-01 -1.556258916854858398e+00 9.454954862594604492e-01 -4.812328517436981201e-01 1.183199211955070496e-01 7.851918935775756836e-01 4.690576195716857910e-01 -1.368826180696487427e-01 -1.393389105796813965e-01 -2.377914041280746460e-01 5.590087920427322388e-02 -6.170275211334228516e-01 -6.259773373603820801e-01 -7.358893752098083496e-01 5.095742344856262207e-01 2.603489458560943604e-01 -3.936794102191925049e-01 6.498840451240539551e-02 -2.093809396028518677e-01 -3.907634019851684570e-01 -5.225944519042968750e-02 -2.606006562709808350e-01 8.700594902038574219e-01 -4.661857485771179199e-01 -8.785043954849243164e-01 -1.704930700361728668e-02 -7.865828275680541992e-02 6.692891120910644531e-01 5.807153582572937012e-01 3.274365365505218506e-01 3.010339736938476562e-01 5.915777757763862610e-02 -5.808101296424865723e-01 -5.437621474266052246e-01 5.413658022880554199e-01 -6.606736183166503906e-01 3.484288454055786133e-01 2.581399381160736084e-01 -2.861205935478210449e-01 -1.162837818264961243e-01 -7.877808213233947754e-01 -3.989394307136535645e-01
-2.059945166110992432e-01 -3.449026644229888916e-01 -3.638159632682800293e-01 1.963197588920593262e-01 -3.751046657562255859e-01 -6.442263126373291016e-01 1.469350904226303101e-01 1.467143148183822632e-01 -5.545327067375183105e-01 -6.343290209770202637e-01 8.843650817871093750e-01 -3.956530690193176270e-01 -1.484169065952301025e-01 3.157848119735717773e-01 5.274947285652160645e-01 5.992831587791442871e-01 -5.139738321304321289e-01 -1.646835654973983765e-01 3.427657857537269592e-02 5.305367112159729004e-01 3.618513941764831543e-01 2.573718726634979248e-01 7.362851500511169434e-02 -4.580767452716827393e-01 -4.169108867645263672e-01 -2.193685919046401978e-01 -2.927742302417755127e-01 -7.742924243211746216e-02 1.617597341537475586e-01 4.593952596187591553e-01 5.353968143463134766e-01 -8.015859127044677734e-01 -1.723603010177612305e-01 -6.588444858789443970e-02 -6.969458609819412231e-02 7.973909378051757812e-01 3.833747506141662598e-01 5.413946509361267090e-01 -2.533112764358520508e-01 5.654928684234619141e-01 3.490397334098815918e-01 1.687251329421997070e-01 -2.557921409606933594e-01 -4.285776019096374512e-01 3.226753175258636475e-01 -3.843958079814910889e-01 -3.168196082115173340e-01 -1.446640938520431519e-01 7.227447032928466797e-01 5.095051527023315430e-01 -2.175380289554595947e-01 1.915843188762664795e-01 8.395862579345703125e-01 4.076434075832366943e-01 6.083238720893859863e-01 8.372500538825988770e-03 1.307883739471435547e+00 -3.786961734294891357e-01 9.756191819906234741e-02 -2.987883090972900391e-01 -7.553836107254028320e-01 3.124353885650634766e-01 -2.751899063587188721e-01 7.025269269943237305e-01
2.022739201784133911e-01 -9.667126834392547607e-02 8.021594882011413574e-01 2.934524714946746826e-01 -4.728139638900756836e-01 -6.749254465103149414e-01 -3.416974842548370361e-01 2.611791789531707764e-01 8.618240803480148315e-02 1.772062033414840698e-01 9.317771196365356445e-01 -5.814682841300964355e-01 -9.842941164970397949e-01 -5.412234663963317871e-01 2.358480542898178101e-01 8.242896199226379395e-02 2.268934249877929688e-01 7.206091284751892090e-02 2.640636265277862549e-01 1.845837831497192383e-01 -1.295866370201110840e-01 2.374377846717834473e-01 -2.982562221586704254e-02 -7.236026525497436523e-01 2.488390207290649414e-01 4.392024278640747070e-01 -1.431468576192855835e-01 3.748364746570587158e-01 5.252414941787719727e-01 -3.829706087708473206e-02 2.701069414615631104e-01 9.182982891798019409e-02 2.537293732166290283e-01 2.399760484695434570e-01 -6.405370682477951050e-02 4.067438542842864990e-01 5.582447350025177002e-02 5.792377516627311707e-02 -2.987046539783477783e-01 -6.107609868049621582e-01 1.443510651588439941e-01 -5.992430076003074646e-02 -2.837575972080230713e-01 4.975151419639587402e-01 6.276543140411376953e-01 -1.148456335067749023e+00 -2.310175448656082153e-02 1.456862837076187134e-01 6.406860426068305969e-03 5.004913806915283203e-01 3.075334429740905762e-01 -5.808479189872741699e-01 5.478203892707824707e-01 1.963775008916854858e-01 6.582270860671997070e-01 3.620663583278656006e-01 -1.775019685737788677e-03 -3.766542077064514160e-01 1.321439445018768311e-01 2.119684815406799316e-01 -2.585703432559967041e-01 -3.689562082290649414e-01 2.557319998741149902e-01 3.316260278224945068e-01
1.363274455070495605e-01 -1.146596297621726990e-01 6.980174183845520020e-01 1.987903267145156860e-01 -5.600107312202453613e-01 -5.717598795890808105e-01 -4.457085728645324707e-01 2.173211425542831421e-01 -8.349256217479705811e-02 4.954495653510093689e-02 6.000958085060119629e-01 -6.224086880683898926e-01 -9.980546236038208008e-01 -3.527018725872039795e-01 1.513393521308898926e-01 1.089597567915916443e-01 2.314369827508926392e-01 6.136391684412956238e-02 4.674253165721893311e-01 2.048649489879608154e-01 -5.609223246574401855e-02 1.817864775657653809e-01 -1.386598050594329834e-01 -5.766938328742980957e-01 2.572136521339416504e-01 4.991385340690612793e-01 -1.943201571702957153e-02 5.589120984077453613e-01 8.314149975776672363e-01 3.429971635341644287e-02 3.092224597930908203e-01 2.743021249771118164e-01 1.798447966575622559e-01 1.404749304056167603e-01 -2.685033977031707764e-01 3.657623529434204102e-01 -1.114175915718078613e-01 1.557175666093826294e-01 -3.154391646385192871e-01 -4.713405370712280273e-01 1.044553443789482117e-01 9.718822315335273743e-03 -3.208327591419219971e-01 5.064750313758850098e-01 7.654826045036315918e-01 -1.037577033042907715e+00 -1.054085046052932739e-01 2.860800623893737793e-01 -1.291002780199050903e-01 5.437167286872863770e-01 3.145427703857421875e-01 -7.731815576553344727e-01 6.128282546997070312e-01 2.821849584579467773e-01 7.503281831741333008e-01 2.724305987358093262e-01 -2.300495952367782593e-01 -5.198415517807006836e-01 1.537678539752960205e-01 2.464581280946731567e-02 -1.631094664335250854e-01 -3.443969786167144775e-01 2.645154595375061035e-01 1.678614020347595215e-01
1.859186738729476929e-01 -3.150933980941772461e-01 -4.109148979187011719e-01 -6.313937157392501831e-02 -4.348955750465393066e-01 -7.233814597129821777e-01 -3.352402150630950928e-01 -8.150718361139297485e-02 -1.436821520328521729e-01 -5.205659866333007812e-01 -5.983059406280517578e-01 -6.024506092071533203e-01 -2.231501191854476929e-01 -4.890967905521392822e-01 6.470645666122436523e-01 1.662429720163345337e-01 1.915383487939834595e-01 -4.478415250778198242e-01 2.203082442283630371e-01 1.758792847394943237e-01 -9.912769496440887451e-02 5.055518150329589844e-01 1.011041104793548584e-01 1.813091337680816650e-01 6.972582936286926270e-01 4.179518818855285645e-01 6.859750300645828247e-02 -1.255536228418350220e-01 5.607258677482604980e-01 -1.642083674669265747e-01 1.170490309596061707e-01 -1.892427206039428711e-01 7.043182849884033203e-02 -2.763375043869018555e-01 -2.238600254058837891e-01 5.927621126174926758e-01 6.671804785728454590e-01 8.369109034538269043e-01 8.395714312791824341e-02 -8.338930606842041016e-01 1.292526870965957642e-01 -5.941073894500732422e-01 -2.010544687509536743e-01 4.717246592044830322e-01 5.933091044425964355e-01 1.306807100772857666e-01 -1.893818960525095463e-03 -5.167583823204040527e-01 3.801035881042480469e-01 8.296924829483032227e-01 2.611436843872070312e-01 -4.260846674442291260e-01 4.071434736251831055e-01 4.989652335643768311e-01 6.772704720497131348e-01 -6.275618076324462891e-01 -6.885237693786621094e-01 5.055416822433471680e-01 -4.477763473987579346e-01 7.850902676582336426e-01 -3.679903745651245117e-01 9.476938843727111816e-02 -5.272592306137084961e-01 -1.338127851486206055e-01
5.109893679618835449e-01 3.663663566112518311e-01 7.896217703819274902e-01 1.016009971499443054e-01 -6.831784248352050781e-01 -2.665459811687469482e-01 8.975108712911605835e-02 7.700220346450805664e-01 -8.184697031974792480e-01 2.467695921659469604e-01 6.353336572647094727e-01 -4.864434897899627686e-01 3.678285777568817139e-01 -5.881219506263732910e-01 5.852403044700622559e-01 1.115805268287658691e+00 3.478425443172454834e-01 -1.572371423244476318e-01 -2.408322989940643311e-01 1.167890787124633789e+00 9.675100445747375488e-02 8.756174445152282715e-01 1.016238451004028320e+00 -3.979445993900299072e-01 -1.243345439434051514e-01 2.016596347093582153e-01 -8.242821693420410156e-02 -3.900741636753082275e-01 -4.560580849647521973e-02 1.987488418817520142e-01 2.543741762638092041e-01 3.665268421173095703e-01 4.070295765995979309e-02 -4.084634482860565186e-01 -4.210186004638671875e-01 1.253194063901901245e-01 -9.275997430086135864e-02 1.824391335248947144e-01 -1.719448864459991455e-01 1.648745685815811157e-01 -7.328157424926757812e-01 -3.112551569938659668e-02 -1.405579298734664917e-01 5.750358104705810547e-01 4.932512938976287842e-01 2.330622822046279907e-01 7.894378304481506348e-01 1.433193683624267578e-01 4.624439477920532227e-01 2.766622006893157959e-01 3.845533132553100586e-01 -6.912785172462463379e-01 2.410886138677597046e-01 -6.653164625167846680e-01 9.344843775033950806e-02 -1.166200712323188782e-01 6.079215556383132935e-02 -7.042164206504821777e-01 1.817312687635421753e-01 6.021919846534729004e-01 -4.708988070487976074e-01 -2.311930209398269653e-01 5.032411813735961914e-01 6.656567454338073730e-01
3.364244699478149414e-01 -1.631589829921722412e-01 1.071261644363403320e+00 3.134070634841918945e-01 -3.901640772819519043e-01 -5.343347787857055664e-01 -2.816999554634094238e-01 3.931721150875091553e-01 1.540035307407379150e-01 1.126465108245611191e-02 7.375307083129882812e-01 -6.255475878715515137e-01 -8.832196593284606934e-01 -4.335930943489074707e-01 2.153274118900299072e-01 1.101819947361946106e-01 3.398016095161437988e-01 1.116946116089820862e-01 1.069898754358291626e-01 1.401374936103820801e-01 -5.882028862833976746e-02 3.226349949836730957e-01 -5.404081195592880249e-02 -5.434734225273132324e-01 3.216409683227539062e-01 3.416582643985748291e-01 -1.834090501070022583e-01 5.168957710266113281e-01 7.738849520683288574e-01 1.376831997185945511e-02 3.562618494033813477e-01 2.373331636190414429e-01 3.262282609939575195e-01 2.200964540243148804e-01 -1.263121217489242554e-01 5.137168169021606445e-01 5.429298803210258484e-02 5.676695704460144043e-02 -3.456401824951171875e-01 -3.554010987281799316e-01 4.169114679098129272e-02 -7.915997505187988281e-02 -2.261251807212829590e-01 7.514786124229431152e-01 7.105441689491271973e-01 -8.519273400306701660e-01 -2.721960097551345825e-02 1.463117301464080811e-01 8.453740924596786499e-02 5.641802549362182617e-01 2.941257059574127197e-01 -7.923034429550170898e-01 5.312034487724304199e-01 2.679076790809631348e-01 6.030455827713012695e-01 1.914733499288558960e-01 -4.376856982707977295e-01 -5.048127174377441406e-01 2.871435284614562988e-01 -4.845304414629936218e-02 -2.607241570949554443e-01 -2.868291437625885010e-01 1.989408433437347412e-01 1.951569467782974243e-01
5.351983308792114258e-01 -9.659438580274581909e-02 3.569068610668182373e-01 -2.420768886804580688e-01 -2.137950211763381958e-01 1.572975516319274902e-01 3.402963578701019287e-01 1.354275345802307129e-01 -3.221646547317504883e-01 -4.649017378687858582e-02 6.808708310127258301e-01 1.606098562479019165e-01 -6.549295969307422638e-03 -4.943754374980926514e-01 -7.781698554754257202e-02 2.224505841732025146e-01 1.100785955786705017e-01 1.778880804777145386e-01 -1.558478921651840210e-01 5.452666282653808594e-01 -4.134391546249389648e-01 2.738106548786163330e-01 -2.347038537263870239e-01 1.580107361078262329e-01 -4.182247221469879150e-01 1.041782736778259277e+00 -7.931354641914367676e-01 -1.287905424833297729e-01 5.591370463371276855e-01 -2.854729890823364258e-01 5.433761477470397949e-01 5.080053806304931641e-01 -6.174490451812744141e-01 -4.315654635429382324e-01 -1.744048669934272766e-02 3.180848360061645508e-01 -8.296118676662445068e-02 6.147220730781555176e-01 -6.897549033164978027e-01 4.128787815570831299e-01 2.318569831550121307e-02 1.809555888175964355e-01 2.413084059953689575e-01 1.474973559379577637e-01 8.343369960784912109e-01 -9.001520276069641113e-01 -3.367129266262054443e-01 3.849840462207794189e-01 4.709697961807250977e-01 9.259201884269714355e-01 8.688816428184509277e-02 5.481452345848083496e-01 9.327287673950195312e-01 2.135201171040534973e-02 -2.115348130464553833e-01 -1.275950372219085693e-01 9.537351131439208984e-01 -2.279637157917022705e-01 -1.894133836030960083e-01 9.373828768730163574e-01 -1.597472578287124634e-01 1.616960018873214722e-01 -5.914736390113830566e-01 1.038131862878799438e-02
6.121924519538879395e-01 -5.573500990867614746e-01 3.109274506568908691e-01 -2.811106480658054352e-02 -1.060282289981842041e-01 7.209056988358497620e-03 -7.849721312522888184e-01 -5.039752125740051270e-01 -1.040301680564880371e+00 -5.655516386032104492e-01 1.072379589080810547e+00 -5.885849520564079285e-02 -5.402334332466125488e-01 -7.365269660949707031e-01 1.872349157929420471e-02 1.052339375019073486e-01 3.807303607463836670e-01 -5.556938648223876953e-01 -4.134772419929504395e-01 1.219593167304992676e+00 2.184772342443466187e-01 6.534506678581237793e-01 1.829096227884292603e-01 -3.666219115257263184e-01 3.518293425440788269e-02 6.580818444490432739e-02 7.746977359056472778e-02 2.204295098781585693e-01 -4.462474584579467773e-01 5.286092758178710938e-01 -9.163910150527954102e-02 1.151549339294433594e+00 -5.890918374061584473e-01 4.932354390621185303e-01 -5.364218354225158691e-01 -4.921389222145080566e-01 2.316121757030487061e-01 -1.153659373521804810e-01 -2.561729028820991516e-02 -7.248484343290328979e-02 -2.024898678064346313e-01 4.730219542980194092e-01 -4.506350755691528320e-01 1.039253711700439453e+00 5.853430628776550293e-01 1.170590072870254517e-01 3.423900157213211060e-02 -6.815147399902343750e-02 8.708858489990234375e-01 -1.414574086666107178e-01 7.527834773063659668e-01 -5.838394537568092346e-02 9.676977992057800293e-01 -5.989428758621215820e-01 -8.014044761657714844e-01 2.372289448976516724e-02 6.602135300636291504e-01 -1.787578761577606201e-01 -3.040491640567779541e-01 4.223714172840118408e-01 -5.189923569560050964e-03 -1.860964298248291016e-01 -4.689866304397583008e-01 -2.311119586229324341e-01
7.764842361211776733e-03 4.666686803102493286e-02 1.445440948009490967e-01 -3.389165997505187988e-01 1.999640613794326782e-01 -6.464672088623046875e-01 -4.181678891181945801e-01 1.889216750860214233e-01 1.586281806230545044e-01 -3.424994945526123047e-01 1.790713071823120117e-01 -1.232875943183898926e+00 -7.282336950302124023e-01 -2.284836396574974060e-02 -1.130583062767982483e-01 1.444223243743181229e-02 -2.293472737073898315e-01 -8.724768757820129395e-01 -3.886935487389564514e-02 8.097833991050720215e-01 1.717041730880737305e-01 6.617066860198974609e-01 1.661052852869033813e-01 -2.585688233375549316e-01 -6.108052134513854980e-01 6.177656650543212891e-01 -1.664136499166488647e-01 2.744873762130737305e-01 -1.929430663585662842e-02 -7.215852141380310059e-01 2.119882702827453613e-01 -1.089950203895568848e-01 -3.418882191181182861e-01 -7.537375390529632568e-02 -6.098730117082595825e-02 -2.484578639268875122e-01 6.025857925415039062e-01 -8.958413451910018921e-02 1.959973871707916260e-01 -1.303605586290359497e-01 -1.461658626794815063e-01 1.218978166580200195e-01 -4.480469524860382080e-01 2.152756601572036743e-01 7.078963518142700195e-01 9.570871293544769287e-02 2.271080613136291504e-01 -8.332521915435791016e-01 2.811567783355712891e-01 7.014750242233276367e-01 -6.743959188461303711e-01 -2.193729430437088013e-01 1.810636222362518311e-01 2.374155521392822266e-01 3.463943600654602051e-01 -5.229820013046264648e-01 -5.346226692199707031e-01 6.771044433116912842e-02 -5.551394224166870117e-01 4.434005618095397949e-01 -3.351958394050598145e-01 -3.429477214813232422e-01 4.691810309886932373e-01 -1.583873853087425232e-02
4.792669117450714111e-01 -4.090159535408020020e-01 -9.506530314683914185e-02 1.564794331789016724e-01 3.551249504089355469e-01 -1.600617915391921997e-01 1.761213690042495728e-01 -1.358161568641662598e-01 -2.673172056674957275e-01 1.196935325860977173e-01 -4.505913704633712769e-03 -1.022563695907592773e+00 -2.037754356861114502e-01 -2.714210450649261475e-01 3.326697647571563721e-01 -6.060977578163146973e-01 -1.345188617706298828e-01 -9.228152036666870117e-02 2.370004653930664062e-01 2.435620874166488647e-01 8.305044174194335938e-01 1.501322984695434570e-01 4.130144044756889343e-02 8.436081558465957642e-02 -5.667221173644065857e-02 3.987506031990051270e-01 3.835939466953277588e-01 -4.748897254467010498e-01 6.022278070449829102e-01 7.210202217102050781e-01 3.628253042697906494e-01 -8.627460896968841553e-02 -1.755607277154922485e-01 2.416422069072723389e-01 2.328278422355651855e-01 -5.117213129997253418e-01 -2.704589664936065674e-01 -7.292174696922302246e-01 -2.382700741291046143e-01 -5.351698398590087891e-01 6.573155522346496582e-02 1.101081445813179016e-02 -4.118206202983856201e-01 1.660712063312530518e-02 8.822582364082336426e-01 -9.458963759243488312e-03 9.260667860507965088e-02 -7.606158256530761719e-01 1.341722726821899414e+00 4.709429144859313965e-01 -3.396582007408142090e-01 -5.524374842643737793e-01 -3.031429648399353027e-02 6.797720193862915039e-01 7.258921861648559570e-02 -3.195292949676513672e-01 -1.641784608364105225e-01 -3.374812602996826172e-01 -9.632781744003295898e-01 -3.813071548938751221e-02 -7.442746162414550781e-01 -1.494913399219512939e-01 -4.176784679293632507e-02 -2.890986204147338867e-01
5.588863492012023926e-01 4.897274076938629150e-01 6.871369481086730957e-01 3.966027870774269104e-02 -8.952296525239944458e-02 -7.630917429924011230e-02 6.351166963577270508e-02 3.077700734138488770e-01 -4.008199870586395264e-01 -3.220506608486175537e-01 1.893423497676849365e-01 -1.089982628822326660e+00 3.118706047534942627e-01 -4.960275888442993164e-01 1.822477579116821289e-01 3.707126677036285400e-01 -4.145505726337432861e-01 -2.487940043210983276e-01 -3.292093276977539062e-01 8.737735450267791748e-02 -1.088190674781799316e-01 1.025588631629943848e+00 -3.017700910568237305e-01 -3.143106698989868164e-01 -2.989456355571746826e-01 2.945384383201599121e-01 2.791507169604301453e-03 -7.821002006530761719e-01 5.090054869651794434e-01 3.207884132862091064e-01 4.133487939834594727e-01 2.639469206333160400e-01 -6.900128722190856934e-01 -4.383289813995361328e-01 -7.282613515853881836e-01 -4.175602272152900696e-02 -8.154135942459106445e-01 4.073301795870065689e-03 -6.258653402328491211e-01 -8.144405484199523926e-02 -3.689400851726531982e-01 -3.766115605831146240e-01 -3.966515660285949707e-01 8.978410065174102783e-02 4.452461600303649902e-01 -1.100448369979858398e+00 -4.841432571411132812e-01 -5.330080389976501465e-01 8.202111721038818359e-01 6.989900469779968262e-01 2.414598129689693451e-02 1.413820385932922363e-01 1.915800571441650391e-01 -7.617690563201904297e-01 -3.852580487728118896e-01 -1.980877518653869629e-01 -2.306581884622573853e-01 -9.992714524269104004e-01 -1.470083184540271759e-02 -1.333500444889068604e-01 1.665825583040714264e-02 1.689704693853855133e-02 -9.236148744821548462e-02 5.235607624053955078e-01
-1.506161130964756012e-02 -5.040987730026245117e-01 1.857025623321533203e-01 2.656254172325134277e-01 4.923403263092041016e-01 -3.132328689098358154e-01 -2.739926874637603760e-01 -2.217945605516433716e-01 -1.727676838636398315e-01 -2.974746823310852051e-01 1.198966056108474731e-01 -4.312551021575927734e-01 -3.230544626712799072e-01 2.117034196853637695e-01 3.305459395051002502e-02 3.809720575809478760e-01 -7.053253650665283203e-01 5.911608040332794189e-02 3.514685928821563721e-01 3.815188705921173096e-01 4.511461555957794189e-01 7.162190079689025879e-01 -2.458124011754989624e-01 1.023606806993484497e-01 -1.779044717550277710e-01 4.466235339641571045e-01 5.695481300354003906e-01 -3.391192257404327393e-01 6.332683563232421875e-01 3.606376647949218750e-01 3.835176527500152588e-01 4.479607939720153809e-02 -3.220336884260177612e-02 3.699343279004096985e-02 -3.470471203327178955e-01 -3.246107995510101318e-01 -3.818507790565490723e-01 5.918528512120246887e-02 -8.411529660224914551e-02 -4.582399129867553711e-02 -5.080927610397338867e-01 -2.016833275556564331e-01 -3.123553991317749023e-01 4.663916528224945068e-01 1.007654070854187012e+00 -2.712015807628631592e-01 -2.019585371017456055e-01 -1.003683805465698242e+00 7.116817235946655273e-01 5.937365293502807617e-01 -3.249625861644744873e-01 -4.430533573031425476e-02 -1.466611474752426147e-01 5.416516065597534180e-01 2.121352553367614746e-01 -2.856066823005676270e-01 -6.171849966049194336e-01 -4.995806515216827393e-01 -7.393674850463867188e-01 -4.018214344978332520e-01 -3.613567054271697998e-01 -1.921103894710540771e-01 -4.387079179286956787e-02 -2.969745397567749023e-01
1.469464451074600220e-01 -1.206022381782531738e+00 8.405773043632507324e-01 -6.694200634956359863e-01 -1.694132089614868164e-01 -9.465954303741455078e-01 -3.987156748771667480e-01 -2.792783379554748535e-01 -1.699195206165313721e-01 -9.098608493804931641e-01 7.974868416786193848e-01 -9.106638431549072266e-01 -2.585529983043670654e-01 1.997131705284118652e-01 2.493640035390853882e-01 1.847378015518188477e-01 7.706300169229507446e-02 2.026562988758087158e-01 8.363018631935119629e-01 6.384018659591674805e-01 1.143273353576660156e+00 -1.009483858942985535e-01 7.778224945068359375e-01 -7.917168736457824707e-01 2.855165004730224609e-01 5.243406891822814941e-01 -4.753302037715911865e-02 1.376510411500930786e-01 3.060005605220794678e-01 5.618563890457153320e-01 -3.689158260822296143e-01 1.326201409101486206e-01 -6.244188547134399414e-01 -3.652715682983398438e-01 2.589320242404937744e-01 2.740080952644348145e-01 7.505170255899429321e-02 2.430114001035690308e-01 -3.336004540324211121e-02 -2.744075842201709747e-02 2.237094938755035400e-01 -4.824352860450744629e-01 5.395515635609626770e-02 -2.454405725002288818e-01 9.837390184402465820e-01 -1.922899335622787476e-01 -8.476955294609069824e-01 -7.417269945144653320e-01 -3.586504235863685608e-02 8.122596740722656250e-01 4.888436198234558105e-02 -9.982815384864807129e-02 -3.967345654964447021e-01 7.891296744346618652e-01 -2.131401449441909790e-01 -4.532979726791381836e-01 -3.640004098415374756e-01 -4.682567417621612549e-01 -7.588806748390197754e-02 9.918476641178131104e-02 -7.304942607879638672e-01 5.493037104606628418e-01 -6.528774648904800415e-02 -5.338907837867736816e-01
4.420260787010192871e-01 5.626592636108398438e-01 5.844424962997436523e-01 -8.433284163475036621e-01 -8.013846874237060547e-01 -4.288214445114135742e-01 3.997786939144134521e-01 6.381374001502990723e-01 -3.329987525939941406e-01 3.293878436088562012e-01 3.365008234977722168e-01 -1.105357766151428223e+00 -6.470718979835510254e-01 -3.794992268085479736e-01 7.609348297119140625e-01 2.971751093864440918e-01 3.394294157624244690e-02 -6.003386974334716797e-01 2.628120183944702148e-01 7.347487807273864746e-01 6.633250117301940918e-01 5.610041022300720215e-01 5.542678236961364746e-01 1.764147579669952393e-01 4.287998378276824951e-01 7.369825989007949829e-02 1.944694519042968750e-01 -8.484116196632385254e-01 1.030505821108818054e-01 3.737103939056396484e-01 6.817532237619161606e-03 4.480832219123840332e-01 1.782709658145904541e-01 -1.256113767623901367e+00 -2.838365733623504639e-01 1.843750476837158203e-01 7.169560790061950684e-01 5.684142708778381348e-01 -5.352348685264587402e-01 -1.542070060968399048e-01 -6.022205352783203125e-01 -2.071832418441772461e-01 -4.126430153846740723e-01 6.549321413040161133e-01 2.718202173709869385e-01 -3.369578123092651367e-01 1.046292036771774292e-01 -4.016066789627075195e-01 4.963474571704864502e-01 1.125479266047477722e-01 2.166777104139328003e-02 -1.729526929557323456e-02 6.064380705356597900e-02 -2.444723695516586304e-01 -1.636589765548706055e-01 -1.693386733531951904e-01 7.321802526712417603e-02 -1.925983279943466187e-01 7.944212108850479126e-02 -9.466851353645324707e-01 -8.582266569137573242e-01 -4.656093716621398926e-01 4.887075126171112061e-01 2.490672320127487183e-01
4.174331724643707275e-01 -4.820715263485908508e-02 6.842962503433227539e-01 5.604084730148315430e-01 -5.172274112701416016e-01 -1.543150842189788818e-01 3.408623039722442627e-01 2.305774390697479248e-01 -3.856395184993743896e-01 -5.685083866119384766e-01 5.890689492225646973e-01 -3.541895747184753418e-01 -9.655586481094360352e-01 -1.199189722537994385e-01 2.338941693305969238e-01 1.287715584039688110e-01 2.329928874969482422e-01 -1.213421300053596497e-01 1.362684369087219238e-01 9.268027544021606445e-01 -2.131690531969070435e-01 1.909247189760208130e-01 3.285391926765441895e-01 -2.986932992935180664e-01 -2.438775263726711273e-02 1.333532575517892838e-02 1.764257252216339111e-02 -6.276223659515380859e-01 3.214536979794502258e-02 -1.218099147081375122e-01 1.059853732585906982e-01 6.764364242553710938e-01 2.144088298082351685e-01 -3.789072632789611816e-01 -5.957462266087532043e-02 -6.041065603494644165e-02 -1.020968407392501831e-01 1.120761871337890625e+00 -1.214825883507728577e-01 -1.761981248855590820e-01 3.797370940446853638e-02 3.963250219821929932e-01 -1.086078360676765442e-01 2.789434194564819336e-01 1.967194527387619019e-01 -9.424689412117004395e-01 1.615513116121292114e-01 3.587147295475006104e-01 -3.161844313144683838e-01 -2.018927484750747681e-01 3.492256700992584229e-01 -5.811693072319030762e-01 2.313362360000610352e-01 -3.662920594215393066e-01 4.414674937725067139e-01 -1.902253329753875732e-01 -9.842928498983383179e-02 -8.868892192840576172e-01 -1.248859055340290070e-02 3.368657082319259644e-02 -7.232936024665832520e-01 -3.968097269535064697e-02 2.615234069526195526e-02 -1.928053498268127441e-01
6.268879175186157227e-01 1.714531481266021729e-01 3.837932944297790527e-01 6.693692505359649658e-02 9.662812948226928711e-02 -5.619087815284729004e-01 -4.779496490955352783e-01 -3.301680386066436768e-01 -1.316347956657409668e+00 -3.683663904666900635e-01 6.234214901924133301e-01 6.937476247549057007e-02 4.628807604312896729e-01 -4.951660335063934326e-01 6.291351318359375000e-01 -8.547651767730712891e-02 6.265023350715637207e-01 -9.670715034008026123e-02 -1.348631829023361206e-02 7.997466325759887695e-01 7.581781148910522461e-01 1.547403216361999512e+00 1.098340511322021484e+00 -4.088835716247558594e-01 3.138909041881561279e-01 3.969298899173736572e-01 4.183558821678161621e-01 -2.370707988739013672e-01 -3.185664415359497070e-01 -1.107137203216552734e-01 -6.505269557237625122e-02 5.011754035949707031e-01 -1.192123163491487503e-02 1.075874343514442444e-01 -6.866322159767150879e-01 -7.640418410301208496e-01 1.947923600673675537e-01 2.015025168657302856e-01 3.871824741363525391e-01 3.950788676738739014e-01 1.933207660913467407e-01 2.977610230445861816e-01 -5.915958434343338013e-02 1.119773030281066895e+00 2.247708737850189209e-01 -3.387469425797462463e-02 -2.105566561222076416e-01 2.191848307847976685e-01 9.112489223480224609e-01 1.881756633520126343e-01 3.271958604454994202e-02 1.705283075571060181e-01 8.098480105400085449e-01 -1.731821894645690918e-02 -5.565523505210876465e-01 3.436278700828552246e-01 2.425364218652248383e-02 -8.479629755020141602e-01 1.042054668068885803e-01 3.373066186904907227e-01 -2.069961130619049072e-01 -1.806737929582595825e-01 -4.844092130661010742e-01 1.568065434694290161e-01
4.197717010974884033e-01 -5.256732106208801270e-01 5.807047486305236816e-01 -3.079067766666412354e-01 1.090128496289253235e-01 -4.467241466045379639e-01 -7.807354927062988281e-01 -4.002586007118225098e-01 -9.276807904243469238e-01 -1.710110008716583252e-01 7.224503159523010254e-01 2.137843668460845947e-01 2.557107210159301758e-01 -7.243635654449462891e-01 3.993904590606689453e-01 -1.233931332826614380e-01 5.499097704887390137e-01 -4.749997556209564209e-01 -1.981054842472076416e-01 7.660415768623352051e-01 6.698248982429504395e-01 1.262626290321350098e+00 4.149143099784851074e-01 -1.299998611211776733e-01 -4.104549884796142578e-01 -1.547456067055463791e-02 1.113330759108066559e-02 -3.306088596582412720e-02 -3.413811624050140381e-01 2.510838806629180908e-01 -2.576406002044677734e-01 6.548376083374023438e-01 -5.679840687662363052e-03 1.054979786276817322e-01 -3.475697636604309082e-01 -3.350692689418792725e-01 -1.228787377476692200e-02 -1.061225086450576782e-01 4.818761348724365234e-01 -3.122729361057281494e-01 1.370686292648315430e-01 8.095247745513916016e-01 -1.484255343675613403e-01 1.107556343078613281e+00 6.744146943092346191e-01 2.703792452812194824e-01 -1.448906511068344116e-01 -3.477413952350616455e-02 8.164436817169189453e-01 2.364162653684616089e-01 2.290508300065994263e-01 -2.127936482429504395e-01 4.216251373291015625e-01 -2.020761221647262573e-01 -7.170206308364868164e-01 4.413391649723052979e-01 3.229317963123321533e-01 -5.574752092361450195e-01 6.805240642279386520e-03 7.377331852912902832e-01 -2.468219399452209473e-02 -3.524061739444732666e-01 -2.436969578266143799e-01 -7.337342947721481323e-02
3.696207404136657715e-01 -6.331257224082946777e-01 4.053024053573608398e-01 1.779502034187316895e-01 -7.296949625015258789e-03 -7.984296083450317383e-01 -7.137617468833923340e-01 -5.178265571594238281e-01 -6.979489326477050781e-01 -4.248941540718078613e-01 -8.777955546975135803e-03 -6.116513013839721680e-01 -7.858004420995712280e-02 -3.909506201744079590e-01 3.104891777038574219e-01 -5.096264481544494629e-01 -5.349162220954895020e-01 -7.990346550941467285e-01 1.395092606544494629e-01 -2.473220415413379669e-02 6.717633008956909180e-01 1.124862790107727051e+00 -1.928567700088024139e-02 1.441820561885833740e-01 -3.101224303245544434e-01 4.655435979366302490e-01 4.476496949791908264e-02 -2.268123328685760498e-01 1.621051877737045288e-01 3.085579574108123779e-01 -6.428992748260498047e-01 5.403966307640075684e-01 -2.386584281921386719e-01 2.825959920883178711e-01 -2.719132304191589355e-01 -8.400622010231018066e-01 7.131782174110412598e-01 -5.414662361145019531e-01 3.777962327003479004e-01 -2.569935917854309082e-01 -3.426455333828926086e-02 2.275156825780868530e-01 -5.710188150405883789e-01 3.304579555988311768e-01 1.235637545585632324e+00 7.178627699613571167e-02 1.525481194257736206e-01 -2.969848513603210449e-01 1.001048445701599121e+00 4.140006601810455322e-01 1.194768249988555908e-01 -3.732833564281463623e-01 2.568345963954925537e-01 -4.419685304164886475e-01 -2.503825724124908447e-01 -1.011843904852867126e-01 -4.566495120525360107e-02 -4.646711349487304688e-01 1.447227448225021362e-01 1.024807691574096680e+00 -1.784884743392467499e-02 -2.117964327335357666e-01 1.081214919686317444e-01 -4.399303793907165527e-01
2.457060813903808594e-01 6.334012001752853394e-02 5.321828722953796387e-01 6.012551188468933105e-01 -3.012617230415344238e-01 4.501615464687347412e-02 6.438999772071838379e-01 4.399425685405731201e-01 -3.393839895725250244e-01 -6.653259992599487305e-01 1.439436823129653931e-01 -3.787434101104736328e-01 -8.204235434532165527e-01 -1.917319595813751221e-01 5.509212017059326172e-01 3.864784836769104004e-01 1.838506907224655151e-01 -6.952623724937438965e-01 4.679155051708221436e-01 6.051881909370422363e-01 1.800395250320434570e-01 1.136571884155273438e+00 5.207257270812988281e-01 -2.991468310356140137e-01 -2.533518150448799133e-02 3.595922589302062988e-01 2.459359355270862579e-03 -1.929853707551956177e-01 -3.079420030117034912e-01 4.283248782157897949e-01 6.657368540763854980e-01 3.415526747703552246e-01 1.315158605575561523e-01 -2.841329872608184814e-01 8.138742297887802124e-02 4.675407111644744873e-01 1.241218596696853638e-01 7.155889868736267090e-01 -2.345985770225524902e-01 2.225457876920700073e-01 -1.568350344896316528e-01 6.300601363182067871e-02 -2.983890473842620850e-01 4.588198065757751465e-01 1.579009592533111572e-01 -1.048174142837524414e+00 5.268040299415588379e-01 7.895829677581787109e-01 4.648109674453735352e-01 -6.299884617328643799e-02 1.038332954049110413e-01 3.078214824199676514e-01 1.584392637014389038e-01 1.019365787506103516e-01 6.393112540245056152e-01 -7.437877058982849121e-01 -2.389582991600036621e-01 -6.241199374198913574e-01 -5.880450084805488586e-02 4.666779637336730957e-01 -8.349746465682983398e-01 -1.464969478547573090e-02 -2.278454899787902832e-01 -7.035320252180099487e-02
-1.123414710164070129e-01 -3.597460985183715820e-01 -2.617438137531280518e-01 -1.309143006801605225e-01 4.086498320102691650e-01 -6.116657257080078125e-01 -5.232991576194763184e-01 5.105772614479064941e-01 -3.676229342818260193e-02 -9.737406969070434570e-01 -2.676459848880767822e-01 -8.673732876777648926e-01 -4.283753931522369385e-01 -2.966785728931427002e-01 1.953070983290672302e-02 5.101051181554794312e-02 -4.503061771392822266e-01 -5.822750329971313477e-01 3.161666542291641235e-02 3.482181131839752197e-01 -3.238670900464057922e-02 7.527465224266052246e-01 -5.578012764453887939e-02 -3.154950737953186035e-01 -4.874964058399200439e-01 2.680911421775817871e-01 -9.861201047897338867e-02 -5.501976013183593750e-01 2.632999122142791748e-01 -1.298001557588577271e-01 -1.093957666307687759e-02 3.502403795719146729e-01 -2.174528986215591431e-01 1.066359132528305054e-02 -7.575629353523254395e-01 -1.536986827850341797e-01 4.653324782848358154e-01 -3.173981308937072754e-01 3.585788607597351074e-01 -5.239132642745971680e-01 1.122044995427131653e-01 -2.518123686313629150e-01 -4.301376640796661377e-02 1.562128365039825439e-01 8.498296737670898438e-01 4.571923986077308655e-02 1.606626957654953003e-01 -5.031514763832092285e-01 4.042885899543762207e-01 7.471724152565002441e-01 -1.390656083822250366e-01 -4.318104982376098633e-01 1.724086254835128784e-01 4.489898383617401123e-01 3.977875709533691406e-01 -2.224047333002090454e-01 -7.493174672126770020e-01 -1.802861690521240234e-01 -3.440845906734466553e-01 8.865286111831665039e-01 -2.244775593280792236e-01 -1.286809146404266357e-01 4.689047038555145264e-01 6.228590384125709534e-02
7.473956346511840820e-01 -6.957297921180725098e-01 1.742590963840484619e-02 -2.537860870361328125e-01 3.869906504405662417e-05 -2.095936089754104614e-01 1.432056631892919540e-02 -1.536722928285598755e-01 -7.389982342720031738e-01 6.799554824829101562e-02 6.216830611228942871e-01 -1.284873604774475098e+00 -4.588947445154190063e-02 -8.155173063278198242e-01 5.067585110664367676e-01 -8.592386245727539062e-01 -7.400732487440109253e-02 1.131737008690834045e-01 -3.153503239154815674e-01 4.904110729694366455e-01 9.529858827590942383e-01 -1.905886083841323853e-01 1.504001468420028687e-01 2.164921909570693970e-02 -9.922865778207778931e-02 1.733652204275131226e-01 -8.101154863834381104e-02 -4.604780972003936768e-01 5.268389582633972168e-01 7.243964672088623047e-01 3.245236873626708984e-01 1.514488011598587036e-01 4.519032835960388184e-01 -4.384113252162933350e-01 3.920209407806396484e-02 -4.890256524085998535e-01 -4.830918088555335999e-02 -1.101039722561836243e-01 -2.820794880390167236e-01 -6.925679743289947510e-02 5.732160210609436035e-01 -5.293748527765274048e-02 -4.220094680786132812e-01 -3.267483785748481750e-02 5.183147192001342773e-01 -7.869111141189932823e-04 1.702229529619216919e-01 -6.094213724136352539e-01 1.521786212921142578e+00 3.206458687782287598e-01 3.901952803134918213e-01 -2.032193988561630249e-01 3.671576082706451416e-02 3.364806771278381348e-01 -7.033881545066833496e-01 -5.098140239715576172e-01 -6.734673380851745605e-01 -2.046769857406616211e-01 -2.014694511890411377e-01 3.988072574138641357e-01 -2.826352417469024658e-01 -6.262387037277221680e-01 -2.528388500213623047e-01 2.313355803489685059e-01
-7.241985201835632324e-02 -8.084079623222351074e-01 5.433121323585510254e-01 -2.018228024244308472e-01 -1.694328188896179199e-01 -5.305358171463012695e-01 1.853831857442855835e-01 -3.212977349758148193e-01 -6.214106082916259766e-01 -3.129144012928009033e-01 2.535350807011127472e-02 -1.555070132017135620e-01 -6.243086457252502441e-01 -4.730170369148254395e-01 4.069329500198364258e-01 1.147589564323425293e+00 -7.177653163671493530e-02 -2.669954895973205566e-01 -1.548469997942447662e-03 8.368737697601318359e-01 1.457597762346267700e-01 -4.454963803291320801e-01 3.511317446827888489e-02 -5.715991854667663574e-01 4.290047287940979004e-01 4.324047565460205078e-01 -2.294907718896865845e-01 2.379770725965499878e-01 3.782860338687896729e-01 -1.400506198406219482e-01 5.059476494789123535e-01 6.172737479209899902e-01 -7.992363572120666504e-01 -7.704899311065673828e-01 3.159582614898681641e-01 -2.866501212120056152e-01 -3.431580960750579834e-01 7.068297360092401505e-03 6.736782789230346680e-01 2.347453981637954712e-01 5.261637568473815918e-01 -3.735043704509735107e-01 -3.207558020949363708e-02 7.886372804641723633e-01 7.712766528129577637e-01 -6.319268941879272461e-01 -1.340077966451644897e-01 -9.202676415443420410e-01 1.352526903152465820e+00 -9.633713364601135254e-01 5.492339730262756348e-01 3.232894698157906532e-03 4.124150872230529785e-01 -5.185490846633911133e-01 -3.616899996995925903e-02 -6.122742965817451477e-02 3.591232001781463623e-01 -3.770743906497955322e-01 -4.825420379638671875e-01 -5.575940757989883423e-02 -4.166639596223831177e-02 6.295792758464813232e-02 1.947343498468399048e-01 -6.596789956092834473e-01
1.026189401745796204e-01 -7.663779705762863159e-02 4.806672334671020508e-01 2.968426644802093506e-01 1.081414669752120972e-01 -8.813635110855102539e-01 3.299609124660491943e-01 -3.200864493846893311e-01 -1.412195444107055664e+00 -6.680688261985778809e-01 1.024331927299499512e+00 -2.848174273967742920e-01 -8.453890681266784668e-01 -7.331815361976623535e-01 -3.425047034397721291e-03 4.181196987628936768e-01 5.536459684371948242e-01 3.436711132526397705e-01 2.551419436931610107e-01 6.027086377143859863e-01 -2.070804871618747711e-02 -2.082107514142990112e-01 3.176589682698249817e-02 -3.881320729851722717e-02 9.849442243576049805e-01 6.444471478462219238e-01 -4.051685035228729248e-01 -6.948592066764831543e-01 7.343567907810211182e-02 -3.646124005317687988e-01 1.912426948547363281e-01 5.863090753555297852e-01 3.154578432440757751e-02 -2.782644927501678467e-01 -6.835494637489318848e-01 2.456741482019424438e-01 3.767016902565956116e-02 1.118904054164886475e-01 6.224045529961585999e-02 -1.324521005153656006e-02 6.470552086830139160e-02 4.542879164218902588e-01 5.072779655456542969e-01 7.698292136192321777e-01 2.768857181072235107e-01 3.876608610153198242e-01 2.839560806751251221e-01 -6.825680732727050781e-01 8.527138233184814453e-01 -1.738840639591217041e-01 1.678468286991119385e-01 -2.548188567161560059e-01 2.440342605113983154e-01 -7.799041867256164551e-01 -6.610693037509918213e-02 -1.907983571290969849e-01 1.220974922180175781e-01 4.564298689365386963e-01 -2.307728864252567291e-02 6.787879467010498047e-01 4.007186293601989746e-01 2.820353507995605469e-01 -9.835398197174072266e-01 -5.531099438667297363e-01
-2.432458102703094482e-01 -3.768059015274047852e-01 2.424651682376861572e-01 -4.191185832023620605e-01 3.896672427654266357e-01 -3.061729967594146729e-01 5.288109779357910156e-01 -1.605492681264877319e-01 -1.175357937812805176e+00 -5.677912831306457520e-01 1.064659714698791504e+00 -6.126753091812133789e-01 -8.118434548377990723e-01 -2.391036003828048706e-01 -4.819426313042640686e-02 6.346831321716308594e-01 1.628514081239700317e-01 -4.994806945323944092e-01 6.648737192153930664e-01 8.757562041282653809e-01 5.604897141456604004e-01 9.748154878616333008e-02 -2.291120886802673340e-01 -4.262109398841857910e-01 6.265688538551330566e-01 7.043743133544921875e-02 -3.820163607597351074e-01 -1.085251420736312866e-01 -3.157621324062347412e-01 -3.593239486217498779e-01 6.270300745964050293e-01 4.540341496467590332e-01 6.932129263877868652e-01 -9.823053479194641113e-01 -2.696097195148468018e-01 1.976762562990188599e-01 4.831744730472564697e-01 -1.664589196443557739e-01 -1.242341026663780212e-01 4.669729769229888916e-01 -3.954805433750152588e-02 -3.571776449680328369e-01 -9.111736901104450226e-03 1.558323055505752563e-01 -2.198099344968795776e-02 5.859256982803344727e-01 -8.013449907302856445e-01 -5.158520340919494629e-01 9.645399451255798340e-01 -2.761313617229461670e-01 6.174090504646301270e-01 2.088069468736648560e-01 7.741120457649230957e-01 2.231081128120422363e-01 2.251624502241611481e-02 9.583713114261627197e-02 2.641993761062622070e-01 7.180866599082946777e-01 -5.229479670524597168e-01 2.369591593742370605e-01 4.711378216743469238e-01 5.184546113014221191e-01 -2.913049459457397461e-01 8.886030912399291992e-01
-5.818702578544616699e-01 -5.118345022201538086e-01 2.181849330663681030e-01 5.835738405585289001e-02 1.047591790556907654e-01 2.158379107713699341e-01 -1.595945060253143311e-01 3.033459186553955078e-01 -5.754547715187072754e-01 -1.263028085231781006e-01 2.539905607700347900e-01 -2.347779273986816406e-01 -4.981040954589843750e-01 -2.079331576824188232e-01 2.156654447317123413e-01 2.251603901386260986e-01 2.710968852043151855e-01 -2.195506393909454346e-01 3.979144394397735596e-01 1.120778322219848633e+00 3.866324424743652344e-01 -1.694069206714630127e-01 4.997995197772979736e-01 -5.094163417816162109e-01 3.334604203701019287e-01 -2.611845917999744415e-02 2.140889167785644531e-01 -3.787552118301391602e-01 4.408208727836608887e-01 3.230377733707427979e-01 1.298085153102874756e-01 4.705283641815185547e-01 1.674056351184844971e-01 -4.494002461433410645e-01 -5.108037590980529785e-01 -3.819595277309417725e-01 -1.557265371084213257e-01 -2.343503236770629883e-01 5.878052711486816406e-01 -9.740808047354221344e-03 2.651687860488891602e-01 -3.609319403767585754e-02 3.191654980182647705e-01 3.359390795230865479e-01 9.857470542192459106e-02 -4.883784651756286621e-01 -4.547468125820159912e-01 -6.922681927680969238e-01 7.125527858734130859e-01 -1.459099054336547852e-01 1.255797892808914185e-01 -5.064725279808044434e-01 1.427968502044677734e+00 1.456368118524551392e-01 1.085492596030235291e-01 -1.106333583593368530e-01 1.164013519883155823e-01 1.107960939407348633e+00 -4.537228047847747803e-01 5.764498710632324219e-01 1.237685754895210266e-01 -3.127310276031494141e-01 -8.571286201477050781e-01 -5.163310170173645020e-01
-4.775700569152832031e-01 -4.778260886669158936e-01 2.160290330648422241e-01 -4.653907939791679382e-02 2.840295061469078064e-02 1.084341555833816528e-01 -5.645030736923217773e-02 5.214815139770507812e-01 -4.894154965877532959e-01 3.042249940335750580e-03 2.738037109375000000e-01 -1.138804554939270020e-01 -3.152274489402770996e-01 -3.349571526050567627e-01 2.985017001628875732e-01 2.226820737123489380e-01 1.530220806598663330e-01 -2.297400832176208496e-01 5.252348184585571289e-01 9.626214504241943359e-01 9.090374410152435303e-02 -3.939351141452789307e-01 3.539803326129913330e-01 -5.241400599479675293e-01 2.260870188474655151e-01 1.320317536592483521e-01 -3.280277550220489502e-02 -5.146543979644775391e-01 4.392414987087249756e-01 1.803499609231948853e-01 1.960218697786331177e-01 4.120846092700958252e-01 3.643462061882019043e-02 -6.350072026252746582e-01 -4.264965355396270752e-01 -4.655893445014953613e-01 -9.145177155733108521e-02 -3.123520910739898682e-01 4.124841988086700439e-01 -3.119820058345794678e-01 1.749117821455001831e-01 2.749218642711639404e-01 2.393267452716827393e-01 1.676601357758045197e-03 2.170230746269226074e-01 -4.792505502700805664e-01 -4.194914102554321289e-01 -6.725308895111083984e-01 6.843741536140441895e-01 3.584646433591842651e-02 1.730761528015136719e-01 -7.249437570571899414e-01 1.225857615470886230e+00 9.136833250522613525e-02 -1.683218330144882202e-01 -1.088785827159881592e-01 -1.252865493297576904e-01 1.047765254974365234e+00 -3.879136443138122559e-01 4.487208724021911621e-01 -8.777457475662231445e-02 2.369489893317222595e-02 -7.467979788780212402e-01 -3.727571666240692139e-01
4.449021816253662109e-01 -9.009648561477661133e-01 1.937983930110931396e-01 -2.221896499395370483e-01 2.164292335510253906e-01 -3.379781246185302734e-01 5.638095363974571228e-02 3.280892372131347656e-01 -6.405925154685974121e-01 1.859783083200454712e-01 8.394725918769836426e-01 -1.448346734046936035e+00 -8.945539593696594238e-02 -7.957276105880737305e-01 4.346884787082672119e-01 -7.710958719253540039e-01 2.221860364079475403e-02 8.852787315845489502e-02 -1.328985691070556641e-01 2.403029352426528931e-01 1.220634818077087402e+00 -1.200006082653999329e-01 1.765050739049911499e-01 1.542761772871017456e-01 -3.012871928513050079e-02 3.956140205264091492e-02 9.429453313350677490e-02 -2.088910490274429321e-01 5.659993290901184082e-01 7.737770676612854004e-01 2.571590431034564972e-02 2.951688170433044434e-01 5.481434464454650879e-01 -4.930469989776611328e-01 -1.312774270772933960e-01 -5.902659296989440918e-01 -6.711882352828979492e-02 -3.648916184902191162e-01 -1.070701330900192261e-01 -2.634321525692939758e-02 4.624356925487518311e-01 -1.289623230695724487e-01 -3.657430708408355713e-01 1.057856678962707520e-01 7.431281208992004395e-01 6.254283338785171509e-02 -5.060900375247001648e-02 -5.498490333557128906e-01 1.351117610931396484e+00 1.656426191329956055e-01 4.270531237125396729e-01 -2.484771460294723511e-01 -2.470802217721939087e-01 3.965617716312408447e-01 -5.088497400283813477e-01 -6.347047090530395508e-01 -6.149968504905700684e-01 -2.548348009586334229e-01 -4.144128561019897461e-01 5.678994655609130859e-01 -2.070295810699462891e-01 -4.642206132411956787e-01 -2.868192493915557861e-01 -1.197683252394199371e-02
-1.491990238428115845e-01 -2.720161080360412598e-01 -4.822809249162673950e-02 -4.073336720466613770e-01 2.306987643241882324e-01 -4.064982831478118896e-01 6.083070039749145508e-01 -1.107243262231349945e-02 -7.870244979858398438e-01 -7.424131035804748535e-01 1.153509259223937988e+00 -7.103337049484252930e-01 -7.551711201667785645e-01 7.100885361433029175e-02 4.308427870273590088e-02 7.473351359367370605e-01 -4.891166090965270996e-01 -7.479842901229858398e-01 3.400169909000396729e-01 1.238462805747985840e+00 6.757603883743286133e-01 4.785441607236862183e-02 -3.896392881870269775e-01 -3.285017907619476318e-01 6.954457759857177734e-01 -2.899514138698577881e-01 -1.341467648744583130e-01 1.097630858421325684e-01 9.036909043788909912e-02 -4.876284301280975342e-01 2.257395982742309570e-01 5.565453767776489258e-01 4.059834480285644531e-01 -6.790816187858581543e-01 -1.187497377395629883e-01 6.291224360466003418e-01 8.240031599998474121e-01 -2.939264178276062012e-01 -3.660269677639007568e-01 -8.175234496593475342e-02 1.173937544226646423e-01 -2.795392870903015137e-01 2.533758878707885742e-01 4.807313680648803711e-01 -1.054172590374946594e-01 6.532827764749526978e-02 -4.307917654514312744e-01 -6.528894901275634766e-01 9.453625679016113281e-01 -1.007842645049095154e-01 5.418439507484436035e-01 2.779138088226318359e-01 1.008489847183227539e+00 2.555967867374420166e-01 -2.108792364597320557e-01 -2.799114882946014404e-01 8.194099664688110352e-01 1.883869469165802002e-01 -4.559614658355712891e-01 2.306400686502456665e-01 -3.415166959166526794e-02 2.723608016967773438e-01 1.372622102499008179e-01 9.188694357872009277e-01
1.339641451835632324e+00 -6.533294320106506348e-01 3.694045841693878174e-01 -7.537010908126831055e-01 -3.488457798957824707e-01 -1.029032841324806213e-01 4.331100881099700928e-01 -2.942152619361877441e-01 -8.037732839584350586e-01 -9.311513602733612061e-02 5.271546244621276855e-01 -5.516718029975891113e-01 -4.086598157882690430e-01 -8.689101338386535645e-01 -6.044982001185417175e-02 1.302666664123535156e+00 3.166754245758056641e-01 -5.434746146202087402e-01 -1.976607292890548706e-01 5.667117238044738770e-01 7.667598128318786621e-01 5.284867882728576660e-01 3.066334426403045654e-01 -4.702907204627990723e-01 -2.843986824154853821e-02 -4.386736452579498291e-01 -8.149873465299606323e-02 -1.779578030109405518e-01 1.363351702690124512e+00 6.182067990303039551e-01 -3.450992405414581299e-01 -2.364310435950756073e-03 -9.282138943672180176e-02 -5.761387944221496582e-01 -4.944154322147369385e-01 1.447535753250122070e-01 2.157587110996246338e-01 -9.046589732170104980e-01 -4.952608346939086914e-01 4.682353734970092773e-01 4.370623528957366943e-01 4.380419850349426270e-01 -4.916053712368011475e-01 1.673971861600875854e-01 -8.347757458686828613e-01 -4.571005329489707947e-02 1.044486761093139648e-01 -7.660269141197204590e-01 6.933826804161071777e-01 1.001415625214576721e-01 -1.862294077873229980e-01 -1.903921514749526978e-01 1.258808374404907227e+00 -3.473027348518371582e-01 -6.657025218009948730e-02 -5.394483804702758789e-01 -3.133597970008850098e-02 -2.026479244232177734e-01 -6.868435144424438477e-01 -6.003052741289138794e-02 -4.299345314502716064e-01 -2.467752844095230103e-01 -9.636389464139938354e-02 -2.470437735319137573e-01
1.741241849958896637e-02 -1.996063888072967529e-01 -3.026342391967773438e-01 3.646457791328430176e-01 -1.342414170503616333e-01 -7.195573449134826660e-01 5.545138567686080933e-02 3.944058716297149658e-01 -3.568527698516845703e-01 -9.625843763351440430e-01 3.712421357631683350e-01 -7.616999149322509766e-01 -6.363039016723632812e-01 -8.176933526992797852e-01 5.855841636657714844e-01 2.153142839670181274e-01 5.781667828559875488e-01 1.400647163391113281e-01 1.276584863662719727e-01 4.533872306346893311e-01 -6.156293302774429321e-02 -5.266740918159484863e-01 3.300473093986511230e-01 -3.822822123765945435e-02 2.823934853076934814e-01 2.203015238046646118e-01 -3.374227881431579590e-02 -8.857975602149963379e-01 3.906008005142211914e-01 -5.416683852672576904e-03 1.271854639053344727e-01 2.807545363903045654e-01 -1.034837588667869568e-01 -7.274872064590454102e-01 -3.132377862930297852e-01 -9.227789193391799927e-02 -8.897680044174194336e-02 3.176669776439666748e-02 1.098918765783309937e-01 4.104655385017395020e-01 1.072429567575454712e-01 1.924496442079544067e-01 8.126012049615383148e-03 2.985711991786956787e-01 6.089234948158264160e-01 5.358529090881347656e-02 1.301108151674270630e-01 -9.453793168067932129e-01 3.137958645820617676e-01 1.512681841850280762e-01 -1.852109134197235107e-01 -2.590021193027496338e-01 5.618293881416320801e-01 -1.115637719631195068e-01 -1.776505410671234131e-01 1.858507990837097168e-01 3.153850436210632324e-01 6.323892474174499512e-01 -1.079651433974504471e-02 9.918281435966491699e-01 7.833853363990783691e-01 4.165385663509368896e-01 -8.242908120155334473e-01 -2.216206490993499756e-01
-1.717056483030319214e-01 -9.021499156951904297e-01 4.778532087802886963e-01 -1.085606664419174194e-01 -1.287294477224349976e-01 -4.286315143108367920e-01 1.137792840600013733e-01 -2.823430895805358887e-01 -7.814579606056213379e-01 -4.792752563953399658e-01 1.727081239223480225e-01 -1.144189238548278809e-01 -4.705470204353332520e-01 -6.818391084671020508e-01 1.820779033005237579e-02 1.090328454971313477e+00 2.047805488109588623e-01 -3.497589826583862305e-01 -1.206269562244415283e-01 8.901106715202331543e-01 2.078978866338729858e-01 -2.468028068542480469e-01 -4.744408652186393738e-02 -7.822479605674743652e-01 4.962996840476989746e-01 2.953518629074096680e-01 -3.376722335815429688e-01 2.268573194742202759e-01 2.593785226345062256e-01 1.578599512577056885e-01 5.583232045173645020e-01 2.779615223407745361e-01 -7.371730208396911621e-01 -5.825240612030029297e-01 2.982057332992553711e-01 -1.211265400052070618e-01 -4.055667519569396973e-01 -6.729226559400558472e-02 6.089190840721130371e-01 -3.261898085474967957e-02 6.552208662033081055e-01 -4.195597469806671143e-01 -4.359481334686279297e-01 7.120046019554138184e-01 7.584378123283386230e-01 -4.281479716300964355e-01 -1.681156605482101440e-01 -7.497238516807556152e-01 1.450702667236328125e+00 -8.392972350120544434e-01 6.698500514030456543e-01 1.335916947573423386e-02 2.501618564128875732e-01 -3.266181051731109619e-01 1.069932058453559875e-01 1.325550824403762817e-01 4.771957993507385254e-01 -5.578334331512451172e-01 -3.323184251785278320e-01 -2.843345142900943756e-02 -2.748819068074226379e-02 -8.626329153776168823e-02 -6.306774169206619263e-02 -6.478009223937988281e-01
-1.180765181779861450e-01 -8.866022825241088867e-01 3.975496590137481689e-01 -1.034638285636901855e+00 4.097383022308349609e-01 6.978988647460937500e-02 -2.284213900566101074e-01 4.901955835521221161e-03 -8.608831167221069336e-01 -1.390191763639450073e-01 7.836484909057617188e-01 -4.046744406223297119e-01 -4.391760230064392090e-01 -3.260337710380554199e-01 5.024501085281372070e-01 3.126024454832077026e-02 1.510197222232818604e-01 5.163918137550354004e-01 8.646877110004425049e-02 8.453851342201232910e-01 1.719930395483970642e-02 -1.216703504323959351e-01 8.394077420234680176e-01 -1.585415899753570557e-01 3.473307788372039795e-01 -3.876376897096633911e-02 6.885402202606201172e-01 -2.300203889608383179e-01 8.776302933692932129e-01 6.402370929718017578e-01 -2.038196176290512085e-01 3.961549401283264160e-01 -6.287620067596435547e-01 -8.582268357276916504e-01 -1.094201654195785522e-01 1.055860042572021484e+00 2.721069455146789551e-01 -5.150405764579772949e-01 -3.021904081106185913e-02 4.034024477005004883e-01 9.378656148910522461e-01 -4.130569100379943848e-01 -5.403485894203186035e-01 -7.523894309997558594e-02 7.167137414216995239e-02 -1.992504894733428955e-01 -7.896835803985595703e-01 -1.144140720367431641e+00 2.440763860940933228e-01 7.459121346473693848e-01 -2.169487178325653076e-01 1.945320665836334229e-01 5.791964530944824219e-01 2.822193205356597900e-01 -2.511724233627319336e-01 -6.878983378410339355e-01 -3.341114819049835205e-01 -2.781435251235961914e-01 6.592968851327896118e-02 4.654699265956878662e-01 -5.777707695960998535e-01 7.711257785558700562e-02 -1.922893673181533813e-01 -8.032247424125671387e-01
-3.432208299636840820e-02 -9.191638231277465820e-02 -2.828212380409240723e-01 -3.832790255546569824e-01 4.855572059750556946e-02 2.626375257968902588e-01 5.269133448600769043e-01 -9.598346799612045288e-02 -8.762748837471008301e-01 9.073451906442642212e-02 7.901269793510437012e-01 -6.439294815063476562e-01 -4.670166075229644775e-01 -4.222647845745086670e-01 5.779831111431121826e-02 2.441000193357467651e-01 1.233793571591377258e-01 -1.513890326023101807e-01 -7.812309265136718750e-02 4.580930173397064209e-01 9.935595393180847168e-01 -5.849040746688842773e-01 1.582667529582977295e-01 -3.402949571609497070e-01 -1.413661390542984009e-01 -1.124492064118385315e-01 -1.691477447748184204e-01 -6.789149343967437744e-02 5.976747274398803711e-01 -1.567068994045257568e-01 1.489805281162261963e-01 -4.211291298270225525e-02 -5.005320310592651367e-01 -1.780333667993545532e-01 -5.963683724403381348e-01 -2.120658904314041138e-01 -8.485668897628784180e-02 -2.392870932817459106e-01 -2.686012983322143555e-01 -1.214065700769424438e-01 -3.950789272785186768e-01 7.615921497344970703e-01 -8.830834031105041504e-01 3.131105899810791016e-01 2.783176898956298828e-01 2.512555336579680443e-03 3.697274923324584961e-01 -1.009165763854980469e+00 6.341717243194580078e-01 6.599342823028564453e-02 1.304527968168258667e-01 -6.770703792572021484e-01 5.093987584114074707e-01 -1.426702439785003662e-01 -1.021860986948013306e-01 -5.829897522926330566e-01 -2.796618342399597168e-01 4.770301282405853271e-01 -5.804854035377502441e-01 4.043247699737548828e-01 2.063524350523948669e-02 5.916657671332359314e-02 -3.060076534748077393e-01 -1.645440459251403809e+00
-1.594586223363876343e-01 3.980940878391265869e-01 2.693826854228973389e-01 -2.213369905948638916e-01 6.938448548316955566e-01 -4.089013040065765381e-01 -7.038549333810806274e-02 4.586307406425476074e-01 -5.737132430076599121e-01 8.864597231149673462e-02 5.710256099700927734e-01 -1.032521724700927734e+00 -6.816142201423645020e-01 -6.476650238037109375e-01 1.268548965454101562e-01 7.545632869005203247e-02 -4.484358727931976318e-01 5.322993993759155273e-01 3.101333677768707275e-01 5.664842724800109863e-01 4.927369058132171631e-01 4.607098996639251709e-01 3.600882887840270996e-01 9.978502243757247925e-02 -1.296342760324478149e-01 -2.296309219673275948e-03 3.998841717839241028e-02 -6.222315430641174316e-01 -2.488449662923812866e-01 1.086850911378860474e-01 -4.940063133835792542e-02 7.259703427553176880e-02 -1.788937002420425415e-01 -2.129597812891006470e-01 -6.881486773490905762e-01 -8.791394233703613281e-01 -1.778254657983779907e-01 2.094996571540832520e-01 -5.272989347577095032e-02 -5.226914882659912109e-01 4.965967535972595215e-01 3.283350169658660889e-01 -4.188788533210754395e-01 8.310216069221496582e-01 2.857371866703033447e-01 1.325675249099731445e-01 2.195750176906585693e-01 -9.042705297470092773e-01 -5.116970539093017578e-01 1.307231094688177109e-02 1.446871459484100342e-02 6.923314929008483887e-01 6.750654578208923340e-01 -2.151893824338912964e-01 2.169914692640304565e-01 -3.744075596332550049e-01 1.218440756201744080e-01 2.113406211137771606e-01 -5.081631541252136230e-01 6.017733812332153320e-01 -1.259632587432861328e+00 -7.061622291803359985e-02 6.131262183189392090e-01 -1.735130250453948975e-01
1.137913540005683899e-01 -3.972597122192382812e-01 -3.616097569465637207e-01 -5.346341729164123535e-01 7.489379644393920898e-01 2.881369292736053467e-01 7.289103865623474121e-01 2.121185660362243652e-01 -7.719675898551940918e-01 -1.145117878913879395e-01 4.758735299110412598e-01 -1.858429551124572754e+00 -3.376158699393272400e-02 -4.725991487503051758e-01 -5.980494990944862366e-02 -2.964750826358795166e-01 4.494910538196563721e-01 2.362316101789474487e-01 4.698268175125122070e-01 4.629307389259338379e-01 2.642546296119689941e-01 5.517149716615676880e-02 4.314271807670593262e-01 -4.658486545085906982e-01 2.291761487722396851e-01 -7.237840443849563599e-02 2.940742075443267822e-01 -4.235680997371673584e-01 5.359317064285278320e-01 3.834501206874847412e-01 3.150802254676818848e-01 -4.931818693876266479e-03 -1.577584892511367798e-01 1.920448839664459229e-01 3.846665918827056885e-01 3.114582411944866180e-02 1.797851920127868652e-01 -1.008088827133178711e+00 -3.555631339550018311e-01 -8.231020718812942505e-02 1.819577068090438843e-01 -7.742694113403558731e-03 -8.352674841880798340e-01 -2.913787662982940674e-01 6.590754389762878418e-01 -2.973426282405853271e-01 -1.152464300394058228e-01 -1.873385608196258545e-01 1.285912513732910156e+00 2.339331209659576416e-01 -8.241189271211624146e-02 -7.788670659065246582e-01 8.496662974357604980e-01 6.278223395347595215e-01 -9.433148801326751709e-02 -7.564241439104080200e-02 -4.655669629573822021e-01 -2.416635602712631226e-01 -4.160878062248229980e-01 3.572592437267303467e-01 -4.007796347141265869e-01 2.640149891376495361e-01 -2.509813606739044189e-01 -8.142537474632263184e-01
9.912230819463729858e-02 -5.417206287384033203e-01 -8.944026380777359009e-02 -7.239450216293334961e-01 -9.610833972692489624e-02 -9.438577294349670410e-01 5.385015010833740234e-01 5.373818278312683105e-01 -1.178192138671875000e+00 -1.513696312904357910e-01 3.324289023876190186e-01 -8.282736539840698242e-01 -7.580587863922119141e-01 -2.298762053251266479e-01 3.084900677204132080e-01 3.827433288097381592e-01 7.284124493598937988e-01 3.080966770648956299e-01 4.553673565387725830e-01 8.261241912841796875e-01 7.209197878837585449e-01 9.324226379394531250e-01 -4.313555732369422913e-02 -1.399126276373863220e-02 -3.266262710094451904e-01 -9.913217276334762573e-02 1.761668026447296143e-01 -8.099508285522460938e-01 9.112142026424407959e-03 3.314476013183593750e-01 4.449882805347442627e-01 -1.039048731327056885e-01 -2.831793725490570068e-01 -8.204145431518554688e-01 -3.446995615959167480e-01 -3.233327865600585938e-01 6.383646726608276367e-01 -5.999628305435180664e-01 -3.734304904937744141e-01 4.477008581161499023e-01 6.397895812988281250e-01 -2.312224954366683960e-01 2.066004127264022827e-01 2.573067881166934967e-02 3.324855864048004150e-01 1.731281429529190063e-01 4.896397516131401062e-02 -6.034165024757385254e-01 3.759009540081024170e-01 -6.981291770935058594e-01 5.956459641456604004e-01 -9.288167357444763184e-01 6.344826817512512207e-01 9.863181412220001221e-02 1.580720841884613037e-01 8.602678775787353516e-02 3.394872248172760010e-01 3.538872003555297852e-01 -7.353160381317138672e-01 -1.349007934331893921e-01 8.513787388801574707e-01 6.889079213142395020e-01 -1.006693124771118164e+00 -1.817410737276077271e-01
-3.518617898225784302e-02 -2.547610700130462646e-01 2.339171431958675385e-02 -3.638573884963989258e-01 -2.346268296241760254e-01 -3.742349743843078613e-01 3.517220318317413330e-01 3.304695785045623779e-01 -8.208997249603271484e-01 -5.574697852134704590e-01 4.138957262039184570e-01 -7.785754799842834473e-01 -6.788340806961059570e-01 -3.214544653892517090e-01 7.416756749153137207e-01 1.712240576744079590e-01 8.581537008285522461e-01 4.224929213523864746e-01 3.126299381256103516e-01 3.431144058704376221e-01 4.039762914180755615e-02 3.020902862772345543e-03 -1.390008777379989624e-01 1.163233891129493713e-01 -6.966333985328674316e-01 1.943705677986145020e-01 4.398273825645446777e-01 -5.873385667800903320e-01 2.125522643327713013e-01 4.425079226493835449e-01 4.975698590278625488e-01 3.523655235767364502e-01 -2.315069288015365601e-01 -1.006582379341125488e+00 -1.197579354047775269e-01 -6.469407677650451660e-02 1.539634466171264648e-01 -4.377519190311431885e-01 -2.333439290523529053e-01 3.533654808998107910e-01 5.160819292068481445e-01 -1.897325664758682251e-01 -1.965374499559402466e-01 -1.374236643314361572e-01 5.383490324020385742e-01 2.664314210414886475e-01 1.136905178427696228e-01 -7.788205742835998535e-01 3.914376199245452881e-01 -1.512859910726547241e-01 -1.325718164443969727e-01 -2.692950665950775146e-01 6.766712069511413574e-01 -4.927306249737739563e-02 -8.872907608747482300e-02 -2.812806367874145508e-01 2.103853672742843628e-01 3.772229850292205811e-01 -2.168605029582977295e-01 7.665922045707702637e-01 8.718917965888977051e-01 5.591669678688049316e-01 -8.694867491722106934e-01 -3.597215712070465088e-01
3.775554895401000977e-01 -2.119805365800857544e-01 -5.249840617179870605e-01 -2.630211040377616882e-02 4.044475555419921875e-01 4.044063389301300049e-01 3.236857652664184570e-01 -1.436561346054077148e-01 -8.201775550842285156e-01 -3.082421123981475830e-01 -3.156530112028121948e-02 -1.789073944091796875e+00 2.279746718704700470e-02 -8.614621758460998535e-01 -1.209849193692207336e-01 -4.183645173907279968e-02 8.931148797273635864e-02 -4.500178992748260498e-01 1.213260740041732788e-01 4.384844899177551270e-01 6.991589665412902832e-01 -2.134993299841880798e-02 6.537976861000061035e-01 -3.507609963417053223e-01 5.274365097284317017e-02 2.779074013233184814e-01 5.721311569213867188e-01 -9.469075500965118408e-02 5.297890305519104004e-01 7.864592075347900391e-01 5.012221336364746094e-01 -2.891094088554382324e-01 -2.167513668537139893e-01 9.345183148980140686e-03 9.290986508131027222e-02 8.119118958711624146e-02 2.761829793453216553e-01 -9.101883172988891602e-01 -5.416498184204101562e-01 -2.999018728733062744e-01 -5.701438710093498230e-02 2.300245314836502075e-01 -5.022090673446655273e-01 -3.101566135883331299e-01 7.286701202392578125e-01 -1.202603653073310852e-01 -3.387109339237213135e-01 -5.603130459785461426e-01 1.177028894424438477e+00 2.268468588590621948e-01 -4.122851788997650146e-01 -7.719194889068603516e-01 8.708506226539611816e-01 3.808283209800720215e-01 1.024287939071655273e-02 1.245492622256278992e-01 -6.064482778310775757e-02 -5.155882239341735840e-02 -7.724333405494689941e-01 -2.235972508788108826e-02 -7.132455706596374512e-01 -3.479417786002159119e-02 -1.172258518636226654e-02 -7.251661419868469238e-01
4.434172511100769043e-01 6.258848309516906738e-01 4.879048168659210205e-01 -2.658466100692749023e-01 3.688899278640747070e-01 -1.665073186159133911e-01 -2.831913530826568604e-01 1.874530762434005737e-01 -9.773973822593688965e-01 2.746575772762298584e-01 9.578643441200256348e-01 -1.108034014701843262e+00 5.750176310539245605e-02 7.711663842201232910e-02 5.026000738143920898e-01 8.372365683317184448e-02 -2.875783443450927734e-01 3.232720196247100830e-01 5.043401122093200684e-01 3.032940626144409180e-01 1.458390802145004272e-01 7.945259809494018555e-01 6.865355372428894043e-01 -7.182175517082214355e-01 2.811384499073028564e-01 2.883501537144184113e-02 3.354228436946868896e-01 -6.962246894836425781e-01 1.597080528736114502e-01 7.186989784240722656e-01 5.920324102044105530e-02 1.038793087005615234e+00 -3.223323076963424683e-02 -6.232538819313049316e-01 -5.230683684349060059e-01 -8.646333962678909302e-02 -8.717110753059387207e-02 3.361285030841827393e-01 -1.434174329042434692e-01 3.735399544239044189e-01 -9.607469290494918823e-02 -3.125195801258087158e-01 -3.059344291687011719e-01 1.984492987394332886e-01 3.511707112193107605e-02 -8.507036566734313965e-01 3.530404716730117798e-02 -2.798153460025787354e-01 1.557793915271759033e-01 7.729830145835876465e-01 2.953165769577026367e-01 7.825168967247009277e-02 -2.971817553043365479e-01 -1.213295936584472656e+00 -8.923823013901710510e-03 -2.446395754814147949e-01 -1.436194479465484619e-01 -8.098734617233276367e-01 -4.183228909969329834e-01 7.078404426574707031e-01 -2.913196384906768799e-01 5.031802654266357422e-01 4.391073808073997498e-02 5.825893282890319824e-01
-5.164402723312377930e-01 -3.740826249122619629e-01 -1.402497738599777222e-01 -7.965079694986343384e-02 2.599781155586242676e-01 1.350589543581008911e-01 5.265547335147857666e-02 1.414725184440612793e-01 -5.839768648147583008e-01 5.377078056335449219e-02 3.275042176246643066e-01 -4.201270639896392822e-02 -3.822997212409973145e-01 -2.496800273656845093e-01 4.125429689884185791e-01 5.690838694572448730e-01 -9.492462128400802612e-02 -6.825416535139083862e-02 4.573534727096557617e-01 1.103553414344787598e+00 2.791851758956909180e-01 -1.065645441412925720e-01 4.521155953407287598e-01 -3.412126749753952026e-02 1.679120957851409912e-01 3.751531541347503662e-01 7.739450931549072266e-01 -4.596042335033416748e-01 5.702690482139587402e-01 2.449832409620285034e-01 -2.008890956640243530e-01 5.946573019027709961e-01 6.490240246057510376e-02 -5.492150187492370605e-01 -2.608367502689361572e-01 -2.298710346221923828e-01 -3.200591206550598145e-01 -2.937885224819183350e-01 6.447846535593271255e-04 2.759580016136169434e-01 4.128479063510894775e-01 2.590830624103546143e-01 2.929477393627166748e-01 4.818197488784790039e-01 3.994662463665008545e-01 -3.661429584026336670e-01 -6.567081809043884277e-01 -6.533447504043579102e-01 7.194386124610900879e-01 -5.240166932344436646e-02 -3.868326917290687561e-02 -6.420483589172363281e-01 1.463900804519653320e+00 2.330899685621261597e-01 1.521874964237213135e-01 -2.081460058689117432e-01 2.803413011133670807e-02 1.002214550971984863e+00 -3.789583742618560791e-01 6.920629143714904785e-01 2.936408855020999908e-02 1.138048171997070312e-01 -6.951619386672973633e-01 -1.556610167026519775e-01
3.204307556152343750e-01 -1.141801252961158752e-01 7.092857360839843750e-01 2.329447865486145020e-01 -1.278595477342605591e-01 -8.085548281669616699e-01 1.093939244747161865e-01 5.209040828049182892e-03 -5.524027943611145020e-01 -4.600885510444641113e-02 5.162158608436584473e-01 -7.908687591552734375e-01 -1.121250241994857788e-01 -1.609487831592559814e-01 -2.241344600915908813e-01 -2.909984886646270752e-01 8.133210986852645874e-02 1.483749598264694214e-03 -6.272761225700378418e-01 4.786200225353240967e-01 3.989597260951995850e-01 8.699750900268554688e-01 2.731302678585052490e-01 -1.764650940895080566e-01 -8.835580945014953613e-01 4.826873540878295898e-01 -2.956415116786956787e-01 6.929424405097961426e-01 5.910725891590118408e-02 -7.352046966552734375e-01 3.578993678092956543e-01 4.689093232154846191e-01 -4.699855148792266846e-01 -3.060864210128784180e-01 -3.628251254558563232e-01 -7.763716578483581543e-01 6.362214684486389160e-01 3.549616038799285889e-01 3.143146038055419922e-01 3.303106427192687988e-01 2.969455160200595856e-02 6.124410033226013184e-01 -9.715148806571960449e-02 1.827723532915115356e-01 8.188685178756713867e-01 2.329922765493392944e-01 1.029942035675048828e-01 2.200335264205932617e-01 7.151682972908020020e-01 1.251141428947448730e+00 -2.959532439708709717e-01 1.787953227758407593e-01 8.071570992469787598e-01 3.669620752334594727e-01 -1.762686371803283691e-01 2.600429952144622803e-01 -4.475184679031372070e-01 5.694456398487091064e-02 -3.564223349094390869e-01 9.074490070343017578e-01 -6.381961107254028320e-01 -1.995972990989685059e-01 -4.856487214565277100e-01 3.256790339946746826e-01
4.814014732837677002e-01 7.890053838491439819e-02 7.370358109474182129e-01 -4.345831871032714844e-01 2.689791619777679443e-01 4.931257665157318115e-01 -5.790541172027587891e-01 2.374461740255355835e-01 -7.855007648468017578e-01 1.709123402833938599e-01 4.151488542556762695e-01 -4.939041733741760254e-01 3.350734710693359375e-01 -2.782438099384307861e-01 9.772414565086364746e-01 5.220768451690673828e-01 2.923417389392852783e-01 -4.772295057773590088e-01 1.018464684486389160e+00 4.783609509468078613e-01 -1.763805747032165527e-01 6.365607976913452148e-01 5.003404021263122559e-01 -4.993076324462890625e-01 -4.048205614089965820e-01 5.181497335433959961e-01 2.097199112176895142e-01 -1.992493122816085815e-01 -1.497250348329544067e-01 -8.126365393400192261e-02 3.284562528133392334e-01 1.888845711946487427e-01 3.749170340597629547e-03 -3.503538668155670166e-01 -9.797181487083435059e-01 -2.606888413429260254e-01 -1.140183061361312866e-01 1.491527706384658813e-01 -6.934660077095031738e-01 -1.071630790829658508e-01 -1.007102489471435547e+00 -5.000302568078041077e-02 -1.616310030221939087e-01 3.659193515777587891e-01 5.942453444004058838e-02 -5.638564229011535645e-01 -3.341218233108520508e-01 -6.688306927680969238e-01 -2.236531525850296021e-01 3.436577618122100830e-01 4.461565613746643066e-02 2.776585519313812256e-01 4.186987876892089844e-01 -9.019496440887451172e-01 1.081328094005584717e-01 2.803735733032226562e-01 2.685727775096893311e-01 -9.380937814712524414e-01 -5.159807801246643066e-01 2.878355383872985840e-01 7.991746813058853149e-02 -7.605980336666107178e-02 4.841929078102111816e-01 5.429978370666503906e-01
-2.601444348692893982e-02 -1.034408926963806152e+00 5.074738264083862305e-01 2.079676389694213867e-01 -5.454074144363403320e-01 -1.916505545377731323e-01 -3.701778054237365723e-01 -9.106686711311340332e-02 -7.687405943870544434e-01 -8.862645030021667480e-01 -1.713474467396736145e-02 -6.692449450492858887e-01 7.382956892251968384e-02 -2.350172847509384155e-01 5.413101315498352051e-01 6.740762591361999512e-01 -5.050044655799865723e-01 2.745150923728942871e-01 8.395493030548095703e-02 1.481075137853622437e-01 2.168107032775878906e-01 6.115778684616088867e-01 -2.218268960714340210e-01 -1.699879616498947144e-01 4.726504683494567871e-01 2.055800408124923706e-01 7.255273312330245972e-02 3.632794022560119629e-01 4.754393696784973145e-01 1.181350126862525940e-01 -1.307134926319122314e-01 -7.733312994241714478e-02 -9.627388417720794678e-02 -2.356678545475006104e-01 3.675132095813751221e-01 2.309451550245285034e-01 3.286989629268646240e-01 8.401368856430053711e-01 -2.596889436244964600e-01 -8.722357749938964844e-01 -1.201860457658767700e-01 -5.486594438552856445e-01 -2.497191876173019409e-01 3.606222271919250488e-01 3.871729969978332520e-01 -8.758092671632766724e-02 1.505657881498336792e-01 -6.155282258987426758e-01 8.158905506134033203e-01 1.198062062263488770e+00 5.338510125875473022e-02 -4.596417546272277832e-01 1.423647105693817139e-01 5.100710391998291016e-01 8.229332566261291504e-01 -9.210703969001770020e-01 -2.573266327381134033e-01 1.010796353220939636e-01 -9.818949103355407715e-01 5.947664380073547363e-01 -4.197542965412139893e-01 4.860266745090484619e-01 -1.681752055883407593e-01 -1.802553385496139526e-01
8.659278750419616699e-01 1.900169625878334045e-02 2.413411587476730347e-01 -9.040338546037673950e-02 1.171317994594573975e-01 -6.164197325706481934e-01 -9.058083295822143555e-01 -4.926435649394989014e-01 -1.321068644523620605e+00 -1.019079759716987610e-01 6.406142115592956543e-01 -1.816404014825820923e-01 6.542286276817321777e-01 -2.116443961858749390e-01 8.940792083740234375e-01 7.233966886997222900e-02 3.743236660957336426e-01 -2.545623183250427246e-01 -2.262175530195236206e-01 5.527350902557373047e-01 5.861556529998779297e-01 1.352322816848754883e+00 9.718262553215026855e-01 -7.151228189468383789e-01 2.132884860038757324e-01 4.821049869060516357e-01 4.329937100410461426e-01 -1.525096744298934937e-01 -2.470241636037826538e-01 2.606642665341496468e-03 9.858451783657073975e-02 3.026747405529022217e-01 -5.610585957765579224e-02 5.850881338119506836e-02 -5.072274208068847656e-01 -9.287725090980529785e-01 1.249148026108741760e-01 3.103296756744384766e-01 5.370023250579833984e-01 1.620986461639404297e-01 3.009750843048095703e-01 2.864213287830352783e-01 -1.359769515693187714e-02 9.976019263267517090e-01 4.072131216526031494e-01 -2.038484066724777222e-01 -1.944708377122879028e-01 -2.157315425574779510e-02 9.273459315299987793e-01 7.925264537334442139e-02 1.936538815498352051e-01 2.450102865695953369e-01 1.133342504501342773e+00 -1.128459721803665161e-01 -5.428209304809570312e-01 5.444042086601257324e-01 1.844759136438369751e-01 -8.031207323074340820e-01 1.826017051935195923e-01 2.542896270751953125e-01 -1.444924175739288330e-01 -3.480986654758453369e-01 -3.893852531909942627e-01 9.103229641914367676e-02
6.667354702949523926e-01 -1.995154172182083130e-01 9.334406852722167969e-01 4.301299750804901123e-01 1.817538589239120483e-01 -1.026977181434631348e+00 -6.367608904838562012e-02 -2.244247496128082275e-01 -6.706847548484802246e-01 5.906890705227851868e-02 5.608878731727600098e-01 -1.815485954284667969e-01 -1.913473010063171387e-01 -4.010634720325469971e-01 -3.012383542954921722e-02 8.191679120063781738e-01 3.234321251511573792e-02 -5.959707498550415039e-01 1.221332073211669922e+00 5.171189457178115845e-02 2.802518904209136963e-01 5.677882432937622070e-01 3.210831284523010254e-01 -4.546612501144409180e-01 1.294944733381271362e-01 4.721168875694274902e-01 -6.453904509544372559e-01 -3.408282399177551270e-01 1.371566355228424072e-01 2.390915295109152794e-03 3.029395043849945068e-01 -3.843412697315216064e-01 -7.291297614574432373e-02 3.438730165362358093e-02 -3.993722796440124512e-02 1.052943468093872070e-01 6.015783548355102539e-01 5.446277856826782227e-01 3.800303637981414795e-01 5.928450226783752441e-01 -5.451886057853698730e-01 2.055383920669555664e-01 -4.002169370651245117e-01 3.715142905712127686e-01 2.554841935634613037e-01 -8.963481783866882324e-01 -1.006549075245857239e-01 1.533344238996505737e-01 2.786569595336914062e-01 4.731280207633972168e-01 9.421061724424362183e-03 -4.303995147347450256e-02 -2.981885671615600586e-01 7.712880969047546387e-01 7.772343754768371582e-01 -6.955339312553405762e-01 1.116323322057723999e-01 -5.292297601699829102e-01 -2.127757668495178223e-01 4.060028493404388428e-01 -1.320992261171340942e-01 -2.615437507629394531e-01 -1.415151655673980713e-01 -2.176266461610794067e-01
-8.336269110441207886e-02 -3.733221292495727539e-01 2.201676219701766968e-01 -1.532721519470214844e-01 2.929393947124481201e-01 -9.629883766174316406e-01 -4.259845018386840820e-01 4.712531566619873047e-01 2.103773802518844604e-01 -6.200915575027465820e-01 -2.100744545459747314e-01 -9.028963446617126465e-01 -9.487613439559936523e-01 -5.877378210425376892e-02 8.976839482784271240e-02 -2.321207523345947266e-02 -2.781421542167663574e-01 -6.912364363670349121e-01 -2.311265468597412109e-01 3.606008887290954590e-01 -1.885228604078292847e-01 2.010670900344848633e-01 1.108049601316452026e-01 -4.952892363071441650e-01 -2.218743264675140381e-01 6.234059929847717285e-01 1.133235543966293335e-01 -4.534411132335662842e-01 1.433945149183273315e-01 -3.976939320564270020e-01 2.450261861085891724e-01 -2.245080769062042236e-01 -1.601558327674865723e-01 -3.631205856800079346e-01 -5.862242579460144043e-01 -4.665431082248687744e-01 4.844057261943817139e-01 9.448959678411483765e-02 4.574287831783294678e-01 -3.092844188213348389e-01 9.782402217388153076e-02 -1.667626500129699707e-01 -3.371158242225646973e-01 3.347105085849761963e-01 6.987867355346679688e-01 1.320940554141998291e-01 1.469688564538955688e-01 -6.571897268295288086e-01 3.488288074731826782e-02 9.889646172523498535e-01 -4.523269087076187134e-02 -3.554359972476959229e-01 2.461329996585845947e-01 1.999887526035308838e-01 4.927809834480285645e-01 -4.451843500137329102e-01 -4.918870925903320312e-01 2.659718096256256104e-01 -3.861154317855834961e-01 8.454678058624267578e-01 -1.613267213106155396e-01 -4.198357462882995605e-01 3.819029927253723145e-01 -1.136561557650566101e-01
-9.610287100076675415e-02 8.531542122364044189e-02 -5.865934491157531738e-01 3.026410043239593506e-01 -9.509878605604171753e-02 -2.454491257667541504e-01 1.855644285678863525e-01 -1.534690707921981812e-01 -8.246628642082214355e-01 -6.124241948127746582e-01 5.001744031906127930e-01 -1.043577551841735840e+00 2.144408822059631348e-01 -6.500953435897827148e-01 2.024272233247756958e-01 7.140885591506958008e-01 -2.640980482101440430e-01 -6.187228560447692871e-01 1.849470287561416626e-02 1.133311629295349121e+00 4.850929081439971924e-01 1.048481583595275879e+00 3.299609422683715820e-01 -4.827029705047607422e-01 2.625628709793090820e-01 3.823390603065490723e-02 -4.871892929077148438e-01 -2.795751579105854034e-02 1.200296521186828613e+00 -1.835652142763137817e-01 -4.400328099727630615e-01 1.097718358039855957e+00 -6.345795840024948120e-02 3.049745261669158936e-01 -1.782281160354614258e+00 -3.801122605800628662e-01 7.864807248115539551e-01 -2.187686711549758911e-01 1.906770467758178711e-01 3.863096535205841064e-01 5.102156996726989746e-01 3.387746587395668030e-02 7.235391736030578613e-01 8.238254189491271973e-01 1.553857922554016113e+00 -4.413162469863891602e-01 -8.327683210372924805e-01 -1.216714382171630859e+00 5.025399923324584961e-01 3.557838499546051025e-02 6.960764527320861816e-01 -1.046126410365104675e-01 -8.066420257091522217e-02 5.110319852828979492e-01 3.646992444992065430e-01 -5.123035311698913574e-01 -4.625340998172760010e-01 -6.819022893905639648e-01 -2.186523675918579102e-01 1.172609448432922363e+00 -1.894878149032592773e-01 2.189952731132507324e-01 1.061933785676956177e-01 4.407062232494354248e-01
9.670789241790771484e-01 -4.311014711856842041e-01 -3.596443831920623779e-01 1.454194635152816772e-01 2.786318585276603699e-02 -7.795757055282592773e-01 -4.389230906963348389e-01 2.131393253803253174e-01 -3.361338078975677490e-01 -6.267396211624145508e-01 1.986746042966842651e-01 -7.445617914199829102e-01 1.431902647018432617e-01 -9.814046621322631836e-01 -5.924013853073120117e-01 9.722853899002075195e-01 1.034002751111984253e-01 -2.798837721347808838e-01 6.124737486243247986e-02 6.929768919944763184e-01 3.832975625991821289e-01 -1.656327992677688599e-01 6.228727698326110840e-01 -8.638478517532348633e-01 1.167002916336059570e+00 3.566639125347137451e-01 -3.044731020927429199e-01 -3.023703098297119141e-01 4.574137330055236816e-01 4.050283133983612061e-01 5.791450142860412598e-01 4.504045248031616211e-01 2.399751394987106323e-01 -5.091710686683654785e-01 -1.003981307148933411e-01 -2.121606469154357910e-01 -1.822395771741867065e-01 -9.702628850936889648e-01 -2.036681473255157471e-01 -2.423527538776397705e-01 -2.339426428079605103e-01 3.068706393241882324e-01 -7.270991206169128418e-01 2.509402930736541748e-01 1.051340699195861816e+00 1.794601082801818848e-01 -4.925349652767181396e-01 -6.270714402198791504e-01 -4.546958804130554199e-01 3.552079200744628906e-01 -1.051401615142822266e+00 2.090765982866287231e-01 1.311300754547119141e+00 -1.407318562269210815e-01 -1.565262228250503540e-01 -8.836896419525146484e-01 -3.359988033771514893e-01 -2.069131657481193542e-02 -2.839866280555725098e-01 2.660216391086578369e-01 -8.431856632232666016e-01 6.983380317687988281e-01 -6.247900724411010742e-01 5.961064100265502930e-01
4.944430887699127197e-01 -1.533665508031845093e-01 6.868595480918884277e-01 2.893150150775909424e-01 2.878091633319854736e-01 -5.696178674697875977e-01 5.930697321891784668e-01 3.501367866992950439e-01 -2.085685133934020996e-01 -1.862120032310485840e-01 5.836288332939147949e-01 -5.905551910400390625e-01 -1.146762520074844360e-01 -2.857058048248291016e-01 7.138894200325012207e-01 -6.468813121318817139e-02 -1.312391757965087891e-01 -5.408890843391418457e-01 6.714180111885070801e-02 -3.438954055309295654e-02 -4.114384353160858154e-01 6.368647329509258270e-03 -5.835751816630363464e-02 -1.108377814292907715e+00 -9.157005697488784790e-02 5.642795562744140625e-01 1.998079568147659302e-01 -3.249693196266889572e-03 6.892708539962768555e-01 8.662974834442138672e-02 2.663699686527252197e-01 3.050197660923004150e-01 5.453191697597503662e-02 2.391401976346969604e-01 -7.063583135604858398e-01 2.559356689453125000e-01 -1.851544231176376343e-01 6.458274722099304199e-01 2.584466040134429932e-01 -5.740102529525756836e-01 1.370037253946065903e-02 1.264406144618988037e-01 -2.504965364933013916e-01 1.964962035417556763e-01 6.358820796012878418e-01 -9.401758909225463867e-01 -5.333822369575500488e-01 2.228243835270404816e-02 2.271380424499511719e-01 4.249920547008514404e-01 -3.445444405078887939e-01 -2.171147167682647705e-01 4.972465038299560547e-01 1.278129965066909790e-01 3.026938140392303467e-01 -9.822935461997985840e-01 6.368955969810485840e-01 -4.146474897861480713e-01 -1.173130795359611511e-01 -2.385782748460769653e-01 -2.527674734592437744e-01 -7.032973319292068481e-02 -8.208481669425964355e-01 2.101596891880035400e-01
-1.032596230506896973e-01 -6.547799110412597656e-01 -2.488590329885482788e-01 -1.007942557334899902e+00 -2.975280284881591797e-01 -2.016179710626602173e-01 5.560054779052734375e-01 2.685161828994750977e-01 -7.927753925323486328e-01 -2.283615469932556152e-01 8.311204910278320312e-01 -6.706606745719909668e-01 -1.384061336517333984e+00 -1.715985089540481567e-01 7.856194972991943359e-01 1.020047068595886230e+00 -2.403236776590347290e-01 -1.998942643404006958e-01 1.082057952880859375e-01 5.128011107444763184e-01 6.434412002563476562e-01 6.275075078010559082e-01 2.409414201974868774e-01 -3.485405445098876953e-01 -1.908429898321628571e-02 -4.852992892265319824e-01 4.508764445781707764e-01 -4.195852279663085938e-01 9.488692879676818848e-01 5.841686725616455078e-01 -2.903064489364624023e-01 -2.466309070587158203e-01 5.494295358657836914e-01 -5.980308651924133301e-01 -1.137939244508743286e-01 3.822371959686279297e-01 9.301221370697021484e-01 3.867403790354728699e-02 2.173865586519241333e-01 -3.027161210775375366e-02 -2.986063361167907715e-01 1.303071081638336182e-01 -4.742687940597534180e-02 2.878957986831665039e-01 -2.617677152156829834e-01 -4.695309996604919434e-01 1.124167721718549728e-02 -4.757753610610961914e-01 6.695333719253540039e-01 -2.542509138584136963e-01 1.979915425181388855e-02 2.517044544219970703e-01 1.159421563148498535e+00 1.042374148964881897e-01 -3.937299847602844238e-01 -2.285278961062431335e-02 6.323892623186111450e-02 3.519738912582397461e-01 -2.275880724191665649e-01 -4.708096086978912354e-01 -3.137233257293701172e-01 3.473320901393890381e-01 5.847713351249694824e-02 -6.550412625074386597e-02
3.373388573527336121e-02 -7.861493825912475586e-01 4.787601530551910400e-01 1.493183523416519165e-01 -5.767919421195983887e-01 -1.143012344837188721e-01 -1.747883111238479614e-01 -1.351631432771682739e-01 -6.366688013076782227e-01 -8.526213765144348145e-01 -1.880799978971481323e-01 -5.448614954948425293e-01 2.465910315513610840e-01 -7.663126289844512939e-02 4.998837411403656006e-01 5.864530801773071289e-01 -4.054257869720458984e-01 3.225200772285461426e-01 2.299827486276626587e-01 2.089443206787109375e-01 4.286275804042816162e-01 5.643444657325744629e-01 -1.991613209247589111e-02 -3.256832063198089600e-01 4.030888676643371582e-01 3.597090840339660645e-01 8.296389132738113403e-02 4.469342529773712158e-01 3.994695246219635010e-01 1.765404194593429565e-01 -7.109438627958297729e-02 -1.648111194372177124e-01 -1.587407290935516357e-01 -3.983147442340850830e-01 3.736845254898071289e-01 2.670362889766693115e-01 5.294329524040222168e-01 9.728375077247619629e-01 -5.309301018714904785e-01 -8.144983053207397461e-01 -1.795309931039810181e-01 -5.513970851898193359e-01 -6.015775799751281738e-01 3.760823905467987061e-01 5.919483900070190430e-01 -6.433728337287902832e-02 1.494365632534027100e-01 -5.445123910903930664e-01 9.668771028518676758e-01 1.140441060066223145e+00 2.001330852508544922e-01 -3.385714888572692871e-01 1.441658884286880493e-01 4.554813504219055176e-01 7.839677333831787109e-01 -6.953675746917724609e-01 -4.241480827331542969e-01 2.091464586555957794e-02 -8.442423343658447266e-01 6.130429506301879883e-01 -4.135663509368896484e-01 4.920510351657867432e-01 -9.474127739667892456e-02 -2.403718382120132446e-01
6.602696776390075684e-01 2.611750960350036621e-01 9.679532647132873535e-01 -5.488258600234985352e-01 3.536430895328521729e-01 -4.042410552501678467e-01 -7.444129139184951782e-02 1.257629245519638062e-01 -6.530715227127075195e-01 -4.284272789955139160e-01 9.977869987487792969e-01 -9.916216135025024414e-01 9.499882459640502930e-01 -6.155343055725097656e-01 1.239705085754394531e+00 1.110650897026062012e-01 3.818003833293914795e-01 -5.055503845214843750e-01 3.232382535934448242e-01 6.278175711631774902e-01 8.082811236381530762e-01 1.115949988365173340e+00 8.988044857978820801e-01 -2.156213968992233276e-01 5.197171568870544434e-01 4.374842345714569092e-01 4.411158710718154907e-02 -2.080885767936706543e-01 1.480986773967742920e-01 3.167322650551795959e-02 -6.094715595245361328e-01 4.291162192821502686e-01 1.360515654087066650e-01 1.903951726853847504e-02 -4.169541299343109131e-01 -9.066703915596008301e-01 -3.668382167816162109e-01 5.146652460098266602e-01 -3.758258521556854248e-01 2.845511734485626221e-01 3.451069295406341553e-01 -1.805845499038696289e-01 4.892201423645019531e-01 8.594586253166198730e-01 9.683374315500259399e-02 -2.067377567291259766e-01 -6.642358005046844482e-02 9.603088349103927612e-02 1.061662793159484863e+00 1.598678678274154663e-01 4.022993743419647217e-01 5.683684349060058594e-01 8.271072506904602051e-01 -4.778709709644317627e-01 -5.192837119102478027e-01 2.349964082241058350e-01 2.703059017658233643e-01 -5.281434655189514160e-01 -1.995267421007156372e-01 -1.017058789730072021e-01 7.626808434724807739e-02 1.615910381078720093e-01 9.534000605344772339e-02 -3.818456828594207764e-01
3.225395679473876953e-01 -1.351061612367630005e-01 5.738256573677062988e-01 -1.927766501903533936e-01 -1.725858002901077271e-01 -3.082781136035919189e-01 -5.633683204650878906e-01 5.178377032279968262e-01 -1.033920288085937500e+00 -2.719529271125793457e-01 7.556846737861633301e-01 3.417287766933441162e-01 5.073798894882202148e-01 -4.309633672237396240e-01 4.864700138568878174e-01 1.782962121069431305e-02 9.651184827089309692e-02 9.604895859956741333e-02 4.603320360183715820e-01 1.123028397560119629e+00 4.381790757179260254e-02 6.025334596633911133e-01 1.127281114459037781e-01 -8.114302158355712891e-01 1.263654828071594238e-01 1.885763704776763916e-01 -9.139481186866760254e-02 -5.002509355545043945e-01 -1.427641063928604126e-01 -8.600258827209472656e-02 4.445905238389968872e-02 2.937368452548980713e-01 -1.133393868803977966e-01 4.506462067365646362e-02 -2.199465930461883545e-01 5.191377997398376465e-01 -2.856053113937377930e-01 6.304458379745483398e-01 2.730595767498016357e-01 1.670624017715454102e-01 -5.212661027908325195e-01 2.389412522315979004e-01 9.308386594057083130e-02 1.142564654350280762e+00 -1.756272763013839722e-01 -7.680694013833999634e-02 3.108935654163360596e-01 -1.941032558679580688e-01 2.584188878536224365e-01 7.209323346614837646e-02 4.798935055732727051e-01 7.721175998449325562e-02 5.569323897361755371e-01 -1.622228175401687622e-01 -1.157561838626861572e-01 1.849122792482376099e-01 2.835694849491119385e-01 -7.740566134452819824e-01 -2.802027761936187744e-01 1.567455530166625977e-01 -2.497992068529129028e-01 -2.343702912330627441e-01 -1.976407766342163086e-01 7.319118082523345947e-02
6.518123149871826172e-01 -2.330580204725265503e-01 8.620589375495910645e-01 4.656807184219360352e-01 -5.010408759117126465e-01 -5.918817520141601562e-01 -2.551812827587127686e-01 4.030080512166023254e-02 -1.808406040072441101e-02 -1.039086952805519104e-01 5.161563158035278320e-01 -1.914699673652648926e-01 -3.489809036254882812e-01 -6.093789935111999512e-01 -2.797563672065734863e-01 6.756596565246582031e-01 -8.648192286491394043e-01 -3.640634119510650635e-01 2.991633415222167969e-01 3.621854484081268311e-01 1.202539205551147461e-01 1.132400259375572205e-01 8.488116264343261719e-01 -3.965042531490325928e-01 7.936216592788696289e-01 3.625606894493103027e-01 -1.654095500707626343e-01 -8.787774443626403809e-01 6.516788601875305176e-01 -6.891192197799682617e-01 1.622827351093292236e-01 -3.190343976020812988e-01 9.394180029630661011e-02 -9.387426376342773438e-01 -3.963221013545989990e-01 -1.228047162294387817e-01 -1.172324195504188538e-01 5.323448777198791504e-01 -2.483928203582763672e-01 -2.359622903168201447e-02 -4.648104012012481689e-01 -1.545073986053466797e-01 -2.695955634117126465e-01 -6.557902693748474121e-01 1.295895576477050781e+00 -6.683841347694396973e-03 4.618203043937683105e-01 -3.927876353263854980e-01 5.829922556877136230e-01 5.398957133293151855e-01 -2.599833309650421143e-01 -1.769147664308547974e-01 4.720151424407958984e-01 1.957077533006668091e-01 9.905187487602233887e-01 1.469846963882446289e-01 6.488557439297437668e-03 -5.274420976638793945e-01 1.867597997188568115e-01 6.142132878303527832e-01 -3.284417688846588135e-01 -1.195432394742965698e-01 1.241653785109519958e-01 2.098763883113861084e-01
6.369497179985046387e-01 -4.853853881359100342e-01 6.372764706611633301e-01 3.418569266796112061e-01 -8.278305828571319580e-02 -3.333979845046997070e-01 2.330821454524993896e-01 5.276108384132385254e-01 -2.703653573989868164e-01 -2.204686701297760010e-01 7.568972706794738770e-01 -8.542339801788330078e-01 -1.209732890129089355e-01 -3.390921652317047119e-01 5.168589353561401367e-01 9.588260948657989502e-02 -1.306765824556350708e-01 -5.242097377777099609e-01 7.068811058998107910e-01 -2.211603373289108276e-01 -7.585595250129699707e-01 5.962694287300109863e-01 -1.564753204584121704e-01 -8.642272949218750000e-01 3.658618330955505371e-01 2.193994373083114624e-01 2.625465095043182373e-01 2.276838570833206177e-01 5.383250117301940918e-01 4.359517097473144531e-01 3.973823189735412598e-01 -2.771607935428619385e-01 1.884972304105758667e-02 4.188479781150817871e-01 -3.317215740680694580e-01 -6.544771790504455566e-02 2.678814232349395752e-01 7.074617743492126465e-01 5.449276790022850037e-02 -1.674728095531463623e-01 -3.265852928161621094e-01 2.027978003025054932e-01 -2.902738749980926514e-01 3.212006092071533203e-01 6.469721794128417969e-01 -5.090566873550415039e-01 -7.254201173782348633e-01 -5.731702223420143127e-02 -2.487091720104217529e-01 7.150435447692871094e-01 2.746051549911499023e-01 -2.229333817958831787e-01 6.956627964973449707e-01 1.000911593437194824e-01 6.767412275075912476e-02 -4.987328946590423584e-01 8.799342513084411621e-01 -5.265718102455139160e-01 1.119044423103332520e-01 -4.025570750236511230e-01 -2.110949605703353882e-01 4.305995106697082520e-01 -4.208636581897735596e-01 1.751952432096004486e-02
3.692357838153839111e-01 5.111541152000427246e-01 2.582589089870452881e-01 -3.353471755981445312e-01 2.220233082771301270e-01 -3.994934260845184326e-02 -4.564837813377380371e-01 1.582812517881393433e-01 -1.030848860740661621e+00 4.343191087245941162e-01 8.072651028633117676e-01 -1.016980886459350586e+00 -6.231874600052833557e-02 -1.084249019622802734e-01 5.709278583526611328e-01 -1.315738260746002197e-01 -3.358782231807708740e-01 5.797531828284263611e-02 6.767900586128234863e-01 2.411416471004486084e-01 2.014088481664657593e-01 8.388377428054809570e-01 6.906244158744812012e-01 -7.137614488601684570e-01 4.164869189262390137e-01 1.789596974849700928e-01 2.847423553466796875e-01 -8.039039969444274902e-01 -2.069113403558731079e-02 6.467684507369995117e-01 9.903007745742797852e-02 9.690229892730712891e-01 1.858469694852828979e-01 -5.061159133911132812e-01 -4.383108019828796387e-01 8.048714697360992432e-02 -8.841567486524581909e-02 1.296040117740631104e-01 -2.185149788856506348e-01 2.800592482089996338e-01 -2.327280491590499878e-01 -1.345546990633010864e-01 -4.196503162384033203e-01 4.225879013538360596e-01 7.551423460245132446e-02 -7.910898327827453613e-01 -7.031684368848800659e-02 -4.473184943199157715e-01 2.175850272178649902e-01 8.611754179000854492e-01 1.947583407163619995e-01 6.655971705913543701e-02 -5.304167270660400391e-01 -1.215694308280944824e+00 -2.516717277467250824e-02 -5.165801048278808594e-01 -2.564511001110076904e-01 -7.156255245208740234e-01 -5.164994001388549805e-01 8.812972307205200195e-01 -3.839096724987030029e-01 4.107563495635986328e-01 -6.530725210905075073e-02 6.942934989929199219e-01
1.776598095893859863e-01 -5.069612860679626465e-01 9.678447246551513672e-01 2.794135212898254395e-01 -1.778744310140609741e-01 -2.610795497894287109e-01 -4.187246039509773254e-02 1.509273499250411987e-01 1.071908995509147644e-01 4.608601331710815430e-02 1.301447629928588867e+00 -7.452373504638671875e-01 -6.029790043830871582e-01 -2.327390909194946289e-01 3.215264976024627686e-01 6.708871573209762573e-02 8.715853840112686157e-02 -1.228991746902465820e-01 8.165785670280456543e-01 1.318570077419281006e-01 -3.630152046680450439e-01 6.507930755615234375e-01 -2.319389432668685913e-01 -6.380695104598999023e-01 3.809983730316162109e-01 5.135878920555114746e-01 5.666076764464378357e-02 3.525633513927459717e-01 4.946677386760711670e-01 1.049265563488006592e-01 5.329236388206481934e-01 -4.242421090602874756e-01 3.643600940704345703e-01 6.048951745033264160e-01 -5.234628915786743164e-01 1.828868836164474487e-01 7.632959634065628052e-02 3.447158038616180420e-01 -3.173260986804962158e-01 -1.644385308027267456e-01 -4.761333167552947998e-01 -1.109719276428222656e-01 -6.282313168048858643e-02 1.548765599727630615e-01 8.005370497703552246e-01 -9.862980246543884277e-01 -1.424777805805206299e-01 -1.225176304578781128e-01 4.108038172125816345e-02 5.200778245925903320e-01 1.821532398462295532e-01 -6.579556465148925781e-01 4.048784673213958740e-01 -5.592326819896697998e-02 3.303123712539672852e-01 4.734239578247070312e-01 3.441837057471275330e-02 -4.233426153659820557e-01 -1.670075021684169769e-02 -9.873509407043457031e-02 -1.074253097176551819e-01 1.434110999107360840e-01 4.518742263317108154e-01 1.793437451124191284e-01
4.967536628246307373e-01 -9.463598728179931641e-01 5.424612760543823242e-01 -4.173589870333671570e-02 -3.310257792472839355e-01 -1.251539826393127441e+00 -2.544062435626983643e-01 5.207002907991409302e-02 5.267960578203201294e-02 1.335163116455078125e-01 3.324348852038383484e-02 -9.272479414939880371e-01 5.703703761100769043e-01 4.322789907455444336e-01 1.067618608474731445e+00 6.117205619812011719e-01 -4.089896380901336670e-02 -9.634234756231307983e-02 1.001536488533020020e+00 2.181257009506225586e-01 1.524105519056320190e-01 2.604929506778717041e-01 3.360551595687866211e-01 -5.162262320518493652e-01 5.569483637809753418e-01 5.042594075202941895e-01 -4.057150706648826599e-02 -6.766349077224731445e-01 -1.850289553403854370e-01 1.370161622762680054e-01 -1.118223965167999268e-01 7.663748860359191895e-01 -4.930810034275054932e-01 1.532489210367202759e-01 -2.979682087898254395e-01 -4.089269042015075684e-01 2.453863471746444702e-01 7.950471043586730957e-01 6.674226373434066772e-02 -1.130596734583377838e-02 4.951468408107757568e-01 3.050220906734466553e-01 1.046341806650161743e-01 6.751537919044494629e-01 -2.564815618097782135e-02 -2.285447120666503906e-01 -6.248747184872627258e-02 2.867033518850803375e-02 2.511500120162963867e-01 1.354959249496459961e+00 2.568745315074920654e-01 3.488888218998908997e-02 6.155370175838470459e-02 4.297040402889251709e-01 -2.906177043914794922e-01 -9.616245031356811523e-01 -1.629749983549118042e-01 1.516964584589004517e-01 3.575446009635925293e-01 6.638803333044052124e-02 -8.640950918197631836e-01 1.937771141529083252e-01 -7.796585559844970703e-01 1.138298362493515015e-01
2.401620149612426758e-02 -4.273427426815032959e-01 1.426738202571868896e-01 8.494253456592559814e-02 1.390968710184097290e-01 -1.017088651657104492e+00 -4.651434719562530518e-01 7.174701243638992310e-02 4.360359907150268555e-02 -8.525243997573852539e-01 -2.413699179887771606e-01 -9.819940328598022461e-01 -7.077164649963378906e-01 -4.702411592006683350e-01 9.742405265569686890e-03 -2.015079855918884277e-01 -7.684486508369445801e-01 -5.639591813087463379e-01 5.508497357368469238e-01 3.395300507545471191e-01 1.463171094655990601e-01 1.010952591896057129e+00 2.181521505117416382e-01 -1.230074986815452576e-01 -6.878289580345153809e-01 6.677278876304626465e-01 3.121017245575785637e-03 2.174306511878967285e-01 -6.371629238128662109e-02 1.286298334598541260e-01 -3.177544176578521729e-01 -6.751902401447296143e-02 -4.900309443473815918e-01 -1.536838114261627197e-01 -7.595980912446975708e-02 -2.318495362997055054e-01 2.464461028575897217e-01 -2.575408220291137695e-01 1.560986340045928955e-01 -3.964177146553993225e-02 -3.563066720962524414e-01 1.321476250886917114e-01 -4.269493222236633301e-01 3.866278529167175293e-01 8.427248597145080566e-01 -3.392463624477386475e-01 3.143238276243209839e-02 -8.618823289871215820e-01 1.617355197668075562e-01 7.734613418579101562e-01 -2.356917858123779297e-01 9.789845347404479980e-02 -6.067071110010147095e-02 1.896838992834091187e-01 1.198955625295639038e-01 -2.366313785314559937e-01 -2.941239774227142334e-01 1.422246918082237244e-02 -2.744063548743724823e-02 4.891742169857025146e-01 -3.009056746959686279e-01 -4.774212837219238281e-01 5.671945214271545410e-01 -1.632030010223388672e-01
4.903674423694610596e-01 -5.828257799148559570e-01 3.198707401752471924e-01 5.233235955238342285e-01 1.100194975733757019e-01 -4.624279737472534180e-01 3.246900141239166260e-01 5.094722509384155273e-01 -1.938988864421844482e-01 6.951150950044393539e-03 8.591412305831909180e-01 -4.301376342773437500e-01 9.183149039745330811e-02 -2.093022167682647705e-01 4.252829551696777344e-01 1.521818935871124268e-01 -3.907091021537780762e-01 -5.208584666252136230e-01 3.583448231220245361e-01 -2.023835182189941406e-01 -5.213354825973510742e-01 6.116030812263488770e-01 1.044848784804344177e-01 -1.024836778640747070e+00 8.577182888984680176e-02 3.077091276645660400e-01 3.269214928150177002e-01 2.819015085697174072e-01 5.998286604881286621e-01 1.211149618029594421e-01 1.922295987606048584e-01 -2.587731778621673584e-01 -3.167498111724853516e-01 2.641002237796783447e-01 -4.438847303390502930e-01 2.749401926994323730e-01 7.780125737190246582e-02 6.853930950164794922e-01 -8.778037875890731812e-02 1.907720789313316345e-02 -3.479660451412200928e-01 -6.987641751766204834e-02 -1.333521455526351929e-01 4.072193503379821777e-01 6.969559788703918457e-01 -7.165091037750244141e-01 -4.274763166904449463e-01 -1.655835509300231934e-01 -1.261099129915237427e-01 7.033935189247131348e-01 5.456724762916564941e-01 -1.455344557762145996e-01 7.676330804824829102e-01 1.026268117129802704e-02 1.338078081607818604e-01 -4.130974113941192627e-01 5.947799086570739746e-01 -8.177577853202819824e-01 2.007669396698474884e-02 -4.785462617874145508e-01 -1.724318116903305054e-01 1.984015852212905884e-01 -4.848200678825378418e-01 -1.554038673639297485e-01
2.785096168518066406e-01 -6.130623221397399902e-01 1.358446180820465088e-01 -1.213717386126518250e-01 -6.468428373336791992e-01 -1.788043230772018433e-01 -2.699794173240661621e-01 -6.333670616149902344e-01 -3.096292614936828613e-01 -5.334730148315429688e-01 -1.340242773294448853e-01 -7.570091485977172852e-01 2.006477862596511841e-01 -2.735124826431274414e-01 6.054054498672485352e-01 4.355694055557250977e-01 -8.515603095293045044e-02 2.410440891981124878e-01 4.728180766105651855e-01 2.340309172868728638e-01 4.812019467353820801e-01 4.757855534553527832e-01 -3.341315090656280518e-01 -1.951569914817810059e-01 2.136617600917816162e-01 2.383197396993637085e-01 7.270576804876327515e-02 6.377368420362472534e-02 2.238391786813735962e-01 1.826056689023971558e-01 4.032158479094505310e-02 -7.318649441003799438e-02 -1.234831884503364563e-01 -3.552399277687072754e-01 -5.517842620611190796e-02 5.368449091911315918e-01 3.287039995193481445e-01 7.835909128189086914e-01 -3.473439440131187439e-02 -8.295658230781555176e-01 -1.367264389991760254e-01 -8.895676732063293457e-01 -4.463608190417289734e-02 5.308593511581420898e-01 7.284823656082153320e-01 1.276594400405883789e-01 5.766552686691284180e-01 -5.138821601867675781e-01 9.446871280670166016e-01 1.303944587707519531e+00 -2.018010988831520081e-02 -3.709720075130462646e-01 3.222299218177795410e-01 3.759979605674743652e-01 1.129835963249206543e+00 -6.879227161407470703e-01 -5.123295187950134277e-01 5.618139635771512985e-03 -7.683427929878234863e-01 4.288617074489593506e-01 -5.389606952667236328e-01 3.769650757312774658e-01 -3.744048774242401123e-01 -3.678754866123199463e-01
2.722312510013580322e-01 -3.785336613655090332e-01 7.041150927543640137e-01 3.482870161533355713e-01 1.314607858657836914e-01 -1.904716938734054565e-01 8.792258501052856445e-01 3.857276737689971924e-01 -3.496745526790618896e-01 -5.690624117851257324e-01 4.488126039505004883e-01 -2.784378230571746826e-01 -5.365037918090820312e-01 -3.076888918876647949e-01 1.001727059483528137e-01 -3.989952430129051208e-02 1.336440891027450562e-01 -8.546003699302673340e-01 4.280623197555541992e-01 4.770360887050628662e-01 5.285809636116027832e-01 1.075233817100524902e+00 3.031096160411834717e-01 -5.444195270538330078e-01 1.036793291568756104e-01 4.871975779533386230e-01 -1.043780520558357239e-01 -8.211179077625274658e-02 -5.588039159774780273e-01 2.256713658571243286e-01 6.338385343551635742e-01 -1.431554555892944336e-01 -3.772803843021392822e-01 3.330225646495819092e-01 -4.395711421966552734e-01 4.630011916160583496e-01 -2.160892821848392487e-02 4.478793144226074219e-01 -2.975560426712036133e-01 2.153982669115066528e-01 -1.175905242562294006e-01 -1.559680998325347900e-01 -2.766129672527313232e-01 2.298151552677154541e-01 -2.270716649945825338e-04 -9.614514112472534180e-01 5.669098496437072754e-01 2.690372169017791748e-01 6.198663115501403809e-01 9.568638354539871216e-02 -3.075281083583831787e-01 2.454644143581390381e-01 1.290991455316543579e-01 1.297228932380676270e-01 8.790600299835205078e-01 -7.335141897201538086e-01 -2.395849972963333130e-01 -5.774109363555908203e-01 -1.724406927824020386e-01 6.805661916732788086e-01 -6.402267813682556152e-01 -1.999301910400390625e-01 -7.037637233734130859e-01 1.118362694978713989e-02
4.656940400600433350e-01 -1.125583767890930176e+00 7.538673877716064453e-01 3.437486290931701660e-02 -2.654281854629516602e-01 -1.346628904342651367e+00 -3.676874935626983643e-01 -6.931321322917938232e-02 6.007801368832588196e-02 2.558506429195404053e-01 2.122012078762054443e-01 -1.172573208808898926e+00 6.917022466659545898e-01 4.474380016326904297e-01 6.798915863037109375e-01 5.429375171661376953e-01 -3.035547435283660889e-01 1.385296732187271118e-01 8.555197715759277344e-01 4.071874618530273438e-01 1.829234361648559570e-01 3.760748803615570068e-01 2.311912924051284790e-01 -4.849288761615753174e-01 7.082969546318054199e-01 5.311503410339355469e-01 -2.611446082592010498e-01 -6.651334166526794434e-01 -1.061647757887840271e-01 1.503217369318008423e-01 -1.724118888378143311e-01 6.971679329872131348e-01 -5.063331723213195801e-01 2.805856242775917053e-02 -3.336258828639984131e-01 -2.347949892282485962e-01 3.574842810630798340e-01 6.022350192070007324e-01 2.125249207019805908e-01 -1.195438280701637268e-01 3.909308910369873047e-01 1.611979752779006958e-01 3.045881986618041992e-01 7.164761424064636230e-01 -1.004147343337535858e-02 -3.126817345619201660e-01 3.536426695063710213e-03 -1.097920387983322144e-01 2.952774465084075928e-01 1.129667282104492188e+00 1.866653561592102051e-01 1.043171361088752747e-01 -1.511335186660289764e-02 3.612194955348968506e-01 -9.661432355642318726e-03 -9.816499352455139160e-01 -2.583199441432952881e-01 -7.536282390356063843e-02 3.828667402267456055e-01 -1.926945745944976807e-01 -5.258608460426330566e-01 2.670851349830627441e-01 -6.853652000427246094e-01 -1.054991036653518677e-02
2.733909487724304199e-01 5.310302972793579102e-01 4.294027015566825867e-02 -2.527909278869628906e-01 9.054491668939590454e-02 -1.557688862085342407e-01 -6.735000014305114746e-01 5.011644363403320312e-01 -1.041839957237243652e+00 4.188585281372070312e-02 2.337543964385986328e-01 -3.175370395183563232e-01 4.252808094024658203e-01 -6.105362176895141602e-01 4.838989078998565674e-01 3.304642438888549805e-01 -1.631067842245101929e-01 3.980300426483154297e-01 4.714443385601043701e-01 9.260683655738830566e-01 3.514146804809570312e-01 1.086216568946838379e+00 -2.470562309026718140e-01 -7.040049433708190918e-01 4.287717938423156738e-01 3.167887330055236816e-01 -8.017478138208389282e-02 -6.844227910041809082e-01 -2.079990953207015991e-01 -6.652250140905380249e-02 -9.982784092426300049e-02 6.336581707000732422e-01 -1.178174763917922974e-01 -1.091536730527877808e-01 -7.121803760528564453e-01 2.617655396461486816e-01 -3.860049843788146973e-01 1.363003998994827271e-01 3.436892032623291016e-01 -2.992509901523590088e-01 -6.620571613311767578e-01 6.277292966842651367e-01 -1.177354529500007629e-01 8.090793490409851074e-01 -4.361269250512123108e-02 -1.165773272514343262e-01 1.750601232051849365e-01 -2.399786114692687988e-01 -1.238016933202743530e-01 2.447006702423095703e-01 5.854485630989074707e-01 -9.114759042859077454e-03 2.311901897192001343e-01 -1.025509983301162720e-01 1.336745768785476685e-01 2.437250614166259766e-01 1.777671575546264648e-01 -1.103069305419921875e+00 -5.395190715789794922e-01 1.724018752574920654e-01 -3.125266134738922119e-01 -5.402518901973962784e-03 -2.997412979602813721e-01 3.378066048026084900e-02
1.078751534223556519e-01 -5.773348733782768250e-02 8.080647587776184082e-01 3.352512717247009277e-01 -5.762533545494079590e-01 -6.924098730087280273e-01 -2.076957076787948608e-01 4.223207235336303711e-01 -9.211692027747631073e-03 1.877284944057464600e-01 8.196174502372741699e-01 -6.625573635101318359e-01 -1.092322111129760742e+00 -4.384496212005615234e-01 1.022644415497779846e-01 3.881515190005302429e-02 2.782445847988128662e-01 1.155853569507598877e-01 5.241204500198364258e-01 2.127254009246826172e-01 -9.046941995620727539e-04 1.832777708768844604e-01 -3.964309021830558777e-02 -6.249951720237731934e-01 3.903654217720031738e-01 4.333675801753997803e-01 -1.407487988471984863e-01 5.688453912734985352e-01 7.776318192481994629e-01 -1.710051596164703369e-01 4.150945246219635010e-01 1.055011004209518433e-01 1.802855581045150757e-01 4.510283470153808594e-01 -2.525585293769836426e-01 6.481433510780334473e-01 9.303684532642364502e-02 1.880942285060882568e-01 -2.829234302043914795e-01 -2.477338612079620361e-01 4.043417051434516907e-02 1.402641683816909790e-01 -8.628048002719879150e-02 7.014584541320800781e-01 7.710102200508117676e-01 -1.010022282600402832e+00 -2.201313897967338562e-02 9.323572367429733276e-02 -5.169840157032012939e-02 4.912962913513183594e-01 2.912539541721343994e-01 -7.379569411277770996e-01 3.315314352512359619e-01 1.345518231391906738e-01 4.824874103069305420e-01 1.545910984277725220e-01 -2.114183008670806885e-01 -3.668595850467681885e-01 1.432572156190872192e-01 6.323470920324325562e-02 -3.287304341793060303e-01 -3.245683312416076660e-01 3.213215768337249756e-01 2.393263429403305054e-01
-3.099432587623596191e-01 -1.824981719255447388e-01 1.914768517017364502e-01 -5.526348352432250977e-01 -5.130967497825622559e-01 3.959079831838607788e-02 2.065251171588897705e-01 -4.261365234851837158e-01 -1.922389864921569824e-01 -2.811064124107360840e-01 8.632031083106994629e-01 -6.277006268501281738e-01 -1.060028150677680969e-01 -4.082851409912109375e-01 2.591158449649810791e-01 -9.141026437282562256e-02 7.212083041667938232e-02 6.464635133743286133e-01 1.726925820112228394e-01 5.700789690017700195e-01 -5.273083448410034180e-01 6.570643186569213867e-01 2.936577983200550079e-02 -3.786629438400268555e-01 -5.926316976547241211e-01 6.969490051269531250e-01 -4.843264520168304443e-01 -1.585077643394470215e-01 2.734619081020355225e-01 2.085785120725631714e-01 4.219490587711334229e-01 3.531908690929412842e-01 -2.320447266101837158e-01 -9.128060936927795410e-01 -1.087697267532348633e+00 2.843047082424163818e-01 -3.159452974796295166e-01 -1.665341481566429138e-02 -6.844238638877868652e-01 5.688598155975341797e-01 -7.555428147315979004e-02 -1.263037472963333130e-01 -4.988259673118591309e-01 -3.802703022956848145e-01 3.646541237831115723e-01 -1.035114169120788574e+00 -5.900353193283081055e-01 -1.638245284557342529e-01 7.476587295532226562e-01 6.807411313056945801e-01 -2.388461232185363770e-01 3.835532665252685547e-01 5.055592060089111328e-01 5.417659506201744080e-02 6.373244524002075195e-02 6.837732344865798950e-02 1.029243350028991699e+00 -1.950590014457702637e-01 -5.205387622117996216e-02 7.285937666893005371e-01 7.014714181423187256e-02 4.431296288967132568e-01 -8.380698561668395996e-01 1.461271345615386963e-01
2.163299173116683960e-01 2.625514864921569824e-01 8.655267208814620972e-02 -3.009963631629943848e-01 7.927959784865379333e-03 -2.464656718075275421e-02 -2.877202443778514862e-02 2.027469277381896973e-01 -1.097141027450561523e+00 -2.342059165239334106e-01 8.049003481864929199e-01 -1.358610987663269043e+00 -2.515471279621124268e-01 -7.423077225685119629e-01 7.159790396690368652e-01 6.126159429550170898e-01 -3.145657479763031006e-01 -4.951913356781005859e-01 5.194710493087768555e-01 1.450243145227432251e-01 2.841575145721435547e-01 8.966629505157470703e-01 2.646926641464233398e-01 -6.476752758026123047e-01 -1.482996493577957153e-01 7.417731881141662598e-01 -3.306968212127685547e-01 1.296959966421127319e-01 7.092333585023880005e-02 8.202916979789733887e-01 6.874305009841918945e-01 1.036243200302124023e+00 9.484694153070449829e-02 -5.917519330978393555e-01 -1.003612041473388672e+00 2.249050438404083252e-01 -3.461193442344665527e-01 5.409750342369079590e-01 -7.498909831047058105e-01 -6.425170302391052246e-01 -2.660890519618988037e-01 3.360918760299682617e-01 -3.057960569858551025e-01 3.502538800239562988e-02 -3.456167280673980713e-01 3.151397407054901123e-01 2.133863866329193115e-01 -2.933979332447052002e-01 -1.745809167623519897e-01 4.559915065765380859e-01 -4.711939692497253418e-01 -3.672892451286315918e-01 -1.766304969787597656e-01 -3.461433053016662598e-01 -4.645735323429107666e-01 -1.084592379629611969e-02 -8.589013665914535522e-02 -1.145491719245910645e+00 -3.606872260570526123e-01 4.606371819972991943e-01 -1.027634069323539734e-01 6.768394112586975098e-01 -4.895613193511962891e-01 8.525983095169067383e-01
3.162289559841156006e-01 -2.692071497440338135e-01 7.951487898826599121e-01 2.135737240314483643e-01 -5.445299148559570312e-01 -7.432962656021118164e-01 -5.450261011719703674e-02 7.496248930692672729e-02 1.342730969190597534e-01 8.652171492576599121e-02 9.037582278251647949e-01 -6.116446256637573242e-01 -8.254802227020263672e-01 -3.093747198581695557e-01 3.592599034309387207e-01 9.253396093845367432e-02 9.126181155443191528e-02 -1.276994347572326660e-01 4.140558838844299316e-01 2.032889425754547119e-01 -1.304858028888702393e-01 4.728988111019134521e-01 4.465634748339653015e-02 -5.011993646621704102e-01 5.047249794006347656e-01 5.049383640289306641e-01 -9.938187897205352783e-02 4.934313297271728516e-01 7.578783631324768066e-01 -1.056593656539916992e-01 4.887489676475524902e-01 1.434754133224487305e-01 2.687984108924865723e-01 3.746874630451202393e-01 -1.303099542856216431e-01 5.017642378807067871e-01 6.304742395877838135e-02 7.693127542734146118e-02 -4.370657205581665039e-01 -5.050462484359741211e-01 3.182078897953033447e-01 -1.294875442981719971e-01 -3.580293953418731689e-01 6.885696649551391602e-01 6.660680770874023438e-01 -8.349479436874389648e-01 -1.003313139081001282e-01 2.067509889602661133e-01 -2.436051517724990845e-01 5.584068298339843750e-01 2.157660424709320068e-01 -9.632636904716491699e-01 3.820150792598724365e-01 4.082779288291931152e-01 3.647927343845367432e-01 3.767710328102111816e-01 -3.229593932628631592e-01 -4.940275847911834717e-01 2.343541383743286133e-02 9.381267428398132324e-02 -2.148436009883880615e-01 -1.179625988006591797e-01 2.699513137340545654e-01 -2.476131729781627655e-02
4.818563461303710938e-01 5.233277678489685059e-01 7.633540034294128418e-01 -9.071000665426254272e-02 -7.217045128345489502e-02 9.475675225257873535e-02 1.608496606349945068e-01 4.059897959232330322e-01 -4.607749730348587036e-02 -1.994696110486984253e-01 2.695145308971405029e-01 -1.040894389152526855e+00 2.214601933956146240e-01 -3.052763342857360840e-01 4.070867598056793213e-01 5.326681137084960938e-01 -4.912244081497192383e-01 -3.414503931999206543e-01 -3.437819480895996094e-01 3.119350969791412354e-01 1.136599928140640259e-01 1.161134958267211914e+00 -2.462751865386962891e-01 -2.275021523237228394e-01 -2.683525383472442627e-01 3.800223767757415771e-01 2.091198116540908813e-01 -8.741728067398071289e-01 3.076957762241363525e-01 -1.643788665533065796e-01 3.545512259006500244e-01 1.651442050933837891e-01 -8.462116718292236328e-01 -4.869657456874847412e-01 -6.644762754440307617e-01 2.852387726306915283e-01 -4.754579365253448486e-01 9.537643939256668091e-02 -7.087697982788085938e-01 1.434281617403030396e-01 -7.364896684885025024e-02 -3.915292024612426758e-01 -3.680490553379058838e-01 2.465667426586151123e-01 1.960154920816421509e-01 -9.758031964302062988e-01 -5.831035971641540527e-01 -7.704468369483947754e-01 7.496867179870605469e-01 8.211565613746643066e-01 7.125101238489151001e-02 1.560952663421630859e-01 3.117379844188690186e-01 -7.441360354423522949e-01 -3.500385880470275879e-01 -5.776968598365783691e-01 -2.652593851089477539e-01 -7.867435216903686523e-01 8.019460737705230713e-02 2.613164484500885010e-01 1.387746483087539673e-01 1.288826465606689453e-01 6.885209679603576660e-02 6.126416921615600586e-01
9.622895121574401855e-01 -6.384786963462829590e-01 9.327363222837448120e-02 1.003242135047912598e-01 -2.591150403022766113e-01 -1.068020343780517578e+00 -6.306737065315246582e-01 6.025078892707824707e-02 -9.412560611963272095e-02 -2.575287520885467529e-01 1.790563911199569702e-01 -4.435263872146606445e-01 7.622881233692169189e-02 -6.007583737373352051e-01 -7.176483869552612305e-01 4.247480928897857666e-01 3.346882462501525879e-01 -1.380727738142013550e-01 -1.624963879585266113e-01 5.360657572746276855e-01 1.581715345382690430e-01 -9.817416965961456299e-02 3.280927240848541260e-01 -5.579183697700500488e-01 1.034482002258300781e+00 6.093169450759887695e-01 2.323751896619796753e-01 -7.132636904716491699e-01 8.153635859489440918e-01 1.345385015010833740e-01 6.578426361083984375e-01 -1.052424497902393341e-02 -4.332409426569938660e-02 -1.340780705213546753e-01 -2.254364192485809326e-01 -3.055362999439239502e-01 1.411249954253435135e-02 -4.767570197582244873e-01 -5.245772376656532288e-02 -5.377595424652099609e-01 -2.994590401649475098e-01 2.191887497901916504e-01 -2.231401950120925903e-01 4.329850524663925171e-02 1.160785436630249023e+00 3.092682957649230957e-01 -3.563150465488433838e-01 -2.010348886251449585e-01 -4.679377377033233643e-01 4.755000174045562744e-01 -7.952310442924499512e-01 -1.912982575595378876e-02 8.441247344017028809e-01 -1.763167381286621094e-01 6.961047053337097168e-01 -7.211170196533203125e-01 -4.809022694826126099e-02 -2.962397336959838867e-01 9.081414341926574707e-02 3.804807364940643311e-02 -3.241408765316009521e-01 3.142862021923065186e-01 -3.876372575759887695e-01 6.682122349739074707e-01
1.683976203203201294e-01 3.943277522921562195e-03 8.753874897956848145e-01 7.398873567581176758e-01 -1.252125054597854614e-01 -3.777076900005340576e-01 -2.027465254068374634e-01 -8.803050220012664795e-02 3.360904753208160400e-02 -1.156747043132781982e-01 9.138199687004089355e-01 -4.661272764205932617e-01 -1.069232583045959473e+00 -1.976152211427688599e-01 5.812226608395576477e-02 2.501653730869293213e-01 2.155653983354568481e-01 -2.055344283580780029e-01 1.871684789657592773e-01 5.672214031219482422e-01 -8.101394772529602051e-02 -6.125347688794136047e-03 -7.360257208347320557e-02 -4.109933376312255859e-01 2.348822951316833496e-01 1.880009323358535767e-01 -2.978382408618927002e-01 5.660111308097839355e-01 5.546114444732666016e-01 -1.618785411119461060e-02 8.418989181518554688e-02 4.271426200866699219e-01 2.188882529735565186e-01 1.396820247173309326e-01 -5.589528009295463562e-02 1.554098576307296753e-01 -1.285386681556701660e-01 5.298395156860351562e-01 -3.507515490055084229e-01 -3.174150884151458740e-01 -2.370299585163593292e-02 2.120846062898635864e-01 -2.109756171703338623e-01 4.474875926971435547e-01 4.753362536430358887e-01 -9.998925328254699707e-01 1.622423827648162842e-01 -2.672245539724826813e-02 -1.593136340379714966e-01 1.011282764375209808e-02 5.176602602005004883e-01 -6.528746485710144043e-01 7.918473482131958008e-01 4.925832897424697876e-02 5.963806509971618652e-01 6.522429734468460083e-02 2.595537342131137848e-02 -6.214250922203063965e-01 2.648280262947082520e-01 -1.699859797954559326e-01 -3.508053123950958252e-01 -4.591396450996398926e-01 4.228330776095390320e-02 1.048180833458900452e-01
4.499039053916931152e-01 -1.480098813772201538e-01 5.349861457943916321e-02 -4.042172133922576904e-01 -1.952118128538131714e-01 -1.015114903450012207e+00 -5.144984126091003418e-01 5.235226750373840332e-01 1.348076462745666504e-01 -6.810204982757568359e-01 -4.439039155840873718e-02 -5.265515446662902832e-01 -3.413207232952117920e-01 -3.063438832759857178e-01 1.500118672847747803e-01 1.867210865020751953e-01 -2.205974161624908447e-01 -6.646592020988464355e-01 5.256858468055725098e-01 6.875626444816589355e-01 -1.828649342060089111e-01 1.792558580636978149e-01 4.983489401638507843e-03 -1.136389747262001038e-02 1.308979541063308716e-01 6.403093934059143066e-01 1.276105791330337524e-01 -4.297907054424285889e-01 6.813486814498901367e-01 -4.244948625564575195e-01 1.348884999752044678e-01 -2.422807216644287109e-01 7.139500975608825684e-02 -4.438306391239166260e-01 -7.848331928253173828e-01 -2.492684423923492432e-01 4.168334603309631348e-01 1.605007052421569824e-01 4.331945478916168213e-01 -4.964961111545562744e-01 2.771445810794830322e-01 -2.689971029758453369e-01 3.310494497418403625e-02 -8.845259435474872589e-03 8.667827248573303223e-01 5.144890546798706055e-01 3.514210507273674011e-02 -4.500356614589691162e-01 1.770446002483367920e-01 8.739166855812072754e-01 2.004985883831977844e-02 -7.027840018272399902e-01 1.330003291368484497e-01 3.049282431602478027e-01 6.351021528244018555e-01 -3.736317753791809082e-01 -3.459954857826232910e-01 3.981916606426239014e-01 3.352107703685760498e-01 5.381835103034973145e-01 4.667299613356590271e-02 6.914146710187196732e-03 -6.283941268920898438e-01 4.781006649136543274e-02
4.591774642467498779e-01 5.159131288528442383e-01 6.695725917816162109e-01 -1.503937840461730957e-01 1.301992237567901611e-01 -1.494127959012985229e-01 1.034141033887863159e-01 3.269633948802947998e-01 -2.256812900304794312e-01 -1.312286555767059326e-01 3.064564764499664307e-01 -1.008441925048828125e+00 3.016448020935058594e-01 -9.678124636411666870e-02 1.638817936182022095e-01 5.102581977844238281e-01 -3.994140326976776123e-01 -2.034798562526702881e-01 -1.311222463846206665e-01 3.982788026332855225e-01 1.625585705041885376e-01 1.049444198608398438e+00 -1.259225904941558838e-01 -5.739663243293762207e-01 -3.158846795558929443e-01 3.707521855831146240e-01 -6.065840646624565125e-02 -8.940153121948242188e-01 5.518236756324768066e-01 8.071954548358917236e-02 3.461479246616363525e-01 1.124846860766410828e-01 -7.249410152435302734e-01 -3.274176716804504395e-01 -6.455504894256591797e-01 2.757133841514587402e-01 -6.830945014953613281e-01 1.134909391403198242e-01 -8.733674883842468262e-01 2.972526103258132935e-02 -2.805324494838714600e-01 -3.605034649372100830e-01 -4.575093090534210205e-01 1.061540096998214722e-01 4.783064424991607666e-01 -1.133508801460266113e+00 -4.622584879398345947e-01 -5.893700718879699707e-01 1.112719893455505371e+00 5.710115432739257812e-01 1.374757438898086548e-01 3.033801913261413574e-01 1.744489818811416626e-01 -6.618024706840515137e-01 -1.981178522109985352e-01 -3.440854549407958984e-01 -3.533276021480560303e-01 -7.192052006721496582e-01 -2.093374878168106079e-01 -4.190062731504440308e-02 1.601486653089523315e-01 1.078368127346038818e-01 4.447611421346664429e-02 4.206137955188751221e-01
-1.644879281520843506e-01 6.810335516929626465e-01 -7.334188371896743774e-02 -3.125888705253601074e-01 2.690460681915283203e-01 3.190422058105468750e-02 -3.732266426086425781e-01 6.116477847099304199e-01 -7.916615605354309082e-01 1.876924335956573486e-01 1.710311770439147949e-01 -7.428039312362670898e-01 1.298130750656127930e-01 -3.769487440586090088e-01 3.798681795597076416e-01 4.058855772018432617e-01 -3.415627181529998779e-01 4.217076301574707031e-02 4.739080965518951416e-01 7.530107498168945312e-01 2.959606051445007324e-01 1.040134072303771973e+00 2.342001944780349731e-01 -7.713392972946166992e-01 3.078914582729339600e-01 5.307868123054504395e-01 -4.941788911819458008e-01 -8.951340913772583008e-01 -4.322064667940139771e-02 1.302257478237152100e-01 -2.740729153156280518e-01 4.587062597274780273e-01 -6.234547588974237442e-03 -4.601483047008514404e-01 -1.336914777755737305e+00 -4.016689360141754150e-01 -5.371063351631164551e-01 1.970004141330718994e-01 6.817144900560379028e-02 -2.968680560588836670e-01 -4.064159095287322998e-01 2.447335124015808105e-01 -2.742374539375305176e-01 6.781152486801147461e-01 2.598954439163208008e-01 -1.742721498012542725e-01 2.086889594793319702e-01 -4.911502301692962646e-01 6.184874475002288818e-02 3.706963956356048584e-01 2.819583117961883545e-01 -1.628324575722217560e-02 6.648232787847518921e-02 -5.246887803077697754e-01 5.483268946409225464e-02 -2.077519446611404419e-01 -1.694467365741729736e-01 -1.359236001968383789e+00 -8.293634653091430664e-01 5.143007040023803711e-01 -4.915018081665039062e-01 3.122078180313110352e-01 8.218973875045776367e-02 4.756711125373840332e-01
-1.555367708206176758e-01 8.857719600200653076e-02 -6.430680751800537109e-01 3.367740213871002197e-01 -9.508215636014938354e-02 -2.782758176326751709e-01 2.084138095378875732e-01 -1.473750621080398560e-01 -1.019676923751831055e+00 -5.307002067565917969e-01 4.778543412685394287e-01 -1.070590615272521973e+00 1.287908256053924561e-01 -7.362964153289794922e-01 1.583658754825592041e-01 6.036370396614074707e-01 -3.356306552886962891e-01 -7.883973717689514160e-01 1.532628238201141357e-01 1.257285475730895996e+00 5.126184225082397461e-01 1.120185971260070801e+00 2.125427573919296265e-01 -4.113104641437530518e-01 1.925927698612213135e-01 7.142709195613861084e-02 -5.965203642845153809e-01 1.240465939044952393e-01 1.026260018348693848e+00 -2.037091255187988281e-01 -5.009865760803222656e-01 1.048904538154602051e+00 -2.590238451957702637e-01 2.725542187690734863e-01 -1.828370690345764160e+00 -4.022732675075531006e-01 7.998395562171936035e-01 -1.854770034551620483e-01 1.811524927616119385e-01 4.452560544013977051e-01 5.304349660873413086e-01 -7.981662452220916748e-02 7.435657382011413574e-01 8.375770449638366699e-01 1.455573201179504395e+00 -5.765562653541564941e-01 -8.450974822044372559e-01 -1.222405195236206055e+00 3.943186700344085693e-01 4.324099048972129822e-02 6.667192578315734863e-01 -5.529406294226646423e-02 -5.040407180786132812e-02 5.078828334808349609e-01 3.267730176448822021e-01 -4.101515114307403564e-01 -4.488506913185119629e-01 -6.689175963401794434e-01 -2.151038795709609985e-01 1.244502663612365723e+00 -1.051790490746498108e-01 2.022503763437271118e-01 1.066061332821846008e-01 4.302432239055633545e-01
4.853368103504180908e-01 1.696376353502273560e-01 4.481286406517028809e-01 -5.312931537628173828e-01 -7.885108888149261475e-02 -6.853326559066772461e-01 4.738203063607215881e-02 6.794957518577575684e-01 -1.934199929237365723e-01 -2.652440406382083893e-02 7.731142640113830566e-02 -1.232030272483825684e+00 -3.111628815531730652e-02 2.924171388149261475e-01 5.360172986984252930e-01 -1.798627972602844238e-01 -3.527675867080688477e-01 -1.155391559004783630e-01 3.116087317466735840e-01 6.902046203613281250e-01 1.341387748718261719e+00 5.225663781166076660e-01 4.416898488998413086e-01 -5.208553746342658997e-02 8.925918936729431152e-01 5.439382791519165039e-02 4.151529967784881592e-01 -1.080398082733154297e+00 -7.261621952056884766e-02 3.584486246109008789e-02 2.208412289619445801e-01 1.391324281692504883e+00 1.348395794630050659e-01 -7.916482686996459961e-01 -4.222458302974700928e-01 2.281652539968490601e-01 4.580034911632537842e-01 6.235997676849365234e-01 -6.519685983657836914e-01 4.818389713764190674e-01 -2.218045443296432495e-01 -5.215739011764526367e-01 -5.563507080078125000e-01 2.705997228622436523e-01 4.707130491733551025e-01 -2.730373740196228027e-01 -4.299362301826477051e-01 -1.376910209655761719e-01 6.647709608078002930e-01 8.570948839187622070e-01 -2.401382476091384888e-01 2.072707982733845711e-03 -1.929061114788055420e-01 -6.672027111053466797e-01 3.787705600261688232e-01 -6.700434088706970215e-01 -2.078113555908203125e-01 -5.245952010154724121e-01 1.370883733034133911e-01 -2.111730873584747314e-01 -4.887675642967224121e-01 -1.535385400056838989e-01 8.889137208461761475e-02 -8.041866123676300049e-02
-3.212910890579223633e-01 2.762680947780609131e-01 -5.366362929344177246e-01 -7.319644093513488770e-01 -5.095636844635009766e-01 -2.094165533781051636e-01 4.459971487522125244e-01 -4.004404693841934204e-02 -4.034741520881652832e-01 7.964853942394256592e-02 -8.263495564460754395e-02 -9.905607104301452637e-01 -5.040874481201171875e-01 -7.604203820228576660e-01 4.309739172458648682e-01 4.954506158828735352e-01 -2.441559685394167900e-03 -3.324273824691772461e-01 1.708494871854782104e-02 1.674050986766815186e-01 5.202043652534484863e-01 1.326364427804946899e-01 5.796439647674560547e-01 1.759978085756301880e-01 4.308100342750549316e-01 -1.326912939548492432e-01 1.120316743850708008e+00 2.933904528617858887e-01 1.093887090682983398e-01 4.384241104125976562e-01 -6.124705448746681213e-02 -1.507494002580642700e-01 -1.434819251298904419e-01 -7.608405351638793945e-01 1.529368199408054352e-02 3.725618720054626465e-01 3.482944667339324951e-01 3.855983316898345947e-01 2.665087878704071045e-01 -2.833412885665893555e-01 2.256571054458618164e-01 -7.397444248199462891e-01 -3.719744831323623657e-02 5.422661900520324707e-01 4.537413120269775391e-01 -3.754996061325073242e-01 -2.952250242233276367e-01 -1.267909646034240723e+00 7.824496626853942871e-01 -6.179044842720031738e-01 8.704800903797149658e-02 -4.045177698135375977e-01 1.310254335403442383e+00 5.916954204440116882e-02 -5.692439079284667969e-01 -1.105964481830596924e-01 -1.039988473057746887e-01 -3.370514512062072754e-02 -6.694152951240539551e-01 3.690564632415771484e-01 -4.102669358253479004e-01 -1.516676694154739380e-01 -4.396516084671020508e-01 1.339375041425228119e-02
-2.145064026117324829e-01 -3.851204216480255127e-01 -8.937138319015502930e-02 -6.598716974258422852e-01 -2.096727192401885986e-01 1.994599103927612305e-01 1.391054689884185791e-01 -1.878274232149124146e-01 -4.235561490058898926e-01 2.982342801988124847e-02 -3.812232613563537598e-01 -7.118405699729919434e-01 -6.958254575729370117e-01 -9.584183692932128906e-01 8.364126086235046387e-02 5.982823967933654785e-01 -3.921819031238555908e-01 -7.072095293551683426e-03 2.643415927886962891e-01 3.182694911956787109e-01 6.582862138748168945e-01 -5.019963160157203674e-02 9.324465990066528320e-01 -2.211904823780059814e-01 2.606935799121856689e-01 2.753219902515411377e-01 1.012069582939147949e+00 -2.131389454007148743e-02 1.117668449878692627e-01 3.490260839462280273e-01 5.063951015472412109e-02 -3.498484194278717041e-01 -4.154328405857086182e-01 -7.786722779273986816e-01 -2.511133253574371338e-02 7.334905862808227539e-02 4.326687753200531006e-01 1.101375743746757507e-01 8.309016376733779907e-02 5.517833828926086426e-01 2.024275511503219604e-01 -4.825770854949951172e-01 1.152439042925834656e-01 -1.708379946649074554e-02 3.118955492973327637e-01 -2.982299327850341797e-01 -3.870094716548919678e-01 -1.397666096687316895e+00 9.961111545562744141e-01 -2.676317095756530762e-01 2.245955169200897217e-01 -1.042546868324279785e+00 1.199944376945495605e+00 2.288997918367385864e-01 -2.925213873386383057e-01 -1.599219441413879395e-01 1.798467040061950684e-01 -1.683998703956604004e-01 -6.308366060256958008e-01 1.052922606468200684e-01 -3.787991106510162354e-01 2.031643390655517578e-01 -5.881668329238891602e-01 -1.288614273071289062e-01
1.655674427747726440e-01 -2.702469825744628906e-01 -5.304810404777526855e-01 -3.685869872570037842e-01 5.343959927558898926e-01 -5.126842260360717773e-01 4.775529801845550537e-01 6.118277460336685181e-02 -1.115858912467956543e+00 -8.067566752433776855e-01 6.455945372581481934e-01 -7.931138873100280762e-01 9.526446461677551270e-02 -1.913569122552871704e-01 4.166306853294372559e-01 3.286851942539215088e-01 -2.329212129116058350e-01 -1.086270716041326523e-02 1.111849665641784668e+00 3.169906735420227051e-01 3.582601249217987061e-01 -4.466727375984191895e-01 -3.005906641483306885e-01 1.710807085037231445e-01 -5.116863921284675598e-02 7.662954330444335938e-01 1.030849963426589966e-01 -1.382927745580673218e-01 -2.157055586576461792e-01 -1.748737096786499023e-01 4.418336153030395508e-01 -6.430722773075103760e-02 -2.492610514163970947e-01 -5.499119758605957031e-01 -4.581526666879653931e-02 3.079826757311820984e-02 -1.498242467641830444e-01 -1.551519334316253662e-01 -1.406521648168563843e-01 4.579882621765136719e-01 -2.897392511367797852e-01 -2.094120020046830177e-03 8.454319834709167480e-02 5.225696563720703125e-01 5.866425633430480957e-01 -7.876353859901428223e-01 -1.778046339750289917e-01 -3.532399833202362061e-01 -3.734205365180969238e-01 2.065440267324447632e-01 2.184004187583923340e-01 4.060066938400268555e-01 1.453296065330505371e+00 -2.612456381320953369e-01 -5.101161003112792969e-01 -2.794432342052459717e-01 2.595479488372802734e-01 5.070366859436035156e-01 -1.918175518512725830e-01 4.024412930011749268e-01 3.867306709289550781e-01 9.533151239156723022e-02 4.408809840679168701e-01 3.960751462727785110e-03
5.549402236938476562e-01 -4.662993252277374268e-01 -1.159353330731391907e-01 -5.580836534500122070e-01 -2.607917487621307373e-01 -8.582030534744262695e-01 -6.315011978149414062e-01 4.886519908905029297e-02 -1.092841982841491699e+00 -1.749275773763656616e-01 7.396851181983947754e-01 -7.365311980247497559e-01 -8.421571850776672363e-01 -3.253153562545776367e-01 1.099495440721511841e-01 1.206134706735610962e-01 9.044716954231262207e-01 -2.374505698680877686e-01 -6.314003467559814453e-02 9.807485342025756836e-01 -3.587759733200073242e-01 3.126504123210906982e-01 2.730489373207092285e-01 7.805745303630828857e-02 2.324633300304412842e-01 3.739410042762756348e-01 -2.673175036907196045e-01 -2.630757093429565430e-01 -9.481619298458099365e-02 -2.495747059583663940e-01 3.877038136124610901e-02 6.499198675155639648e-01 -5.809680819511413574e-01 -2.549839913845062256e-01 -3.356254994869232178e-01 6.754536181688308716e-02 -4.948103427886962891e-01 -4.086691737174987793e-01 -7.233753800392150879e-02 -2.415390759706497192e-01 1.182766556739807129e-01 2.999031245708465576e-01 2.415653765201568604e-01 -5.755809545516967773e-01 4.282662272453308105e-02 -2.030337154865264893e-01 3.494878113269805908e-01 -9.966911673545837402e-01 7.285730242729187012e-01 -5.739341974258422852e-01 6.894452571868896484e-01 -1.830592453479766846e-01 6.381306648254394531e-01 -5.092378333210945129e-02 -4.379415512084960938e-02 -2.796739935874938965e-01 2.806570827960968018e-01 3.991997241973876953e-01 -1.213400065898895264e-01 1.914517730474472046e-01 5.373639464378356934e-01 4.384175837039947510e-01 -5.595290064811706543e-01 -5.874375104904174805e-01
2.199046313762664795e-01 -5.390322804450988770e-01 -3.131704628467559814e-01 -5.852340459823608398e-01 3.876827657222747803e-01 4.028803408145904541e-01 2.596821784973144531e-01 -2.870397865772247314e-01 -8.413673639297485352e-01 3.740631341934204102e-01 1.089713215827941895e+00 -8.597218394279479980e-01 -4.097182750701904297e-01 -8.087927699089050293e-01 6.339736580848693848e-01 2.804448306560516357e-01 1.155228018760681152e-01 -2.628644406795501709e-01 -1.245864480733871460e-01 5.871679261326789856e-02 1.108940720558166504e+00 -2.073730826377868652e-01 2.781947255134582520e-01 -3.061803579330444336e-01 -3.744429945945739746e-01 -2.229738682508468628e-01 2.171105444431304932e-01 -1.966886073350906372e-01 1.088794946670532227e+00 5.408169627189636230e-01 3.626327514648437500e-01 -1.699567139148712158e-01 -1.790904104709625244e-01 -5.779406428337097168e-01 -2.948191165924072266e-01 -1.385104954242706299e-01 6.255008280277252197e-02 -9.671856164932250977e-01 -6.657861471176147461e-01 -7.681613322347402573e-03 1.154423877596855164e-01 5.404772758483886719e-01 -5.519250035285949707e-01 -2.255313098430633545e-01 1.563093513250350952e-01 1.080695353448390961e-02 -1.412890106439590454e-01 -9.843126535415649414e-01 7.247862815856933594e-01 4.503247737884521484e-01 1.415225118398666382e-01 -4.495883882045745850e-01 8.751727938652038574e-01 1.322638839483261108e-01 3.161704540252685547e-02 -2.929077744483947754e-01 -4.743201285600662231e-02 1.026482135057449341e-01 -7.069309949874877930e-01 3.276574611663818359e-01 -3.647550940513610840e-01 2.253853827714920044e-01 -3.066305518150329590e-01 -1.121365785598754883e+00
-5.277619510889053345e-02 -2.791427671909332275e-01 4.479286968708038330e-01 -3.438816070556640625e-01 2.858646810054779053e-01 -4.513478577136993408e-01 6.742270588874816895e-01 -1.685885488986968994e-01 -8.055636882781982422e-01 -6.202954053878784180e-01 1.049511790275573730e+00 -1.564123928546905518e-01 -4.954916834831237793e-01 -2.156573161482810974e-02 2.391839474439620972e-01 5.384598374366760254e-01 -2.993692457675933838e-01 -5.826818346977233887e-01 2.334579974412918091e-01 1.398923873901367188e+00 4.774677753448486328e-01 8.963131159543991089e-02 -3.210247755050659180e-01 -3.865328729152679443e-01 6.884912252426147461e-01 -2.369270026683807373e-01 -7.738206982612609863e-01 2.937904894351959229e-01 -5.157092586159706116e-02 -4.087823927402496338e-01 3.586038947105407715e-01 9.100951552391052246e-01 3.120422065258026123e-01 -4.659259021282196045e-01 -7.453508675098419189e-02 4.427559077739715576e-01 4.748056530952453613e-01 -6.159247159957885742e-01 2.150983065366744995e-01 9.136260487139225006e-03 1.717920601367950439e-01 -2.531346082687377930e-01 3.484203815460205078e-01 4.960611164569854736e-01 3.715005144476890564e-02 3.693448305130004883e-01 -4.289228916168212891e-01 -6.441634893417358398e-01 1.308117270469665527e+00 -4.983557462692260742e-01 4.924134314060211182e-01 1.957837641239166260e-01 9.348942637443542480e-01 -2.381650805473327637e-01 -1.089551374316215515e-01 -6.138429418206214905e-02 1.199378371238708496e+00 -4.375731647014617920e-01 -4.259673357009887695e-01 -5.787116661667823792e-02 -3.125943243503570557e-01 1.262042224407196045e-01 -6.330063939094543457e-02 2.742461562156677246e-01
2.744302451610565186e-01 -2.839545607566833496e-01 -1.840233355760574341e-01 -1.476443111896514893e-01 1.068132743239402771e-01 -1.973342597484588623e-01 7.046849280595779419e-02 4.192769527435302734e-01 -5.786625146865844727e-01 1.270576119422912598e-01 5.027806162834167480e-01 -1.045124888420104980e+00 -3.262363076210021973e-01 -1.165413409471511841e-01 -9.509446471929550171e-02 6.008729934692382812e-01 5.889149904251098633e-01 3.527474105358123779e-01 7.168694138526916504e-01 5.527704358100891113e-01 1.901670098304748535e-01 -6.740053296089172363e-01 -3.206779435276985168e-02 -1.026567295193672180e-01 1.644279360771179199e-01 -1.275488883256912231e-01 -9.614545851945877075e-03 -4.485691338777542114e-02 -2.378584295511245728e-01 4.391899108886718750e-01 3.469477593898773193e-01 1.495645493268966675e-01 1.044002622365951538e-01 -4.946248829364776611e-01 -7.035502195358276367e-01 -5.768958926200866699e-01 -3.765221536159515381e-01 3.980055451393127441e-02 -2.433100342750549316e-02 3.507479429244995117e-01 2.739815115928649902e-01 1.661522984504699707e-01 -7.362682372331619263e-02 3.262524902820587158e-01 4.084544181823730469e-01 7.252176105976104736e-02 4.093314409255981445e-01 -9.936949610710144043e-01 6.747649312019348145e-01 2.106004804372787476e-01 6.202196478843688965e-01 -6.440784335136413574e-01 1.030014395713806152e+00 9.808554500341415405e-02 -4.841897264122962952e-02 -2.334806770086288452e-01 -2.475325316190719604e-01 9.157834649085998535e-01 -1.219057291746139526e-01 1.115882754325866699e+00 3.709035217761993408e-01 2.178212255239486694e-01 -5.590346455574035645e-01 -2.104436457157135010e-01
2.441357970237731934e-01 2.191470004618167877e-02 7.762704975903034210e-03 -2.401914596557617188e-01 -2.477893978357315063e-01 -3.794144690036773682e-01 2.703363299369812012e-01 1.283609420061111450e-01 -9.144839048385620117e-01 -1.414951235055923462e-01 6.288697123527526855e-01 -6.862084865570068359e-01 -1.881036907434463501e-01 -1.059549689292907715e+00 5.759055539965629578e-02 5.516124367713928223e-01 1.254119426012039185e-01 -9.934297204017639160e-02 2.903706729412078857e-01 6.851702332496643066e-01 5.432807207107543945e-01 -7.304329872131347656e-01 2.085836529731750488e-01 -2.358942329883575439e-01 -1.956138163805007935e-01 -5.876624584197998047e-01 1.278274953365325928e-01 1.484653204679489136e-01 2.784239053726196289e-01 -1.132725365459918976e-02 3.924028873443603516e-01 -3.552246093750000000e-01 -3.402132093906402588e-01 -6.153956651687622070e-01 -8.478064537048339844e-01 -1.104024518281221390e-02 -5.808071494102478027e-01 -5.290271714329719543e-02 8.594723418354988098e-03 1.000502780079841614e-01 -5.313860997557640076e-02 1.916920095682144165e-01 -7.170370817184448242e-01 1.195898726582527161e-01 7.469208538532257080e-02 4.652431234717369080e-02 2.428514659404754639e-01 -1.162336111068725586e+00 7.045492529869079590e-01 2.122368477284908295e-02 2.115249484777450562e-01 -7.396395802497863770e-01 7.230696678161621094e-01 -4.181975424289703369e-01 -1.182328462600708008e-01 -5.170094370841979980e-01 -4.190555587410926819e-02 6.298252344131469727e-01 -1.193303614854812622e-01 1.201847434043884277e+00 5.304176211357116699e-01 3.269051015377044678e-01 -5.814927220344543457e-01 -1.078176259994506836e+00
8.906201124191284180e-01 -2.861450910568237305e-01 -6.049718260765075684e-01 -2.947224378585815430e-01 -3.682355880737304688e-01 -1.087039113044738770e+00 7.266569137573242188e-01 -3.109322488307952881e-01 -9.707658290863037109e-01 -4.237931668758392334e-01 -2.276850398629903793e-03 -6.045635342597961426e-01 -2.705771028995513916e-01 -7.931716442108154297e-01 -5.176821947097778320e-01 6.068026423454284668e-01 3.764492273330688477e-01 -6.900526285171508789e-01 6.619738340377807617e-01 4.001906514167785645e-01 8.708865046501159668e-01 -5.204721093177795410e-01 -1.366428136825561523e-01 -1.399759054183959961e+00 3.787237219512462616e-03 7.854466885328292847e-02 -1.612791717052459717e-01 5.708693861961364746e-01 2.035978585481643677e-01 -3.597402945160865784e-02 1.324723213911056519e-01 7.729173302650451660e-01 -3.239383697509765625e-01 -9.835703969001770020e-01 1.430023163557052612e-01 8.100219070911407471e-02 -6.749961972236633301e-01 -1.448913812637329102e-01 -1.888776868581771851e-01 3.344134986400604248e-01 -9.512034058570861816e-02 3.568440377712249756e-01 -3.971771597862243652e-01 3.709612786769866943e-01 1.710326969623565674e-01 -3.803318738937377930e-01 -1.932275015860795975e-03 -9.694558382034301758e-01 8.617106676101684570e-01 6.525854021310806274e-02 3.496433496475219727e-01 2.692946195602416992e-01 7.599933147430419922e-01 -4.305483698844909668e-01 3.534944355487823486e-02 1.893597394227981567e-01 3.830878138542175293e-01 7.643868774175643921e-02 -3.758437335491180420e-01 4.236122667789459229e-01 2.821891605854034424e-01 9.078824520111083984e-02 3.159352540969848633e-01 2.326760999858379364e-02
1.606085419654846191e+00 -7.624980807304382324e-01 -4.392010569572448730e-01 3.494497016072273254e-02 -4.261612892150878906e-01 -1.094998046755790710e-01 4.332251250743865967e-01 -1.011055111885070801e-01 -1.028946280479431152e+00 3.827488124370574951e-01 1.620543956756591797e+00 -1.727695941925048828e+00 -1.981748268008232117e-02 -6.931252479553222656e-01 5.109534263610839844e-01 2.483281195163726807e-01 1.735116988420486450e-01 -4.194626510143280029e-01 7.481489446945488453e-04 1.503499299287796021e-01 5.407301783561706543e-01 3.642310202121734619e-01 4.677689075469970703e-01 1.458083838224411011e-01 1.909366250038146973e-01 6.292646527290344238e-01 -2.627268135547637939e-01 -2.776574492454528809e-01 -3.529705703258514404e-01 5.037502646446228027e-01 -4.001549482345581055e-01 8.997780084609985352e-01 4.335422515869140625e-01 -8.911980390548706055e-01 -4.943735599517822266e-01 -2.430039644241333008e-02 -4.528197050094604492e-01 3.988865390419960022e-02 2.199921309947967529e-01 -1.111743301153182983e-01 5.306442975997924805e-01 1.481056362390518188e-01 -2.916816174983978271e-01 -6.994127631187438965e-01 5.492562055587768555e-01 1.515280604362487793e-01 -3.351474702358245850e-01 -7.321736216545104980e-01 1.552295088768005371e+00 4.080203175544738770e-01 3.995070457458496094e-01 4.643523097038269043e-01 -4.126527011394500732e-01 8.026579618453979492e-01 -4.338175654411315918e-01 -7.187590599060058594e-01 -1.151192039251327515e-01 -5.357031822204589844e-01 -1.142958998680114746e+00 9.404033422470092773e-01 -3.747684657573699951e-01 -5.864947438240051270e-01 -2.224930794909596443e-03 5.783665180206298828e-02
-4.640122056007385254e-01 9.160520136356353760e-02 -1.910995543003082275e-01 -5.737580060958862305e-01 6.185019612312316895e-01 -3.762716352939605713e-01 1.292416900396347046e-01 3.708630204200744629e-01 -5.932677388191223145e-01 -5.036044120788574219e-01 1.084104061126708984e+00 -7.104032039642333984e-01 -2.153497487306594849e-01 -3.822711408138275146e-01 3.008855283260345459e-01 4.649040699005126953e-01 8.209116756916046143e-02 1.532437354326248169e-01 1.114240646362304688e+00 1.588049679994583130e-01 1.236866461113095284e-03 -8.050747215747833252e-02 2.393169105052947998e-01 3.548504710197448730e-01 -4.555601477622985840e-01 4.212845265865325928e-01 2.401431649923324585e-01 -1.704851686954498291e-01 -2.222349047660827637e-01 -2.950926125049591064e-01 5.352085828781127930e-01 -1.134260967373847961e-01 -4.024748206138610840e-01 -4.295182526111602783e-01 -3.626459538936614990e-01 -3.719346225261688232e-02 -1.379015296697616577e-01 -3.281972110271453857e-01 -1.669231653213500977e-01 4.480389058589935303e-01 1.031449660658836365e-01 -1.425666064023971558e-01 -2.719870507717132568e-01 7.420541346073150635e-02 -1.614519394934177399e-02 -3.728642463684082031e-01 -1.617915481328964233e-01 -7.553939223289489746e-01 -1.728249341249465942e-01 3.002640604972839355e-01 3.454324901103973389e-01 5.163481831550598145e-01 1.225339770317077637e+00 -2.785184085369110107e-01 -4.628746509552001953e-01 1.006968170404434204e-01 -7.155613042414188385e-03 8.060830235481262207e-01 -1.521703749895095825e-01 8.909338712692260742e-01 -6.864022463560104370e-02 -7.678048312664031982e-02 1.684923470020294189e-01 -9.106387943029403687e-02
1.991036087274551392e-01 -1.485764831304550171e-01 -4.412390291690826416e-01 -1.506511270999908447e-01 -6.395798176527023315e-02 -6.796675324440002441e-01 3.899386823177337646e-01 2.554605007171630859e-01 -6.483333706855773926e-01 -9.233511239290237427e-02 7.205600738525390625e-01 -8.617177605628967285e-01 -1.908609122037887573e-01 -2.615971267223358154e-01 -4.810686036944389343e-02 3.263682425022125244e-01 7.425283193588256836e-01 1.553029939532279968e-02 4.231836497783660889e-01 6.947365999221801758e-01 1.709906458854675293e-01 -5.665242671966552734e-01 -2.338753454387187958e-02 -3.282146751880645752e-01 -3.318101465702056885e-01 -1.876248270273208618e-01 -2.235782146453857422e-01 5.542869865894317627e-02 2.191632837057113647e-01 3.644826710224151611e-01 3.770328760147094727e-01 9.419076889753341675e-02 1.497679799795150757e-01 -5.712838172912597656e-01 -3.754155039787292480e-01 -5.269753336906433105e-01 -4.482747316360473633e-01 1.458091195672750473e-02 1.228360533714294434e-01 2.715682685375213623e-01 7.562497258186340332e-02 -2.151390910148620605e-01 -4.349514842033386230e-01 1.935672014951705933e-01 5.025236606597900391e-01 1.415524780750274658e-01 3.760287463665008545e-01 -1.035140395164489746e+00 8.184219598770141602e-01 2.176384478807449341e-01 5.281524062156677246e-01 -8.107057213783264160e-01 7.285550832748413086e-01 2.370616346597671509e-01 -2.604908943176269531e-01 -2.930805087089538574e-01 -2.731436192989349365e-01 6.571335792541503906e-01 4.848447069525718689e-02 8.495991826057434082e-01 7.580040693283081055e-01 -1.643844321370124817e-02 -8.731496930122375488e-01 -3.275564014911651611e-01
-2.712785899639129639e-01 1.468878835439682007e-01 2.416464537382125854e-01 -9.239124655723571777e-01 1.059956908226013184e+00 -1.219994798302650452e-01 -1.611905097961425781e-01 1.009933471679687500e+00 -1.017225503921508789e+00 -3.641884773969650269e-02 7.174510955810546875e-01 -8.103915452957153320e-01 -4.004038572311401367e-01 -2.086501568555831909e-01 4.069692194461822510e-01 4.929620623588562012e-01 -6.383836269378662109e-02 -5.428681969642639160e-01 7.402107715606689453e-01 2.840742468833923340e-01 8.869964629411697388e-02 5.464763641357421875e-01 6.108435988426208496e-01 4.700475335121154785e-01 -4.586255252361297607e-01 1.852285116910934448e-01 3.001756370067596436e-01 -3.370967507362365723e-02 -3.837079107761383057e-01 -3.061610758304595947e-01 3.086885809898376465e-01 -1.093239709734916687e-01 -4.003244042396545410e-01 -5.697850584983825684e-01 -2.916038632392883301e-01 1.539499759674072266e-01 1.653529852628707886e-01 2.584670186042785645e-01 -1.864365488290786743e-01 4.452086389064788818e-01 5.361794829368591309e-01 -4.809635132551193237e-02 -5.742788910865783691e-01 2.222261577844619751e-01 4.325551688671112061e-01 1.938190758228302002e-01 -5.108461901545524597e-02 -1.090750932693481445e+00 -1.776519566774368286e-01 6.268718838691711426e-01 -4.103339016437530518e-01 6.066717505455017090e-01 5.582380890846252441e-01 -3.993236720561981201e-01 -1.857412904500961304e-01 -7.070890814065933228e-02 2.076113373041152954e-01 8.576944470405578613e-02 -3.656898140907287598e-01 6.536051034927368164e-01 1.334490627050399780e-01 -5.235015153884887695e-01 2.953600883483886719e-01 2.490364313125610352e-01
6.941980719566345215e-01 -5.936624407768249512e-01 -7.924418896436691284e-02 -4.641878306865692139e-01 -1.465279012918472290e-01 -6.275181174278259277e-01 9.391042590141296387e-01 -1.634289771318435669e-01 -9.146437048912048340e-01 -2.214081138372421265e-01 1.139620393514633179e-01 -8.743602633476257324e-01 6.486742198467254639e-02 -1.033819437026977539e+00 -7.279051542282104492e-01 1.352321624755859375e+00 2.499428540468215942e-01 -8.563017249107360840e-01 2.688978910446166992e-01 -3.153622448444366455e-01 5.793797373771667480e-01 4.283977150917053223e-01 6.539458036422729492e-01 -7.608078122138977051e-01 -1.015764847397804260e-02 4.132227003574371338e-01 3.970408141613006592e-01 2.970377802848815918e-01 8.668637871742248535e-01 5.533785820007324219e-01 -8.471764922142028809e-01 4.754209220409393311e-01 -6.672509312629699707e-01 -1.157347798347473145e+00 6.250142306089401245e-02 -7.228250056505203247e-02 -1.122732609510421753e-01 3.865657374262809753e-02 -1.724989712238311768e-01 4.204452037811279297e-01 5.466310977935791016e-01 2.936129570007324219e-01 -7.250729203224182129e-01 4.901464879512786865e-01 -2.948775887489318848e-01 -5.559983253479003906e-01 -3.633056581020355225e-01 -1.024071097373962402e+00 7.062617540359497070e-01 1.281673908233642578e-01 2.095627188682556152e-01 -7.429417967796325684e-01 1.212687849998474121e+00 -2.066251188516616821e-01 -1.305948644876480103e-01 3.825195133686065674e-02 8.283688127994537354e-02 -1.207821965217590332e-01 -8.167677521705627441e-01 1.271135956048965454e-01 -6.840034574270248413e-02 -1.269098073244094849e-01 3.479280173778533936e-01 4.280034452676773071e-02
-1.032120436429977417e-01 -3.106459677219390869e-01 -3.398168385028839111e-01 -9.084311127662658691e-02 -4.086662456393241882e-02 -9.281933307647705078e-01 -5.125007629394531250e-01 -7.280518859624862671e-02 -1.027687311172485352e+00 -4.054842591285705566e-01 5.189861059188842773e-01 -1.222977280616760254e+00 -1.879820972681045532e-01 -2.965673804283142090e-01 -6.189776062965393066e-01 4.564611986279487610e-02 1.233819685876369476e-02 -5.826504826545715332e-01 -1.315822452306747437e-01 8.771998286247253418e-01 2.129810899496078491e-01 -3.229868412017822266e-01 2.156086415052413940e-01 -4.247088730335235596e-01 2.923683822154998779e-01 -1.257595270872116089e-01 -5.457394942641258240e-02 -2.040883600711822510e-01 1.912924274802207947e-02 -3.366046845912933350e-01 5.880807638168334961e-01 6.660066545009613037e-02 -1.276592761278152466e-01 -5.004766583442687988e-01 3.061198890209197998e-01 3.661057054996490479e-01 -1.130620483309030533e-03 -7.022460103034973145e-01 -1.586492061614990234e-01 5.024324059486389160e-01 2.080261707305908203e-02 1.074971929192543030e-01 -6.037319898605346680e-01 1.987863779067993164e-01 5.318952202796936035e-01 -2.776793576776981354e-02 -1.382898390293121338e-01 -8.185157179832458496e-01 7.900700718164443970e-02 -5.660236477851867676e-01 -5.304861068725585938e-01 3.108130395412445068e-01 8.514534831047058105e-01 1.115082874894142151e-01 -7.674516439437866211e-01 -1.349078863859176636e-01 -3.327450454235076904e-01 4.369447827339172363e-01 -7.814686894416809082e-01 5.896984338760375977e-01 -1.323461830615997314e-01 1.843550801277160645e-01 -1.087170094251632690e-02 4.330193400382995605e-01
2.851059436798095703e-01 -6.139875054359436035e-01 3.884746730327606201e-01 -1.101462095975875854e-01 -5.553682446479797363e-01 -1.155956909060478210e-01 -4.108044803142547607e-01 -5.264360904693603516e-01 -3.844508230686187744e-01 -6.551068425178527832e-01 -2.360074408352375031e-02 -8.694379925727844238e-01 2.832167148590087891e-01 -8.488058298826217651e-02 5.112807750701904297e-01 3.462327420711517334e-01 -2.602961100637912750e-02 -1.527334451675415039e-01 3.216904997825622559e-01 2.818011045455932617e-01 5.513439774513244629e-01 2.184455543756484985e-01 -1.030666530132293701e-01 -1.642316132783889771e-01 1.705881059169769287e-01 1.661765575408935547e-01 1.004317626357078552e-01 1.040443032979965210e-01 3.147600889205932617e-01 3.412209451198577881e-02 6.591466814279556274e-02 -9.365724772214889526e-02 3.188119735568761826e-03 -9.492476284503936768e-02 -5.409495905041694641e-02 4.626776874065399170e-01 5.484760403633117676e-01 9.751949310302734375e-01 -2.083227038383483887e-01 -9.410659670829772949e-01 -1.609618365764617920e-01 -6.009504199028015137e-01 -1.687958240509033203e-01 4.913353919982910156e-01 5.268924832344055176e-01 -1.255466490983963013e-01 4.480398297309875488e-01 -4.535752832889556885e-01 8.623904585838317871e-01 1.254951357841491699e+00 8.145143091678619385e-02 -2.018369883298873901e-01 2.845127880573272705e-01 4.442866444587707520e-01 1.135196328163146973e+00 -5.749558806419372559e-01 -6.506155729293823242e-01 -1.297061443328857422e-01 -8.613594174385070801e-01 4.627312421798706055e-01 -6.376451253890991211e-01 4.435597062110900879e-01 -4.147941172122955322e-01 -4.019288420677185059e-01
6.314278841018676758e-01 -3.729789257049560547e-01 7.958528995513916016e-01 -3.589428961277008057e-02 -3.610107898712158203e-01 -5.263811349868774414e-01 -7.162045836448669434e-01 9.252066910266876221e-02 -1.164906382560729980e+00 -3.276589810848236084e-01 1.157932162284851074e+00 -3.174771964550018311e-01 7.302045822143554688e-01 -7.635605931282043457e-01 6.806980371475219727e-01 2.289890497922897339e-01 3.110641837120056152e-01 -5.809209346771240234e-01 -1.566276997327804565e-01 8.188476562500000000e-01 6.072843670845031738e-01 1.167304873466491699e+00 3.625333011150360107e-01 -3.078153729438781738e-01 3.830723166465759277e-01 4.363359808921813965e-01 3.181292712688446045e-01 -4.467241764068603516e-01 -2.122024744749069214e-01 3.484103828668594360e-02 -5.276646018028259277e-01 2.718005478382110596e-01 5.865176767110824585e-02 -3.174683451652526855e-01 -2.780160866677761078e-02 -2.009118944406509399e-01 3.345296680927276611e-01 -2.931929826736450195e-01 1.867838203907012939e-01 4.864989221096038818e-01 -3.719801008701324463e-01 2.753038108348846436e-01 -6.138721108436584473e-02 1.023392438888549805e+00 2.967307567596435547e-01 1.509203016757965088e-01 2.674115896224975586e-01 3.260846138000488281e-01 2.553318738937377930e-01 3.238926082849502563e-02 4.935891032218933105e-01 -3.654217422008514404e-01 4.973688125610351562e-01 -8.769458532333374023e-02 -6.715888977050781250e-01 4.725762605667114258e-01 4.479774534702301025e-01 -9.625738859176635742e-01 -4.939189851284027100e-01 6.273077726364135742e-01 1.838914304971694946e-02 -1.735156923532485962e-01 8.164680004119873047e-02 -8.183981478214263916e-02
5.405061244964599609e-01 -5.810993909835815430e-01 1.635079532861709595e-01 2.344851940870285034e-01 -1.984980404376983643e-01 -1.394254565238952637e+00 -3.939400017261505127e-01 5.230157375335693359e-01 -7.663970440626144409e-02 -6.233918666839599609e-02 2.403576858341693878e-02 -3.981645405292510986e-01 -1.304546147584915161e-01 -5.574570894241333008e-01 -4.820567667484283447e-01 7.012701034545898438e-01 3.501254320144653320e-01 -1.110589206218719482e-01 -4.853389859199523926e-01 3.721491992473602295e-01 1.004642993211746216e-01 1.949827820062637329e-01 4.697461724281311035e-01 -2.203316539525985718e-01 5.941166877746582031e-01 8.111722469329833984e-01 1.922142058610916138e-01 -5.734001994132995605e-01 5.511016845703125000e-01 -2.050473354756832123e-02 5.868489146232604980e-01 -2.982707917690277100e-01 -2.568358480930328369e-01 -1.246747747063636780e-02 -6.000679731369018555e-01 -6.380352973937988281e-01 1.832307130098342896e-01 3.015539944171905518e-01 -2.678329646587371826e-01 -4.227924346923828125e-01 -3.223455846309661865e-01 4.969969391822814941e-02 -3.320603668689727783e-01 2.294656075537204742e-02 1.170001983642578125e+00 1.579576283693313599e-01 -3.186375796794891357e-01 -4.265736788511276245e-02 -1.941237002611160278e-01 8.151257038116455078e-01 -3.874078989028930664e-01 -1.804272532463073730e-01 6.128731369972229004e-01 -1.955216377973556519e-02 8.995572328567504883e-01 -8.412039875984191895e-01 -9.350122511386871338e-02 -2.369683533906936646e-01 3.642709851264953613e-01 4.187327623367309570e-02 2.358920127153396606e-01 2.276001423597335815e-01 -4.291242063045501709e-01 4.077285230159759521e-01
3.577013611793518066e-01 -8.128194212913513184e-01 1.164088472723960876e-01 7.416795939207077026e-02 -2.533570230007171631e-01 -4.755092263221740723e-01 -2.545120418071746826e-01 -1.085033193230628967e-01 7.183532416820526123e-02 -9.317337274551391602e-01 4.414075911045074463e-01 -1.977932453155517578e-01 -7.287139445543289185e-02 1.853256821632385254e-01 2.455908507108688354e-01 3.057455122470855713e-01 -1.294392198324203491e-01 -2.330525964498519897e-01 5.236765742301940918e-01 4.321293234825134277e-01 1.457185745239257812e-01 4.541766643524169922e-01 8.190831542015075684e-01 -2.458858042955398560e-01 1.011181026697158813e-01 4.573115706443786621e-02 -3.738888725638389587e-02 4.778004586696624756e-01 6.802873313426971436e-02 1.961670964956283569e-01 6.727463603019714355e-01 -3.069116361439228058e-02 4.394001662731170654e-01 -3.288313448429107666e-01 2.427226901054382324e-01 -2.657432854175567627e-01 -1.580865830183029175e-01 3.616244196891784668e-01 -4.722115695476531982e-01 -1.089085862040519714e-01 3.974916636943817139e-01 -1.516362428665161133e-01 -5.054291486740112305e-01 -1.419044882059097290e-01 4.977187514305114746e-01 -9.350159168243408203e-01 6.577826738357543945e-01 -2.760772593319416046e-02 5.269282460212707520e-01 1.165676355361938477e+00 -4.123179912567138672e-01 -7.321212291717529297e-01 5.218496918678283691e-01 3.184252083301544189e-01 8.056594729423522949e-01 -4.426396191120147705e-01 -3.075919151306152344e-01 -3.228861987590789795e-01 -2.482231855392456055e-01 2.315101623535156250e-01 -5.977139472961425781e-01 -4.691024720668792725e-01 8.664974011480808258e-03 7.399392127990722656e-02
3.275029957294464111e-01 4.477853775024414062e-01 9.197321534156799316e-01 -1.999687105417251587e-01 -4.666230678558349609e-01 -6.144769191741943359e-01 -6.944173574447631836e-02 6.475199460983276367e-01 -1.583650857210159302e-01 1.071560233831405640e-01 1.784098148345947266e-01 -9.256470203399658203e-01 -4.717354476451873779e-01 4.587691128253936768e-01 4.190360307693481445e-01 1.331616193056106567e-01 -2.053076922893524170e-01 -7.812488675117492676e-01 -6.369254738092422485e-02 8.319698572158813477e-01 -2.831574678421020508e-01 7.002177238464355469e-01 4.049707949161529541e-01 -1.436071097850799561e-02 -4.902420341968536377e-01 5.113160014152526855e-01 -2.711242437362670898e-01 -1.129988208413124084e-01 6.308297067880630493e-02 -3.882776796817779541e-01 -9.417233057320117950e-03 -1.310026198625564575e-01 -4.049488306045532227e-01 -4.679070413112640381e-01 -3.833893835544586182e-01 -1.513711810111999512e-01 -1.522162407636642456e-01 -1.332600563764572144e-01 2.886590361595153809e-01 -2.944959998130798340e-01 -3.114372193813323975e-01 3.950773552060127258e-02 -4.073201119899749756e-01 7.580571174621582031e-01 8.897352814674377441e-01 -2.855839431285858154e-01 5.207139626145362854e-02 -4.849703013896942139e-01 3.255067765712738037e-01 7.334245443344116211e-01 -5.214738845825195312e-01 -3.363682627677917480e-01 -1.778557747602462769e-01 -2.714271843433380127e-01 1.226806119084358215e-01 7.404995709657669067e-02 -1.015679597854614258e+00 -2.827992290258407593e-02 -4.561693966388702393e-01 1.342082023620605469e-01 2.734689116477966309e-01 -1.015176698565483093e-01 7.694942951202392578e-01 5.669134259223937988e-01
8.675208687782287598e-01 -7.740697860717773438e-01 7.499417662620544434e-01 2.299382984638214111e-01 -2.285643666982650757e-02 1.856131702661514282e-01 -1.885547488927841187e-01 1.707295700907707214e-02 -2.051925212144851685e-01 -1.800949126482009888e-02 1.150013923645019531e+00 -9.729920029640197754e-01 -2.938438951969146729e-01 -3.927429914474487305e-01 4.892140924930572510e-01 3.646705672144889832e-02 1.994482725858688354e-01 -2.946258783340454102e-01 9.565196633338928223e-01 -1.739829927682876587e-01 -3.744362294673919678e-01 1.152872681617736816e+00 -3.818319737911224365e-01 -7.999027967453002930e-01 2.718609869480133057e-01 3.423658311367034912e-01 -9.698151051998138428e-02 3.514007106423377991e-02 6.152172684669494629e-01 4.000119864940643311e-01 8.005119562149047852e-01 -6.481378674507141113e-01 2.344222664833068848e-01 2.964149713516235352e-01 -3.800167441368103027e-01 -2.910063862800598145e-01 3.335371315479278564e-01 9.470854401588439941e-01 4.374700784683227539e-02 1.756487041711807251e-01 -6.380494832992553711e-01 1.650548428297042847e-01 -6.760529428720474243e-02 -1.445462703704833984e-01 5.706832408905029297e-01 -7.702748179435729980e-01 -2.430076599121093750e-01 -5.513143539428710938e-01 -2.481725662946701050e-01 4.192025363445281982e-01 3.024095892906188965e-01 -5.495888590812683105e-01 3.144418597221374512e-01 4.181766882538795471e-02 1.197624579071998596e-01 1.623125821352005005e-01 2.268966883420944214e-01 -5.540248751640319824e-01 -2.308388985693454742e-02 -3.959880024194717407e-02 -2.752436101436614990e-01 2.301550060510635376e-01 2.266358584165573120e-01 5.963995680212974548e-02
4.839414656162261963e-01 -5.377387404441833496e-01 4.701552689075469971e-01 -4.509451612830162048e-02 -7.387894392013549805e-01 -2.602860033512115479e-01 -2.814073860645294189e-01 -4.229126572608947754e-01 -1.678896993398666382e-01 -9.179121255874633789e-01 -3.527686232700943947e-03 -4.855715930461883545e-01 -1.598449796438217163e-01 2.603228986263275146e-01 -1.401940286159515381e-01 -1.149615924805402756e-02 -9.726814180612564087e-02 -2.221953310072422028e-02 5.605347752571105957e-01 2.237883061170578003e-01 3.247075378894805908e-01 3.480493128299713135e-01 5.644947290420532227e-01 -2.795419096946716309e-01 8.476144075393676758e-02 5.907894372940063477e-01 -3.035727143287658691e-01 1.703188419342041016e-01 4.004901349544525146e-01 7.700759172439575195e-01 7.851533591747283936e-02 -4.268584549427032471e-01 3.956370428204536438e-02 -2.072953134775161743e-01 -3.782436251640319824e-02 2.377726286649703979e-01 -1.108035072684288025e-01 6.164215803146362305e-01 -2.704176902770996094e-01 -1.791390180587768555e-01 -7.685627043247222900e-02 1.799369305372238159e-01 -1.560958027839660645e-01 -2.545180320739746094e-01 1.181585669517517090e+00 -3.273373544216156006e-01 1.259470283985137939e-01 -4.079461693763732910e-01 3.953975439071655273e-01 7.379684448242187500e-01 -2.744417786598205566e-01 -5.587987899780273438e-01 2.043029665946960449e-01 1.780810356140136719e-01 7.315005660057067871e-01 -3.938572108745574951e-01 -3.266748785972595215e-01 9.463031589984893799e-02 -4.825471639633178711e-01 1.115918979048728943e-01 -7.057218551635742188e-01 6.291067600250244141e-01 -1.580830663442611694e-01 -1.626087427139282227e-01
7.661803364753723145e-01 -3.265290334820747375e-02 5.152015686035156250e-01 -1.853375732898712158e-01 -7.235061377286911011e-02 -4.091832935810089111e-01 -6.512410044670104980e-01 1.280402392148971558e-01 -1.289110302925109863e+00 -4.042640328407287598e-01 8.813288211822509766e-01 2.339358255267143250e-02 4.777229726314544678e-01 -4.401117265224456787e-01 4.833469688892364502e-01 2.079298645257949829e-01 1.956304013729095459e-01 1.690656393766403198e-01 1.780154705047607422e-01 7.249183654785156250e-01 3.220766484737396240e-01 1.219328522682189941e+00 5.712571740150451660e-01 -6.908301711082458496e-01 1.158327832818031311e-01 4.060972332954406738e-01 3.558691740036010742e-01 -2.936920821666717529e-01 -5.018222928047180176e-01 -4.382594488561153412e-03 -9.001718461513519287e-02 3.324694037437438965e-01 1.736619770526885986e-01 1.058661937713623047e-02 -1.611910611391067505e-01 -2.496572956442832947e-02 1.142534986138343811e-01 2.575286626815795898e-01 2.918394207954406738e-01 2.790029942989349365e-01 -1.741846650838851929e-01 3.018330037593841553e-01 9.715361148118972778e-02 1.367323279380798340e+00 2.700038850307464600e-01 1.492444127798080444e-01 3.858438879251480103e-02 2.690126001834869385e-01 3.786887824535369873e-01 1.401491761207580566e-01 5.054094195365905762e-01 -6.979695707559585571e-02 6.811425089836120605e-01 8.657912909984588623e-02 -3.642243444919586182e-01 3.284953236579895020e-01 1.683659106492996216e-01 -6.963322758674621582e-01 -4.940594360232353210e-02 2.592608332633972168e-01 -8.425939083099365234e-02 -4.939588606357574463e-01 -1.862676739692687988e-01 -1.313408166170120239e-01
4.676400423049926758e-01 5.536797046661376953e-01 5.851666927337646484e-01 -7.758203148841857910e-01 -9.576140642166137695e-01 -6.632035374641418457e-01 3.575001060962677002e-01 3.548201620578765869e-01 -3.196727037429809570e-01 1.018782481551170349e-01 2.284715324640274048e-01 -1.144911766052246094e+00 -6.640346646308898926e-01 -3.625613152980804443e-01 8.246734738349914551e-01 3.702273368835449219e-01 9.377363324165344238e-02 -4.402814209461212158e-01 1.089000403881072998e-01 6.580092906951904297e-01 6.837384700775146484e-01 5.232933759689331055e-01 4.282021224498748779e-01 5.259628891944885254e-01 5.795786380767822266e-01 3.725308552384376526e-02 1.627244949340820312e-01 -8.989928960800170898e-01 2.270498871803283691e-01 8.278682082891464233e-02 -3.827663511037826538e-02 4.554168581962585449e-01 4.759970679879188538e-02 -1.302553176879882812e+00 -4.638949930667877197e-01 1.839956790208816528e-01 6.426481008529663086e-01 6.808146834373474121e-01 -4.503754079341888428e-01 -1.603879183530807495e-01 -7.163158655166625977e-01 -2.384790331125259399e-01 -4.863601326942443848e-01 5.144338607788085938e-01 1.735635995864868164e-01 -5.281697511672973633e-01 1.311065852642059326e-01 -2.484069317579269409e-01 6.892036795616149902e-01 2.931766211986541748e-01 -1.597353219985961914e-01 -1.429987978190183640e-02 -1.160611286759376526e-01 -4.227668941020965576e-01 -2.963214814662933350e-01 -7.267040014266967773e-02 6.346127390861511230e-02 -5.172334909439086914e-01 1.849860101938247681e-01 -9.013123512268066406e-01 -6.556653380393981934e-01 -3.457358181476593018e-01 1.944256275892257690e-01 3.406092822551727295e-01
8.107659816741943359e-01 -4.841683506965637207e-01 5.625714659690856934e-01 -5.750388503074645996e-01 1.002304181456565857e-01 -3.094881772994995117e-01 1.600983887910842896e-01 -7.323949933052062988e-01 -9.492843747138977051e-01 -2.836723625659942627e-01 7.227206826210021973e-01 -4.993143677711486816e-01 -3.189359605312347412e-01 -1.116066694259643555e+00 -6.559807062149047852e-01 8.186644315719604492e-01 3.108976483345031738e-01 3.637810647487640381e-01 1.505380845628678799e-03 1.199623346328735352e+00 2.604585587978363037e-01 7.892703264951705933e-02 3.469591736793518066e-01 -5.744956135749816895e-01 3.692343533039093018e-01 -3.711515665054321289e-01 -1.635033935308456421e-01 -6.983595490455627441e-01 3.567656576633453369e-01 2.721974551677703857e-01 -3.803075850009918213e-01 4.539267420768737793e-01 -6.817870736122131348e-01 -9.482231736183166504e-02 6.108771637082099915e-02 3.020157814025878906e-01 -2.216057628393173218e-01 -8.950380086898803711e-01 7.837982475757598877e-02 -5.283005833625793457e-01 8.668058365583419800e-02 2.979713976383209229e-01 -1.488174498081207275e-01 2.908199727535247803e-01 1.599390059709548950e-01 9.097288362681865692e-03 -1.062942147254943848e-01 -1.523410230875015259e-01 -9.320493787527084351e-03 -2.421243041753768921e-01 -7.945035099983215332e-01 3.585028275847434998e-02 1.149258852005004883e+00 -8.453497886657714844e-01 -4.134281277656555176e-01 -9.150862693786621094e-01 -9.615740180015563965e-02 -1.910760998725891113e-01 -1.040095929056406021e-02 2.338213920593261719e-01 -2.520135343074798584e-01 -2.230203300714492798e-01 -3.436627984046936035e-01 -2.141327112913131714e-01
3.420940339565277100e-01 1.954423338174819946e-01 3.153467476367950439e-01 9.319145977497100830e-02 -5.305373072624206543e-01 -1.111033037304878235e-01 4.036771655082702637e-01 3.745570778846740723e-01 -4.378474354743957520e-01 -5.024393796920776367e-01 3.395601809024810791e-01 -2.379721403121948242e-01 -5.790721774101257324e-01 1.711777225136756897e-02 7.179385423660278320e-01 3.122437596321105957e-01 2.850168943405151367e-01 -1.443381141871213913e-02 7.698745727539062500e-01 1.070595264434814453e+00 8.827345073223114014e-02 6.166818141937255859e-01 6.755068302154541016e-01 -3.268437683582305908e-01 2.979541122913360596e-01 2.849397361278533936e-01 -3.942505419254302979e-01 -3.600889742374420166e-01 -1.612329296767711639e-02 1.462262719869613647e-01 5.914894491434097290e-02 3.798427581787109375e-01 1.435182243585586548e-01 -3.817107975482940674e-01 -2.468810081481933594e-01 -1.303215175867080688e-01 2.143978923559188843e-01 9.894067645072937012e-01 -2.165010422468185425e-01 8.217084407806396484e-02 -1.796486377716064453e-01 2.633113563060760498e-01 -5.507820248603820801e-01 2.147779911756515503e-01 7.036423087120056152e-01 -7.061032056808471680e-01 2.891037166118621826e-01 6.937179565429687500e-01 3.484116494655609131e-02 -7.966221123933792114e-02 6.286688148975372314e-02 -3.930065333843231201e-01 1.163720712065696716e-01 -1.916947513818740845e-01 4.813799262046813965e-01 -2.394226044416427612e-01 -1.630789786577224731e-01 -7.411349415779113770e-01 -1.648789048194885254e-01 -2.313563823699951172e-01 -8.347368240356445312e-01 -2.246553152799606323e-01 2.907107472419738770e-01 1.574038118124008179e-01
3.274956643581390381e-01 -6.633406877517700195e-01 4.968015253543853760e-01 5.244361758232116699e-01 -6.449201703071594238e-01 -7.693285495042800903e-02 -2.774467468261718750e-01 -8.946901559829711914e-02 -5.480693578720092773e-01 -1.249473452568054199e+00 2.119407504796981812e-01 -4.058718085289001465e-01 -5.748978350311517715e-03 9.799669682979583740e-02 3.310488164424896240e-02 4.734840393066406250e-01 -3.099098205566406250e-01 -2.073137313127517700e-01 1.938009560108184814e-01 2.319800853729248047e-01 8.482242375612258911e-02 4.681935608386993408e-01 4.847249686717987061e-01 -3.111159503459930420e-01 4.825558364391326904e-01 6.579210758209228516e-01 -2.213039249181747437e-01 1.809494793415069580e-01 6.250608563423156738e-01 4.663639962673187256e-01 -1.222488284111022949e-01 -3.065225780010223389e-01 -1.997034549713134766e-01 -2.712201178073883057e-01 3.955807983875274658e-01 1.331206560134887695e-01 1.884232759475708008e-01 7.439391016960144043e-01 -5.162234902381896973e-01 -4.608159661293029785e-01 -2.084422856569290161e-01 -1.088058724999427795e-01 -2.165650725364685059e-01 -1.322322934865951538e-01 5.618358850479125977e-01 -2.654360234737396240e-01 -2.320780456066131592e-01 -8.603372573852539062e-01 4.973239004611968994e-01 9.133175611495971680e-01 5.154380109161138535e-03 -5.281534790992736816e-01 -1.623473912477493286e-01 3.417806029319763184e-01 6.267120242118835449e-01 -4.380492568016052246e-01 -9.576422721147537231e-02 2.344291359186172485e-01 -5.440510511398315430e-01 3.053621947765350342e-01 -7.102478742599487305e-01 6.301049590110778809e-01 1.528355479240417480e-01 -1.364890784025192261e-01
2.667396068572998047e-01 2.221561372280120850e-01 3.376601338386535645e-01 1.306657642126083374e-01 -5.766599774360656738e-01 -4.440592601895332336e-02 6.182023286819458008e-01 1.153841018676757812e-01 -3.775750100612640381e-01 -4.841855466365814209e-01 3.943766653537750244e-01 -7.343921065330505371e-01 -5.244707465171813965e-01 -4.909637942910194397e-02 1.157425999641418457e+00 4.568924903869628906e-01 2.738385498523712158e-01 -2.539307475090026855e-01 5.496812462806701660e-01 6.472893953323364258e-01 4.148777574300765991e-02 3.637168407440185547e-01 7.385481595993041992e-01 -4.037877619266510010e-01 1.764337271451950073e-01 6.306574940681457520e-01 -1.830758005380630493e-01 -6.385254859924316406e-01 -3.158611357212066650e-01 7.001474499702453613e-02 3.461356461048126221e-01 3.331152796745300293e-01 6.707558780908584595e-02 -6.066524982452392578e-01 -2.540158629417419434e-01 -8.869518339633941650e-02 -3.064242005348205566e-02 7.469809651374816895e-01 -5.284769535064697266e-01 9.093376249074935913e-02 -5.703383088111877441e-01 6.826741099357604980e-01 -3.423920273780822754e-01 4.980575740337371826e-01 5.455016493797302246e-01 -2.285718917846679688e-01 4.106814861297607422e-01 7.325904369354248047e-01 1.074957922101020813e-01 1.010707914829254150e-01 -1.986930966377258301e-01 -5.614628791809082031e-01 1.255864053964614868e-01 -5.604445338249206543e-01 2.608329653739929199e-01 -7.911773025989532471e-02 -2.419168204069137573e-01 -8.178297877311706543e-01 -1.960631906986236572e-01 1.545718591660261154e-02 -5.677378177642822266e-01 -4.581376537680625916e-02 6.678353548049926758e-01 4.047951698303222656e-01
3.886342346668243408e-01 -4.641149640083312988e-01 2.799664735794067383e-01 1.362254172563552856e-01 5.726835504174232483e-02 -5.451852083206176758e-01 -3.528293371200561523e-01 -4.533670842647552490e-02 5.053917765617370605e-01 -2.223545908927917480e-01 5.417674779891967773e-01 -9.515362977981567383e-02 -8.279204964637756348e-01 1.565546728670597076e-02 -6.206221133470535278e-02 -1.032027006149291992e-01 -1.458218246698379517e-01 -2.177258580923080444e-01 5.046760439872741699e-01 6.810811161994934082e-01 -8.087103813886642456e-02 2.006121277809143066e-01 6.130362153053283691e-01 -3.606758117675781250e-01 4.298721253871917725e-01 2.856202721595764160e-01 -2.311418354511260986e-01 -8.337417989969253540e-02 5.987515449523925781e-01 -3.968498408794403076e-01 -2.445808425545692444e-02 -3.142043948173522949e-01 -2.243541330099105835e-01 -6.092865467071533203e-01 -4.787286818027496338e-01 4.624931514263153076e-02 -1.019837334752082825e-01 3.008191287517547607e-01 -9.936605580151081085e-03 -5.989357829093933105e-01 -4.819334670901298523e-02 -1.520469635725021362e-01 -2.987329959869384766e-01 1.029372215270996094e-01 1.089857816696166992e+00 -2.104062438011169434e-01 2.541431188583374023e-01 4.380336403846740723e-02 2.634955011308193207e-02 1.095493912696838379e+00 -7.350146025419235229e-02 -6.196100711822509766e-01 3.923219814896583557e-02 3.689570128917694092e-01 8.508530259132385254e-01 7.202897965908050537e-02 -1.732957214117050171e-01 1.714376062154769897e-01 -2.069636732339859009e-01 3.927025496959686279e-01 -1.741350255906581879e-02 -1.119862645864486694e-01 3.289446532726287842e-01 1.727649420499801636e-01
4.338518381118774414e-01 3.773364722728729248e-01 3.122982978820800781e-01 -3.430582582950592041e-01 1.821609437465667725e-01 1.026728469878435135e-02 -3.342330455780029297e-01 2.067845314741134644e-01 -9.455981850624084473e-01 2.514851689338684082e-01 7.524737715721130371e-01 -1.161193251609802246e+00 5.002357065677642822e-02 -7.466440647840499878e-02 7.644912004470825195e-01 -3.380242362618446350e-02 -7.395651936531066895e-02 2.182758152484893799e-01 4.299762547016143799e-01 3.683218359947204590e-01 1.933452785015106201e-01 8.115825653076171875e-01 8.135405182838439941e-01 -7.238692641258239746e-01 2.053686380386352539e-01 4.359768331050872803e-02 3.332341611385345459e-01 -8.323740959167480469e-01 1.099618524312973022e-01 7.452033758163452148e-01 -1.969116041436791420e-03 1.137208104133605957e+00 9.245532006025314331e-02 -5.629284977912902832e-01 -5.131542682647705078e-01 4.834134504199028015e-02 -2.276869416236877441e-01 2.414220869541168213e-01 -3.023227453231811523e-01 8.977406471967697144e-02 -1.792061626911163330e-01 1.759716868400573730e-02 -1.771507710218429565e-01 5.370203852653503418e-01 -1.233184523880481720e-02 -8.670542836189270020e-01 1.692896187305450439e-01 -3.994358777999877930e-01 5.452129617333412170e-02 9.575886726379394531e-01 2.442006021738052368e-01 9.554430842399597168e-02 -3.930761814117431641e-01 -1.230378866195678711e+00 2.997849881649017334e-01 -5.038216710090637207e-01 -4.516455233097076416e-01 -5.729175806045532227e-01 -3.978579342365264893e-01 1.020354390144348145e+00 -2.839648723602294922e-01 4.060851931571960449e-01 2.207268774509429932e-02 6.835956573486328125e-01
-1.208214089274406433e-01 -1.525443196296691895e-01 6.634566187858581543e-01 4.294912517070770264e-01 -3.949582874774932861e-01 -7.782039046287536621e-01 2.779712677001953125e-01 -5.607404708862304688e-01 -2.663256824016571045e-01 3.201271891593933105e-01 2.987217605113983154e-01 -1.044171452522277832e+00 -3.737155497074127197e-01 -4.055225253105163574e-01 -1.186259686946868896e-01 3.680856823921203613e-01 8.445512652397155762e-01 3.594172745943069458e-02 8.222355693578720093e-02 6.137894392013549805e-01 9.903565794229507446e-02 1.062335491180419922e+00 -1.711471080780029297e-01 -1.526042819023132324e-01 1.375602930784225464e-01 5.685667395591735840e-01 -5.039837956428527832e-02 9.998523443937301636e-02 8.217985630035400391e-01 1.103476658463478088e-01 2.302294373512268066e-01 7.843815684318542480e-01 9.513797610998153687e-02 -2.379920184612274170e-01 -2.633746862411499023e-01 3.559930026531219482e-01 -1.578523367643356323e-01 9.861624985933303833e-02 -1.111152529716491699e+00 -3.518331795930862427e-04 5.473025143146514893e-02 -4.525360167026519775e-01 5.884743109345436096e-02 -1.392348706722259521e-01 -4.083552211523056030e-02 -1.013619899749755859e+00 -4.322828948497772217e-01 1.453661620616912842e-01 3.331736326217651367e-01 1.216232180595397949e+00 -6.005905270576477051e-01 3.216349482536315918e-01 9.346195459365844727e-01 1.651257723569869995e-01 -3.138746693730354309e-02 3.448628783226013184e-01 1.372496783733367920e-01 -4.910409450531005859e-01 -1.312862634658813477e-01 1.379759907722473145e+00 -8.714509755373001099e-02 1.788590699434280396e-01 -6.497581005096435547e-01 7.812991738319396973e-02
5.214924812316894531e-01 -3.462899029254913330e-01 4.319270253181457520e-01 6.652969717979431152e-01 2.334708422422409058e-01 -4.778808057308197021e-01 -5.309325456619262695e-02 2.235474437475204468e-01 -5.420777797698974609e-01 4.029398262500762939e-01 1.858738511800765991e-01 -2.554045021533966064e-01 3.398302197456359863e-01 4.858413934707641602e-01 1.463734805583953857e-01 -2.352378517389297485e-01 -8.262075781822204590e-01 3.401812016963958740e-01 -2.321501821279525757e-01 1.657789200544357300e-02 4.964611530303955078e-01 1.379772782325744629e+00 2.453806437551975250e-02 -3.817734420299530029e-01 -2.815599441528320312e-01 8.017882704734802246e-01 9.888488799333572388e-02 3.511383011937141418e-02 3.730507940053939819e-02 -3.142784535884857178e-01 2.933873832225799561e-01 5.960323810577392578e-01 -2.644835785031318665e-02 -1.699103713035583496e-01 -6.896645426750183105e-01 1.976174488663673401e-02 2.589796856045722961e-02 2.820129692554473877e-01 3.299170434474945068e-01 -2.262488901615142822e-01 6.436198949813842773e-02 1.055213287472724915e-01 -4.542808532714843750e-01 1.843162067234516144e-02 8.896768689155578613e-01 -3.327759504318237305e-01 -9.072931855916976929e-02 -2.200213521718978882e-01 4.968507289886474609e-01 1.019193172454833984e+00 1.329302489757537842e-01 2.573402971029281616e-02 8.915327191352844238e-01 1.163683161139488220e-01 -4.521673545241355896e-02 -1.036763861775398254e-01 -4.290996193885803223e-01 -7.671536803245544434e-01 -3.330224752426147461e-02 -6.180198192596435547e-01 -2.334545850753784180e-01 -4.271351993083953857e-01 -3.822179734706878662e-01 -1.583615392446517944e-01
4.966633021831512451e-01 -1.021461009979248047e+00 8.980468511581420898e-01 -1.670164167881011963e-01 -1.161885932087898254e-01 -1.199962496757507324e+00 -4.495622217655181885e-01 -8.743976801633834839e-02 5.124719440937042236e-02 1.238242238759994507e-01 2.362233102321624756e-01 -9.825946688652038574e-01 6.158151030540466309e-01 3.805921971797943115e-01 1.038921952247619629e+00 5.744221806526184082e-01 -2.979883551597595215e-01 -1.055738031864166260e-01 9.294868707656860352e-01 2.198085337877273560e-01 4.047512412071228027e-01 2.045594155788421631e-01 3.463231027126312256e-01 -3.392271995544433594e-01 5.650277137756347656e-01 5.053060650825500488e-01 -2.371171414852142334e-01 -7.496630549430847168e-01 1.047254502773284912e-01 -1.390998065471649170e-01 8.784955367445945740e-03 7.330715060234069824e-01 -5.482720136642456055e-01 1.546862348914146423e-02 -3.258512616157531738e-01 -2.065743505954742432e-01 2.660003900527954102e-01 7.668358087539672852e-01 9.701064229011535645e-02 -1.555778682231903076e-01 4.137690961360931396e-01 1.678406447172164917e-01 -1.058826688677072525e-02 7.882612943649291992e-01 -3.522949293255805969e-02 -4.596053063869476318e-01 -2.494246885180473328e-02 8.951082080602645874e-02 3.585155904293060303e-01 1.038952469825744629e+00 2.963680326938629150e-01 2.747976593673229218e-02 -1.142667010426521301e-01 2.442613691091537476e-01 1.056934371590614319e-01 -8.605212569236755371e-01 -2.618881762027740479e-01 -3.572932630777359009e-02 5.196171402931213379e-01 5.335420370101928711e-02 -6.160187721252441406e-01 2.154416441917419434e-01 -5.821473002433776855e-01 -2.360327243804931641e-01
4.371699988842010498e-01 -6.976112723350524902e-01 6.220898404717445374e-02 -4.630712419748306274e-02 -2.207193821668624878e-01 -3.843651711940765381e-01 -2.618443667888641357e-01 1.142575498670339584e-02 -1.674262620508670807e-02 -8.727524876594543457e-01 5.170628428459167480e-01 -1.223679631948471069e-01 -2.229609489440917969e-01 1.913357973098754883e-01 4.000146687030792236e-01 4.405496418476104736e-01 -1.340434551239013672e-01 -4.022400677204132080e-01 4.163826107978820801e-01 4.950408041477203369e-01 1.112338453531265259e-01 4.371200203895568848e-01 5.439197421073913574e-01 -1.771952956914901733e-01 3.808557987213134766e-01 2.296574264764785767e-01 1.268304735422134399e-01 5.076386332511901855e-01 -3.736583888530731201e-02 2.818844914436340332e-01 5.949727296829223633e-01 -2.352908849716186523e-01 1.540143489837646484e-01 -4.479261338710784912e-01 1.881772130727767944e-01 -2.615102827548980713e-01 -1.293319016695022583e-01 3.373182117938995361e-01 -5.509128570556640625e-01 -2.578144967555999756e-01 2.329583913087844849e-01 -6.976487580686807632e-03 -5.356732606887817383e-01 -2.641779184341430664e-01 6.699616909027099609e-01 -8.959721326828002930e-01 9.479293823242187500e-01 -1.638938188552856445e-01 5.399459004402160645e-01 1.228720664978027344e+00 -1.248145699501037598e-01 -7.437480688095092773e-01 1.481797099113464355e-01 1.957497894763946533e-01 5.375602245330810547e-01 -4.363816082477569580e-01 -5.818040296435356140e-02 -4.053914248943328857e-01 -8.743429929018020630e-02 2.244086414575576782e-01 -6.276143789291381836e-01 -2.614240050315856934e-01 2.439861595630645752e-01 1.497825831174850464e-01
-5.941366031765937805e-02 -7.558717727661132812e-01 6.558830291032791138e-02 1.082283705472946167e-01 -5.067349076271057129e-01 -5.829623937606811523e-01 -1.571749597787857056e-01 -1.320642530918121338e-01 -3.902345523238182068e-02 -1.095577478408813477e+00 5.473664999008178711e-01 -1.067797765135765076e-01 3.004604279994964600e-01 3.008603751659393311e-01 3.148950636386871338e-01 3.056935369968414307e-01 -3.048251755535602570e-02 -2.288110405206680298e-01 1.930665820837020874e-01 4.331924021244049072e-01 8.151556551456451416e-02 5.997769832611083984e-01 3.056857585906982422e-01 -3.447252213954925537e-01 -1.598173975944519043e-01 1.983319222927093506e-01 -8.160684956237673759e-04 2.244759947061538696e-01 3.248184621334075928e-01 2.853474915027618408e-01 2.187564522027969360e-01 -5.933560132980346680e-01 -4.010438919067382812e-01 -2.119719535112380981e-01 -1.212344132363796234e-02 5.685493350028991699e-02 -2.242340892553329468e-01 6.697177886962890625e-01 -2.860744297504425049e-01 -2.613849341869354248e-01 1.408668309450149536e-01 1.013785377144813538e-01 -5.637762546539306641e-01 -6.179397106170654297e-01 7.864458560943603516e-01 -8.238366246223449707e-01 3.503821194171905518e-01 -2.704545557498931885e-01 3.961122035980224609e-01 9.049196243286132812e-01 -4.155203402042388916e-01 -4.815729856491088867e-01 -1.112293335609138012e-03 2.801589071750640869e-01 4.773361384868621826e-01 -1.401689946651458740e-01 5.373753905296325684e-01 -1.970936954021453857e-01 -1.262427717447280884e-01 1.545104570686817169e-02 -8.535944819450378418e-01 3.745696842670440674e-01 -3.686560690402984619e-01 1.308091282844543457e-01
3.705179989337921143e-01 -1.981591135263442993e-01 6.922106146812438965e-01 7.629444003105163574e-01 -3.686846196651458740e-01 -4.895618259906768799e-01 -1.942417919635772705e-01 -3.923428058624267578e-01 1.940147206187248230e-02 -2.130798697471618652e-01 7.403289079666137695e-01 -5.206193923950195312e-01 -6.758729219436645508e-01 -4.208382070064544678e-01 2.389072477817535400e-01 3.145364224910736084e-01 3.615426421165466309e-01 -2.091472893953323364e-01 7.624782323837280273e-01 7.088300585746765137e-01 -3.944029510021209717e-01 -2.905165310949087143e-04 -2.578009366989135742e-01 -4.671539962291717529e-01 1.289728730916976929e-01 -3.484810292720794678e-01 -2.180461585521697998e-01 3.032193779945373535e-01 2.831246554851531982e-01 -9.804735332727432251e-02 -5.115761607885360718e-02 7.170881628990173340e-01 -9.284381568431854248e-02 7.048421353101730347e-02 3.898175060749053955e-01 2.903770506381988525e-01 1.842185258865356445e-01 6.954912543296813965e-01 -3.922075331211090088e-01 -5.377962589263916016e-01 4.248711466789245605e-01 3.366186618804931641e-01 9.015073627233505249e-02 2.568588256835937500e-01 5.640565156936645508e-01 -5.549676418304443359e-01 -4.847493395209312439e-02 -2.865851484239101410e-02 -5.046742781996726990e-02 6.680045127868652344e-01 4.347397387027740479e-01 -6.078218221664428711e-01 3.888404071331024170e-01 -1.343325674533843994e-01 7.682139873504638672e-01 -1.680397987365722656e-01 -4.153765141963958740e-01 -3.619974255561828613e-01 -2.061126679182052612e-01 -2.500874102115631104e-01 -3.223774433135986328e-01 -2.295275032520294189e-01 1.035788655281066895e-01 -1.245148479938507080e-02
2.781804502010345459e-01 -1.898608505725860596e-01 9.293134212493896484e-01 2.858584523200988770e-01 -4.495972990989685059e-01 -6.073961257934570312e-01 -7.145591080188751221e-02 3.435277044773101807e-01 1.597724109888076782e-01 1.775063574314117432e-01 8.262482881546020508e-01 -5.486258268356323242e-01 -7.827029824256896973e-01 -3.372054100036621094e-01 3.624473810195922852e-01 2.909169793128967285e-01 3.259510695934295654e-01 8.669162541627883911e-02 5.839765071868896484e-01 2.590451240539550781e-01 2.527540363371372223e-02 2.116316407918930054e-01 -4.043446108698844910e-02 -6.789514422416687012e-01 2.922746837139129639e-01 4.402440190315246582e-01 -9.443290531635284424e-02 5.661256909370422363e-01 5.389806628227233887e-01 -2.431278973817825317e-01 2.198980897665023804e-01 2.481439560651779175e-01 3.490926921367645264e-01 2.700175046920776367e-01 -2.447488903999328613e-01 3.446842133998870850e-01 -1.091523841023445129e-01 9.397235512733459473e-02 -4.130761325359344482e-01 -5.431879758834838867e-01 9.365086257457733154e-02 5.563862249255180359e-02 -1.123990640044212341e-01 6.485615372657775879e-01 7.729552984237670898e-01 -7.769021987915039062e-01 -1.287403553724288940e-01 4.234683811664581299e-01 1.114653050899505615e-01 6.414256095886230469e-01 7.185943424701690674e-02 -6.419364809989929199e-01 5.364589691162109375e-01 3.237726390361785889e-01 6.835677027702331543e-01 4.778516292572021484e-01 -3.459737598896026611e-01 -5.114474296569824219e-01 1.714524775743484497e-01 4.026563838124275208e-04 -3.251601383090019226e-02 -5.524760857224464417e-02 8.813272416591644287e-02 2.454111576080322266e-01
6.956276297569274902e-01 -7.399289011955261230e-01 4.297959506511688232e-01 -4.784970581531524658e-01 -6.357600092887878418e-01 -2.179419994354248047e-01 -2.321637570858001709e-01 2.755549550056457520e-01 -5.822457075119018555e-01 2.324940711259841919e-01 8.112419247627258301e-01 -2.793588936328887939e-01 -7.483632117509841919e-02 -2.904886305332183838e-01 6.710644960403442383e-01 5.641602724790573120e-02 9.769604355096817017e-02 -6.806678175926208496e-01 1.076526880264282227e+00 2.071619182825088501e-01 -3.582574725151062012e-01 6.315030455589294434e-01 -6.538246273994445801e-01 -2.229268699884414673e-01 2.634378671646118164e-01 2.315025627613067627e-01 -1.160540967248380184e-03 -1.190106570720672607e-01 5.076742768287658691e-01 1.431097537279129028e-01 2.144745588302612305e-01 -5.316436290740966797e-01 1.994617432355880737e-01 1.702386140823364258e-01 -5.097202062606811523e-01 2.310676425695419312e-01 5.302072763442993164e-01 9.222190976142883301e-01 2.293056249618530273e-01 1.864419430494308472e-01 -8.935496807098388672e-01 -3.573486208915710449e-01 -7.720653712749481201e-02 1.616826802492141724e-01 6.284472942352294922e-01 -1.052210927009582520e+00 1.417942196130752563e-01 -4.827989935874938965e-01 -4.268419742584228516e-01 3.511560708284378052e-02 7.866830378770828247e-02 -3.544864356517791748e-01 7.819277644157409668e-01 6.038012728095054626e-02 3.170791547745466232e-03 2.092541903257369995e-01 2.395742535591125488e-01 -7.756368517875671387e-01 -2.740869820117950439e-01 -9.097536653280258179e-02 -5.898142457008361816e-01 4.286493062973022461e-01 1.805594116449356079e-01 1.212897896766662598e-01
3.754563331604003906e-01 -2.849163711071014404e-01 5.733798816800117493e-02 2.899310290813446045e-01 7.345899939537048340e-01 -3.623795509338378906e-01 -2.049551308155059814e-01 -3.754521310329437256e-01 -2.829888463020324707e-01 -3.050999641418457031e-01 -2.074437439441680908e-01 -9.284401535987854004e-01 -3.068461120128631592e-01 7.339610904455184937e-02 -1.596534252166748047e-01 8.559149503707885742e-01 -6.850294470787048340e-01 2.027829289436340332e-01 5.323724448680877686e-02 2.676477730274200439e-01 4.117101430892944336e-01 1.362308859825134277e+00 -1.566108316183090210e-01 -5.286347270011901855e-01 -5.885291472077369690e-02 3.737366199493408203e-01 1.673227250576019287e-01 -4.488068521022796631e-01 3.306493461132049561e-01 1.564689278602600098e-01 4.904913902282714844e-01 4.558425843715667725e-01 6.684807687997817993e-02 -4.303463995456695557e-01 -2.962349951267242432e-01 3.659222424030303955e-01 -7.357211410999298096e-02 5.034186244010925293e-01 -8.106757402420043945e-01 -2.585157752037048340e-01 -4.080502390861511230e-01 -1.595194339752197266e-01 1.870613247156143188e-01 -8.676687628030776978e-02 9.604598581790924072e-02 -3.743188381195068359e-01 -2.210070192813873291e-01 -4.636357426643371582e-01 5.605905652046203613e-01 9.819225668907165527e-01 -8.680185079574584961e-01 4.567782208323478699e-02 -4.941447451710700989e-02 -2.052733153104782104e-01 9.668839722871780396e-02 -7.565268874168395996e-02 -5.827655792236328125e-01 -1.122802376747131348e+00 1.626626029610633850e-02 3.022094964981079102e-01 -3.328227102756500244e-01 -3.053118884563446045e-01 -4.263628721237182617e-01 3.145085275173187256e-02
1.904453039169311523e-01 3.982176482677459717e-01 3.096455931663513184e-01 -4.621647596359252930e-01 -1.536848675459623337e-02 -6.595204025506973267e-02 -5.855534672737121582e-01 5.131003856658935547e-01 -8.252292275428771973e-01 1.964413933455944061e-02 1.306306719779968262e-01 -1.724557429552078247e-01 4.019403457641601562e-01 -6.079450249671936035e-01 3.903402984142303467e-01 4.059372469782829285e-02 -2.682548463344573975e-01 2.984409630298614502e-01 5.480660796165466309e-01 9.649344086647033691e-01 3.835447132587432861e-01 9.987138509750366211e-01 1.005338132381439209e-01 -9.485219120979309082e-01 3.535878062248229980e-01 3.963233530521392822e-01 -1.731611639261245728e-01 -7.533968091011047363e-01 -3.102781772613525391e-01 1.226386725902557373e-01 -3.174033761024475098e-01 5.136929750442504883e-01 -5.630284547805786133e-02 -2.149399556219577789e-02 -7.496473193168640137e-01 2.749655246734619141e-01 -4.633935689926147461e-01 1.407040655612945557e-01 1.220351681113243103e-01 -1.451974958181381226e-01 -4.554632902145385742e-01 6.105364561080932617e-01 9.258920699357986450e-02 9.582935571670532227e-01 2.686170302331447601e-02 -2.125297337770462036e-01 1.593695282936096191e-01 -3.002575039863586426e-01 -6.709145009517669678e-02 2.388552725315093994e-01 3.961149454116821289e-01 -4.308109357953071594e-02 2.988021373748779297e-01 3.759733960032463074e-02 -1.136699691414833069e-01 9.457191824913024902e-02 1.067765355110168457e-01 -1.144388675689697266e+00 -5.391423702239990234e-01 2.651588916778564453e-01 -3.301964998245239258e-01 -8.207827061414718628e-02 -1.792172342538833618e-01 9.199337661266326904e-02
5.206567049026489258e-01 7.714637517929077148e-01 9.203699231147766113e-01 -4.129813015460968018e-01 -8.791289329528808594e-01 -7.129863500595092773e-01 3.727372586727142334e-01 5.860841870307922363e-01 -3.638471364974975586e-01 3.653092980384826660e-01 3.381573259830474854e-01 -7.324528098106384277e-01 -6.968655586242675781e-01 -6.845398247241973877e-02 6.216192245483398438e-01 3.385912775993347168e-01 7.580786198377609253e-02 -5.385066270828247070e-01 2.698091864585876465e-01 8.872352838516235352e-01 -3.488966822624206543e-02 8.115800023078918457e-01 1.488755941390991211e-01 2.697246707975864410e-02 1.844794899225234985e-01 -1.834527701139450073e-01 4.031499847769737244e-02 -7.260973453521728516e-01 4.710025489330291748e-01 -6.312786787748336792e-02 6.541953980922698975e-02 3.217296898365020752e-01 -2.812177315354347229e-02 -7.707705497741699219e-01 -5.853472352027893066e-01 2.091530710458755493e-01 1.585296690464019775e-01 1.418863683938980103e-01 -5.242156982421875000e-01 -1.899766623973846436e-01 -3.950138986110687256e-01 -4.517345875501632690e-02 -6.144006848335266113e-01 7.296904921531677246e-01 3.157705068588256836e-01 -5.932529568672180176e-01 -1.153319329023361206e-02 -4.010068178176879883e-01 5.462119579315185547e-01 5.156303048133850098e-01 -1.213219463825225830e-01 -1.748754829168319702e-01 -2.493707090616226196e-01 -5.173342823982238770e-01 -6.665295958518981934e-01 1.214751508086919785e-02 -4.673433899879455566e-01 -3.094711601734161377e-01 -3.350788652896881104e-01 -7.285916805267333984e-01 -5.313305258750915527e-01 -2.476867884397506714e-01 3.765310049057006836e-01 7.630014419555664062e-01
3.768857419490814209e-01 5.734931826591491699e-01 8.908450603485107422e-01 -2.763915657997131348e-01 -8.995894789695739746e-01 -8.680094480514526367e-01 2.971383333206176758e-01 7.889335155487060547e-01 -2.294076383113861084e-01 3.292990326881408691e-01 3.528714776039123535e-01 -6.718719005584716797e-01 -8.945870995521545410e-01 -1.747509539127349854e-01 5.105905532836914062e-01 1.590319573879241943e-01 1.652589142322540283e-01 -5.026828050613403320e-01 2.850078046321868896e-01 7.005113363265991211e-01 1.072714179754257202e-01 8.158233165740966797e-01 3.892085552215576172e-01 4.865942057222127914e-03 -8.391338586807250977e-02 -1.938097029924392700e-01 2.827468216419219971e-01 -7.703576683998107910e-01 4.383489191532135010e-01 4.959191009402275085e-02 1.578247696161270142e-01 3.528500795364379883e-01 6.292540580034255981e-02 -7.353589534759521484e-01 -4.130573570728302002e-01 1.850087493658065796e-01 8.145161718130111694e-02 1.193150281906127930e-01 -3.576343953609466553e-01 -8.049526810646057129e-02 -4.375641345977783203e-01 -1.450116187334060669e-01 -6.116361021995544434e-01 8.492310047149658203e-01 1.075572595000267029e-01 -5.206711888313293457e-01 1.143187284469604492e-02 -4.782000780105590820e-01 5.533146858215332031e-01 5.015447139739990234e-01 1.205192506313323975e-01 1.670358818955719471e-03 -1.129921078681945801e-01 -5.503922700881958008e-01 -7.027795314788818359e-01 -1.112820953130722046e-02 -4.538199603557586670e-01 -2.819587290287017822e-01 -3.930912017822265625e-01 -7.246819138526916504e-01 -4.738115370273590088e-01 -4.496775567531585693e-01 4.644656777381896973e-01 7.707720994949340820e-01
-1.062239482998847961e-01 6.904754042625427246e-02 4.378668069839477539e-01 -4.138437509536743164e-01 -4.821567609906196594e-02 3.326402604579925537e-01 5.662346482276916504e-01 2.939995229244232178e-01 9.991801530122756958e-02 -6.583409011363983154e-02 3.659207820892333984e-01 -7.024881243705749512e-01 -1.688834838569164276e-02 -4.901379048824310303e-01 -1.773489862680435181e-01 1.198395900428295135e-02 -1.021464765071868896e-01 2.066719383001327515e-01 -4.275255203247070312e-01 7.094663381576538086e-01 -2.359916120767593384e-01 1.209016084671020508e+00 -1.393992304801940918e-01 -3.759529888629913330e-01 -4.762396216392517090e-01 9.699974060058593750e-01 -6.417152881622314453e-01 -5.318919420242309570e-01 4.834514260292053223e-01 -1.619301438331604004e-01 4.463846683502197266e-01 2.226105183362960815e-01 -7.069134116172790527e-01 -7.155365943908691406e-01 -6.535015702247619629e-01 3.265953958034515381e-01 -3.810987174510955811e-01 1.517120599746704102e-01 -7.577436566352844238e-01 4.852348566055297852e-01 -5.513128638267517090e-02 1.624594628810882568e-01 -1.802110522985458374e-01 -9.288773685693740845e-02 3.895260393619537354e-01 -1.009717583656311035e+00 -5.575572848320007324e-01 2.759354934096336365e-02 6.769874095916748047e-01 1.170084238052368164e+00 -1.729294210672378540e-01 5.472796559333801270e-01 2.882933616638183594e-01 -3.682665824890136719e-01 -2.992419302463531494e-01 -1.538321822881698608e-01 2.363698333501815796e-01 -6.034883260726928711e-01 -3.147808313369750977e-01 3.161917626857757568e-01 9.975272417068481445e-02 2.334743887186050415e-01 -3.247166574001312256e-01 3.433127403259277344e-01
1.129584074020385742e+00 -1.628059625625610352e+00 1.634701639413833618e-01 -4.822024405002593994e-01 -7.677984237670898438e-01 -4.116902351379394531e-01 6.583494693040847778e-02 -6.941592693328857422e-01 -3.822349309921264648e-01 -1.550309956073760986e-01 1.290915369987487793e+00 -6.999219059944152832e-01 -1.754151880741119385e-01 -4.086895585060119629e-01 1.174143552780151367e+00 1.047230601310729980e+00 6.397585272789001465e-01 -9.966990351676940918e-01 -1.025033816695213318e-01 -1.366915404796600342e-01 3.188433051109313965e-01 9.421136379241943359e-01 3.633831813931465149e-02 -7.801466584205627441e-01 8.512961268424987793e-01 2.100623399019241333e-01 -6.978625804185867310e-02 9.079485200345516205e-03 6.418046355247497559e-01 -3.063297271728515625e-01 -1.325850188732147217e-01 8.432829976081848145e-01 -1.059767365455627441e+00 -1.303929448127746582e+00 -1.637498259544372559e+00 4.058662950992584229e-01 1.221330538392066956e-01 4.707286655902862549e-01 -3.319014310836791992e-01 -3.962163627147674561e-01 8.669840097427368164e-01 6.084282994270324707e-01 -6.293146610260009766e-01 1.243758574128150940e-01 4.729672670364379883e-01 5.092916488647460938e-01 -3.140984773635864258e-01 -7.519615292549133301e-01 -3.477972149848937988e-01 5.974440574645996094e-01 -3.423174023628234863e-01 -9.093431383371353149e-02 1.219357848167419434e+00 -6.885421276092529297e-01 -2.628959119319915771e-01 1.218009352684020996e+00 -3.254962563514709473e-01 -4.230279326438903809e-01 -5.262906551361083984e-01 9.731608033180236816e-01 -8.508639335632324219e-01 -6.798763275146484375e-01 -2.300509661436080933e-01 -3.689062893390655518e-01
1.746794581413269043e+00 -7.213330864906311035e-01 -2.840206027030944824e-01 4.878548905253410339e-02 -4.343952536582946777e-01 -2.881891131401062012e-01 2.239205241203308105e-01 -2.202149182558059692e-01 -9.765566587448120117e-01 2.927978038787841797e-01 1.604974031448364258e+00 -1.682550430297851562e+00 -1.547570228576660156e-01 -7.231940031051635742e-01 4.386704266071319580e-01 1.282077878713607788e-01 1.798886209726333618e-01 -4.267103970050811768e-01 1.336622089147567749e-01 -2.982946671545505524e-02 4.625453352928161621e-01 3.104451596736907959e-01 4.715911746025085449e-01 2.842384278774261475e-01 1.297598034143447876e-01 7.118333578109741211e-01 -1.678935140371322632e-01 -2.605572342872619629e-01 -4.227136671543121338e-01 5.142356157302856445e-01 -3.101441562175750732e-01 9.342327117919921875e-01 2.674911916255950928e-01 -8.962592482566833496e-01 -4.556155502796173096e-01 -5.074184387922286987e-02 -3.690140545368194580e-01 -6.511884182691574097e-02 2.284626811742782593e-01 -1.155602186918258667e-01 7.144399285316467285e-01 2.643533349037170410e-01 -4.812747836112976074e-01 -6.096041798591613770e-01 5.942226052284240723e-01 1.682051867246627808e-01 -4.656774997711181641e-01 -7.063917517662048340e-01 1.570460200309753418e+00 4.144816696643829346e-01 4.079661071300506592e-01 5.132391452789306641e-01 -4.514600634574890137e-01 7.727966308593750000e-01 -5.192111730575561523e-01 -6.977382898330688477e-01 -1.239613294601440430e-01 -6.247244477272033691e-01 -1.187283396720886230e+00 1.054317831993103027e+00 -4.180877506732940674e-01 -5.849981904029846191e-01 -7.772641722112894058e-03 1.481510549783706665e-01
6.200175881385803223e-01 -2.266254723072052002e-01 2.220180481672286987e-01 1.402246057987213135e-01 4.044499099254608154e-01 -2.646843194961547852e-01 5.614147186279296875e-01 -4.829127714037895203e-02 -3.736422955989837646e-02 -6.337910890579223633e-01 8.990879058837890625e-01 -4.142035543918609619e-01 7.674656342715024948e-03 -1.814589351415634155e-01 4.770949780941009521e-01 5.976531282067298889e-02 -1.404736638069152832e-01 -4.311828315258026123e-01 -1.469058841466903687e-01 1.159025952219963074e-01 -2.053224742412567139e-01 -1.812454499304294586e-02 -2.030676752328872681e-01 -9.145368933677673340e-01 -6.861974298954010010e-02 7.528215050697326660e-01 2.476411610841751099e-01 -7.605387270450592041e-02 5.113773941993713379e-01 1.620289683341979980e-02 2.777324318885803223e-01 2.936408519744873047e-01 -3.845103085041046143e-01 2.355946451425552368e-01 -5.952011942863464355e-01 5.153615474700927734e-01 3.437210805714130402e-03 5.915439128875732422e-01 -2.862188518047332764e-01 -5.574518442153930664e-01 1.959740072488784790e-01 -1.805097907781600952e-01 -1.349370628595352173e-01 8.615779131650924683e-02 5.117783546447753906e-01 -1.642198085784912109e+00 -4.934372901916503906e-01 -3.225890398025512695e-01 1.605122685432434082e-01 1.681407094001770020e-01 6.654045730829238892e-02 -2.574115395545959473e-01 6.735265254974365234e-01 1.361407041549682617e-01 2.576750814914703369e-01 -7.981158494949340820e-01 5.754593610763549805e-01 -7.458945512771606445e-01 -6.472644209861755371e-02 -2.788783013820648193e-01 -3.192384839057922363e-01 -1.659494042396545410e-01 -2.486242055892944336e-01 5.569954961538314819e-02
2.838670015335083008e-01 -1.007057800889015198e-01 -8.238507062196731567e-02 -1.818693876266479492e-01 -7.015112787485122681e-02 -5.028313398361206055e-01 -4.746691882610321045e-01 -1.642213016748428345e-02 -1.066571399569511414e-01 -7.376590371131896973e-01 -1.066389381885528564e-01 -6.130644083023071289e-01 -3.449530005455017090e-01 -7.437115907669067383e-02 1.159908324480056763e-01 4.814027622342109680e-02 -3.890282288193702698e-02 -2.315109372138977051e-01 2.429774999618530273e-01 1.402443051338195801e-01 -4.649669229984283447e-01 4.897609055042266846e-01 3.847991675138473511e-02 -2.760347723960876465e-01 -3.089666962623596191e-01 4.332992732524871826e-01 -7.122952938079833984e-01 -7.292096018791198730e-01 6.754469275474548340e-01 -5.565233826637268066e-01 1.077288854867219925e-02 7.482528686523437500e-02 -4.088875055313110352e-01 -2.072020322084426880e-01 -8.063451647758483887e-01 -3.997635841369628906e-01 6.776551604270935059e-01 -1.116297789849340916e-03 6.994507312774658203e-01 4.449815955013036728e-03 1.139393635094165802e-02 1.953523159027099609e-01 1.893390268087387085e-01 5.322960615158081055e-01 9.667892456054687500e-01 1.900944262742996216e-01 2.239530831575393677e-01 -3.211722075939178467e-01 6.094397976994514465e-02 7.534335255622863770e-01 2.165408581495285034e-01 -4.739714860916137695e-01 3.717124760150909424e-01 2.388790994882583618e-01 5.715230703353881836e-01 -3.698855340480804443e-01 -7.006549835205078125e-01 -2.755831740796566010e-02 -5.680433511734008789e-01 5.492885112762451172e-01 -5.180335640907287598e-01 4.834438562393188477e-01 3.342781662940979004e-01 3.472895920276641846e-01
8.146646022796630859e-01 -2.255747765302658081e-01 4.670609235763549805e-01 7.262766361236572266e-01 -3.550114333629608154e-01 -5.256241559982299805e-01 -5.475789904594421387e-01 -1.870639324188232422e-01 -5.480260252952575684e-01 -2.729112803936004639e-01 4.602538943290710449e-01 -3.525326550006866455e-01 1.028355360031127930e-01 -1.975530982017517090e-01 -7.344731688499450684e-02 -5.147615075111389160e-01 -9.759978204965591431e-02 -4.423964917659759521e-01 -2.585516273975372314e-01 9.768643230199813843e-02 4.435527920722961426e-01 1.263408184051513672e+00 2.170037031173706055e-01 -5.648025497794151306e-02 -7.077069282531738281e-01 9.174027293920516968e-02 -2.136035561561584473e-01 4.151780903339385986e-01 2.194241732358932495e-01 5.249727144837379456e-02 3.992450535297393799e-01 8.464895486831665039e-01 -6.924345493316650391e-01 -1.672036051750183105e-01 -4.625861048698425293e-01 -6.796811223030090332e-01 6.444346308708190918e-01 8.882260881364345551e-03 3.649498224258422852e-01 -1.870374232530593872e-01 1.872940957546234131e-01 6.557950377464294434e-01 -2.432655990123748779e-01 1.410149335861206055e-01 6.653992533683776855e-01 2.006472647190093994e-01 -6.679558008909225464e-02 2.941008508205413818e-01 7.339782714843750000e-01 6.794786453247070312e-01 -1.213925331830978394e-01 6.377100199460983276e-02 7.409147024154663086e-01 6.265576481819152832e-01 -9.876109361648559570e-01 -2.693677544593811035e-01 -2.252181917428970337e-01 -3.357735872268676758e-01 4.785548150539398193e-02 4.260360896587371826e-01 -5.692200064659118652e-01 -3.997590243816375732e-01 -2.894610166549682617e-01 1.790926977992057800e-02
2.829793691635131836e-01 8.116693235933780670e-03 7.148861140012741089e-02 2.691072523593902588e-01 -1.157264485955238342e-01 -4.214282929897308350e-01 -2.263616174459457397e-01 6.760716438293457031e-01 -6.214790046215057373e-02 -1.084403619170188904e-01 6.972751021385192871e-01 -3.804100453853607178e-01 -9.378250837326049805e-01 1.570642143487930298e-01 1.390620172023773193e-01 4.216715395450592041e-01 -2.239363640546798706e-01 1.028963178396224976e-01 2.106383889913558960e-01 7.049685120582580566e-01 6.781859695911407471e-02 5.164259672164916992e-01 3.616786003112792969e-01 -4.734805524349212646e-01 -1.568248718976974487e-01 9.217501282691955566e-01 -2.583351731300354004e-01 2.932424843311309814e-01 1.963227838277816772e-01 3.768221735954284668e-01 -2.019235789775848389e-01 -2.125959247350692749e-01 -1.241070702672004700e-01 -6.404462456703186035e-01 -4.476545751094818115e-01 -2.037104070186614990e-01 4.475381076335906982e-01 1.526130288839340210e-01 -2.229239046573638916e-01 -3.856928646564483643e-01 2.902414798736572266e-01 8.988788723945617676e-02 -4.701954126358032227e-01 3.757386282086372375e-02 7.956600189208984375e-01 -4.330805242061614990e-01 3.540351092815399170e-01 -2.867490947246551514e-01 4.395568072795867920e-01 -2.357773035764694214e-01 -9.206432700157165527e-01 -3.774696290493011475e-01 1.243714094161987305e-01 5.413142442703247070e-01 1.090833425521850586e+00 -3.021268546581268311e-01 1.072579547762870789e-01 -3.152789771556854248e-01 -1.389794945716857910e-01 3.581071496009826660e-01 -1.104715228080749512e+00 -6.282535940408706665e-02 3.524999022483825684e-01 -2.975545525550842285e-01
5.491321086883544922e-01 -7.509467005729675293e-01 5.495458841323852539e-01 4.245181381702423096e-01 -6.720801591873168945e-01 -6.240252256393432617e-01 -2.630606107413768768e-02 -4.497401118278503418e-01 -2.444875687360763550e-01 -4.981072247028350830e-01 6.576217710971832275e-02 -6.706218719482421875e-01 -1.667111665010452271e-01 -2.602213621139526367e-01 5.294468402862548828e-01 2.372053079307079315e-02 1.994691491127014160e-01 -8.779892325401306152e-02 1.014637231826782227e+00 7.661348581314086914e-01 4.389023035764694214e-02 7.169390320777893066e-01 -2.087347060441970825e-01 -3.348179534077644348e-02 9.589719772338867188e-02 -2.936759889125823975e-01 -4.913479983806610107e-01 7.299340516328811646e-02 -1.631166636943817139e-01 -1.434760391712188721e-01 7.187583018094301224e-03 6.231523752212524414e-01 -4.398505985736846924e-01 -3.110611438751220703e-01 5.714603886008262634e-02 -1.412859112024307251e-01 6.312829852104187012e-01 6.494762301445007324e-01 -3.459247946739196777e-01 -3.448237478733062744e-01 4.550701007246971130e-02 3.851683437824249268e-01 7.363388687372207642e-02 7.357356697320938110e-02 3.433147370815277100e-01 -2.185102254152297974e-01 -6.466944813728332520e-01 2.549682511016726494e-03 5.870621800422668457e-01 1.211791276931762695e+00 1.337064504623413086e-01 -6.018567085266113281e-01 2.295259535312652588e-01 -4.322753548622131348e-01 1.032660365104675293e+00 -6.308615803718566895e-01 -4.527107179164886475e-01 8.940063416957855225e-02 -5.770773887634277344e-01 6.058800220489501953e-02 -8.904744386672973633e-01 8.603616058826446533e-02 1.754027456045150757e-01 1.111664101481437683e-01
2.391841858625411987e-01 2.537051141262054443e-01 4.587322771549224854e-01 -3.844748064875602722e-02 2.474329620599746704e-01 -3.358073532581329346e-01 -1.197494864463806152e-01 1.417445093393325806e-01 -1.223415359854698181e-01 -2.448865175247192383e-01 1.211394667625427246e-01 -8.729613423347473145e-01 1.341173704713582993e-02 2.498262561857700348e-02 -1.277056038379669189e-01 7.947272658348083496e-01 -6.311830878257751465e-01 1.827244833111763000e-02 -4.011223614215850830e-01 1.886725872755050659e-01 3.388819694519042969e-01 1.311266541481018066e+00 -2.867430746555328369e-01 -2.886745333671569824e-01 -2.847962677478790283e-01 5.359004735946655273e-01 -8.325617015361785889e-02 -7.144240140914916992e-01 3.924549818038940430e-01 -9.332765638828277588e-02 4.148234128952026367e-01 1.275645345449447632e-01 -3.359223604202270508e-01 -2.568641006946563721e-01 -6.463167667388916016e-01 1.630379706621170044e-01 -5.813657045364379883e-01 6.682756543159484863e-02 -7.545870542526245117e-01 -2.431729286909103394e-01 -2.957817614078521729e-01 -2.192749083042144775e-01 -4.472760856151580811e-01 4.213118851184844971e-01 8.957137465476989746e-01 -6.128222942352294922e-01 -5.072563886642456055e-01 -8.286456465721130371e-01 8.690482974052429199e-01 6.938291788101196289e-01 -1.231364384293556213e-01 1.213540434837341309e-01 9.241160005331039429e-03 -4.085399806499481201e-01 -2.757197618484497070e-01 -2.022939771413803101e-01 -7.576866149902343750e-01 -7.807926535606384277e-01 8.249750360846519470e-03 -1.993305236101150513e-01 2.444880641996860504e-02 7.623991463333368301e-03 -5.469010025262832642e-02 -3.406088054180145264e-02
7.341567873954772949e-01 -4.910014271736145020e-01 1.309539377689361572e-01 5.281476378440856934e-01 3.193598687648773193e-01 -4.000325500965118408e-01 4.858972430229187012e-01 -4.609414935111999512e-01 -9.280779957771301270e-01 -1.521952450275421143e-01 6.996049284934997559e-01 -1.876424193382263184e+00 3.082114160060882568e-01 -1.364798069000244141e+00 2.783479690551757812e-01 7.076869010925292969e-01 2.767858207225799561e-01 7.784597110003232956e-03 1.983161568641662598e-01 2.271749228239059448e-01 3.992111980915069580e-01 3.657123148441314697e-01 4.396330416202545166e-01 -9.168196916580200195e-01 2.043811231851577759e-01 -5.601899027824401855e-01 4.746648967266082764e-01 -3.044157326221466064e-01 1.655606776475906372e-01 -2.576826810836791992e-01 2.275827080011367798e-01 1.109163090586662292e-01 1.301026530563831329e-02 2.267488986253738403e-01 -9.644234925508499146e-02 1.322687715291976929e-01 2.623109333217144012e-02 -1.453036308288574219e+00 -2.215653657913208008e-01 -2.692268490791320801e-01 -3.965155482292175293e-01 -4.456225782632827759e-02 -2.078484594821929932e-01 9.545551240444183350e-02 1.145210623741149902e+00 -2.733973860740661621e-01 -5.022410154342651367e-01 -5.204825401306152344e-01 4.504379630088806152e-01 -2.849829494953155518e-01 -3.868562877178192139e-01 2.050327695906162262e-02 7.660951614379882812e-01 4.579319059848785400e-02 -2.621511220932006836e-01 7.413648962974548340e-01 -1.449193358421325684e-01 7.254981249570846558e-02 -1.323457956314086914e+00 2.486656904220581055e-01 -9.093518257141113281e-01 5.706488490104675293e-01 -2.174985408782958984e-01 -1.535949558019638062e-01
5.832852423191070557e-02 -6.701462864875793457e-01 -1.909628510475158691e-01 -2.725071012973785400e-01 6.659452915191650391e-01 -1.218365207314491272e-01 5.306382775306701660e-01 -1.246447563171386719e-01 -1.082688450813293457e+00 -7.053717970848083496e-01 3.018594384193420410e-01 -7.804862260818481445e-01 1.160864606499671936e-01 -5.252990126609802246e-01 3.610945343971252441e-01 4.553616642951965332e-01 3.308038786053657532e-02 8.809529989957809448e-02 1.104254484176635742e+00 5.988358259201049805e-01 3.613395690917968750e-01 -2.214654833078384399e-01 3.077677264809608459e-02 1.447416841983795166e-01 -2.044438719749450684e-01 5.927540063858032227e-01 -2.035770118236541748e-01 -3.586091697216033936e-01 -5.473612621426582336e-02 -3.190903365612030029e-01 1.647319644689559937e-01 5.760280042886734009e-02 -2.132067382335662842e-01 -7.364014983177185059e-01 1.435987204313278198e-01 -1.027657464146614075e-02 -3.738049268722534180e-01 -9.160055965185165405e-02 1.633577644824981689e-01 2.233834117650985718e-01 -6.192838549613952637e-01 -2.221707701683044434e-01 -5.143890976905822754e-01 6.114441752433776855e-01 5.013580918312072754e-01 -7.396668195724487305e-01 -3.207910358905792236e-01 -4.559683799743652344e-01 -5.217499136924743652e-01 3.317418694496154785e-01 1.786258667707443237e-01 5.175445675849914551e-01 1.240291595458984375e+00 -2.634361088275909424e-01 -3.289220333099365234e-01 3.220254480838775635e-01 -2.660150229930877686e-01 6.561087965965270996e-01 2.232653200626373291e-01 2.469923645257949829e-01 3.352471888065338135e-01 4.333533719182014465e-02 2.625090777873992920e-01 1.900691390037536621e-01
2.553656995296478271e-01 -3.506090342998504639e-01 1.847160905599594116e-01 -5.518479943275451660e-01 3.224526047706604004e-01 -1.440265923738479614e-01 1.609373688697814941e-01 2.001991122961044312e-01 -1.033414006233215332e+00 -9.028230309486389160e-01 8.412961363792419434e-01 -5.975707173347473145e-01 -6.056820750236511230e-01 -4.284561276435852051e-01 -5.214598774909973145e-01 4.577542543411254883e-01 6.509698629379272461e-01 -3.961540460586547852e-01 6.118091344833374023e-01 4.186629354953765869e-01 5.509690046310424805e-01 3.250553309917449951e-01 -3.573808670043945312e-01 -7.343007326126098633e-01 -6.703766435384750366e-02 1.668892204761505127e-01 -1.590963602066040039e-01 -5.186405777931213379e-01 -3.947461247444152832e-01 -2.853293344378471375e-02 4.338301718235015869e-01 5.317248106002807617e-01 5.881085991859436035e-01 -1.545299053192138672e+00 -4.110460877418518066e-01 -1.377572566270828247e-01 2.918410897254943848e-01 -1.286723762750625610e-01 -3.333816304802894592e-02 2.974306344985961914e-01 2.631390988826751709e-01 -2.123059183359146118e-01 3.417971357703208923e-02 5.557618141174316406e-01 4.054673016071319580e-01 -1.272303983569145203e-02 -8.077247142791748047e-01 -8.211676478385925293e-01 8.868805766105651855e-01 -1.609743386507034302e-01 2.053996175527572632e-01 8.228692412376403809e-02 4.098859131336212158e-01 3.402802720665931702e-02 -1.298121362924575806e-01 -1.278437972068786621e-01 -9.577929973602294922e-02 9.888340234756469727e-01 -2.792077362537384033e-01 2.878879606723785400e-01 7.667645215988159180e-01 8.421532511711120605e-01 -2.873224020004272461e-01 9.057514369487762451e-02
-3.794845938682556152e-01 -5.117502808570861816e-01 4.066210091114044189e-01 -1.549866795539855957e-01 8.178671449422836304e-02 1.577902734279632568e-01 -1.461074501276016235e-01 7.080812454223632812e-01 -5.868542790412902832e-01 -8.056854456663131714e-02 1.499432325363159180e-01 -4.216931164264678955e-01 -3.695419430732727051e-01 -2.401599735021591187e-01 3.869061172008514404e-01 1.515006124973297119e-01 -1.734941452741622925e-02 -1.979655325412750244e-01 5.454407334327697754e-01 1.087496042251586914e+00 1.375464349985122681e-01 -4.871861934661865234e-01 4.781794548034667969e-01 -5.196045041084289551e-01 4.319132268428802490e-01 -3.495005425065755844e-03 2.091107517480850220e-01 -5.170374512672424316e-01 4.473995268344879150e-01 3.208024501800537109e-01 -3.845763625577092171e-03 4.437254369258880615e-01 1.000909507274627686e-01 -3.890765309333801270e-01 -2.698851823806762695e-01 -3.825035691261291504e-01 -3.367436826229095459e-01 -2.489780485630035400e-01 5.140011906623840332e-01 -1.735940128564834595e-01 2.279200851917266846e-01 4.448729753494262695e-02 2.011805623769760132e-01 2.885979413986206055e-01 2.247169762849807739e-01 -3.993707299232482910e-01 -2.439844906330108643e-01 -7.532113790512084961e-01 6.961288452148437500e-01 3.563251346349716187e-02 8.740669488906860352e-02 -6.906388998031616211e-01 1.459437489509582520e+00 2.047825418412685394e-02 -1.872237473726272583e-01 -1.824060827493667603e-01 -8.368019759654998779e-02 1.046809554100036621e+00 -4.313436448574066162e-01 5.110176801681518555e-01 1.812499910593032837e-01 9.781004488468170166e-02 -8.414801359176635742e-01 -4.490483403205871582e-01
8.992076516151428223e-01 -4.206002950668334961e-01 -6.154289469122886658e-02 -6.051314473152160645e-01 -1.664778739213943481e-01 -6.513849496841430664e-01 9.431594014167785645e-01 -1.236328184604644775e-01 -7.575846314430236816e-01 -3.244772255420684814e-01 7.619359344244003296e-02 -8.668572306632995605e-01 2.003387957811355591e-01 -1.068413019180297852e+00 -8.410643339157104492e-01 1.373211860656738281e+00 1.931575387716293335e-01 -8.365867137908935547e-01 3.062279224395751953e-01 -3.275341391563415527e-01 5.360906124114990234e-01 5.169855952262878418e-01 5.101039409637451172e-01 -8.070873022079467773e-01 -1.005891561508178711e-01 3.728146553039550781e-01 3.939342200756072998e-01 2.619001269340515137e-01 6.659179329872131348e-01 4.957841634750366211e-01 -6.810517311096191406e-01 3.834777176380157471e-01 -4.908795356750488281e-01 -1.291392445564270020e+00 9.266608976759016514e-04 -2.533618211746215820e-01 -3.553478717803955078e-01 7.170804589986801147e-02 -3.398278951644897461e-01 4.472680091857910156e-01 4.561579227447509766e-01 1.613174229860305786e-01 -3.647541403770446777e-01 4.173534214496612549e-01 -3.333281576633453369e-01 -6.219241619110107422e-01 -3.133061528205871582e-01 -9.001578092575073242e-01 8.276638388633728027e-01 6.885089725255966187e-02 2.052849680185317993e-01 -5.735879540443420410e-01 1.288262486457824707e+00 -1.662321984767913818e-01 -2.750515639781951904e-01 -5.679211113601922989e-03 -4.570161178708076477e-02 -6.433320045471191406e-02 -8.368106484413146973e-01 2.600603997707366943e-01 -2.586533874273300171e-02 -2.184163779020309448e-01 1.151183173060417175e-01 -1.375019177794456482e-02
1.438421010971069336e-01 -3.376647233963012695e-01 -5.924671515822410583e-02 6.337724626064300537e-02 9.319892525672912598e-02 -2.672450430691242218e-02 3.712125122547149658e-01 2.630638182163238525e-01 -7.256165146827697754e-01 -7.665531337261199951e-02 5.748735070228576660e-01 -9.662435650825500488e-01 -7.354122400283813477e-02 -2.904649972915649414e-01 1.264081299304962158e-01 8.274260908365249634e-02 7.037304639816284180e-01 1.327497302554547787e-03 3.570496141910552979e-01 6.269431710243225098e-01 6.657688319683074951e-02 -4.027899205684661865e-01 -1.850705891847610474e-01 -7.405555993318557739e-02 -4.318808317184448242e-01 2.165821939706802368e-01 -1.227520108222961426e-01 -5.231248736381530762e-01 1.507510542869567871e-01 -1.900403061881661415e-03 4.901255667209625244e-01 1.296230405569076538e-01 1.732503771781921387e-01 -1.516841888427734375e+00 -3.778311610221862793e-01 -1.402606070041656494e-01 2.512209713459014893e-01 -2.391932904720306396e-01 1.407056208699941635e-02 2.911273539066314697e-01 1.866868287324905396e-01 -4.600935280323028564e-01 1.918693780899047852e-01 2.784622013568878174e-01 7.406397461891174316e-01 -4.181255027651786804e-02 3.246805965900421143e-01 -7.229533195495605469e-01 5.961306691169738770e-01 1.107220128178596497e-01 2.689515948295593262e-01 -6.013821363449096680e-01 5.959289073944091797e-01 -7.341083884239196777e-02 -8.765488266944885254e-01 -3.788899779319763184e-01 -9.237539768218994141e-02 4.582744240760803223e-01 -4.819297194480895996e-01 5.836792588233947754e-01 6.762742996215820312e-01 2.153443843126296997e-01 -8.029737472534179688e-01 -4.296041131019592285e-01
2.968852035701274872e-02 -4.725180864334106445e-01 3.152261078357696533e-01 1.635076999664306641e-01 2.238018065690994263e-01 -7.323331236839294434e-01 -1.571259796619415283e-01 3.038056194782257080e-01 -3.769015669822692871e-01 -6.086824089288711548e-02 4.489876702427864075e-02 -6.004858613014221191e-01 3.281037136912345886e-02 9.637268632650375366e-02 -1.083312928676605225e-02 4.478922486305236816e-01 -1.112945556640625000e+00 -4.208535328507423401e-02 -5.449362397193908691e-01 -1.386837512254714966e-01 7.761911749839782715e-01 1.285315871238708496e+00 2.226439565420150757e-01 -1.936660706996917725e-01 -9.751652926206588745e-02 4.964528977870941162e-01 -4.641138389706611633e-02 -7.524933815002441406e-01 4.268517792224884033e-01 1.512985378503799438e-01 4.444818794727325439e-01 5.161577463150024414e-01 1.698056003078818321e-03 -1.637751460075378418e-01 -4.887291789054870605e-01 1.481285840272903442e-01 -2.659123539924621582e-01 4.701262339949607849e-02 -6.013438701629638672e-01 -2.004178911447525024e-01 -6.546170115470886230e-01 -2.020562887191772461e-01 -5.161334276199340820e-01 1.847595572471618652e-01 1.224169492721557617e+00 1.600961945950984955e-02 -5.411040782928466797e-01 -9.020343422889709473e-01 3.707087039947509766e-01 6.074439883232116699e-01 -2.832313776016235352e-01 2.385177761316299438e-01 4.516337215900421143e-01 8.752527087926864624e-02 1.845551282167434692e-02 -2.567511051893234253e-02 -8.734697103500366211e-01 -9.659166932106018066e-01 -2.706988155841827393e-01 -1.772368252277374268e-01 9.696274995803833008e-02 -2.490894496440887451e-01 -2.659988105297088623e-01 -1.742807626724243164e-01
-4.096764624118804932e-01 -1.920602172613143921e-01 -4.449721574783325195e-01 4.486123844981193542e-02 1.006677225232124329e-01 -8.504587411880493164e-02 4.082230329513549805e-01 -1.235122531652450562e-01 -9.718735218048095703e-01 -4.173517972230911255e-02 5.518526434898376465e-01 -3.848296999931335449e-01 -4.975890815258026123e-01 -2.897911667823791504e-01 9.046103954315185547e-01 9.185224771499633789e-01 -3.548552989959716797e-01 2.012742161750793457e-01 5.181463360786437988e-01 5.887072682380676270e-01 1.795992553234100342e-01 -1.091400682926177979e-01 3.700229525566101074e-01 1.830070465803146362e-01 -3.823649883270263672e-02 5.063138008117675781e-01 1.256645321846008301e+00 -4.886538088321685791e-01 6.174392104148864746e-01 1.698116660118103027e-01 -4.038788080215454102e-01 3.582419455051422119e-01 -2.467826306819915771e-01 -9.081308841705322266e-01 -4.010730087757110596e-01 8.139017224311828613e-02 -3.911796510219573975e-01 -2.648352980613708496e-01 -4.625216424465179443e-01 4.372776150703430176e-01 5.408685803413391113e-01 5.332241058349609375e-01 1.896723359823226929e-01 -9.628239087760448456e-03 7.883914113044738770e-01 -1.342802792787551880e-01 -5.773737430572509766e-01 -7.850864529609680176e-01 7.141621708869934082e-01 3.179759159684181213e-02 1.173102203756570816e-02 -4.807671606540679932e-01 1.030624747276306152e+00 2.309157252311706543e-01 -6.866054236888885498e-02 -2.297926880419254303e-02 -9.884367883205413818e-02 6.989778280258178711e-01 -6.777870059013366699e-01 4.831729233264923096e-01 -3.712829574942588806e-02 4.506108164787292480e-01 -4.728510677814483643e-01 -2.144918143749237061e-01
-2.644024491310119629e-01 -5.441868305206298828e-01 3.008597195148468018e-01 -1.537187248468399048e-01 5.476765334606170654e-02 2.758193910121917725e-01 1.296435147523880005e-01 5.279497504234313965e-01 -6.782721281051635742e-01 -1.474735140800476074e-01 3.384990096092224121e-01 -1.286379843950271606e-01 -5.511546134948730469e-01 -1.666250973939895630e-01 4.194940626621246338e-01 2.760960161685943604e-01 2.211713939905166626e-01 -3.807654082775115967e-01 5.199187994003295898e-01 1.179095983505249023e+00 2.297104001045227051e-01 -4.938654899597167969e-01 4.754268825054168701e-01 -3.487980961799621582e-01 2.458506822586059570e-01 9.578125178813934326e-02 3.951932117342948914e-02 -5.956178903579711914e-01 3.481929004192352295e-01 1.521472334861755371e-01 -1.147066727280616760e-01 4.439674317836761475e-01 -1.594892442226409912e-01 -6.260181665420532227e-01 -3.990280628204345703e-01 -5.972197055816650391e-01 -1.125316321849822998e-01 -1.873169094324111938e-01 3.696151375770568848e-01 -7.418566197156906128e-02 6.837045401334762573e-02 2.832385897636413574e-01 3.676100373268127441e-01 -1.642698980867862701e-02 1.504277288913726807e-01 -4.134358465671539307e-01 -4.976351261138916016e-01 -5.958685278892517090e-01 7.287369370460510254e-01 1.368283033370971680e-01 3.474140167236328125e-02 -7.531244158744812012e-01 1.279314875602722168e+00 2.408466935157775879e-01 -1.440457999706268311e-01 -2.706741392612457275e-01 3.603815799579024315e-03 1.094145894050598145e+00 -2.294961512088775635e-01 4.172908663749694824e-01 -4.728321731090545654e-02 1.422063913196325302e-02 -7.350291609764099121e-01 -4.436038136482238770e-01
1.452883481979370117e-01 -1.989914327859878540e-01 -4.990471303462982178e-01 8.750817924737930298e-02 -2.298167943954467773e-01 -8.144013881683349609e-01 -4.615627229213714600e-01 -1.222946867346763611e-01 -9.006366729736328125e-01 -4.134407043457031250e-01 4.487059712409973145e-01 -1.192025065422058105e+00 -2.265377342700958252e-01 -2.620539963245391846e-01 -4.896965324878692627e-01 -3.972382098436355591e-02 1.751361936330795288e-01 -6.329075098037719727e-01 -1.011598110198974609e-01 9.388880133628845215e-01 1.816999167203903198e-01 -3.336707055568695068e-01 2.562252879142761230e-01 -1.374768316745758057e-01 2.644082307815551758e-01 -1.543539166450500488e-01 5.046046525239944458e-02 -3.713782131671905518e-01 1.205879002809524536e-01 -3.986386954784393311e-01 6.105437278747558594e-01 2.351182699203491211e-01 -4.869651794433593750e-01 -5.681288838386535645e-01 1.547324210405349731e-01 4.678823947906494141e-01 1.496980488300323486e-01 -7.222504019737243652e-01 -2.226780951023101807e-01 2.249219715595245361e-01 -6.163652613759040833e-02 -1.116825640201568604e-01 -5.784741640090942383e-01 2.288488149642944336e-01 5.283395648002624512e-01 -2.108040601015090942e-01 -3.633815050125122070e-01 -7.861279845237731934e-01 9.836514294147491455e-02 -5.492031574249267578e-01 -3.533959090709686279e-01 -5.821520462632179260e-02 8.478409051895141602e-01 2.145897150039672852e-01 -9.320793747901916504e-01 2.725545130670070648e-02 -4.072012007236480713e-01 4.839627444744110107e-01 -8.754274845123291016e-01 2.688310742378234863e-01 -2.370557039976119995e-01 9.666030853986740112e-02 8.600094169378280640e-02 5.499889254570007324e-01
4.561521485447883606e-02 3.927999138832092285e-01 9.231679439544677734e-01 -7.479652762413024902e-01 4.307897984981536865e-01 -4.154708981513977051e-01 1.531187146902084351e-01 6.211414933204650879e-01 -3.986400663852691650e-01 6.168875694274902344e-01 6.091448068618774414e-01 -9.938452839851379395e-01 2.191819101572036743e-01 6.939629092812538147e-03 5.049964785575866699e-01 3.014032542705535889e-01 -5.800932049751281738e-01 4.752559363842010498e-01 7.600433826446533203e-01 3.842670917510986328e-01 5.302399992942810059e-01 5.686824321746826172e-01 6.827954649925231934e-01 -1.836233735084533691e-01 4.928635433316230774e-02 -4.932493269443511963e-01 8.368198871612548828e-01 -6.381874084472656250e-01 -1.508277207612991333e-01 5.658906102180480957e-01 2.697851359844207764e-01 1.410385608673095703e+00 1.674669235944747925e-01 -8.571060895919799805e-01 -3.190566897392272949e-01 2.790013849735260010e-01 3.099224567413330078e-01 3.890476524829864502e-01 1.000449210405349731e-01 5.902548879384994507e-02 3.714888589456677437e-03 -3.296172022819519043e-01 -4.399267435073852539e-01 4.373801648616790771e-01 5.367962121963500977e-01 -1.884657591581344604e-01 -2.899354994297027588e-01 -5.943920016288757324e-01 1.393416523933410645e-01 7.078340053558349609e-01 -2.684251964092254639e-01 2.653946280479431152e-01 -3.197474181652069092e-01 -5.434694886207580566e-01 3.029499650001525879e-01 -3.946469128131866455e-01 -1.602650582790374756e-01 -7.116769552230834961e-01 -1.849615722894668579e-01 2.784971892833709717e-01 -3.835341036319732666e-01 3.709177076816558838e-01 2.929705679416656494e-01 2.112572491168975830e-01
2.809189260005950928e-01 -8.393021821975708008e-01 6.848119497299194336e-01 1.406552791595458984e-01 -2.975343465805053711e-01 2.393937297165393829e-02 7.213500328361988068e-03 2.114401757717132568e-01 -9.561297297477722168e-01 -2.300403267145156860e-01 2.306795120239257812e-01 -2.798947393894195557e-01 1.044145375490188599e-01 2.534145303070545197e-02 -1.610580682754516602e-01 -1.739167794585227966e-02 2.533159852027893066e-01 -1.232455596327781677e-01 1.817115545272827148e-01 -2.107236385345458984e-01 6.836567521095275879e-01 4.385021030902862549e-01 1.959055215120315552e-01 -3.507798016071319580e-01 2.936306297779083252e-01 9.343770146369934082e-01 2.827770709991455078e-01 6.546635925769805908e-02 2.350308597087860107e-01 4.780115485191345215e-01 6.168725490570068359e-01 -1.812376379966735840e-01 -2.419970184564590454e-01 -1.070693656802177429e-01 -1.828439831733703613e-01 8.187308907508850098e-01 3.010371923446655273e-01 3.983276784420013428e-01 1.761595606803894043e-01 -4.374374449253082275e-01 5.476796627044677734e-01 3.197728395462036133e-01 -1.016776934266090393e-01 7.216007709503173828e-01 8.467203974723815918e-01 -8.875287771224975586e-01 3.360422551631927490e-01 -1.651697605848312378e-02 2.225283235311508179e-01 1.059094548225402832e+00 2.655244804918766022e-02 -3.798213303089141846e-01 2.210782617330551147e-01 7.257600426673889160e-01 7.651260495185852051e-01 -8.077480792999267578e-01 7.702101767063140869e-02 -1.260016411542892456e-01 -4.547392129898071289e-01 1.962585598230361938e-01 -2.867112755775451660e-01 -2.378673404455184937e-01 -3.883601427078247070e-01 -3.519959747791290283e-01
6.011410355567932129e-01 -3.543909490108489990e-01 1.213372468948364258e+00 3.170784115791320801e-01 7.751472294330596924e-02 -2.713577747344970703e-01 5.572281479835510254e-01 2.603361904621124268e-01 -4.155168533325195312e-01 -3.441634476184844971e-01 1.009606957435607910e+00 -6.465127468109130859e-01 -1.191094592213630676e-01 -4.861795008182525635e-01 8.109456896781921387e-01 -1.773118674755096436e-01 -3.796794712543487549e-01 -4.260838031768798828e-01 -7.724247872829437256e-02 -1.647875010967254639e-01 -6.031698584556579590e-01 2.151429504156112671e-01 1.341198980808258057e-01 -4.306432306766510010e-01 3.344261646270751953e-01 6.007891297340393066e-01 4.960724115371704102e-01 1.074863895773887634e-01 2.202938199043273926e-01 1.611413061618804932e-01 3.236409723758697510e-01 2.479922259226441383e-03 -1.822023093700408936e-01 2.198734581470489502e-01 -6.042218804359436035e-01 3.648848831653594971e-01 -7.567484676837921143e-02 4.305995702743530273e-01 7.661387324333190918e-02 -4.087601304054260254e-01 -3.031205236911773682e-01 2.284276187419891357e-01 -1.768039017915725708e-01 1.385481357574462891e-01 4.718542695045471191e-01 -7.652477025985717773e-01 -7.024008631706237793e-01 3.404713049530982971e-02 2.400550842285156250e-01 7.947703599929809570e-01 -3.472274839878082275e-01 -4.571518003940582275e-01 6.475795507431030273e-01 3.254720270633697510e-01 1.483374536037445068e-01 -1.024683356285095215e+00 7.348911762237548828e-01 -5.223265886306762695e-01 3.231253325939178467e-01 -2.026042491197586060e-01 -3.202214539051055908e-01 -2.222364768385887146e-02 -9.280920624732971191e-01 8.348651975393295288e-02
3.583132922649383545e-01 -7.522142529487609863e-01 1.209938004612922668e-01 -4.532650858163833618e-02 -4.011814296245574951e-01 -3.977360427379608154e-01 -2.549275457859039307e-01 -2.890279889106750488e-01 4.951502382755279541e-02 -9.710134863853454590e-01 3.246588706970214844e-01 -1.471935212612152100e-01 -2.921559214591979980e-01 3.181226253509521484e-01 1.875085979700088501e-01 3.242657482624053955e-01 3.143337368965148926e-02 -2.757435739040374756e-01 4.196876287460327148e-01 3.071340918540954590e-01 2.094483226537704468e-01 4.573263823986053467e-01 7.150167226791381836e-01 -2.627677321434020996e-01 1.381934136152267456e-01 3.456780910491943359e-01 -3.270468860864639282e-02 4.969392120838165283e-01 2.655782997608184814e-01 3.576580882072448730e-01 1.087956279516220093e-01 -1.225784569978713989e-01 -5.629022046923637390e-02 -3.899704515933990479e-01 -5.307616665959358215e-02 -2.114844918251037598e-01 -5.549793690443038940e-02 5.865939259529113770e-01 -3.364791870117187500e-01 -4.060466289520263672e-01 2.030193060636520386e-02 1.733143329620361328e-01 -1.284969300031661987e-01 -3.706560134887695312e-01 9.409978985786437988e-01 -7.134324312210083008e-01 4.456777572631835938e-01 -3.402067124843597412e-01 1.966262757778167725e-01 1.256392955780029297e+00 -3.541541099548339844e-01 -6.760587096214294434e-01 5.689773708581924438e-02 2.881909012794494629e-01 6.981513500213623047e-01 -5.330036878585815430e-01 4.704448580741882324e-02 -3.077670037746429443e-01 -2.751211822032928467e-01 3.732744455337524414e-01 -6.412214040756225586e-01 3.122065365314483643e-01 4.093274474143981934e-02 -3.971648961305618286e-02
-3.348753452301025391e-01 3.727102875709533691e-01 -2.876456081867218018e-01 -7.996800541877746582e-01 -2.041244953870773315e-01 -6.898645162582397461e-01 5.598516464233398438e-01 -5.286255478858947754e-01 -5.937877297401428223e-01 3.294318914413452148e-01 4.296433031558990479e-01 -1.461908102035522461e+00 -1.668905317783355713e-01 -1.726623177528381348e-01 2.040675282478332520e-01 2.619683742523193359e-01 2.398297935724258423e-01 -9.124405980110168457e-01 9.089823812246322632e-02 3.726355433464050293e-01 -5.433384701609611511e-02 2.663704752922058105e-01 2.707524001598358154e-01 3.648118674755096436e-01 5.234821438789367676e-01 -4.246434569358825684e-01 7.536889314651489258e-01 -1.086653545498847961e-01 2.779517471790313721e-01 2.347707748413085938e-01 1.533247251063585281e-02 -1.413418054580688477e-01 -1.315314471721649170e-01 -8.811850547790527344e-01 -1.375617831945419312e-01 4.780549108982086182e-01 4.280923008918762207e-01 8.766516447067260742e-01 2.834153175354003906e-01 -3.461503088474273682e-01 -1.744122505187988281e-01 -3.554514646530151367e-01 -4.960349798202514648e-01 6.931832432746887207e-01 5.244311690330505371e-01 -1.481481790542602539e-01 -2.509021461009979248e-01 -6.130728125572204590e-01 1.511210948228836060e-01 -1.892059743404388428e-01 -2.618882358074188232e-01 7.892583310604095459e-02 1.233031630516052246e+00 8.380218595266342163e-02 -3.519174158573150635e-01 -1.157544031739234924e-01 4.944956004619598389e-01 1.174591574817895889e-02 -4.840270578861236572e-01 3.215208351612091064e-01 -4.009343981742858887e-01 1.297748088836669922e-01 1.577542126178741455e-01 2.188519090414047241e-01
-1.954578012228012085e-01 -2.472290992736816406e-01 -2.889617681503295898e-01 1.366487592458724976e-01 4.149002209305763245e-02 3.903745412826538086e-01 -4.721837341785430908e-01 -6.811691820621490479e-02 -4.266182184219360352e-01 -2.155598811805248260e-02 5.894231796264648438e-01 -3.110124766826629639e-01 -5.121843218803405762e-01 -3.821262419223785400e-01 -2.949095070362091064e-01 2.384017109870910645e-01 1.310798227787017822e-01 2.391458302736282349e-01 5.954596772789955139e-02 1.042750000953674316e+00 1.063498973846435547e+00 -2.738184630870819092e-01 -1.940231919288635254e-01 1.064755953848361969e-02 1.168826594948768616e-01 2.107196599245071411e-01 2.074981927871704102e-01 -1.062382534146308899e-01 2.172404080629348755e-01 -2.980197966098785400e-01 2.635390460491180420e-01 -4.753752052783966064e-01 -5.033116340637207031e-01 4.180241823196411133e-01 -3.137729316949844360e-02 -2.554560303688049316e-01 -3.025719225406646729e-01 4.436030387878417969e-01 -2.914422750473022461e-01 -6.275101900100708008e-01 -2.731525897979736328e-01 2.279848009347915649e-01 -5.885330438613891602e-01 4.588368237018585205e-01 8.146243095397949219e-01 -3.244272172451019287e-01 1.099618598818778992e-01 -1.153079509735107422e+00 7.801400423049926758e-01 3.105004429817199707e-01 -7.594594955444335938e-01 -5.062199234962463379e-01 1.942895948886871338e-01 5.244308710098266602e-01 -1.269438415765762329e-01 -7.405232787132263184e-01 2.584242522716522217e-01 -5.043858885765075684e-01 -3.655662238597869873e-01 -3.886011615395545959e-02 -4.216960966587066650e-01 -9.151088446378707886e-02 -1.193463280797004700e-01 -9.863142967224121094e-01
-1.448558717966079712e-01 -3.127228468656539917e-02 9.811586737632751465e-01 6.319314837455749512e-01 -4.674873948097229004e-01 -6.862355470657348633e-01 4.166645407676696777e-01 -2.095220834016799927e-01 1.307654231786727905e-01 1.349192950874567032e-02 4.536024928092956543e-01 -1.179661273956298828e+00 -5.440829992294311523e-01 -5.719955563545227051e-01 -2.667803168296813965e-01 4.448418617248535156e-01 8.206887841224670410e-01 -3.570724129676818848e-01 -1.028927043080329895e-01 9.256344437599182129e-01 5.200261715799570084e-03 7.679542899131774902e-01 1.241765543818473816e-01 -1.751672178506851196e-01 2.442619800567626953e-01 4.957123994827270508e-01 -1.004445627331733704e-01 1.026505380868911743e-01 5.341135263442993164e-01 -6.249516457319259644e-02 2.257042676210403442e-01 7.800643444061279297e-01 5.508214831352233887e-01 -7.700762897729873657e-02 -4.117668867111206055e-01 4.110709130764007568e-01 3.991920873522758484e-02 -1.078133955597877502e-01 -9.707704782485961914e-01 2.386261075735092163e-01 2.418076843023300171e-01 -7.619495391845703125e-01 -1.593752354383468628e-01 1.206532586365938187e-02 1.232452392578125000e-01 -1.074518561363220215e+00 -5.388689637184143066e-01 4.707520008087158203e-01 1.373562216758728027e-01 1.214168071746826172e+00 -8.395827561616897583e-02 1.833282709121704102e-01 9.431257843971252441e-01 -2.088934369385242462e-02 1.130915507674217224e-01 4.829218983650207520e-01 4.216679334640502930e-01 -2.405798286199569702e-01 -5.387073755264282227e-01 1.068869829177856445e+00 -2.372696548700332642e-01 4.178109765052795410e-01 -3.875631392002105713e-01 5.551608279347419739e-02
-1.207197234034538269e-01 -1.153226792812347412e-01 3.090874254703521729e-01 -3.439475893974304199e-01 -2.867229878902435303e-01 1.517043560743331909e-01 5.537785887718200684e-01 -3.019559979438781738e-01 -2.724577486515045166e-02 -1.903368383646011353e-01 7.477779388427734375e-01 -6.247380971908569336e-01 8.638738840818405151e-02 -7.497837543487548828e-01 1.554229259490966797e-01 -5.795532464981079102e-02 -1.753283590078353882e-01 7.273688316345214844e-01 2.999544739723205566e-01 5.640741586685180664e-01 -4.277833402156829834e-01 6.231956481933593750e-01 -1.770164370536804199e-01 -1.960184127092361450e-01 -4.372273981571197510e-01 1.026906132698059082e+00 -4.880234003067016602e-01 1.551297493278980255e-02 6.832171082496643066e-01 -2.450130879878997803e-03 1.821796298027038574e-01 3.222974836826324463e-01 -4.159663021564483643e-01 -8.052521944046020508e-01 -8.821462392807006836e-01 3.054007589817047119e-01 -3.087274432182312012e-01 1.274340301752090454e-01 -7.902743220329284668e-01 7.099483609199523926e-01 1.784953176975250244e-01 2.928667962551116943e-01 -4.424302577972412109e-01 -1.446574777364730835e-01 7.487822771072387695e-01 -1.010630011558532715e+00 -5.449945926666259766e-01 -9.836974740028381348e-02 7.915304303169250488e-01 6.626098752021789551e-01 -3.312488794326782227e-01 3.596363961696624756e-01 5.472770929336547852e-01 1.062078103423118591e-01 1.840683072805404663e-02 4.315034300088882446e-02 9.288541674613952637e-01 -2.866377830505371094e-01 -1.429245918989181519e-01 7.809297442436218262e-01 7.015140354633331299e-02 3.916241824626922607e-01 -8.485592007637023926e-01 -5.230181664228439331e-02
2.927587330341339111e-01 -2.906940877437591553e-01 8.720990419387817383e-01 3.241776227951049805e-01 -3.867757320404052734e-01 -7.558123469352722168e-01 -4.785243570804595947e-01 4.089286029338836670e-01 2.544609904289245605e-01 1.249952539801597595e-01 6.191499233245849609e-01 -5.372936129570007324e-01 -7.540326714515686035e-01 -5.070731639862060547e-01 2.311492860317230225e-01 8.614389598369598389e-02 3.820996582508087158e-01 1.765432208776473999e-01 4.750247299671173096e-01 3.013448119163513184e-01 -9.762353450059890747e-02 3.119085133075714111e-01 -1.680002547800540924e-02 -4.400966167449951172e-01 2.510909438133239746e-01 4.920643270015716553e-01 8.071742951869964600e-02 4.561498761177062988e-01 7.286426424980163574e-01 -1.498275399208068848e-01 2.111322581768035889e-01 1.341566592454910278e-01 2.402711659669876099e-01 2.171479910612106323e-01 -1.762712597846984863e-01 4.999225437641143799e-01 -1.063060015439987183e-01 1.681437492370605469e-01 -3.739642500877380371e-01 -3.503848016262054443e-01 4.904801025986671448e-02 -1.299293786287307739e-01 -2.407726347446441650e-01 5.825480222702026367e-01 8.760815858840942383e-01 -1.213145613670349121e+00 -2.358712852001190186e-01 1.430249810218811035e-01 -1.633940078318119049e-02 2.859374582767486572e-01 1.199499666690826416e-01 -7.998055219650268555e-01 5.546304583549499512e-01 2.515828907489776611e-01 5.709434747695922852e-01 3.331752419471740723e-01 -2.199287265539169312e-01 -2.966404557228088379e-01 8.032129704952239990e-02 1.167055517435073853e-01 -1.466563791036605835e-01 -3.887163698673248291e-01 2.147251665592193604e-01 1.325545459985733032e-01
5.582337975502014160e-01 5.546290874481201172e-01 4.892367124557495117e-01 3.023192845284938812e-02 1.351150572299957275e-01 -1.708440110087394714e-02 1.086162477731704712e-01 4.666368961334228516e-01 -2.607032954692840576e-01 -2.405475080013275146e-01 -2.677482180297374725e-02 -1.071427464485168457e+00 7.415086776018142700e-02 -3.893989026546478271e-01 -2.231826633214950562e-02 4.918228685855865479e-01 -7.620766758918762207e-02 -2.028984427452087402e-01 -3.619981110095977783e-01 2.634086608886718750e-01 -6.351163238286972046e-02 9.732226133346557617e-01 -2.282684296369552612e-01 -4.958923161029815674e-01 -4.848865866661071777e-01 3.438622951507568359e-01 -7.763198763132095337e-02 -8.399360179901123047e-01 4.773191213607788086e-01 3.077326118946075439e-01 4.635796546936035156e-01 3.311885297298431396e-01 -7.276690006256103516e-01 -1.639208048582077026e-01 -7.896906733512878418e-01 -2.290043793618679047e-02 -4.478647410869598389e-01 -1.729604974389076233e-02 -8.850853443145751953e-01 2.792835980653762817e-02 -2.806060314178466797e-01 -3.774798810482025146e-01 -7.240047454833984375e-01 2.170550525188446045e-01 4.237139821052551270e-01 -1.001405000686645508e+00 -7.275333404541015625e-01 -6.006209850311279297e-01 9.240490794181823730e-01 6.694458723068237305e-01 9.844061732292175293e-02 9.151462465524673462e-02 3.336734771728515625e-01 -8.696026206016540527e-01 -4.250848889350891113e-01 -5.353093743324279785e-01 -1.219542697072029114e-01 -8.761510848999023438e-01 -5.098595097661018372e-02 4.993707314133644104e-02 -6.627000123262405396e-02 2.046066224575042725e-01 1.464667916297912598e-01 4.176152348518371582e-01
1.005532026290893555e+00 -3.502732142806053162e-02 1.453900814056396484e+00 -3.556277155876159668e-01 -1.875530034303665161e-01 -4.753662049770355225e-01 2.192629128694534302e-01 5.369072556495666504e-01 -3.027784526348114014e-01 8.049584925174713135e-02 3.072389066219329834e-01 -4.099263250827789307e-01 9.305253624916076660e-01 -6.014934182167053223e-01 -2.224808633327484131e-01 9.922398924827575684e-01 4.990535601973533630e-02 -2.675478756427764893e-01 -6.846286058425903320e-01 7.088305950164794922e-01 5.930306911468505859e-01 6.097790002822875977e-01 4.981506466865539551e-01 -1.962015926837921143e-01 8.644808083772659302e-02 -5.148221254348754883e-01 -4.233856797218322754e-01 -8.512396216392517090e-01 3.861285746097564697e-01 7.273799180984497070e-01 5.582437664270401001e-02 8.969321250915527344e-01 2.860209643840789795e-01 -8.564686775207519531e-01 -5.784925818443298340e-01 -7.798077166080474854e-02 -1.206038966774940491e-01 1.132732555270195007e-01 -9.442563652992248535e-01 -8.365790545940399170e-02 4.680725634098052979e-01 -8.555613458156585693e-02 6.679699569940567017e-02 -1.319978665560483932e-02 4.889475703239440918e-01 -2.867621369659900665e-02 1.601740866899490356e-01 -5.049699544906616211e-01 3.642081022262573242e-01 2.565415799617767334e-01 1.404601782560348511e-01 6.934294700622558594e-01 1.076164320111274719e-01 -1.498321741819381714e-01 2.106657326221466064e-01 -2.275789976119995117e-01 -3.471876382827758789e-01 -2.372968643903732300e-01 1.539357900619506836e-01 4.905110597610473633e-01 -6.045450568199157715e-01 -9.524154663085937500e-02 1.613070219755172729e-01 2.397029250860214233e-01
-1.976886093616485596e-01 -1.176826953887939453e-01 2.354829609394073486e-01 1.462756935507059097e-02 1.155966818332672119e-01 -2.375295907258987427e-01 -6.182313561439514160e-01 5.543699860572814941e-01 -4.444651007652282715e-01 -1.256956934928894043e+00 3.050543069839477539e-01 -9.521480798721313477e-01 -9.266121312975883484e-03 -4.663436710834503174e-01 3.610150218009948730e-01 2.624533474445343018e-01 -7.057769596576690674e-02 -4.374151527881622314e-01 1.641582995653152466e-01 2.436063252389431000e-03 3.508377373218536377e-01 1.304082870483398438e+00 4.753395542502403259e-02 -2.397223263978958130e-01 -3.675908222794532776e-02 5.534682422876358032e-02 -7.544111609458923340e-01 -2.865945100784301758e-01 4.288903176784515381e-01 4.886068776249885559e-02 -5.070789456367492676e-01 4.731414616107940674e-01 -3.199445307254791260e-01 2.702116370201110840e-01 -9.165223836898803711e-01 -7.088514566421508789e-01 5.209032297134399414e-01 -9.578703045845031738e-01 8.646015524864196777e-01 -4.448334574699401855e-01 4.485323429107666016e-01 8.524212241172790527e-02 6.175417453050613403e-02 2.323186099529266357e-01 1.299833297729492188e+00 2.322097867727279663e-01 1.030715480446815491e-01 -4.369195699691772461e-01 4.617809951305389404e-01 7.542025446891784668e-01 7.498096227645874023e-01 -3.062117695808410645e-01 1.745496988296508789e-01 -1.851139403879642487e-02 -7.813084870576858521e-02 -3.787092566490173340e-01 -6.832160353660583496e-01 -9.741740822792053223e-01 -7.837806940078735352e-01 8.385831713676452637e-01 -5.364109873771667480e-01 5.445560812950134277e-01 1.652539074420928955e-01 4.620434045791625977e-01
-7.298559695482254028e-02 -3.751723766326904297e-01 6.158336997032165527e-01 2.798981368541717529e-01 1.433560699224472046e-01 -2.282410115003585815e-02 -3.895309865474700928e-01 4.061900079250335693e-01 2.902597784996032715e-01 2.629736065864562988e-01 4.658409655094146729e-01 -4.102683067321777344e-01 -9.954669475555419922e-01 -2.358089685440063477e-01 -1.622655615210533142e-02 3.521283268928527832e-01 1.201279386878013611e-01 5.898493900895118713e-02 2.850152552127838135e-01 6.810317039489746094e-01 1.778575330972671509e-01 -3.715608641505241394e-02 -1.044447198510169983e-01 -2.970158457756042480e-01 -2.000118046998977661e-02 6.391186714172363281e-01 3.506371080875396729e-01 2.460207790136337280e-01 8.892618417739868164e-01 3.678602278232574463e-01 3.192752897739410400e-01 -4.648387432098388672e-02 8.883749693632125854e-02 -1.749651283025741577e-01 -5.772561207413673401e-02 3.167663514614105225e-02 5.424008145928382874e-02 2.478221654891967773e-01 -1.340746432542800903e-01 -5.602621436119079590e-01 -1.217611879110336304e-01 1.207131370902061462e-01 -6.655797362327575684e-01 4.137912690639495850e-01 6.581680178642272949e-01 -5.058488845825195312e-01 -3.461937010288238525e-01 -2.112220972776412964e-01 5.887132287025451660e-01 2.898237407207489014e-01 -2.113983035087585449e-01 -5.862510204315185547e-01 1.035736054182052612e-01 7.826981544494628906e-01 6.399766802787780762e-01 3.175441026687622070e-01 -2.650777995586395264e-01 -5.432773828506469727e-01 7.395651936531066895e-02 -6.662284582853317261e-02 -7.549584507942199707e-01 1.695460677146911621e-01 4.452557563781738281e-01 -3.250632882118225098e-01
4.826166033744812012e-01 -7.725535035133361816e-01 5.131276845932006836e-01 8.006949722766876221e-02 -5.963116884231567383e-01 -3.995279073715209961e-01 -4.520679414272308350e-01 -2.997489571571350098e-01 -8.754350244998931885e-02 -1.139306068420410156e+00 2.327895164489746094e-01 -3.099200129508972168e-01 -7.953675836324691772e-02 3.565973937511444092e-01 1.149984635412693024e-02 1.478069275617599487e-01 1.543399989604949951e-01 -5.413590669631958008e-01 4.736112058162689209e-01 5.483202934265136719e-01 2.930357158184051514e-01 4.566302895545959473e-01 6.333183050155639648e-01 -2.196541614830493927e-02 9.635969996452331543e-02 5.321569442749023438e-01 -1.317202001810073853e-01 4.472206160426139832e-02 4.800481200218200684e-01 3.570107817649841309e-01 -1.495724823325872421e-02 -5.349817872047424316e-01 3.595226630568504333e-02 -2.283132076263427734e-01 -2.141765207052230835e-01 3.384339064359664917e-02 5.439580231904983521e-02 6.707286834716796875e-01 -2.862252891063690186e-01 -2.614666819572448730e-01 -1.430082172155380249e-01 2.092365771532058716e-01 1.460331976413726807e-01 -2.720704078674316406e-01 8.551527857780456543e-01 -9.505800157785415649e-02 5.171882733702659607e-02 -6.814970970153808594e-01 2.107378840446472168e-01 8.102192282676696777e-01 -5.074839666485786438e-02 -5.069530010223388672e-01 1.158394739031791687e-01 4.269228875637054443e-01 8.032158017158508301e-01 -3.921153247356414795e-01 -2.429471015930175781e-01 1.084877029061317444e-01 -4.008273482322692871e-01 -1.497183293104171753e-01 -8.077244758605957031e-01 4.643070101737976074e-01 -1.899049282073974609e-01 -3.222196698188781738e-01
5.797304511070251465e-01 -1.088479086756706238e-01 5.390462875366210938e-01 3.671326339244842529e-01 4.570592641830444336e-01 -4.446504414081573486e-01 6.498204469680786133e-01 -6.895785778760910034e-02 -4.469286203384399414e-01 -2.770594358444213867e-01 8.292069435119628906e-01 -3.108856081962585449e-01 9.410414099693298340e-02 -4.267602860927581787e-01 5.892036557197570801e-01 -6.228129565715789795e-02 -1.217535580508410931e-03 -4.947066009044647217e-01 -1.642426401376724243e-01 1.473962068557739258e-01 -3.543006256222724915e-02 3.205592185258865356e-02 -3.962067887187004089e-02 -9.444572329521179199e-01 -3.037231266498565674e-01 7.442453503608703613e-01 7.015011459589004517e-02 -1.599101275205612183e-01 4.640128910541534424e-01 4.564931616187095642e-03 5.076383948326110840e-01 3.777641654014587402e-01 -2.616501450538635254e-01 5.980676412582397461e-01 -7.789919972419738770e-01 3.425786793231964111e-01 2.428195066750049591e-02 3.866625130176544189e-01 -3.484366536140441895e-01 -5.349407196044921875e-01 1.298978030681610107e-01 4.087456967681646347e-03 4.162310808897018433e-02 1.050898954272270203e-01 5.147942900657653809e-01 -1.429069280624389648e+00 -5.784897208213806152e-01 -4.715366363525390625e-01 2.343008518218994141e-01 3.387892246246337891e-01 -8.969335258007049561e-02 -2.036086469888687134e-01 3.590587079524993896e-01 2.224960178136825562e-01 2.174221724271774292e-01 -1.050448179244995117e+00 4.931965768337249756e-01 -4.642089307308197021e-01 2.147866040468215942e-02 -3.500543832778930664e-01 -3.288166224956512451e-01 -1.168348565697669983e-01 -4.309653043746948242e-01 1.395482420921325684e-01
1.043177992105484009e-01 -1.316510587930679321e-01 8.176940083503723145e-01 3.969264626502990723e-01 -4.933056235313415527e-01 -6.073115468025207520e-01 -1.253824532032012939e-01 3.707804977893829346e-01 2.365754097700119019e-01 2.024752646684646606e-01 7.015939950942993164e-01 -5.044944286346435547e-01 -6.564261317253112793e-01 -4.190557301044464111e-01 1.354283839464187622e-01 9.867569804191589355e-02 2.584144473075866699e-01 -5.783595889806747437e-02 5.169345140457153320e-01 1.475615352392196655e-01 4.907555505633354187e-02 2.441298961639404297e-01 -5.122013762593269348e-02 -6.481745839118957520e-01 1.685813069343566895e-01 6.085348129272460938e-01 -8.475809358060359955e-03 5.396866798400878906e-01 7.705421447753906250e-01 -1.194089576601982117e-01 3.355576992034912109e-01 3.434682190418243408e-01 2.497876584529876709e-01 6.419481337070465088e-02 -1.269722282886505127e-01 3.775446414947509766e-01 8.304519951343536377e-02 1.148355379700660706e-01 -2.757838666439056396e-01 -4.085133075714111328e-01 9.447265416383743286e-03 -4.641036689281463623e-02 -1.915396004915237427e-01 6.126912832260131836e-01 8.338865637779235840e-01 -1.088250517845153809e+00 -6.326340883970260620e-02 5.308433435857295990e-03 -9.561305493116378784e-02 4.029640555381774902e-01 1.265253275632858276e-01 -7.571044564247131348e-01 6.785349845886230469e-01 4.710354655981063843e-02 7.425566911697387695e-01 3.955373764038085938e-01 -3.355734050273895264e-01 -2.750837504863739014e-01 2.303827106952667236e-01 5.446194554679095745e-04 -2.450763285160064697e-01 -2.471272647380828857e-01 1.996833980083465576e-01 2.697918713092803955e-01
-7.470078766345977783e-02 -1.791889369487762451e-01 2.921201288700103760e-01 8.187894523143768311e-02 3.966203033924102783e-01 -8.392696976661682129e-01 -1.570897102355957031e-01 1.669486463069915771e-01 -2.430936247110366821e-01 6.144247949123382568e-02 -3.676926791667938232e-01 -7.155279517173767090e-01 2.674005553126335144e-02 2.210809439420700073e-01 -2.277504280209541321e-02 6.200335621833801270e-01 -1.029144883155822754e+00 9.437907487154006958e-02 -4.463446140289306641e-02 -7.731703668832778931e-02 5.707378983497619629e-01 1.236433148384094238e+00 1.116910949349403381e-01 -2.815116643905639648e-01 -7.501778751611709595e-02 5.248183012008666992e-01 8.949001133441925049e-02 -5.224484801292419434e-01 1.509478539228439331e-01 5.471598729491233826e-02 2.144731581211090088e-01 6.734104156494140625e-01 2.205861918628215790e-02 -4.393368065357208252e-01 -7.151271104812622070e-01 -1.405685991048812866e-01 -6.104238033294677734e-01 2.209705114364624023e-01 -4.624832868576049805e-01 -4.689749777317047119e-01 -5.291286110877990723e-01 -2.214895784854888916e-01 -5.136368274688720703e-01 2.512513399124145508e-01 1.336583614349365234e+00 -3.174777328968048096e-01 -8.927970379590988159e-02 -7.398984432220458984e-01 8.408670425415039062e-01 6.707932949066162109e-01 -8.628189563751220703e-03 -1.016006432473659515e-02 4.976781308650970459e-01 -7.214009016752243042e-02 2.811633050441741943e-02 7.482445985078811646e-02 -8.161438107490539551e-01 -6.978096365928649902e-01 -3.417418003082275391e-01 -3.353275358676910400e-01 -4.491560684982687235e-04 -2.204007208347320557e-01 -2.426415234804153442e-01 -2.394031286239624023e-01
1.584125757217407227e-01 2.451643645763397217e-01 4.353930354118347168e-01 -1.926356405019760132e-01 1.279063969850540161e-01 -9.323199391365051270e-01 -3.872632086277008057e-01 2.089160382747650146e-01 5.296319723129272461e-02 -2.385026663541793823e-01 1.391584724187850952e-01 -9.828549623489379883e-01 -5.518987178802490234e-01 1.166838631033897400e-01 1.776916533708572388e-02 -2.071402817964553833e-01 -3.816766738891601562e-01 -6.148796081542968750e-01 1.066350266337394714e-01 4.776915311813354492e-01 -1.383225470781326294e-01 7.725705504417419434e-01 2.968626022338867188e-01 -3.105000257492065430e-01 -3.526308238506317139e-01 3.149390518665313721e-01 -1.385220587253570557e-01 -1.987754255533218384e-01 -8.849403262138366699e-02 -3.485122621059417725e-01 -6.024705246090888977e-02 -1.270954962819814682e-02 -6.468986272811889648e-01 -5.613258481025695801e-01 -1.527426689863204956e-01 -2.803368270397186279e-01 1.306469589471817017e-01 -2.240456640720367432e-01 3.556712567806243896e-01 -2.476690337061882019e-02 -8.123559504747390747e-02 2.821267545223236084e-01 -3.202307522296905518e-01 3.544653654098510742e-01 1.080321788787841797e+00 4.791963845491409302e-02 2.919761240482330322e-01 -6.034504175186157227e-01 1.644529774785041809e-02 7.530139088630676270e-01 -5.130951404571533203e-01 -3.209295868873596191e-01 4.015473425388336182e-01 6.070306897163391113e-01 3.238729536533355713e-01 1.011926755309104919e-01 -6.281254291534423828e-01 6.857436615973711014e-03 -1.980661004781723022e-01 3.164685070514678955e-01 -2.125748246908187866e-02 -1.118830740451812744e-01 6.189702749252319336e-01 3.301039636135101318e-01
3.617959022521972656e-01 -5.317756533622741699e-01 9.894127845764160156e-01 1.252787709236145020e-01 -4.738322198390960693e-01 -5.006621479988098145e-01 -8.132587075233459473e-01 9.568583220243453979e-02 -1.054905414581298828e+00 -2.479959279298782349e-01 1.003068566322326660e+00 -2.725988626480102539e-01 8.815892934799194336e-01 -7.145792841911315918e-01 8.588255643844604492e-01 9.504180401563644409e-02 1.636600196361541748e-01 -3.636459410190582275e-01 -1.514468938112258911e-01 9.771828055381774902e-01 3.785241842269897461e-01 1.009947061538696289e+00 6.743354201316833496e-01 -3.758151233196258545e-01 2.632661163806915283e-01 5.088984966278076172e-01 8.197849988937377930e-02 4.112315922975540161e-02 -4.220883250236511230e-01 1.246672198176383972e-01 -5.130811333656311035e-01 5.419343113899230957e-01 -2.936020679771900177e-02 -2.161051630973815918e-01 -3.450445458292961121e-02 -4.974819421768188477e-01 6.455456465482711792e-02 -2.527793943881988525e-01 2.289882600307464600e-01 2.560932934284210205e-01 -2.296430617570877075e-01 1.813032776117324829e-01 -2.559950053691864014e-01 1.108789443969726562e+00 2.116144597530364990e-01 2.409337460994720459e-01 4.647046029567718506e-01 1.269216537475585938e-01 6.740966439247131348e-01 1.135107204318046570e-01 5.116674304008483887e-01 -4.040127396583557129e-01 4.963305890560150146e-01 1.182656269520521164e-02 -4.666900634765625000e-01 1.371467262506484985e-01 6.040843725204467773e-01 -7.818475365638732910e-01 -5.380652546882629395e-01 3.764806389808654785e-01 1.292690783739089966e-01 -1.160747557878494263e-01 6.490712985396385193e-04 -1.785992085933685303e-01
5.181639790534973145e-01 -6.738070249557495117e-01 3.785499632358551025e-01 1.219044402241706848e-01 -7.339231669902801514e-02 -8.490023761987686157e-02 1.622726470232009888e-01 1.820462495088577271e-01 -6.171155571937561035e-01 -1.578134745359420776e-01 1.193887472152709961e+00 -5.038516521453857422e-01 -2.464505732059478760e-01 -5.657408833503723145e-01 3.714044690132141113e-01 -1.386268585920333862e-01 -6.270451545715332031e-01 -4.369544088840484619e-01 5.917351841926574707e-01 9.586481377482414246e-03 -2.321847528219223022e-01 6.743443012237548828e-01 -1.842817664146423340e-01 -3.966230750083923340e-01 -6.975400447845458984e-01 8.155740499496459961e-01 -7.079425454139709473e-01 5.902995467185974121e-01 5.826502442359924316e-01 6.265367567539215088e-02 5.343801975250244141e-01 2.919267416000366211e-01 -9.335557930171489716e-03 -3.685440421104431152e-01 -7.613571882247924805e-01 3.436868488788604736e-01 2.227766215801239014e-01 3.080895543098449707e-01 -6.695401072502136230e-01 -2.534994482994079590e-01 5.023334622383117676e-01 -1.680052429437637329e-01 -2.315693199634552002e-01 -2.922746241092681885e-01 7.333756983280181885e-02 -5.336229801177978516e-01 4.292639791965484619e-01 6.614963524043560028e-03 -9.453839808702468872e-02 3.578105568885803223e-01 -2.143113166093826294e-01 -9.642721712589263916e-02 5.546527504920959473e-01 4.507755637168884277e-01 -4.135047644376754761e-02 -2.622791528701782227e-01 7.731177806854248047e-01 -8.910791277885437012e-01 -1.207132451236248016e-02 -1.009374409914016724e-01 -4.728852957487106323e-02 5.991503596305847168e-01 -1.016186475753784180e+00 4.713245630264282227e-01
5.710015296936035156e-01 -2.035467326641082764e-01 1.798639446496963501e-01 -6.221119165420532227e-01 -6.256321072578430176e-01 -4.380158185958862305e-01 2.777559496462345123e-02 2.573503553867340088e-01 -8.368651866912841797e-01 2.777560353279113770e-01 7.527456283569335938e-01 1.031314432621002197e-01 -2.807214260101318359e-01 -2.082910686731338501e-01 8.848108649253845215e-01 1.009072586894035339e-01 8.535435795783996582e-01 -4.284188151359558105e-01 1.090455412864685059e+00 2.861270606517791748e-01 -1.755248010158538818e-01 4.472783803939819336e-01 -2.771987617015838623e-01 2.198978513479232788e-01 3.050659596920013428e-01 2.374185770750045776e-01 1.269474998116493225e-02 -4.051989614963531494e-01 6.036096811294555664e-01 -1.819032877683639526e-01 -1.442369073629379272e-01 -6.239846348762512207e-02 2.121537774801254272e-01 -2.803574502468109131e-01 2.233478426933288574e-02 2.469078600406646729e-01 8.155571222305297852e-01 4.728777408599853516e-01 3.764481842517852783e-02 1.096508800983428955e-01 -6.486468315124511719e-01 -4.308353662490844727e-01 -1.474176943302154541e-01 7.524561882019042969e-01 7.385565042495727539e-01 -9.337328672409057617e-01 2.584333717823028564e-01 -4.004085361957550049e-01 -4.515098929405212402e-01 2.706373035907745361e-01 2.349291741847991943e-01 1.384870111942291260e-01 1.061184883117675781e+00 -1.613622009754180908e-01 1.759732365608215332e-01 5.571250319480895996e-01 2.759224176406860352e-02 -8.580899238586425781e-01 -2.959726154804229736e-01 6.746809929609298706e-02 -4.865634143352508545e-01 6.197400689125061035e-01 -7.762981206178665161e-02 1.328196469694375992e-02
1.967360824346542358e-01 5.200959444046020508e-01 7.402697801589965820e-01 -1.225759238004684448e-01 -4.756394326686859131e-01 -5.222092866897583008e-01 2.986320853233337402e-01 -3.151844739913940430e-01 -9.135163426399230957e-01 -8.707252144813537598e-01 8.220824599266052246e-01 -4.395196139812469482e-01 -3.716329932212829590e-01 -8.928611874580383301e-01 4.105320572853088379e-01 4.971554875373840332e-02 4.908914864063262939e-01 -4.437288641929626465e-01 4.535084664821624756e-01 1.404373288154602051e+00 1.244125887751579285e-01 8.395540714263916016e-02 5.408831834793090820e-01 3.527085781097412109e-01 3.002744913101196289e-01 -1.519004553556442261e-01 -2.568166851997375488e-01 -3.761253133416175842e-02 5.877764895558357239e-02 1.166755259037017822e-01 -4.504254758358001709e-01 9.192866086959838867e-01 1.035083830356597900e-01 2.483127564191818237e-01 -1.979970335960388184e-01 -4.975907206535339355e-01 -3.697234094142913818e-01 1.010098099708557129e+00 -8.945111930370330811e-02 5.566070601344108582e-02 1.646913141012191772e-01 -3.001832664012908936e-01 3.039603233337402344e-01 1.989408880472183228e-01 4.031053483486175537e-01 -6.683406829833984375e-01 -2.917564101517200470e-02 -2.841992676258087158e-01 2.420207858085632324e-01 -3.991534709930419922e-01 9.422849118709564209e-02 3.279355466365814209e-01 1.316985249519348145e+00 -4.539605379104614258e-01 -1.843614727258682251e-01 -3.085235357284545898e-01 1.413909196853637695e-01 -3.119075000286102295e-01 -2.474894933402538300e-02 -3.541455566883087158e-01 2.996462024748325348e-02 1.162802204489707947e-01 1.092273592948913574e-01 -5.839751362800598145e-01
1.637046970427036285e-02 2.612212300300598145e-01 1.323233842849731445e-01 1.534937173128128052e-01 -4.921141862869262695e-01 -1.156254634261131287e-01 1.365617662668228149e-01 3.582906723022460938e-01 -6.430361270904541016e-01 -4.320150017738342285e-01 3.566478192806243896e-01 -4.249440431594848633e-01 -6.981628537178039551e-01 -3.389044106006622314e-02 5.055768489837646484e-01 2.625967562198638916e-01 3.124948143959045410e-01 -8.771032094955444336e-02 4.382932186126708984e-01 8.034324645996093750e-01 -7.051654160022735596e-02 7.255482077598571777e-01 7.776533365249633789e-01 -3.796794414520263672e-01 2.499547898769378662e-01 2.156818360090255737e-01 -2.274425178766250610e-01 -7.165309190750122070e-01 1.494127362966537476e-01 -4.528453201055526733e-02 9.746583551168441772e-02 5.034062862396240234e-01 3.539714515209197998e-01 -5.589733719825744629e-01 5.211826041340827942e-02 -1.836019456386566162e-01 2.253361195325851440e-01 7.878620028495788574e-01 -1.556055396795272827e-01 2.014543712139129639e-01 -2.560585737228393555e-01 2.898765504360198975e-01 -3.707354664802551270e-01 1.059301868081092834e-01 6.340035796165466309e-01 -7.389540672302246094e-01 2.119799107313156128e-01 7.148440480232238770e-01 1.136492341756820679e-01 1.159672364592552185e-01 1.455166339874267578e-01 -4.216371774673461914e-01 1.874846369028091431e-01 -2.317014634609222412e-01 3.753955066204071045e-01 -4.035720229148864746e-01 -1.497174799442291260e-01 -9.364365339279174805e-01 -9.961128979921340942e-02 -4.200633168220520020e-01 -7.994109988212585449e-01 -2.240385264158248901e-01 2.970607578754425049e-01 -2.193253487348556519e-01
3.599173128604888916e-01 -1.558663696050643921e-01 6.296985745429992676e-01 -1.446621567010879517e-01 -3.207343816757202148e-01 -2.499458938837051392e-01 -3.746731281280517578e-01 6.885607838630676270e-01 -8.698703050613403320e-01 -1.770918518304824829e-01 5.101682543754577637e-01 6.001167893409729004e-01 4.594573080539703369e-01 -7.154367566108703613e-01 6.270471811294555664e-01 1.039088368415832520e-01 -7.515546400099992752e-03 9.767861664295196533e-02 6.193668842315673828e-01 1.051149249076843262e+00 2.197945713996887207e-01 6.178606748580932617e-01 1.287826746702194214e-01 -8.629605770111083984e-01 1.377110779285430908e-01 4.565425217151641846e-01 2.488577365875244141e-01 -4.676310122013092041e-01 -3.208290636539459229e-01 -6.677980720996856689e-02 1.310560852289199829e-01 3.460628688335418701e-01 -9.233506023883819580e-02 -2.542308568954467773e-01 -5.074228644371032715e-01 5.030210018157958984e-01 -2.349289357662200928e-01 5.714774727821350098e-01 5.304117202758789062e-01 5.350934714078903198e-02 -5.223597884178161621e-01 3.018952012062072754e-01 -2.026561833918094635e-02 8.757895827293395996e-01 -7.577916979789733887e-02 -1.474028825759887695e-01 2.931846082210540771e-01 -4.917126148939132690e-02 2.542810738086700439e-01 2.027236372232437134e-01 4.604675471782684326e-01 -1.342589110136032104e-01 5.538440942764282227e-01 -6.030371412634849548e-02 -3.883915245532989502e-01 1.900257617235183716e-01 1.238218098878860474e-01 -9.144368767738342285e-01 -8.705470710992813110e-03 2.837758362293243408e-01 -2.477359771728515625e-01 -1.878095567226409912e-01 -9.087686240673065186e-02 -2.476878762245178223e-01
3.206361532211303711e-01 8.333499729633331299e-02 2.709617018699645996e-01 -2.680801451206207275e-01 5.639166384935379028e-02 -1.118903160095214844e+00 -1.881395280361175537e-01 1.416900008916854858e-01 -6.547100096940994263e-02 -2.736410200595855713e-01 9.191294759511947632e-02 -1.132872343063354492e+00 -6.553384065628051758e-01 2.227911800146102905e-01 -5.567351728677749634e-02 -3.123254179954528809e-01 -4.053774774074554443e-01 -4.183505773544311523e-01 -7.944201678037643433e-02 3.516744673252105713e-01 -1.071309819817543030e-01 5.067833662033081055e-01 4.781721234321594238e-01 -2.606433033943176270e-01 -2.465403527021408081e-01 4.499407410621643066e-01 -8.641800284385681152e-02 6.467483192682266235e-02 -1.352647244930267334e-01 -3.246067166328430176e-01 -2.328767254948616028e-02 -2.074382156133651733e-01 -6.299576759338378906e-01 -7.413253188133239746e-01 -2.094490975141525269e-01 -4.166948795318603516e-01 2.690714895725250244e-01 2.251832745969295502e-02 1.991774439811706543e-01 -2.290335297584533691e-01 -1.183781549334526062e-01 1.024876087903976440e-01 -2.796233892440795898e-01 3.040443956851959229e-01 1.314840316772460938e+00 1.128810048103332520e-01 1.996738314628601074e-01 -7.314502000808715820e-01 8.774890005588531494e-02 8.555285930633544922e-01 -5.288431644439697266e-01 -3.217537999153137207e-01 3.672637939453125000e-01 3.640567660331726074e-01 4.255397021770477295e-01 6.590675562620162964e-02 -6.980814933776855469e-01 -6.564256548881530762e-02 -2.945187985897064209e-01 3.388175070285797119e-01 1.813196688890457153e-01 -2.979962825775146484e-01 6.745747923851013184e-01 4.139386117458343506e-01
7.316271308809518814e-03 -3.041902780532836914e-01 1.467059925198554993e-02 -6.854866147041320801e-01 2.510241270065307617e-01 -2.657998800277709961e-01 3.860868811607360840e-01 3.104502856731414795e-01 -8.119605779647827148e-01 -1.279365122318267822e-01 1.188644766807556152e+00 -8.681653141975402832e-01 -9.352185130119323730e-01 1.624633744359016418e-02 5.085949897766113281e-01 7.831941843032836914e-01 -3.442702293395996094e-01 -4.009750485420227051e-01 3.066398501396179199e-01 5.382525920867919922e-01 7.143145799636840820e-01 6.875891089439392090e-01 6.025612950325012207e-01 -7.613044232130050659e-02 7.073248177766799927e-02 -3.723061680793762207e-01 -1.435780972242355347e-01 2.983464300632476807e-02 2.668995857238769531e-01 -3.772406578063964844e-01 -2.552900612354278564e-01 1.296744346618652344e-01 2.725569009780883789e-01 -3.318799734115600586e-01 -5.180933475494384766e-01 5.906158685684204102e-01 9.701286554336547852e-01 -2.101099044084548950e-01 3.204639256000518799e-01 6.918845698237419128e-03 7.451162338256835938e-01 3.355416357517242432e-01 -2.334392219781875610e-01 5.117241665720939636e-02 -1.580671221017837524e-01 -7.680898159742355347e-02 -1.109473481774330139e-01 -1.130127906799316406e+00 2.305975407361984253e-01 3.049127161502838135e-01 8.589341491460800171e-02 5.744668841361999512e-01 9.707579612731933594e-01 -2.150381505489349365e-01 9.472744166851043701e-02 6.174848973751068115e-02 8.268736600875854492e-01 -6.373111903667449951e-02 -1.807385385036468506e-01 3.823604807257652283e-02 2.151345461606979370e-01 -1.201961711049079895e-01 1.026034504175186157e-01 7.508854866027832031e-01
-3.001755475997924805e-01 -7.859539389610290527e-01 1.682541221380233765e-01 -1.445517390966415405e-01 -3.786050155758857727e-02 1.676376163959503174e-01 -4.672160372138023376e-02 5.524005889892578125e-01 -5.640344023704528809e-01 7.371982187032699585e-02 1.167958602309226990e-01 -5.897909402847290039e-02 -3.305140435695648193e-01 -1.016176491975784302e-01 3.151952624320983887e-01 4.637353718280792236e-01 4.440910220146179199e-01 -3.864888250827789307e-01 5.380760431289672852e-01 1.143251776695251465e+00 -9.461442939937114716e-03 -4.391208887100219727e-01 5.411189794540405273e-01 -4.306082725524902344e-01 2.152915596961975098e-01 1.366267502307891846e-01 2.542281150817871094e-01 -5.340877175331115723e-01 3.403215408325195312e-01 8.981259912252426147e-02 2.709070406854152679e-02 6.133404970169067383e-01 -2.654767036437988281e-01 -4.702651202678680420e-01 -4.569592177867889404e-01 -2.662737369537353516e-01 -7.372736185789108276e-02 -2.889226675033569336e-01 5.053614377975463867e-01 -8.919281885027885437e-03 1.429135724902153015e-02 1.075635999441146851e-01 2.416932135820388794e-01 2.034383118152618408e-01 1.853822618722915649e-01 -6.164304614067077637e-01 -2.794196903705596924e-01 -7.280465364456176758e-01 6.129140257835388184e-01 2.155722528696060181e-01 -5.604328215122222900e-02 -7.181133627891540527e-01 1.226780295372009277e+00 2.780012786388397217e-01 -4.045463204383850098e-01 -2.937822937965393066e-01 6.203449331223964691e-03 1.100876569747924805e+00 -4.979295134544372559e-01 4.725564122200012207e-01 3.397369757294654846e-02 -4.440108686685562134e-02 -6.990318894386291504e-01 -3.526973724365234375e-01
-1.415154933929443359e-01 -9.712098538875579834e-02 4.369175136089324951e-01 -7.064763903617858887e-01 7.818850874900817871e-01 6.196270138025283813e-02 -1.936920732259750366e-01 4.954427182674407959e-01 -7.064989209175109863e-01 1.623973101377487183e-01 1.243991851806640625e+00 -4.305772781372070312e-01 -5.735725630074739456e-03 -1.619039918296039104e-03 4.304772019386291504e-01 5.002715587615966797e-01 1.225433796644210815e-01 4.314480125904083252e-01 3.162864148616790771e-01 3.745587468147277832e-01 2.365917563438415527e-01 -7.914293557405471802e-02 9.197298884391784668e-01 -3.312686383724212646e-01 3.752453625202178955e-01 -2.280520200729370117e-01 8.750094771385192871e-01 -1.399402767419815063e-01 5.945394635200500488e-01 8.600188493728637695e-01 -1.298853754997253418e-01 9.400144815444946289e-01 -6.246691942214965820e-01 -1.159557342529296875e+00 -3.319232761859893799e-01 7.108471393585205078e-01 5.975229144096374512e-01 -2.294429242610931396e-01 -1.595946848392486572e-01 4.542476832866668701e-01 9.324120283126831055e-01 -2.809362113475799561e-02 -6.437540650367736816e-01 -3.478854522109031677e-02 5.349271893501281738e-01 -1.369404643774032593e-01 -3.656870722770690918e-01 -1.102687358856201172e+00 -5.435262322425842285e-01 6.355262994766235352e-01 -1.282652318477630615e-01 6.246308684349060059e-01 1.544371396303176880e-01 -1.947407126426696777e-01 -2.445757240056991577e-01 -3.778441250324249268e-01 -5.942938923835754395e-01 -5.813549831509590149e-02 -3.456210792064666748e-01 4.166930317878723145e-01 -5.484308600425720215e-01 1.081420332193374634e-01 -1.036354899406433105e-02 -5.923054218292236328e-01
-4.525490105152130127e-01 -2.313472479581832886e-01 -4.276432096958160400e-01 -2.214480638504028320e-01 8.253536187112331390e-03 -6.229664683341979980e-01 4.972460269927978516e-01 -2.447659522294998169e-01 -9.481088519096374512e-01 -5.521836504340171814e-02 6.273658871650695801e-01 -6.164348721504211426e-01 -2.710737884044647217e-01 -1.053138896822929382e-01 4.128618836402893066e-01 1.058891177177429199e+00 -1.544916927814483643e-01 -2.101292014122009277e-01 7.239288687705993652e-01 5.412994623184204102e-01 2.425627112388610840e-01 -5.689412355422973633e-01 -4.069274291396141052e-02 3.637324869632720947e-01 -5.928057432174682617e-02 5.734056234359741211e-01 1.009522080421447754e+00 1.554104536771774292e-01 -1.455263793468475342e-01 3.693013265728950500e-02 1.331291347742080688e-01 1.936084926128387451e-01 -1.380712985992431641e-01 -5.241702795028686523e-01 -4.620197415351867676e-01 -9.727428108453750610e-02 -5.542382001876831055e-01 -3.061678111553192139e-01 -1.742892712354660034e-01 -1.312819719314575195e-01 3.829283714294433594e-01 5.554698705673217773e-01 9.793341904878616333e-02 6.605484485626220703e-01 4.914452433586120605e-01 -2.262455672025680542e-01 -4.908496439456939697e-01 -4.984567761421203613e-01 3.327406942844390869e-01 -1.607588827610015869e-01 2.820140421390533447e-01 1.081720814108848572e-01 9.567707180976867676e-01 -2.683476805686950684e-01 -1.805646419525146484e-01 -8.119638264179229736e-02 1.577055603265762329e-01 9.376263618469238281e-01 -4.749037921428680420e-01 7.569559812545776367e-01 1.873038411140441895e-01 1.710855662822723389e-01 -2.148314714431762695e-01 -8.711062371730804443e-02
-6.712505221366882324e-02 -3.680346012115478516e-01 -5.638387799263000488e-01 -4.402543306350708008e-01 2.143020331859588623e-01 1.149437110871076584e-02 4.234359860420227051e-01 1.108046993613243103e-02 -5.001645684242248535e-01 -1.245395373553037643e-02 -1.927947551012039185e-01 -7.004151344299316406e-01 -5.433700084686279297e-01 -9.763236641883850098e-01 4.519749283790588379e-01 4.287963807582855225e-01 -2.000309675931930542e-01 1.447686105966567993e-01 1.465232819318771362e-01 5.775249600410461426e-01 3.696597218513488770e-01 -4.223893955349922180e-02 4.475899636745452881e-01 -9.834289550781250000e-02 1.665845215320587158e-01 4.289788007736206055e-01 1.305820703506469727e+00 1.826306618750095367e-02 3.825608789920806885e-01 6.501312553882598877e-02 -2.351012527942657471e-01 2.114574909210205078e-01 -4.232863783836364746e-01 -7.248772382736206055e-01 -1.351258158683776855e-01 3.081259727478027344e-01 2.514784038066864014e-01 -6.295472979545593262e-01 -2.688799202442169189e-01 3.270013928413391113e-01 1.823683977127075195e-01 1.610333174467086792e-01 2.423157095909118652e-01 -1.242372393608093262e-01 5.450469255447387695e-01 -3.001912236213684082e-01 -2.209412902593612671e-01 -9.899408817291259766e-01 8.550958037376403809e-01 -4.608304500579833984e-01 -2.500939927995204926e-02 -4.936812818050384521e-01 1.335435271263122559e+00 1.060672104358673096e-01 -4.267753958702087402e-01 5.726374685764312744e-02 -7.023229449987411499e-02 3.133343160152435303e-01 -1.101435422897338867e+00 1.787450015544891357e-01 -6.375586986541748047e-01 7.081565856933593750e-01 -3.660621643066406250e-01 -1.321580708026885986e-01
1.904588937759399414e-01 3.832801878452301025e-01 8.503302931785583496e-03 -2.312229201197624207e-02 5.126270055770874023e-01 -4.892487525939941406e-01 2.907705903053283691e-01 4.703424498438835144e-02 -3.976908922195434570e-01 -2.153770923614501953e-01 2.301311492919921875e-01 -8.586323857307434082e-01 -3.390887081623077393e-01 -9.054570794105529785e-01 4.628623127937316895e-01 -1.773356795310974121e-01 2.823385298252105713e-01 6.664872169494628906e-01 1.727446913719177246e-02 1.043155670166015625e+00 9.521921873092651367e-01 -3.046702146530151367e-01 3.754017949104309082e-01 6.847241520881652832e-02 7.887353003025054932e-02 -4.042341709136962891e-01 -5.033633708953857422e-01 2.154642157256603241e-02 5.582869425415992737e-02 8.197020739316940308e-02 4.429365098476409912e-01 4.330059587955474854e-01 -2.320972681045532227e-01 1.676816791296005249e-01 -4.117616415023803711e-01 -1.903064101934432983e-01 -8.646417409181594849e-02 5.788619443774223328e-02 -2.516098320484161377e-01 -2.746580541133880615e-01 -2.070004343986511230e-01 -7.649693638086318970e-02 -6.172398924827575684e-01 6.558276414871215820e-01 3.823171257972717285e-01 -2.236364632844924927e-01 8.362498134374618530e-02 -9.374275803565979004e-01 -4.598379731178283691e-01 -3.786758482456207275e-01 -3.904037475585937500e-01 1.463594883680343628e-01 6.995819211006164551e-01 1.451827734708786011e-01 -1.396810561418533325e-01 -1.332284361124038696e-01 -1.051749065518379211e-01 1.057157814502716064e-01 -6.261433362960815430e-01 1.591476052999496460e-01 -5.922589898109436035e-01 -9.173364192247390747e-02 5.991939902305603027e-01 -6.669363975524902344e-01
1.579266339540481567e-01 -5.936346054077148438e-01 -1.755889952182769775e-01 -4.591819047927856445e-01 3.045738860964775085e-02 -9.114945530891418457e-01 5.268443226814270020e-01 3.962779045104980469e-01 -1.136095643043518066e+00 -3.364267349243164062e-01 2.964090406894683838e-01 -9.263832569122314453e-01 -6.522509455680847168e-01 -3.415800333023071289e-01 3.315206170082092285e-01 3.906958401203155518e-01 5.853235125541687012e-01 2.896327972412109375e-01 4.648606479167938232e-01 1.063863039016723633e+00 6.923821568489074707e-01 7.034431695938110352e-01 -8.418384939432144165e-02 3.161582052707672119e-01 -5.054220557212829590e-01 -2.841352224349975586e-01 3.221371769905090332e-01 -7.984288930892944336e-01 1.050283759832382202e-01 2.870698273181915283e-01 4.412546455860137939e-01 -1.180568188428878784e-01 -2.676337957382202148e-01 -8.132928013801574707e-01 -2.888619005680084229e-01 -2.523735463619232178e-01 6.590340137481689453e-01 -5.562543272972106934e-01 -4.535135328769683838e-01 2.326687425374984741e-01 4.524438381195068359e-01 -3.334650695323944092e-01 1.820850968360900879e-01 -5.158640071749687195e-02 3.700574040412902832e-01 -6.470394879579544067e-02 -2.456968575716018677e-01 -6.914783120155334473e-01 3.359991312026977539e-01 -6.537024378776550293e-01 7.606503963470458984e-01 -1.029911875724792480e+00 5.242857933044433594e-01 3.176574409008026123e-02 2.394408285617828369e-01 2.884655594825744629e-01 1.496737450361251831e-01 1.188032403588294983e-01 -4.729537367820739746e-01 4.486477747559547424e-02 9.643713831901550293e-01 8.227174282073974609e-01 -8.963059782981872559e-01 -2.270311564207077026e-01
-3.591394424438476562e-01 5.728586763143539429e-02 -2.902832925319671631e-01 -7.313072681427001953e-01 -3.521548509597778320e-01 -7.999130487442016602e-01 4.402800798416137695e-01 -4.351046085357666016e-01 -5.704092383384704590e-01 1.056629698723554611e-02 3.673731684684753418e-01 -1.338176846504211426e+00 -1.527590155601501465e-01 -2.080717235803604126e-01 2.053183168172836304e-01 6.037585735321044922e-01 2.109353244304656982e-01 -8.817085027694702148e-01 -1.170639842748641968e-01 3.505135774612426758e-01 8.149407058954238892e-02 1.187322437763214111e-01 4.090009331703186035e-01 6.703307032585144043e-01 5.486015081405639648e-01 -4.212950468063354492e-01 5.382114052772521973e-01 -2.634700536727905273e-01 1.118192151188850403e-01 -9.231140464544296265e-02 -5.790444836020469666e-02 5.596550554037094116e-02 -2.779472470283508301e-01 -7.684447765350341797e-01 -1.964757591485977173e-01 6.638349294662475586e-01 4.097640514373779297e-01 9.270253777503967285e-01 2.242514342069625854e-01 -1.810814142227172852e-01 -4.751249775290489197e-02 -3.164442181587219238e-01 -3.927661478519439697e-01 7.991930246353149414e-01 4.385680258274078369e-01 -1.748589724302291870e-01 -1.794641762971878052e-01 -4.907205998897552490e-01 2.285379767417907715e-01 -2.602221667766571045e-01 -2.010864317417144775e-01 2.369600832462310791e-01 1.074737429618835449e+00 -3.622268140316009521e-02 -4.054849743843078613e-01 -1.578014343976974487e-01 4.112360179424285889e-01 1.931545734405517578e-01 -3.551965057849884033e-01 4.424723386764526367e-01 -4.976646900177001953e-01 1.074293702840805054e-01 1.144289076328277588e-01 9.540005028247833252e-02
3.194050490856170654e-01 2.177996635437011719e-01 4.579935371875762939e-01 2.289523631334304810e-01 -4.883738756179809570e-01 -3.126578032970428467e-01 3.131840825080871582e-01 3.056493103504180908e-01 -3.966007232666015625e-01 -3.454552292823791504e-01 2.373607158660888672e-01 -1.892226189374923706e-01 -6.383188962936401367e-01 3.351699933409690857e-02 8.240551352500915527e-01 4.346064925193786621e-01 3.499495685100555420e-01 -6.451601535081863403e-02 3.564357459545135498e-01 8.379036784172058105e-01 -1.892237924039363861e-02 8.790124058723449707e-01 7.072290778160095215e-01 -4.695289731025695801e-01 2.522242963314056396e-01 2.983188331127166748e-01 -1.739062070846557617e-01 -5.745877623558044434e-01 -3.647164255380630493e-02 -9.021704085171222687e-03 2.346953190863132477e-02 2.000222653150558472e-01 3.380967378616333008e-01 -5.855197906494140625e-01 3.257944434881210327e-02 -3.397466838359832764e-01 1.400290429592132568e-01 8.985571861267089844e-01 -2.503369450569152832e-01 2.239187955856323242e-01 -2.926478981971740723e-01 4.928457736968994141e-01 -4.463875889778137207e-01 2.946599423885345459e-01 6.075961589813232422e-01 -7.588899135589599609e-01 1.787928193807601929e-01 6.783839464187622070e-01 1.137802749872207642e-01 1.268142182379961014e-02 1.964644342660903931e-02 -5.302222371101379395e-01 2.692785859107971191e-01 -2.875989377498626709e-01 4.720180034637451172e-01 -1.471912115812301636e-01 -1.735308170318603516e-01 -5.976483225822448730e-01 -5.175037980079650879e-01 -1.531955003738403320e-01 -8.003242015838623047e-01 -6.420727074146270752e-02 2.633107602596282959e-01 -1.653028279542922974e-01
4.286882579326629639e-01 2.810646295547485352e-01 5.867422819137573242e-01 -1.412296295166015625e-02 -9.860528707504272461e-01 -2.641350030899047852e-02 3.834924399852752686e-01 3.611407279968261719e-01 -4.829260408878326416e-01 7.122304290533065796e-02 5.105140805244445801e-01 -5.926634073257446289e-01 -2.332774996757507324e-01 -2.313771247863769531e-01 1.249181509017944336e+00 6.455059647560119629e-01 1.390654146671295166e-01 -5.938479304313659668e-01 4.141382575035095215e-01 5.960834026336669922e-01 3.736106455326080322e-01 3.769157826900482178e-01 7.829199433326721191e-01 -5.678486824035644531e-01 -9.297581762075424194e-02 6.873955130577087402e-01 1.106278672814369202e-01 -6.277198791503906250e-01 9.180690348148345947e-02 2.131331712007522583e-01 3.496973812580108643e-01 5.057241916656494141e-01 -1.289537549018859863e-01 -1.073364257812500000e+00 -7.027405500411987305e-01 3.807843029499053955e-01 9.256839752197265625e-02 2.103043645620346069e-01 -4.123363494873046875e-01 1.447051316499710083e-01 -9.071699976921081543e-01 5.460777282714843750e-01 6.862147897481918335e-02 6.169980168342590332e-01 1.017462536692619324e-01 3.374039009213447571e-02 2.541964054107666016e-01 6.576799601316452026e-02 8.565110713243484497e-02 2.797128260135650635e-01 1.317145824432373047e-01 -5.523964762687683105e-01 8.911823481321334839e-02 -1.020483613014221191e+00 1.364339143037796021e-01 1.384534686803817749e-01 -1.807864308357238770e-01 -7.375357747077941895e-01 -4.785445928573608398e-01 2.821364812552928925e-02 -4.092344939708709717e-01 -6.632686406373977661e-02 5.288244485855102539e-01 6.606990694999694824e-01
5.208615660667419434e-01 -4.655629396438598633e-01 2.731482982635498047e-01 1.023606434464454651e-01 -2.085769474506378174e-01 -1.351842641830444336e+00 -2.757037580013275146e-01 3.892273008823394775e-01 9.124362468719482422e-02 -1.675036549568176270e-01 -1.214262619614601135e-01 -3.843876123428344727e-01 -1.016296725720167160e-02 -5.763436555862426758e-01 -3.016140758991241455e-01 6.105080246925354004e-01 4.340134859085083008e-01 -2.527901828289031982e-01 -2.569130957126617432e-01 4.132477045059204102e-01 7.961042225360870361e-02 1.985561335459351540e-03 3.868094086647033691e-01 -1.371613889932632446e-01 6.319832801818847656e-01 1.047845363616943359e+00 1.992797851562500000e-01 -6.752201914787292480e-01 5.698499679565429688e-01 2.608147822320461273e-02 7.257334589958190918e-01 -1.395399719476699829e-01 -3.899934291839599609e-01 -1.870233565568923950e-01 -8.467593193054199219e-01 -4.050999581813812256e-01 1.145254969596862793e-01 -1.490373611450195312e-01 -7.203114032745361328e-02 -4.402942061424255371e-01 -3.438270092010498047e-01 1.000266373157501221e-01 -4.452687203884124756e-01 -8.792837709188461304e-02 1.507268667221069336e+00 1.793229877948760986e-01 -3.817463517189025879e-01 3.285377472639083862e-02 -1.637967377901077271e-01 7.698367238044738770e-01 -4.336231648921966553e-01 -4.419118463993072510e-01 3.911049962043762207e-01 -2.168264426290988922e-02 8.676915168762207031e-01 -8.502032756805419922e-01 -5.642897449433803558e-03 -1.790039241313934326e-01 3.235958516597747803e-01 -1.288264989852905273e-01 -5.225419625639915466e-02 2.282724156975746155e-02 -2.895196080207824707e-01 2.241764515638351440e-01
7.581833004951477051e-01 4.707201421260833740e-01 9.722035527229309082e-01 -7.066110968589782715e-01 3.152822554111480713e-01 2.583521902561187744e-01 -3.436422049999237061e-01 1.642396450042724609e-01 -6.704621911048889160e-01 -6.757801771163940430e-02 4.539612829685211182e-01 -7.387804388999938965e-01 8.238851428031921387e-01 -6.127993464469909668e-01 1.302895188331604004e+00 -1.046052277088165283e-01 7.705467939376831055e-01 -5.689893364906311035e-01 9.149281382560729980e-01 4.613156914710998535e-01 2.707700729370117188e-01 8.961448073387145996e-01 5.125467181205749512e-01 -3.685656785964965820e-01 -3.443132042884826660e-01 7.503173351287841797e-01 1.102433726191520691e-01 -1.386608928442001343e-01 2.451914399862289429e-01 2.234345972537994385e-01 -3.486939147114753723e-02 2.909912168979644775e-01 4.968418478965759277e-01 -3.625016212463378906e-01 -6.609346270561218262e-01 -1.486626416444778442e-01 -1.825322210788726807e-01 2.805857062339782715e-01 -6.807845234870910645e-01 -8.727186918258666992e-02 -6.447649002075195312e-01 8.161436766386032104e-03 1.280547976493835449e-01 5.991065502166748047e-01 -1.226515322923660278e-01 -1.157145649194717407e-01 -3.878214657306671143e-01 -6.048479676246643066e-01 4.465951621532440186e-01 2.128958851099014282e-01 2.016635984182357788e-01 4.091236889362335205e-01 2.883488833904266357e-01 -9.608777165412902832e-01 1.077057123184204102e-01 8.399850875139236450e-02 2.468791007995605469e-01 -6.450502276420593262e-01 -3.455353975296020508e-01 3.829126060009002686e-02 -8.669833838939666748e-02 -6.388931721448898315e-02 3.778274655342102051e-01 3.211174011230468750e-01
4.991551637649536133e-01 -3.122362792491912842e-01 -3.919212222099304199e-01 2.241641283035278320e-01 2.928748130798339844e-01 -4.183886051177978516e-01 -1.644732356071472168e-01 1.844258010387420654e-01 -4.759682714939117432e-01 -7.870039939880371094e-01 -1.636047512292861938e-01 -1.068819522857666016e+00 -4.672989249229431152e-02 5.297562479972839355e-01 1.925183385610580444e-01 -6.767441052943468094e-03 -5.112752914428710938e-01 -1.910067498683929443e-01 1.695326268672943115e-01 5.389532446861267090e-01 3.914026021957397461e-01 7.315223813056945801e-01 3.148486139252781868e-03 7.231624424457550049e-02 -2.376795262098312378e-01 3.600676655769348145e-01 3.545124232769012451e-01 -4.951965510845184326e-01 7.629688978195190430e-01 4.215031862258911133e-01 4.603615403175354004e-01 2.266567647457122803e-01 -2.070781774818897247e-02 1.041035205125808716e-01 -3.104832470417022705e-01 -1.503272354602813721e-01 -6.610939651727676392e-02 -4.895456135272979736e-01 2.361062467098236084e-01 -5.230725407600402832e-01 -1.226923540234565735e-01 -2.928107976913452148e-01 -4.133451581001281738e-01 1.283520460128784180e-01 9.422652125358581543e-01 -9.354543685913085938e-02 1.743585914373397827e-01 -1.200251102447509766e+00 9.618059992790222168e-01 1.011606097221374512e+00 -3.814364224672317505e-02 2.710837125778198242e-01 1.599268317222595215e-01 4.386543035507202148e-01 5.888875722885131836e-01 -1.589837223291397095e-01 -6.545494198799133301e-01 -5.153427720069885254e-01 -6.195642352104187012e-01 2.164490222930908203e-01 -2.614609599113464355e-01 -4.471002817153930664e-01 1.696156859397888184e-01 -3.433280587196350098e-01
6.513705849647521973e-01 -9.197758436203002930e-01 5.479412078857421875e-01 3.057038187980651855e-01 -1.881264150142669678e-01 -2.244075387716293335e-02 -1.949538439512252808e-01 2.279443293809890747e-01 -1.213317140936851501e-01 -2.069792002439498901e-01 1.378901243209838867e+00 -9.870160222053527832e-01 -1.165028735995292664e-01 -5.253803730010986328e-01 5.388537645339965820e-01 9.650785475969314575e-02 8.492645621299743652e-02 -3.352795541286468506e-01 1.167211532592773438e+00 -3.466821908950805664e-01 -6.135445237159729004e-01 1.167886495590209961e+00 -3.843496739864349365e-01 -8.261666297912597656e-01 3.453053534030914307e-01 4.938688874244689941e-01 -9.980176389217376709e-02 2.349071800708770752e-01 5.683566927909851074e-01 1.688439100980758667e-01 7.319851517677307129e-01 -6.184220910072326660e-01 1.368065178394317627e-01 8.417484164237976074e-02 -3.196969330310821533e-01 -1.198325082659721375e-01 2.025589048862457275e-01 8.494564890861511230e-01 -2.018566727638244629e-01 3.344134390354156494e-01 -5.381826162338256836e-01 1.747709214687347412e-01 2.236985564231872559e-01 4.490378499031066895e-02 6.672019362449645996e-01 -8.059170246124267578e-01 -7.326859235763549805e-02 -4.927641451358795166e-01 -9.064971469342708588e-03 1.383648365736007690e-01 4.536922872066497803e-01 -4.559963941574096680e-01 3.629110753536224365e-01 1.349975168704986572e-01 1.720484495162963867e-01 1.366355419158935547e-01 2.743698358535766602e-01 -7.198771238327026367e-01 1.258674860000610352e-01 -2.057179361581802368e-01 -4.077190160751342773e-01 2.104020267724990845e-01 3.389956951141357422e-01 7.790008932352066040e-02
5.050530433654785156e-01 -6.338980197906494141e-01 4.091586768627166748e-01 4.675916433334350586e-01 -8.017537593841552734e-01 -5.354666709899902344e-01 -1.656461805105209351e-01 -6.249958872795104980e-01 -3.071216046810150146e-01 -3.049591779708862305e-01 5.002374649047851562e-01 -5.650130510330200195e-01 -1.256076991558074951e-01 -5.964975357055664062e-01 5.386384725570678711e-01 1.323380023241043091e-01 1.648618578910827637e-01 3.889441490173339844e-02 1.161955475807189941e+00 7.673749923706054688e-01 -7.412976771593093872e-02 7.723637819290161133e-01 -1.580111384391784668e-01 -1.498442739248275757e-01 3.015210032463073730e-01 -3.986375927925109863e-01 -4.913921952247619629e-01 1.359829306602478027e-01 -1.947049647569656372e-01 -3.091775774955749512e-01 9.879765659570693970e-02 4.455801844596862793e-01 -4.792795181274414062e-01 -2.389132976531982422e-01 2.653055191040039062e-01 -1.302241533994674683e-01 5.440137386322021484e-01 8.392645716667175293e-01 -1.962911635637283325e-01 -3.879161477088928223e-01 1.148421466350555420e-01 2.655717730522155762e-01 1.123423054814338684e-01 1.460713595151901245e-01 5.135868191719055176e-01 -2.529400885105133057e-01 -4.350444078445434570e-01 -1.729097403585910797e-02 4.304595589637756348e-01 1.030967235565185547e+00 3.905956819653511047e-02 -4.450193047523498535e-01 2.836430668830871582e-01 -1.411178708076477051e-01 9.588836431503295898e-01 -5.907639861106872559e-01 -3.786484599113464355e-01 -1.801974326372146606e-02 -4.196234345436096191e-01 -1.918717175722122192e-01 -9.649724364280700684e-01 2.950938344001770020e-01 1.993913203477859497e-01 3.077186644077301025e-02
-6.626760959625244141e-02 2.902708649635314941e-01 3.959341943264007568e-01 -8.465736508369445801e-01 3.072564005851745605e-01 -2.334143370389938354e-01 -3.818074613809585571e-02 4.452090263366699219e-01 -2.865510284900665283e-01 2.576369345188140869e-01 4.351252615451812744e-01 -1.237493038177490234e+00 2.029390782117843628e-01 -5.678588747978210449e-01 2.380502820014953613e-01 3.522790670394897461e-01 -3.330723047256469727e-01 4.829537272453308105e-01 4.670117199420928955e-01 6.328293085098266602e-01 8.083522319793701172e-01 5.987445116043090820e-01 1.619186699390411377e-01 -2.369397431612014771e-01 -2.474842369556427002e-01 1.097180321812629700e-01 8.184257894754409790e-02 -9.809440970420837402e-01 -4.099792838096618652e-01 3.461888432502746582e-02 -1.061054989695549011e-01 1.439058631658554077e-01 1.477206796407699585e-01 -4.223575890064239502e-01 -1.142279148101806641e+00 -7.238271832466125488e-01 -4.090383350849151611e-01 2.294868677854537964e-01 -2.872074544429779053e-01 -4.960189163684844971e-01 1.536292880773544312e-01 6.964311003684997559e-03 -1.427975893020629883e-01 8.338387608528137207e-01 2.405888587236404419e-02 2.440279424190521240e-01 6.518620252609252930e-01 -5.157582759857177734e-01 -2.352231740951538086e-01 -1.125024929642677307e-01 2.332793474197387695e-01 6.258071064949035645e-01 -6.368905305862426758e-02 -2.013647407293319702e-01 8.704418689012527466e-02 -4.844764769077301025e-01 -1.609102785587310791e-01 -4.585007727146148682e-01 -7.898396253585815430e-01 2.811341285705566406e-01 -9.479151964187622070e-01 -3.281522542238235474e-03 2.965144813060760498e-01 3.746975362300872803e-01
-2.106702327728271484e-02 9.746565669775009155e-02 -6.483095288276672363e-01 2.841463088989257812e-01 -7.509203255176544189e-02 -1.737591773271560669e-01 1.914531141519546509e-01 -1.626582145690917969e-01 -9.862417578697204590e-01 -6.407115459442138672e-01 4.881408214569091797e-01 -9.317280650138854980e-01 1.351711004972457886e-01 -7.807626128196716309e-01 2.183692455291748047e-01 6.832035183906555176e-01 -2.392505407333374023e-01 -6.985910534858703613e-01 7.909362763166427612e-02 1.107966065406799316e+00 5.296255946159362793e-01 1.152428746223449707e+00 2.307299226522445679e-01 -3.841111958026885986e-01 5.254032835364341736e-02 1.051146164536476135e-01 -6.584797501564025879e-01 2.137437695637345314e-03 1.007083058357238770e+00 -2.657684683799743652e-01 -5.090581774711608887e-01 1.129302024841308594e+00 -2.299624234437942505e-01 3.051784634590148926e-01 -1.696212887763977051e+00 -2.989814877510070801e-01 7.971485257148742676e-01 -2.738884687423706055e-01 2.015679478645324707e-01 3.126403689384460449e-01 4.806135892868041992e-01 4.989210888743400574e-02 6.898140311241149902e-01 8.858333230018615723e-01 1.516749262809753418e+00 -5.827332139015197754e-01 -9.694666266441345215e-01 -1.131744742393493652e+00 4.776886105537414551e-01 -1.069185435771942139e-01 7.363640666007995605e-01 -2.838742733001708984e-02 6.485683843493461609e-03 4.961335361003875732e-01 2.621248662471771240e-01 -3.809276223182678223e-01 -3.798491358757019043e-01 -6.915649771690368652e-01 -2.141503840684890747e-01 1.132674694061279297e+00 -2.833004593849182129e-01 1.507597416639328003e-01 6.713742762804031372e-02 4.049938619136810303e-01
3.115694224834442139e-02 -3.971533477306365967e-01 6.766799092292785645e-01 6.828855723142623901e-03 -6.656704843044281006e-02 -1.459421068429946899e-01 9.270761609077453613e-01 7.029922306537628174e-02 -3.009209930896759033e-01 1.524346619844436646e-01 6.116523742675781250e-01 -4.675928652286529541e-01 1.052374169230461121e-01 -2.307050526142120361e-01 -3.603448867797851562e-01 9.188043326139450073e-02 1.738709509372711182e-01 -2.235944420099258423e-01 -6.670058369636535645e-01 9.124865531921386719e-01 8.096448332071304321e-02 7.171715497970581055e-01 3.313111141324043274e-02 -5.535082817077636719e-01 -6.670429706573486328e-01 9.372509121894836426e-01 -4.223082065582275391e-01 3.743969798088073730e-01 2.853096127510070801e-01 -2.555628120899200439e-01 2.551947236061096191e-01 1.985120028257369995e-01 -3.373090028762817383e-01 -5.044996142387390137e-01 -7.299386262893676758e-01 5.374343991279602051e-01 -2.274812757968902588e-01 3.098928332328796387e-01 -4.506235420703887939e-01 3.076311349868774414e-01 -1.548785120248794556e-01 4.523665010929107666e-01 1.938105821609497070e-01 -1.502432823181152344e-01 6.033523678779602051e-01 -6.084100008010864258e-01 1.054248288273811340e-01 5.083702206611633301e-01 3.895279467105865479e-01 1.309886455535888672e+00 1.308091450482606888e-02 6.688365936279296875e-01 6.349412798881530762e-01 2.065262943506240845e-01 8.602701872587203979e-02 1.303640156984329224e-01 3.872488439083099365e-01 5.009151529520750046e-03 -3.978400826454162598e-01 7.818427085876464844e-01 -3.737190961837768555e-01 -2.147342115640640259e-01 -6.603922247886657715e-01 4.311051070690155029e-01
9.271011352539062500e-01 6.191946938633918762e-02 1.020601034164428711e+00 -6.848663091659545898e-01 4.333941042423248291e-01 -3.986962139606475830e-01 -6.500010192394256592e-02 5.124353766441345215e-01 -8.152228593826293945e-01 -4.179586470127105713e-01 8.211621046066284180e-01 -7.678456902503967285e-01 1.082335114479064941e+00 -4.991760551929473877e-01 1.044223427772521973e+00 8.562477678060531616e-02 4.246349930763244629e-01 -4.549002647399902344e-01 4.643113911151885986e-01 6.016882658004760742e-01 7.536299228668212891e-01 9.999998807907104492e-01 7.698693871498107910e-01 -2.485866844654083252e-01 5.871562361717224121e-01 4.736775159835815430e-01 5.403508543968200684e-01 -5.775222182273864746e-01 4.598075151443481445e-01 -2.082370454445481300e-03 -2.976830303668975830e-01 1.682075113058090210e-01 4.259653389453887939e-01 -8.745186030864715576e-02 -4.562084376811981201e-01 -9.924911260604858398e-01 -3.522710800170898438e-01 6.581860184669494629e-01 -8.832269906997680664e-01 1.546065062284469604e-01 1.974871158599853516e-01 9.633807092905044556e-02 2.886298894882202148e-01 5.433522462844848633e-01 1.805807948112487793e-01 2.548542106524109840e-03 -2.637066543102264404e-01 -3.489306569099426270e-01 1.014642238616943359e+00 8.464433252811431885e-02 1.681482046842575073e-01 3.744432628154754639e-01 5.650062561035156250e-01 -5.619736909866333008e-01 -6.560842394828796387e-01 6.081012636423110962e-02 1.134005635976791382e-01 -5.467869043350219727e-01 -4.691834449768066406e-01 9.223381988704204559e-03 -1.301948726177215576e-02 1.261772215366363525e-01 1.917673051357269287e-01 -2.262182980775833130e-01
7.403176277875900269e-02 -5.160493850708007812e-01 9.170445799827575684e-01 2.152479998767375946e-02 -3.579801321029663086e-01 -7.996568828821182251e-02 8.405854105949401855e-01 -1.813513785600662231e-01 -2.667874097824096680e-01 1.262964010238647461e-01 3.860477507114410400e-01 -3.661692142486572266e-01 1.056465432047843933e-01 -3.103810548782348633e-01 -3.848128914833068848e-01 -6.290673464536666870e-02 8.428812026977539062e-02 -1.865293085575103760e-01 -7.524061799049377441e-01 9.807786345481872559e-01 -3.490602225065231323e-02 6.981807351112365723e-01 5.045545473694801331e-02 -4.001006782054901123e-01 -4.044331908226013184e-01 9.551945328712463379e-01 -4.543727636337280273e-01 3.284740746021270752e-01 1.824851334095001221e-01 1.756459176540374756e-01 3.280269503593444824e-01 2.587269544601440430e-01 -3.158154189586639404e-01 -3.826018869876861572e-01 -6.031174659729003906e-01 4.342346787452697754e-01 -2.284142225980758667e-01 3.345698416233062744e-01 -4.507387876510620117e-01 3.836781978607177734e-01 -3.071349263191223145e-01 1.891918927431106567e-01 4.536116868257522583e-02 -2.001791596412658691e-01 7.004575133323669434e-01 -5.659326910972595215e-01 1.050521712750196457e-02 4.471231102943420410e-01 6.213629841804504395e-01 1.116262674331665039e+00 1.909295320510864258e-01 7.157263159751892090e-01 8.185067772865295410e-01 7.488538324832916260e-02 -4.772124439477920532e-02 5.587040632963180542e-02 6.501592993736267090e-01 -4.447582066059112549e-01 -4.752827882766723633e-01 9.071731567382812500e-01 -4.848531782627105713e-01 -2.487335503101348877e-01 -6.245582103729248047e-01 3.335021138191223145e-01
3.502774238586425781e-01 -1.086524486541748047e+00 4.223368763923645020e-01 1.716209053993225098e-01 -6.852616071701049805e-01 5.438855290412902832e-02 -1.146885678172111511e-01 1.721187531948089600e-01 -1.060625195503234863e+00 -4.488047361373901367e-01 -6.529263406991958618e-02 -3.355248272418975830e-01 3.392510414123535156e-01 -1.516925245523452759e-01 1.247260197997093201e-01 1.458524912595748901e-01 -7.741737365722656250e-02 -1.146924123167991638e-01 2.159293740987777710e-01 -2.179230898618698120e-01 5.857508778572082520e-01 4.315876662731170654e-01 -2.444256693124771118e-01 -2.061516046524047852e-01 2.348039746284484863e-01 4.557143747806549072e-01 1.807350665330886841e-01 8.432517945766448975e-02 4.087600111961364746e-01 2.442417740821838379e-01 4.044124484062194824e-01 -1.872318387031555176e-01 -1.649415791034698486e-01 4.543773457407951355e-02 -3.470675647258758545e-02 7.412381172180175781e-01 3.419049382209777832e-01 9.756249189376831055e-01 6.950500607490539551e-02 -7.680725455284118652e-01 3.210595250129699707e-01 -1.712110042572021484e-01 -3.008553758263587952e-02 6.945293545722961426e-01 8.120462298393249512e-01 -2.688004374504089355e-01 5.084773302078247070e-01 -2.302680909633636475e-01 4.903429150581359863e-01 1.006221890449523926e+00 5.164883285760879517e-02 -3.132396191358566284e-02 4.952326118946075439e-01 4.825454354286193848e-01 1.061030864715576172e+00 -6.895059347152709961e-01 -3.434170186519622803e-01 -2.838948369026184082e-01 -7.718393206596374512e-01 3.533503413200378418e-01 -3.103384077548980713e-01 -5.239587277173995972e-02 -4.009112119674682617e-01 -3.590530753135681152e-01
2.865699529647827148e-01 1.986398845911026001e-01 8.335499167442321777e-01 4.757667183876037598e-01 -9.678221493959426880e-02 -8.686393499374389648e-01 1.476292312145233154e-01 -2.240939140319824219e-01 3.393799066543579102e-02 -8.367058634757995605e-01 6.259025335311889648e-01 -1.469242721796035767e-01 -6.238396167755126953e-01 -6.073367595672607422e-01 1.310888677835464478e-01 4.276307523250579834e-01 2.714146673679351807e-01 -3.290816843509674072e-01 8.203855752944946289e-01 6.651170253753662109e-01 -5.434725880622863770e-01 4.992692768573760986e-01 5.741773843765258789e-01 -2.980428636074066162e-01 6.753309965133666992e-01 -1.735655367374420166e-01 2.479295730590820312e-01 -1.221554353833198547e-02 1.156536787748336792e-01 -2.684400081634521484e-01 4.940789341926574707e-01 6.425907611846923828e-01 -2.317350804805755615e-01 -8.017636835575103760e-02 1.648199856281280518e-01 -1.676704548299312592e-02 3.234078884124755859e-01 3.418454825878143311e-01 -1.475452482700347900e-01 -5.634650588035583496e-01 5.213077068328857422e-01 5.164118409156799316e-01 -6.272406578063964844e-01 -3.438945114612579346e-01 8.666437268257141113e-01 -6.160799264907836914e-01 4.611745476722717285e-01 6.376074254512786865e-02 1.794256567955017090e-01 4.414805769920349121e-01 -2.248946279287338257e-01 -5.599381327629089355e-01 1.944712698459625244e-01 5.861917510628700256e-03 8.001948595046997070e-01 -1.715529263019561768e-01 -3.425706028938293457e-01 -1.894924491643905640e-01 -5.578356385231018066e-01 -1.713575571775436401e-01 -1.069870218634605408e-01 -1.355047374963760376e-01 5.295040458440780640e-02 -2.302257120609283447e-01
-3.332974016666412354e-01 -6.690291762351989746e-01 2.193164676427841187e-01 3.127411752939224243e-02 -5.565301179885864258e-01 -1.218888610601425171e-01 -1.153118070214986801e-02 -1.198262646794319153e-01 -2.097004354000091553e-01 -7.279035449028015137e-01 3.690032958984375000e-01 -4.371755570173263550e-02 8.464212715625762939e-02 5.348035097122192383e-01 1.226202845573425293e-01 2.533283233642578125e-01 -1.104255691170692444e-01 -7.594936341047286987e-02 2.711036205291748047e-01 -7.090526074171066284e-02 6.175388097763061523e-01 1.889346241950988770e-01 1.596174836158752441e-01 -3.405531048774719238e-01 -3.062487021088600159e-02 4.817856848239898682e-01 1.707262694835662842e-01 1.286712586879730225e-01 2.865874767303466797e-01 6.869642138481140137e-01 8.489634394645690918e-01 -2.393310219049453735e-01 -3.718492686748504639e-01 8.794419467449188232e-02 -1.069091409444808960e-01 5.400197207927703857e-02 -2.307742461562156677e-02 4.044930636882781982e-01 -1.436735838651657104e-01 -1.553820166736841202e-02 3.543311953544616699e-01 1.094862967729568481e-01 -5.373346209526062012e-01 -2.047646492719650269e-01 8.488113284111022949e-01 -4.470054507255554199e-01 3.835970759391784668e-01 -5.340220928192138672e-01 7.035377025604248047e-01 8.671392798423767090e-01 -2.886631190776824951e-01 -5.180292725563049316e-01 2.512401342391967773e-01 4.149487912654876709e-01 7.461477518081665039e-01 -3.696436583995819092e-01 4.805414378643035889e-01 -4.109031558036804199e-01 -3.942407667636871338e-01 -7.904056459665298462e-02 -8.567270636558532715e-01 5.675274878740310669e-02 -2.939222455024719238e-01 -3.725365549325942993e-02
3.047704696655273438e-01 3.192694485187530518e-01 8.048765063285827637e-01 2.182157784700393677e-01 -6.030722260475158691e-01 -2.393498271703720093e-01 5.802454352378845215e-01 2.965494096279144287e-01 -6.483004093170166016e-01 1.654613912105560303e-01 5.671681761741638184e-01 -6.548438668251037598e-01 -3.398779034614562988e-01 -2.167949378490447998e-01 1.414340257644653320e+00 8.168245553970336914e-01 1.399168223142623901e-01 -3.852227032184600830e-01 3.373022079467773438e-01 6.376854181289672852e-01 4.455868899822235107e-01 2.435705810785293579e-01 8.797747492790222168e-01 -5.748510956764221191e-01 -1.752016097307205200e-01 6.390957832336425781e-01 2.786915600299835205e-01 -4.334893822669982910e-01 -1.139507517218589783e-01 1.535280644893646240e-01 3.948999941349029541e-01 6.419594883918762207e-01 4.636507015675306320e-03 -9.091815352439880371e-01 -8.155575394630432129e-01 -2.991777658462524414e-02 -1.683438755571842194e-02 2.210116535425186157e-01 -5.378186106681823730e-01 1.850811839103698730e-01 -1.066699981689453125e+00 6.596820354461669922e-01 -1.731421351432800293e-01 6.131532788276672363e-01 2.648691236972808838e-01 -9.359639137983322144e-02 3.461574018001556396e-01 9.861976653337478638e-02 4.381267819553613663e-03 1.830142885446548462e-01 2.666552737355232239e-02 -4.152399897575378418e-01 -1.093281358480453491e-01 -7.835488319396972656e-01 -1.074866950511932373e-01 4.463176056742668152e-02 -2.332037687301635742e-01 -9.437020421028137207e-01 -2.352539002895355225e-01 1.654402911663055420e-01 -2.387417405843734741e-01 2.410113811492919922e-02 7.856879830360412598e-01 4.664800465106964111e-01
7.615583539009094238e-01 -2.448035478591918945e-01 8.459494113922119141e-01 3.509209156036376953e-01 -7.074371576309204102e-01 -6.839464306831359863e-01 -1.590467542409896851e-01 -2.707491815090179443e-01 3.195390477776527405e-02 1.481858044862747192e-01 3.664909005165100098e-01 -3.236735165119171143e-01 -1.486999839544296265e-01 -4.546399116516113281e-01 -1.868297159671783447e-01 5.474646091461181641e-01 -8.569144010543823242e-01 -1.795299202203750610e-01 4.417055547237396240e-01 6.341624259948730469e-01 2.892453670501708984e-01 2.375585287809371948e-01 7.289454936981201172e-01 -4.174838662147521973e-01 5.980571508407592773e-01 4.123544991016387939e-01 -1.433719098567962646e-01 -9.584695100784301758e-01 6.745446920394897461e-01 -7.396751642227172852e-01 1.692256182432174683e-01 -1.337194144725799561e-01 1.098656505346298218e-01 -9.964140653610229492e-01 -5.651612877845764160e-01 -1.249322071671485901e-01 -5.720597133040428162e-02 1.623010337352752686e-01 -2.064090669155120850e-01 -1.174793392419815063e-01 -4.366170763969421387e-01 -9.707644581794738770e-02 -3.309102356433868408e-01 -4.446441531181335449e-01 1.687171459197998047e+00 -2.729893624782562256e-01 6.135237812995910645e-01 -1.687697619199752808e-01 6.632509231567382812e-01 3.097697198390960693e-01 -3.239268064498901367e-01 -1.585714817047119141e-01 3.041032254695892334e-01 2.239960581064224243e-01 9.095004796981811523e-01 1.177635323256254196e-02 -6.519970297813415527e-02 -4.215077161788940430e-01 5.047124624252319336e-01 6.475295424461364746e-01 -6.572878956794738770e-01 -1.276901811361312866e-01 1.107514873147010803e-01 3.048801124095916748e-01
3.581913560628890991e-02 3.780891895294189453e-01 8.257280588150024414e-01 1.182145252823829651e-01 -3.941082060337066650e-01 -7.278150320053100586e-01 3.349922597408294678e-03 -3.741784989833831787e-01 -9.350997805595397949e-01 -1.015856504440307617e+00 7.463359832763671875e-01 -3.909794986248016357e-01 -6.050266623497009277e-01 -8.702836036682128906e-01 5.089109539985656738e-01 1.649409183301031590e-03 4.156526029109954834e-01 -4.217362701892852783e-01 5.043363571166992188e-01 1.206393361091613770e+00 3.085010349750518799e-01 -1.280092820525169373e-02 4.689135253429412842e-01 2.939002513885498047e-01 1.163727194070816040e-01 -1.614810526371002197e-01 -3.867862224578857422e-01 2.040520906448364258e-01 1.583601534366607666e-01 1.473791748285293579e-01 -3.180622756481170654e-01 9.220629930496215820e-01 2.533947229385375977e-01 3.044876456260681152e-01 6.458325684070587158e-02 -5.228825211524963379e-01 -3.925930857658386230e-01 6.706231832504272461e-01 1.666252315044403076e-01 2.233021110296249390e-01 6.102283671498298645e-02 -2.001674324274063110e-01 2.237369418144226074e-01 4.599735736846923828e-01 4.505307376384735107e-01 -6.568789482116699219e-01 -1.913016587495803833e-01 -1.002409383654594421e-01 3.226375579833984375e-01 -3.670374751091003418e-01 2.101042568683624268e-01 3.056428134441375732e-01 1.068651437759399414e+00 -2.225652337074279785e-01 -3.290707617998123169e-02 -4.129851460456848145e-01 5.228155851364135742e-01 -2.651281654834747314e-01 -2.197240479290485382e-02 -2.382369190454483032e-01 3.806835785508155823e-02 6.243614107370376587e-02 3.431589901447296143e-01 -8.077003955841064453e-01
3.446380496025085449e-01 -2.149391025304794312e-01 4.035066962242126465e-01 -6.562048196792602539e-01 -7.634648680686950684e-01 -5.475339889526367188e-01 -3.653097152709960938e-01 1.579133123159408569e-01 -6.402848362922668457e-01 2.258413136005401611e-01 8.329693675041198730e-01 5.100465416908264160e-01 1.604744940996170044e-01 -5.107722878456115723e-01 6.346359848976135254e-01 5.647463724017143250e-02 5.588115453720092773e-01 3.740671277046203613e-02 7.508253455162048340e-01 6.895902156829833984e-01 1.244795322418212891e-01 8.053398728370666504e-01 -3.754675388336181641e-01 -1.898731887340545654e-01 4.842878133058547974e-02 4.898717254400253296e-02 1.847617328166961670e-01 -6.173751950263977051e-01 -1.336892228573560715e-02 -3.205672204494476318e-01 -2.640541493892669678e-01 -2.281631343066692352e-02 2.092999666929244995e-01 -1.681833565235137939e-01 -2.737675309181213379e-01 3.183676600456237793e-01 2.001753002405166626e-01 6.583766937255859375e-01 1.974656730890274048e-01 1.956594884395599365e-01 -9.035775065422058105e-01 5.132634937763214111e-02 1.462034285068511963e-01 9.629481434822082520e-01 4.129537940025329590e-01 -2.638071477413177490e-01 4.271120429039001465e-01 -3.496804535388946533e-01 -1.708450764417648315e-01 2.419248819351196289e-01 5.409041047096252441e-01 -9.782053530216217041e-02 7.923350930213928223e-01 2.735137045383453369e-01 -1.722609251737594604e-01 3.623891770839691162e-01 2.337629199028015137e-01 -1.237916707992553711e+00 -2.173395752906799316e-01 8.981066942214965820e-02 -5.833880901336669922e-01 2.212515473365783691e-01 -2.973284721374511719e-01 1.386529952287673950e-01
9.533560872077941895e-01 -3.840014934539794922e-01 4.051229059696197510e-01 -3.195714578032493591e-02 5.120601654052734375e-01 1.328620761632919312e-01 -1.905917525291442871e-01 -7.420597076416015625e-01 -5.743967890739440918e-01 -6.667602658271789551e-01 1.063971593976020813e-02 -1.080909729003906250e+00 -4.045068323612213135e-01 -5.007689446210861206e-02 8.088225871324539185e-02 9.284862875938415527e-01 -1.643181145191192627e-01 5.128126740455627441e-01 1.330904811620712280e-01 7.470233440399169922e-01 1.601126939058303833e-01 1.500251293182373047e+00 -4.465301632881164551e-01 -7.207224369049072266e-01 -7.244549691677093506e-02 4.204576611518859863e-01 7.817392051219940186e-02 -2.667203545570373535e-01 2.726580500602722168e-01 -1.525997463613748550e-02 5.133180618286132812e-01 3.939099609851837158e-01 -1.224173605442047119e-01 -1.640530675649642944e-01 -3.953560441732406616e-02 1.164600998163223267e-01 1.129268482327461243e-01 6.045649647712707520e-01 -6.554180383682250977e-01 -1.694864928722381592e-01 -1.677209436893463135e-01 -2.456250190734863281e-01 2.960512638092041016e-01 -4.080611467361450195e-01 -3.821961283683776855e-01 -9.032440781593322754e-01 -6.614395976066589355e-02 -1.234513670206069946e-01 1.701752096414566040e-01 1.236813306808471680e+00 -7.460783720016479492e-01 -7.393763959407806396e-02 -1.239446625113487244e-01 -2.300162464380264282e-01 1.546000540256500244e-01 -7.118292450904846191e-01 -2.289807051420211792e-01 -9.988588690757751465e-01 -1.083029732108116150e-01 6.738831400871276855e-01 1.213211491703987122e-01 6.887884438037872314e-02 -2.261743396520614624e-01 4.741512537002563477e-01
4.094327390193939209e-01 -8.450200557708740234e-01 6.174283623695373535e-01 3.606842756271362305e-01 -4.270918965339660645e-01 -1.059707999229431152e-01 -9.565545246005058289e-03 3.374667465686798096e-01 -8.364878296852111816e-01 -3.970277011394500732e-01 1.543231755495071411e-01 -3.225787878036499023e-01 1.868102848529815674e-01 -7.950036972761154175e-02 -3.869436681270599365e-01 1.424432843923568726e-01 8.313171565532684326e-02 -1.870181709527969360e-01 2.204854190349578857e-01 -3.143237531185150146e-02 5.954219102859497070e-01 4.359360933303833008e-01 2.498756051063537598e-01 -4.637657105922698975e-01 4.704526066780090332e-01 1.198086261749267578e+00 1.395612806081771851e-01 1.955034881830215454e-01 7.691135257482528687e-02 3.989887535572052002e-01 7.701661586761474609e-01 -2.906324565410614014e-01 -1.217738911509513855e-01 3.680638968944549561e-02 -1.978446990251541138e-01 7.094886898994445801e-01 2.009144127368927002e-01 4.575285911560058594e-01 9.813103079795837402e-02 -4.347569942474365234e-01 4.406202733516693115e-01 1.909991651773452759e-01 -1.232558488845825195e-01 7.943313717842102051e-01 7.228531241416931152e-01 -8.458858728408813477e-01 3.298687636852264404e-01 -1.206978708505630493e-01 5.373293757438659668e-01 9.452731609344482422e-01 2.569605968892574310e-02 -2.917236685752868652e-01 2.859658896923065186e-01 5.976967215538024902e-01 8.446584343910217285e-01 -8.819199800491333008e-01 -1.007992122322320938e-02 -2.284307181835174561e-01 -6.572155356407165527e-01 6.153731420636177063e-02 -1.294582635164260864e-01 -4.083882272243499756e-02 -3.852178156375885010e-01 -2.120005786418914795e-01
1.567514687776565552e-01 -5.864126086235046387e-01 6.234726905822753906e-01 5.839076638221740723e-01 1.261918395757675171e-01 -2.799926698207855225e-01 4.798991084098815918e-01 4.412284791469573975e-01 -3.224762380123138428e-01 -6.301113963127136230e-01 3.259420692920684814e-01 -4.531990587711334229e-01 -8.613342642784118652e-01 -2.644994854927062988e-01 -4.788979515433311462e-02 5.811267532408237457e-03 -7.336863875389099121e-02 -5.514095425605773926e-01 2.703267931938171387e-01 6.174373030662536621e-01 4.522607624530792236e-01 1.045087814331054688e+00 2.013279944658279419e-01 -4.776791334152221680e-01 -2.218960225582122803e-01 6.452154517173767090e-01 2.720950245857238770e-01 2.332212775945663452e-01 -4.449060261249542236e-01 1.598380953073501587e-01 3.184398412704467773e-01 -9.941586852073669434e-02 -7.112361788749694824e-01 1.402254998683929443e-01 -1.941038966178894043e-01 5.092505216598510742e-01 -2.103410214185714722e-01 7.432528734207153320e-01 -5.410339236259460449e-01 2.607921361923217773e-01 6.862043589353561401e-02 -1.411855816841125488e-01 -2.819563150405883789e-01 3.121808543801307678e-02 1.915675029158592224e-02 -1.111783981323242188e+00 4.069697558879852295e-01 2.195456176996231079e-01 4.908199012279510498e-01 2.408681213855743408e-01 -3.956156075000762939e-01 3.757735490798950195e-01 2.874943315982818604e-01 -1.622136384248733521e-01 8.907669186592102051e-01 -8.164790868759155273e-01 1.778685152530670166e-01 -6.786306500434875488e-01 5.816422402858734131e-03 9.001880884170532227e-01 -7.451940178871154785e-01 -2.028632909059524536e-01 -7.884584069252014160e-01 2.805531919002532959e-01
9.905177354812622070e-01 -1.390984505414962769e-01 5.861308574676513672e-01 1.735328584909439087e-01 -8.890865743160247803e-02 -1.123280167579650879e+00 -5.126935243606567383e-01 -6.121512055397033691e-01 -1.106182336807250977e+00 -1.544037163257598877e-01 8.251644968986511230e-01 -7.704575657844543457e-01 -3.905348777770996094e-01 2.855180501937866211e-01 8.467037081718444824e-01 1.706869006156921387e-01 1.505896300077438354e-01 -2.883763238787651062e-02 -2.017026990652084351e-01 2.687973976135253906e-01 1.107956886291503906e+00 1.456405043601989746e+00 -2.454444617033004761e-01 -8.522510528564453125e-01 -1.714356541633605957e-01 -2.446468621492385864e-01 -2.584951519966125488e-01 9.901742339134216309e-01 -1.743756979703903198e-01 3.528624307364225388e-03 5.804270505905151367e-01 4.327969849109649658e-01 4.735650420188903809e-01 -7.061856389045715332e-01 -1.324119329452514648e+00 -1.762683689594268799e-01 3.548662662506103516e-01 -4.918484389781951904e-01 7.721911370754241943e-02 -7.517118453979492188e-01 2.242163717746734619e-01 4.437613114714622498e-02 -4.233688712120056152e-01 -1.623864173889160156e-01 1.109898567199707031e+00 -6.047511696815490723e-01 -5.144922062754631042e-02 -1.129078045487403870e-01 7.292637825012207031e-01 2.381293177604675293e-01 4.563468694686889648e-01 2.043042629957199097e-01 5.652570128440856934e-01 -3.800102770328521729e-01 -6.561551690101623535e-01 1.423730254173278809e-01 4.357147216796875000e-01 4.241895079612731934e-01 -2.800110913813114166e-02 9.395123124122619629e-01 -4.949243962764739990e-01 -1.384821981191635132e-01 2.764357924461364746e-01 -5.765183568000793457e-01
3.003154098987579346e-01 -3.354722857475280762e-01 6.746743917465209961e-01 1.205367073416709900e-01 -5.209476687014102936e-03 -8.763473480939865112e-02 -3.301655054092407227e-01 -9.314272552728652954e-02 -7.405052185058593750e-01 -6.635939478874206543e-01 5.827610492706298828e-01 -8.601614236831665039e-01 2.970976233482360840e-01 -6.615754961967468262e-01 7.455973327159881592e-02 -2.950215339660644531e-01 4.316911101341247559e-01 -3.751488029956817627e-01 1.774049401283264160e-01 3.953995406627655029e-01 1.025796055793762207e+00 1.418936252593994141e+00 1.835757941007614136e-01 3.249584510922431946e-02 -5.472539067268371582e-01 -1.496593654155731201e-01 -4.177128672599792480e-01 2.690405845642089844e-01 2.201391756534576416e-01 -3.835605457425117493e-02 -4.129709005355834961e-01 5.078293681144714355e-01 -1.610868871212005615e-01 -1.245457381010055542e-01 -6.229947209358215332e-01 -9.489724636077880859e-01 5.105497241020202637e-01 -9.233421683311462402e-01 6.154952049255371094e-01 -4.713237881660461426e-01 3.955137133598327637e-01 4.607603549957275391e-01 -3.358582556247711182e-01 4.049532711505889893e-01 1.279964208602905273e+00 1.331781446933746338e-01 -2.301284968852996826e-01 2.558245062828063965e-01 8.151082992553710938e-01 6.957896351814270020e-01 6.420864462852478027e-01 -3.816504180431365967e-01 1.368482857942581177e-01 1.268709003925323486e-01 -8.941169977188110352e-01 1.317711621522903442e-01 -9.388168901205062866e-02 -6.502481698989868164e-01 -3.473007678985595703e-01 1.022484660148620605e+00 -3.494367003440856934e-01 -1.851430088281631470e-01 -4.504629075527191162e-01 2.070134580135345459e-01
-2.553554773330688477e-01 -1.896880120038986206e-01 4.137950241565704346e-01 -4.533925354480743408e-01 -3.582481443881988525e-01 -3.265475621446967125e-03 3.567188084125518799e-01 -3.930766284465789795e-01 -4.694200307130813599e-02 -1.930456757545471191e-01 8.690972924232482910e-01 -7.753472924232482910e-01 1.780375838279724121e-01 -5.470369458198547363e-01 2.895340025424957275e-01 -1.597595512866973877e-01 1.251508891582489014e-01 7.768198847770690918e-01 3.130346536636352539e-01 3.402738869190216064e-01 -4.504664540290832520e-01 5.677616596221923828e-01 -1.193809956312179565e-01 -2.251770347356796265e-01 -5.638147592544555664e-01 1.094984412193298340e+00 -4.611873924732208252e-01 2.928713895380496979e-02 5.635870695114135742e-01 -6.050562486052513123e-03 3.827777504920959473e-01 2.484161704778671265e-01 -3.674825727939605713e-01 -6.699189543724060059e-01 -8.733244538307189941e-01 2.409309893846511841e-01 -4.643084704875946045e-01 2.096599042415618896e-01 -7.655221819877624512e-01 4.960806071758270264e-01 4.125579446554183960e-02 1.262740343809127808e-01 -3.279193639755249023e-01 -3.299897313117980957e-01 6.809369921684265137e-01 -8.231287598609924316e-01 -6.405143737792968750e-01 -2.901368737220764160e-01 7.146181464195251465e-01 6.209535598754882812e-01 -3.850000202655792236e-01 3.840223550796508789e-01 6.954489946365356445e-01 2.490207254886627197e-01 -9.306404739618301392e-02 -4.474590718746185303e-02 8.725118637084960938e-01 -2.326366156339645386e-01 -1.273415237665176392e-01 8.499191403388977051e-01 1.405671387910842896e-01 3.123098611831665039e-01 -7.429433465003967285e-01 1.111395135521888733e-01
1.540758162736892700e-01 -2.475287914276123047e-01 -2.535333633422851562e-01 -5.038480162620544434e-01 -8.122533559799194336e-02 4.489787220954895020e-01 2.232687324285507202e-01 -3.501992821693420410e-01 -4.433972835540771484e-01 -6.870627403259277344e-02 2.384238094091415405e-01 -1.217545032501220703e+00 -1.703442335128784180e-01 -9.612558484077453613e-01 2.732908129692077637e-01 2.914058864116668701e-01 -1.319022178649902344e-01 -6.015066057443618774e-02 1.449388265609741211e-01 -1.574120111763477325e-02 7.363839745521545410e-01 1.071487218141555786e-01 4.787198305130004883e-01 -3.509774506092071533e-01 1.194470748305320740e-01 -2.314708083868026733e-01 8.131152987480163574e-01 -2.148355543613433838e-01 1.535087823867797852e-01 7.034419178962707520e-01 3.461126983165740967e-01 -4.784191548824310303e-01 -4.421513378620147705e-01 -1.682911366224288940e-01 9.842459112405776978e-02 2.131490558385848999e-01 2.123334407806396484e-01 -5.467362403869628906e-01 -3.147014677524566650e-01 4.038752317428588867e-01 3.637291491031646729e-01 -2.378291040658950806e-01 -2.442811429500579834e-01 -2.957263495773077011e-03 3.005049228668212891e-01 1.829680204391479492e-01 5.414814502000808716e-02 -1.196123838424682617e+00 1.100188732147216797e+00 -1.460382342338562012e-02 2.610976397991180420e-01 -8.834074735641479492e-01 1.175577521324157715e+00 2.097700238227844238e-01 -1.351395249366760254e-01 3.820240497589111328e-03 1.616727560758590698e-02 4.667202010750770569e-02 -7.421173453330993652e-01 1.795167624950408936e-01 -6.483964323997497559e-01 -7.612503319978713989e-02 -1.439428627490997314e-01 -7.465732693672180176e-01
5.718626454472541809e-02 -6.693220138549804688e-01 -2.548708207905292511e-02 -4.141688942909240723e-01 -2.985050678253173828e-01 -9.685686826705932617e-01 -2.422666549682617188e-02 3.107438385486602783e-01 -1.032440781593322754e+00 2.771374881267547607e-01 2.571971416473388672e-01 -6.575898528099060059e-01 -8.171355724334716797e-01 -5.871183425188064575e-02 1.246606931090354919e-02 6.341051459312438965e-01 8.561578989028930664e-01 3.520853817462921143e-02 1.652669906616210938e-01 9.479127526283264160e-01 4.156834781169891357e-01 6.051135659217834473e-01 1.090565249323844910e-01 3.290050625801086426e-01 -2.688556611537933350e-01 -1.425825804471969604e-01 1.039195731282234192e-01 -6.752629280090332031e-01 1.125585511326789856e-01 2.194456607103347778e-01 2.193723469972610474e-01 4.398341178894042969e-01 -4.476999640464782715e-01 -5.746738910675048828e-01 -2.942755222320556641e-01 -4.250382781028747559e-01 4.614924192428588867e-01 -6.106410026550292969e-01 -2.277284413576126099e-01 9.244356304407119751e-02 3.265105783939361572e-01 1.467625945806503296e-01 8.864462375640869141e-02 1.383705735206604004e-01 4.243743121623992920e-01 -2.085783183574676514e-01 3.277925848960876465e-01 -6.800392270088195801e-01 2.459749877452850342e-01 -7.046273350715637207e-01 7.893137931823730469e-01 -4.440301656723022461e-01 7.192583680152893066e-01 1.393146696500480175e-03 5.255146026611328125e-01 -1.540182679891586304e-01 3.703227341175079346e-01 1.664708852767944336e-01 -3.767715394496917725e-01 8.113958686590194702e-02 1.030250549316406250e+00 8.263245820999145508e-01 -1.033844470977783203e+00 -6.070282459259033203e-01
-4.324069619178771973e-02 -1.754375994205474854e-01 8.403562009334564209e-02 -5.854832530021667480e-01 -3.674707710742950439e-01 1.904584616422653198e-01 1.683046370744705200e-01 9.256379306316375732e-02 -5.230358839035034180e-01 3.372147381305694580e-01 2.068405970931053162e-02 -6.187753081321716309e-01 -7.556238770484924316e-01 -1.105837941169738770e+00 5.939205735921859741e-02 4.529042840003967285e-01 -6.066900119185447693e-02 -1.303229629993438721e-01 5.998067185282707214e-02 1.553460061550140381e-01 8.344916999340057373e-02 1.424181312322616577e-01 8.544584512710571289e-01 -2.270617485046386719e-01 3.446485400199890137e-01 2.082349359989166260e-01 6.067789793014526367e-01 1.378998905420303345e-01 -3.085622191429138184e-01 3.338347077369689941e-01 3.019381165504455566e-01 3.570779785513877869e-02 -1.223408654332160950e-01 -1.043734312057495117e+00 -1.419241726398468018e-01 1.280874609947204590e-01 1.041531339287757874e-01 -1.123740375041961670e-01 1.814944297075271606e-01 1.089040935039520264e-01 1.149789523333311081e-02 -4.263231158256530762e-01 4.459328055381774902e-01 -4.197807982563972473e-02 3.318558931350708008e-01 -3.604793846607208252e-01 -6.896511912345886230e-01 -1.546055436134338379e+00 9.460461735725402832e-01 -2.161106765270233154e-01 2.815612554550170898e-01 -1.010769844055175781e+00 1.179882049560546875e+00 7.977426052093505859e-01 -4.139797091484069824e-01 1.101548373699188232e-01 2.348665148019790649e-01 1.667142957448959351e-01 -6.767452955245971680e-01 5.143784284591674805e-01 6.280350964516401291e-03 1.654792577028274536e-01 -5.024670362472534180e-01 -4.011294245719909668e-01
2.197673618793487549e-01 -7.084459662437438965e-01 1.421243883669376373e-02 -1.481139212846755981e-01 -2.382243126630783081e-01 -7.098506689071655273e-01 3.809676468372344971e-01 -3.197878897190093994e-01 -5.876563191413879395e-01 -5.555958151817321777e-01 -1.395350247621536255e-01 -3.641062676906585693e-01 -4.224646985530853271e-01 -7.244696021080017090e-01 -3.574421405792236328e-01 9.661710262298583984e-01 1.081305593252182007e-01 -4.337749779224395752e-01 5.907665491104125977e-01 6.180039644241333008e-01 7.871370315551757812e-01 -3.836604654788970947e-01 -1.480031758546829224e-01 -1.114573717117309570e+00 1.816583275794982910e-01 3.397765755653381348e-01 -1.734452247619628906e-01 5.263293981552124023e-01 8.169689774513244629e-02 1.915616244077682495e-01 2.760410904884338379e-01 6.009429097175598145e-01 -6.039766669273376465e-01 -6.132950186729431152e-01 3.370106220245361328e-01 -6.435505300760269165e-02 -5.483465194702148438e-01 -1.375761777162551880e-01 3.726372718811035156e-01 7.929927855730056763e-02 2.632869184017181396e-01 -1.870637834072113037e-01 -1.434748172760009766e-01 5.572807192802429199e-01 5.904182791709899902e-01 -4.293700754642486572e-01 -2.911193370819091797e-01 -9.121376872062683105e-01 1.246196389198303223e+00 -7.737373709678649902e-01 6.563399434089660645e-01 -2.906898222863674164e-02 6.083678007125854492e-01 -6.739344596862792969e-01 -4.361707717180252075e-03 2.740587294101715088e-01 2.534736394882202148e-01 -3.409950733184814453e-01 -4.493420124053955078e-01 1.742465049028396606e-01 3.442888259887695312e-01 -1.429610699415206909e-01 4.511511325836181641e-01 -3.269569873809814453e-01
2.114171385765075684e-01 -4.079975783824920654e-01 -2.884062230587005615e-01 3.211543560028076172e-01 3.567236661911010742e-01 -1.446375846862792969e-01 -3.280847370624542236e-01 1.293820887804031372e-01 -3.700512349605560303e-01 -7.892243862152099609e-01 -2.012756280601024628e-02 -1.047692537307739258e+00 -1.152305155992507935e-01 3.076269328594207764e-01 4.401313364505767822e-01 1.916626654565334320e-02 -5.729731321334838867e-01 -2.399209588766098022e-01 -5.564065277576446533e-02 3.751952946186065674e-01 2.727586627006530762e-01 8.114661574363708496e-01 -9.947003424167633057e-02 2.685689330101013184e-01 -1.245170980691909790e-01 3.479624390602111816e-01 3.545251786708831787e-01 -3.357209265232086182e-01 8.333296775817871094e-01 4.077657461166381836e-01 7.787939161062240601e-02 2.451692521572113037e-01 1.198714151978492737e-01 -8.222567290067672729e-02 -4.256594181060791016e-02 -1.327203363180160522e-01 -1.148840934038162231e-01 -3.958716690540313721e-01 5.432449653744697571e-02 -5.578529238700866699e-01 -4.078718721866607666e-01 -3.633571267127990723e-01 -5.970016717910766602e-01 2.743787169456481934e-01 1.015058398246765137e+00 -1.178573742508888245e-01 2.598079741001129150e-01 -1.049351572990417480e+00 9.123952984809875488e-01 1.252749085426330566e+00 -1.593700051307678223e-01 1.068476289510726929e-01 2.113952189683914185e-01 7.970747351646423340e-01 4.900694191455841064e-01 -1.012021228671073914e-01 -3.476397395133972168e-01 -6.490381956100463867e-01 -6.441370844841003418e-01 3.927662670612335205e-01 -3.207190632820129395e-01 -4.641685485839843750e-01 9.536499530076980591e-02 -1.467707306146621704e-01
1.290339827537536621e+00 -5.902171134948730469e-01 4.079997539520263672e-01 -5.495209097862243652e-01 -3.415477275848388672e-01 8.104731887578964233e-02 4.793307483196258545e-01 -6.791415214538574219e-01 -1.202645063400268555e+00 -1.159999072551727295e-01 5.363175868988037109e-01 -4.791126549243927002e-01 -5.509969592094421387e-01 -1.011116981506347656e+00 -4.581620991230010986e-01 8.450501561164855957e-01 2.837347984313964844e-01 1.159581318497657776e-01 -1.019605472683906555e-01 9.179080724716186523e-01 3.048855662345886230e-01 3.590435385704040527e-01 3.503607213497161865e-01 -4.599003493785858154e-01 3.111800849437713623e-01 -2.394117712974548340e-01 -2.982365190982818604e-01 -1.440664231777191162e-01 1.040676355361938477e+00 4.705005586147308350e-01 -5.481505990028381348e-01 9.646302461624145508e-02 -3.567261993885040283e-01 -3.718476295471191406e-01 3.547971323132514954e-02 2.474179863929748535e-01 -1.714844852685928345e-01 -7.736758589744567871e-01 -1.073764786124229431e-01 -4.537454247474670410e-02 1.727568209171295166e-01 2.962056100368499756e-01 -4.610180258750915527e-01 3.521914184093475342e-01 -3.744164705276489258e-01 4.389080107212066650e-01 -1.332951784133911133e-01 -5.816783905029296875e-01 4.391681551933288574e-01 -1.921706050634384155e-01 -7.627806067466735840e-01 6.112494692206382751e-02 1.271761059761047363e+00 -2.307242602109909058e-01 -3.280281722545623779e-01 -7.289539575576782227e-01 1.845391690731048584e-01 -1.691474020481109619e-01 -3.914308249950408936e-01 -3.048934638500213623e-01 -3.515191078186035156e-01 -4.077419638633728027e-01 -4.673126339912414551e-01 -1.545335352420806885e-01
3.479930162429809570e-01 1.633572876453399658e-01 6.958898901939392090e-01 4.735040366649627686e-01 -3.202781453728675842e-02 -6.669229269027709961e-01 2.896235287189483643e-01 -1.925219595432281494e-01 -6.744813174009323120e-02 -8.049998879432678223e-01 5.934840440750122070e-01 -6.333919614553451538e-02 -5.257002711296081543e-01 -5.293588638305664062e-01 2.980346083641052246e-01 1.934315264225006104e-01 9.858299791812896729e-02 -5.272218585014343262e-01 7.661480903625488281e-01 8.608353734016418457e-01 -6.119046807289123535e-01 2.706838846206665039e-01 4.776072502136230469e-01 -4.958201646804809570e-01 8.139625787734985352e-01 -1.425814628601074219e-01 2.961863577365875244e-01 3.184171766042709351e-02 2.773266732692718506e-01 -3.464361429214477539e-01 4.413881897926330566e-01 6.445863842964172363e-01 -4.377102553844451904e-01 -1.389831155538558960e-01 -1.081383675336837769e-01 -9.595292806625366211e-02 3.082674145698547363e-01 4.671373963356018066e-01 -8.986420929431915283e-02 -5.088481903076171875e-01 4.760273694992065430e-01 4.772064983844757080e-01 -4.071509838104248047e-01 -5.193977355957031250e-01 1.043760776519775391e+00 -6.684604287147521973e-01 5.792442560195922852e-01 -8.940548636019229889e-03 5.516018718481063843e-02 7.357450723648071289e-01 -4.227241128683090210e-02 -5.033131241798400879e-01 -4.254739265888929367e-03 -1.278428286314010620e-01 5.728458166122436523e-01 3.115901723504066467e-02 -3.696055114269256592e-01 -1.363410651683807373e-01 -4.571843147277832031e-01 -1.519182175397872925e-01 -3.457300662994384766e-01 -1.538443714380264282e-01 -3.403203934431076050e-02 -2.244837209582328796e-02
6.571536660194396973e-01 -2.584168016910552979e-01 6.070158481597900391e-01 5.763117671012878418e-01 -7.556905746459960938e-01 -5.489748120307922363e-01 -1.549227535724639893e-01 3.157991543412208557e-02 3.848608583211898804e-02 -1.641571074724197388e-01 3.501008152961730957e-01 -4.883611798286437988e-01 -7.453973591327667236e-02 -5.099651217460632324e-01 -2.755225598812103271e-01 5.648571252822875977e-01 -7.245864272117614746e-01 -1.083654537796974182e-01 4.632115960121154785e-01 4.605364203453063965e-01 2.857564389705657959e-01 2.920449972152709961e-01 7.968085408210754395e-01 -6.400834321975708008e-01 4.790074825286865234e-01 1.557552516460418701e-01 -3.798387050628662109e-01 -5.601475238800048828e-01 5.805926322937011719e-01 -7.188496589660644531e-01 1.528353244066238403e-01 -3.484781384468078613e-01 1.755768209695816040e-01 -8.586012721061706543e-01 -4.584855437278747559e-01 -9.415776282548904419e-02 2.752699330449104309e-02 2.724468708038330078e-01 -1.393893212080001831e-01 2.504756748676300049e-01 -2.460899353027343750e-01 -1.361306607723236084e-01 -2.208001017570495605e-01 -4.072056412696838379e-01 1.677506208419799805e+00 -2.336927354335784912e-01 4.912361800670623779e-01 -2.875339686870574951e-01 5.192158222198486328e-01 4.126765727996826172e-01 4.443987831473350525e-02 -2.217187285423278809e-01 5.246329903602600098e-01 3.587172627449035645e-01 1.024387598037719727e+00 2.927088364958763123e-02 -4.453327506780624390e-02 -2.046054601669311523e-01 4.563402831554412842e-01 5.775049924850463867e-01 -5.832546949386596680e-01 -3.046152889728546143e-01 2.111371010541915894e-01 4.902105033397674561e-01
5.741716027259826660e-01 4.401277005672454834e-01 8.408107161521911621e-01 7.507893256843090057e-03 -5.998502969741821289e-01 -3.252279162406921387e-01 2.844671607017517090e-01 7.288591861724853516e-01 -3.881064355373382568e-01 1.629872322082519531e-01 5.589556694030761719e-01 -4.198828339576721191e-01 6.891933083534240723e-01 -8.015902042388916016e-01 1.799447238445281982e-01 1.100566506385803223e+00 4.084400087594985962e-02 -4.560300707817077637e-01 -3.946246504783630371e-01 9.727039933204650879e-01 8.734441548585891724e-02 1.029341459274291992e+00 9.315713644027709961e-01 -3.543939888477325439e-01 1.144343465566635132e-01 2.088156491518020630e-01 -2.797213196754455566e-01 -5.290327072143554688e-01 2.255168557167053223e-02 4.258118197321891785e-02 2.749137878417968750e-01 5.667269229888916016e-01 2.410589903593063354e-01 -5.024092197418212891e-01 -5.910830497741699219e-01 3.419648408889770508e-01 -1.999615281820297241e-01 -2.045099437236785889e-01 -5.594517588615417480e-01 3.542675375938415527e-01 -2.407796829938888550e-01 1.083429977297782898e-01 -2.300565540790557861e-01 1.670508235692977905e-01 1.036113739013671875e+00 1.546708345413208008e-01 5.959697961807250977e-01 3.438410758972167969e-01 3.214925825595855713e-01 3.600471317768096924e-01 3.104659318923950195e-01 -4.655063748359680176e-01 2.311121970415115356e-01 -4.631229937076568604e-01 1.437055468559265137e-01 -3.115798830986022949e-01 1.596755683422088623e-01 -7.846692949533462524e-02 5.963751077651977539e-01 2.406400740146636963e-01 -5.504267811775207520e-01 4.301806390285491943e-01 4.872091710567474365e-01 2.820475697517395020e-01
1.648312360048294067e-01 -1.204297065734863281e+00 5.988028049468994141e-01 -8.781852126121520996e-01 -3.848224878311157227e-01 -1.014174938201904297e+00 -5.949910879135131836e-01 -6.131974458694458008e-01 -1.425315588712692261e-01 -9.805038571357727051e-01 9.035290479660034180e-01 -9.215244054794311523e-01 -1.501666307449340820e-01 4.558302089571952820e-02 1.639370769262313843e-01 4.192175269126892090e-01 7.887358963489532471e-02 3.768217861652374268e-01 7.007216215133666992e-01 6.081067323684692383e-01 1.272419333457946777e+00 -5.454607680439949036e-02 7.769790291786193848e-01 -8.194907307624816895e-01 4.066193699836730957e-01 3.742518723011016846e-01 -7.980903028510510921e-04 -1.021628081798553467e-01 4.004406929016113281e-01 4.997893273830413818e-01 -3.427007496356964111e-01 -1.736729890108108521e-01 -7.543411850929260254e-01 -2.086400687694549561e-01 1.879534125328063965e-01 1.233125627040863037e-01 -1.126862391829490662e-01 1.949805766344070435e-01 -9.029427915811538696e-02 -5.304597434587776661e-04 8.745763450860977173e-03 -2.717937529087066650e-01 -6.049467623233795166e-02 -1.603482216596603394e-01 6.859802603721618652e-01 -4.043174162507057190e-02 -7.793362140655517578e-01 -7.078132629394531250e-01 1.942131519317626953e-01 7.151531577110290527e-01 1.209972873330116272e-01 -2.453648000955581665e-01 -2.311359643936157227e-01 8.235745429992675781e-01 -3.196995854377746582e-01 -3.148680329322814941e-01 -2.427081614732742310e-01 -4.018057286739349365e-01 1.487284060567617416e-02 2.132846862077713013e-01 -9.429252743721008301e-01 4.731882810592651367e-01 8.502896875143051147e-02 -6.052872538566589355e-01
3.912868797779083252e-01 7.566249966621398926e-01 7.703242301940917969e-01 7.203523814678192139e-02 -6.682486534118652344e-01 -2.906908988952636719e-01 1.045928522944450378e-01 5.420727729797363281e-01 -1.781973540782928467e-01 4.884349182248115540e-02 2.977320551872253418e-01 -4.750923216342926025e-01 2.860537497326731682e-03 -3.004123568534851074e-01 5.742540955543518066e-01 3.088971078395843506e-01 7.928567379713058472e-02 -4.949585497379302979e-01 1.653391309082508087e-02 7.396079301834106445e-01 -1.154511943459510803e-01 9.780581593513488770e-01 -3.662350401282310486e-02 -1.509002968668937683e-02 -3.649252057075500488e-01 1.698556095361709595e-01 7.757645845413208008e-02 -6.204572319984436035e-01 5.710173249244689941e-01 -1.045503541827201843e-01 4.409568309783935547e-01 1.881940662860870361e-01 -7.079716920852661133e-01 -4.555867612361907959e-01 -7.180638313293457031e-01 -1.739979535341262817e-02 -4.599121809005737305e-01 -2.485359646379947662e-02 -6.350033283233642578e-01 -6.504050642251968384e-02 -3.235765993595123291e-01 -7.176124453544616699e-01 -5.539886355400085449e-01 6.625387668609619141e-01 2.254312783479690552e-01 -1.053088188171386719e+00 -2.305309623479843140e-01 -5.257712602615356445e-01 9.373987913131713867e-01 5.506356358528137207e-01 -1.959296762943267822e-01 -3.507301509380340576e-01 7.448805123567581177e-02 -5.663101077079772949e-01 -2.270568907260894775e-01 -2.537439465522766113e-01 -3.874517977237701416e-01 -7.953066825866699219e-01 -2.497566789388656616e-01 -1.792338788509368896e-01 5.520517379045486450e-02 -9.955119341611862183e-02 5.718359947204589844e-01 7.439467310905456543e-01
1.998667120933532715e-01 5.850868225097656250e-01 9.593253731727600098e-01 9.143016487360000610e-02 -4.169549643993377686e-01 -6.231043338775634766e-01 1.625552922487258911e-01 -1.388046890497207642e-01 -8.032734394073486328e-01 -7.940124273300170898e-01 9.174813628196716309e-01 -4.407468140125274658e-01 -7.807767391204833984e-01 -9.926018714904785156e-01 5.572085976600646973e-01 1.734408140182495117e-01 5.914130210876464844e-01 -3.866797089576721191e-01 5.278890728950500488e-01 1.119059324264526367e+00 2.206924408674240112e-01 -1.560414433479309082e-01 5.686482191085815430e-01 1.918810456991195679e-01 1.021712571382522583e-01 2.085792599245905876e-03 -3.847275972366333008e-01 -2.393473386764526367e-01 -5.734446272253990173e-02 -7.345740497112274170e-02 -3.764013051986694336e-01 8.525419831275939941e-01 2.229756116867065430e-01 2.461113929748535156e-01 -5.003340542316436768e-02 -6.573327779769897461e-01 -6.467461585998535156e-01 7.210893630981445312e-01 2.590976655483245850e-01 3.971484676003456116e-02 -3.645098581910133362e-02 -1.783179640769958496e-01 3.551993370056152344e-01 1.655897051095962524e-01 2.420416027307510376e-01 -8.131194710731506348e-01 -6.593401730060577393e-02 -3.960271179676055908e-01 5.677285790443420410e-01 -4.291481375694274902e-01 3.107382450252771378e-03 4.557319283485412598e-01 9.953533411026000977e-01 -3.340427577495574951e-01 -8.446934819221496582e-02 -2.240652590990066528e-01 1.777175813913345337e-01 -1.633824110031127930e-01 -9.689822793006896973e-02 -2.562741935253143311e-01 -1.434262096881866455e-01 -2.047009207308292389e-02 1.651891022920608521e-01 -6.554826498031616211e-01
2.244435250759124756e-01 6.323662400245666504e-01 9.796684980392456055e-01 5.077105015516281128e-02 -3.695393204689025879e-01 -4.588487148284912109e-01 7.307168841361999512e-02 -3.652157485485076904e-01 -7.196670770645141602e-01 -9.392508864402770996e-01 8.281474709510803223e-01 -4.929142594337463379e-01 -4.769592583179473877e-01 -7.892585396766662598e-01 4.427822232246398926e-01 3.865857124328613281e-01 2.019289582967758179e-01 -4.228876233100891113e-01 5.839134454727172852e-01 1.170033812522888184e+00 1.980479657649993896e-01 -1.206849981099367142e-02 4.721025228500366211e-01 2.264446765184402466e-01 6.267939228564500809e-03 -1.427701115608215332e-01 -2.554868757724761963e-01 1.462003290653228760e-01 3.939162194728851318e-02 2.229673564434051514e-01 -3.783815726637840271e-02 6.796569228172302246e-01 3.776405751705169678e-01 4.090289175510406494e-01 -9.885407984256744385e-02 -6.360849142074584961e-01 -6.163001060485839844e-01 8.327698111534118652e-01 2.138663828372955322e-01 9.132092236541211605e-04 2.880237400531768799e-01 -3.799059391021728516e-01 1.614077836275100708e-01 1.789510846138000488e-01 3.434247672557830811e-01 -7.073168754577636719e-01 5.984933115541934967e-03 -3.326689600944519043e-01 5.220751762390136719e-01 -3.751413822174072266e-01 -4.789659380912780762e-02 2.381200939416885376e-01 1.361270785331726074e+00 -5.882027149200439453e-01 -2.557287812232971191e-01 -3.269986212253570557e-01 8.046194165945053101e-02 -2.334735989570617676e-01 -9.583710879087448120e-02 -4.896490573883056641e-01 -1.968972086906433105e-01 1.656558960676193237e-01 -5.954101309180259705e-02 -8.113952875137329102e-01
-7.150548696517944336e-02 -3.321688473224639893e-01 3.569944947957992554e-02 4.521638751029968262e-01 -2.450466454029083252e-01 -3.323221206665039062e-01 2.901445627212524414e-01 2.106698453426361084e-01 -1.315246224403381348e-01 -5.561600327491760254e-01 1.107494115829467773e+00 -5.482012033462524414e-01 2.286719828844070435e-01 4.953859373927116394e-02 4.893732666969299316e-01 4.952475428581237793e-01 -3.731583952903747559e-01 2.209894508123397827e-01 1.170008406043052673e-01 3.728383779525756836e-01 2.647218406200408936e-01 4.842374324798583984e-01 3.456370159983634949e-02 -2.877906858921051025e-01 -6.953819990158081055e-01 2.650620639324188232e-01 -3.091146051883697510e-01 -5.363988503813743591e-02 2.788604199886322021e-01 4.753414988517761230e-01 6.375812888145446777e-01 -4.200727343559265137e-01 -1.504576653242111206e-01 6.499783694744110107e-02 -1.309968978166580200e-01 3.942460119724273682e-01 3.988433629274368286e-02 9.364185929298400879e-01 1.709964126348495483e-02 2.864649593830108643e-01 3.215916752815246582e-01 1.828425079584121704e-01 -5.399087071418762207e-01 -2.888884842395782471e-01 5.569192767143249512e-01 -5.528774857521057129e-01 -3.319437801837921143e-01 -1.046380549669265747e-01 5.621024370193481445e-01 8.307216167449951172e-01 -2.212104201316833496e-01 -1.155956555157899857e-02 2.701840698719024658e-01 4.342100024223327637e-01 7.068495154380798340e-01 4.262079671025276184e-02 9.230514764785766602e-01 -3.011763095855712891e-01 -8.607905358076095581e-02 -2.191125974059104919e-02 -1.099953174591064453e+00 1.188155114650726318e-01 -5.207561850547790527e-01 3.065396845340728760e-01
1.792905665934085846e-02 -3.999416232109069824e-01 1.129234910011291504e+00 7.729617357254028320e-01 -5.006051659584045410e-01 -4.415723085403442383e-01 5.225495100021362305e-01 -4.649568349123001099e-02 1.029574647545814514e-01 5.440911743789911270e-03 6.914451122283935547e-01 -1.214460730552673340e+00 -3.869923353195190430e-01 -6.381793022155761719e-01 -2.810482382774353027e-01 1.623807847499847412e-01 3.801387548446655273e-01 -5.403284430503845215e-01 -2.804840803146362305e-01 1.141391277313232422e+00 6.372712254524230957e-01 3.897735774517059326e-01 -1.145830079913139343e-01 -2.756434679031372070e-01 8.419077098369598389e-02 4.236562252044677734e-01 -1.692627370357513428e-02 2.565834820270538330e-01 6.436154246330261230e-01 -5.831688642501831055e-01 3.807833194732666016e-01 7.449007034301757812e-01 5.300108194351196289e-01 -1.396600455045700073e-01 -2.922893166542053223e-01 -7.596898078918457031e-02 4.450165033340454102e-01 -5.271255970001220703e-02 -8.794312477111816406e-01 8.483663946390151978e-02 2.148162722587585449e-01 -3.644482791423797607e-01 1.434927880764007568e-01 1.481411326676607132e-02 3.376880884170532227e-01 -1.004160165786743164e+00 -4.501572251319885254e-01 4.336844086647033691e-01 9.982278943061828613e-02 1.128860950469970703e+00 1.036965921521186829e-01 6.139285862445831299e-02 8.665530681610107422e-01 -3.789503872394561768e-01 2.333151549100875854e-01 8.011824488639831543e-01 2.682815194129943848e-01 -4.258947372436523438e-01 -3.362275063991546631e-01 1.008172392845153809e+00 -2.332235872745513916e-01 3.560981452465057373e-01 4.132190719246864319e-03 -7.126740366220474243e-02
2.517575323581695557e-01 1.183003485202789307e-01 3.977131843566894531e-01 3.193489909172058105e-01 -5.099236369132995605e-01 -1.343744099140167236e-01 7.016230821609497070e-01 1.824006140232086182e-01 -5.127437114715576172e-01 -3.633472025394439697e-01 5.621761083602905273e-01 -6.403302550315856934e-01 -4.916740953922271729e-01 -1.957847177982330322e-01 1.082418203353881836e+00 4.606966674327850342e-01 1.635889559984207153e-01 -1.877698302268981934e-01 3.568125069141387939e-01 6.831089258193969727e-01 -3.188192099332809448e-02 3.484436869621276855e-01 7.233756184577941895e-01 -4.860832095146179199e-01 1.096913367509841919e-01 8.410716056823730469e-01 -1.332375556230545044e-01 -5.907881855964660645e-01 -9.695451706647872925e-02 4.024938866496086121e-02 1.255038082599639893e-01 5.988411307334899902e-01 2.367441207170486450e-01 -6.194033622741699219e-01 -1.392205357551574707e-01 2.979115955531597137e-02 -1.091312151402235031e-02 8.196188807487487793e-01 -4.602163434028625488e-01 1.433530300855636597e-01 -5.569019913673400879e-01 5.834806561470031738e-01 -2.012171447277069092e-01 6.015594601631164551e-01 5.192668437957763672e-01 -3.326514959335327148e-01 1.698721945285797119e-01 6.872285604476928711e-01 5.848629400134086609e-02 -2.262852042913436890e-01 -2.552062571048736572e-01 -5.289086699485778809e-01 -6.930690258741378784e-02 -5.210596323013305664e-01 2.504486143589019775e-01 -1.575887054204940796e-01 -2.945387959480285645e-01 -7.587119340896606445e-01 1.842694706283509731e-03 6.248859222978353500e-03 -4.621668756008148193e-01 -3.566594328731298447e-03 7.312006950378417969e-01 3.299524188041687012e-01
-1.718466132879257202e-01 1.190731748938560486e-01 -6.493837833404541016e-01 3.686630725860595703e-01 -3.710072860121726990e-02 -2.822820544242858887e-01 2.640395164489746094e-01 -1.183193847537040710e-01 -8.848961591720581055e-01 -6.756879687309265137e-01 4.955754280090332031e-01 -1.043506979942321777e+00 1.191231533885002136e-01 -6.287583112716674805e-01 1.514588892459869385e-01 5.847362875938415527e-01 -1.903042197227478027e-01 -8.110376000404357910e-01 3.653888776898384094e-02 1.196417689323425293e+00 5.590032339096069336e-01 1.131419658660888672e+00 2.587228417396545410e-01 -4.261080026626586914e-01 6.144164502620697021e-02 3.591429814696311951e-02 -5.770930051803588867e-01 9.250508993864059448e-02 1.136297941207885742e+00 -3.535450994968414307e-01 -4.196207225322723389e-01 1.015306591987609863e+00 -2.645350396633148193e-01 2.529574036598205566e-01 -1.710886597633361816e+00 -2.939896583557128906e-01 7.910204529762268066e-01 -2.939107716083526611e-01 2.928025126457214355e-01 3.940032124519348145e-01 5.569173693656921387e-01 6.086212396621704102e-02 5.939494371414184570e-01 9.039137363433837891e-01 1.604899883270263672e+00 -5.278393030166625977e-01 -8.405960798263549805e-01 -1.256229758262634277e+00 4.377785921096801758e-01 -2.626800164580345154e-02 6.552042365074157715e-01 -3.793036937713623047e-02 -6.095713004469871521e-02 5.489075779914855957e-01 3.951750397682189941e-01 -4.893113672733306885e-01 -5.086794495582580566e-01 -6.316649317741394043e-01 -2.750772535800933838e-01 1.191297888755798340e+00 -2.554422616958618164e-01 1.610004156827926636e-01 7.276353240013122559e-02 5.322805047035217285e-01
-8.297661691904067993e-02 9.115668013691902161e-03 -6.252904534339904785e-01 2.806713990867137909e-02 -9.385378658771514893e-02 -2.901413142681121826e-01 -2.965112328529357910e-01 1.619285494089126587e-01 -6.164683699607849121e-01 -7.960596680641174316e-01 2.809900045394897461e-01 -9.812501072883605957e-01 -5.100780725479125977e-02 -5.009672045707702637e-01 2.632508873939514160e-01 5.330319404602050781e-01 -4.929684698581695557e-01 -6.874663829803466797e-01 1.491644382476806641e-01 3.666951358318328857e-01 9.781743586063385010e-02 1.001521944999694824e+00 7.188543677330017090e-02 -2.838204205036163330e-01 -1.944774645380675793e-03 1.619412600994110107e-01 -6.233298182487487793e-01 -3.648056983947753906e-01 7.598560452461242676e-01 -1.247938126325607300e-01 -2.756719887256622314e-01 7.580825090408325195e-01 -4.718941450119018555e-01 3.632824420928955078e-01 -1.273768782615661621e+00 -4.741209447383880615e-01 6.330743432044982910e-01 -2.884175479412078857e-01 6.264979243278503418e-01 -6.198050454258918762e-02 2.598571181297302246e-01 5.075962748378515244e-03 5.325844287872314453e-01 4.068971574306488037e-01 1.162820577621459961e+00 -3.795726224780082703e-02 -2.645495235919952393e-01 -7.189625501632690430e-01 3.296533823013305664e-01 5.099641680717468262e-01 6.393572092056274414e-01 -1.182545721530914307e-01 -4.460720717906951904e-02 1.128635182976722717e-01 3.005225956439971924e-01 -3.415722250938415527e-01 -1.068199872970581055e+00 -8.109424114227294922e-01 -4.253962934017181396e-01 1.093868017196655273e+00 -3.265016078948974609e-01 4.197008311748504639e-01 4.099126756191253662e-01 4.267966151237487793e-01
5.029593706130981445e-01 -5.412849187850952148e-01 6.911109685897827148e-01 4.595538079738616943e-01 -5.592718720436096191e-01 -5.385270714759826660e-01 -1.700542718172073364e-01 -7.908883690834045410e-01 -1.311902701854705811e-01 -3.113365769386291504e-01 2.784234881401062012e-01 -5.135991573333740234e-01 -1.650072336196899414e-01 -5.285493731498718262e-01 3.891145884990692139e-01 1.668530851602554321e-01 2.584912776947021484e-01 1.026989612728357315e-02 1.043808341026306152e+00 8.676986694335937500e-01 4.342807084321975708e-02 8.182511329650878906e-01 -5.505177006125450134e-02 -2.537724375724792480e-01 1.577733010053634644e-01 -5.210089087486267090e-01 -5.071765780448913574e-01 2.201029285788536072e-02 -2.947640419006347656e-01 -6.566709280014038086e-02 2.079907953739166260e-01 4.256655573844909668e-01 -3.089441359043121338e-01 -1.704730209894478321e-03 9.377800673246383667e-02 3.881026525050401688e-03 6.780480742454528809e-01 8.712742328643798828e-01 -1.864536255598068237e-01 -1.418987065553665161e-01 1.607720851898193359e-01 3.034389615058898926e-01 2.526298165321350098e-01 9.126422554254531860e-02 5.076159834861755371e-01 -4.011975228786468506e-01 -5.237032771110534668e-01 -1.048334389925003052e-01 6.002462506294250488e-01 1.007424950599670410e+00 7.485429942607879639e-02 -6.497008800506591797e-01 1.597609817981719971e-01 -2.928135395050048828e-01 1.108431339263916016e+00 -6.314793825149536133e-01 -6.670855879783630371e-01 -2.080472111701965332e-01 -7.215015888214111328e-01 4.416710697114467621e-03 -8.527222275733947754e-01 2.797177433967590332e-01 -1.339817047119140625e-01 1.670960187911987305e-01
-2.761032879352569580e-01 1.351709812879562378e-01 6.037837266921997070e-01 2.932690382003784180e-01 -3.154681324958801270e-01 -7.294571995735168457e-01 2.185398936271667480e-01 -4.282380342483520508e-01 -1.406944692134857178e-01 3.800264298915863037e-01 3.055675029754638672e-01 -1.114080190658569336e+00 -3.992316424846649170e-01 -3.998017013072967529e-01 -3.615881875157356262e-02 3.933316767215728760e-01 1.006603240966796875e+00 2.141032665967941284e-01 9.255609661340713501e-02 7.408320307731628418e-01 2.623461484909057617e-01 1.075587868690490723e+00 1.568977236747741699e-01 -1.590804308652877808e-01 1.030633822083473206e-01 6.266472935676574707e-01 -2.184670977294445038e-02 1.885917782783508301e-01 7.009282112121582031e-01 5.557707324624061584e-02 4.560683071613311768e-01 7.380437254905700684e-01 2.069096565246582031e-01 1.688875816762447357e-02 -2.464240491390228271e-01 2.527838945388793945e-01 -1.789502650499343872e-01 1.809429526329040527e-01 -1.187576413154602051e+00 -6.398681085556745529e-03 3.146266341209411621e-01 -3.355809450149536133e-01 3.065751306712627411e-02 -1.465686112642288208e-01 1.076924502849578857e-01 -9.610014557838439941e-01 -3.486421704292297363e-01 1.866094470024108887e-01 1.237511113286018372e-01 1.246882557868957520e+00 -3.220151662826538086e-01 2.580507993698120117e-01 7.575905919075012207e-01 -5.672505497932434082e-02 1.608187705278396606e-01 2.498968839645385742e-01 3.396927416324615479e-01 -4.029913842678070068e-01 -3.828255832195281982e-01 1.359291076660156250e+00 -3.028258681297302246e-01 1.208432614803314209e-01 -6.293039321899414062e-01 1.746355444192886353e-01
-3.562468290328979492e-01 6.187276542186737061e-02 -4.106955528259277344e-01 -8.422379493713378906e-01 -4.185504615306854248e-01 -8.037536144256591797e-01 3.845369815826416016e-01 -6.395198702812194824e-01 -4.028332531452178955e-01 1.365318745374679565e-01 1.696148216724395752e-01 -1.402205586433410645e+00 -1.323143988847732544e-01 -2.233335226774215698e-01 5.468915104866027832e-01 5.971860885620117188e-01 3.526542782783508301e-01 -6.270431876182556152e-01 8.350057527422904968e-03 4.433567821979522705e-01 -1.539993435144424438e-01 3.949113786220550537e-01 2.316800504922866821e-01 2.151167839765548706e-01 1.035153269767761230e+00 -6.182951107621192932e-02 5.986283421516418457e-01 -3.805081546306610107e-02 4.735931456089019775e-01 1.054714694619178772e-01 -8.832490444183349609e-02 -2.525312602519989014e-01 3.210667967796325684e-01 -1.389155685901641846e-01 -2.847555093467235565e-02 6.310653686523437500e-01 6.400033235549926758e-01 9.372288584709167480e-01 3.430139720439910889e-01 -7.196062803268432617e-01 -3.922316804528236389e-02 -6.084201931953430176e-01 -5.281734466552734375e-02 8.290065526962280273e-01 4.472190141677856445e-01 -9.545226395130157471e-02 4.012330994009971619e-02 -7.013946175575256348e-01 2.962312996387481689e-01 1.911082267761230469e-01 -1.273913979530334473e-01 2.880306541919708252e-01 1.151757240295410156e+00 3.355987370014190674e-01 -1.395215988159179688e-01 -2.308041155338287354e-01 1.582791954278945923e-01 4.405778646469116211e-02 -3.877002894878387451e-01 8.182209730148315430e-01 -3.024953603744506836e-01 3.551922142505645752e-01 2.455900460481643677e-01 -4.597757011651992798e-02
4.348503425717353821e-02 -2.510807812213897705e-01 5.124886035919189453e-01 4.658036231994628906e-01 -1.479837745428085327e-01 -4.110100865364074707e-01 1.529702246189117432e-01 3.498831093311309814e-01 -6.646499037742614746e-01 1.491853296756744385e-01 8.769699335098266602e-01 -2.996489405632019043e-01 7.819777727127075195e-01 -1.419197395443916321e-02 -3.021391034126281738e-01 -2.661235034465789795e-01 -1.594476252794265747e-01 -2.659373581409454346e-01 2.443707883358001709e-01 3.450135886669158936e-01 3.209270238876342773e-01 1.008623600006103516e+00 -7.335647940635681152e-02 -7.416027188301086426e-01 1.794628798961639404e-01 9.155545234680175781e-01 1.103373616933822632e-01 -1.383949965238571167e-01 2.126515507698059082e-01 1.289944350719451904e-01 3.652115464210510254e-01 2.563189566135406494e-01 9.580184519290924072e-02 -1.671309620141983032e-01 -3.854223489761352539e-01 6.693311333656311035e-01 -2.163656204938888550e-01 5.362018346786499023e-01 3.111768960952758789e-01 -9.256119281053543091e-02 3.968142271041870117e-01 3.073853254318237305e-01 -4.422905668616294861e-02 3.238155543804168701e-01 4.905853271484375000e-01 -2.512441575527191162e-01 1.187895238399505615e-01 -2.356282621622085571e-01 7.072614878416061401e-02 8.981202840805053711e-01 3.851827681064605713e-01 -2.827121913433074951e-01 7.963832616806030273e-01 3.964042961597442627e-01 2.275831997394561768e-01 -2.183599770069122314e-01 4.938000142574310303e-01 -8.631670475006103516e-01 1.714176386594772339e-01 -5.159348845481872559e-01 -8.913324773311614990e-02 2.393114119768142700e-01 -4.533187747001647949e-01 1.020775139331817627e-01
1.180165648460388184e+00 -2.299789637327194214e-01 7.405757904052734375e-01 1.525017023086547852e-01 1.457412634044885635e-02 -1.156946182250976562e+00 -8.391964435577392578e-01 -6.961728334426879883e-01 -1.058416128158569336e+00 -5.782745406031608582e-02 1.001387715339660645e+00 -8.126683235168457031e-01 -9.806165099143981934e-02 2.834191918373107910e-01 8.697221875190734863e-01 8.914541453123092651e-02 2.089708000421524048e-01 -1.816242188215255737e-01 -1.401185691356658936e-01 3.373630642890930176e-01 1.198778033256530762e+00 1.347844243049621582e+00 -1.210422664880752563e-01 -9.640086889266967773e-01 -1.401543021202087402e-01 -2.284289598464965820e-01 -2.525019049644470215e-01 8.084957599639892578e-01 -1.202966049313545227e-01 -6.883805617690086365e-03 6.192557215690612793e-01 4.404302239418029785e-01 4.682024717330932617e-01 -7.525241971015930176e-01 -1.284616827964782715e+00 -3.307475745677947998e-01 2.679938971996307373e-01 -6.117388606071472168e-01 2.326622903347015381e-01 -7.527491450309753418e-01 2.261745333671569824e-01 2.397596091032028198e-02 -4.530543088912963867e-01 -2.759595960378646851e-02 1.159296035766601562e+00 -5.685568451881408691e-01 -2.503657713532447815e-02 -2.486574351787567139e-01 7.058814764022827148e-01 2.001544833183288574e-01 4.594347774982452393e-01 2.363193780183792114e-01 2.923801243305206299e-01 -4.230275452136993408e-01 -6.606138944625854492e-01 2.367185354232788086e-01 4.760188758373260498e-01 4.765371680259704590e-01 3.008495084941387177e-02 7.388792037963867188e-01 -5.050140023231506348e-01 -1.668452322483062744e-01 3.438479602336883545e-01 -5.004464387893676758e-01
1.220917329192161560e-01 -1.158790349960327148e+00 7.682282328605651855e-01 -8.548853993415832520e-01 -4.617799818515777588e-01 -7.870044708251953125e-01 -4.372228682041168213e-01 -5.110912322998046875e-01 -2.704910337924957275e-01 -7.792429924011230469e-01 8.206012248992919922e-01 -8.272747993469238281e-01 2.054402232170104980e-02 -1.510050613433122635e-02 1.266016364097595215e-01 4.092006683349609375e-01 -7.288061827421188354e-02 9.776911139488220215e-02 8.898363113403320312e-01 4.430859684944152832e-01 1.125810861587524414e+00 -1.779778860509395599e-02 1.009214043617248535e+00 -7.087203860282897949e-01 3.650719821453094482e-01 7.059713602066040039e-01 1.012808084487915039e-01 -4.134988412261009216e-03 1.896811276674270630e-01 3.665807545185089111e-01 -2.901096045970916748e-01 1.878666132688522339e-01 -8.238089680671691895e-01 -3.051978349685668945e-01 1.585535705089569092e-01 2.271042466163635254e-01 -4.469104856252670288e-02 3.941551148891448975e-01 -3.465207517147064209e-01 2.679907083511352539e-01 7.355146110057830811e-02 -1.652922779321670532e-01 2.696269750595092773e-01 -2.715965211391448975e-01 5.755439996719360352e-01 -1.810966730117797852e-01 -6.896691918373107910e-01 -7.812485694885253906e-01 -2.505780383944511414e-02 8.673686385154724121e-01 -1.360463052988052368e-01 -1.328699290752410889e-01 -2.361010313034057617e-01 4.637810289859771729e-01 -3.616757094860076904e-01 -6.079856157302856445e-01 -5.087541937828063965e-01 -2.477523833513259888e-01 2.623279020190238953e-02 2.733497917652130127e-01 -9.647781252861022949e-01 5.253164768218994141e-01 -7.739164680242538452e-02 -7.309817075729370117e-01
3.269627094268798828e-01 4.558725059032440186e-01 5.006231665611267090e-01 -1.493782550096511841e-01 1.575521975755691528e-01 -1.005830883979797363e+00 -1.446448862552642822e-01 3.373762220144271851e-02 -2.212648987770080566e-01 -6.889690756797790527e-01 -1.459899693727493286e-01 -1.048560976982116699e+00 -3.670626878738403320e-01 2.986136376857757568e-01 -7.835202664136886597e-02 -3.019498586654663086e-01 8.761501312255859375e-02 -4.026078879833221436e-01 -2.663517892360687256e-01 2.015788108110427856e-01 5.044186860322952271e-02 5.258883833885192871e-01 2.920542657375335693e-01 -6.067491769790649414e-01 -5.929908156394958496e-01 6.088559031486511230e-01 -1.838272362947463989e-01 3.281902670860290527e-01 4.364194869995117188e-01 -2.937657758593559265e-02 1.249963343143463135e-01 -2.376846410334110260e-02 -7.699767351150512695e-01 -3.532237112522125244e-01 -1.753756701946258545e-01 -5.318992137908935547e-01 6.280098557472229004e-01 3.601452410221099854e-01 4.925485551357269287e-01 3.260552585124969482e-01 5.282000824809074402e-02 4.700798392295837402e-01 -2.720369994640350342e-01 2.319156229496002197e-01 1.085680961608886719e+00 1.545990705490112305e-01 1.819729954004287720e-01 8.574060164391994476e-03 4.127653837203979492e-01 8.566096425056457520e-01 -5.724409222602844238e-01 -9.090846404433250427e-03 6.581399440765380859e-01 3.224735381081700325e-03 4.552397131919860840e-01 2.731318771839141846e-01 -6.457188129425048828e-01 -9.775989502668380737e-02 1.036199703812599182e-01 5.417538881301879883e-01 -1.725597381591796875e-01 2.344447374343872070e-01 -4.168171808123588562e-02 1.675956100225448608e-01
-4.054820630699396133e-03 2.241275161504745483e-01 -7.655506581068038940e-02 -7.066801190376281738e-01 2.196570485830307007e-01 1.729489266872406006e-01 2.312680929899215698e-01 2.815712690353393555e-01 -4.927011728286743164e-01 3.684709221124649048e-02 2.718070335686206818e-02 -1.269417524337768555e+00 -6.108736991882324219e-01 -4.910288453102111816e-01 1.938013583421707153e-01 5.407323241233825684e-01 -3.699512481689453125e-01 2.965185940265655518e-01 1.667171418666839600e-01 1.148958131670951843e-01 2.063001990318298340e-01 1.565767228603363037e-01 1.287695288658142090e+00 -2.464478090405464172e-02 -5.603680387139320374e-02 -2.306451797485351562e-01 9.811601638793945312e-01 4.517123401165008545e-01 1.084543541073799133e-01 -2.269512414932250977e-01 -1.470465958118438721e-01 2.147234417498111725e-02 -1.149124577641487122e-01 -6.159952282905578613e-01 2.024154216051101685e-01 2.398146092891693115e-01 4.644581973552703857e-01 1.852331906557083130e-01 5.046973824501037598e-01 3.171716034412384033e-01 7.104857563972473145e-01 -5.141037702560424805e-01 1.629016548395156860e-02 2.587657272815704346e-01 5.235973000526428223e-01 -1.509614586830139160e-01 -1.831533461809158325e-01 -1.595087170600891113e+00 7.108823657035827637e-01 -4.362165629863739014e-01 7.873125374317169189e-03 -6.258696913719177246e-01 1.024173259735107422e+00 -4.546750336885452271e-02 -2.733560204505920410e-01 1.495030671358108521e-01 -1.174494177103042603e-01 -6.986242718994617462e-03 -5.041123628616333008e-01 3.226094245910644531e-01 -4.591588675975799561e-01 -3.371870517730712891e-01 -7.622941583395004272e-02 1.267730295658111572e-01
4.664984345436096191e-01 -1.034928917884826660e+00 -3.917169943451881409e-02 -5.145019292831420898e-01 1.667726039886474609e-02 -3.858295679092407227e-01 4.402489066123962402e-01 3.878522291779518127e-02 -7.782975435256958008e-01 1.002930328249931335e-01 5.353487133979797363e-01 -1.400095105171203613e+00 -5.344460904598236084e-02 -8.296770453453063965e-01 4.577037096023559570e-01 -7.298970818519592285e-01 -1.816982179880142212e-01 6.115522980690002441e-02 -4.191842675209045410e-01 4.522800147533416748e-01 1.249001145362854004e+00 -1.935068368911743164e-01 1.877343356609344482e-01 1.777643263339996338e-01 4.316551610827445984e-02 2.126156836748123169e-01 -3.711621761322021484e-01 -1.977680772542953491e-01 2.807914614677429199e-01 8.627352118492126465e-01 3.017776012420654297e-01 2.792197167873382568e-01 5.294771194458007812e-01 -2.229749411344528198e-01 -1.734022945165634155e-01 -3.530317246913909912e-01 2.263711020350456238e-02 -2.794428765773773193e-01 -5.649358630180358887e-01 -1.827346086502075195e-01 6.471005082130432129e-01 -1.932780444622039795e-02 -4.904213249683380127e-01 8.341731876134872437e-02 5.548806786537170410e-01 -1.477602273225784302e-01 2.850528433918952942e-02 -5.178852677345275879e-01 1.286234498023986816e+00 3.245479166507720947e-01 5.232912898063659668e-01 -3.401541113853454590e-01 -1.986214965581893921e-01 2.977067530155181885e-01 -7.309963703155517578e-01 -5.623992681503295898e-01 -5.852221250534057617e-01 -2.343658804893493652e-01 -4.786559939384460449e-01 6.661555171012878418e-01 -1.475669890642166138e-01 -6.888512969017028809e-01 -1.084273904561996460e-01 -9.898645803332328796e-03
8.216974139213562012e-01 -2.261753231287002563e-01 -5.440730452537536621e-01 -2.314087897539138794e-01 -2.029633820056915283e-01 -1.013840556144714355e+00 3.659289479255676270e-01 -4.207616299390792847e-02 -8.841145038604736328e-01 -3.968272209167480469e-01 9.682785719633102417e-02 -4.359040558338165283e-01 -3.388252258300781250e-01 -8.433629274368286133e-01 -5.420207381248474121e-01 5.764130353927612305e-01 1.399796009063720703e-01 -6.874355077743530273e-01 6.336908936500549316e-01 4.399719834327697754e-01 1.021530747413635254e+00 -3.431981503963470459e-01 -2.362855970859527588e-01 -1.418745875358581543e+00 2.038949579000473022e-01 -1.181203424930572510e-01 -1.200375184416770935e-01 8.098501563072204590e-01 1.366861909627914429e-01 -9.745156764984130859e-02 8.487088978290557861e-02 6.034128069877624512e-01 -4.419522881507873535e-01 -9.979207515716552734e-01 3.033614717423915863e-02 5.578751489520072937e-02 -8.585508465766906738e-01 9.863702207803726196e-02 -5.560505017638206482e-02 4.216128885746002197e-01 -2.625991106033325195e-01 2.396583408117294312e-01 -3.141312897205352783e-01 5.897466540336608887e-01 2.770007848739624023e-01 -1.195786893367767334e-01 -1.885437667369842529e-01 -8.651319146156311035e-01 1.002492189407348633e+00 5.669838935136795044e-02 3.404152393341064453e-01 6.030565872788429260e-02 9.844107627868652344e-01 -4.598283171653747559e-01 -1.341258268803358078e-02 1.737722605466842651e-01 5.213215351104736328e-01 6.541821360588073730e-02 -4.065806567668914795e-01 6.385596990585327148e-01 1.473991721868515015e-01 1.651990562677383423e-01 3.881647586822509766e-01 6.481427699327468872e-02
9.276402741670608521e-02 -4.670064151287078857e-02 1.322610229253768921e-01 -4.839171171188354492e-01 2.603885233402252197e-01 -4.223763644695281982e-01 4.832147657871246338e-01 -9.854272753000259399e-02 -8.817163109779357910e-01 -6.888561248779296875e-01 1.061164617538452148e+00 -6.038315296173095703e-01 -5.593880414962768555e-01 1.452387422323226929e-01 7.280840724706649780e-02 7.117218375205993652e-01 -6.095428466796875000e-01 -9.568390250205993652e-01 2.728838920593261719e-01 1.118715286254882812e+00 6.449466347694396973e-01 2.610272467136383057e-01 -5.327680706977844238e-01 -3.215280473232269287e-01 5.948788523674011230e-01 -2.112638205289840698e-01 -3.021274805068969727e-01 1.473747193813323975e-01 -5.582989379763603210e-02 -4.173159301280975342e-01 3.688863515853881836e-01 5.157918334007263184e-01 3.172265887260437012e-01 -8.056888580322265625e-01 -8.354522287845611572e-02 6.955614089965820312e-01 8.324987292289733887e-01 -4.056138992309570312e-01 -3.930329084396362305e-01 1.141076460480690002e-01 1.471935808658599854e-01 9.076015651226043701e-02 2.382899373769760132e-01 4.751500785350799561e-01 -1.276705786585807800e-02 2.117258757352828979e-01 -6.274861693382263184e-01 -7.670722603797912598e-01 1.089491605758666992e+00 -3.510201871395111084e-01 3.844482302665710449e-01 4.344107806682586670e-01 1.047290563583374023e+00 1.412002742290496826e-01 1.290634572505950928e-01 -5.782728642225265503e-02 8.217799067497253418e-01 5.361473560333251953e-02 -4.630699455738067627e-01 3.566763997077941895e-01 1.453446298837661743e-01 4.349466264247894287e-01 6.959637254476547241e-02 6.787241101264953613e-01
5.775033831596374512e-01 -2.211589962244033813e-01 3.963760733604431152e-01 3.426288068294525146e-01 5.820354223251342773e-01 -2.728215157985687256e-01 6.108799576759338379e-01 -5.585443601012229919e-02 -4.316603243350982666e-01 -2.792616784572601318e-01 8.190513849258422852e-01 -4.102318286895751953e-01 1.201901286840438843e-01 -1.650700122117996216e-01 5.503851175308227539e-01 3.870060294866561890e-02 -3.580190241336822510e-02 -3.031102418899536133e-01 -2.495141029357910156e-01 1.956061422824859619e-01 -2.822665572166442871e-01 4.245795309543609619e-02 -1.385786235332489014e-01 -8.125871419906616211e-01 -2.771451771259307861e-01 7.069067955017089844e-01 -6.107535585761070251e-02 -2.493739724159240723e-01 2.553403675556182861e-01 -2.225928474217653275e-03 5.251812934875488281e-01 1.830372363328933716e-01 -2.924336493015289307e-01 3.307474553585052490e-01 -6.904505491256713867e-01 4.878806769847869873e-01 -6.794299185276031494e-02 5.218780040740966797e-01 -4.557093083858489990e-01 -8.114902973175048828e-01 2.217138856649398804e-01 8.751332014799118042e-02 -4.682540595531463623e-01 1.617447286844253540e-01 5.657189488410949707e-01 -1.239798784255981445e+00 -6.416044831275939941e-01 -3.111971020698547363e-01 3.264097571372985840e-01 2.145125269889831543e-01 1.606169193983078003e-01 -2.403197139501571655e-01 3.862303197383880615e-01 1.779331713914871216e-01 3.377549946308135986e-01 -1.112691640853881836e+00 3.101895153522491455e-01 -4.727959334850311279e-01 1.366801708936691284e-01 -1.065434962511062622e-01 -2.784002721309661865e-01 1.164712477475404739e-02 -4.287860989570617676e-01 1.888841390609741211e-01
3.265216946601867676e-01 -6.812143325805664062e-02 5.063837170600891113e-01 4.046034216880798340e-01 -3.928359448909759521e-01 -2.349162697792053223e-01 2.105938345193862915e-01 5.817491188645362854e-02 -3.818630874156951904e-01 -4.824585914611816406e-01 3.989567458629608154e-01 -5.033459663391113281e-01 -8.436329960823059082e-01 -1.695945560932159424e-01 1.773234158754348755e-01 2.171116769313812256e-01 3.998932614922523499e-02 -3.560133874416351318e-01 2.421291321516036987e-01 1.094139099121093750e+00 -3.406701683998107910e-01 1.687484383583068848e-01 3.281770944595336914e-01 -2.708409726619720459e-01 1.396334618330001831e-01 -3.306785225868225098e-02 5.312475189566612244e-02 -4.074102938175201416e-01 1.342697292566299438e-01 5.872049927711486816e-02 2.022976279258728027e-01 7.292861342430114746e-01 2.973779439926147461e-01 -2.078120708465576172e-01 9.789971262216567993e-02 -9.683745354413986206e-02 -1.368123143911361694e-01 1.047291159629821777e+00 -6.935793161392211914e-02 -1.829429529607295990e-02 -7.567538321018218994e-02 4.958117902278900146e-01 -1.191151589155197144e-01 3.969590067863464355e-01 1.107473373413085938e-01 -8.803111910820007324e-01 7.750484347343444824e-02 5.808433294296264648e-01 -1.158634573221206665e-01 -1.758654266595840454e-01 4.809389635920524597e-02 -6.322962045669555664e-01 3.592394590377807617e-01 -3.279631435871124268e-01 4.062284529209136963e-01 -1.295120716094970703e-01 -1.063222736120223999e-01 -8.649989366531372070e-01 -2.176157897338271141e-03 -6.652422994375228882e-02 -8.290476799011230469e-01 -2.435374408960342407e-01 1.431493610143661499e-01 -1.345682144165039062e-01
1.259887516498565674e-01 -3.523471653461456299e-01 5.291996598243713379e-01 -7.063024491071701050e-02 -6.267870310693979263e-03 1.161360293626785278e-01 -3.977306187152862549e-01 6.080269217491149902e-01 -7.571166753768920898e-01 -1.100276589393615723e+00 5.022643804550170898e-01 -1.143114924430847168e+00 1.361376941204071045e-01 -1.085525393486022949e+00 7.363625615835189819e-02 1.201122775673866272e-01 4.973912239074707031e-01 6.868475582450628281e-03 4.532602727413177490e-01 1.965722888708114624e-01 9.012377858161926270e-01 1.520424604415893555e+00 1.375639736652374268e-01 -4.879209399223327637e-02 -1.421447992324829102e-01 9.511696547269821167e-02 -4.221678972244262695e-01 4.220618866384029388e-03 2.859981060028076172e-01 -2.616708874702453613e-01 -4.992243647575378418e-01 3.457023799419403076e-01 -2.582943439483642578e-01 6.009089574217796326e-02 -9.770883321762084961e-01 -7.686256170272827148e-01 6.124870181083679199e-01 -1.168339729309082031e+00 5.992781519889831543e-01 -1.642539948225021362e-01 9.644353389739990234e-01 1.107653826475143433e-01 -2.885285317897796631e-01 3.314809799194335938e-01 1.555285573005676270e+00 1.230199486017227173e-01 -8.247741311788558960e-02 -3.295350819826126099e-02 3.257865309715270996e-01 1.002757072448730469e+00 8.866162896156311035e-01 -6.395835876464843750e-01 1.021836027503013611e-01 -2.237247675657272339e-02 -6.915294528007507324e-01 -2.772811651229858398e-01 -1.830472797155380249e-01 -7.125574946403503418e-01 -9.642446637153625488e-01 1.037864208221435547e+00 -5.105805397033691406e-01 1.374217569828033447e-01 -1.656073331832885742e-01 6.332029104232788086e-01
5.469106435775756836e-01 -2.949828207492828369e-01 -3.854105174541473389e-01 -2.072635889053344727e-01 3.569435477256774902e-01 6.799356639385223389e-02 3.082454204559326172e-01 1.393091082572937012e-01 -7.927479743957519531e-01 -3.323681354522705078e-01 2.067255675792694092e-01 -1.974415063858032227e+00 -6.274371594190597534e-02 -6.089994311332702637e-01 -2.056590616703033447e-01 -6.454317271709442139e-02 3.459480358287692070e-03 -2.309459634125232697e-02 2.318010926246643066e-01 2.566513419151306152e-01 8.108364343643188477e-01 -2.741967327892780304e-03 4.144337475299835205e-01 -4.442885816097259521e-01 6.275673210620880127e-02 1.529789865016937256e-01 7.027508616447448730e-01 -3.415811359882354736e-01 3.353718519210815430e-01 7.288650870323181152e-01 5.688499808311462402e-01 -4.372875392436981201e-01 -4.071732759475708008e-01 5.396971106529235840e-02 3.713027238845825195e-01 2.286669313907623291e-01 4.294233396649360657e-02 -8.347209692001342773e-01 -4.105769991874694824e-01 -3.243466019630432129e-01 8.912751078605651855e-02 2.459024190902709961e-01 -3.032686710357666016e-01 -1.012300029397010803e-01 4.056650996208190918e-01 -8.518870919942855835e-02 -1.102001070976257324e-01 -5.182818770408630371e-01 1.041105628013610840e+00 1.172216515988111496e-02 -2.219952046871185303e-01 -5.785765051841735840e-01 7.990101575851440430e-01 4.208652675151824951e-01 9.054826200008392334e-02 -7.136916369199752808e-02 -2.411777377128601074e-01 -1.169553101062774658e-01 -7.105535268783569336e-01 -4.431661590933799744e-02 -7.029793858528137207e-01 1.555507183074951172e-01 -1.078563705086708069e-01 -9.274109005928039551e-01
4.038554430007934570e-01 5.719119906425476074e-01 4.025841653347015381e-01 -4.001049995422363281e-01 4.015331268310546875e-01 -7.243732362985610962e-02 -2.082566618919372559e-01 3.861590325832366943e-01 -9.535065293312072754e-01 3.081836700439453125e-01 9.508719444274902344e-01 -1.015166878700256348e+00 -1.076117977499961853e-01 -6.738442182540893555e-02 6.689120531082153320e-01 3.523883223533630371e-02 -2.560919821262359619e-01 2.974466085433959961e-01 6.900174617767333984e-01 3.855128586292266846e-02 9.586804360151290894e-02 8.158255219459533691e-01 8.522554636001586914e-01 -5.837048292160034180e-01 3.116832375526428223e-01 1.890039257705211639e-02 3.262991905212402344e-01 -9.586763381958007812e-01 1.109076365828514099e-01 7.757054567337036133e-01 1.254886388778686523e-01 9.476926326751708984e-01 3.429636061191558838e-01 -6.844484210014343262e-01 -4.544661641120910645e-01 2.483578026294708252e-02 -1.061538085341453552e-01 2.012052386999130249e-01 -2.893991768360137939e-01 6.365662068128585815e-02 -2.252676337957382202e-01 -3.101041615009307861e-01 -3.450656533241271973e-01 5.276052951812744141e-01 8.621364086866378784e-02 -8.350830674171447754e-01 6.639318913221359253e-02 -2.371598035097122192e-01 3.061746954917907715e-01 8.045696616172790527e-01 2.596354857087135315e-02 3.430424258112907410e-02 -3.351789116859436035e-01 -1.084009408950805664e+00 1.472188681364059448e-01 -6.256744265556335449e-01 -4.107685983180999756e-01 -8.254063129425048828e-01 -4.934723079204559326e-01 7.412945032119750977e-01 -2.515361309051513672e-01 5.940670967102050781e-01 -4.055578261613845825e-02 5.323315262794494629e-01
8.236675858497619629e-01 -4.230338633060455322e-01 2.565427720546722412e-01 3.723304271697998047e-01 1.201896741986274719e-01 -1.186078429222106934e+00 6.750918030738830566e-01 -3.011959791183471680e-01 -8.776287436485290527e-01 -9.515085816383361816e-01 9.859087467193603516e-01 -9.172578454017639160e-01 1.844097077846527100e-01 -7.945874705910682678e-03 1.049984931945800781e+00 7.040584087371826172e-01 -4.204323589801788330e-01 3.462303876876831055e-01 -2.106131911277770996e-01 1.610782295465469360e-01 7.494445443153381348e-01 9.257492423057556152e-01 1.984695047140121460e-01 -1.122959733009338379e+00 8.539193272590637207e-01 -4.435353726148605347e-02 -2.558484859764575958e-02 2.945027947425842285e-01 6.061193346977233887e-01 8.489738106727600098e-01 1.464028954505920410e-01 1.410927176475524902e+00 5.909621119499206543e-01 7.786227017641067505e-02 -4.591592028737068176e-02 -1.225414723157882690e-01 4.371075630187988281e-01 1.375136077404022217e-01 8.250855654478073120e-02 9.098854064941406250e-01 3.491170406341552734e-01 6.725713014602661133e-01 1.392581164836883545e-01 5.780892968177795410e-01 7.715308070182800293e-01 -6.067818403244018555e-01 3.088038973510265350e-02 -3.756264746189117432e-01 -1.267603188753128052e-01 2.384065389633178711e-01 2.477782964706420898e-01 -5.202711820602416992e-01 1.112148284912109375e+00 4.870356991887092590e-02 -1.575769297778606415e-02 1.541326195001602173e-01 1.159036904573440552e-01 1.998217403888702393e-01 -1.411212921142578125e+00 1.647668123245239258e+00 -6.658964157104492188e-01 9.685102105140686035e-01 -5.479262769222259521e-02 -5.629687011241912842e-02
-8.319087326526641846e-02 -9.477661550045013428e-02 2.699931263923645020e-01 2.457663118839263916e-01 3.400337696075439453e-01 -7.305583357810974121e-01 -2.021651417016983032e-01 3.955688178539276123e-01 -2.922048270702362061e-01 -5.707402154803276062e-02 -7.519619539380073547e-03 -6.481956839561462402e-01 1.995443701744079590e-01 1.471369117498397827e-01 -5.599096789956092834e-02 5.526595711708068848e-01 -1.180501461029052734e+00 1.597689241170883179e-01 -2.302876859903335571e-01 1.516936160624027252e-02 6.993086338043212891e-01 1.264706611633300781e+00 2.351434528827667236e-01 -2.299731671810150146e-01 -1.182257160544395447e-01 5.599776506423950195e-01 -6.663132458925247192e-02 -7.274275422096252441e-01 -6.572481989860534668e-02 2.131230942904949188e-02 1.088515445590019226e-01 5.102913379669189453e-01 9.603536687791347504e-03 -2.848546206951141357e-01 -5.156961679458618164e-01 2.339446246623992920e-01 -2.326931953430175781e-01 3.132745996117591858e-02 -2.950398921966552734e-01 -2.432946562767028809e-01 -5.634681582450866699e-01 -1.099612563848495483e-01 -2.678720057010650635e-01 1.827836036682128906e-01 1.206555724143981934e+00 -2.581813633441925049e-01 -4.831265509128570557e-01 -7.968209981918334961e-01 9.139790534973144531e-01 8.768028020858764648e-01 -3.526057302951812744e-02 3.446837663650512695e-01 5.557621121406555176e-01 -1.474925726652145386e-01 5.321575999259948730e-01 -1.813013404607772827e-01 -8.700227141380310059e-01 -7.561743259429931641e-01 -1.916853636503219604e-01 -1.112211719155311584e-01 -6.487767398357391357e-02 -3.923301696777343750e-01 -3.305539488792419434e-01 -3.050452470779418945e-01
7.168137431144714355e-01 1.975378245115280151e-01 3.341937661170959473e-01 -5.780940055847167969e-01 -8.635419607162475586e-02 -4.746266305446624756e-01 1.212845072150230408e-01 1.620284318923950195e-01 -6.982431411743164062e-01 -7.864880561828613281e-02 6.530058383941650391e-01 7.605636119842529297e-02 1.010297611355781555e-01 -2.299971431493759155e-01 -1.791310608386993408e-01 5.866550803184509277e-01 4.566763713955879211e-02 4.391375184059143066e-02 3.900460898876190186e-01 2.015489041805267334e-01 -5.982519984245300293e-01 -3.088203370571136475e-01 -4.343869686126708984e-01 2.853147387504577637e-01 -4.586965441703796387e-01 1.077962279319763184e+00 -3.148618340492248535e-01 -6.005080789327621460e-02 3.190350830554962158e-01 2.670217305421829224e-02 1.053009986877441406e+00 5.476414561271667480e-01 -3.398076295852661133e-01 6.926023215055465698e-02 1.790865138173103333e-02 2.151914387941360474e-01 3.615884184837341309e-01 5.128043293952941895e-01 -1.064735203981399536e-01 -1.685017049312591553e-01 2.023837156593799591e-02 1.121930852532386780e-01 3.552342057228088379e-01 6.775196194648742676e-01 6.662947535514831543e-01 -9.468686580657958984e-01 -2.912262082099914551e-01 3.640566766262054443e-02 4.042444825172424316e-01 3.482427895069122314e-01 2.999476492404937744e-01 1.860016733407974243e-01 1.065783381462097168e+00 -2.802621722221374512e-01 1.782564260065555573e-02 -3.878770172595977783e-01 6.417106389999389648e-01 -5.699588656425476074e-01 8.822815120220184326e-02 5.131159424781799316e-01 -2.509246468544006348e-01 2.740332484245300293e-01 -5.346003770828247070e-01 -3.341288268566131592e-01
3.959296941757202148e-01 -7.148188352584838867e-01 3.718031942844390869e-01 1.494869142770767212e-01 -5.458310842514038086e-01 -3.569525182247161865e-01 -1.728195846080780029e-01 -6.414815187454223633e-01 -3.949310481548309326e-01 -6.481413841247558594e-01 -2.418331056833267212e-01 -7.498962283134460449e-01 -1.342675685882568359e-01 1.066664606332778931e-01 5.167694091796875000e-01 4.201601445674896240e-01 -1.190514340996742249e-01 -1.322424858808517456e-01 2.276448160409927368e-01 -4.131501540541648865e-03 4.259502887725830078e-01 5.237078666687011719e-01 -9.072081744670867920e-02 -7.234816253185272217e-02 1.551269441843032837e-01 1.105781495571136475e-01 9.297809004783630371e-02 -2.251844294369220734e-02 9.940532594919204712e-02 2.286738604307174683e-01 1.447024345397949219e-01 -9.322546422481536865e-02 -1.479090154170989990e-01 -2.466555386781692505e-01 1.774774789810180664e-01 5.428113937377929688e-01 3.407931923866271973e-01 1.002387881278991699e+00 -7.622767984867095947e-02 -8.081885576248168945e-01 1.675054877996444702e-01 -6.335530281066894531e-01 -4.984886571764945984e-02 5.745704174041748047e-01 7.737624645233154297e-01 1.300198677927255630e-02 3.220930695533752441e-01 -6.486851572990417480e-01 1.134174823760986328e+00 1.253423213958740234e+00 2.759624719619750977e-01 -9.533254802227020264e-02 4.122710227966308594e-01 4.849067032337188721e-01 9.036170244216918945e-01 -7.434723377227783203e-01 -5.677520632743835449e-01 -9.804139845073223114e-03 -6.526296734809875488e-01 5.608614683151245117e-01 -4.540902972221374512e-01 4.800046086311340332e-01 -3.887337148189544678e-01 -3.159222304821014404e-01
3.232049345970153809e-01 6.874972581863403320e-01 1.058664083480834961e+00 -1.263862550258636475e-01 -8.438116312026977539e-01 -6.153236031532287598e-01 -8.859265595674514771e-02 4.631766080856323242e-01 -2.594088912010192871e-01 2.507360279560089111e-01 5.901640653610229492e-01 -4.706856012344360352e-01 -5.099096298217773438e-01 2.553806900978088379e-01 5.367889404296875000e-01 6.937447786331176758e-01 2.818462848663330078e-01 -3.541984856128692627e-01 8.536888659000396729e-02 9.651788473129272461e-01 -2.709723711013793945e-01 7.899565100669860840e-01 4.056603312492370605e-01 -3.413545787334442139e-01 -5.212287977337837219e-02 1.324504762887954712e-01 -1.866900473833084106e-01 -2.574106454849243164e-01 6.112465262413024902e-01 -2.884019017219543457e-01 1.608915477991104126e-01 3.437526524066925049e-01 -4.209077656269073486e-01 -6.666726469993591309e-01 -5.618456602096557617e-01 7.301900535821914673e-02 -2.597610652446746826e-01 -5.114184692502021790e-02 -3.192994296550750732e-01 -9.795334190130233765e-02 -2.497271150350570679e-01 -1.713724732398986816e-01 -6.382454037666320801e-01 6.702387332916259766e-01 1.698481142520904541e-01 -5.153009295463562012e-01 -2.655294537544250488e-01 -1.414275169372558594e-01 7.907817959785461426e-01 3.583135008811950684e-01 -8.733341097831726074e-02 -6.733435988426208496e-01 -1.795461922883987427e-01 -2.829573452472686768e-01 -3.935050666332244873e-01 -2.705133557319641113e-01 -8.250303268432617188e-01 -5.883724093437194824e-01 -3.846065402030944824e-01 -1.909133344888687134e-01 -1.213955879211425781e-01 -1.286235004663467407e-01 5.472252368927001953e-01 8.622283339500427246e-01
4.588998854160308838e-01 5.125658512115478516e-01 5.555458664894104004e-01 1.193452179431915283e-01 -9.261965006589889526e-02 -9.349625557661056519e-02 1.214557215571403503e-01 2.140208184719085693e-01 -2.649604082107543945e-01 -9.530476480722427368e-02 2.826947867870330811e-01 -1.129790782928466797e+00 2.032507508993148804e-01 -2.209937125444412231e-01 3.943276405334472656e-01 3.780907690525054932e-01 -3.895202875137329102e-01 2.771666087210178375e-02 -4.194454550743103027e-01 2.327885478734970093e-01 1.075132749974727631e-02 1.110892653465270996e+00 -1.932696104049682617e-01 -4.360301494598388672e-01 -4.451929926872253418e-01 4.473904967308044434e-01 -1.971153914928436279e-01 -8.292341232299804688e-01 4.347451627254486084e-01 -4.314652830362319946e-02 3.805585503578186035e-01 2.577251791954040527e-01 -6.830350756645202637e-01 -4.931032359600067139e-01 -5.814433693885803223e-01 6.115024909377098083e-03 -4.742076098918914795e-01 4.946186020970344543e-02 -8.367084264755249023e-01 7.427009195089340210e-02 -4.272690787911415100e-02 -4.682245552539825439e-01 -5.333201885223388672e-01 3.163807690143585205e-01 3.039885163307189941e-01 -1.031923770904541016e+00 -5.764819383621215820e-01 -7.232322692871093750e-01 1.022201538085937500e+00 6.432664394378662109e-01 -4.918039217591285706e-02 8.161698281764984131e-02 2.226019352674484253e-01 -7.947720289230346680e-01 -4.156203269958496094e-01 -3.016052842140197754e-01 -2.340278476476669312e-01 -8.650971055030822754e-01 5.187668139114975929e-04 -2.451504021883010864e-02 1.401301622390747070e-01 2.017138898372650146e-01 -9.814592078328132629e-03 4.419050812721252441e-01
-2.352890223264694214e-01 2.790248095989227295e-01 1.780163198709487915e-01 -6.301099658012390137e-01 9.053162932395935059e-01 -1.748564988374710083e-01 7.593389134854078293e-03 6.657424569129943848e-01 -6.907083988189697266e-01 3.254897147417068481e-02 7.781642079353332520e-01 -1.019581198692321777e+00 -8.287124633789062500e-01 -5.358235836029052734e-01 2.961670756340026855e-01 4.630288183689117432e-01 -4.143674299120903015e-02 1.567970067262649536e-01 8.400150537490844727e-01 1.439827382564544678e-01 2.318126261234283447e-01 3.103082776069641113e-01 4.618929028511047363e-01 2.190570235252380371e-01 -4.980648159980773926e-01 -6.651373952627182007e-02 -2.154202610254287720e-01 -3.356354832649230957e-01 -4.715355336666107178e-01 -4.111104905605316162e-01 -1.451356858015060425e-01 -1.595346927642822266e-01 -8.730893582105636597e-02 -5.371173620223999023e-01 -6.089748144149780273e-01 -5.721338987350463867e-01 -8.700921386480331421e-02 3.816521465778350830e-01 -6.728966832160949707e-01 1.937855631113052368e-01 6.895391941070556641e-01 1.484372168779373169e-01 -6.715697050094604492e-01 5.988398790359497070e-01 5.812125205993652344e-01 4.783320426940917969e-01 -1.563987322151660919e-02 -9.879463911056518555e-01 -4.687644839286804199e-01 2.279135435819625854e-01 -3.099448382854461670e-01 4.715326726436614990e-01 7.526879310607910156e-01 -4.829081594944000244e-01 1.345886439085006714e-01 -2.047268301248550415e-01 4.813860952854156494e-01 2.133320719003677368e-01 -4.731769561767578125e-01 5.147870182991027832e-01 -6.169680953025817871e-01 -3.326031863689422607e-01 5.777654051780700684e-01 1.631255447864532471e-01
8.360363841056823730e-01 -2.066195197403430939e-02 4.219038486480712891e-01 -3.383957147598266602e-01 7.170607149600982666e-02 -4.847733676433563232e-01 -6.390372514724731445e-01 -2.570403218269348145e-01 -1.232048988342285156e+00 -2.139461934566497803e-01 9.173485636711120605e-01 5.945911630988121033e-02 4.759334027767181396e-01 -6.216367483139038086e-01 7.853735089302062988e-01 -9.197141230106353760e-02 5.416759252548217773e-01 -1.247627511620521545e-01 -3.209701478481292725e-01 6.313021779060363770e-01 7.058836221694946289e-01 1.437689781188964844e+00 8.778014183044433594e-01 -5.237740278244018555e-01 1.831362694501876831e-01 4.436249732971191406e-01 1.961710453033447266e-01 -1.164888963103294373e-01 -2.934195101261138916e-01 -1.118445619940757751e-01 1.598847331479191780e-03 1.861860603094100952e-01 4.285386577248573303e-02 -1.933352462947368622e-02 -5.992166996002197266e-01 -7.589682936668395996e-01 2.097883373498916626e-01 3.589503765106201172e-01 4.341417551040649414e-01 2.572028338909149170e-01 1.255378723144531250e-01 4.261234998703002930e-01 -1.201833412051200867e-01 1.126263499259948730e+00 3.110508024692535400e-01 -4.318999126553535461e-02 -2.610235512256622314e-01 1.087868213653564453e-01 9.142559170722961426e-01 4.527271725237369537e-03 7.032653689384460449e-02 2.742082178592681885e-01 9.200859665870666504e-01 2.655339986085891724e-02 -3.862090408802032471e-01 5.930657982826232910e-01 -6.315601617097854614e-02 -5.585876703262329102e-01 9.885683655738830566e-02 2.214945554733276367e-01 -2.341162860393524170e-01 -2.672839462757110596e-01 -5.608742237091064453e-01 1.482394486665725708e-01
-2.065122723579406738e-01 -6.042888760566711426e-01 4.080586135387420654e-02 2.284353673458099365e-01 -1.901094429194927216e-02 1.497073024511337280e-01 -1.785682588815689087e-01 -7.407865673303604126e-02 -2.676365077495574951e-01 6.202375516295433044e-03 3.817676007747650146e-01 -2.396798580884933472e-01 -5.882575511932373047e-01 -5.814443528652191162e-02 -8.549673110246658325e-02 4.184997975826263428e-01 -2.355388402938842773e-01 -1.340220719575881958e-01 3.638582527637481689e-01 5.866994857788085938e-01 6.555527448654174805e-01 1.000641193240880966e-02 -2.584934830665588379e-01 -1.747062951326370239e-01 -1.345591545104980469e-01 3.892810344696044922e-01 7.587925791740417480e-01 -2.113103419542312622e-01 6.740178465843200684e-01 2.370729148387908936e-01 3.453747034072875977e-01 -2.624633014202117920e-01 -4.160217344760894775e-01 2.429967746138572693e-02 -1.354603618383407593e-01 -2.339299470186233521e-01 -1.686396002769470215e-01 3.007147833704948425e-02 -2.515505254268646240e-01 -5.359798669815063477e-01 1.450935304164886475e-01 -1.552882697433233261e-02 -3.657494187355041504e-01 3.083648681640625000e-01 8.295190930366516113e-01 -6.098986864089965820e-01 -2.012265771627426147e-01 -9.943308234214782715e-01 1.046859741210937500e+00 4.996108710765838623e-01 -6.423323154449462891e-01 -3.418596684932708740e-01 -2.520764470100402832e-01 7.651692032814025879e-01 2.767362296581268311e-01 -3.560603260993957520e-01 3.340882807970046997e-02 -3.904295563697814941e-01 -5.450016260147094727e-01 -2.812377214431762695e-01 -6.290724873542785645e-01 2.571388483047485352e-01 -1.019518915563821793e-02 -6.057422757148742676e-01
1.472392701543867588e-03 -6.449365615844726562e-02 7.886546850204467773e-01 1.791612803936004639e-01 -4.520852267742156982e-01 -7.545250654220581055e-01 4.733801782131195068e-01 -5.119673013687133789e-01 -9.294492751359939575e-02 3.585605621337890625e-01 2.666251957416534424e-01 -1.040329217910766602e+00 -3.480418622493743896e-01 -4.879886209964752197e-01 -1.676030009984970093e-01 4.099006950855255127e-01 9.475561976432800293e-01 7.425642758607864380e-02 1.385955363512039185e-01 7.430894374847412109e-01 -1.511891372501850128e-02 1.005118966102600098e+00 -1.311650872230529785e-01 -1.356253027915954590e-01 3.630094230175018311e-02 6.160709261894226074e-01 -2.135875225067138672e-01 1.431522071361541748e-01 7.795634865760803223e-01 1.820206940174102783e-01 3.911264836788177490e-01 7.852693200111389160e-01 2.062938064336776733e-01 -7.676921784877777100e-02 -2.264914065599441528e-01 1.731784641742706299e-01 -1.277116090059280396e-01 1.323608160018920898e-01 -9.271211028099060059e-01 1.815218031406402588e-01 3.121538162231445312e-01 -4.749747514724731445e-01 -3.806420415639877319e-02 -1.296993345022201538e-01 1.862481832504272461e-01 -1.171880483627319336e+00 -3.258801996707916260e-01 -6.344247609376907349e-02 3.441160321235656738e-01 1.146409630775451660e+00 -2.598033845424652100e-01 4.002815783023834229e-01 7.002670168876647949e-01 3.426904678344726562e-01 2.039808779954910278e-01 4.456979334354400635e-01 3.767634034156799316e-01 -3.823492825031280518e-01 -3.974601328372955322e-01 1.372270822525024414e+00 -1.485822498798370361e-01 -4.470769688487052917e-02 -5.657789111137390137e-01 2.821588814258575439e-01
3.312304615974426270e-01 7.838509678840637207e-01 1.163414001464843750e+00 2.076447010040283203e-01 -7.000963091850280762e-01 -6.355661153793334961e-01 9.287165105342864990e-02 5.434955358505249023e-01 -2.290669232606887817e-01 7.543884962797164917e-02 8.172487616539001465e-01 -4.819260239601135254e-01 -4.344264864921569824e-01 2.937693297863006592e-01 7.344664335250854492e-01 4.429338276386260986e-01 1.103255599737167358e-01 -3.021529912948608398e-01 2.365667968988418579e-01 9.712297320365905762e-01 -1.848987191915512085e-01 7.728977799415588379e-01 4.885036647319793701e-01 -2.345121502876281738e-01 -2.529677748680114746e-01 1.458010226488113403e-01 -6.209956109523773193e-02 -5.263180136680603027e-01 7.824998497962951660e-01 -7.683478295803070068e-02 2.542481720447540283e-01 1.190593242645263672e-01 -4.998759925365447998e-01 -5.969412326812744141e-01 -5.182400345802307129e-01 -1.258677393198013306e-01 -3.304856419563293457e-01 -1.355448961257934570e-01 -8.408599533140659332e-03 -1.609874144196510315e-02 -4.415730237960815430e-01 -1.711346581578254700e-02 -4.420190155506134033e-01 7.541801333427429199e-01 3.727383315563201904e-01 -6.403990983963012695e-01 -4.525078833103179932e-02 -2.823533713817596436e-01 5.214054584503173828e-01 5.127686858177185059e-01 -6.062742788344621658e-03 -3.701819181442260742e-01 -9.770916402339935303e-02 -4.238160848617553711e-01 -3.311652839183807373e-01 1.340591311454772949e-01 -4.158013463020324707e-01 -6.404452323913574219e-01 -5.847316980361938477e-01 -3.133760392665863037e-01 -1.458467729389667511e-02 -5.265362262725830078e-01 7.583333253860473633e-01 7.508289813995361328e-01
-1.665780395269393921e-01 1.214841082692146301e-01 2.015948593616485596e-01 -3.280971348285675049e-01 1.838691383600234985e-01 -7.765025496482849121e-01 -2.147650122642517090e-01 2.757949531078338623e-01 -1.271468102931976318e-01 -3.024498820304870605e-01 -9.243156015872955322e-02 -1.159764766693115234e+00 -7.549180388450622559e-01 -2.236777730286121368e-02 1.341753005981445312e-01 -7.629557698965072632e-02 -3.787773847579956055e-01 -8.766784667968750000e-01 -1.123612280935049057e-03 4.135444462299346924e-01 8.420606702566146851e-02 5.404797792434692383e-01 2.280035316944122314e-01 -7.157467603683471680e-01 -5.405681133270263672e-01 6.468896269798278809e-01 -1.177297756075859070e-01 -6.049268692731857300e-02 7.426329702138900757e-02 -2.838717699050903320e-01 2.947334647178649902e-01 -1.931727826595306396e-01 -4.345485866069793701e-01 -4.766615331172943115e-01 -1.801459938287734985e-01 -5.199796557426452637e-01 2.757892906665802002e-01 -1.921663284301757812e-01 2.651316821575164795e-01 -2.510587275028228760e-01 6.071513146162033081e-02 2.607055604457855225e-01 -4.994821250438690186e-01 1.685563772916793823e-01 7.643191218376159668e-01 -2.198740988969802856e-01 3.533289134502410889e-01 -9.140432476997375488e-01 2.330268323421478271e-01 7.265849113464355469e-01 -4.135413765907287598e-01 5.441977456212043762e-02 -1.055975779891014099e-01 3.765096962451934814e-01 5.692874193191528320e-01 -2.347361296415328979e-01 -6.493299603462219238e-01 -4.821105301380157471e-02 -4.132927358150482178e-01 6.772785782814025879e-01 -3.086836338043212891e-01 -4.907940626144409180e-01 5.430520772933959961e-01 3.556156158447265625e-02
4.582491815090179443e-01 -2.903197109699249268e-01 8.337601423263549805e-01 3.940993249416351318e-01 3.358681797981262207e-01 -2.915193736553192139e-01 6.757362484931945801e-01 1.631494164466857910e-01 -2.821762561798095703e-01 -2.323446422815322876e-01 9.045861959457397461e-01 -6.348685622215270996e-01 -7.021787017583847046e-02 -4.794942140579223633e-01 8.711639642715454102e-01 -1.038356646895408630e-01 -4.831377565860748291e-01 -3.855078220367431641e-01 -5.818581208586692810e-02 -1.434798818081617355e-02 -3.082338571548461914e-01 2.561442740261554718e-02 -2.096408009529113770e-01 -5.504546761512756348e-01 -1.583008617162704468e-01 4.573626518249511719e-01 2.815220057964324951e-01 -7.878846675157546997e-02 2.046851962804794312e-01 1.652965843677520752e-01 2.937748432159423828e-01 -1.159433573484420776e-01 -3.327313661575317383e-01 2.429212182760238647e-01 -7.883224487304687500e-01 4.042737483978271484e-01 1.354726254940032959e-01 5.281265974044799805e-01 -1.204630061984062195e-01 -7.212921380996704102e-01 -5.730701237916946411e-02 9.789598733186721802e-02 -1.024656891822814941e-01 1.655858159065246582e-01 7.362018227577209473e-01 -1.163320183753967285e+00 -6.461395025253295898e-01 -4.158752784132957458e-02 2.576552033424377441e-01 3.496703505516052246e-01 -7.917580753564834595e-02 -1.996712982654571533e-01 5.133544206619262695e-01 8.305127918720245361e-02 3.963722884654998779e-01 -1.211671948432922363e+00 6.224592328071594238e-01 -5.111916661262512207e-01 9.119667112827301025e-02 -7.053142040967941284e-02 -1.829022765159606934e-01 -8.443653583526611328e-02 -6.818774938583374023e-01 -9.442353993654251099e-02
5.753630995750427246e-01 1.233344823122024536e-01 5.742676258087158203e-01 -5.647415518760681152e-01 -1.629531681537628174e-01 -4.652481079101562500e-01 -8.226084709167480469e-02 1.757536977529525757e-01 -5.757571458816528320e-01 -2.395474016666412354e-01 7.491455674171447754e-01 2.805340886116027832e-01 2.839431762695312500e-01 -4.152372777462005615e-01 -3.329293057322502136e-02 5.788010358810424805e-01 -6.332588195800781250e-02 5.178725719451904297e-02 4.678587019443511963e-01 3.614089190959930420e-01 -5.971015095710754395e-01 -1.824025213718414307e-01 -2.707141637802124023e-01 2.913256287574768066e-01 -4.045727849006652832e-01 8.955052495002746582e-01 -3.071075379848480225e-01 -1.171638630330562592e-02 6.744831204414367676e-01 5.544349551200866699e-02 1.123468637466430664e+00 5.069336295127868652e-01 -5.779705047607421875e-01 1.108100488781929016e-01 5.126824975013732910e-02 2.269448935985565186e-01 2.408514916896820068e-01 4.017057716846466064e-01 -3.533694446086883545e-01 -3.207569122314453125e-01 -1.826424524188041687e-02 1.827790588140487671e-01 4.658750593662261963e-01 6.802187561988830566e-01 5.710468888282775879e-01 -7.663965821266174316e-01 -2.816755771636962891e-01 -5.780887324362993240e-03 9.509027749300003052e-02 4.531885981559753418e-01 6.822407841682434082e-01 2.431460618972778320e-01 8.961163163185119629e-01 -1.004224345088005066e-01 -1.129060834646224976e-01 -3.134208619594573975e-01 6.840251088142395020e-01 -3.222364783287048340e-01 2.130726724863052368e-02 6.356526017189025879e-01 -5.558102726936340332e-01 2.298114448785781860e-01 -5.630939602851867676e-01 -2.686454653739929199e-01
1.540068984031677246e-01 5.106008648872375488e-01 7.160613536834716797e-01 2.926582396030426025e-01 -4.279728531837463379e-01 -6.215739846229553223e-01 2.919975109398365021e-02 -4.451142251491546631e-01 -9.022881388664245605e-01 -6.978491544723510742e-01 9.508847594261169434e-01 -3.192973434925079346e-01 -2.691497802734375000e-01 -9.951067566871643066e-01 6.123948097229003906e-01 1.821603812277317047e-02 2.695495188236236572e-01 -4.288256764411926270e-01 3.732011616230010986e-01 1.167146563529968262e+00 2.447810471057891846e-01 1.895064264535903931e-01 4.719855189323425293e-01 2.314070314168930054e-01 3.180179893970489502e-01 1.397275924682617188e-02 -1.293779760599136353e-01 -1.465469598770141602e-01 1.102218627929687500e-01 -1.243116147816181183e-02 -3.021577894687652588e-01 9.314876794815063477e-01 2.089835852384567261e-01 1.581085622310638428e-01 -5.524944886565208435e-02 -5.579454898834228516e-01 -6.106122136116027832e-01 6.387258768081665039e-01 2.313370257616043091e-01 -3.560625016689300537e-02 2.285037338733673096e-01 -4.662879705429077148e-01 5.218391418457031250e-01 2.367067933082580566e-01 3.350194394588470459e-01 -7.968565821647644043e-01 -1.035117581486701965e-01 -3.268426656723022461e-01 3.889108598232269287e-01 -3.255828320980072021e-01 -1.983276009559631348e-01 3.461583554744720459e-01 1.320075392723083496e+00 -3.328255414962768555e-01 -1.430803835391998291e-01 -4.305922687053680420e-01 9.511335939168930054e-02 3.289862349629402161e-02 -1.245962455868721008e-01 -5.974714756011962891e-01 -1.103635951876640320e-01 -3.005944192409515381e-01 2.580645382404327393e-01 -7.003815770149230957e-01
-1.621350646018981934e-02 -5.543236136436462402e-01 2.311869114637374878e-01 2.723815664649009705e-02 2.742566466331481934e-01 6.625438481569290161e-02 5.147200077772140503e-02 5.332215428352355957e-01 3.938145563006401062e-02 -3.657211065292358398e-01 2.755116224288940430e-01 -5.165322422981262207e-01 -9.648589491844177246e-01 -4.465192183852195740e-02 -2.014885544776916504e-01 3.153507113456726074e-01 7.892968505620956421e-02 -4.345732629299163818e-01 3.278563618659973145e-01 3.589538931846618652e-01 2.960112690925598145e-01 4.696079492568969727e-01 5.151568055152893066e-01 -1.588584631681442261e-01 -3.137015402317047119e-01 5.828328728675842285e-01 2.965191006660461426e-01 3.819106817245483398e-01 -1.131277531385421753e-01 3.005122244358062744e-01 3.495106697082519531e-01 1.239313706755638123e-01 -4.944151937961578369e-01 4.710905253887176514e-02 -4.581775516271591187e-02 -3.425550162792205811e-01 -5.695743486285209656e-03 2.106028795242309570e-01 -3.076669275760650635e-01 -3.443335592746734619e-01 5.045773088932037354e-02 -1.534904837608337402e-01 -2.886997461318969727e-01 5.913624912500381470e-02 4.190981686115264893e-01 -3.903936445713043213e-01 5.304558277130126953e-01 -2.456414401531219482e-01 5.788537263870239258e-01 3.815909326076507568e-01 -5.374606847763061523e-01 -2.487504929304122925e-01 1.855026558041572571e-02 6.893601417541503906e-01 9.779514670372009277e-01 -3.543502986431121826e-01 -7.303051650524139404e-02 -6.285113692283630371e-01 -1.897817999124526978e-01 3.497307002544403076e-01 -9.829334616661071777e-01 -6.329076290130615234e-01 -1.582669168710708618e-01 -1.846798062324523926e-01
-1.267120689153671265e-01 -6.654064171016216278e-03 8.643969297409057617e-01 2.672161161899566650e-01 -4.053114056587219238e-01 -8.401772975921630859e-01 3.981020301580429077e-02 1.034098863601684570e-01 6.025669351220130920e-02 -5.827414244413375854e-02 6.166998147964477539e-01 -8.418501019477844238e-01 -8.375053405761718750e-01 -4.863308072090148926e-01 -2.465670555830001831e-01 2.779287397861480713e-01 6.139010787010192871e-01 -4.203116521239280701e-02 1.537538319826126099e-01 3.324600458145141602e-01 9.430776350200176239e-03 7.025665640830993652e-01 1.060855761170387268e-02 -3.997007906436920166e-01 2.014451026916503906e-01 4.011772572994232178e-01 -1.180183216929435730e-01 4.861038029193878174e-01 9.716982841491699219e-01 5.863596126437187195e-02 5.368672609329223633e-01 4.999450743198394775e-01 2.090008109807968140e-01 3.246338963508605957e-01 -2.444018423557281494e-02 2.855658829212188721e-01 5.964815616607666016e-02 1.078771725296974182e-01 -9.527456760406494141e-01 -1.634264886379241943e-01 2.445862442255020142e-01 -5.194632411003112793e-01 -2.742121219635009766e-01 2.567107975482940674e-01 3.602775931358337402e-01 -1.059809207916259766e+00 -5.271145701408386230e-01 3.255619108676910400e-01 7.360293716192245483e-02 7.597731947898864746e-01 1.475019659847021103e-02 -2.211202383041381836e-01 5.309698581695556641e-01 2.337155118584632874e-02 5.421453714370727539e-01 9.528195858001708984e-01 1.368258893489837646e-01 -3.295567631721496582e-01 9.071692079305648804e-02 5.458689332008361816e-01 -3.393058776855468750e-01 1.089133322238922119e-03 -3.418979700654745102e-03 1.436139345169067383e-01
6.372907161712646484e-01 3.128795325756072998e-01 5.012590289115905762e-01 -8.832737803459167480e-01 -3.387686312198638916e-01 -5.432396531105041504e-01 2.465574629604816437e-02 5.352450013160705566e-01 -1.278386414051055908e-01 1.937661170959472656e-01 3.719726800918579102e-01 -1.178649663925170898e+00 -1.202663872390985489e-02 -1.085604056715965271e-01 3.242214620113372803e-01 -4.241050779819488525e-02 2.784679532051086426e-01 -2.197498977184295654e-01 2.013663947582244873e-01 8.090043663978576660e-01 1.309874773025512695e+00 5.273333787918090820e-01 -9.063770622014999390e-02 1.092690005898475647e-01 7.002555131912231445e-01 -2.327127754688262939e-01 3.502741754055023193e-01 -1.052703976631164551e+00 2.256752103567123413e-01 5.150719881057739258e-01 -1.753568202257156372e-01 8.025613427162170410e-01 -1.153846085071563721e-01 -1.131451010704040527e+00 -6.954523324966430664e-01 2.769275903701782227e-01 5.357283949851989746e-01 6.002682447433471680e-01 -8.714739680290222168e-01 3.780757635831832886e-02 -3.333790004253387451e-01 -1.470149606466293335e-01 -3.997884094715118408e-01 4.168283045291900635e-01 1.668180674314498901e-01 -1.139264479279518127e-01 -7.729795575141906738e-02 -1.876495182514190674e-01 6.408721208572387695e-01 3.129336237907409668e-01 2.059117257595062256e-01 1.565420329570770264e-01 -6.830567866563796997e-02 -3.488684892654418945e-01 1.126063540577888489e-01 -3.008152842521667480e-01 -1.727880239486694336e-01 -4.389654994010925293e-01 2.397917211055755615e-01 -5.372411012649536133e-01 -6.392542123794555664e-01 -3.403565883636474609e-01 6.216760873794555664e-01 1.015995293855667114e-01
-5.554538220167160034e-02 -5.862829685211181641e-01 7.000274490565061569e-03 -8.473090082406997681e-02 -2.148337513208389282e-01 -4.481101334095001221e-01 2.767901420593261719e-01 9.820859134197235107e-02 -7.402216792106628418e-01 -2.333275228738784790e-01 1.052072167396545410e+00 -3.557547330856323242e-01 -5.171086192131042480e-01 -5.119040608406066895e-02 3.869803547859191895e-01 3.184229880571365356e-02 -7.053510546684265137e-01 -8.848299384117126465e-01 5.133705735206604004e-01 1.379022002220153809e-01 -7.860358059406280518e-02 3.220301866531372070e-01 -1.263502836227416992e-01 -2.834143042564392090e-01 -2.561162710189819336e-01 4.789446592330932617e-01 -2.138896733522415161e-01 3.780876100063323975e-01 5.532440543174743652e-01 3.015035688877105713e-01 4.819298684597015381e-01 1.068911105394363403e-01 -1.858194544911384583e-02 -4.029110074043273926e-01 -7.029825448989868164e-01 7.037172913551330566e-01 3.112562000751495361e-01 3.233463466167449951e-01 -4.592670202255249023e-01 -8.020222187042236328e-02 5.280902385711669922e-01 -1.247790306806564331e-01 -4.007206857204437256e-02 -2.714091241359710693e-01 -1.474818140268325806e-01 -1.864342689514160156e-01 2.469044774770736694e-01 -1.621659994125366211e-01 1.587992310523986816e-01 1.762670427560806274e-01 -5.098143815994262695e-01 2.725716531276702881e-01 9.486293196678161621e-01 3.796495199203491211e-01 -9.039838798344135284e-03 -1.444749683141708374e-01 1.300922155380249023e+00 -6.622137427330017090e-01 -3.383480608463287354e-01 -2.633861899375915527e-01 7.607999444007873535e-02 4.634514749050140381e-01 -7.409499883651733398e-01 1.103577733039855957e+00
4.203111231327056885e-01 8.815643936395645142e-02 4.717234373092651367e-01 -1.253650486469268799e-01 -7.019657641649246216e-02 -4.584090411663055420e-01 -5.072350502014160156e-01 4.895720481872558594e-01 -8.774908781051635742e-01 -2.287209481000900269e-01 8.420245647430419922e-01 3.928707242012023926e-01 5.498043894767761230e-01 -4.623695909976959229e-01 5.986289978027343750e-01 3.273428082466125488e-01 2.842506766319274902e-01 2.967729270458221436e-01 5.564116239547729492e-01 1.085173487663269043e+00 1.030015572905540466e-01 7.159451246261596680e-01 1.531104743480682373e-01 -8.042460083961486816e-01 3.551318496465682983e-02 2.140876948833465576e-01 1.192598491907119751e-01 -4.908150136470794678e-01 -3.074219226837158203e-01 -8.186643570661544800e-02 1.639213114976882935e-01 2.935411334037780762e-01 -3.493793308734893799e-01 -1.327705979347229004e-01 -1.766628473997116089e-01 6.464012265205383301e-01 -2.625928819179534912e-01 5.626090764999389648e-01 2.033413648605346680e-01 1.147450581192970276e-01 -4.336822628974914551e-01 5.233714580535888672e-01 8.344107121229171753e-02 9.539971351623535156e-01 -1.196011006832122803e-01 3.659311681985855103e-02 2.485546767711639404e-01 -1.479512266814708710e-02 4.710851237177848816e-02 4.845528397709131241e-03 6.034420728683471680e-01 -7.895830273628234863e-02 4.884212911128997803e-01 1.015229895710945129e-01 -2.698865234851837158e-01 4.675710946321487427e-02 1.758527569472789764e-02 -8.654080629348754883e-01 -5.089355260133743286e-02 5.023477673530578613e-01 -4.047439098358154297e-01 -2.782654166221618652e-01 -2.385392189025878906e-01 -1.024915799498558044e-01
1.264694809913635254e+00 -4.964547753334045410e-01 3.252904713153839111e-01 -5.836562514305114746e-01 -1.751261055469512939e-01 -2.071587890386581421e-01 5.581127405166625977e-01 -3.391326963901519775e-01 -8.381221890449523926e-01 -1.977821439504623413e-01 5.385594964027404785e-01 -7.057014703750610352e-01 -4.434181153774261475e-01 -1.038384556770324707e+00 -1.894207745790481567e-01 1.142391681671142578e+00 3.354751765727996826e-01 -3.673424422740936279e-01 -9.920202195644378662e-03 5.656798481941223145e-01 6.416789889335632324e-01 7.714292407035827637e-01 2.798639237880706787e-01 -5.331055521965026855e-01 4.326587542891502380e-02 -6.168491840362548828e-01 -1.242894381284713745e-01 -1.619125008583068848e-01 1.487690091133117676e+00 5.333898663520812988e-01 -5.307087898254394531e-01 -8.568378537893295288e-02 -6.928887218236923218e-02 -5.774569511413574219e-01 -2.363518178462982178e-01 3.668171763420104980e-01 1.889126002788543701e-01 -8.555409908294677734e-01 -5.109592080116271973e-01 3.973233699798583984e-01 2.725731432437896729e-01 3.922920525074005127e-01 -4.552429020404815674e-01 1.388164311647415161e-01 -7.635824084281921387e-01 -4.171894863247871399e-02 2.275460958480834961e-01 -7.419348955154418945e-01 6.201055049896240234e-01 1.815606355667114258e-01 -2.899173796176910400e-01 -9.252966195344924927e-02 1.206266045570373535e+00 -1.385170817375183105e-01 -8.438871055841445923e-02 -7.428675889968872070e-01 2.039651870727539062e-01 -1.781040430068969727e-01 -3.553827106952667236e-01 -3.586945533752441406e-01 -4.610045552253723145e-01 -1.135739088058471680e-01 -1.712398380041122437e-01 -4.287317395210266113e-01
1.101895645260810852e-01 -4.077542722225189209e-01 -6.122024655342102051e-01 -5.374600887298583984e-01 2.483075261116027832e-01 2.631483972072601318e-01 4.901441633701324463e-01 1.005723923444747925e-01 -5.717672705650329590e-01 1.449343413114547729e-01 4.109381437301635742e-01 -1.452607512474060059e+00 -2.961966991424560547e-01 -7.142862081527709961e-01 2.276160120964050293e-01 -9.731993824243545532e-02 3.826139271259307861e-01 -1.325552612543106079e-01 -9.166515618562698364e-02 4.487674236297607422e-01 5.784703493118286133e-01 -1.440671086311340332e-01 5.059146285057067871e-01 -4.008519053459167480e-01 -7.956188172101974487e-02 -1.539115756750106812e-01 5.651996135711669922e-01 -2.201662659645080566e-01 6.796237826347351074e-01 3.579145371913909912e-01 2.638572752475738525e-01 -4.829561337828636169e-02 -3.810723125934600830e-02 -1.940637528896331787e-01 1.883087456226348877e-01 -2.571819126605987549e-01 2.620078027248382568e-01 -9.904206395149230957e-01 -5.416978001594543457e-01 -8.835018426179885864e-02 -1.140841767191886902e-01 4.266338050365447998e-01 -3.269532918930053711e-01 -2.273873090744018555e-01 3.774133324623107910e-01 -2.693972885608673096e-01 -1.051378063857555389e-02 -6.258360743522644043e-01 1.325740933418273926e+00 2.135456651449203491e-01 -2.297977358102798462e-01 -4.187087714672088623e-01 1.198255300521850586e+00 3.484680950641632080e-01 -2.945260107517242432e-01 -2.092112600803375244e-01 -4.072905182838439941e-01 2.263500727713108063e-02 -6.717746853828430176e-01 5.348435416817665100e-02 -4.157492220401763916e-01 6.171188354492187500e-01 -2.958820164203643799e-01 -7.277435064315795898e-01
2.414861172437667847e-01 -2.759871184825897217e-01 -3.279017806053161621e-01 1.092563644051551819e-01 7.037053108215332031e-01 -6.488087177276611328e-01 3.062607347965240479e-01 -4.314743876457214355e-01 -5.690904855728149414e-01 -3.512314707040786743e-02 4.834196269512176514e-01 -1.261407136917114258e+00 -1.172226853668689728e-03 -1.058737874031066895e+00 1.641619354486465454e-01 -3.150049448013305664e-01 8.444242477416992188e-01 3.802085295319557190e-02 -3.732792660593986511e-02 9.712639451026916504e-01 6.915633678436279297e-01 -7.668120265007019043e-01 9.096894264221191406e-01 4.436090886592864990e-01 -1.426680237054824829e-01 -1.333965361118316650e-01 -5.470960736274719238e-01 -1.635076403617858887e-01 2.936914265155792236e-01 4.057655110955238342e-02 3.473733663558959961e-01 4.912108927965164185e-02 2.560088969767093658e-02 -2.838585376739501953e-01 -3.799531757831573486e-01 3.096069991588592529e-01 2.960365116596221924e-01 1.910707950592041016e-01 -1.305219531059265137e-01 -8.974786847829818726e-02 -2.057575806975364685e-02 -3.285166621208190918e-01 -4.738878309726715088e-01 4.885931611061096191e-01 4.285589233040809631e-02 -3.118298389017581940e-02 2.209452390670776367e-01 -1.163721799850463867e+00 -1.595758646726608276e-02 -3.751022219657897949e-01 -3.419574499130249023e-01 -7.856663316488265991e-02 1.026817917823791504e+00 4.259067773818969727e-02 -3.713282942771911621e-01 -3.553515076637268066e-01 -1.808526515960693359e-01 -3.935290873050689697e-01 -5.526401996612548828e-01 7.512044310569763184e-01 -1.136789321899414062e-01 9.310339391231536865e-02 3.536725640296936035e-01 4.625412449240684509e-02
3.008826673030853271e-01 -1.097436621785163879e-01 -3.533450365066528320e-01 -1.694873720407485962e-01 4.104774594306945801e-01 1.195044964551925659e-01 2.065605074167251587e-01 -5.241445824503898621e-02 -8.234986662864685059e-01 -1.216264963150024414e-01 -5.270452052354812622e-02 -1.826554179191589355e+00 -7.608647644519805908e-02 -8.821536898612976074e-01 -5.337834358215332031e-03 -1.547636985778808594e-01 -1.460299044847488403e-01 -2.832951545715332031e-01 2.271479219198226929e-01 3.999888598918914795e-01 6.269235014915466309e-01 -6.044756993651390076e-02 3.648958504199981689e-01 -3.448040187358856201e-01 9.603088349103927612e-02 4.213312864303588867e-01 6.660976409912109375e-01 -2.302875965833663940e-01 3.812127411365509033e-01 9.119752645492553711e-01 6.433075070381164551e-01 -2.867791950702667236e-01 -6.213812902569770813e-02 1.178622469305992126e-01 1.966542601585388184e-01 2.051045745611190796e-01 3.453852236270904541e-01 -1.035192608833312988e+00 -7.057408094406127930e-01 -3.991962671279907227e-01 4.359955713152885437e-02 2.072888463735580444e-01 -3.853273689746856689e-01 4.503026232123374939e-02 4.638840258121490479e-01 8.773910999298095703e-02 -2.930659651756286621e-01 -5.238937139511108398e-01 1.179068922996520996e+00 2.392656654119491577e-01 -1.111864820122718811e-01 -6.338049173355102539e-01 9.662488698959350586e-01 3.855711519718170166e-01 -1.871975511312484741e-02 1.376804113388061523e-01 -1.999215185642242432e-01 -5.158532038331031799e-02 -9.156219363212585449e-01 7.131917774677276611e-02 -8.693392872810363770e-01 1.125784367322921753e-01 7.537962868809700012e-03 -5.993935465812683105e-01
8.381346464157104492e-01 -6.744588017463684082e-01 -2.081679403781890869e-01 -4.805853366851806641e-01 -3.255979120731353760e-01 -8.715645670890808105e-01 8.257781267166137695e-01 -1.376092880964279175e-01 -8.272419571876525879e-01 -1.272767782211303711e-01 6.147159263491630554e-02 -6.870088577270507812e-01 -1.461815834045410156e-01 -1.117094039916992188e+00 -8.040410876274108887e-01 1.632593631744384766e+00 2.289468199014663696e-01 -8.319581151008605957e-01 1.294589638710021973e-01 -3.063845038414001465e-01 5.595850944519042969e-01 5.928527116775512695e-01 6.330199837684631348e-01 -8.335492014884948730e-01 5.779086053371429443e-02 3.898918330669403076e-01 4.785045385360717773e-01 1.017724648118019104e-01 8.582022190093994141e-01 6.024160385131835938e-01 -6.990437507629394531e-01 5.859730243682861328e-01 -6.755484342575073242e-01 -1.187655925750732422e+00 9.812903404235839844e-02 -7.635021954774856567e-02 -1.525691598653793335e-01 1.382611393928527832e-01 -1.674103289842605591e-01 5.370735526084899902e-01 4.865713715553283691e-01 2.104235738515853882e-01 -4.459299743175506592e-01 6.457265019416809082e-01 -2.984417080879211426e-01 -7.031632065773010254e-01 -2.468015998601913452e-01 -8.765807151794433594e-01 6.789323091506958008e-01 3.964653238654136658e-02 -4.097745288163423538e-03 -4.351710975170135498e-01 1.146950721740722656e+00 -2.419888526201248169e-01 -1.570800244808197021e-01 7.748635858297348022e-02 -7.672752253711223602e-03 -1.526739299297332764e-01 -6.864635348320007324e-01 8.279053121805191040e-02 -7.714103162288665771e-02 -5.261351168155670166e-02 1.809487640857696533e-01 -1.323471590876579285e-02
7.755357623100280762e-01 -7.535436004400253296e-02 -5.720261931419372559e-01 -4.544771462678909302e-02 -3.854126632213592529e-01 -8.488830327987670898e-01 2.942549884319305420e-01 -4.996647685766220093e-02 -1.166964173316955566e+00 -5.862553715705871582e-01 2.797780036926269531e-01 -4.525859951972961426e-01 -3.262811303138732910e-01 -8.593018054962158203e-01 -5.378508567810058594e-01 5.090695619583129883e-01 3.293116092681884766e-01 -9.256307482719421387e-01 5.856752991676330566e-01 2.373633086681365967e-01 9.824633002281188965e-01 -3.367812335491180420e-01 -2.699253894388675690e-02 -1.224759459495544434e+00 4.737124219536781311e-02 5.212519690394401550e-02 1.145805604755878448e-02 6.150116920471191406e-01 1.044283062219619751e-01 1.148420944809913635e-01 -1.169226020574569702e-01 5.409958958625793457e-01 -4.029843211174011230e-01 -8.759383559226989746e-01 2.420644164085388184e-01 9.954310953617095947e-03 -7.241819500923156738e-01 2.313814908266067505e-01 -8.687429130077362061e-02 2.250982671976089478e-01 8.557377010583877563e-02 4.189667403697967529e-01 -4.708718061447143555e-01 3.909210860729217529e-01 4.506970942020416260e-01 -1.532654315233230591e-01 -1.849057972431182861e-01 -8.638789057731628418e-01 9.540761709213256836e-01 -1.191351488232612610e-01 -1.846098020905628800e-04 1.139317974448204041e-01 8.683637380599975586e-01 -5.794311761856079102e-01 -2.316397428512573242e-01 2.639692127704620361e-01 8.197218179702758789e-01 1.254481226205825806e-01 -3.415463268756866455e-01 3.190607726573944092e-01 3.166952431201934814e-01 3.089505732059478760e-01 4.514923095703125000e-01 1.811832636594772339e-01
5.235600471496582031e-01 -6.818395853042602539e-02 9.560385346412658691e-01 -4.398717544972896576e-03 -6.050251126289367676e-01 -9.568129181861877441e-01 4.664412438869476318e-01 6.901574134826660156e-01 -4.159269630908966064e-01 2.300121784210205078e-01 3.303480446338653564e-01 -4.703137278556823730e-01 8.152782917022705078e-01 -9.946309924125671387e-01 -3.500919044017791748e-01 8.285938501358032227e-01 -6.307590007781982422e-02 -4.750417172908782959e-01 -4.907664358615875244e-01 1.010118365287780762e+00 1.404094398021697998e-01 8.974945545196533203e-01 7.154399156570434570e-01 -1.305776834487915039e-01 2.018240839242935181e-01 2.630912363529205322e-01 -3.870175182819366455e-01 -6.116049289703369141e-01 2.653016746044158936e-01 2.349329441785812378e-01 3.812340497970581055e-01 7.184376716613769531e-01 1.902085691690444946e-01 -7.276139855384826660e-01 -4.952378273010253906e-01 -4.437581077218055725e-02 -2.396244704723358154e-01 -1.495208740234375000e-01 -6.565853953361511230e-01 3.515823185443878174e-01 2.234800904989242554e-01 1.678097844123840332e-01 -7.594870030879974365e-02 -4.101807177066802979e-01 8.508518338203430176e-01 1.843277066946029663e-01 8.231118917465209961e-01 -4.484782740473747253e-02 2.305698692798614502e-01 7.165315151214599609e-01 2.218713611364364624e-01 8.103656023740768433e-02 2.069717198610305786e-01 -3.173293471336364746e-01 3.257701098918914795e-01 -3.099942505359649658e-01 1.070843786001205444e-01 -1.097724884748458862e-01 5.568925142288208008e-01 6.267850995063781738e-01 -2.751949131488800049e-01 2.753335237503051758e-01 3.006817698478698730e-01 2.217517495155334473e-01
4.104062318801879883e-01 -6.357358098030090332e-01 2.547083795070648193e-01 1.026009023189544678e-01 -2.192969322204589844e-01 -1.337977766990661621e+00 -4.396517574787139893e-01 4.630828499794006348e-01 -4.004172608256340027e-02 -3.942430913448333740e-01 -4.301361739635467529e-03 -9.191332757472991943e-02 -3.562839701771736145e-02 -6.054968833923339844e-01 -4.124652147293090820e-01 5.963208675384521484e-01 2.338004261255264282e-01 -2.770411670207977295e-01 -3.170941472053527832e-01 2.102987021207809448e-01 1.095484793186187744e-01 1.737205386161804199e-01 3.216937184333801270e-01 -1.202637702226638794e-01 6.791794896125793457e-01 1.151646733283996582e+00 4.162256121635437012e-01 -8.600524067878723145e-01 6.912466287612915039e-01 -1.221927031874656677e-01 5.915381908416748047e-01 -2.750273644924163818e-01 -1.543396860361099243e-01 -2.255763411521911621e-01 -7.749999165534973145e-01 -5.000442266464233398e-01 1.170354038476943970e-01 9.567096084356307983e-02 -1.287526786327362061e-01 -5.068837404251098633e-01 -1.342774331569671631e-01 1.725746095180511475e-01 -4.981767833232879639e-01 7.134542614221572876e-02 1.242846608161926270e+00 2.526147365570068359e-01 -1.842326819896697998e-01 -8.277133852243423462e-02 -1.862512528896331787e-01 7.111785411834716797e-01 -2.914113104343414307e-01 -1.956206411123275757e-01 5.278145670890808105e-01 -1.724582463502883911e-01 9.328473806381225586e-01 -9.387484192848205566e-01 1.768970936536788940e-01 -2.988439798355102539e-01 3.014798164367675781e-01 1.248611807823181152e-01 -6.005420535802841187e-02 -1.057507917284965515e-01 -2.694949209690093994e-01 5.494568347930908203e-01
1.125381350517272949e+00 1.393492072820663452e-01 8.262225389480590820e-01 -8.802871108055114746e-01 -2.532981634140014648e-01 -4.978620111942291260e-01 6.104120239615440369e-02 5.931675434112548828e-01 -1.930501461029052734e-01 1.203489825129508972e-01 4.154299199581146240e-01 -1.036698579788208008e+00 5.904970765113830566e-01 -4.999562799930572510e-01 4.024593532085418701e-01 2.623300254344940186e-01 1.416579913347959518e-02 4.709165915846824646e-02 -9.195405989885330200e-02 4.371607899665832520e-01 1.035048127174377441e+00 1.156883686780929565e-01 -1.162606254220008850e-01 -8.479662984609603882e-02 3.438536226749420166e-01 -3.592810630798339844e-01 3.088042326271533966e-02 -1.150274038314819336e+00 3.478983640670776367e-01 7.898365855216979980e-01 -2.357425242662429810e-01 8.110290169715881348e-01 1.755999624729156494e-01 -6.246662139892578125e-01 -9.167817831039428711e-01 -2.020749151706695557e-01 -2.767538726329803467e-01 7.592014670372009277e-01 -6.891602277755737305e-01 2.067144215106964111e-02 -6.962163746356964111e-02 -4.653995484113693237e-02 -2.495418339967727661e-01 2.061480730772018433e-01 4.454341530799865723e-01 -5.977774411439895630e-02 -7.951755076646804810e-02 -2.888703048229217529e-01 6.475550532341003418e-01 3.634030818939208984e-01 1.701979041099548340e-01 7.978851199150085449e-01 1.715165190398693085e-02 -7.896103709936141968e-02 -5.962757766246795654e-02 -4.209755957126617432e-01 -2.031507641077041626e-01 -2.006691694259643555e-01 -5.786707997322082520e-01 2.401952147483825684e-01 -7.873446345329284668e-01 -3.109848126769065857e-02 4.141630828380584717e-01 3.136965036392211914e-01
1.838071703910827637e+00 -6.990301609039306641e-01 -3.925618529319763184e-01 -6.285953521728515625e-02 -2.984059751033782959e-01 -5.751003697514533997e-02 3.793761730194091797e-01 -1.493322849273681641e-01 -1.066002011299133301e+00 4.150100648403167725e-01 1.594122886657714844e+00 -1.616080880165100098e+00 -1.554553508758544922e-01 -7.202592492103576660e-01 3.976235985755920410e-01 1.901604980230331421e-01 2.445915639400482178e-01 -3.190380632877349854e-01 2.058003097772598267e-02 1.193506866693496704e-01 4.557759165763854980e-01 1.833803355693817139e-01 6.996147036552429199e-01 1.208169609308242798e-01 1.365474164485931396e-01 4.997541308403015137e-01 -2.406145036220550537e-01 -3.636459708213806152e-01 -3.422976434230804443e-01 5.005269050598144531e-01 -2.351379543542861938e-01 9.663066864013671875e-01 3.767095208168029785e-01 -9.620500206947326660e-01 -4.712657332420349121e-01 -1.251532882452011108e-01 -4.755785167217254639e-01 -1.355249583721160889e-01 8.102382719516754150e-02 -1.212420836091041565e-01 6.651533246040344238e-01 6.159352138638496399e-02 -4.184243977069854736e-01 -6.540194749832153320e-01 5.709809660911560059e-01 2.450155466794967651e-01 -4.691270887851715088e-01 -7.153615355491638184e-01 1.511420845985412598e+00 4.472471475601196289e-01 4.351131916046142578e-01 5.144506096839904785e-01 -1.914727538824081421e-01 9.009338617324829102e-01 -4.510854482650756836e-01 -6.681702136993408203e-01 -1.164543777704238892e-01 -5.835235118865966797e-01 -1.034250020980834961e+00 1.025663614273071289e+00 -3.981347680091857910e-01 -4.538733661174774170e-01 -1.876804530620574951e-01 -5.432482808828353882e-02
2.204887419939041138e-01 -8.011183738708496094e-01 7.292031645774841309e-01 -2.765301764011383057e-01 -6.653804183006286621e-01 -5.320327877998352051e-01 -4.596565663814544678e-01 -5.797837972640991211e-01 -4.672207310795783997e-02 -8.677372932434082031e-01 3.457269668579101562e-01 -4.094680845737457275e-01 -1.525780111551284790e-01 4.516840577125549316e-01 2.317881584167480469e-01 -6.852624006569385529e-03 -3.673826903104782104e-02 -7.904099300503730774e-03 4.191285669803619385e-01 3.052898049354553223e-01 5.375822186470031738e-01 1.146315634250640869e-01 9.773585200309753418e-01 -6.198100447654724121e-01 3.159058988094329834e-01 5.288147330284118652e-01 -2.971146404743194580e-01 8.146438747644424438e-02 4.295327365398406982e-01 5.858813524246215820e-01 -2.290320843458175659e-01 -8.071302622556686401e-02 -5.107143521308898926e-01 -4.564740359783172607e-01 3.316884338855743408e-01 1.966194659471511841e-01 3.726737946271896362e-02 3.630729615688323975e-01 -2.148390859365463257e-01 2.273650467395782471e-02 -5.909498408436775208e-02 -1.140396483242511749e-02 1.068205609917640686e-01 -2.674107253551483154e-01 9.291024804115295410e-01 -3.104254305362701416e-01 -2.079283744096755981e-01 -8.000535368919372559e-01 1.055535078048706055e-01 8.117988109588623047e-01 8.732412010431289673e-03 -1.921372264623641968e-01 -1.131755337119102478e-01 5.996921658515930176e-01 4.461690783500671387e-01 -4.857918024063110352e-01 -3.461681902408599854e-01 -3.262429535388946533e-01 -2.273356914520263672e-01 2.660776078701019287e-01 -9.432756900787353516e-01 5.949627161026000977e-01 -8.759770542383193970e-02 -2.867124974727630615e-01
3.949415385723114014e-01 5.354971289634704590e-01 8.602821826934814453e-01 4.045151174068450928e-02 -6.346980929374694824e-01 -2.375724613666534424e-01 2.542721033096313477e-01 9.555768966674804688e-01 -9.041662812232971191e-01 6.933461129665374756e-02 4.595568180084228516e-01 -3.735839426517486572e-01 2.355688065290451050e-01 -6.947682499885559082e-01 5.481077432632446289e-01 1.183398127555847168e+00 1.473713368177413940e-01 -2.382148206233978271e-01 -2.003325521945953369e-01 1.111874699592590332e+00 5.600150302052497864e-02 1.097218155860900879e+00 1.121680498123168945e+00 -3.428449928760528564e-01 -7.356105744838714600e-02 -6.230312865227460861e-03 -1.350199431180953979e-01 -2.442308962345123291e-01 -9.442962706089019775e-02 1.472878605127334595e-01 8.898878842592239380e-02 3.555395901203155518e-01 1.123180538415908813e-01 -4.040230512619018555e-01 -6.371023058891296387e-01 2.035420984029769897e-01 -2.766906023025512695e-01 2.616361975669860840e-01 1.602736185304820538e-03 2.622229754924774170e-01 -8.092516660690307617e-01 -1.559376567602157593e-01 -3.276039958000183105e-01 3.501665592193603516e-01 7.922385334968566895e-01 1.629070788621902466e-01 6.534911394119262695e-01 3.354620337486267090e-01 2.230020463466644287e-01 2.281678169965744019e-01 3.313580751419067383e-01 -4.360074698925018311e-01 3.087481856346130371e-01 -5.384558439254760742e-01 -3.088703087996691465e-04 -1.802735626697540283e-01 1.125492677092552185e-01 -4.491328895092010498e-01 1.224092617630958557e-01 4.465012252330780029e-01 -3.684118986129760742e-01 -2.550728023052215576e-01 3.400978446006774902e-01 4.135937392711639404e-01
5.414289236068725586e-01 -1.802832931280136108e-01 7.297363877296447754e-02 1.818344742059707642e-01 2.087007649242877960e-02 -1.169713288545608521e-01 4.923524260520935059e-01 -5.085400119423866272e-02 -2.684683501720428467e-01 -4.670096933841705322e-01 1.251014471054077148e+00 -5.776322484016418457e-01 -1.501743495464324951e-01 -4.505349397659301758e-01 3.541339039802551270e-01 -1.058234348893165588e-01 -7.064275741577148438e-01 -4.772664010524749756e-01 1.297441124916076660e-01 5.100644752383232117e-02 1.794837415218353271e-02 2.833324372768402100e-01 -2.999211549758911133e-01 -6.985562443733215332e-01 -4.020610451698303223e-01 9.900026917457580566e-01 -1.519901901483535767e-01 1.719131022691726685e-01 3.294624388217926025e-01 5.333535745739936829e-02 6.591587066650390625e-01 6.276724338531494141e-01 -3.477712273597717285e-01 3.583666086196899414e-01 -1.097946286201477051e+00 7.881999015808105469e-01 -1.098889298737049103e-02 5.173822045326232910e-01 -6.193833351135253906e-01 -5.450543165206909180e-01 3.474371433258056641e-01 -2.215169221162796021e-01 -7.021532207727432251e-02 -1.024414598941802979e-01 3.040686249732971191e-01 -9.255889654159545898e-01 -2.210789322853088379e-01 7.462297100573778152e-03 2.067174613475799561e-01 5.580025911331176758e-02 -1.425799280405044556e-01 -1.587927341461181641e-01 2.751438617706298828e-01 9.683461487293243408e-02 2.214363589882850647e-02 -4.433948099613189697e-01 6.848089098930358887e-01 -5.306046605110168457e-01 -2.002654820680618286e-01 -3.509021103382110596e-01 -1.755862832069396973e-01 3.800337910652160645e-01 -7.304863929748535156e-01 3.272641301155090332e-01
2.956009507179260254e-01 -1.934937685728073120e-01 6.035580039024353027e-01 8.522421121597290039e-01 -7.195434300228953362e-04 -3.715530335903167725e-01 2.827790081501007080e-01 -2.950689010322093964e-02 -2.431421577930450439e-01 -6.323821544647216797e-01 4.185079038143157959e-01 -6.230772137641906738e-01 -4.543389379978179932e-01 -9.169316291809082031e-02 2.910878956317901611e-01 5.854944512248039246e-02 -5.742637440562248230e-02 -4.880098998546600342e-01 5.493162944912910461e-02 4.990429878234863281e-01 -4.148764014244079590e-01 -2.273106724023818970e-01 -3.688150942325592041e-01 -9.099646806716918945e-01 -6.097274273633956909e-02 2.566241919994354248e-01 -2.308911643922328949e-02 -2.216133475303649902e-01 5.544808506965637207e-01 -1.039875447750091553e-01 3.523127734661102295e-01 6.198740601539611816e-01 1.281743645668029785e-01 1.622663736343383789e-01 -6.628007292747497559e-01 1.989520490169525146e-01 1.204826589673757553e-02 8.316212296485900879e-01 1.280603855848312378e-01 -4.225574135780334473e-01 2.261803150177001953e-01 7.062862068414688110e-02 -1.613639146089553833e-01 2.845927886664867401e-02 4.402432441711425781e-01 -1.155605912208557129e+00 2.041417546570301056e-02 -1.079917550086975098e-01 -2.332322448492050171e-01 -1.640304625034332275e-01 2.943375408649444580e-01 -2.418835312128067017e-01 6.591733694076538086e-01 -1.643355488777160645e-01 3.858278095722198486e-01 -7.335614562034606934e-01 4.661150872707366943e-01 -3.567087948322296143e-01 -4.656464606523513794e-02 -5.064114928245544434e-01 -3.873676955699920654e-01 -1.891337037086486816e-01 -4.230751395225524902e-01 -2.002508342266082764e-01
4.337016344070434570e-01 -1.675477325916290283e-01 8.751960992813110352e-01 4.170496761798858643e-01 3.213845193386077881e-01 -3.960545957088470459e-01 5.681084990501403809e-01 1.727976351976394653e-01 -3.902139067649841309e-01 -2.345491647720336914e-01 7.620848417282104492e-01 -6.268370747566223145e-01 1.338784694671630859e-01 -4.849880933761596680e-01 7.825799584388732910e-01 9.059223532676696777e-02 -3.471891582012176514e-01 -4.123850762844085693e-01 -4.835395514965057373e-02 -6.770409643650054932e-02 -4.065416753292083740e-01 -8.548310026526451111e-03 -2.359902113676071167e-01 -6.776605248451232910e-01 -4.864553734660148621e-02 5.619009137153625488e-01 2.490455657243728638e-01 4.833913594484329224e-02 2.923807799816131592e-01 2.148085534572601318e-01 3.256746530532836914e-01 6.816449016332626343e-02 -3.442137837409973145e-01 3.928481936454772949e-01 -5.102116465568542480e-01 5.631765127182006836e-01 -4.405556246638298035e-02 4.494447708129882812e-01 -4.944890365004539490e-02 -7.736933827400207520e-01 -8.282458037137985229e-02 1.075521409511566162e-01 -5.977531149983406067e-02 1.006422191858291626e-01 5.579541325569152832e-01 -1.032356500625610352e+00 -6.074224114418029785e-01 -2.018373012542724609e-01 1.610034108161926270e-01 4.742497503757476807e-01 -2.216738313436508179e-01 -1.952025145292282104e-01 6.578059792518615723e-01 5.184194445610046387e-02 2.375173419713973999e-01 -9.535342454910278320e-01 5.626302361488342285e-01 -6.715797185897827148e-01 1.850349605083465576e-01 -9.114004671573638916e-02 -5.485203862190246582e-01 1.192924380302429199e-01 -6.158383488655090332e-01 3.396119177341461182e-02
2.043326199054718018e-01 -5.237703919410705566e-01 5.952158570289611816e-01 3.398290649056434631e-02 -7.714290171861648560e-02 -2.256159335374832153e-01 7.581862211227416992e-01 2.128189802169799805e-01 -2.506583929061889648e-01 3.388115167617797852e-01 4.264212548732757568e-01 -5.790416598320007324e-01 -9.796823561191558838e-02 -3.406350910663604736e-01 -2.193731814622879028e-01 4.938832670450210571e-02 3.671267628669738770e-01 -1.105677634477615356e-01 -7.552725672721862793e-01 8.641391992568969727e-01 7.861208170652389526e-03 7.575907707214355469e-01 -4.898983240127563477e-02 -4.773579537868499756e-01 -7.148051857948303223e-01 1.183001041412353516e+00 -7.273041009902954102e-01 1.991623640060424805e-01 3.626710772514343262e-01 -8.102748543024063110e-02 3.677811622619628906e-01 1.187377125024795532e-01 -1.707420051097869873e-01 -4.674390554428100586e-01 -6.570613980293273926e-01 2.444319576025009155e-01 -3.325748741626739502e-01 2.383556067943572998e-01 -5.548530220985412598e-01 4.402925968170166016e-01 -2.027697265148162842e-01 2.585189044475555420e-01 -1.959700137376785278e-03 -3.923405334353446960e-02 6.999969482421875000e-01 -5.806869268417358398e-01 1.633551418781280518e-01 4.616808593273162842e-01 3.708356022834777832e-01 1.212676286697387695e+00 8.812022954225540161e-02 6.826695203781127930e-01 8.128603100776672363e-01 3.403176739811897278e-02 3.636077418923377991e-02 7.537411898374557495e-02 5.822346210479736328e-01 -3.488043248653411865e-01 -3.578351736068725586e-01 7.629164457321166992e-01 -3.904793560504913330e-01 -4.374032616615295410e-01 -6.156697273254394531e-01 2.968739569187164307e-01
5.315924286842346191e-01 -4.786613881587982178e-01 3.232584893703460693e-01 5.555494427680969238e-01 -7.883056402206420898e-01 -4.245815873146057129e-01 -2.713644504547119141e-01 -6.093358993530273438e-01 -3.699472844600677490e-01 -4.783400595188140869e-01 3.414674401283264160e-01 -4.384994804859161377e-01 2.670602127909660339e-02 -4.225736260414123535e-01 3.738107681274414062e-01 2.072057276964187622e-01 2.573109865188598633e-01 1.596885621547698975e-01 1.140492916107177734e+00 7.291223406791687012e-01 -1.857318878173828125e-01 8.640823960304260254e-01 -5.503711104393005371e-02 -3.427291512489318848e-01 2.169679403305053711e-01 -5.794714689254760742e-01 -4.413824677467346191e-01 7.035429775714874268e-02 -2.954738140106201172e-01 -2.120900750160217285e-01 4.834321886301040649e-02 5.162445306777954102e-01 -3.158385455608367920e-01 -1.543933060020208359e-02 1.904629766941070557e-01 -1.101191416382789612e-01 6.663695573806762695e-01 1.004071593284606934e+00 -3.169475197792053223e-01 -3.553028106689453125e-01 1.660438179969787598e-01 2.094530612230300903e-01 4.409698024392127991e-02 2.469099871814250946e-02 5.306211113929748535e-01 -2.939304113388061523e-01 -6.076319813728332520e-01 -3.279265165328979492e-01 4.162178039550781250e-01 8.840647935867309570e-01 5.640090629458427429e-02 -5.927463173866271973e-01 3.846051096916198730e-01 -1.477782726287841797e-01 9.011780619621276855e-01 -3.572429120540618896e-01 -2.951261103153228760e-01 2.134934067726135254e-02 -4.154392778873443604e-01 -6.159548088908195496e-02 -7.817225456237792969e-01 2.104155570268630981e-01 1.115506812930107117e-01 1.579003036022186279e-01
5.687791109085083008e-01 -3.695695996284484863e-01 5.419809222221374512e-01 2.497946321964263916e-01 2.115189284086227417e-01 -5.909176468849182129e-01 5.051980614662170410e-01 2.776463031768798828e-01 -3.109245896339416504e-01 -4.514022767543792725e-01 4.116182923316955566e-01 -3.746234774589538574e-01 -6.018264219164848328e-03 -1.248665228486061096e-01 3.880799114704132080e-01 4.394865408539772034e-02 6.740195304155349731e-02 -6.667358875274658203e-01 9.235367923974990845e-02 1.240428835153579712e-01 -4.658185839653015137e-01 1.455736011266708374e-01 -3.619853556156158447e-01 -1.187438368797302246e+00 -4.062464535236358643e-01 6.418318748474121094e-01 1.036917939782142639e-01 -2.534621395170688629e-02 7.405849695205688477e-01 7.744543254375457764e-02 3.503412008285522461e-01 5.175513625144958496e-01 -7.066477835178375244e-02 2.317867130041122437e-01 -7.222637534141540527e-01 1.585718989372253418e-01 5.838859453797340393e-02 5.363150835037231445e-01 1.827063113451004028e-01 -3.900292217731475830e-01 1.820375621318817139e-01 -8.764491230249404907e-02 -5.266667604446411133e-01 1.421565711498260498e-01 7.296852469444274902e-01 -1.171134948730468750e+00 -4.149567186832427979e-01 -1.272401064634323120e-01 1.452002972364425659e-01 2.905284762382507324e-01 -1.570961810648441315e-02 -1.764267385005950928e-01 2.597343325614929199e-01 2.229790836572647095e-01 3.567076325416564941e-01 -7.891728281974792480e-01 3.631384670734405518e-01 -3.418750464916229248e-01 -9.505776315927505493e-02 -4.993273615837097168e-01 -3.356749415397644043e-01 2.404404059052467346e-02 -6.862308979034423828e-01 -1.264875680208206177e-01
4.962009787559509277e-01 3.127209842205047607e-01 9.404429197311401367e-01 -4.290391802787780762e-01 -2.349925935268402100e-01 -3.210577368736267090e-01 -4.120918214321136475e-01 4.048693478107452393e-01 -7.658739686012268066e-01 -5.541554689407348633e-01 6.292516589164733887e-01 1.572176069021224976e-02 6.025768518447875977e-01 -9.957171082496643066e-01 6.786153912544250488e-01 -1.186877489089965820e-01 4.312095642089843750e-01 -1.410540789365768433e-01 6.698962450027465820e-01 9.760497212409973145e-01 4.392156600952148438e-01 7.732424139976501465e-01 3.973333835601806641e-01 -5.861299037933349609e-01 6.925611943006515503e-02 3.998230993747711182e-01 4.977473244071006775e-02 -3.426847755908966064e-01 -3.067296370863914490e-02 -1.245497446507215500e-02 -3.563856780529022217e-01 2.679630815982818604e-01 1.519179642200469971e-01 -2.698583155870437622e-02 -5.229363441467285156e-01 2.487832605838775635e-01 -4.911012947559356689e-01 7.234798669815063477e-01 1.958000361919403076e-01 1.028163880109786987e-01 -2.598129510879516602e-01 2.227016836404800415e-01 5.921922922134399414e-01 7.289839386940002441e-01 -3.963714838027954102e-01 -1.433980613946914673e-01 1.806111931800842285e-01 -2.124334424734115601e-01 6.727554798126220703e-01 2.643280923366546631e-01 9.917987585067749023e-01 4.884444177150726318e-01 5.987665057182312012e-01 -4.595410078763961792e-02 -1.027494110167026520e-02 7.773362100124359131e-02 -4.421564936637878418e-02 -1.013442873954772949e+00 5.686460807919502258e-02 1.419049650430679321e-01 1.737644821405410767e-01 -2.920496165752410889e-01 -2.076180875301361084e-01 -3.266270756721496582e-01
1.458649784326553345e-01 -5.071503520011901855e-01 -3.684355318546295166e-01 -2.937037944793701172e-01 5.524378418922424316e-01 -2.272644191980361938e-01 2.685134112834930420e-01 1.016137152910232544e-01 -1.175820231437683105e+00 -7.880473732948303223e-01 3.970137536525726318e-01 -7.380930781364440918e-01 6.596981734037399292e-02 -5.335213541984558105e-01 3.578216731548309326e-01 4.343541860580444336e-01 2.964757084846496582e-01 -7.154190540313720703e-02 1.081104516983032227e+00 6.895682215690612793e-01 4.292208254337310791e-01 -6.607741117477416992e-02 -5.418908968567848206e-02 9.766472876071929932e-02 -8.056568354368209839e-02 5.492948889732360840e-01 -1.401739865541458130e-01 -3.105697333812713623e-01 -1.115078851580619812e-01 -8.072941005229949951e-02 1.913796663284301758e-01 2.405662685632705688e-01 -2.808633446693420410e-01 -5.243936777114868164e-01 7.891319692134857178e-02 -1.114822328090667725e-01 -3.321503698825836182e-01 7.690537720918655396e-02 3.142315521836280823e-02 3.570107519626617432e-01 -5.559124946594238281e-01 -1.090275943279266357e-01 -3.026857376098632812e-01 4.634517431259155273e-01 5.572707056999206543e-01 -6.345337033271789551e-01 1.194854304194450378e-01 -5.946797728538513184e-01 -6.427398324012756348e-01 1.156182214617729187e-01 4.170641675591468811e-02 4.550109505653381348e-01 1.063293933868408203e+00 -5.068708062171936035e-01 -6.308200955390930176e-01 5.633937567472457886e-02 -2.013378739356994629e-01 6.550620794296264648e-01 1.441390365362167358e-01 2.406451851129531860e-01 4.291028678417205811e-01 4.663129895925521851e-02 4.557010233402252197e-01 9.810461103916168213e-02
7.129296064376831055e-01 -6.732463836669921875e-01 -1.266499161720275879e-01 -8.344532251358032227e-01 -2.401307076215744019e-01 -1.911234557628631592e-01 5.101656913757324219e-01 1.000084802508354187e-01 -5.696874260902404785e-01 -1.954248696565628052e-01 6.664411425590515137e-01 -5.792817473411560059e-01 -8.646528720855712891e-01 -3.745642304420471191e-01 2.121550142765045166e-01 1.460048675537109375e+00 -1.395794153213500977e-01 1.745884120464324951e-01 -7.486442476511001587e-02 4.286116957664489746e-01 7.432880997657775879e-01 7.714419960975646973e-01 6.692646443843841553e-02 -1.500997841358184814e-01 6.732238922268152237e-03 -4.190523326396942139e-01 4.155089706182479858e-02 -2.845899760723114014e-02 1.181587338447570801e+00 7.951795458793640137e-01 -4.261018931865692139e-01 -2.459879070520401001e-01 5.903183817863464355e-01 -7.162321209907531738e-01 -1.456532925367355347e-01 5.890617370605468750e-01 7.303476929664611816e-01 -2.007978111505508423e-01 -6.815198063850402832e-02 7.559882849454879761e-02 1.941176205873489380e-01 1.029455289244651794e-01 -2.425446873530745506e-03 2.110916227102279663e-01 -5.626500248908996582e-01 -6.016372442245483398e-01 1.912156865000724792e-02 -7.294909954071044922e-01 7.872457504272460938e-01 -4.393037557601928711e-01 -1.338828802108764648e-01 3.819827735424041748e-01 1.407272219657897949e+00 -1.774974465370178223e-01 -3.913483023643493652e-01 -3.823318779468536377e-01 -5.878470465540885925e-02 3.050359189510345459e-01 -2.323714196681976318e-01 -5.995675921440124512e-01 -4.683925509452819824e-01 -7.134128361940383911e-02 -1.188885420560836792e-01 -8.837816119194030762e-02
5.882648229598999023e-01 -9.368496388196945190e-02 -6.428296864032745361e-02 -9.552555084228515625e-01 -1.291876196861267090e+00 -3.185608685016632080e-01 8.198001980781555176e-01 -6.412895862013101578e-03 -3.934294879436492920e-01 -3.463813289999961853e-02 5.337262749671936035e-01 -1.055704116821289062e+00 -8.812650442123413086e-01 -4.199881255626678467e-01 5.892110466957092285e-01 5.177274942398071289e-01 -4.789211973547935486e-02 -4.084461927413940430e-01 -6.685010157525539398e-03 8.603617548942565918e-01 7.600014805793762207e-01 6.940635442733764648e-01 3.629803359508514404e-01 3.247118890285491943e-01 5.793136358261108398e-01 -4.297145307064056396e-01 -2.970527485013008118e-02 -2.473810464143753052e-01 5.127146244049072266e-01 5.562858581542968750e-01 -2.050622701644897461e-01 5.675973892211914062e-01 1.684112250804901123e-01 -5.789157748222351074e-01 -7.873606085777282715e-01 -1.329222470521926880e-01 7.269387841224670410e-01 8.196524977684020996e-01 -2.429088354110717773e-01 4.649730920791625977e-01 -8.747386336326599121e-01 -2.568174898624420166e-01 -7.045449018478393555e-01 1.303117752075195312e+00 9.980205893516540527e-01 -6.299718022346496582e-01 -1.610843837261199951e-02 -6.402668356895446777e-01 3.071784600615501404e-02 3.578878045082092285e-01 1.452412456274032593e-01 4.546056687831878662e-01 7.179217338562011719e-01 3.336011245846748352e-02 -5.748675465583801270e-01 4.811342656612396240e-01 3.914347887039184570e-01 8.843790739774703979e-02 -2.343341410160064697e-01 -5.701088905334472656e-01 -1.536703407764434814e-01 3.775463998317718506e-01 1.415220052003860474e-01 1.357429325580596924e-01
6.114826798439025879e-01 -3.230274915695190430e-01 2.441629022359848022e-01 5.619078874588012695e-01 6.161045432090759277e-01 -5.134890675544738770e-01 2.190268784761428833e-01 -3.072665929794311523e-01 -1.268793582916259766e+00 -1.949254423379898071e-01 6.355556845664978027e-01 -1.411341190338134766e+00 4.569376707077026367e-01 -1.228610277175903320e+00 5.318064689636230469e-01 6.559373736381530762e-01 1.839028447866439819e-01 3.388502001762390137e-01 -4.382228478789329529e-03 6.305908560752868652e-01 3.646123707294464111e-01 -3.198340833187103271e-01 1.009920835494995117e-01 -2.525577147025614977e-04 3.434191644191741943e-01 -4.921755790710449219e-01 3.434218093752861023e-02 2.522785030305385590e-02 3.473017215728759766e-01 -2.437804192304611206e-01 5.483381152153015137e-01 1.499707996845245361e-01 -8.899132162332534790e-02 -3.282687366008758545e-01 -3.485054075717926025e-01 -1.686524301767349243e-01 -7.266631722450256348e-02 -1.369864344596862793e+00 -1.783772855997085571e-01 -2.269753664731979370e-01 -4.126277565956115723e-01 1.210861355066299438e-01 -2.669315934181213379e-01 1.682038456201553345e-01 5.110585689544677734e-01 -1.348673552274703979e-01 -3.059505820274353027e-01 -5.580430030822753906e-01 -3.314575552940368652e-02 -1.371250003576278687e-01 -5.316473841667175293e-01 3.405587971210479736e-01 8.253169655799865723e-01 3.392397463321685791e-01 -2.811013758182525635e-01 5.833299756050109863e-01 -1.522754132747650146e-01 -8.702849037945270538e-03 -8.722736835479736328e-01 2.433962970972061157e-01 -9.990687966346740723e-01 6.410920619964599609e-01 -7.513641030527651310e-04 -3.420453667640686035e-01
7.879015207290649414e-01 -6.282048672437667847e-02 -5.718877911567687988e-01 -3.780835866928100586e-01 -8.302735537290573120e-02 -1.028348088264465332e+00 4.433165192604064941e-01 -8.150473982095718384e-02 -1.131615638732910156e+00 -3.982433676719665527e-01 1.059288233518600464e-01 -3.555945158004760742e-01 -9.277318418025970459e-02 -4.745044708251953125e-01 -6.660684347152709961e-01 7.868787646293640137e-01 3.451227545738220215e-01 -7.314718961715698242e-01 6.611765623092651367e-01 2.212869971990585327e-01 9.997452497482299805e-01 -4.053706526756286621e-01 9.786903113126754761e-02 -1.312597513198852539e+00 1.310822218656539917e-01 -1.516260504722595215e-01 -8.699370920658111572e-02 5.934819579124450684e-01 3.955714777112007141e-02 4.145302250981330872e-02 -1.098082587122917175e-02 5.894984006881713867e-01 -3.637788891792297363e-01 -9.073036313056945801e-01 1.544103771448135376e-01 -7.256060838699340820e-02 -7.424882650375366211e-01 1.364126205444335938e-01 -6.394480913877487183e-02 3.194178640842437744e-01 -6.005606427788734436e-02 1.984491199254989624e-01 -2.266268879175186157e-01 4.119006395339965820e-01 5.083836913108825684e-01 -3.829309940338134766e-01 -1.469647437334060669e-01 -9.682412147521972656e-01 1.001804113388061523e+00 3.287044540047645569e-02 4.326384663581848145e-01 2.926711440086364746e-01 8.117950558662414551e-01 -3.495884537696838379e-01 2.000342495739459991e-02 2.621316611766815186e-01 5.878100991249084473e-01 -1.346368938684463501e-01 -4.321807920932769775e-01 5.231675505638122559e-01 1.641933768987655640e-01 3.736557066440582275e-01 3.942570090293884277e-01 1.272339671850204468e-01
7.220015674829483032e-02 -2.653308510780334473e-01 -4.749222993850708008e-01 -2.100499570369720459e-01 1.207531392574310303e-01 7.705334573984146118e-02 1.842063814401626587e-01 1.933035850524902344e-01 -6.352053284645080566e-01 2.115993946790695190e-01 3.322021067142486572e-01 -1.094488024711608887e+00 -6.354103088378906250e-01 -1.093615174293518066e+00 1.491770148277282715e-01 1.929538398981094360e-01 2.878262996673583984e-01 -2.347514778375625610e-01 -1.510941088199615479e-01 9.227197766304016113e-01 7.496932148933410645e-01 7.608949393033981323e-02 4.775005280971527100e-01 -1.211516931653022766e-01 -2.450257539749145508e-01 3.239347040653228760e-01 9.215881824493408203e-01 -1.400485932826995850e-01 8.626932501792907715e-01 -3.367206454277038574e-01 5.073267221450805664e-01 -1.872369945049285889e-01 -3.147959411144256592e-01 -5.022265911102294922e-01 5.296555534005165100e-02 -1.824518889188766479e-01 5.838687419891357422e-01 -1.060056328773498535e+00 -5.107874870300292969e-01 -1.293298155069351196e-01 -1.646718382835388184e-01 2.860973477363586426e-01 4.897511899471282959e-01 -4.189960658550262451e-01 3.262961208820343018e-01 -4.110537171363830566e-01 -1.000394076108932495e-01 -7.967298626899719238e-01 7.883945703506469727e-01 -2.986114323139190674e-01 -3.939065635204315186e-01 -6.869531869888305664e-01 1.468027234077453613e+00 2.667623162269592285e-01 -8.274894952774047852e-01 1.619077622890472412e-01 -1.490324586629867554e-01 1.192147284746170044e-01 -9.408091306686401367e-01 -3.546697497367858887e-01 -4.080471098423004150e-01 5.444515943527221680e-01 -6.158195436000823975e-02 -3.976211547851562500e-01
6.658671498298645020e-01 -3.534337282180786133e-01 6.026030182838439941e-01 6.183514595031738281e-01 4.353115707635879517e-02 -1.497245132923126221e-01 6.915759444236755371e-01 6.963437795639038086e-01 -7.363716363906860352e-01 -6.173280477523803711e-01 4.453861713409423828e-01 -2.103627622127532959e-01 -4.997469782829284668e-01 -3.299749195575714111e-01 -9.657131135463714600e-02 2.426963746547698975e-01 3.854791522026062012e-01 -1.008467912673950195e+00 8.963782787322998047e-01 4.947464168071746826e-01 7.586442232131958008e-01 1.149930119514465332e+00 5.869670510292053223e-01 -5.937834978103637695e-01 3.575924336910247803e-01 3.662960827350616455e-01 -5.032761096954345703e-01 -1.130871772766113281e-01 -6.668857932090759277e-01 6.763392686843872070e-01 7.840626239776611328e-01 7.135609630495309830e-03 -1.952230483293533325e-01 2.952280221506953239e-03 -2.663927078247070312e-01 2.145327627658843994e-01 3.071677088737487793e-01 4.479417800903320312e-01 -4.623611271381378174e-02 3.998857438564300537e-01 -2.598007023334503174e-01 -1.192720085382461548e-01 -5.011703446507453918e-02 8.086334466934204102e-01 -1.474517136812210083e-01 -8.269128799438476562e-01 4.560073614120483398e-01 1.908999830484390259e-01 5.233619213104248047e-01 1.567267626523971558e-01 9.234209358692169189e-02 2.365335822105407715e-02 -3.679203335195779800e-03 4.949338734149932861e-01 5.565112233161926270e-01 -7.144815325736999512e-01 4.860429838299751282e-02 -7.404690384864807129e-01 -3.789130747318267822e-01 6.357528567314147949e-01 -3.856756091117858887e-01 -2.327614277601242065e-01 -1.504669785499572754e-01 -2.041038125753402710e-01
9.601891040802001953e-01 -3.448889255523681641e-01 1.915205270051956177e-01 -2.991416752338409424e-01 -1.980724781751632690e-01 -1.891537904739379883e-01 -2.016318440437316895e-01 1.499491557478904724e-02 -5.828297734260559082e-01 -7.219430208206176758e-01 8.449146151542663574e-01 7.745179813355207443e-03 -3.075186908245086670e-02 7.304532825946807861e-02 -1.950425282120704651e-02 4.276199042797088623e-01 -2.264744490385055542e-01 3.309020698070526123e-01 5.102440118789672852e-01 3.249938488006591797e-01 -4.367629587650299072e-01 -2.564819157123565674e-01 2.583067417144775391e-01 5.153803825378417969e-01 -4.773308932781219482e-01 9.006661176681518555e-01 -6.452406644821166992e-01 2.177944928407669067e-01 -5.004122853279113770e-02 1.440941840410232544e-01 9.964963197708129883e-01 3.020877540111541748e-01 -7.746202349662780762e-01 -4.409579634666442871e-01 7.091221213340759277e-02 -1.821603029966354370e-01 1.361300200223922729e-01 7.869568467140197754e-01 -3.152025043964385986e-01 -3.192532956600189209e-01 -1.605070233345031738e-01 7.611474394798278809e-02 1.127543821930885315e-01 3.994856476783752441e-01 4.572040438652038574e-01 -7.987803220748901367e-01 -2.580912113189697266e-01 2.643399834632873535e-01 2.327073961496353149e-01 4.208325743675231934e-01 2.482890337705612183e-01 -7.918282598257064819e-02 7.940338253974914551e-01 -2.587424218654632568e-01 3.290964663028717041e-01 7.963140308856964111e-02 7.280537486076354980e-01 -3.123847246170043945e-01 1.824795901775360107e-01 3.186414539813995361e-01 -6.175512671470642090e-01 -1.625698357820510864e-01 -2.375671267509460449e-01 -2.531318664550781250e-01
1.180824160575866699e+00 -4.666305184364318848e-01 9.926270842552185059e-01 5.439580082893371582e-01 -6.053290963172912598e-01 -4.603830873966217041e-01 1.593415588140487671e-01 -5.325310826301574707e-01 1.338433846831321716e-02 -1.284420371055603027e+00 5.366466045379638672e-01 -1.168602705001831055e+00 2.428671270608901978e-01 -1.052135348320007324e+00 3.883526921272277832e-01 9.961647391319274902e-01 7.343796640634536743e-02 -1.886073946952819824e-01 5.603678151965141296e-02 4.847047030925750732e-01 4.929369390010833740e-01 8.148243427276611328e-01 5.411077737808227539e-01 1.710828840732574463e-01 3.276228904724121094e-01 9.804724454879760742e-01 6.358520388603210449e-01 6.335021853446960449e-01 9.166225790977478027e-01 -4.706002473831176758e-01 -2.861610651016235352e-01 2.869181334972381592e-01 3.729113042354583740e-01 -8.822593688964843750e-01 -1.465657114982604980e+00 4.960761964321136475e-01 5.111536383628845215e-01 -1.815373748540878296e-01 7.104159593582153320e-01 -2.232884764671325684e-01 -1.917553395032882690e-01 1.419959813356399536e-01 -8.841788023710250854e-02 -6.737985461950302124e-02 8.196985721588134766e-01 -5.661013349890708923e-02 5.703298449516296387e-01 -1.300589442253112793e+00 7.076581120491027832e-01 -3.647608160972595215e-01 3.925816416740417480e-01 3.483937382698059082e-01 2.206412851810455322e-01 -1.220737919211387634e-01 -7.222861051559448242e-01 -1.086478829383850098e-01 7.587747573852539062e-01 -4.364687502384185791e-01 -9.973041415214538574e-01 9.292069077491760254e-02 -8.001506328582763672e-02 2.023544758558273315e-01 -6.207696720957756042e-02 4.416976571083068848e-01
1.226518988609313965e+00 3.004365563392639160e-01 1.087461471557617188e+00 -8.437665104866027832e-01 1.489277631044387817e-01 -3.722574412822723389e-01 -2.295160591602325439e-01 5.623827576637268066e-01 -3.471424877643585205e-01 -1.536730676889419556e-01 6.548585295677185059e-01 -9.576368927955627441e-01 9.249130487442016602e-01 -1.207590848207473755e-01 7.540284395217895508e-01 2.646767497062683105e-01 1.457225084304809570e-01 -3.970072790980339050e-02 -4.127817600965499878e-02 5.406555533409118652e-01 1.105032205581665039e+00 4.342150986194610596e-01 2.177646458148956299e-01 -9.369110316038131714e-02 5.213829874992370605e-01 1.188120245933532715e-02 1.571977883577346802e-01 -1.058293581008911133e+00 4.732115864753723145e-01 3.032132685184478760e-01 -3.487791121006011963e-01 5.440588593482971191e-01 1.999495923519134521e-01 -4.226519465446472168e-01 -7.702909111976623535e-01 -5.498635768890380859e-01 -2.044557183980941772e-01 6.022727489471435547e-01 -7.259981632232666016e-01 7.505615055561065674e-02 2.033311724662780762e-01 -1.027249470353126526e-01 2.706871926784515381e-01 4.015330672264099121e-01 4.095103144645690918e-01 -6.247705593705177307e-02 -1.989356614649295807e-02 -3.191611543297767639e-02 8.055488467216491699e-01 1.019333899021148682e-01 1.187679693102836609e-01 5.773712992668151855e-01 1.950185149908065796e-01 -2.346808314323425293e-01 -4.496030509471893311e-01 1.433952003717422485e-01 -3.548953309655189514e-02 -5.452759861946105957e-01 -5.222324728965759277e-01 2.779391407966613770e-01 -2.691310644149780273e-01 -2.790793478488922119e-01 1.637480854988098145e-01 -1.947704330086708069e-02
6.226078793406486511e-02 -3.854892253875732422e-01 6.104890108108520508e-01 3.944314122200012207e-01 -8.597029745578765869e-02 -4.105615317821502686e-01 3.226355314254760742e-01 2.130993753671646118e-01 -6.459092497825622559e-01 1.901980340480804443e-01 1.009889006614685059e+00 -2.078725695610046387e-01 8.864193558692932129e-01 -2.227794229984283447e-01 -2.451489120721817017e-01 -3.843915835022926331e-02 -1.427086144685745239e-01 -5.244222283363342285e-02 1.535626053810119629e-01 3.539088666439056396e-01 1.094502434134483337e-01 9.935960769653320312e-01 3.399609774351119995e-02 -1.053938508033752441e+00 -1.103647518903017044e-03 8.117349147796630859e-01 1.192950382828712463e-01 -2.321602590382099152e-02 1.749250143766403198e-01 2.266331911087036133e-01 2.579996287822723389e-01 1.527006775140762329e-01 1.196198016405105591e-01 -1.133487224578857422e-01 -2.183845639228820801e-01 5.628030896186828613e-01 -4.706932902336120605e-01 4.853090345859527588e-01 1.967878788709640503e-01 -2.772750556468963623e-01 2.501560449600219727e-01 1.397471278905868530e-01 -2.851802110671997070e-01 3.402976691722869873e-01 5.503008365631103516e-01 -5.011313557624816895e-01 2.063926011323928833e-01 3.372322767972946167e-02 1.972693949937820435e-02 8.279669880867004395e-01 1.298742145299911499e-01 -1.880151629447937012e-01 9.500396251678466797e-01 4.335180521011352539e-01 2.808872461318969727e-01 -9.849183261394500732e-02 3.704846799373626709e-01 -6.533375978469848633e-01 2.883294224739074707e-02 -4.812320172786712646e-01 -6.953393667936325073e-02 8.019068837165832520e-02 -2.979114949703216553e-01 -2.603167593479156494e-01
-2.437127679586410522e-01 -8.684993982315063477e-01 2.192840278148651123e-01 1.051094755530357361e-01 3.274621814489364624e-02 4.522950947284698486e-02 6.190592050552368164e-02 -4.020880162715911865e-02 -2.114812880754470825e-01 2.557603642344474792e-02 3.575954139232635498e-01 -3.156521916389465332e-01 -4.596593677997589111e-01 3.342443332076072693e-02 -1.243480741977691650e-01 2.705657184123992920e-01 -3.446493744850158691e-01 -1.509063243865966797e-01 3.647477030754089355e-01 3.880899250507354736e-01 6.667996644973754883e-01 5.445402860641479492e-02 6.726057827472686768e-02 -2.067864872515201569e-02 -8.201542496681213379e-02 6.537444591522216797e-01 5.438849925994873047e-01 -5.390263721346855164e-02 7.911871075630187988e-01 2.230662554502487183e-01 3.611905574798583984e-01 -1.139344274997711182e-01 -4.564554393291473389e-01 -4.056278243660926819e-02 1.394605487585067749e-01 -4.629093110561370850e-01 -3.281566202640533447e-01 1.155225411057472229e-01 -1.463466286659240723e-01 -5.415493249893188477e-01 2.214284837245941162e-01 -8.587726205587387085e-02 -7.651412487030029297e-01 3.372304141521453857e-01 7.614692449569702148e-01 -3.571949899196624756e-01 -3.120742440223693848e-01 -1.109270095825195312e+00 9.815050959587097168e-01 3.517164885997772217e-01 -4.534657299518585205e-01 -4.978936910629272461e-01 -1.010055541992187500e-01 7.410619854927062988e-01 2.444213777780532837e-01 -3.969672024250030518e-01 1.725846976041793823e-01 -4.833800196647644043e-01 -5.078264474868774414e-01 -4.906785190105438232e-01 -8.963953852653503418e-01 -4.998866096138954163e-02 1.361217200756072998e-01 -6.198601126670837402e-01
1.163168549537658691e+00 -1.641486883163452148e+00 1.507823765277862549e-01 -5.150955319404602051e-01 -7.909792661666870117e-01 -4.606426656246185303e-01 6.896974891424179077e-02 -7.107827663421630859e-01 -3.583492338657379150e-01 -1.591411530971527100e-01 1.287529945373535156e+00 -7.232888936996459961e-01 -1.728009581565856934e-01 -3.997480869293212891e-01 1.170943737030029297e+00 1.033638596534729004e+00 6.650563478469848633e-01 -1.022974729537963867e+00 -1.160173788666725159e-01 -1.647842228412628174e-01 2.914936840534210205e-01 9.480213522911071777e-01 3.095559030771255493e-02 -7.774130105972290039e-01 8.676671385765075684e-01 2.026202976703643799e-01 -8.700419217348098755e-02 1.911483518779277802e-02 6.712627410888671875e-01 -2.984192073345184326e-01 -1.728773862123489380e-01 8.469197154045104980e-01 -1.093376398086547852e+00 -1.329653024673461914e+00 -1.666668295860290527e+00 3.937895596027374268e-01 1.224026456475257874e-01 4.862395226955413818e-01 -3.476592004299163818e-01 -3.819456398487091064e-01 9.020457267761230469e-01 6.025951504707336426e-01 -6.263303160667419434e-01 1.192779019474983215e-01 4.477717280387878418e-01 5.257017612457275391e-01 -3.136133849620819092e-01 -7.546098828315734863e-01 -3.812097311019897461e-01 6.464391350746154785e-01 -3.397071063518524170e-01 -6.404907256364822388e-02 1.255803227424621582e+00 -7.022116184234619141e-01 -2.541774213314056396e-01 1.229569554328918457e+00 -3.558726906776428223e-01 -4.036254882812500000e-01 -5.034284591674804688e-01 9.813476204872131348e-01 -8.540803194046020508e-01 -6.675258278846740723e-01 -2.336980700492858887e-01 -3.801159560680389404e-01
-8.988361060619354248e-02 -8.999476432800292969e-01 5.346561074256896973e-01 3.541332483291625977e-01 -7.086414098739624023e-01 1.527766287326812744e-01 -2.633764147758483887e-01 -3.268670290708541870e-02 -7.621621489524841309e-01 -6.392605304718017578e-01 1.414240896701812744e-01 -3.252719640731811523e-01 -3.022328577935695648e-02 1.358155012130737305e-01 -1.249374449253082275e-01 3.873540461063385010e-01 -1.707556098699569702e-01 7.044617086648941040e-02 -8.240061998367309570e-02 -1.125951558351516724e-01 5.280248522758483887e-01 2.948121726512908936e-01 -1.474973163567483425e-03 -2.452311813831329346e-01 2.509169876575469971e-01 6.452754139900207520e-01 8.515156805515289307e-02 -2.633829601109027863e-02 4.813210964202880859e-01 4.761680960655212402e-01 3.326015472412109375e-01 -2.535223662853240967e-01 -3.518387377262115479e-01 -8.028679341077804565e-02 7.716888934373855591e-02 2.713884711265563965e-01 1.116871908307075500e-01 7.247294783592224121e-01 -1.589109599590301514e-01 -3.722449243068695068e-01 -1.348771303892135620e-01 -1.602774262428283691e-01 -3.055125176906585693e-01 2.095917314291000366e-01 4.410092234611511230e-01 -7.485660165548324585e-02 1.210845410823822021e-01 -6.643221974372863770e-01 5.535493493080139160e-01 7.041869759559631348e-01 4.842231050133705139e-02 -4.723095297813415527e-01 1.906612068414688110e-01 7.742673754692077637e-01 7.568045854568481445e-01 -6.279762983322143555e-01 -3.117401301860809326e-01 -6.953481584787368774e-02 -7.795781493186950684e-01 1.823794841766357422e-01 -6.173264384269714355e-01 1.503497511148452759e-01 -2.222621291875839233e-01 -4.397004842758178711e-01
3.136313557624816895e-01 2.625010907649993896e-01 6.580284833908081055e-01 -6.225552558898925781e-01 3.647266626358032227e-01 3.276276588439941406e-01 -3.174917101860046387e-01 4.415842294692993164e-01 -6.577745676040649414e-01 1.059685721993446350e-01 3.519421815872192383e-01 -5.283302664756774902e-01 4.482344090938568115e-01 -2.372020930051803589e-01 1.147343158721923828e+00 4.535458683967590332e-01 3.701687455177307129e-01 -4.160074591636657715e-01 8.751793503761291504e-01 5.568972826004028320e-01 -2.553955316543579102e-01 5.604143738746643066e-01 4.966030716896057129e-01 -7.072434425354003906e-01 -4.059249758720397949e-01 6.118273735046386719e-01 1.041816696524620056e-01 -1.770969629287719727e-01 8.775454014539718628e-02 -1.046856306493282318e-02 2.323917150497436523e-01 3.000174164772033691e-01 1.136749461293220520e-01 -2.577985525131225586e-01 -6.586904525756835938e-01 -1.124333888292312622e-01 -2.284549623727798462e-01 3.005018532276153564e-01 -6.617231369018554688e-01 4.514350369572639465e-02 -1.056976199150085449e+00 -3.187296912074089050e-02 5.384871363639831543e-02 5.184126496315002441e-01 1.745979487895965576e-01 -3.901225328445434570e-01 -1.721614599227905273e-01 -7.937769293785095215e-01 5.781223624944686890e-02 4.496742784976959229e-01 -1.612394349649548531e-03 1.553373336791992188e-01 3.544077277183532715e-01 -8.852562308311462402e-01 2.905874252319335938e-01 1.150321736931800842e-01 1.081766411662101746e-01 -8.231368064880371094e-01 -3.289967477321624756e-01 5.001555085182189941e-01 -1.523572206497192383e-02 9.720900654792785645e-02 3.169167637825012207e-01 6.806657910346984863e-01
2.244191318750381470e-01 1.413656622171401978e-01 9.749577045440673828e-01 5.829899907112121582e-01 -1.386857032775878906e-01 -6.977072954177856445e-01 2.230422645807266235e-01 -1.572504788637161255e-01 -8.746508508920669556e-02 -7.966536283493041992e-01 4.477951824665069580e-01 -3.289024531841278076e-02 -5.700079202651977539e-01 -3.398191630840301514e-01 2.471294850111007690e-01 3.791175186634063721e-01 2.201658636331558228e-01 -3.401164114475250244e-01 6.111906170845031738e-01 9.641186594963073730e-01 -3.275866806507110596e-01 2.447057217359542847e-01 5.871195197105407715e-01 -4.349150657653808594e-01 1.039000988006591797e+00 -2.186494469642639160e-01 1.307490915060043335e-01 1.934166401624679565e-01 4.213500916957855225e-01 -1.792099028825759888e-01 4.505975842475891113e-01 6.595695614814758301e-01 -3.987990021705627441e-01 -2.822450101375579834e-01 -2.972157299518585205e-02 -1.150745749473571777e-01 1.866215467453002930e-01 4.301525354385375977e-01 -9.406770765781402588e-02 -4.464848935604095459e-01 4.457181692123413086e-01 4.159942567348480225e-01 -4.976074397563934326e-01 -3.585429787635803223e-01 1.017909765243530273e+00 -4.251697361469268799e-01 5.801950097084045410e-01 4.338968917727470398e-02 -3.362363949418067932e-02 4.838513731956481934e-01 -1.827987432479858398e-01 -7.087913155555725098e-01 2.403050959110260010e-01 4.696116596460342407e-02 7.813668847084045410e-01 4.456651210784912109e-02 -2.223977595567703247e-01 -2.076430711895227432e-03 -6.512383222579956055e-01 -3.122795186936855316e-02 -1.422169655561447144e-01 -4.803225398063659668e-02 1.651905626058578491e-01 -4.133756272494792938e-03
3.578127622604370117e-01 1.778499931097030640e-01 7.256461977958679199e-01 -2.267269650474190712e-03 -6.148499846458435059e-01 -2.692054025828838348e-03 5.004295110702514648e-01 3.267848491668701172e-01 -4.664728641510009766e-01 1.552404314279556274e-01 6.995943784713745117e-01 -7.499473690986633301e-01 -2.893036901950836182e-01 -2.226512581110000610e-01 1.387089133262634277e+00 5.432968139648437500e-01 1.350663155317306519e-01 -6.816734075546264648e-01 4.863475561141967773e-01 7.543150782585144043e-01 3.411088287830352783e-01 2.138486504554748535e-01 7.955352663993835449e-01 -4.674967229366302490e-01 4.926152154803276062e-02 6.038039922714233398e-01 1.228568106889724731e-01 -4.715085029602050781e-01 -1.644930541515350342e-01 3.312088549137115479e-01 3.375134766101837158e-01 4.850073158740997314e-01 -6.812702119350433350e-02 -9.771887660026550293e-01 -7.429384589195251465e-01 7.414186745882034302e-02 8.449178189039230347e-02 9.220272302627563477e-02 -4.702891409397125244e-01 1.651499122381210327e-01 -6.812657117843627930e-01 6.208961606025695801e-01 -1.997704654932022095e-01 6.785805225372314453e-01 2.497818470001220703e-01 1.137823536992073059e-01 3.549203872680664062e-01 3.039395213127136230e-01 1.388088762760162354e-01 4.214305281639099121e-01 -1.091917827725410461e-01 -6.981583237648010254e-01 -1.200123429298400879e-01 -1.012301445007324219e+00 -2.552163414657115936e-02 6.914668530225753784e-02 -2.030745744705200195e-01 -7.712158560752868652e-01 -2.002545744180679321e-01 2.645935490727424622e-02 -2.731939256191253662e-01 -1.054803375154733658e-02 5.550640225410461426e-01 5.711364150047302246e-01
-1.801142096519470215e-02 6.653851866722106934e-01 1.468820571899414062e-01 -3.528219759464263916e-01 3.503322303295135498e-01 1.949696391820907593e-01 -6.454871892929077148e-01 4.019691944122314453e-01 -1.073915362358093262e+00 5.710378289222717285e-02 1.714819669723510742e-01 -7.673034667968750000e-01 4.161719977855682373e-01 -9.823168069124221802e-02 6.464014649391174316e-01 6.699344515800476074e-01 2.365238964557647705e-01 -2.925375699996948242e-01 8.800612092018127441e-01 3.863228261470794678e-01 7.204937189817428589e-02 7.880719304084777832e-01 3.207799494266510010e-01 -5.924577116966247559e-01 -2.791371643543243408e-01 3.785271942615509033e-01 -3.590388894081115723e-01 -6.416686773300170898e-01 -8.169445395469665527e-02 7.867146283388137817e-02 6.912931799888610840e-02 3.264445066452026367e-01 -7.516235113143920898e-02 -4.519611001014709473e-01 -1.036553621292114258e+00 -3.982819318771362305e-01 -3.766541481018066406e-01 -4.450500011444091797e-02 -5.706339478492736816e-01 -1.541237533092498779e-01 -6.873752474784851074e-01 8.488418906927108765e-02 -1.219065561890602112e-01 6.723887920379638672e-01 1.472720801830291748e-01 -2.953327000141143799e-01 -3.033824563026428223e-01 -6.402431726455688477e-01 -2.019621878862380981e-01 5.195841789245605469e-01 6.032777428627014160e-01 1.986562162637710571e-01 2.637407779693603516e-01 -6.499236822128295898e-01 3.623675107955932617e-01 1.069295927882194519e-01 3.310219943523406982e-01 -1.113230943679809570e+00 -5.692973136901855469e-01 2.085867226123809814e-01 -4.936856031417846680e-01 7.401479780673980713e-02 5.112512707710266113e-01 4.755372405052185059e-01
-2.406864166259765625e-01 -2.291734069585800171e-01 1.329998522996902466e-01 -2.960446476936340332e-01 -2.659069299697875977e-01 -9.097655117511749268e-02 4.438438713550567627e-01 3.504147827625274658e-01 -2.362232059240341187e-01 1.408452689647674561e-01 1.653967946767807007e-01 -4.540895223617553711e-01 -2.759581506252288818e-01 -7.134046554565429688e-01 1.751038581132888794e-01 5.921221971511840820e-01 1.727123260498046875e-01 -3.649810552597045898e-01 2.405346333980560303e-01 3.588249385356903076e-01 1.672633588314056396e-01 -4.896440207958221436e-01 5.388027429580688477e-01 -2.026720941066741943e-01 -1.953723281621932983e-01 -3.840055167675018311e-01 9.545356035232543945e-02 -1.629343815147876740e-02 -8.254715800285339355e-02 1.252629458904266357e-01 1.433720439672470093e-01 3.155304789543151855e-01 -1.479328237473964691e-02 -7.610611319541931152e-01 -4.118765592575073242e-01 -1.199549511075019836e-01 4.137851670384407043e-02 -2.159622460603713989e-01 3.573195338249206543e-01 1.482475101947784424e-01 -1.654725819826126099e-01 -2.314935475587844849e-01 2.801311314105987549e-01 2.719843089580535889e-01 3.341467976570129395e-01 -4.015923738479614258e-01 -3.765160143375396729e-01 -1.215791225433349609e+00 9.225082397460937500e-01 -2.881117397919297218e-03 2.732861936092376709e-01 -1.146833658218383789e+00 1.049395799636840820e+00 4.036755561828613281e-01 -5.555030703544616699e-01 -3.093695938587188721e-01 8.447641134262084961e-02 2.579213380813598633e-01 -5.085221529006958008e-01 6.903694868087768555e-01 3.879019021987915039e-01 9.073002636432647705e-02 -7.498972415924072266e-01 -8.239205479621887207e-01
3.613808453083038330e-01 -6.036111116409301758e-01 -2.987555563449859619e-01 -5.723146200180053711e-01 8.854777365922927856e-02 6.377087831497192383e-01 3.236806094646453857e-01 -3.798359930515289307e-01 -8.159943819046020508e-01 3.571246564388275146e-01 6.922748684883117676e-01 -8.488061428070068359e-01 -2.190562337636947632e-01 -9.724319577217102051e-01 6.078184843063354492e-01 1.769747287034988403e-01 2.419049441814422607e-01 -2.032183855772018433e-01 -7.199385762214660645e-02 1.853321045637130737e-01 1.042301416397094727e+00 1.892207562923431396e-02 1.518653184175491333e-01 -8.896295726299285889e-02 -1.924799084663391113e-01 -2.899110019207000732e-01 2.679925858974456787e-01 -1.801353543996810913e-01 8.493394851684570312e-01 6.770149469375610352e-01 3.454709053039550781e-01 1.455766893923282623e-02 -5.672473832964897156e-02 -3.837403059005737305e-01 -1.287224292755126953e-01 9.924571216106414795e-02 -7.082051783800125122e-02 -9.040189385414123535e-01 -6.928246021270751953e-01 5.819883197546005249e-02 5.072678253054618835e-02 4.124569594860076904e-01 -6.160309910774230957e-01 -1.451875418424606323e-01 1.549407392740249634e-01 -1.911598145961761475e-01 7.887107133865356445e-02 -9.353114962577819824e-01 8.198435306549072266e-01 5.675885677337646484e-01 1.086825579404830933e-01 -5.696016550064086914e-01 8.770890235900878906e-01 2.641215324401855469e-01 -6.139869615435600281e-02 -4.705131649971008301e-01 1.372081227600574493e-02 1.750370413064956665e-01 -7.403517961502075195e-01 3.701196610927581787e-01 -5.204717516899108887e-01 3.227618634700775146e-01 -3.389898836612701416e-01 -1.255797386169433594e+00
-5.024036765098571777e-01 1.659064739942550659e-01 1.694725155830383301e-01 -4.898115098476409912e-01 5.541634559631347656e-01 -5.391755104064941406e-01 -4.394422098994255066e-02 -2.270023226737976074e-01 -7.268701791763305664e-01 5.064867809414863586e-02 3.999984860420227051e-01 -7.987739443778991699e-01 -3.479591608047485352e-01 -3.350848257541656494e-01 -1.208286210894584656e-01 4.228730499744415283e-01 -1.757393032312393188e-01 1.015972197055816650e-01 4.320097267627716064e-01 9.013478159904479980e-01 -3.265479803085327148e-01 -1.400956213474273682e-01 4.947273433208465576e-01 1.815860271453857422e-01 6.719143986701965332e-01 -5.044144988059997559e-01 1.240928098559379578e-01 -8.052243292331695557e-02 -3.448078334331512451e-01 -1.181628368794918060e-02 1.699910312891006470e-01 -1.734724491834640503e-01 -5.448511242866516113e-01 -6.213433146476745605e-01 -6.899704337120056152e-01 1.141350939869880676e-01 2.181598395109176636e-01 5.277677178382873535e-01 1.934652589261531830e-02 -6.170806288719177246e-01 6.672517061233520508e-01 4.701436758041381836e-01 -3.646297380328178406e-02 1.100151181221008301e+00 6.876993179321289062e-02 -3.693289756774902344e-01 2.450119107961654663e-01 -4.726528823375701904e-01 2.123575508594512939e-01 -4.584601223468780518e-01 3.416564464569091797e-01 -1.497731059789657593e-01 1.288552761077880859e+00 2.149262875318527222e-01 -7.010771632194519043e-01 5.603887140750885010e-03 6.104495525360107422e-01 -3.424979150295257568e-01 -1.155806899070739746e+00 2.200820744037628174e-01 -3.893956243991851807e-01 7.687164843082427979e-02 -3.536223769187927246e-01 3.051955699920654297e-01
-3.096908330917358398e-01 4.451687037944793701e-01 4.507009685039520264e-01 -1.020374745130538940e-01 5.896212458610534668e-01 -3.468403518199920654e-01 5.190207809209823608e-02 7.107501029968261719e-01 -2.785655558109283447e-01 1.937057226896286011e-01 7.299329638481140137e-01 -1.298535108566284180e+00 -7.728025913238525391e-01 -8.263247013092041016e-01 2.609005272388458252e-01 -1.742252111434936523e-01 -5.483919382095336914e-01 5.614604353904724121e-01 5.155705213546752930e-01 5.502111911773681641e-01 5.406311154365539551e-01 3.498099446296691895e-01 4.383744895458221436e-01 -9.022580832242965698e-02 9.193533658981323242e-02 -5.430769640952348709e-03 -2.130480110645294189e-01 -4.776366949081420898e-01 -4.923516213893890381e-01 -4.629576578736305237e-02 1.477101743221282959e-01 -2.064807526767253876e-02 1.708858162164688110e-01 -3.399610519409179688e-01 -7.537267804145812988e-01 -9.229993820190429688e-01 -2.179922461509704590e-01 6.598296016454696655e-02 -2.826248854398727417e-02 -3.274859488010406494e-01 4.501447081565856934e-01 -1.604196280241012573e-01 -5.176794528961181641e-01 5.970969200134277344e-01 2.835718393325805664e-01 5.744421854615211487e-02 2.984856665134429932e-01 -9.743295907974243164e-01 -3.338521420955657959e-01 -1.205952689051628113e-01 1.987222135066986084e-01 5.164197683334350586e-01 8.271037936210632324e-01 -1.861746013164520264e-01 1.734436601400375366e-01 -2.603366374969482422e-01 2.068752050399780273e-01 1.306458655744791031e-02 -6.407263875007629395e-01 4.365806579589843750e-01 -1.212965369224548340e+00 -2.095326334238052368e-01 7.076261639595031738e-01 -1.837703585624694824e-01
-3.266784548759460449e-02 4.035745561122894287e-01 -8.348152041435241699e-02 -2.160957753658294678e-01 -7.337047904729843140e-02 -3.124180436134338379e-01 -6.900572031736373901e-02 -2.311760783195495605e-01 -8.536567538976669312e-02 -2.762801349163055420e-01 8.499109745025634766e-01 -8.149245381355285645e-01 -3.502246141433715820e-01 -2.205371409654617310e-01 -1.385689824819564819e-01 2.174250222742557526e-02 -1.530292332172393799e-01 -1.011355668306350708e-01 -6.362319737672805786e-02 9.391746520996093750e-01 5.119926333427429199e-01 6.854045391082763672e-02 1.603038609027862549e-01 -5.660707950592041016e-01 -1.912821978330612183e-01 3.242223858833312988e-01 -6.564046740531921387e-01 7.582328319549560547e-01 2.180809527635574341e-01 -8.011588454246520996e-01 2.974633574485778809e-01 1.179642006754875183e-01 -4.504936039447784424e-01 4.039579331874847412e-01 2.416678071022033691e-01 -3.785506486892700195e-01 3.568904101848602295e-02 -1.879479885101318359e-01 3.411028981208801270e-01 1.335406601428985596e-01 -5.386316776275634766e-01 4.479101300239562988e-01 -5.198913812637329102e-01 7.071322798728942871e-01 9.577947854995727539e-01 1.837471425533294678e-01 5.816180706024169922e-01 -1.420515179634094238e+00 2.695226967334747314e-01 1.572660803794860840e-01 -9.136660099029541016e-01 -6.257016956806182861e-02 5.890189409255981445e-01 -1.299689114093780518e-01 -2.842791676521301270e-01 -6.720827817916870117e-01 -2.245908975601196289e-01 3.664728403091430664e-01 -6.682481765747070312e-01 2.523906826972961426e-01 -1.407301127910614014e-01 -2.799628488719463348e-02 -4.060661494731903076e-01 -5.839031338691711426e-01
7.822749018669128418e-02 -1.352062940597534180e+00 8.906922340393066406e-01 -6.773856282234191895e-01 -3.681228160858154297e-01 -8.613927960395812988e-01 -4.950971901416778564e-01 -4.850909411907196045e-01 -1.555361151695251465e-01 -9.956887364387512207e-01 9.040005207061767578e-01 -8.371021747589111328e-01 -1.719586402177810669e-01 7.889164239168167114e-02 2.749212384223937988e-01 4.697769507765769958e-02 3.177686035633087158e-02 1.755102723836898804e-01 9.363020658493041992e-01 5.723309516906738281e-01 9.309523105621337891e-01 -7.464008033275604248e-02 8.206916451454162598e-01 -7.833392620086669922e-01 2.474039942026138306e-01 5.359976887702941895e-01 -1.352739054709672928e-03 -2.579333633184432983e-02 5.966651812195777893e-02 4.402173161506652832e-01 -3.100269436836242676e-01 7.553415745496749878e-02 -6.581051945686340332e-01 -4.068351089954376221e-01 2.613970637321472168e-01 3.171373903751373291e-01 -1.156563870608806610e-02 -7.254716008901596069e-02 1.656051725149154663e-02 1.952502876520156860e-02 -1.320627704262733459e-02 -1.461360752582550049e-01 5.193564668297767639e-02 3.735589236021041870e-02 7.843163609504699707e-01 -1.590039432048797607e-01 -7.508865594863891602e-01 -7.951156497001647949e-01 -1.580646336078643799e-01 5.623623132705688477e-01 -1.026294752955436707e-01 -1.855477392673492432e-01 -2.773280143737792969e-01 7.633270025253295898e-01 -2.320365309715270996e-01 -4.955644905567169189e-01 -3.503605127334594727e-01 -2.701567709445953369e-01 3.866041824221611023e-02 2.697570323944091797e-01 -7.745562791824340820e-01 6.297195553779602051e-01 8.950687944889068604e-02 -5.492749214172363281e-01
6.840226650238037109e-01 -4.028285443782806396e-01 -1.035960167646408081e-01 -4.059512615203857422e-01 -5.162643194198608398e-01 -5.800909399986267090e-01 -1.972928410395979881e-03 -3.115916550159454346e-01 -4.249571263790130615e-01 -5.628242492675781250e-01 3.036665618419647217e-01 -4.340523779392242432e-01 -2.875574529170989990e-01 -3.225261569023132324e-01 5.114192888140678406e-02 -5.350061878561973572e-02 -9.441118687391281128e-02 2.145860577002167702e-03 4.668403565883636475e-01 -4.661553353071212769e-02 -1.745784878730773926e-01 7.395455837249755859e-01 1.035853922367095947e-01 -1.198099851608276367e-01 -4.496554136276245117e-01 6.859174966812133789e-01 -1.023780822753906250e+00 -1.243158578872680664e-01 6.479673385620117188e-01 -6.976482868194580078e-01 -2.239848673343658447e-01 3.720269799232482910e-01 -5.526841878890991211e-01 -1.601033285260200500e-02 -2.231632471084594727e-01 -2.013314813375473022e-01 7.313134074211120605e-01 6.171277761459350586e-01 2.433491647243499756e-01 -7.033316045999526978e-02 -4.384984970092773438e-01 3.114817440509796143e-01 3.211897984147071838e-02 6.689648032188415527e-01 1.103056192398071289e+00 -9.250959753990173340e-02 -3.727667406201362610e-02 -3.548784554004669189e-02 3.978868126869201660e-01 5.052552223205566406e-01 2.309342771768569946e-01 -2.489087283611297607e-01 3.348818123340606689e-01 -3.371356129646301270e-01 1.064961194992065430e+00 -3.737647831439971924e-01 -4.903876483440399170e-01 3.719520866870880127e-01 -1.863108575344085693e-01 4.469294250011444092e-01 -1.341643810272216797e+00 -1.302211880683898926e-01 2.365631312131881714e-01 -1.617320328950881958e-01
4.484162032604217529e-01 -7.304406762123107910e-01 5.150696635246276855e-01 1.834624409675598145e-01 -8.620920777320861816e-01 -4.512443244457244873e-01 -4.069168865680694580e-01 -5.234289169311523438e-01 -8.325612545013427734e-02 -7.142004966735839844e-01 -7.016541063785552979e-02 -4.590640068054199219e-01 -2.128575444221496582e-01 -1.571488678455352783e-01 1.387692242860794067e-01 2.638716399669647217e-01 6.984994560480117798e-02 2.265523225069046021e-01 7.897186875343322754e-01 4.563322961330413818e-01 -1.470054984092712402e-01 4.369025826454162598e-01 3.656947612762451172e-01 -3.005174100399017334e-01 1.730748862028121948e-01 3.814683854579925537e-01 -5.064438581466674805e-01 2.137497365474700928e-01 -1.095290258526802063e-01 3.969646990299224854e-01 5.028844997286796570e-02 3.332975134253501892e-02 -2.824685573577880859e-01 -1.530207786709070206e-02 -1.958719193935394287e-01 2.273185998201370239e-01 9.288890659809112549e-02 7.118185162544250488e-01 -1.340935975313186646e-01 -5.910326912999153137e-02 3.536816239356994629e-01 3.458421528339385986e-01 8.961271494626998901e-02 -6.818462908267974854e-02 9.341045618057250977e-01 -2.078643888235092163e-01 -4.400326907634735107e-01 -3.270543813705444336e-01 5.156983137130737305e-01 1.075035333633422852e+00 -1.183008998632431030e-01 -6.848123073577880859e-01 1.218270361423492432e-01 -2.521156072616577148e-01 7.507383823394775391e-01 -6.096295118331909180e-01 -5.497447252273559570e-01 1.402954757213592529e-01 -5.484921932220458984e-01 -1.328120827674865723e-01 -9.268290996551513672e-01 4.931539893150329590e-01 1.210476830601692200e-01 -5.167240276932716370e-02
2.570115923881530762e-01 -3.985631465911865234e-02 8.167591691017150879e-01 4.368604123592376709e-01 -1.365579012781381607e-02 -8.613373041152954102e-01 1.668332517147064209e-01 -2.203939557075500488e-01 -2.774474024772644043e-01 -6.832800507545471191e-01 4.492305517196655273e-01 -6.572996824979782104e-02 -5.697043538093566895e-01 -4.914417564868927002e-01 2.141953408718109131e-01 5.455915331840515137e-01 4.778993874788284302e-02 -5.676532387733459473e-01 9.139034748077392578e-01 7.947223782539367676e-01 -5.098130702972412109e-01 2.769714295864105225e-01 6.514530777931213379e-01 -5.733733177185058594e-01 6.531260013580322266e-01 -1.237597763538360596e-01 3.413492143154144287e-01 9.621305391192436218e-03 3.873191177845001221e-01 -3.462536931037902832e-01 4.066472351551055908e-01 3.943670392036437988e-01 -2.516148686408996582e-01 -2.767980396747589111e-01 7.567717880010604858e-02 -2.347319424152374268e-01 4.447369277477264404e-01 4.192189872264862061e-01 -1.941189467906951904e-01 -5.806459784507751465e-01 4.901167452335357666e-01 7.395378947257995605e-01 -4.094165861606597900e-01 -2.090432196855545044e-01 7.753961682319641113e-01 -5.764465332031250000e-01 5.359777212142944336e-01 1.065705865621566772e-01 4.432944208383560181e-02 6.256154179573059082e-01 -2.961411513388156891e-02 -5.346750617027282715e-01 1.178340688347816467e-01 -1.269809454679489136e-01 5.579798817634582520e-01 9.113593399524688721e-02 -3.348999619483947754e-01 -1.771311610937118530e-01 -2.267506122589111328e-01 -2.017064243555068970e-01 -1.979975998401641846e-01 -8.984429389238357544e-02 2.782815992832183838e-01 -2.084883302450180054e-01
1.526600420475006104e-01 3.275867998600006104e-01 3.416260480880737305e-01 -1.103253662586212158e-01 2.036270871758460999e-02 -1.149265170097351074e+00 -3.759932219982147217e-01 1.138428151607513428e-01 -6.745756417512893677e-02 -4.404442608356475830e-01 -1.347380783408880234e-02 -1.138555169105529785e+00 -3.885928988456726074e-01 2.048602551221847534e-01 -3.033508956432342529e-01 -2.970045208930969238e-01 -3.128020763397216797e-01 -5.162121057510375977e-01 5.671439319849014282e-02 3.386607170104980469e-01 -6.096258014440536499e-02 5.659670233726501465e-01 2.590307593345642090e-01 -4.729219675064086914e-01 -3.635497689247131348e-01 5.983533337712287903e-02 -2.155498415231704712e-01 -1.139947772026062012e-01 4.686811938881874084e-02 -2.785381674766540527e-01 2.239954173564910889e-01 -5.671266466379165649e-02 -6.204687356948852539e-01 -4.058831632137298584e-01 -1.802634149789810181e-01 -2.129041403532028198e-01 2.542367577552795410e-01 -2.417407035827636719e-01 2.978888750076293945e-01 -9.882565587759017944e-02 1.114889681339263916e-01 3.061486966907978058e-02 -3.868823647499084473e-01 5.465804338455200195e-01 1.065196871757507324e+00 9.778442792594432831e-03 3.637896180152893066e-01 -6.118221879005432129e-01 1.213849931955337524e-01 6.692754626274108887e-01 -6.786062121391296387e-01 -1.730140745639801025e-01 5.127456784248352051e-01 4.512070417404174805e-01 4.888547062873840332e-01 8.743846416473388672e-02 -6.023206710815429688e-01 -1.700642108917236328e-01 -2.070121169090270996e-01 4.812501072883605957e-01 -9.531658142805099487e-02 -7.829066365957260132e-02 4.872358441352844238e-01 3.112042844295501709e-01
4.859101474285125732e-01 -3.675282895565032959e-01 7.700230479240417480e-01 -1.589578986167907715e-01 -3.458921313285827637e-01 -4.902167916297912598e-01 -6.407436132431030273e-01 6.359507888555526733e-02 -1.149082064628601074e+00 -2.369437813758850098e-01 8.729296326637268066e-01 -3.156556487083435059e-01 9.272322654724121094e-01 -9.525181651115417480e-01 6.906858682632446289e-01 1.360722929239273071e-01 9.770379215478897095e-02 -5.530934333801269531e-01 -2.562528252601623535e-01 9.910846948623657227e-01 4.935894608497619629e-01 1.053104043006896973e+00 5.503810644149780273e-01 -3.254682123661041260e-01 1.365202814340591431e-01 5.236759185791015625e-01 2.358183860778808594e-01 -4.148829728364944458e-02 -4.174539744853973389e-01 4.830491915345191956e-02 -4.464423954486846924e-01 3.603652119636535645e-01 2.124755084514617920e-01 -4.355412423610687256e-01 7.978863269090652466e-02 -4.049053490161895752e-01 -2.979432232677936554e-02 -5.096517503261566162e-02 2.425157725811004639e-01 3.718046545982360840e-01 -4.498539566993713379e-01 2.059666663408279419e-01 -1.431873887777328491e-01 1.072346687316894531e+00 4.728607237339019775e-01 2.670964300632476807e-01 1.469533741474151611e-01 2.928534448146820068e-01 5.616997480392456055e-01 1.729834377765655518e-01 5.274406075477600098e-01 -2.072468400001525879e-01 6.755191087722778320e-01 -9.188480675220489502e-02 -6.104481816291809082e-01 3.980761170387268066e-01 3.444516658782958984e-01 -6.168144345283508301e-01 -3.241913318634033203e-01 6.444200873374938965e-01 2.625207416713237762e-02 -3.063055276870727539e-01 -5.052029341459274292e-02 3.072682023048400879e-02
3.955283761024475098e-01 -5.576944947242736816e-01 3.455761075019836426e-01 4.213218986988067627e-01 -4.251823946833610535e-02 -3.238153159618377686e-01 3.848162591457366943e-01 2.407425045967102051e-01 -1.548384875059127808e-01 -2.526568770408630371e-01 8.275294303894042969e-01 -5.429132580757141113e-01 1.429760158061981201e-01 7.152533158659934998e-03 6.065851449966430664e-01 1.887046098709106445e-01 -3.388186693191528320e-01 -3.133536577224731445e-01 -7.212573289871215820e-02 2.285209596157073975e-01 -4.713605344295501709e-01 6.731573492288589478e-03 1.767917573451995850e-01 -6.536663770675659180e-01 -3.405308723449707031e-01 2.132970094680786133e-01 -1.021990925073623657e-01 -2.608844339847564697e-01 5.360023975372314453e-01 2.636685967445373535e-01 2.945304811000823975e-01 -7.270054519176483154e-02 -2.499592155218124390e-01 3.500814139842987061e-01 -5.575413703918457031e-01 2.909810245037078857e-01 -1.743389070034027100e-01 8.679876327514648438e-01 2.818809151649475098e-01 -1.449873745441436768e-01 1.219677925109863281e-01 8.278661221265792847e-02 -4.688863754272460938e-01 -1.426145881414413452e-01 8.630435466766357422e-01 -9.071576595306396484e-01 -5.346853137016296387e-01 1.400513648986816406e-01 2.384014427661895752e-01 6.546811461448669434e-01 -3.341211378574371338e-01 -2.530750036239624023e-01 4.197356104850769043e-01 2.066153585910797119e-01 3.830596804618835449e-01 -5.795173645019531250e-01 9.101678133010864258e-01 -4.432635903358459473e-01 -1.163145825266838074e-01 -7.676623016595840454e-02 -4.879521131515502930e-01 -3.683423250913619995e-02 -6.298406720161437988e-01 7.909651845693588257e-02
-1.631101220846176147e-01 5.651649236679077148e-01 1.715964525938034058e-01 -1.843921542167663574e-01 7.292084097862243652e-01 -9.791708737611770630e-02 1.418033391237258911e-01 4.126993417739868164e-01 -3.509280681610107422e-01 -1.083187758922576904e-02 5.006940364837646484e-01 -1.304497957229614258e+00 -8.256210684776306152e-01 -8.356975317001342773e-01 6.595106422901153564e-02 1.026860922574996948e-01 -2.869670689105987549e-01 2.125991135835647583e-01 4.251714050769805908e-01 4.761224985122680664e-01 3.496634066104888916e-01 4.974711239337921143e-01 4.338019490242004395e-01 -7.901208102703094482e-02 -4.691996425390243530e-02 1.322470307350158691e-01 -3.513817489147186279e-01 -5.479080677032470703e-01 -3.026840984821319580e-01 1.501208245754241943e-01 -1.161067001521587372e-02 1.108611524105072021e-01 -1.283123493194580078e-01 -6.326103806495666504e-01 -7.125200033187866211e-01 -8.847391605377197266e-01 -1.092559844255447388e-01 4.111073315143585205e-01 -1.322356462478637695e-01 -3.661631941795349121e-01 5.776593089103698730e-01 1.229303553700447083e-01 -5.595863461494445801e-01 6.171474456787109375e-01 4.275102615356445312e-01 1.893659830093383789e-01 2.490079998970031738e-01 -9.867520928382873535e-01 -5.811207294464111328e-01 1.229416728019714355e-01 -2.220432460308074951e-01 4.455717802047729492e-01 7.038394808769226074e-01 -1.892273873090744019e-02 8.557773381471633911e-02 -3.786697387695312500e-01 1.128218844532966614e-01 2.578363120555877686e-01 -5.575571060180664062e-01 4.885261654853820801e-01 -1.098525524139404297e+00 1.548005361109972000e-02 7.468318343162536621e-01 -2.057263106107711792e-01
-4.751133322715759277e-01 -2.162744700908660889e-01 1.485179811716079712e-01 -5.103609561920166016e-01 -6.376401185989379883e-01 1.117704361677169800e-01 4.866940677165985107e-01 -2.523725330829620361e-01 -9.071630984544754028e-02 -3.837835192680358887e-01 7.733492851257324219e-01 -4.588062465190887451e-01 9.344001114368438721e-02 -8.132571578025817871e-01 2.946828007698059082e-01 -2.094898819923400879e-01 2.090604305267333984e-01 5.204910635948181152e-01 2.889047265052795410e-01 5.507492423057556152e-01 -5.369130969047546387e-01 6.902869343757629395e-01 -1.206286922097206116e-01 -4.208143651485443115e-01 -2.849106490612030029e-01 7.587936520576477051e-01 -6.020054817199707031e-01 -9.333762526512145996e-02 4.281304478645324707e-01 2.235023975372314453e-01 4.897602498531341553e-01 4.230053722858428955e-01 -3.969180583953857422e-01 -5.860470533370971680e-01 -1.227157235145568848e+00 4.499342441558837891e-01 -3.092453479766845703e-01 2.316204905509948730e-01 -8.035399913787841797e-01 5.981158614158630371e-01 3.235356509685516357e-01 -1.306418031454086304e-01 -2.418722063302993774e-01 -1.318405717611312866e-01 6.191349625587463379e-01 -8.156360983848571777e-01 -5.496482849121093750e-01 -1.494702696800231934e-01 8.927072882652282715e-01 8.257721066474914551e-01 -2.704153358936309814e-01 3.303609490394592285e-01 5.290889143943786621e-01 9.288477152585983276e-02 3.430292755365371704e-02 -3.167798742651939392e-02 8.224882483482360840e-01 -1.897100359201431274e-01 -5.670215934514999390e-02 6.858980655670166016e-01 5.497564002871513367e-02 3.633302748203277588e-01 -6.769174337387084961e-01 5.474943295121192932e-02
-1.288274228572845459e-01 -3.503710031509399414e-01 1.182637214660644531e+00 7.157712578773498535e-01 -6.188786029815673828e-01 -3.634090721607208252e-01 6.678621768951416016e-01 4.171284660696983337e-02 9.394680708646774292e-02 -2.588604986667633057e-01 8.217795491218566895e-01 -1.348406314849853516e+00 -6.328266859054565430e-01 -5.577260851860046387e-01 -2.434268742799758911e-01 5.880749598145484924e-02 6.971946358680725098e-01 -5.892521142959594727e-01 -2.301397472620010376e-01 1.075128555297851562e+00 3.162395060062408447e-01 4.530546367168426514e-01 3.591672331094741821e-02 -3.426215648651123047e-01 1.439864635467529297e-01 4.768446087837219238e-01 -2.822024933993816376e-02 3.170949220657348633e-01 6.418915390968322754e-01 -4.592305421829223633e-01 3.212397694587707520e-01 7.167925238609313965e-01 2.357472330331802368e-01 -6.933267414569854736e-02 -1.299092322587966919e-01 -7.657786458730697632e-02 1.981790214776992798e-01 4.936584085226058960e-02 -7.402250170707702637e-01 1.429114490747451782e-01 1.138082593679428101e-01 -1.923252344131469727e-01 2.304633893072605133e-02 -8.712001144886016846e-02 2.957070469856262207e-01 -9.909719824790954590e-01 -4.289749860763549805e-01 3.603186607360839844e-01 -4.686398431658744812e-02 1.297679543495178223e+00 -4.354618489742279053e-02 2.325616329908370972e-01 8.828196525573730469e-01 1.100948825478553772e-01 2.015755474567413330e-01 6.463323235511779785e-01 2.216017991304397583e-01 -5.718253254890441895e-01 -3.666796386241912842e-01 8.875822424888610840e-01 9.204705059528350830e-02 3.992784023284912109e-01 -5.788509547710418701e-02 -2.152882516384124756e-02
7.488273978233337402e-01 -4.770741462707519531e-01 -9.851637482643127441e-02 -7.255331873893737793e-01 -4.077442884445190430e-01 -5.563283562660217285e-01 1.017434954643249512e+00 -2.918215692043304443e-01 -8.546075224876403809e-01 -2.970592081546783447e-01 1.641213744878768921e-01 -7.650728821754455566e-01 4.486348852515220642e-02 -1.117397189140319824e+00 -6.730656027793884277e-01 1.403944849967956543e+00 4.025885369628667831e-03 -9.831683039665222168e-01 3.741232156753540039e-01 -2.675961256027221680e-01 6.415231823921203613e-01 5.490832328796386719e-01 4.065119922161102295e-01 -1.041989803314208984e+00 -5.969500914216041565e-02 4.401886165142059326e-01 4.779095053672790527e-01 2.839339673519134521e-01 7.166541814804077148e-01 5.599486827850341797e-01 -6.098889112472534180e-01 2.668276429176330566e-01 -7.057634592056274414e-01 -1.163341164588928223e+00 -8.100993186235427856e-02 -2.631851136684417725e-01 -2.639283537864685059e-01 1.129233986139297485e-01 -2.260370999574661255e-01 5.001328587532043457e-01 4.435408115386962891e-01 2.018676698207855225e-01 -4.749854505062103271e-01 4.585774540901184082e-01 -3.710875213146209717e-01 -5.190500020980834961e-01 -2.754713892936706543e-01 -7.985376119613647461e-01 6.773941516876220703e-01 -3.027486242353916168e-02 2.130383104085922241e-01 -8.143029808998107910e-01 1.183332562446594238e+00 -1.045898422598838806e-01 -2.519224882125854492e-01 -1.537633128464221954e-02 3.619725629687309265e-02 -2.337611615657806396e-01 -8.531916141510009766e-01 1.031664237380027771e-01 -1.042961925268173218e-01 -2.075311243534088135e-01 8.878482878208160400e-02 9.750723838806152344e-02
5.688168406486511230e-01 -1.500327587127685547e-01 -3.299427628517150879e-01 -1.982550919055938721e-01 -6.312836706638336182e-02 -1.060838341712951660e+00 -5.952026844024658203e-01 6.194306015968322754e-01 1.207501720637083054e-02 -7.035444378852844238e-01 6.714104115962982178e-02 -4.065748751163482666e-01 -4.873722791671752930e-01 -3.171730041503906250e-01 1.616540849208831787e-01 2.625567615032196045e-01 -2.423849552869796753e-01 -2.485984563827514648e-01 4.909053146839141846e-01 6.444891095161437988e-01 -5.970988050103187561e-02 -6.694763898849487305e-02 -1.871322691440582275e-01 -1.645955294370651245e-01 2.628593742847442627e-01 5.151529908180236816e-01 1.489124149084091187e-01 -6.444503068923950195e-01 8.141704797744750977e-01 -4.824698269367218018e-01 -1.244158949702978134e-02 -1.254199743270874023e-01 -1.777800023555755615e-01 -1.828333437442779541e-01 -4.715028107166290283e-01 -1.687603741884231567e-01 5.144867897033691406e-01 3.644123077392578125e-01 2.190194875001907349e-01 -4.375300109386444092e-01 3.755102455615997314e-01 -2.282806932926177979e-01 -6.915397942066192627e-02 7.906965911388397217e-02 9.441149830818176270e-01 4.208836853504180908e-01 9.848541766405105591e-02 -4.852302372455596924e-01 -4.549193009734153748e-02 8.814340233802795410e-01 -6.981475651264190674e-02 -8.108808398246765137e-01 3.801538944244384766e-01 3.201259076595306396e-01 6.752428412437438965e-01 -2.377545982599258423e-01 -3.071643412113189697e-01 2.998327910900115967e-01 1.330829560756683350e-01 6.833332180976867676e-01 -7.527466118335723877e-02 -1.797511824406683445e-03 -5.699675083160400391e-01 1.080375835299491882e-01
-5.455405265092849731e-02 -1.561404857784509659e-02 -4.243224859237670898e-01 -2.590724229812622070e-01 -5.432700514793395996e-01 -4.883997738361358643e-01 -4.754827916622161865e-01 -4.188466370105743408e-01 -6.992986798286437988e-01 -5.394194722175598145e-01 8.275687694549560547e-01 -1.073207139968872070e+00 6.438729166984558105e-02 -2.184615135192871094e-01 -2.169281840324401855e-01 2.526107132434844971e-01 1.865915060043334961e-01 -7.398008108139038086e-01 -3.738685548305511475e-01 7.157167792320251465e-01 7.598092555999755859e-01 1.717063486576080322e-01 -2.422394230961799622e-02 -7.774733901023864746e-01 1.911334991455078125e-01 3.785950243473052979e-01 -3.543147146701812744e-01 4.293590188026428223e-01 1.749176084995269775e-01 -5.591104030609130859e-01 8.151973485946655273e-01 3.723882734775543213e-01 -1.322848349809646606e-01 6.643021106719970703e-02 -2.165883332490921021e-01 5.704127997159957886e-02 2.586375176906585693e-01 -2.074861824512481689e-01 -3.589810729026794434e-01 3.480651676654815674e-01 -1.944391578435897827e-01 3.193439841270446777e-01 -7.231569290161132812e-01 8.747028708457946777e-01 6.947804093360900879e-01 3.392900899052619934e-02 3.432451188564300537e-01 -1.261372804641723633e+00 4.455652460455894470e-02 -2.337660193443298340e-01 -9.735744595527648926e-01 -4.939063489437103271e-01 7.493182420730590820e-01 2.870249561965465546e-02 -9.927049875259399414e-01 -8.435454964637756348e-01 -1.285885125398635864e-01 7.623155117034912109e-01 -1.117463588714599609e+00 2.480089962482452393e-01 -3.849976062774658203e-01 2.979143559932708740e-01 -7.881165365688502789e-04 -1.589025110006332397e-01
-3.174639046192169189e-01 -1.043602585792541504e+00 2.848612666130065918e-01 -4.666185751557350159e-02 2.552406489849090576e-01 -2.233427017927169800e-01 2.685971260070800781e-01 -2.484420239925384521e-01 -7.148874402046203613e-01 -4.481445848941802979e-01 -5.877380967140197754e-01 -3.832568526268005371e-01 -5.196653008460998535e-01 -5.285299420356750488e-01 5.194653868675231934e-01 7.365605831146240234e-01 6.993854641914367676e-01 -7.599438540637493134e-04 5.557136535644531250e-01 1.106749534606933594e+00 2.370230406522750854e-01 -2.914808690547943115e-01 -1.190296262502670288e-01 -5.943995714187622070e-01 6.921123266220092773e-01 6.522451043128967285e-01 -3.938412666320800781e-01 -1.846528612077236176e-02 2.615052461624145508e-01 1.911623030900955200e-02 5.091686248779296875e-01 4.509778022766113281e-01 -6.618815064430236816e-01 -1.130596876144409180e+00 6.338630616664886475e-02 -5.562939047813415527e-01 -3.614196926355361938e-02 -2.435992211103439331e-01 3.952119350433349609e-01 3.988058269023895264e-01 7.015707492828369141e-01 -3.680306673049926758e-01 -3.273563981056213379e-01 4.038227498531341553e-01 8.324581384658813477e-01 -4.078691303730010986e-01 -3.993422091007232666e-01 -7.903853058815002441e-01 9.816758036613464355e-01 -5.876258611679077148e-01 4.832257628440856934e-01 -4.757608473300933838e-01 1.299584507942199707e-01 -3.130473792552947998e-01 -3.298490941524505615e-01 2.869854867458343506e-01 6.417268514633178711e-01 -3.928965702652931213e-02 -4.907394349575042725e-01 1.192763298749923706e-01 4.339969456195831299e-01 -2.149676680564880371e-01 -2.310861796140670776e-01 -5.166621804237365723e-01
2.647671401500701904e-01 -9.576444625854492188e-01 3.246954977512359619e-01 -1.744060218334197998e-01 -4.598863422870635986e-01 -2.182482182979583740e-01 9.095915406942367554e-02 5.957453846931457520e-01 -1.016254544258117676e+00 -4.516248703002929688e-01 5.968646407127380371e-01 -4.694408923387527466e-02 -9.193367958068847656e-01 -4.825738668441772461e-01 4.071801155805587769e-02 6.389477849006652832e-01 1.041372679173946381e-02 -3.407687246799468994e-01 3.747453093528747559e-01 9.743808507919311523e-01 4.864717423915863037e-01 -2.783924043178558350e-01 2.775851786136627197e-01 -3.577180802822113037e-01 -1.957722008228302002e-01 1.786592006683349609e-01 -4.964432418346405029e-01 -3.756641447544097900e-01 7.093735784292221069e-02 -5.205686688423156738e-01 1.996002793312072754e-01 5.009485483169555664e-01 -2.600721418857574463e-01 9.012030810117721558e-02 -4.666683375835418701e-01 5.002055168151855469e-01 4.497844576835632324e-01 -3.780737221240997314e-01 5.963115096092224121e-01 -2.446136176586151123e-01 3.447753787040710449e-01 4.040727913379669189e-01 -2.109842598438262939e-01 6.253316402435302734e-01 -3.911082148551940918e-01 -3.242538273334503174e-01 -6.858886033296585083e-02 -1.003975391387939453e+00 7.029621005058288574e-01 8.888068608939647675e-03 1.189625635743141174e-01 2.810102701187133789e-01 1.268799185752868652e+00 -3.072449862957000732e-01 -2.804424464702606201e-01 2.799240350723266602e-01 6.130526065826416016e-01 5.718129873275756836e-01 -5.534928441047668457e-01 -2.680154442787170410e-01 7.325593829154968262e-01 6.877822279930114746e-01 1.200198009610176086e-01 2.107332199811935425e-01
6.537583470344543457e-01 -1.765591353178024292e-01 -6.632816195487976074e-01 -4.978298768401145935e-02 -2.645894885063171387e-01 -9.520890116691589355e-01 3.762814998626708984e-01 -5.629690364003181458e-02 -9.275695085525512695e-01 -4.627401232719421387e-01 -8.095947653055191040e-02 -5.515334606170654297e-01 -3.860351741313934326e-01 -8.425655961036682129e-01 -5.414962172508239746e-01 6.955756545066833496e-01 3.576481342315673828e-01 -6.639493107795715332e-01 6.758304834365844727e-01 3.681501746177673340e-01 1.035378456115722656e+00 -4.203095436096191406e-01 6.429481506347656250e-02 -1.285193681716918945e+00 1.566393226385116577e-01 -2.725464291870594025e-02 -4.750320687890052795e-02 8.181388378143310547e-01 1.017867624759674072e-01 -1.386508643627166748e-01 -7.270772755146026611e-02 5.619426369667053223e-01 -2.978801429271697998e-01 -1.045884728431701660e+00 1.531995534896850586e-01 1.025095656514167786e-01 -7.431760430335998535e-01 9.613548219203948975e-02 3.390630334615707397e-02 2.756529748439788818e-01 2.248329808935523033e-03 2.635671198368072510e-01 -3.597629964351654053e-01 4.689537882804870605e-01 3.641835749149322510e-01 -4.117920994758605957e-01 -3.923969268798828125e-01 -1.143049120903015137e+00 8.977236747741699219e-01 1.465683281421661377e-01 2.811348736286163330e-01 1.425086259841918945e-01 7.788993120193481445e-01 -6.638146042823791504e-01 -1.498237252235412598e-01 1.173174828290939331e-01 6.432467103004455566e-01 8.327756077051162720e-02 -1.591308861970901489e-01 5.837519764900207520e-01 7.922903448343276978e-02 3.136653900146484375e-01 4.398367404937744141e-01 3.833503425121307373e-01
5.044254064559936523e-01 -4.629366695880889893e-01 -8.523288369178771973e-02 -1.001009494066238403e-01 3.139615952968597412e-01 -7.149543762207031250e-01 -2.068879157304763794e-01 -9.577972441911697388e-02 -8.061572313308715820e-01 -4.119836986064910889e-01 2.349052429199218750e-01 -8.771720528602600098e-01 -1.095337867736816406e-01 -7.318121790885925293e-01 -6.787442564964294434e-01 8.842332959175109863e-01 2.559263706207275391e-01 -4.059549570083618164e-01 -6.505148112773895264e-02 4.394233226776123047e-01 2.992033362388610840e-01 -2.106134295463562012e-01 2.215271443128585815e-01 -3.287353217601776123e-01 5.469652414321899414e-01 -4.026871621608734131e-01 -5.689300894737243652e-01 -5.396814346313476562e-01 2.259444892406463623e-01 6.235200911760330200e-02 6.597362160682678223e-01 4.119906723499298096e-01 -1.089957877993583679e-01 -3.951794505119323730e-01 8.278939872980117798e-02 3.485299646854400635e-01 -1.891185194253921509e-01 -1.092432737350463867e+00 -8.589825034141540527e-02 -1.430793255567550659e-01 1.097276061773300171e-01 3.374207317829132080e-01 -1.390719711780548096e-01 1.295005977153778076e-01 7.467689514160156250e-01 1.574633121490478516e-01 -3.321683406829833984e-01 -5.454359650611877441e-01 -4.393445551395416260e-01 -4.873752892017364502e-01 -9.169188141822814941e-01 2.105666697025299072e-02 9.645181894302368164e-01 -2.421411573886871338e-01 -5.648203492164611816e-01 -5.749871134757995605e-01 -1.040786281228065491e-01 2.560645639896392822e-01 -2.592507898807525635e-01 1.374556124210357666e-01 -9.348291754722595215e-01 6.105294451117515564e-03 -2.921453118324279785e-01 1.003208234906196594e-01
-3.921921551227569580e-01 -6.365348696708679199e-01 2.778810262680053711e-01 1.720957458019256592e-01 6.895355880260467529e-02 1.733735501766204834e-01 -3.813349828124046326e-02 3.174899378791451454e-03 -1.977841109037399292e-01 -1.131591871380805969e-01 2.856854200363159180e-01 -2.692170739173889160e-01 -6.769872307777404785e-01 -1.634372957050800323e-02 -8.694659173488616943e-02 2.920080423355102539e-01 -3.288921415805816650e-01 -1.994941532611846924e-01 4.152989089488983154e-01 5.424056053161621094e-01 5.389207601547241211e-01 1.016240045428276062e-01 -1.461623609066009521e-01 -9.377969801425933838e-02 -2.549410052597522736e-02 4.176332056522369385e-01 7.389595508575439453e-01 -9.461841732263565063e-02 6.582164168357849121e-01 3.827402591705322266e-01 4.695283472537994385e-01 -9.675061702728271484e-02 -4.630371928215026855e-01 -5.112684890627861023e-02 1.799620240926742554e-01 -1.010483875870704651e-01 -2.188307493925094604e-01 2.053055763244628906e-01 -1.000082567334175110e-01 -5.377973914146423340e-01 1.453313045203685760e-02 1.972352117300033569e-01 -5.067393779754638672e-01 4.043315649032592773e-01 6.370277404785156250e-01 -2.935357987880706787e-01 -1.644248962402343750e-01 -7.839297056198120117e-01 1.267100095748901367e+00 4.563570916652679443e-01 -5.309215188026428223e-01 -4.810091853141784668e-01 -1.204641610383987427e-01 8.579905033111572266e-01 2.202685624361038208e-01 -4.637378454208374023e-01 -1.379340291023254395e-01 -4.347223639488220215e-01 -4.872772991657257080e-01 -6.113911792635917664e-02 -8.429356217384338379e-01 6.996735185384750366e-02 2.532685101032257080e-01 -4.451833069324493408e-01
5.258434414863586426e-01 -1.680772006511688232e-01 8.814065456390380859e-01 -3.203375339508056641e-01 -5.371327400207519531e-01 -6.228369474411010742e-01 7.019482851028442383e-01 5.816545486450195312e-01 -1.816145181655883789e-01 5.029643774032592773e-01 6.222528219223022461e-01 -3.810006380081176758e-01 7.610254287719726562e-01 -1.009036540985107422e+00 -1.591937541961669922e-01 1.192724943161010742e+00 1.128960959613323212e-02 -6.443536281585693359e-01 -5.195458531379699707e-01 6.583361029624938965e-01 1.477302312850952148e-01 6.958969831466674805e-01 7.709442973136901855e-01 -4.628587663173675537e-01 2.428055405616760254e-01 4.413560032844543457e-01 -3.985928595066070557e-01 -6.107364892959594727e-01 2.773839831352233887e-01 1.560906618833541870e-01 5.119484066963195801e-01 3.125601112842559814e-01 2.604026496410369873e-01 -8.116408586502075195e-01 -6.898373365402221680e-01 -7.045219838619232178e-02 -3.409445285797119141e-03 -1.558649986982345581e-01 -5.166918635368347168e-01 3.930032253265380859e-01 3.232591748237609863e-01 4.631471037864685059e-01 -2.048173397779464722e-01 -2.145693600177764893e-01 1.023604869842529297e+00 1.519363224506378174e-01 6.130037307739257812e-01 9.139097295701503754e-03 3.096223473548889160e-01 6.112731099128723145e-01 1.387883573770523071e-01 2.329250425100326538e-01 3.954436630010604858e-02 -2.730707824230194092e-01 1.755763292312622070e-01 -4.873493313789367676e-01 8.281809091567993164e-02 5.810737609863281250e-03 7.501422762870788574e-01 5.043044686317443848e-01 -7.101408839225769043e-01 3.064228594303131104e-01 7.790040969848632812e-02 2.772928476333618164e-01
-4.232695102691650391e-01 1.696862876415252686e-01 1.890402659773826599e-02 -1.008223891258239746e+00 7.314229756593704224e-02 -4.478007853031158447e-01 3.036417365074157715e-01 -3.137344717979431152e-01 -7.143211960792541504e-01 8.895105868577957153e-02 4.498110711574554443e-01 -1.309153914451599121e+00 -4.290833771228790283e-01 -1.793909817934036255e-01 3.250807225704193115e-01 3.802288472652435303e-01 3.971599042415618896e-02 -6.779856681823730469e-01 -7.506078481674194336e-02 2.716666162014007568e-01 1.032018586993217468e-01 3.607207238674163818e-01 5.920804142951965332e-01 2.333566844463348389e-01 4.034276008605957031e-01 -4.232999384403228760e-01 4.633756875991821289e-01 -1.016079336404800415e-01 1.636672466993331909e-01 -1.479054838418960571e-01 -2.389859110116958618e-01 2.141404747962951660e-01 -2.104460000991821289e-01 -5.754405856132507324e-01 4.559278488159179688e-02 6.857551932334899902e-01 4.731689095497131348e-01 6.575862765312194824e-01 2.135002613067626953e-01 -2.019555270671844482e-01 3.067743964493274689e-02 -4.641343057155609131e-01 -3.910859227180480957e-01 3.909089267253875732e-01 4.955865740776062012e-01 1.432902067899703979e-01 -1.935389190912246704e-01 -1.079933047294616699e+00 -2.367851436138153076e-01 8.101361244916915894e-02 -1.913897097110748291e-01 1.625513881444931030e-01 1.015411853790283203e+00 -6.870787590742111206e-02 -3.956956863403320312e-01 6.957287341356277466e-02 4.507543444633483887e-01 7.391600310802459717e-02 -4.264689385890960693e-01 6.694930195808410645e-01 -4.444956183433532715e-01 -1.543895602226257324e-01 3.109304308891296387e-01 2.810089588165283203e-01
3.606568872928619385e-01 -2.897219657897949219e-01 6.625838875770568848e-01 -2.125924229621887207e-01 -1.670266985893249512e-01 -2.117980122566223145e-01 -6.064711809158325195e-01 5.788743495941162109e-01 -8.625927567481994629e-01 -1.774971187114715576e-01 8.782444596290588379e-01 3.685293197631835938e-01 3.893764615058898926e-01 -4.782321155071258545e-01 6.326158046722412109e-01 1.808607727289199829e-01 1.868362128734588623e-01 2.023711353540420532e-01 4.214324057102203369e-01 1.165469884872436523e+00 1.971234977245330811e-01 7.405704855918884277e-01 6.434566527605056763e-02 -7.833744287490844727e-01 1.734336167573928833e-01 2.546905875205993652e-01 1.516162008047103882e-01 -3.041841685771942139e-01 -1.685486733913421631e-01 1.135403811931610107e-01 1.744079031050205231e-02 4.704505205154418945e-01 -1.251882165670394897e-01 -5.501889437437057495e-02 -4.420044124126434326e-01 6.332656741142272949e-01 -3.151863813400268555e-01 4.887312650680541992e-01 3.882541358470916748e-01 2.343764354009181261e-04 -7.148008942604064941e-01 6.428997963666915894e-02 2.694427371025085449e-01 9.081305861473083496e-01 -2.568314075469970703e-01 -1.493507176637649536e-01 3.620510995388031006e-01 -3.145810216665267944e-02 1.141343861818313599e-01 1.053146198391914368e-01 5.473470687866210938e-01 6.310205161571502686e-02 4.612093865871429443e-01 -2.020018175244331360e-02 -7.719781994819641113e-02 1.105487197637557983e-01 3.679729998111724854e-02 -9.063066840171813965e-01 -4.912816360592842102e-02 4.959723055362701416e-01 -2.208243161439895630e-01 -3.434200882911682129e-01 -3.298100531101226807e-01 -1.011923477053642273e-01
1.955747306346893311e-01 -2.568115890026092529e-01 7.868725657463073730e-01 2.535598278045654297e-01 -3.542870879173278809e-01 -6.372010707855224609e-01 -2.524001896381378174e-01 1.297195255756378174e-01 -1.456734072417020798e-02 2.715705931186676025e-01 6.622934937477111816e-01 -6.479591131210327148e-01 -1.025318503379821777e+00 -4.462853074073791504e-01 3.437530696392059326e-01 2.511427104473114014e-01 2.487977147102355957e-01 4.958389326930046082e-02 3.442350924015045166e-01 1.498024761676788330e-01 -5.838374793529510498e-02 2.082533091306686401e-01 -4.524635151028633118e-02 -7.000683546066284180e-01 1.956168711185455322e-01 5.539431571960449219e-01 1.703216880559921265e-02 2.630667686462402344e-01 6.322928071022033691e-01 -7.966380566358566284e-03 1.662633568048477173e-01 1.785386651754379272e-01 2.881850004196166992e-01 2.473245263099670410e-01 -1.227155923843383789e-01 4.737355709075927734e-01 -1.660922169685363770e-01 1.494651436805725098e-01 -4.306691288948059082e-01 -5.164579153060913086e-01 3.468232601881027222e-02 -6.995787471532821655e-02 -3.133240938186645508e-01 3.952262401580810547e-01 8.739407658576965332e-01 -1.063410520553588867e+00 -6.911620497703552246e-02 2.107383310794830322e-01 7.044785469770431519e-02 6.536200642585754395e-01 2.369454652070999146e-01 -7.073469161987304688e-01 3.976893424987792969e-01 2.513362169265747070e-01 6.534161567687988281e-01 3.916320800781250000e-01 -2.149265706539154053e-01 -3.691410422325134277e-01 2.839574515819549561e-01 -1.090290322899818420e-01 -1.478675901889801025e-01 -2.412104606628417969e-02 3.716716468334197998e-01 1.058508604764938354e-01
2.124702036380767822e-01 -6.313942074775695801e-01 2.647848129272460938e-01 1.230397000908851624e-01 -2.717279791831970215e-01 -3.735766187310218811e-02 2.626821026206016541e-02 2.459563612937927246e-01 -4.178988933563232422e-01 -3.496246039867401123e-01 1.152872681617736816e+00 -7.016364336013793945e-01 -2.802357077598571777e-01 -5.345669388771057129e-01 3.816115260124206543e-01 -1.728066988289356232e-02 -5.440441370010375977e-01 -3.246968984603881836e-01 4.470693767070770264e-01 -8.120372146368026733e-02 -4.554805457592010498e-01 6.787188649177551270e-01 5.699248984456062317e-02 -4.675839543342590332e-01 -4.071370661258697510e-01 8.652450442314147949e-01 -6.116508841514587402e-01 5.502061843872070312e-01 3.610413968563079834e-01 4.611842632293701172e-01 5.802695751190185547e-01 3.586893081665039062e-01 1.100326478481292725e-01 -3.419005572795867920e-01 -7.307123541831970215e-01 4.891578257083892822e-01 -1.261373609304428101e-01 2.891480326652526855e-01 -6.801502704620361328e-01 -2.408548891544342041e-01 4.732876121997833252e-01 -3.884147703647613525e-01 2.075845003128051758e-01 -4.223746433854103088e-02 1.506804861128330231e-02 -5.644245147705078125e-01 2.858577668666839600e-01 -8.406314998865127563e-02 3.813070058822631836e-02 3.535761237144470215e-01 -4.469365775585174561e-01 1.139272972941398621e-01 6.373565196990966797e-01 4.379012286663055420e-01 8.059426397085189819e-02 -2.437676340341567993e-01 8.713895082473754883e-01 -8.473038673400878906e-01 -2.732262909412384033e-01 -1.303727477788925171e-01 1.717798970639705658e-02 5.020717382431030273e-01 -9.506713151931762695e-01 6.814088225364685059e-01
8.362729549407958984e-01 -5.389999151229858398e-01 -1.509690284729003906e-01 -4.633425176143646240e-01 -4.068498909473419189e-01 -6.588505506515502930e-01 9.270899891853332520e-01 -2.884717285633087158e-01 -7.437614798545837402e-01 -2.768275141716003418e-01 1.407317668199539185e-01 -6.390896439552307129e-01 -9.460075199604034424e-02 -1.077043771743774414e+00 -5.107818245887756348e-01 1.403192520141601562e+00 1.497973054647445679e-01 -6.925061345100402832e-01 3.532618880271911621e-01 -1.981263756752014160e-01 8.446910381317138672e-01 5.431792736053466797e-01 4.970526099205017090e-01 -9.340864419937133789e-01 1.910187117755413055e-02 4.043757915496826172e-01 5.677509307861328125e-01 2.320162057876586914e-01 8.655756115913391113e-01 4.161210656166076660e-01 -8.193748593330383301e-01 4.473768770694732666e-01 -5.228086113929748535e-01 -1.108791351318359375e+00 -1.240920368582010269e-02 -3.609389364719390869e-01 -4.086975455284118652e-01 1.324439942836761475e-01 -1.909922361373901367e-01 5.022375583648681641e-01 4.884684085845947266e-01 3.496136069297790527e-01 -3.254165947437286377e-01 4.849061369895935059e-01 -3.321982026100158691e-01 -4.484639167785644531e-01 -3.987767398357391357e-01 -7.983099222183227539e-01 8.694822192192077637e-01 9.398066252470016479e-02 9.068180620670318604e-02 -6.300598382949829102e-01 1.285473227500915527e+00 -2.124636024236679077e-01 -1.889181733131408691e-01 1.788528449833393097e-02 -2.372248098254203796e-02 -1.564797312021255493e-01 -7.135388851165771484e-01 1.053032651543617249e-01 8.243956603109836578e-03 -1.439130604267120361e-01 9.372333437204360962e-02 3.250421956181526184e-02
7.512769103050231934e-01 -9.784079790115356445e-01 5.666999816894531250e-01 -2.033651061356067657e-02 -1.236533224582672119e-01 1.898473799228668213e-01 -1.676732152700424194e-01 -1.832864135503768921e-01 1.197175011038780212e-01 -1.147095020860433578e-02 1.361856341361999512e+00 -1.014291882514953613e+00 -3.612383902072906494e-01 -2.997523546218872070e-01 5.198571681976318359e-01 1.244715228676795959e-01 2.440933138132095337e-01 -4.486428499221801758e-01 9.638807773590087891e-01 -6.179984286427497864e-02 -4.438726305961608887e-01 1.085123181343078613e+00 -3.755567073822021484e-01 -7.265077829360961914e-01 3.288365304470062256e-01 6.363447308540344238e-01 4.217449203133583069e-02 2.690241038799285889e-01 4.283348321914672852e-01 2.007668316364288330e-01 6.996296048164367676e-01 -8.248922824859619141e-01 1.067337989807128906e-01 3.850205838680267334e-01 -5.165186524391174316e-01 -2.613032758235931396e-01 3.717036247253417969e-01 9.419376254081726074e-01 1.312985867261886597e-01 1.737013757228851318e-01 -6.397238969802856445e-01 2.817037403583526611e-01 -7.424043864011764526e-02 -4.154889285564422607e-02 6.112447381019592285e-01 -7.213573455810546875e-01 -2.024783790111541748e-01 -6.379256844520568848e-01 -3.658234775066375732e-01 4.089382290840148926e-01 4.389658570289611816e-01 -2.947719991207122803e-01 2.482416629791259766e-01 -1.746992766857147217e-01 -1.076281294226646423e-01 -7.742254436016082764e-02 2.344710826873779297e-01 -7.322140932083129883e-01 2.370365336537361145e-02 -1.836949139833450317e-01 -2.020569443702697754e-01 3.007550537586212158e-01 2.189663499593734741e-01 2.906985394656658173e-02
3.477231264114379883e-01 1.989631056785583496e-01 4.397553950548171997e-02 -4.442613422870635986e-01 -1.088833659887313843e-01 2.131390124559402466e-01 -1.172015368938446045e-01 2.460911273956298828e-01 -1.266532063484191895e+00 -2.584836781024932861e-01 9.424468874931335449e-01 -1.311203360557556152e+00 -2.209263890981674194e-01 -6.229509711265563965e-01 8.386844992637634277e-01 4.910471141338348389e-01 -4.099022150039672852e-01 -3.647108376026153564e-01 7.546274065971374512e-01 2.770462334156036377e-01 2.234351783990859985e-01 8.109864592552185059e-01 2.644041776657104492e-01 -7.271101474761962891e-01 -1.850481703877449036e-02 7.649220228195190430e-01 -3.323611915111541748e-01 4.736950621008872986e-02 1.397244334220886230e-01 6.079064011573791504e-01 4.751863181591033936e-01 9.357153177261352539e-01 1.989190578460693359e-01 -6.524721384048461914e-01 -1.045646548271179199e+00 3.150111138820648193e-01 -4.274905622005462646e-01 3.588514626026153564e-01 -7.757904529571533203e-01 -8.019236922264099121e-01 -5.243970155715942383e-01 2.229121476411819458e-01 -4.537183940410614014e-01 -1.733797043561935425e-01 -1.697542667388916016e-01 2.742944657802581787e-01 1.729533225297927856e-01 -4.010230898857116699e-01 -9.177098423242568970e-02 5.107177495956420898e-01 -5.646282434463500977e-01 -5.443713665008544922e-01 -2.139552682638168335e-01 -3.876041173934936523e-01 -4.046586453914642334e-01 -3.893538191914558411e-02 4.034416750073432922e-02 -1.102859497070312500e+00 -4.123014509677886963e-01 3.762627542018890381e-01 3.578890487551689148e-02 8.158245086669921875e-01 -3.342332839965820312e-01 7.683081030845642090e-01
8.105902671813964844e-01 -2.352771162986755371e-01 -6.112039089202880859e-01 -2.820217907428741455e-01 -3.288283348083496094e-01 -9.801301956176757812e-01 3.821842968463897705e-01 -1.372220516204833984e-01 -9.738020896911621094e-01 -5.353138446807861328e-01 4.016233142465353012e-03 -4.240839481353759766e-01 -2.486031055450439453e-01 -6.986148357391357422e-01 -3.029043078422546387e-01 6.819871664047241211e-01 3.514631092548370361e-01 -6.186534762382507324e-01 6.412453055381774902e-01 3.250422179698944092e-01 8.783735632896423340e-01 -4.126645028591156006e-01 -1.270095934160053730e-03 -1.157506465911865234e+00 4.630364943295717239e-03 1.220468059182167053e-01 1.034874245524406433e-01 8.382067680358886719e-01 2.369317114353179932e-01 5.390143021941184998e-03 9.477791190147399902e-02 7.114523053169250488e-01 -4.036959707736968994e-01 -1.042719960212707520e+00 7.817634940147399902e-02 2.951834201812744141e-01 -6.898403167724609375e-01 8.210682868957519531e-02 -1.454593092203140259e-01 4.367517232894897461e-01 5.458011850714683533e-02 3.645102381706237793e-01 -3.798604607582092285e-01 6.042892336845397949e-01 1.467669904232025146e-01 -2.567650377750396729e-01 -1.499363631010055542e-01 -1.038460373878479004e+00 1.014633059501647949e+00 6.795004010200500488e-02 3.719632625579833984e-01 2.960894703865051270e-01 9.085308909416198730e-01 -5.127964615821838379e-01 9.163798391819000244e-02 -3.565055876970291138e-02 5.942102074623107910e-01 -1.167794242501258850e-01 -2.666611969470977783e-01 3.940979838371276855e-01 3.399590253829956055e-01 3.847300708293914795e-01 7.041003704071044922e-01 1.725746542215347290e-01
7.714250087738037109e-01 -2.495749741792678833e-01 -5.724409222602844238e-01 -2.515849471092224121e-01 -3.879098296165466309e-01 -1.121117711067199707e+00 4.962731599807739258e-01 -2.387935370206832886e-01 -9.406780600547790527e-01 -5.034348964691162109e-01 -4.785725846886634827e-02 -4.176021814346313477e-01 -3.600829541683197021e-01 -6.309769153594970703e-01 -3.893603980541229248e-01 7.863914966583251953e-01 4.346085786819458008e-01 -6.700716614723205566e-01 7.685833573341369629e-01 5.106127858161926270e-01 1.134804368019104004e+00 -4.238437116146087646e-01 -9.978204965591430664e-02 -1.283249855041503906e+00 3.686756268143653870e-02 -1.213925927877426147e-01 9.930916130542755127e-02 4.886986911296844482e-01 2.820356190204620361e-01 4.557755962014198303e-02 1.119358558207750320e-02 5.861096382141113281e-01 -4.049759507179260254e-01 -1.040310502052307129e+00 8.416476845741271973e-02 1.866179257631301880e-01 -7.751154303550720215e-01 -9.533294290304183960e-02 -2.846231684088706970e-02 3.345438241958618164e-01 -5.198144540190696716e-02 3.476792275905609131e-01 -2.194430083036422729e-01 2.667035758495330811e-01 2.249206453561782837e-01 -3.480194211006164551e-01 -3.660686314105987549e-01 -9.260162115097045898e-01 8.977220058441162109e-01 1.867558658123016357e-01 3.583918809890747070e-01 1.083920150995254517e-01 8.433074355125427246e-01 -3.448432385921478271e-01 -3.760705515742301941e-02 4.862504303455352783e-01 4.410131573677062988e-01 -5.334701761603355408e-02 -4.359469711780548096e-01 4.718867838382720947e-01 2.431849837303161621e-01 4.266706407070159912e-01 3.406047523021697998e-01 2.065936103463172913e-02
-2.274036109447479248e-01 -3.484767675399780273e-01 -1.741670072078704834e-02 -5.327239632606506348e-01 -1.430915892124176025e-01 8.655229955911636353e-02 3.972800374031066895e-01 -9.465349465608596802e-02 -5.080522894859313965e-01 1.324398815631866455e-01 -1.694452613592147827e-01 -6.162738800048828125e-01 -5.200483202934265137e-01 -9.554178714752197266e-01 1.706599146127700806e-01 5.872796773910522461e-01 -3.112162351608276367e-01 2.247570604085922241e-01 2.991345524787902832e-01 9.858085960149765015e-02 5.105728507041931152e-01 -1.601274460554122925e-01 8.360484242439270020e-01 -3.443573713302612305e-01 4.863890409469604492e-01 3.973993659019470215e-01 9.225894808769226074e-01 1.062087938189506531e-01 1.108982339501380920e-01 4.189945459365844727e-01 1.223038956522941589e-01 -2.200037240982055664e-01 -3.744284212589263916e-01 -6.693590283393859863e-01 -7.199089974164962769e-03 1.168180927634239197e-01 4.239778816699981689e-01 1.097239479422569275e-01 2.084445804357528687e-01 5.995262861251831055e-01 1.900759339332580566e-01 -1.839914917945861816e-01 7.260455936193466187e-02 1.491066813468933105e-01 2.275639325380325317e-01 -2.348763942718505859e-01 -4.160698056221008301e-01 -1.560304641723632812e+00 8.592333197593688965e-01 -1.774518936872482300e-01 3.290996551513671875e-01 -9.403555989265441895e-01 1.289277076721191406e+00 4.871512651443481445e-01 -4.337657094001770020e-01 6.911245640367269516e-03 3.007998131215572357e-02 -2.673499286174774170e-01 -8.377303481101989746e-01 2.696304395794868469e-02 -1.179880574345588684e-01 1.376628726720809937e-01 -5.455406904220581055e-01 -1.575407385826110840e-01
4.627029299736022949e-01 -4.071300923824310303e-01 -2.173839062452316284e-01 1.454963237047195435e-01 7.789410948753356934e-01 -3.722764253616333008e-01 2.305739372968673706e-01 -9.130387566983699799e-03 -1.068498730659484863e+00 -3.764034807682037354e-01 5.452281832695007324e-01 -1.135146141052246094e+00 2.030220925807952881e-01 -1.130187869071960449e+00 2.898041605949401855e-01 5.433254837989807129e-01 3.304979801177978516e-01 6.491326093673706055e-01 1.279589533805847168e-01 8.495668172836303711e-01 7.469351291656494141e-01 -2.707753777503967285e-01 3.079385161399841309e-01 5.287909135222434998e-02 8.160961866378784180e-01 -2.950294315814971924e-01 1.571374386548995972e-01 -1.484690420329570770e-02 3.185231089591979980e-01 3.325410783290863037e-01 9.083873033523559570e-01 1.677857786417007446e-01 -4.427809715270996094e-01 -3.357328474521636963e-01 -2.739590704441070557e-01 -3.619123399257659912e-01 -2.480040192604064941e-01 -1.065521359443664551e+00 1.241431459784507751e-01 2.001760341227054596e-02 -1.423062682151794434e-01 1.000429168343544006e-01 -4.897896349430084229e-01 1.815020442008972168e-01 4.811752438545227051e-01 -3.096336126327514648e-01 -6.851767748594284058e-02 -6.316580176353454590e-01 -1.945463120937347412e-01 -2.897234857082366943e-01 -5.991235375404357910e-01 1.522448211908340454e-01 1.142974615097045898e+00 2.359004318714141846e-01 -2.375366985797882080e-01 3.477591574192047119e-01 1.694689840078353882e-01 -1.910452693700790405e-01 -3.809891045093536377e-01 -1.137318462133407593e-01 -8.468223810195922852e-01 2.567283213138580322e-01 2.271182984113693237e-01 -7.125840336084365845e-02
-8.988890051841735840e-02 -6.197067499160766602e-01 -6.421793997287750244e-02 -4.285446703433990479e-01 -4.978650808334350586e-01 -1.936108767986297607e-01 6.791489124298095703e-01 -6.486252695322036743e-02 -4.674351811408996582e-01 5.742472410202026367e-02 -2.861364185810089111e-01 -6.387841701507568359e-01 -4.968872070312500000e-01 -1.136698603630065918e+00 -1.922824233770370483e-01 1.045782208442687988e+00 -1.641537100076675415e-01 -6.129791587591171265e-02 2.309786714613437653e-02 -2.520028948783874512e-01 4.773804247379302979e-01 1.062932312488555908e-01 6.796179413795471191e-01 -7.687591910362243652e-01 1.525278836488723755e-01 2.772541940212249756e-01 8.581320643424987793e-01 2.298004776239395142e-01 1.676902920007705688e-01 5.136894583702087402e-01 -2.726927697658538818e-01 -1.007143631577491760e-01 -4.993252456188201904e-01 -8.815717101097106934e-01 -6.368965655565261841e-02 -1.365051865577697754e-01 3.467171639204025269e-02 1.210190430283546448e-01 -4.348577558994293213e-02 7.652382254600524902e-01 4.117317497730255127e-01 -3.068495988845825195e-01 -3.828756511211395264e-01 2.388785481452941895e-01 3.485709428787231445e-03 -1.750818043947219849e-01 -4.311556220054626465e-01 -1.210854411125183105e+00 8.737708926200866699e-01 -2.860497832298278809e-01 3.595534563064575195e-01 -7.309731841087341309e-01 1.424592137336730957e+00 3.272549435496330261e-02 -1.375578045845031738e-01 1.951784640550613403e-02 -1.606644392013549805e-01 8.968799374997615814e-03 -9.219814538955688477e-01 2.447412163019180298e-01 -2.600744366645812988e-01 -1.878994852304458618e-01 -1.275780349969863892e-01 -7.299499213695526123e-02
2.410437315702438354e-01 -2.781217098236083984e-01 -6.024372577667236328e-01 -4.281312525272369385e-01 1.061999648809432983e-01 1.349942088127136230e-01 1.357741653919219971e-01 1.056422442197799683e-01 -5.257741212844848633e-01 1.458368897438049316e-01 2.391596138477325439e-01 -1.292649984359741211e+00 -4.176433384418487549e-01 -1.234278559684753418e+00 1.102810129523277283e-01 1.011010929942131042e-01 1.738117486238479614e-01 -1.108540743589401245e-01 -1.077577248215675354e-01 9.445949196815490723e-01 5.286362767219543457e-01 6.454548984766006470e-02 5.864685773849487305e-01 -6.408516317605972290e-02 -1.447448134422302246e-01 3.712643384933471680e-01 1.048251867294311523e+00 7.554486393928527832e-02 7.154074311256408691e-01 -2.522957324981689453e-01 2.747009992599487305e-01 -8.159334538504481316e-04 -1.220802739262580872e-01 -6.140103340148925781e-01 -1.930764131247997284e-02 -1.181957796216011047e-01 6.855885386466979980e-01 -1.041735887527465820e+00 -3.202189505100250244e-01 -2.730297744274139404e-01 -1.964679658412933350e-01 4.099199473857879639e-01 4.017013609409332275e-01 -5.047006011009216309e-01 4.111432135105133057e-01 -1.531438082456588745e-01 -2.548167705535888672e-01 -9.438539147377014160e-01 7.866551280021667480e-01 -1.803954243659973145e-01 -2.281994819641113281e-01 -5.484956502914428711e-01 1.583347439765930176e+00 3.346330523490905762e-01 -7.670184969902038574e-01 2.268186658620834351e-01 -1.214594691991806030e-01 2.113115340471267700e-01 -8.607853651046752930e-01 -4.102941453456878662e-01 -3.734471499919891357e-01 8.205795288085937500e-01 -2.123861610889434814e-01 -8.922561258077621460e-02
-1.876671761274337769e-01 -5.733334422111511230e-01 -8.307650568895041943e-04 -2.098324149847030640e-01 1.062584444880485535e-01 -2.023473531007766724e-01 3.147656917572021484e-01 -1.679282039403915405e-01 -9.311669468879699707e-01 -3.496663570404052734e-01 1.415721047669649124e-02 -6.801702380180358887e-01 -3.733556270599365234e-01 -5.151246190071105957e-01 5.319755077362060547e-01 4.764613509178161621e-01 7.826123833656311035e-01 -3.251792192459106445e-01 6.090090870857238770e-01 7.943970561027526855e-01 4.197658300399780273e-01 -7.587799429893493652e-02 2.263380736112594604e-01 -4.702615141868591309e-01 3.172434270381927490e-01 6.552286148071289062e-01 -1.195747777819633484e-01 -4.862992465496063232e-01 2.640108466148376465e-01 1.845796555280685425e-01 6.289532780647277832e-01 4.721973463892936707e-02 -4.523930847644805908e-01 -1.389388680458068848e+00 -2.617503702640533447e-01 -4.313458502292633057e-01 -8.065758645534515381e-02 -1.779656410217285156e-01 1.989678889513015747e-01 7.681049108505249023e-01 7.238197922706604004e-01 -4.534630179405212402e-01 3.753700852394104004e-01 2.533636800944805145e-02 6.305338740348815918e-01 -2.922422587871551514e-01 3.231511637568473816e-02 -1.248883485794067383e+00 2.694207727909088135e-01 -4.024707973003387451e-01 4.840579032897949219e-01 -5.210871696472167969e-01 1.285855174064636230e-01 3.915962576866149902e-02 -8.573789000511169434e-01 1.917356848716735840e-01 5.206711590290069580e-02 3.531567156314849854e-01 -8.373074233531951904e-02 5.411465764045715332e-01 -5.059599131345748901e-02 1.063827648758888245e-01 -4.381331205368041992e-01 -1.407641731202602386e-02
3.235045671463012695e-01 -7.652558088302612305e-01 4.800862073898315430e-01 1.783504337072372437e-01 -2.182288914918899536e-01 1.478624939918518066e-01 3.721078634262084961e-01 5.111433863639831543e-01 -9.812333583831787109e-01 -5.143882632255554199e-01 2.032522261142730713e-01 1.561864018440246582e-01 -1.725277304649353027e-01 -2.576344907283782959e-01 -1.161364838480949402e-01 1.941482424736022949e-01 4.078105092048645020e-01 -6.173453927040100098e-01 2.609524428844451904e-01 4.866166412830352783e-02 6.897132992744445801e-01 7.592954635620117188e-01 3.604115545749664307e-01 -3.326244354248046875e-01 5.000838041305541992e-01 4.979784190654754639e-01 -3.105573058128356934e-01 2.080266475677490234e-01 -3.244925737380981445e-01 5.120355486869812012e-01 9.162847995758056641e-01 -4.943080246448516846e-02 -1.187715753912925720e-01 -5.100992321968078613e-02 -3.838899135589599609e-01 7.394911646842956543e-01 2.491874843835830688e-01 6.784722208976745605e-01 1.185317896306514740e-02 2.020180411636829376e-02 4.322938248515129089e-02 1.106004640460014343e-01 -1.983875483274459839e-01 9.658297896385192871e-01 3.734739720821380615e-01 -7.810394763946533203e-01 6.474074721336364746e-02 2.226854562759399414e-01 4.829257130622863770e-01 6.772615313529968262e-01 7.959242910146713257e-02 -7.810442149639129639e-02 6.630698917433619499e-04 7.284188270568847656e-01 8.797780871391296387e-01 -8.967201709747314453e-01 -1.904262006282806396e-01 -5.416527390480041504e-01 -5.239479541778564453e-01 2.486125379800796509e-01 -3.829311430454254150e-01 -1.462378446012735367e-02 -3.848294317722320557e-01 -4.784609079360961914e-01
1.027314901351928711e+00 -2.412819564342498779e-01 4.097666144371032715e-01 1.849094778299331665e-01 2.668536901473999023e-01 3.720443695783615112e-02 -1.510827839374542236e-01 -7.604489326477050781e-01 -7.811520099639892578e-01 -6.569294929504394531e-01 -1.260108947753906250e-01 -1.184595346450805664e+00 -2.334968447685241699e-01 -7.984504103660583496e-02 2.365360409021377563e-01 1.048510313034057617e+00 -4.568879008293151855e-01 3.005750477313995361e-01 7.557376474142074585e-02 5.647882819175720215e-01 4.740765318274497986e-02 1.348851084709167480e+00 -3.955476880073547363e-01 -4.071570932865142822e-01 -1.074021309614181519e-01 4.750421941280364990e-01 2.886113524436950684e-01 -2.844843268394470215e-01 1.557866334915161133e-01 -1.881667226552963257e-01 5.671846270561218262e-01 1.574347168207168579e-01 -2.530560195446014404e-01 -1.939799487590789795e-01 -1.486315429210662842e-01 1.197909712791442871e-01 4.085893277078866959e-03 6.619637012481689453e-01 -7.958460450172424316e-01 -8.586519956588745117e-02 7.052037119865417480e-02 3.102938830852508545e-02 3.027649223804473877e-01 -2.171417623758316040e-01 -4.731671810150146484e-01 -8.063390254974365234e-01 -5.018227919936180115e-02 -9.245716780424118042e-02 1.247396096587181091e-01 1.152541279792785645e+00 -1.004319071769714355e+00 5.092348903417587280e-02 -9.637036174535751343e-02 -3.394093811511993408e-01 2.641614973545074463e-01 -7.778869867324829102e-01 -1.514730155467987061e-01 -9.133146405220031738e-01 2.955530211329460144e-02 8.642746210098266602e-01 1.811794787645339966e-01 1.774319857358932495e-01 -2.157280743122100830e-01 3.542510271072387695e-01
2.222077846527099609e-01 3.262712657451629639e-01 5.686432719230651855e-01 2.740594446659088135e-01 -5.237576961517333984e-01 -5.961390957236289978e-02 2.295638918876647949e-01 3.105548322200775146e-01 -3.844077587127685547e-01 -5.156100392341613770e-01 6.224237680435180664e-01 -3.558937609195709229e-01 -7.372148036956787109e-01 -7.266237586736679077e-02 8.941648602485656738e-01 4.328289628028869629e-01 1.148259565234184265e-01 1.443207710981369019e-01 5.659046769142150879e-01 7.196244597434997559e-01 1.967532001435756683e-02 6.391441226005554199e-01 8.964219093322753906e-01 -3.519854843616485596e-01 3.880386427044868469e-02 1.226751878857612610e-01 -2.762978672981262207e-01 -5.513516664505004883e-01 -1.482231467962265015e-01 1.544594299048185349e-02 -6.053499504923820496e-02 3.489063680171966553e-01 2.786991596221923828e-01 -6.078618764877319336e-01 2.099601179361343384e-01 -9.580840915441513062e-02 1.289286911487579346e-01 1.044857144355773926e+00 -1.197120323777198792e-01 1.666456609964370728e-01 1.481328438967466354e-02 2.592580914497375488e-01 -2.227058410644531250e-01 2.393923997879028320e-01 7.026129961013793945e-01 -9.507143497467041016e-01 3.066495954990386963e-01 9.326180219650268555e-01 3.346220850944519043e-01 -1.018032431602478027e-01 2.465012818574905396e-01 -3.396604955196380615e-01 1.838660687208175659e-01 -2.143854647874832153e-01 2.709717452526092529e-01 -3.812137246131896973e-01 -1.643554717302322388e-01 -6.131924390792846680e-01 -5.511835962533950806e-02 3.920244425535202026e-02 -7.270579934120178223e-01 -4.692095145583152771e-02 2.459915876388549805e-01 8.611164987087249756e-03
-1.162735074758529663e-01 7.493061572313308716e-02 -7.110776305198669434e-01 3.362165987491607666e-01 8.299270120915025473e-05 -1.348163187503814697e-01 6.965097784996032715e-02 -1.448710411787033081e-01 -9.541783332824707031e-01 -6.416878700256347656e-01 4.906175732612609863e-01 -9.265947341918945312e-01 2.239903360605239868e-01 -6.584306359291076660e-01 2.084603905677795410e-01 6.445830464363098145e-01 -2.386690229177474976e-01 -6.532246470451354980e-01 6.556244101375341415e-03 1.161417722702026367e+00 5.454613566398620605e-01 1.049121499061584473e+00 2.347616851329803467e-01 -3.376489281654357910e-01 2.355857491493225098e-01 9.562974423170089722e-02 -6.049789190292358398e-01 -3.648067265748977661e-02 1.068926215171813965e+00 -2.331409603357315063e-01 -4.579462707042694092e-01 9.971132874488830566e-01 -2.112201601266860962e-01 2.149809300899505615e-01 -1.734987974166870117e+00 -4.229489266872406006e-01 8.440974950790405273e-01 -2.147464007139205933e-01 1.959767937660217285e-01 4.138147234916687012e-01 5.110701918601989746e-01 9.724272042512893677e-02 6.602002382278442383e-01 7.404035329818725586e-01 1.595792174339294434e+00 -4.452616870403289795e-01 -8.140083551406860352e-01 -1.214946866035461426e+00 4.989702403545379639e-01 9.335537254810333252e-02 7.323307991027832031e-01 -1.774241775274276733e-02 -1.453008223325014114e-02 4.761587381362915039e-01 2.794867455959320068e-01 -4.821096360683441162e-01 -5.098395347595214844e-01 -6.777825951576232910e-01 -3.620050251483917236e-01 1.012801527976989746e+00 -1.757069975137710571e-01 3.435248136520385742e-01 7.248975336551666260e-02 3.243324458599090576e-01
7.501971721649169922e-01 4.936936870217323303e-02 4.912601113319396973e-01 -3.080143332481384277e-01 -4.260398149490356445e-01 -3.433604538440704346e-01 1.809933036565780640e-02 1.806269884109497070e-01 -1.081871032714843750e+00 -1.188052743673324585e-01 4.638097584247589111e-01 1.125536859035491943e-01 1.900658756494522095e-01 -2.238668203353881836e-01 -1.025878489017486572e-01 4.794814884662628174e-01 1.087241321802139282e-01 4.810323193669319153e-02 5.279427170753479004e-01 -1.043137758970260620e-01 -6.543914675712585449e-01 4.991503432393074036e-02 -3.256192207336425781e-01 1.120944470167160034e-01 -2.650357186794281006e-01 1.092032432556152344e+00 -7.517706751823425293e-01 -2.992676496505737305e-01 4.628679752349853516e-01 -6.747841089963912964e-02 1.086475968360900879e+00 5.119894742965698242e-01 -4.963954687118530273e-01 -1.175889000296592712e-01 1.675576120615005493e-01 1.047861725091934204e-01 7.461182028055191040e-02 1.653945893049240112e-01 -7.449351251125335693e-02 -2.346426695585250854e-01 2.261154651641845703e-01 7.715045660734176636e-02 6.438320279121398926e-01 6.454567909240722656e-01 9.007405638694763184e-01 -7.863866686820983887e-01 -5.410009026527404785e-01 1.800822317600250244e-01 5.809754878282546997e-02 6.479600816965103149e-02 3.258427083492279053e-01 3.944140374660491943e-01 1.049588680267333984e+00 -2.482123821973800659e-01 -8.862781524658203125e-02 -4.076524376869201660e-01 6.865473985671997070e-01 -5.879904627799987793e-01 8.983694761991500854e-02 5.876146554946899414e-01 -6.065323352813720703e-01 4.895490109920501709e-01 -4.728667140007019043e-01 -4.999133348464965820e-01
-1.328209489583969116e-01 6.850458979606628418e-01 9.487167596817016602e-01 3.550313711166381836e-01 -6.808235049247741699e-01 -6.015980243682861328e-01 -1.760171949863433838e-01 9.865342825651168823e-02 -3.202813565731048584e-01 1.878572553396224976e-01 8.676040768623352051e-01 -9.059936553239822388e-02 -5.168381333351135254e-01 -7.590954750776290894e-02 3.154723942279815674e-01 9.355369806289672852e-01 2.503380179405212402e-02 -2.812330424785614014e-01 -9.736443310976028442e-02 5.501605868339538574e-01 -7.048341631889343262e-01 4.600006341934204102e-01 4.763453453779220581e-02 -5.737169384956359863e-01 9.555160999298095703e-02 5.828514695167541504e-02 -9.486833959817886353e-02 -2.183237522840499878e-01 1.530504375696182251e-01 3.913015723228454590e-01 8.852707147598266602e-01 4.889591932296752930e-01 -8.427649140357971191e-01 -3.165665864944458008e-01 -2.973742783069610596e-01 -1.907495111227035522e-01 3.151215016841888428e-01 6.138156056404113770e-01 -1.236426681280136108e-01 -7.676861882209777832e-01 -1.164914146065711975e-01 3.286929130554199219e-01 6.691350135952234268e-03 4.373633563518524170e-01 4.627708196640014648e-01 -3.462825417518615723e-01 -2.109439074993133545e-01 -2.688989639282226562e-01 7.926989197731018066e-01 4.258938133716583252e-01 8.491588383913040161e-02 -1.797932386398315430e-01 1.366527378559112549e-01 -5.081138610839843750e-01 -2.923974990844726562e-01 -1.165496855974197388e-01 -6.517555117607116699e-01 -2.512491047382354736e-01 -6.721111536026000977e-01 -4.122447669506072998e-01 2.532854378223419189e-01 -7.810014486312866211e-01 6.661912202835083008e-01 1.661223769187927246e-01
-2.600389122962951660e-01 4.974280297756195068e-02 3.595574796199798584e-01 -9.640690088272094727e-01 5.707955956459045410e-01 -1.038132533431053162e-01 6.525977700948715210e-02 2.369216270744800568e-02 -6.728423237800598145e-01 1.806813180446624756e-01 5.518470406532287598e-01 -1.840152502059936523e+00 -5.682216286659240723e-01 -4.047538042068481445e-01 -8.479142934083938599e-02 5.520078539848327637e-01 -1.150474697351455688e-01 -3.991825580596923828e-01 1.763052791357040405e-01 2.977900207042694092e-01 5.589612573385238647e-02 4.502115249633789062e-01 1.097992539405822754e+00 4.578786790370941162e-01 2.860020995140075684e-01 -2.478204369544982910e-01 2.685103714466094971e-01 3.936555683612823486e-01 -2.972755953669548035e-02 -3.819392621517181396e-01 -4.912782013416290283e-01 2.591712176799774170e-01 -2.469376772642135620e-01 -4.489219784736633301e-01 1.358714997768402100e-01 6.489704847335815430e-01 3.243949115276336670e-01 4.879108071327209473e-01 4.462998211383819580e-01 3.371095284819602966e-02 3.646104335784912109e-01 1.384362727403640747e-01 -2.267665117979049683e-01 3.489135801792144775e-01 3.797974288463592529e-01 8.633337914943695068e-02 -1.466373950242996216e-01 -1.224223494529724121e+00 -1.036478281021118164e-01 1.614888459444046021e-01 -2.453824877738952637e-01 2.017785459756851196e-01 7.593497037887573242e-01 5.960695073008537292e-02 -4.161587655544281006e-01 -1.851646304130554199e-01 1.697358340024948120e-01 -1.627160608768463135e-01 -5.465272068977355957e-01 4.805962443351745605e-01 -3.796573877334594727e-01 7.246652990579605103e-02 4.050302505493164062e-01 2.157407999038696289e-01
1.559018790721893311e-01 -3.921699225902557373e-01 -2.814386487007141113e-01 1.541558951139450073e-01 8.037999868392944336e-01 -6.642218232154846191e-01 1.708691716194152832e-01 -6.004362106323242188e-01 -6.744988560676574707e-01 -4.603603109717369080e-02 2.898000776767730713e-01 -1.117416143417358398e+00 -2.157305777072906494e-01 -8.923696279525756836e-01 -3.880875185132026672e-02 -2.360756248235702515e-01 7.005285620689392090e-01 9.311904758214950562e-02 6.165426224470138550e-03 9.356798529624938965e-01 6.314299702644348145e-01 -5.625109076499938965e-01 9.268088936805725098e-01 3.607764542102813721e-01 3.112974204123020172e-02 -2.886830866336822510e-01 -3.728262782096862793e-01 -1.643970608711242676e-01 3.777459859848022461e-01 2.670271992683410645e-01 5.277260541915893555e-01 -6.220537237823009491e-03 6.593871116638183594e-02 -3.855397701263427734e-01 -5.615250468254089355e-01 2.502809762954711914e-01 -2.195292524993419647e-02 1.024850234389305115e-01 3.159523382782936096e-02 -3.633471950888633728e-02 -1.473353654146194458e-01 -1.581097543239593506e-01 -5.748469233512878418e-01 4.998420178890228271e-01 2.048976421356201172e-01 1.256659030914306641e-01 1.998269259929656982e-01 -1.196572542190551758e+00 1.140878815203905106e-02 -3.747971057891845703e-01 -2.704794108867645264e-01 -1.532865036278963089e-02 8.880901336669921875e-01 1.190892308950424194e-01 -5.912433862686157227e-01 -5.857026576995849609e-01 -1.420696377754211426e-01 -5.220622420310974121e-01 -3.016097545623779297e-01 6.102567315101623535e-01 -9.339670836925506592e-02 -1.244433037936687469e-02 3.972506821155548096e-01 1.272181514650583267e-02
-3.232734501361846924e-01 1.974461227655410767e-01 -1.115584000945091248e-01 -4.106284976005554199e-01 1.494659632444381714e-01 -2.465873360633850098e-01 -5.187118053436279297e-01 6.118138432502746582e-01 -9.487957358360290527e-01 -3.187452554702758789e-01 6.271438300609588623e-02 -9.229047894477844238e-01 1.559514850378036499e-01 -7.964561134576797485e-02 7.262828350067138672e-01 4.495091736316680908e-01 -4.608051180839538574e-01 -4.430134296417236328e-01 3.619039952754974365e-01 3.416613042354583740e-01 -8.685764670372009277e-02 1.041506290435791016e+00 -1.641886085271835327e-01 -4.825876057147979736e-01 -1.533647924661636353e-01 2.522594332695007324e-01 -6.795366406440734863e-01 -5.564317703247070312e-01 3.465174734592437744e-01 1.321826726198196411e-01 -5.734937787055969238e-01 6.044824123382568359e-01 -7.342514395713806152e-02 8.746730536222457886e-02 -1.125749707221984863e+00 -4.151544868946075439e-01 -2.544804513454437256e-01 -4.203257262706756592e-01 5.783189535140991211e-01 -6.190194189548492432e-02 9.603915363550186157e-02 3.233740627765655518e-01 -5.902429297566413879e-02 4.434403479099273682e-01 7.100440859794616699e-01 1.221453696489334106e-01 4.619252979755401611e-01 -5.357297062873840332e-01 1.195853725075721741e-01 6.950056552886962891e-01 3.135568797588348389e-01 -1.832929402589797974e-01 -1.621003597974777222e-01 -5.815406441688537598e-01 3.583300113677978516e-01 -2.666690051555633545e-01 -7.942965030670166016e-01 -1.057676076889038086e+00 -4.240071475505828857e-01 7.859942317008972168e-01 -5.429465770721435547e-01 6.020177602767944336e-01 3.282216936349868774e-02 5.624220967292785645e-01
4.427653253078460693e-01 -7.997266054153442383e-01 2.412884086370468140e-01 1.014774665236473083e-02 -6.602554768323898315e-02 -5.430994033813476562e-01 -1.374273598194122314e-01 2.071318402886390686e-02 1.682883054018020630e-01 -9.053994417190551758e-01 4.231972992420196533e-01 -3.494888544082641602e-02 -1.721318960189819336e-01 1.477514654397964478e-01 3.658281862735748291e-01 4.509130120277404785e-01 -1.522085666656494141e-01 -4.186738133430480957e-01 5.632431507110595703e-01 4.516004621982574463e-01 4.240053892135620117e-01 3.940220177173614502e-01 7.271871566772460938e-01 -1.686325222253799438e-01 3.160035908222198486e-01 2.273310422897338867e-01 4.804642498493194580e-02 5.459910631179809570e-01 -5.518387258052825928e-02 1.146168038249015808e-01 4.379443824291229248e-01 -6.485723704099655151e-02 1.318973153829574585e-01 -4.757260680198669434e-01 2.322076559066772461e-01 -3.968631625175476074e-01 4.011577926576137543e-03 5.592921376228332520e-01 -4.204266369342803955e-01 -2.545160055160522461e-01 2.846760451793670654e-01 -9.486538171768188477e-02 -2.385535985231399536e-01 -1.773061752319335938e-01 5.914371013641357422e-01 -9.789637923240661621e-01 7.490376830101013184e-01 -3.144244253635406494e-01 5.252109766006469727e-01 1.335303783416748047e+00 -3.076601922512054443e-01 -6.512586474418640137e-01 1.441105306148529053e-01 3.532534837722778320e-01 5.420958995819091797e-01 -3.603235483169555664e-01 6.732776761054992676e-02 -2.730368077754974365e-01 -3.512797057628631592e-01 5.422426760196685791e-02 -6.665118932723999023e-01 -7.265546172857284546e-02 2.829977571964263916e-01 3.028381466865539551e-01
4.902684986591339111e-01 4.144737124443054199e-01 4.838186800479888916e-01 -4.282194972038269043e-01 2.310521006584167480e-01 5.530911684036254883e-01 -4.507641494274139404e-01 1.451965868473052979e-01 -8.522324562072753906e-01 2.663251161575317383e-01 5.900760293006896973e-01 -5.960412025451660156e-01 5.220514535903930664e-01 -1.788421869277954102e-01 1.106517910957336426e+00 5.374231934547424316e-01 3.750112056732177734e-01 -4.743577837944030762e-01 8.985520005226135254e-01 4.910622239112854004e-01 -1.998494006693363190e-02 6.859595179557800293e-01 3.926061689853668213e-01 -6.629921793937683105e-01 -4.393399655818939209e-01 5.328157544136047363e-01 1.528542339801788330e-01 -1.094440966844558716e-01 1.840570569038391113e-01 -3.393755853176116943e-02 1.924809813499450684e-01 2.317910790443420410e-01 2.246874123811721802e-01 -4.239168167114257812e-01 -7.448556423187255859e-01 4.533738363534212112e-03 -2.710200846195220947e-01 2.818768322467803955e-01 -6.923552155494689941e-01 -7.514711469411849976e-02 -8.365095257759094238e-01 -1.941372007131576538e-01 -2.211212217807769775e-01 7.103713154792785645e-01 1.590843200683593750e-01 -3.520953059196472168e-01 -3.752430379390716553e-01 -6.461661458015441895e-01 -2.964564971625804901e-02 1.696613878011703491e-01 1.587710976600646973e-01 1.366047114133834839e-01 3.743183910846710205e-01 -8.549678325653076172e-01 3.246461749076843262e-01 2.072400227189064026e-02 2.517310976982116699e-01 -7.058374285697937012e-01 -4.252747893333435059e-01 4.089665710926055908e-01 -2.073844335973262787e-02 -1.250456124544143677e-01 5.044937729835510254e-01 7.718182206153869629e-01
4.619033038616180420e-01 4.222111105918884277e-01 6.541662216186523438e-01 -6.014482378959655762e-01 -6.307061314582824707e-01 -5.731936693191528320e-01 5.305245518684387207e-01 7.216496467590332031e-01 -3.755396604537963867e-01 3.513348698616027832e-01 2.815038263797760010e-01 -1.188646435737609863e+00 -7.427775263786315918e-01 -3.959517776966094971e-01 8.095179796218872070e-01 3.870736658573150635e-01 1.568977236747741699e-01 -4.960662424564361572e-01 2.092763036489486694e-01 6.896299123764038086e-01 6.339011788368225098e-01 3.056240379810333252e-01 3.976556956768035889e-01 3.450899422168731689e-01 2.516079843044281006e-01 2.125111967325210571e-02 4.265626147389411926e-02 -8.968642950057983398e-01 8.414220996201038361e-03 3.842693865299224854e-01 -1.193024367094039917e-01 3.365484476089477539e-01 1.534195244312286377e-01 -1.105843663215637207e+00 -2.667682170867919922e-01 3.046616911888122559e-01 5.877503752708435059e-01 5.533530712127685547e-01 -6.057527661323547363e-01 2.325065201148390770e-03 -7.791911363601684570e-01 -2.050125151872634888e-01 -5.238189101219177246e-01 7.073709964752197266e-01 1.677288413047790527e-01 -5.556232333183288574e-01 8.291910588741302490e-02 -4.208913743495941162e-01 4.897393584251403809e-01 2.070784866809844971e-01 2.257921546697616577e-01 -2.627438604831695557e-01 -1.217209249734878540e-01 -3.584525585174560547e-01 -2.454712539911270142e-01 -2.337674498558044434e-01 -1.595283485949039459e-02 -3.327425420284271240e-01 1.733381859958171844e-02 -7.745357155799865723e-01 -7.031994462013244629e-01 -2.178600877523422241e-01 3.530490994453430176e-01 4.268969297409057617e-01
3.454220294952392578e-01 -4.002557098865509033e-01 5.722033381462097168e-01 4.360709190368652344e-01 -4.252212122082710266e-03 -4.029179736971855164e-02 6.157798767089843750e-01 5.322863459587097168e-01 -6.908995509147644043e-01 -4.563054144382476807e-01 1.686259508132934570e-01 -2.973237335681915283e-01 -3.166685998439788818e-01 -4.219903945922851562e-01 2.588576972484588623e-01 2.668887078762054443e-01 5.262877345085144043e-01 -1.028547525405883789e+00 6.602890491485595703e-01 4.265048205852508545e-01 7.814060449600219727e-01 1.023523449897766113e+00 5.622152090072631836e-01 -7.506390810012817383e-01 2.624332904815673828e-01 2.847650349140167236e-01 -3.762790858745574951e-01 1.214278191328048706e-01 -4.057458937168121338e-01 3.382781744003295898e-01 8.148020505905151367e-01 -4.695937037467956543e-02 -3.162191212177276611e-01 -3.235178589820861816e-01 -1.173542216420173645e-01 6.104833483695983887e-01 5.128583908081054688e-01 4.466128349304199219e-01 -7.974004000425338745e-02 4.627121090888977051e-01 -5.430091619491577148e-01 1.398442685604095459e-01 -6.733811646699905396e-02 8.819037675857543945e-01 -2.910020016133785248e-02 -9.900149106979370117e-01 6.022416949272155762e-01 1.425593942403793335e-01 5.856651663780212402e-01 1.133211255073547363e-01 6.023838184773921967e-03 -1.944486051797866821e-02 -6.528561562299728394e-02 4.801888465881347656e-01 7.155821919441223145e-01 -7.453756928443908691e-01 -1.679423898458480835e-01 -6.439301967620849609e-01 -2.245586663484573364e-01 4.749069511890411377e-01 -4.311047494411468506e-01 -2.897656261920928955e-01 -3.143324255943298340e-01 -2.786733210086822510e-01
6.777750253677368164e-01 2.145492434501647949e-01 4.781544208526611328e-01 -3.186074793338775635e-01 -1.690122932195663452e-01 -2.784411609172821045e-01 -6.525264680385589600e-02 -3.277980722486972809e-03 -6.845771074295043945e-01 -3.568330314010381699e-03 6.250759363174438477e-01 -4.880504310131072998e-02 2.792316079139709473e-01 -3.699496090412139893e-01 -1.595325917005538940e-01 6.676183342933654785e-01 -1.033536270260810852e-01 1.810953319072723389e-01 3.788861632347106934e-01 1.444663107395172119e-01 -8.399753570556640625e-01 -2.277795374393463135e-01 -2.860172390937805176e-01 1.579329073429107666e-01 -4.760292768478393555e-01 9.309966564178466797e-01 -4.799298644065856934e-01 -1.466524302959442139e-01 5.684854388236999512e-01 -1.237565577030181885e-01 8.046776056289672852e-01 6.698440909385681152e-01 -4.056168198585510254e-01 6.261965632438659668e-02 1.508493721485137939e-01 1.384827792644500732e-01 2.278763502836227417e-01 3.533810675144195557e-01 -2.178932428359985352e-01 -3.996150195598602295e-01 3.208432719111442566e-02 1.057925745844841003e-01 4.156919121742248535e-01 8.615811467170715332e-01 6.113407611846923828e-01 -6.385843753814697266e-01 -3.407585024833679199e-01 -1.536937057971954346e-01 1.213771998882293701e-01 4.279763996601104736e-01 4.555781185626983643e-01 3.037057220935821533e-01 1.069199204444885254e+00 -1.222427710890769958e-01 1.453431993722915649e-01 -1.412134468555450439e-01 7.050046324729919434e-01 -3.578126132488250732e-01 2.938665077090263367e-02 5.393971800804138184e-01 -7.159394621849060059e-01 8.630658686161041260e-02 -6.494332551956176758e-01 -2.295146584510803223e-01
4.128831923007965088e-01 -5.937755703926086426e-01 9.944745302200317383e-01 -2.497504204511642456e-01 -1.786375045776367188e-01 6.211534738540649414e-01 -4.255559146404266357e-01 2.184952944517135620e-01 -2.741381525993347168e-01 -9.301544167101383209e-03 9.885839819908142090e-01 -8.553377985954284668e-01 2.326938807964324951e-01 -1.362696141004562378e-01 6.888092160224914551e-01 1.801599115133285522e-01 2.343881279230117798e-01 -2.585758268833160400e-01 1.098293900489807129e+00 1.734310947358608246e-02 -7.571150064468383789e-01 7.185754179954528809e-01 1.304815113544464111e-01 -8.028328418731689453e-01 1.067075207829475403e-01 4.370275139808654785e-01 2.387482374906539917e-01 -1.834639608860015869e-01 4.248032271862030029e-01 3.079071342945098877e-01 5.413423776626586914e-01 -2.452990412712097168e-01 3.089555799961090088e-01 4.130728170275688171e-02 -7.602816820144653320e-01 -3.312854468822479248e-01 -1.094257533550262451e-01 7.728102207183837891e-01 -2.490222007036209106e-01 2.125107944011688232e-01 -9.629796147346496582e-01 2.071766108274459839e-01 -1.080030202865600586e-01 3.230367004871368408e-01 1.080015301704406738e-01 -4.711464047431945801e-01 -2.656675577163696289e-01 -8.351796269416809082e-01 -1.834931671619415283e-01 2.330648303031921387e-01 1.354159563779830933e-01 -1.034649685025215149e-01 1.522706449031829834e-01 -4.314762651920318604e-01 1.555499285459518433e-01 2.375192940235137939e-02 3.185940980911254883e-01 -8.537325859069824219e-01 -3.522887825965881348e-02 2.006868720054626465e-01 1.246899366378784180e-01 -1.005119681358337402e-01 6.341269612312316895e-01 5.549520850181579590e-01
-2.753481566905975342e-01 -8.359150886535644531e-01 1.866012252867221832e-02 2.181098610162734985e-01 1.649395823478698730e-01 6.603767722845077515e-02 -7.505664974451065063e-02 -2.847517025656998158e-04 -3.323083221912384033e-01 2.568061649799346924e-01 3.962258398532867432e-01 -3.406446576118469238e-01 -5.795486569404602051e-01 -9.167466312646865845e-02 -3.278523087501525879e-01 2.482631504535675049e-01 -1.975805163383483887e-01 -1.474317014217376709e-01 3.927850425243377686e-01 5.567001104354858398e-01 6.486477255821228027e-01 5.292861023917794228e-04 -6.042588502168655396e-02 -1.304790973663330078e-01 -1.510420292615890503e-01 5.448705554008483887e-01 4.274112582206726074e-01 -1.374260336160659790e-01 7.376062273979187012e-01 2.895260751247406006e-01 4.520533382892608643e-01 -3.183270096778869629e-01 -5.694671273231506348e-01 1.550998836755752563e-01 1.331341117620468140e-01 -1.871153861284255981e-01 -2.027459293603897095e-01 1.154131963849067688e-01 -1.780428141355514526e-01 -7.547467350959777832e-01 2.107521891593933105e-01 2.710821293294429779e-02 -4.558929502964019775e-01 2.573865354061126709e-01 4.793745875358581543e-01 -4.043338000774383545e-01 -4.348118007183074951e-01 -1.020960569381713867e+00 1.036347389221191406e+00 4.497413933277130127e-01 -5.991546511650085449e-01 -2.858147621154785156e-01 7.247435301542282104e-02 7.205218076705932617e-01 3.598988056182861328e-01 -3.593475818634033203e-01 -6.216875836253166199e-02 -6.850454211235046387e-01 -4.882626831531524658e-01 -1.637441664934158325e-01 -6.867730021476745605e-01 2.189653217792510986e-01 5.693367496132850647e-02 -6.496115922927856445e-01
2.999170720577239990e-01 2.976184785366058350e-01 3.334462344646453857e-01 3.215054869651794434e-01 -4.393202364444732666e-01 -2.532127201557159424e-01 3.345540463924407959e-01 5.130703449249267578e-01 -5.141413211822509766e-01 -5.098912119865417480e-01 4.317944347858428955e-01 -3.305393457412719727e-01 -6.105016469955444336e-01 -1.524685882031917572e-02 7.187585830688476562e-01 3.100904524326324463e-01 3.993510007858276367e-01 3.530637174844741821e-02 5.719616413116455078e-01 8.745653629302978516e-01 -8.123837411403656006e-02 4.699435830116271973e-01 6.915435791015625000e-01 -2.678382098674774170e-01 2.965540587902069092e-01 3.195470273494720459e-01 -2.186383903026580811e-01 -6.353409886360168457e-01 -1.096738427877426147e-01 5.700640380382537842e-02 1.146815195679664612e-01 3.021377325057983398e-01 2.101952433586120605e-01 -5.323256254196166992e-01 1.833823174238204956e-01 -2.001080513000488281e-01 -2.370253764092922211e-02 8.384197354316711426e-01 -1.580213457345962524e-01 3.616853952407836914e-01 -2.804804742336273193e-01 4.041075110435485840e-01 -4.179566502571105957e-01 1.253385543823242188e-01 4.742920398712158203e-01 -7.162426114082336426e-01 1.789798736572265625e-01 6.126641631126403809e-01 2.219105362892150879e-01 1.621347814798355103e-01 1.971710473299026489e-01 -4.496059417724609375e-01 1.108837500214576721e-01 -4.183525443077087402e-01 2.398645281791687012e-01 -5.101794600486755371e-01 -2.563230991363525391e-01 -6.660681366920471191e-01 -3.102691173553466797e-01 -2.909744679927825928e-01 -9.923868775367736816e-01 -1.338111460208892822e-01 1.227477192878723145e-01 1.324474215507507324e-01
4.972628653049468994e-01 -6.417396068572998047e-01 6.352906227111816406e-01 3.642274439334869385e-01 -6.345255374908447266e-01 -5.789917111396789551e-01 -4.071332886815071106e-02 -3.998444676399230957e-01 -2.812544703483581543e-01 -1.722135841846466064e-01 2.435780763626098633e-01 -6.049023866653442383e-01 1.135573163628578186e-01 -4.524493515491485596e-01 5.545729398727416992e-01 1.428509503602981567e-01 2.231265455484390259e-01 2.090969979763031006e-01 9.552247524261474609e-01 8.750639557838439941e-01 -4.048157110810279846e-02 4.357416033744812012e-01 8.393455063924193382e-04 -3.769825398921966553e-01 -4.435130953788757324e-02 -1.973736435174942017e-01 -4.362333714962005615e-01 1.184725463390350342e-01 -4.743136465549468994e-01 -2.917618155479431152e-01 -1.012878343462944031e-01 4.779151976108551025e-01 -4.316398501396179199e-01 -1.231821998953819275e-01 7.273571193218231201e-02 -1.668297499418258667e-01 6.337810754776000977e-01 8.822061419486999512e-01 -5.804373621940612793e-01 -2.194045037031173706e-01 1.506040990352630615e-01 3.830115795135498047e-01 3.104072809219360352e-02 1.000941991806030273e-01 6.792603731155395508e-01 -2.371127009391784668e-01 -4.137918353080749512e-01 -1.955694556236267090e-01 5.381855964660644531e-01 1.215958952903747559e+00 -5.434044450521469116e-02 -8.063494563102722168e-01 1.168826594948768616e-01 -5.851981639862060547e-01 9.100925326347351074e-01 -7.398218512535095215e-01 -4.222803711891174316e-01 6.574872136116027832e-02 -5.542451739311218262e-01 -2.884491384029388428e-01 -8.515759110450744629e-01 3.761157095432281494e-01 2.051537781953811646e-01 2.540378272533416748e-01
7.570947408676147461e-01 -3.070447742938995361e-01 5.710326433181762695e-01 3.071158826351165771e-01 -4.021802842617034912e-01 -7.968259453773498535e-01 -6.612604111433029175e-02 -2.294877357780933380e-02 -5.241984035819768906e-04 -1.060278639197349548e-01 4.509856998920440674e-01 -2.335070073604583740e-01 -1.565601229667663574e-01 -4.828611016273498535e-01 -4.380849897861480713e-01 3.973665237426757812e-01 -7.918406128883361816e-01 -1.928308755159378052e-01 3.594177365303039551e-01 5.603213310241699219e-01 3.269464373588562012e-01 1.855610758066177368e-01 8.164933919906616211e-01 -4.267494082450866699e-01 7.908084392547607422e-01 3.240376710891723633e-01 -2.675711512565612793e-01 -9.780063033103942871e-01 6.480925679206848145e-01 -7.010586857795715332e-01 2.206913232803344727e-01 -3.499083518981933594e-01 2.255182117223739624e-01 -1.039607763290405273e+00 -5.059671401977539062e-01 -2.867749929428100586e-01 7.448776066303253174e-02 4.204905033111572266e-01 -4.977907836437225342e-01 5.112210754305124283e-03 -2.529711425304412842e-01 4.986747726798057556e-02 -2.551535367965698242e-01 -6.261754035949707031e-01 1.379191756248474121e+00 -3.243977129459381104e-01 6.142616868019104004e-01 -3.321786522865295410e-01 5.160624980926513672e-01 2.630944550037384033e-01 -2.780677080154418945e-01 -7.779496163129806519e-02 4.434107840061187744e-01 1.979115158319473267e-01 1.068931579589843750e+00 1.994791068136692047e-02 2.343695797026157379e-02 -4.612181782722473145e-01 2.650132477283477783e-01 4.265207052230834961e-01 -5.600292086601257324e-01 -2.392404675483703613e-01 1.420208662748336792e-01 2.609497308731079102e-01
3.211730122566223145e-01 3.242824971675872803e-01 1.520150452852249146e-01 -3.638178110122680664e-01 1.495406478643417358e-01 2.721951007843017578e-01 1.343953013420104980e-01 1.484842598438262939e-01 -1.175616860389709473e+00 -2.176100164651870728e-01 9.231326580047607422e-01 -1.301679015159606934e+00 -3.706643581390380859e-01 -6.905781030654907227e-01 8.590602874755859375e-01 6.040733456611633301e-01 -3.108038306236267090e-01 -3.412964642047882080e-01 7.719162702560424805e-01 2.656952738761901855e-01 2.680975198745727539e-01 9.712819457054138184e-01 2.171072810888290405e-01 -7.326622605323791504e-01 -1.477093100547790527e-01 7.166996598243713379e-01 -3.083626329898834229e-01 4.942831397056579590e-02 6.025840993970632553e-03 7.557871341705322266e-01 6.016791462898254395e-01 9.896109700202941895e-01 -2.027779966592788696e-01 -6.359624862670898438e-01 -1.034383773803710938e+00 2.933427095413208008e-01 -1.229392290115356445e-01 7.165493369102478027e-01 -6.837933659553527832e-01 -6.624031066894531250e-01 -5.049877166748046875e-01 4.603642225265502930e-01 -2.560447752475738525e-01 -3.048096038401126862e-02 -3.973420858383178711e-01 2.984520196914672852e-01 8.430239558219909668e-02 -1.382890045642852783e-01 6.153868883848190308e-02 3.501887917518615723e-01 -6.503465771675109863e-01 -4.604739248752593994e-01 -1.104310005903244019e-01 -1.537393480539321899e-01 -5.708906054496765137e-01 -2.075925469398498535e-03 -6.818901747465133667e-02 -1.116304874420166016e+00 -6.109599471092224121e-01 4.365172684192657471e-01 8.625537902116775513e-02 4.353124797344207764e-01 -4.375746250152587891e-01 6.930304765701293945e-01
6.736430525779724121e-01 -3.777754902839660645e-01 4.748828113079071045e-01 4.568893015384674072e-01 3.507815003395080566e-01 -4.558985233306884766e-01 5.307425260543823242e-01 -2.382943034172058105e-02 -1.889591068029403687e-01 -5.372744798660278320e-01 7.557352781295776367e-01 -3.404813110828399658e-01 2.462753467261791229e-02 -3.311340510845184326e-01 5.397756099700927734e-01 1.729431748390197754e-02 -3.320164233446121216e-02 -2.003220617771148682e-01 -1.200642883777618408e-01 3.955491259694099426e-02 -2.301218211650848389e-01 2.366932481527328491e-02 -4.728502929210662842e-01 -1.009494543075561523e+00 -4.974365979433059692e-02 9.812287688255310059e-01 3.018727584276348352e-04 -2.764002680778503418e-01 3.715229928493499756e-01 -1.038866210728883743e-02 3.454146981239318848e-01 4.832780063152313232e-01 -2.915169298648834229e-01 3.416000306606292725e-01 -8.066145777702331543e-01 6.469777822494506836e-01 3.778568282723426819e-02 4.200427830219268799e-01 -4.014273285865783691e-01 -5.474106073379516602e-01 2.057207375764846802e-02 -7.784559577703475952e-02 -2.054686993360519409e-01 5.282197520136833191e-02 5.008899569511413574e-01 -1.408057212829589844e+00 -6.989793777465820312e-01 -6.258219480514526367e-01 1.346372812986373901e-01 2.100581377744674683e-01 7.385969161987304688e-03 -1.186399385333061218e-01 3.599985837936401367e-01 6.679122895002365112e-02 4.226078987121582031e-01 -9.147734642028808594e-01 3.900338709354400635e-01 -5.602090358734130859e-01 -9.364695101976394653e-02 -2.722272872924804688e-01 -3.799149394035339355e-01 -1.492659598588943481e-01 -5.740607976913452148e-01 2.675382494926452637e-01
1.821130663156509399e-01 -6.311557292938232422e-01 4.681824743747711182e-01 1.268400996923446655e-01 -4.681679010391235352e-01 6.579845398664474487e-02 7.909544557332992554e-02 2.854620516300201416e-01 -8.504259586334228516e-01 -3.904435783624649048e-02 6.286700963973999023e-01 -1.792167723178863525e-01 4.967378675937652588e-01 -1.952548623085021973e-01 -3.395784795284271240e-01 -1.203258037567138672e-01 4.525857791304588318e-02 -2.702333405613899231e-02 -1.959204860031604767e-02 -8.243995718657970428e-03 5.527485609054565430e-01 7.212412953376770020e-01 2.791942059993743896e-01 -7.327185869216918945e-01 2.726936638355255127e-01 9.689224362373352051e-01 3.511312603950500488e-01 1.111819371581077576e-01 1.066464707255363464e-01 2.480469942092895508e-01 5.046300888061523438e-01 -1.457624435424804688e-01 -1.084029898047447205e-01 5.386222898960113525e-02 -2.513953447341918945e-01 7.141101956367492676e-01 -3.571175783872604370e-02 6.581807136535644531e-01 2.773664295673370361e-01 -5.266576409339904785e-01 4.146086871623992920e-01 1.106646433472633362e-01 -2.146076261997222900e-01 6.313284039497375488e-01 4.953493773937225342e-01 -6.119401454925537109e-01 4.708621799945831299e-01 -4.413932934403419495e-02 3.233812451362609863e-01 9.329999089241027832e-01 2.349092662334442139e-01 -3.522911369800567627e-01 3.385561406612396240e-01 6.005036234855651855e-01 4.356375932693481445e-01 -2.477869987487792969e-01 -2.526757773011922836e-03 -4.832443594932556152e-01 -2.407421022653579712e-01 -1.857912540435791016e-01 -1.395559906959533691e-01 1.567175686359405518e-01 -6.632589697837829590e-01 -3.933853507041931152e-01
5.926877856254577637e-01 -2.948881983757019043e-01 -9.158293902873992920e-02 7.929443567991256714e-02 9.404388666152954102e-01 -3.033627755939960480e-02 4.219385981559753418e-01 -2.432862855494022369e-02 -1.073747873306274414e+00 -5.423397421836853027e-01 2.692958712577819824e-01 -1.642049431800842285e+00 2.932465076446533203e-01 -9.316844344139099121e-01 1.512248367071151733e-01 4.596094489097595215e-01 2.182314097881317139e-01 3.738147020339965820e-01 6.416654214262962341e-03 4.811852574348449707e-01 5.373085737228393555e-01 -3.963542580604553223e-01 1.793346554040908813e-01 -3.847551941871643066e-01 3.120304644107818604e-01 -1.782931387424468994e-01 3.345409333705902100e-01 1.540870517492294312e-01 4.737880825996398926e-01 2.654677927494049072e-01 4.012338519096374512e-01 -2.227645516395568848e-01 1.358352228999137878e-02 -2.936151996254920959e-02 -4.608159512281417847e-02 7.752379029989242554e-02 -5.923633649945259094e-02 -1.210689067840576172e+00 -1.229437217116355896e-01 -4.839586317539215088e-01 -1.699302792549133301e-01 8.900568634271621704e-02 -9.416726231575012207e-02 2.337677963078022003e-02 5.951163172721862793e-01 -1.577582210302352905e-01 -7.338248938322067261e-02 -5.698262453079223633e-01 6.121042966842651367e-01 1.943587213754653931e-01 -3.733596801757812500e-01 1.173869892954826355e-01 7.285829782485961914e-01 4.571335613727569580e-01 -8.217061311006546021e-02 6.736299991607666016e-01 -1.864711940288543701e-01 -3.640904724597930908e-01 -8.715369105339050293e-01 5.066321697086095810e-03 -1.035203576087951660e+00 3.002844154834747314e-01 9.482068568468093872e-02 -6.710534095764160156e-01
-6.346886157989501953e-01 -2.172498255968093872e-01 -5.683034062385559082e-01 8.398230373859405518e-02 1.438692808151245117e-01 -1.768464148044586182e-01 5.693855285644531250e-01 -1.291169375181198120e-01 -1.103546380996704102e+00 1.228492334485054016e-01 4.807851612567901611e-01 -4.879995286464691162e-01 -4.511289894580841064e-01 -4.450176358222961426e-01 6.189090013504028320e-01 9.770284295082092285e-01 -3.599254488945007324e-01 1.533543169498443604e-01 5.859313607215881348e-01 5.146934986114501953e-01 3.115948140621185303e-01 1.164379436522722244e-02 2.505964934825897217e-01 2.749861180782318115e-01 5.268144980072975159e-02 5.482750535011291504e-01 1.154717803001403809e+00 -5.779488682746887207e-01 5.599799156188964844e-01 4.597202688455581665e-02 -4.495995342731475830e-01 2.882948517799377441e-01 -3.352695405483245850e-01 -6.441162824630737305e-01 -4.057349860668182373e-01 1.744299232959747314e-01 -4.082941114902496338e-01 -1.422699689865112305e-01 -3.465991318225860596e-01 2.881048619747161865e-01 5.216498374938964844e-01 4.955360889434814453e-01 1.125341430306434631e-01 -1.291051656007766724e-01 5.879055857658386230e-01 -3.661576211452484131e-01 -4.992882609367370605e-01 -7.800630331039428711e-01 6.011205911636352539e-01 2.670592963695526123e-01 -4.308540374040603638e-02 -5.730610489845275879e-01 1.221456408500671387e+00 1.335076540708541870e-01 -5.785860493779182434e-02 1.440341323614120483e-01 -5.614315345883369446e-02 6.565805077552795410e-01 -5.111893415451049805e-01 5.669336915016174316e-01 2.608966641128063202e-02 2.723106145858764648e-01 -2.056779116392135620e-01 -2.767751216888427734e-01
-4.552038311958312988e-01 2.183203846216201782e-01 4.594052135944366455e-01 -5.221467018127441406e-01 3.467746078968048096e-01 -6.363247632980346680e-01 1.231193020939826965e-01 -2.524894773960113525e-01 -7.140098214149475098e-01 6.179717928171157837e-02 4.729429483413696289e-01 -9.207250475883483887e-01 -5.376257300376892090e-01 -4.135171771049499512e-01 -6.306116282939910889e-02 4.250321388244628906e-01 -3.328434824943542480e-01 -3.065417893230915070e-02 2.819904386997222900e-01 5.666084289550781250e-01 -3.476477861404418945e-01 -2.922821342945098877e-01 7.086017131805419922e-01 2.667768597602844238e-01 4.774700105190277100e-01 -2.073807418346405029e-01 -6.377921253442764282e-02 3.170944750308990479e-01 -1.368716955184936523e-01 5.130877345800399780e-02 2.684698700904846191e-01 -1.432084888219833374e-01 -7.237637639045715332e-01 -7.060234546661376953e-01 -4.691137075424194336e-01 -3.083368018269538879e-02 -2.186622321605682373e-01 4.418844580650329590e-01 1.548147648572921753e-01 -6.492013931274414062e-01 7.122004628181457520e-01 1.292344927787780762e-01 -2.374635487794876099e-01 9.587522745132446289e-01 -7.033365964889526367e-02 -3.259502053260803223e-01 3.248189091682434082e-01 -4.530306160449981689e-01 3.909940719604492188e-01 -6.281893253326416016e-01 4.942535161972045898e-01 -2.135066539049148560e-01 1.332069396972656250e+00 7.834304124116897583e-02 -5.431836247444152832e-01 -1.189011186361312866e-01 6.004379391670227051e-01 -1.549243330955505371e-01 -9.856545329093933105e-01 2.802406549453735352e-01 -3.012515604496002197e-01 -7.547178119421005249e-02 -1.908494979143142700e-01 2.752343714237213135e-01
-1.431065946817398071e-01 5.723208189010620117e-01 1.859256029129028320e-01 -3.454501032829284668e-01 6.858897209167480469e-01 -4.425880610942840576e-01 2.677552588284015656e-02 6.918216347694396973e-01 -3.802731633186340332e-01 1.168091967701911926e-02 5.742632150650024414e-01 -1.140909910202026367e+00 -7.566819787025451660e-01 -9.547572135925292969e-01 1.904163062572479248e-01 6.231577321887016296e-02 -4.247151613235473633e-01 3.622907400131225586e-01 2.411675900220870972e-01 4.238090813159942627e-01 3.240257799625396729e-01 3.784933984279632568e-01 7.929573059082031250e-01 -1.574185192584991455e-01 1.847740113735198975e-01 1.159380450844764709e-01 1.439687162637710571e-01 -3.228681683540344238e-01 -5.951904654502868652e-01 1.430072728544473648e-02 4.505461826920509338e-02 4.255146533250808716e-02 -8.032591640949249268e-02 -5.356020331382751465e-01 -8.265757560729980469e-01 -1.096038103103637695e+00 -3.365762531757354736e-01 4.910044074058532715e-01 -2.486037462949752808e-01 -1.794272363185882568e-01 3.269553482532501221e-01 2.528001554310321808e-03 -6.129146814346313477e-01 7.354383468627929688e-01 2.845714092254638672e-01 -2.789443545043468475e-02 1.545552015304565430e-01 -8.754549622535705566e-01 -4.292018115520477295e-01 -1.652361080050468445e-02 -1.514961123466491699e-01 5.323009490966796875e-01 8.379315733909606934e-01 7.492806762456893921e-03 -2.980977296829223633e-02 -3.732839226722717285e-01 1.934668272733688354e-01 3.583272099494934082e-01 -2.906320095062255859e-01 5.724436044692993164e-01 -1.059998750686645508e+00 2.516621351242065430e-01 7.970061302185058594e-01 -3.402518332004547119e-01
4.881543815135955811e-01 -8.129752278327941895e-01 6.685290336608886719e-01 2.426323443651199341e-01 -8.031455278396606445e-01 -4.877740740776062012e-01 -3.607838749885559082e-01 -4.925092756748199463e-01 -3.413687646389007568e-01 -3.658527135848999023e-01 7.963560521602630615e-02 -4.833717048168182373e-01 -1.014762744307518005e-01 -1.673250943422317505e-01 5.429603457450866699e-01 6.429279595613479614e-02 2.410615086555480957e-01 8.907537162303924561e-02 1.041757822036743164e+00 8.376801013946533203e-01 1.733642257750034332e-02 7.841719985008239746e-01 -2.108533084392547607e-01 -1.071427911520004272e-01 1.117416396737098694e-01 -3.719836473464965820e-01 -3.723636567592620850e-01 1.720651835203170776e-01 -2.448442876338958740e-01 -7.328304648399353027e-02 -3.087279200553894043e-01 5.154120922088623047e-01 -4.835766553878784180e-01 -1.692338287830352783e-01 3.111148625612258911e-02 -2.265616655349731445e-01 6.504890918731689453e-01 9.491217136383056641e-01 -4.618959724903106689e-01 -2.420316934585571289e-01 9.200031310319900513e-02 3.761576712131500244e-01 4.396718461066484451e-03 -1.841417700052261353e-02 5.806955099105834961e-01 -3.411279320716857910e-01 -3.429496288299560547e-01 -1.426755338907241821e-01 6.570724248886108398e-01 9.342131018638610840e-01 2.734404802322387695e-01 -8.037455081939697266e-01 2.539605796337127686e-01 -4.900323152542114258e-01 8.679567575454711914e-01 -6.141903400421142578e-01 -3.817739188671112061e-01 -4.059140384197235107e-02 -6.618666052818298340e-01 -2.825121879577636719e-01 -7.745612859725952148e-01 1.943972110748291016e-01 -2.255991995334625244e-01 1.526560485363006592e-01
1.786030679941177368e-01 -1.341953873634338379e+00 7.520524263381958008e-01 -9.305624365806579590e-01 -4.150075018405914307e-01 -1.017025947570800781e+00 -6.040036678314208984e-01 -6.332452297210693359e-01 -1.227096542716026306e-01 -9.486587643623352051e-01 6.761583089828491211e-01 -8.545509576797485352e-01 -2.711533606052398682e-01 5.128818005323410034e-02 5.250947475433349609e-01 1.920116096735000610e-01 1.556652039289474487e-01 8.570722304284572601e-03 7.362900376319885254e-01 5.818738341331481934e-01 9.525529742240905762e-01 7.070711813867092133e-03 8.379710912704467773e-01 -8.944159150123596191e-01 3.006884157657623291e-01 4.430795013904571533e-01 1.540884524583816528e-01 -1.020984202623367310e-01 2.702979147434234619e-01 6.272089481353759766e-01 -3.384381234645843506e-01 4.335924517363309860e-03 -6.379252076148986816e-01 -1.706847995519638062e-01 2.234054356813430786e-01 1.861525475978851318e-01 -1.597448736429214478e-01 -4.662719555199146271e-03 -1.477834135293960571e-01 1.948570460081100464e-01 3.186183050274848938e-02 -1.758125424385070801e-01 2.171489894390106201e-01 -2.749186754226684570e-01 8.575620651245117188e-01 -2.143224924802780151e-01 -5.871017575263977051e-01 -8.691194653511047363e-01 -3.262596949934959412e-02 7.802408933639526367e-01 -7.133638858795166016e-02 4.244286566972732544e-02 -2.595263421535491943e-01 6.532826423645019531e-01 -2.837229967117309570e-01 -4.985991716384887695e-01 -5.366920828819274902e-01 -4.973993003368377686e-01 -1.823529601097106934e-01 2.215091586112976074e-01 -5.802612900733947754e-01 4.898450374603271484e-01 -7.566916290670633316e-03 -4.742799103260040283e-01
