7.288219332695007324e-01 -1.429455280303955078e-01 -9.196577966213226318e-02 6.106403470039367676e-01 7.500825822353363037e-02 4.863449633121490479e-01 2.317584604024887085e-01 -5.721650719642639160e-01 -5.715885162353515625e-01 8.914372920989990234e-01 2.483848333358764648e-01 -3.711482882499694824e-01 -4.185282289981842041e-01 -3.293320834636688232e-01 4.677141010761260986e-01 5.316572189331054688e-01 -2.327798902988433838e-01 -6.063165664672851562e-01 1.581323444843292236e-01 7.615832090377807617e-01 3.526619076728820801e-01 4.273589253425598145e-01 2.680855430662631989e-02 -2.376883625984191895e-01 5.116533637046813965e-01 7.363029122352600098e-01 -4.481746852397918701e-01 -3.468107879161834717e-01 7.682216167449951172e-02 -7.701956033706665039e-01 9.437097609043121338e-02 -6.625300049781799316e-01 1.545828133821487427e-01 -2.437239885330200195e-02 -2.575929276645183563e-02 2.787720412015914917e-02 -9.837642312049865723e-02 -2.812167704105377197e-01 -5.025678873062133789e-01 7.643164396286010742e-01 3.714660406112670898e-01 4.733018949627876282e-02 -5.805522203445434570e-01 -4.837888181209564209e-01 3.542419373989105225e-01 -7.701995968818664551e-01 -5.287755727767944336e-01 4.699144363403320312e-01 -4.310705959796905518e-01 -9.455395489931106567e-02 -1.158526763319969177e-01 -1.964852809906005859e-01 4.763856232166290283e-01 5.536949038505554199e-01 4.702179133892059326e-01 -2.881682515144348145e-01 -4.833407104015350342e-01 -4.288912713527679443e-01 -2.986482679843902588e-01 5.937177538871765137e-01 -2.079325616359710693e-01 -4.800955951213836670e-01 4.683572053909301758e-01 5.248607397079467773e-01
4.077183306217193604e-01 -6.445927023887634277e-01 -5.879732966423034668e-01 5.339549779891967773e-01 -2.426587939262390137e-01 -5.247286558151245117e-01 4.338624775409698486e-01 -8.917748183012008667e-02 -5.752421021461486816e-01 3.602486550807952881e-01 5.680454373359680176e-01 2.398168481886386871e-02 -4.807054698467254639e-01 -9.006370902061462402e-01 6.807069778442382812e-01 -4.643493739422410727e-04 -8.165396451950073242e-01 3.693582117557525635e-02 9.559653997421264648e-01 8.187631964683532715e-01 -6.020118594169616699e-01 5.733221769332885742e-01 1.027546152472496033e-01 -2.936930954456329346e-01 -4.593006670475006104e-01 1.361739277839660645e+00 -6.705673933029174805e-01 -8.819310665130615234e-01 2.138342410326004028e-01 -6.593129783868789673e-02 -7.154161334037780762e-01 -4.268297851085662842e-01 1.813290864229202271e-01 7.673420906066894531e-01 2.212741225957870483e-01 -8.249180763959884644e-02 6.609629392623901367e-01 -2.205061465501785278e-01 -3.571590185165405273e-01 3.172225058078765869e-01 -1.490161567926406860e-01 1.414855867624282837e-01 1.709325425326824188e-02 -6.481794267892837524e-02 1.329439878463745117e+00 -1.849876791238784790e-01 -1.322730630636215210e-01 3.751565814018249512e-01 -4.345726370811462402e-01 5.829517245292663574e-01 -6.133427619934082031e-01 2.291213124990463257e-01 -6.362842321395874023e-01 7.705144286155700684e-01 8.023729324340820312e-01 3.440284356474876404e-02 -3.275583982467651367e-01 -9.394043087959289551e-01 -1.464101020246744156e-02 4.781456291675567627e-01 -7.548606991767883301e-01 -1.405905634164810181e-01 1.024273633956909180e+00 3.168896585702896118e-02
7.178891301155090332e-01 -1.583783030509948730e+00 -3.254284709692001343e-02 9.426774829626083374e-02 3.541177511215209961e-01 1.984399110078811646e-01 -3.430428504943847656e-01 7.435004711151123047e-01 -1.617173671722412109e+00 4.594379663467407227e-01 -4.509013295173645020e-01 -4.663666486740112305e-01 -1.063026785850524902e+00 2.398831993341445923e-01 7.672409415245056152e-01 7.814166545867919922e-01 -6.671822071075439453e-01 7.084070444107055664e-01 4.696480929851531982e-01 2.483560293912887573e-01 -3.936778306961059570e-01 1.658815741539001465e+00 5.933238863945007324e-01 -8.958566188812255859e-01 3.820808231830596924e-01 4.965932965278625488e-01 -2.595736682415008545e-01 7.694787979125976562e-01 7.855864763259887695e-01 -4.424130320549011230e-01 1.161954626441001892e-01 -8.607066869735717773e-01 2.467922568321228027e-01 -6.674517691135406494e-02 -4.960979521274566650e-01 -6.433442234992980957e-02 4.203533828258514404e-01 3.481149375438690186e-01 7.638362050056457520e-01 -5.412888526916503906e-02 4.321597516536712646e-01 -6.601008176803588867e-01 7.322688698768615723e-01 -3.466062843799591064e-01 1.292917370796203613e+00 4.701275527477264404e-01 -3.461388945579528809e-01 9.133053421974182129e-01 -9.567784667015075684e-01 1.018130898475646973e+00 -1.573917567729949951e-01 -5.637181401252746582e-01 1.467076539993286133e+00 1.119897142052650452e-01 3.480780422687530518e-01 9.885447621345520020e-01 1.804477572441101074e-01 9.083275496959686279e-02 5.445955991744995117e-01 -7.433499097824096680e-01 -1.842127680778503418e+00 -6.680770777165889740e-03 4.164747297763824463e-01 9.375746548175811768e-02
2.305549532175064087e-01 -5.644049867987632751e-02 -1.817068159580230713e-01 2.528436481952667236e-01 2.831026315689086914e-01 -4.512783288955688477e-01 -4.346873164176940918e-01 -5.482609942555427551e-02 -6.408738493919372559e-01 -1.835239976644515991e-01 1.036348223686218262e+00 -8.071904182434082031e-01 -2.355668544769287109e-01 3.649074435234069824e-01 2.684050414245575666e-04 4.836888909339904785e-01 -2.521147727966308594e-01 2.975272238254547119e-01 6.588745713233947754e-01 9.109861254692077637e-01 -2.912558615207672119e-01 1.096339803189039230e-02 2.082061171531677246e-01 -1.124039515852928162e-01 -5.493255257606506348e-01 2.150892764329910278e-01 5.332235991954803467e-02 7.886638492345809937e-02 3.042562007904052734e-01 -5.280361771583557129e-01 2.774497568607330322e-01 3.846412897109985352e-01 1.035712212324142456e-01 4.908394217491149902e-01 -1.488793082535266876e-02 3.725670576095581055e-01 -9.493849873542785645e-01 6.545364260673522949e-01 -6.775251030921936035e-02 -4.405394196510314941e-01 2.205648869276046753e-01 -3.345201611518859863e-01 -2.302370965480804443e-01 6.397334337234497070e-01 1.095380559563636780e-01 -1.444101482629776001e-01 5.241565704345703125e-01 1.492809802293777466e-01 2.607180476188659668e-01 4.376682043075561523e-01 2.113806754350662231e-01 -6.856431961059570312e-01 3.737947046756744385e-01 5.561752915382385254e-01 -1.426734402775764465e-02 1.208084896206855774e-01 1.067260622978210449e+00 -7.893387079238891602e-01 -3.757550716400146484e-01 3.109324872493743896e-01 -6.891095638275146484e-01 -2.184177041053771973e-01 4.101556241512298584e-01 -2.136068344116210938e-01
-1.935128569602966309e-01 -4.653693735599517822e-01 -9.366583079099655151e-03 8.790587186813354492e-01 4.624227583408355713e-01 3.339196369051933289e-02 -1.627331674098968506e-01 7.480175495147705078e-01 -1.127562880516052246e+00 -6.611739993095397949e-01 5.757051706314086914e-01 -3.517625629901885986e-01 -1.177785098552703857e-01 5.334656313061714172e-02 1.353324949741363525e-01 -4.123000800609588623e-02 -4.065266549587249756e-01 4.349774718284606934e-01 1.974534839391708374e-01 4.382675588130950928e-01 -4.776886999607086182e-01 1.271276623010635376e-01 2.793240845203399658e-01 -2.314859442412853241e-02 -6.863371133804321289e-01 9.840370416641235352e-01 -3.374465107917785645e-01 -8.030449599027633667e-02 2.574410736560821533e-01 -1.031695976853370667e-01 4.260503053665161133e-01 1.535606533288955688e-01 -3.587099015712738037e-01 -1.436447948217391968e-01 3.363211750984191895e-01 5.017420649528503418e-01 -6.970532536506652832e-01 2.877512872219085693e-01 -3.874359279870986938e-02 -5.939325317740440369e-02 1.439271867275238037e-01 -8.914282172918319702e-02 -4.864509105682373047e-01 2.965458035469055176e-01 9.183096885681152344e-01 -7.868588566780090332e-01 3.243851363658905029e-01 -6.039761900901794434e-01 -2.361447364091873169e-01 9.119555354118347168e-01 3.134304285049438477e-02 2.724985592067241669e-02 4.736468195915222168e-01 6.509062647819519043e-01 1.625814288854598999e-01 7.909417748451232910e-01 -1.342149227857589722e-01 -1.101067900657653809e+00 4.830521345138549805e-01 1.882010847330093384e-01 -4.814783632755279541e-01 4.025278240442276001e-02 -2.143364995718002319e-01 2.880726456642150879e-01
4.155369102954864502e-01 -3.906310200691223145e-01 3.223291411995887756e-02 6.559406220912933350e-02 -2.638212740421295166e-01 1.822961419820785522e-01 -9.484789334237575531e-03 -2.543788254261016846e-01 -6.765027642250061035e-01 1.885434091091156006e-01 5.790466666221618652e-01 -7.238131165504455566e-01 -4.529253542423248291e-01 3.213683366775512695e-01 -2.756460942327976227e-02 2.406069487333297729e-01 -9.015445411205291748e-02 -8.827663064002990723e-01 -9.236450493335723877e-02 -1.984497308731079102e-01 -1.939648836851119995e-01 3.666477203369140625e-01 3.298123776912689209e-01 -5.389734506607055664e-01 7.569564133882522583e-02 2.857914268970489502e-01 -5.385883450508117676e-01 4.807461202144622803e-01 -4.307023435831069946e-02 -7.098302245140075684e-01 2.270525991916656494e-01 -7.362379431724548340e-01 7.626964151859283447e-02 4.671494662761688232e-01 2.793367207050323486e-01 -6.078570485115051270e-01 -2.062982618808746338e-01 -1.774785816669464111e-01 -7.606462836265563965e-01 4.512745440006256104e-01 -3.485032618045806885e-01 -4.186167120933532715e-01 3.112369775772094727e-01 -5.607622675597667694e-03 -5.201552435755729675e-02 1.350463330745697021e-01 -4.804037809371948242e-01 4.770845640450716019e-03 -1.973250657320022583e-01 6.842506527900695801e-01 1.524975523352622986e-03 5.498453602194786072e-02 5.612521767616271973e-01 2.580574452877044678e-01 3.996479511260986328e-02 8.261263966560363770e-01 -5.304127931594848633e-01 -1.104394495487213135e-01 1.621893793344497681e-02 2.702203989028930664e-01 -1.620961576700210571e-01 -4.221369326114654541e-01 1.928803473711013794e-01 2.724910676479339600e-01
7.809784263372421265e-02 -1.184868887066841125e-01 1.453686207532882690e-01 -2.724046707153320312e-01 3.812584280967712402e-01 6.942383944988250732e-02 4.865057766437530518e-01 -8.836565017700195312e-01 -9.661352634429931641e-01 -4.532529115676879883e-01 1.133676022291183472e-01 -3.824419677257537842e-01 -5.606762170791625977e-01 2.699982142075896263e-03 1.815858036279678345e-01 3.846413493156433105e-01 1.019699051976203918e-01 -5.959057062864303589e-02 1.507354676723480225e-01 3.967438638210296631e-01 -1.029865816235542297e-01 4.805924892425537109e-01 6.858167052268981934e-01 -3.850290179252624512e-01 -5.424206852912902832e-01 4.804290831089019775e-01 -3.287280797958374023e-01 5.724034309387207031e-01 6.841837167739868164e-01 -2.097797989845275879e-01 2.788176834583282471e-01 -1.676963865756988525e-01 -5.874860286712646484e-02 -3.974095731973648071e-02 9.880638122558593750e-02 -3.780380189418792725e-01 2.949492335319519043e-01 -6.780129857361316681e-03 -9.273700714111328125e-01 -4.911913871765136719e-01 -9.657093137502670288e-02 2.465394288301467896e-01 2.278136163949966431e-01 7.513450384140014648e-01 3.741676807403564453e-01 -2.615994811058044434e-01 7.630825042724609375e-03 -6.279794871807098389e-02 -3.656259775161743164e-01 -2.431820929050445557e-01 -5.316258668899536133e-01 -8.284973502159118652e-01 5.402480959892272949e-01 -4.211054369807243347e-02 -4.071575701236724854e-01 -3.704311847686767578e-01 -4.597976505756378174e-01 -5.828509479761123657e-02 -8.510918021202087402e-01 2.265429794788360596e-01 -1.746475547552108765e-01 -2.618423104286193848e-01 1.033710315823554993e-01 5.509565472602844238e-01
-1.882327646017074585e-01 -6.095978617668151855e-02 -2.095597684383392334e-01 2.528892457485198975e-01 -9.445864707231521606e-02 4.570673108100891113e-01 5.121631026268005371e-01 1.020010858774185181e-01 -5.268207192420959473e-01 -1.784283518791198730e-01 1.377962827682495117e+00 -5.325459241867065430e-01 -2.821401357650756836e-01 -6.238822937011718750e-01 1.608250379562377930e+00 6.695373654365539551e-01 1.418424099683761597e-01 7.761752605438232422e-01 1.853671371936798096e-01 -4.706439971923828125e-01 7.047696113586425781e-01 6.149764060974121094e-01 1.119021773338317871e-01 2.850330471992492676e-01 -3.666029274463653564e-01 1.446630954742431641e+00 -9.757572412490844727e-01 6.244059205055236816e-01 3.542782962322235107e-01 -7.901426553726196289e-01 -7.514881342649459839e-02 -5.719232559204101562e-01 5.216819643974304199e-01 5.015646219253540039e-01 1.893376111984252930e-01 6.789178848266601562e-01 -2.232156991958618164e-01 6.930503249168395996e-01 -6.758676767349243164e-01 -1.695952564477920532e-01 -4.070252180099487305e-01 3.571697175502777100e-01 -1.910798251628875732e-01 4.272766113281250000e-01 1.900255441665649414e+00 1.357404738664627075e-01 1.655300259590148926e-01 -1.019463911652565002e-01 -2.278447849676012993e-03 1.202795147895812988e+00 -7.812423706054687500e-01 -2.199950218200683594e-01 -5.648306384682655334e-02 8.054607510566711426e-01 8.658301830291748047e-01 3.691873252391815186e-01 -1.216237917542457581e-01 5.016062259674072266e-01 4.568009078502655029e-01 6.991569995880126953e-01 -9.767370223999023438e-01 -5.774444341659545898e-01 6.155388355255126953e-01 -9.019202589988708496e-01
5.265850424766540527e-01 -5.119340419769287109e-01 3.874315619468688965e-01 6.255854368209838867e-01 4.566228687763214111e-01 5.279912352561950684e-01 1.268386363983154297e+00 -1.690035611391067505e-01 -8.893590569496154785e-01 -3.074183762073516846e-01 -4.945711791515350342e-02 -7.577461004257202148e-01 -6.317617893218994141e-01 -5.154064893722534180e-01 6.283726692199707031e-01 -3.903874754905700684e-01 -1.058950304985046387e+00 5.336794257164001465e-01 5.468034148216247559e-01 2.736791968345642090e-01 3.261283934116363525e-01 1.094490051269531250e+00 6.425736006349325180e-03 -6.690503954887390137e-01 -4.573591649532318115e-01 9.082290530204772949e-01 -2.702088654041290283e-02 5.742160081863403320e-01 -7.969689369201660156e-02 1.450018435716629028e-01 -4.050649404525756836e-01 -3.262391686439514160e-01 3.425641357898712158e-01 8.416375517845153809e-02 3.185180127620697021e-01 -2.873798012733459473e-01 -3.050794005393981934e-01 7.280138731002807617e-01 -5.820108056068420410e-01 7.670826911926269531e-01 -7.870221138000488281e-01 -2.206580340862274170e-01 4.760798066854476929e-02 4.875336587429046631e-01 1.463526606559753418e+00 2.877915203571319580e-01 5.770038068294525146e-02 2.894522845745086670e-01 -5.985200405120849609e-01 1.475358605384826660e+00 -4.155377745628356934e-01 -3.665640950202941895e-02 8.015253543853759766e-01 3.872054517269134521e-01 8.126772195100784302e-02 -3.226499259471893311e-01 1.250946521759033203e-01 -5.958831906318664551e-01 -2.252135872840881348e-01 -1.427984237670898438e-01 -3.568248450756072998e-01 1.501099765300750732e-01 1.374678015708923340e+00 -7.170898914337158203e-01
5.976079106330871582e-01 1.089601144194602966e-01 1.199593245983123779e-01 3.767484100535511971e-03 3.239549696445465088e-02 4.453278183937072754e-01 -6.572359800338745117e-02 -2.308123558759689331e-01 -1.926604509353637695e-01 1.540560871362686157e-01 -1.055620536208152771e-01 -3.559398651123046875e-01 -5.595328807830810547e-01 -2.043797671794891357e-01 8.729085326194763184e-02 7.185918092727661133e-01 2.751755416393280029e-01 -6.409519314765930176e-01 -7.793530076742172241e-02 9.644494056701660156e-01 1.105276197195053101e-01 2.080301046371459961e-01 -1.603487581014633179e-01 -6.318604350090026855e-01 2.564333379268646240e-01 7.091722488403320312e-01 -8.054898381233215332e-01 -2.458153963088989258e-01 4.764695167541503906e-01 -3.919313848018646240e-01 5.647502094507217407e-02 -4.478851556777954102e-01 -2.305423766374588013e-01 -1.922645419836044312e-02 -1.513509899377822876e-01 1.045427471399307251e-01 9.768389165401458740e-02 1.405271291732788086e-01 -4.798845574259757996e-02 7.589810490608215332e-01 -4.769732654094696045e-01 -1.799664795398712158e-01 -3.599120378494262695e-01 8.122108131647109985e-02 1.728462427854537964e-01 -7.864252664148807526e-03 -4.993425011634826660e-01 1.077398192137479782e-02 -4.279110133647918701e-01 2.963380515575408936e-01 1.632348448038101196e-01 -1.080132126808166504e-01 5.999186038970947266e-01 6.243616938591003418e-01 5.887184739112854004e-01 -1.080580651760101318e-01 -6.553533077239990234e-01 1.424008905887603760e-01 -8.698616623878479004e-01 4.641104042530059814e-01 -2.278894335031509399e-01 2.770463936030864716e-02 -3.707703575491905212e-02 5.785246491432189941e-01
3.351688385009765625e-01 -1.076546534895896912e-01 -3.069544136524200439e-01 5.875046849250793457e-01 -5.522748455405235291e-02 -6.375149488449096680e-01 5.155229568481445312e-01 -4.776542782783508301e-01 -8.933830261230468750e-02 -4.821477234363555908e-01 1.325113028287887573e-01 -8.239683508872985840e-01 -3.302818238735198975e-01 1.864214837551116943e-01 -3.581174314022064209e-01 4.284670352935791016e-01 4.400957822799682617e-01 5.779741704463958740e-02 4.205667972564697266e-01 7.470773160457611084e-02 -7.367551326751708984e-02 4.003201127052307129e-01 3.877004981040954590e-01 -1.120075345039367676e+00 1.349531263113021851e-01 3.408466279506683350e-01 1.434438079595565796e-01 1.828613579273223877e-01 4.374846816062927246e-01 -3.216910064220428467e-01 -3.019801974296569824e-01 1.189076378941535950e-01 1.588564738631248474e-02 6.301209926605224609e-01 1.011397391557693481e-01 -8.077904582023620605e-01 -3.944861590862274170e-01 -2.791812717914581299e-01 -9.693022966384887695e-01 -5.075682997703552246e-01 -5.118109583854675293e-01 -6.597146391868591309e-01 -8.754465728998184204e-02 2.673577368259429932e-01 2.695006318390369415e-02 -5.387005805969238281e-01 2.619102895259857178e-01 1.361636072397232056e-01 6.001066565513610840e-01 1.608577668666839600e-01 -1.186178624629974365e-01 -5.153800249099731445e-01 6.001838445663452148e-01 7.099982351064682007e-02 1.919486373662948608e-02 3.534052968025207520e-01 -3.947291672229766846e-01 2.251689136028289795e-01 8.531451225280761719e-03 -9.159663692116737366e-03 -6.340065598487854004e-01 -5.023738741874694824e-01 4.527519643306732178e-01 4.124226868152618408e-01
1.990554034709930420e-01 -6.237462759017944336e-01 -3.910344559699296951e-03 -1.037992611527442932e-01 3.324511051177978516e-01 6.111060380935668945e-01 -3.823332488536834717e-01 -4.442430138587951660e-01 -5.477982163429260254e-01 -3.517699837684631348e-01 5.077052488923072815e-02 -7.472140789031982422e-01 -1.000214815139770508e+00 -1.007407188415527344e+00 2.885104417800903320e-01 4.994508624076843262e-01 -5.972688272595405579e-02 -2.559016942977905273e-01 -3.396573960781097412e-01 -4.389647021889686584e-02 9.030374139547348022e-02 9.882004261016845703e-01 1.036111339926719666e-01 -5.879957079887390137e-01 -4.461367428302764893e-01 6.827260851860046387e-01 -6.799180507659912109e-01 -1.841259449720382690e-01 3.625628352165222168e-01 -6.777141094207763672e-01 1.239270716905593872e-01 -6.519190073013305664e-01 1.045198142528533936e-01 -3.288799822330474854e-01 -1.175385639071464539e-01 1.171931475400924683e-01 3.580961823463439941e-01 2.798844873905181885e-01 3.420512676239013672e-01 4.506421089172363281e-01 -1.386753469705581665e-01 -2.689593434333801270e-01 -2.120954245328903198e-01 5.592955350875854492e-01 4.801950752735137939e-01 7.406822592020034790e-02 5.227352306246757507e-02 -7.293518185615539551e-01 -7.526335716247558594e-01 2.149475812911987305e-01 -1.705041825771331787e-01 3.831481933593750000e-01 5.777142643928527832e-01 3.594328761100769043e-01 5.539695918560028076e-02 7.017362713813781738e-01 -6.943963766098022461e-01 3.795628547668457031e-01 -4.911708533763885498e-01 2.855969071388244629e-01 -6.536459326744079590e-01 6.559940427541732788e-02 9.655870795249938965e-01 2.991159260272979736e-01
4.737513363361358643e-01 -3.056727647781372070e-01 -1.249657198786735535e-01 1.080327704548835754e-01 4.162524640560150146e-01 8.984084725379943848e-01 -2.466826438903808594e-01 -5.221002548933029175e-02 -4.101426899433135986e-01 -4.194804131984710693e-01 -3.845555335283279419e-02 -2.651309072971343994e-01 -6.464346647262573242e-01 -8.231105804443359375e-01 3.484936058521270752e-01 9.347103834152221680e-01 4.516890943050384521e-01 -7.767094373703002930e-01 -2.719913423061370850e-01 4.665593206882476807e-01 1.954797655344009399e-01 4.531307816505432129e-01 1.867920756340026855e-01 -1.737038791179656982e-01 -1.869078874588012695e-01 8.897705674171447754e-01 -8.981389403343200684e-01 -2.094256132841110229e-01 3.732168674468994141e-01 -4.397338330745697021e-01 5.793178677558898926e-01 -2.029023766517639160e-01 -1.874616295099258423e-01 4.530426487326622009e-02 -7.629900425672531128e-02 2.911214530467987061e-01 5.366514902561903000e-03 -4.216942191123962402e-02 4.575913846492767334e-01 5.723285675048828125e-01 -4.405871629714965820e-01 3.530619665980339050e-02 -4.772636294364929199e-01 1.032077312469482422e+00 1.060659766197204590e+00 1.448882669210433960e-01 2.488145977258682251e-02 -2.407140731811523438e-01 -4.543802440166473389e-01 1.972345411777496338e-01 -4.279036521911621094e-01 3.221974968910217285e-01 7.686558961868286133e-01 8.871287703514099121e-01 4.790600538253784180e-01 4.821893274784088135e-01 -4.672564268112182617e-01 2.591290771961212158e-01 -9.116050004959106445e-01 1.675321906805038452e-01 -8.474908471107482910e-01 1.919327676296234131e-01 1.333663463592529297e+00 5.164875462651252747e-02
5.628345906734466553e-02 -9.227012842893600464e-02 1.365382671356201172e-01 9.697491675615310669e-02 1.942621171474456787e-01 6.870262324810028076e-02 -6.202092766761779785e-01 -3.677478134632110596e-01 -4.356608390808105469e-01 -4.341214080341160297e-04 -1.522493064403533936e-01 -7.301113605499267578e-01 -2.510805726051330566e-01 -1.029192566871643066e+00 1.010142326354980469e+00 2.029425203800201416e-01 1.674454957246780396e-01 5.485299229621887207e-01 -1.697830557823181152e-01 4.476380646228790283e-01 -2.802721560001373291e-01 1.068987488746643066e+00 3.650698065757751465e-01 -5.942211151123046875e-01 -8.626367449760437012e-01 3.755307495594024658e-01 -5.016551017761230469e-01 1.967374235391616821e-01 -1.058541014790534973e-01 -5.047478079795837402e-01 -5.039010643959045410e-01 -6.502761840820312500e-01 -8.255906403064727783e-02 -7.151052355766296387e-01 -2.840266227722167969e-01 -3.872385323047637939e-01 5.383272469043731689e-02 1.288837939500808716e-01 1.251781731843948364e-01 8.637341856956481934e-01 -2.484832108020782471e-01 -5.121245235204696655e-02 -1.470653861761093140e-01 -1.083808764815330505e-01 1.986095607280731201e-01 -1.558551341295242310e-01 1.315757632255554199e-01 -6.641656756401062012e-01 -5.965633988380432129e-01 2.868577241897583008e-01 1.655440777540206909e-01 4.173545241355895996e-01 7.393351793289184570e-01 6.157581806182861328e-01 3.078660070896148682e-01 1.446397416293621063e-02 -5.411826968193054199e-01 2.596983313560485840e-01 -7.072695344686508179e-02 1.140266537666320801e+00 -9.158111810684204102e-01 -8.121385425329208374e-02 9.719495773315429688e-01 -4.727426767349243164e-01
5.707464218139648438e-01 -6.206861138343811035e-01 3.231503963470458984e-01 8.220158219337463379e-01 2.785046994686126709e-01 -2.883982062339782715e-01 -4.665037095546722412e-01 8.656803369522094727e-01 -9.691439867019653320e-01 -5.573805570602416992e-01 5.880351066589355469e-01 -1.236767843365669250e-01 -9.789555072784423828e-01 -6.346766650676727295e-02 4.132419228553771973e-01 8.314625024795532227e-01 -3.506704568862915039e-01 4.252045452594757080e-01 3.102270364761352539e-01 -3.105434775352478027e-01 -2.378986179828643799e-01 3.095861971378326416e-01 -1.889354586601257324e-01 -9.962830543518066406e-01 -2.268683314323425293e-01 9.554865956306457520e-01 -2.016047947108745575e-02 3.564454913139343262e-01 -2.859490513801574707e-01 -4.399783313274383545e-01 5.780619382858276367e-01 -5.648087263107299805e-01 -6.924216449260711670e-02 3.110221326351165771e-01 8.738914728164672852e-01 -6.938142329454421997e-02 -2.335632145404815674e-01 4.843371808528900146e-01 -5.052653551101684570e-01 -2.722734510898590088e-01 -1.524423956871032715e-01 1.482766121625900269e-01 8.957192301750183105e-02 3.090016841888427734e-01 9.594306349754333496e-02 -9.869252145290374756e-02 -3.036535978317260742e-01 5.806030631065368652e-01 4.043202996253967285e-01 4.156698286533355713e-01 4.952262639999389648e-01 -7.940263748168945312e-01 -8.410875685513019562e-03 3.428567945957183838e-01 7.780663371086120605e-01 4.823528230190277100e-01 3.623973131179809570e-01 -6.999709010124206543e-01 -2.209900021553039551e-01 1.153065040707588196e-01 -5.110453963279724121e-01 -2.391683310270309448e-01 4.394478201866149902e-01 -6.507416963577270508e-01
8.485184311866760254e-01 -2.914041876792907715e-01 2.178565412759780884e-01 5.556768272072076797e-03 -3.005768172442913055e-02 -3.654065430164337158e-01 1.174454391002655029e-01 -3.560909926891326904e-01 -1.079943552613258362e-01 -1.660621464252471924e-01 2.559311389923095703e-01 -4.469169974327087402e-01 1.575240343809127808e-01 -9.293500334024429321e-02 9.800357818603515625e-01 9.423848390579223633e-01 5.229302048683166504e-01 -3.095543384552001953e-02 5.879630446434020996e-01 5.192269086837768555e-01 3.915050029754638672e-01 -3.918858245015144348e-02 7.170900702476501465e-01 -5.178537964820861816e-01 -5.875328183174133301e-02 6.599329113960266113e-01 -1.148989498615264893e-01 2.425367534160614014e-01 5.744234323501586914e-01 -1.023043040186166763e-02 -3.053433597087860107e-01 6.056942343711853027e-01 -9.836015850305557251e-02 2.418598979711532593e-01 -2.601128816604614258e-01 -6.452145427465438843e-02 -1.441085785627365112e-01 -5.820598006248474121e-01 -9.642597436904907227e-01 -7.769782543182373047e-01 -2.099472135305404663e-01 4.763613641262054443e-02 -1.049101129174232483e-01 -1.977357566356658936e-01 -5.588166043162345886e-02 -6.089795231819152832e-01 -3.640755265951156616e-02 -5.415327548980712891e-01 2.217211574316024780e-01 2.072650194168090820e-01 4.449781179428100586e-01 -1.927259266376495361e-01 2.582715749740600586e-01 1.791559159755706787e-01 -3.174295723438262939e-01 1.345922350883483887e-01 -5.587840676307678223e-01 -2.061347663402557373e-01 -1.753448694944381714e-01 -3.921420313417911530e-03 -4.451706111431121826e-01 5.773274973034858704e-02 -5.349151790142059326e-03 -1.117699369788169861e-01
6.717856228351593018e-02 -7.381238788366317749e-02 1.703761368989944458e-01 -1.997443437576293945e-01 -3.150662481784820557e-01 -4.830147624015808105e-01 1.578252464532852173e-01 6.759001612663269043e-01 -1.071823716163635254e+00 2.699191495776176453e-02 -3.362009227275848389e-01 8.353749662637710571e-02 -3.365182578563690186e-01 -3.055305480957031250e-01 8.706454038619995117e-01 -1.320988088846206665e-01 -9.463632106781005859e-01 1.493698265403509140e-02 -3.859560489654541016e-01 8.859812617301940918e-01 -2.026329487562179565e-01 5.961993932723999023e-01 9.542584419250488281e-01 -1.201884746551513672e+00 -3.743494749069213867e-01 1.129139184951782227e+00 -7.242770791053771973e-01 -2.632603049278259277e-01 8.090606331825256348e-01 -4.092069268226623535e-01 -7.736599445343017578e-01 4.030852392315864563e-02 1.186496168375015259e-01 -2.695060893893241882e-02 7.225495576858520508e-01 1.165646836161613464e-01 -9.205495566129684448e-02 9.962847232818603516e-01 -6.578714847564697266e-01 9.358420222997665405e-02 -1.596278995275497437e-01 2.417364269495010376e-01 -8.470250666141510010e-02 7.556300610303878784e-02 1.318915486335754395e+00 2.865155935287475586e-01 -1.828867495059967041e-01 6.825032085180282593e-02 -7.040656358003616333e-02 7.151768803596496582e-01 -3.534347563982009888e-02 -1.394711583852767944e-01 7.669171690940856934e-01 1.163162827491760254e+00 1.003155857324600220e-01 6.849851012229919434e-01 -2.698368728160858154e-01 3.381035029888153076e-01 -1.263715922832489014e-01 -5.326076745986938477e-01 -1.109453439712524414e+00 -7.622671127319335938e-01 7.733308076858520508e-01 -5.190594196319580078e-01
6.814535260200500488e-01 -8.117390275001525879e-01 8.272826671600341797e-01 -5.289633274078369141e-01 -4.024833142757415771e-01 4.439460933208465576e-01 3.852812200784683228e-02 -9.520458579063415527e-01 -9.616029858589172363e-01 -3.680354356765747070e-01 3.393048048019409180e-01 -7.154783606529235840e-01 -1.143105983734130859e+00 -5.392881035804748535e-01 4.769196808338165283e-01 4.634875059127807617e-02 3.813192844390869141e-01 -3.947920203208923340e-01 3.686080574989318848e-01 -4.292684495449066162e-01 -7.050720453262329102e-01 1.270945787429809570e+00 5.442431569099426270e-01 -3.156535327434539795e-01 -5.712596178054809570e-01 4.709182977676391602e-01 -5.614972710609436035e-01 -3.169076144695281982e-01 -1.408104002475738525e-01 -7.725902795791625977e-01 4.684549868106842041e-01 -6.536716818809509277e-01 5.714907646179199219e-01 6.683404790237545967e-04 4.536611139774322510e-01 -1.971596330404281616e-01 -1.018494442105293274e-01 3.270779252052307129e-01 -1.675509214401245117e-01 2.823236882686614990e-01 -1.431539505720138550e-01 1.579736322164535522e-01 -3.153457045555114746e-01 1.093012094497680664e-01 1.018254160881042480e+00 2.546253800392150879e-01 3.284113109111785889e-01 -2.961852550506591797e-01 -3.763591647148132324e-01 7.899513244628906250e-01 -2.380714416503906250e-01 1.354126334190368652e-01 1.208865568041801453e-01 2.843716144561767578e-01 1.421956866979598999e-01 5.531279444694519043e-01 -2.619452178478240967e-01 -1.646290272474288940e-01 -4.905058741569519043e-01 7.055564522743225098e-01 -9.620583802461624146e-02 -5.245078802108764648e-01 4.427265524864196777e-01 6.224673986434936523e-01
6.677063703536987305e-01 4.392945766448974609e-01 -1.005628779530525208e-01 5.797250270843505859e-01 2.421202883124351501e-02 -2.056649774312973022e-01 7.159809470176696777e-01 -1.796335577964782715e-01 -6.565693616867065430e-01 6.908469647169113159e-02 1.790499687194824219e-01 -4.229690730571746826e-01 -4.951056838035583496e-01 -1.098483130335807800e-01 4.291790127754211426e-01 7.093374133110046387e-01 -2.252347618341445923e-01 -3.834341764450073242e-01 2.012594938278198242e-01 -1.923460364341735840e-01 -5.742390751838684082e-01 -2.269556373357772827e-01 4.053179025650024414e-01 -1.053180336952209473e+00 -3.930470347404479980e-01 -1.327958852052688599e-01 1.120068430900573730e-01 7.493259310722351074e-01 4.140346646308898926e-01 -2.693249471485614777e-02 -2.499519139528274536e-01 -5.385376214981079102e-01 1.505562663078308105e-01 2.051990777254104614e-01 -6.114070862531661987e-02 -1.345874518156051636e-01 -3.527747392654418945e-01 -3.987459242343902588e-01 -4.427991807460784912e-01 -2.059099376201629639e-01 -2.964901924133300781e-01 -3.084741234779357910e-01 -2.986226677894592285e-01 1.284191459417343140e-01 3.890006542205810547e-01 -4.746713042259216309e-01 -5.749152302742004395e-01 4.307335913181304932e-01 2.416911721229553223e-01 3.176963031291961670e-01 2.332824170589447021e-01 -5.719168782234191895e-01 2.907992005348205566e-01 -1.008205264806747437e-01 -2.705987095832824707e-01 9.879896044731140137e-01 -1.658902317285537720e-02 -2.510120570659637451e-01 -3.054826557636260986e-01 -2.144401073455810547e-01 -5.554012656211853027e-01 -6.249676644802093506e-02 1.096711531281471252e-01 2.308977991342544556e-01
2.917497158050537109e-01 -2.797044515609741211e-01 -2.072447091341018677e-01 4.685750305652618408e-01 -5.175506323575973511e-02 -5.337499380111694336e-01 -4.977177083492279053e-01 -3.121383786201477051e-01 2.006737329065799713e-02 2.815329730510711670e-01 1.023441433906555176e+00 -5.333702564239501953e-01 -4.285573363304138184e-01 -3.526558876037597656e-01 1.948634833097457886e-01 3.399841487407684326e-01 -3.178320452570915222e-02 -5.562562346458435059e-01 7.333908081054687500e-01 -1.227986589074134827e-01 -1.342502385377883911e-01 1.929030567407608032e-01 -9.863101691007614136e-02 -4.374969601631164551e-01 -1.864390373229980469e-01 4.545253515243530273e-01 -1.328065693378448486e-01 2.936919331550598145e-01 1.717956215143203735e-01 6.342641711235046387e-01 -2.002819031476974487e-01 -6.121144294738769531e-01 -1.103661060333251953e-01 -2.060803771018981934e-01 2.403027266263961792e-01 -5.038043856620788574e-01 -4.833347797393798828e-01 2.774308025836944580e-01 7.437843829393386841e-02 -4.955568909645080566e-02 -9.964643418788909912e-02 5.968153476715087891e-01 2.656556665897369385e-01 -1.812178194522857666e-01 1.349191069602966309e+00 -1.216056197881698608e-01 5.173945799469947815e-02 1.228153929114341736e-01 5.165429115295410156e-01 4.523768723011016846e-01 2.567569613456726074e-01 -8.991112112998962402e-01 1.078484892845153809e+00 8.039321303367614746e-01 6.787689924240112305e-01 4.865880906581878662e-01 -2.594668865203857422e-01 -6.394594162702560425e-02 3.326500058174133301e-01 6.637645363807678223e-01 -2.908537685871124268e-01 3.890653252601623535e-01 3.311285972595214844e-01 -1.794312894344329834e-01
3.606782257556915283e-01 6.208415627479553223e-01 4.843065515160560608e-02 3.162956982851028442e-02 1.771706044673919678e-01 -1.711857765913009644e-01 3.033939301967620850e-01 -1.384233981370925903e-01 -2.824716866016387939e-01 -1.163973733782768250e-01 1.181239262223243713e-02 -3.698967993259429932e-01 -7.746279835700988770e-01 3.010025918483734131e-01 3.527326881885528564e-01 6.114158034324645996e-01 5.811151266098022461e-01 1.288589239120483398e-01 4.560296833515167236e-01 5.960190296173095703e-01 -6.641739010810852051e-01 3.910665865987539291e-03 4.486849009990692139e-01 -4.264335632324218750e-01 1.556962728500366211e-01 5.721544027328491211e-01 -5.983401536941528320e-01 1.993649750947952271e-01 -1.533760279417037964e-01 -3.076140880584716797e-01 6.472378224134445190e-02 -1.337711364030838013e-01 -1.398797184228897095e-01 2.374696433544158936e-01 -4.913083612918853760e-01 1.468865722417831421e-01 2.546404302120208740e-01 -1.210605353116989136e-01 -6.380136013031005859e-01 -3.014809489250183105e-01 -6.415118575096130371e-01 -2.503181397914886475e-01 7.638913989067077637e-01 3.416826128959655762e-01 4.185123443603515625e-01 -1.622521132230758667e-01 5.360608547925949097e-02 -4.462037682533264160e-01 -3.312127590179443359e-01 1.417870372533798218e-01 -1.672928780317306519e-01 -7.393777966499328613e-01 1.791918724775314331e-01 -1.061861366033554077e-01 -1.862601637840270996e-01 -9.552611410617828369e-02 1.132422685623168945e-01 -3.825537264347076416e-01 4.505233839154243469e-02 -4.057778418064117432e-02 -1.041864633560180664e+00 1.240167021751403809e-02 -2.498797625303268433e-01 2.535664141178131104e-01
1.556410789489746094e-01 -5.343873500823974609e-01 1.543231606483459473e-01 7.164360880851745605e-01 5.491327047348022461e-01 9.378432482481002808e-02 -1.393771469593048096e-01 3.596180975437164307e-01 -1.333837270736694336e+00 2.363193482160568237e-01 8.441927433013916016e-01 -7.511123418807983398e-01 -3.841320797801017761e-02 5.817355960607528687e-02 8.259847015142440796e-02 1.879314780235290527e-01 -3.846648037433624268e-01 5.523508787155151367e-01 3.405773639678955078e-01 1.008759260177612305e+00 -2.216986417770385742e-01 1.265969779342412949e-02 -1.007873099297285080e-02 3.733759373426437378e-02 -1.211907625198364258e+00 2.153303623199462891e-01 -7.100623846054077148e-01 -1.197214722633361816e-01 7.864977717399597168e-01 3.259790539741516113e-01 2.281778007745742798e-01 5.377845168113708496e-01 5.121421813964843750e-01 -3.745085597038269043e-01 4.748685956001281738e-01 5.349578335881233215e-02 -4.250043332576751709e-01 5.474566221237182617e-01 5.995425861328840256e-03 -3.193339109420776367e-01 -2.338952198624610901e-02 -4.166463911533355713e-01 -6.192457675933837891e-01 3.094265162944793701e-01 8.122400045394897461e-01 -1.493565589189529419e-01 1.953766047954559326e-01 -7.535032629966735840e-01 2.155990451574325562e-01 4.515515863895416260e-01 3.947971761226654053e-02 -6.560111045837402344e-02 2.563377022743225098e-01 1.405677914619445801e+00 -1.886366903781890869e-01 2.763976156711578369e-01 3.111104667186737061e-01 -5.942246317863464355e-01 -2.415805459022521973e-01 6.106472611427307129e-01 -7.954115867614746094e-01 -2.952093482017517090e-01 5.866928100585937500e-01 1.134582087397575378e-01
-4.901054501533508301e-02 -7.032715529203414917e-02 5.068522319197654724e-02 1.222589686512947083e-01 4.852969050407409668e-01 4.374251365661621094e-01 -6.418169140815734863e-01 -5.428581833839416504e-01 -5.143322348594665527e-01 8.130963146686553955e-02 -2.008216232061386108e-01 -1.093868494033813477e+00 -5.905019640922546387e-01 -5.049641132354736328e-01 7.394593954086303711e-01 7.000162601470947266e-01 1.154333651065826416e-01 3.612576425075531006e-01 1.712252646684646606e-01 3.359111249446868896e-01 5.165710449218750000e-01 2.924605011940002441e-01 3.381097689270973206e-02 7.495292928069829941e-03 -8.431706428527832031e-01 6.415553689002990723e-01 -2.844793796539306641e-01 2.036406695842742920e-01 -1.038122996687889099e-01 -4.922357797622680664e-01 -1.479628682136535645e-01 -7.229053974151611328e-01 -2.027384042739868164e-01 -3.825139403343200684e-01 -2.586396634578704834e-01 -5.081349611282348633e-01 4.236019849777221680e-01 4.259586036205291748e-01 -1.755179017782211304e-01 6.181898713111877441e-01 -2.389664351940155029e-01 3.630293607711791992e-01 -3.930333852767944336e-01 2.759108543395996094e-01 1.993209123611450195e-01 -2.343778125941753387e-02 -5.632413551211357117e-03 -1.555777192115783691e-01 -1.276501059532165527e+00 5.722965598106384277e-01 -4.099201858043670654e-01 1.716449260711669922e-01 1.111197590827941895e+00 -8.463121950626373291e-02 8.027654886245727539e-01 5.619617104530334473e-01 -1.162179112434387207e+00 4.671239107847213745e-02 -2.114920914173126221e-01 2.153178900480270386e-01 -6.165657639503479004e-01 -2.104707211256027222e-01 5.626904368400573730e-01 2.749356925487518311e-01
3.043105304241180420e-01 4.437228664755821228e-02 3.513359129428863525e-01 4.851032048463821411e-02 3.406458795070648193e-01 -9.906767606735229492e-01 2.968861348927021027e-02 1.605236679315567017e-01 -1.370903253555297852e+00 -2.271248996257781982e-01 6.712826490402221680e-01 -8.702316284179687500e-01 -7.573374509811401367e-01 -3.700238466262817383e-01 4.879821836948394775e-01 7.002817988395690918e-01 2.778036892414093018e-02 1.294266879558563232e-01 3.142504021525382996e-02 6.322470903396606445e-01 -6.370695829391479492e-01 1.122241392731666565e-01 -5.681522935628890991e-02 4.854843318462371826e-01 -3.102799654006958008e-01 6.564376950263977051e-01 -2.239917963743209839e-01 2.550742030143737793e-01 5.999619364738464355e-01 -3.148297369480133057e-01 2.351166158914566040e-01 -1.177981793880462646e-01 -1.761738061904907227e-01 1.084200367331504822e-01 2.348102033138275146e-01 -1.329788565635681152e-01 9.299392253160476685e-02 4.930618107318878174e-01 -4.479821622371673584e-01 -4.913397431373596191e-01 -1.576877981424331665e-01 3.514869213104248047e-01 2.059071660041809082e-01 7.009020447731018066e-01 5.931407958269119263e-02 -1.604497879743576050e-01 -1.309802830219268799e-01 -3.013258576393127441e-01 -4.305852204561233521e-02 -1.045869961380958557e-01 4.133286178112030029e-01 -5.012946128845214844e-01 6.927917003631591797e-01 -8.803389221429824829e-02 2.110124975442886353e-01 -3.149542808532714844e-01 4.738191962242126465e-01 -5.476887226104736328e-01 -4.883725941181182861e-01 -1.189026087522506714e-01 -2.209853678941726685e-01 -1.462698429822921753e-01 -2.291815578937530518e-01 -2.844955623149871826e-01
-5.377907752990722656e-01 -4.541440904140472412e-01 3.983379155397415161e-02 5.793377161026000977e-01 3.359181284904479980e-01 1.875204741954803467e-01 -5.479271337389945984e-02 7.191746234893798828e-01 -7.707205414772033691e-01 2.724077403545379639e-01 1.170848011970520020e-01 -7.364685535430908203e-01 -2.662943899631500244e-01 -9.199675917625427246e-01 1.721956610679626465e+00 3.210007548332214355e-01 -6.644628643989562988e-01 1.223892793059349060e-01 1.054871797561645508e+00 -4.134173393249511719e-01 2.834040224552154541e-01 8.033025860786437988e-01 7.365844249725341797e-01 -2.576867938041687012e-01 -6.131526827812194824e-01 1.472748398780822754e+00 -7.446452379226684570e-01 -8.185790181159973145e-01 5.625854730606079102e-01 -9.127681143581867218e-03 2.412140518426895142e-01 -7.234707474708557129e-01 3.775870427489280701e-02 -1.046616062521934509e-01 8.380387425422668457e-01 -4.012286365032196045e-01 8.230523020029067993e-02 3.132788091897964478e-02 -1.068958759307861328e+00 6.161860376596450806e-02 -1.127110242843627930e+00 1.892706602811813354e-01 7.300491333007812500e-01 3.363028168678283691e-01 3.592079281806945801e-01 -7.803844660520553589e-02 7.265613675117492676e-01 -5.946399569511413574e-01 -9.863334149122238159e-02 5.541931986808776855e-01 -1.285144448280334473e+00 -4.011409580707550049e-01 1.057066679000854492e+00 4.773028492927551270e-01 5.804753899574279785e-01 4.796594381332397461e-01 1.175141260027885437e-01 -6.984633803367614746e-01 1.561601758003234863e-01 9.669411778450012207e-01 -2.248116284608840942e-01 3.333778679370880127e-01 1.215489149093627930e+00 4.029138386249542236e-02
3.408468961715698242e-01 -6.810274124145507812e-01 7.034912705421447754e-01 4.900668263435363770e-01 2.219102829694747925e-01 -5.218105912208557129e-01 1.687098853290081024e-02 9.348565712571144104e-03 -1.101480126380920410e-01 -5.195578187704086304e-02 -1.262239664793014526e-01 -6.322853267192840576e-02 -1.890370100736618042e-01 -3.523886501789093018e-01 2.574502527713775635e-01 2.538597285747528076e-01 -7.135148644447326660e-01 8.624241948127746582e-01 6.774493455886840820e-01 -1.064267605543136597e-01 2.731416225433349609e-01 7.962160706520080566e-01 9.266242384910583496e-01 1.522127091884613037e-01 -4.455531835556030273e-01 5.646297931671142578e-01 -2.770381867885589600e-01 -5.641551222652196884e-03 6.444042325019836426e-01 -2.469953149557113647e-01 -6.373713016510009766e-01 5.702064633369445801e-01 -5.719779133796691895e-01 5.740551948547363281e-01 -2.790775336325168610e-02 -1.145789250731468201e-01 2.619437575340270996e-01 -5.447660684585571289e-01 -4.868625998497009277e-01 2.105664163827896118e-01 -1.885818988084793091e-01 -2.645943127572536469e-02 1.749479919672012329e-01 -5.720195174217224121e-01 8.464902639389038086e-01 3.058869540691375732e-01 -6.390150189399719238e-01 7.131700962781906128e-02 -4.109515249729156494e-01 4.107361733913421631e-01 -1.043294370174407959e-01 2.521716356277465820e-01 2.594795823097229004e-01 7.313917875289916992e-01 4.693358242511749268e-01 6.837971508502960205e-02 2.527768909931182861e-01 -1.782779693603515625e-01 -1.676413118839263916e-01 5.054834485054016113e-01 -6.103537678718566895e-01 -1.261604130268096924e-01 1.134081706404685974e-01 5.351056456565856934e-01
1.566336452960968018e-01 -4.324930533766746521e-02 3.414202928543090820e-01 -9.111723303794860840e-02 4.073579311370849609e-01 -1.687230914831161499e-01 9.385530352592468262e-01 -2.763048410415649414e-01 -3.883969485759735107e-01 -1.260807067155838013e-01 1.625262200832366943e-01 -7.958157658576965332e-01 -7.484099268913269043e-01 -2.028379738330841064e-01 8.697333335876464844e-01 6.438206434249877930e-01 2.767890878021717072e-02 6.817046552896499634e-02 4.124456942081451416e-01 3.254525363445281982e-01 -6.935237050056457520e-01 -1.237532496452331543e-01 -2.725282311439514160e-01 -1.299107968807220459e-01 -1.197662428021430969e-01 6.616382598876953125e-01 -1.355705410242080688e-01 6.647439599037170410e-01 3.696548985317349434e-03 -3.264172971248626709e-01 7.095372676849365234e-02 3.446773886680603027e-01 2.155228108167648315e-01 1.621511578559875488e-02 2.931683510541915894e-02 1.955281198024749756e-01 3.782425224781036377e-01 -7.959160953760147095e-02 -2.015078961849212646e-01 1.459826380014419556e-01 -4.975889325141906738e-01 4.211261272430419922e-01 3.406664729118347168e-01 1.444080770015716553e-01 -1.220005378127098083e-01 -2.385934591293334961e-01 -5.866636037826538086e-01 -1.793433427810668945e-01 -3.503025174140930176e-01 -1.683982461690902710e-01 -2.456993013620376587e-01 -8.877066969871520996e-01 1.308376789093017578e-01 3.147967457771301270e-01 -6.684322357177734375e-01 2.335505187511444092e-01 -1.014514565467834473e-01 -2.610763907432556152e-01 -6.528273820877075195e-01 2.428499609231948853e-01 -1.156511664390563965e+00 -3.361794352531433105e-01 -1.985873728990554810e-01 -2.954422831535339355e-01
4.849197566509246826e-01 -5.435966849327087402e-01 7.327260375022888184e-01 3.417147099971771240e-01 1.844136118888854980e-01 3.122687935829162598e-01 -1.361641585826873779e-01 -7.714055478572845459e-02 -1.341775655746459961e+00 8.788644075393676758e-01 -5.045858398079872131e-02 -4.612496197223663330e-01 -2.387721985578536987e-01 6.361003033816814423e-03 2.791095077991485596e-01 6.688252687454223633e-01 -3.101078048348426819e-02 2.067331075668334961e-01 -2.672601938247680664e-01 8.124445676803588867e-01 7.502663135528564453e-01 8.324613571166992188e-01 -3.888476788997650146e-01 -6.593843698501586914e-01 3.573108911514282227e-01 9.494734406471252441e-01 -6.385044753551483154e-02 -3.551732301712036133e-01 5.655711889266967773e-01 -2.956220507621765137e-01 -4.353710412979125977e-01 -1.993347555398941040e-01 3.564417064189910889e-01 4.013450145721435547e-01 -2.617175579071044922e-01 3.724253177642822266e-01 -2.833184599876403809e-01 -4.036752879619598389e-01 -7.254779934883117676e-01 5.668689012527465820e-01 5.004465579986572266e-01 4.350298345088958740e-01 -8.716346621513366699e-01 -5.315818786621093750e-01 6.322925090789794922e-01 -4.416630268096923828e-01 3.509798943996429443e-01 4.989604279398918152e-02 -9.123305231332778931e-02 6.822123527526855469e-01 -1.938684582710266113e-01 -1.272794790565967560e-02 6.011625528335571289e-01 3.201901614665985107e-01 -1.082255467772483826e-01 -4.381794333457946777e-01 -5.300089120864868164e-01 -2.883253991603851318e-01 2.768898904323577881e-01 2.917000651359558105e-01 -9.079300761222839355e-01 -4.339437782764434814e-01 2.656596601009368896e-01 -1.158621013164520264e-01
-2.443401608616113663e-04 -1.042816936969757080e-01 6.576159596443176270e-01 2.929456830024719238e-01 -1.057027950882911682e-01 -4.345243796706199646e-02 5.311622619628906250e-01 -4.729939103126525879e-01 -1.947640925645828247e-01 -3.415454030036926270e-01 -9.830274432897567749e-02 -5.664860606193542480e-01 -7.580726742744445801e-01 -4.449341595172882080e-01 3.315922021865844727e-01 2.141403853893280029e-01 2.618229575455188751e-02 1.329386234283447266e-01 -5.304694175720214844e-01 4.719072878360748291e-01 3.276490569114685059e-01 3.006860315799713135e-01 -1.722455918788909912e-01 9.036765992641448975e-02 6.959695369005203247e-02 4.639329016208648682e-02 -1.824977397918701172e-01 4.940834343433380127e-01 4.998548626899719238e-01 -7.660166621208190918e-01 -9.147248417139053345e-02 5.280579924583435059e-01 1.447447538375854492e-01 4.151442945003509521e-01 -2.811870574951171875e-01 -1.068519115447998047e+00 1.106984168291091919e-01 -4.735772907733917236e-01 -7.633802294731140137e-01 -2.275805473327636719e-01 -7.448526024818420410e-01 9.002691507339477539e-02 2.549224495887756348e-01 4.943700134754180908e-01 1.425056010484695435e-01 2.305773198604583740e-01 -3.932932615280151367e-01 -1.146587952971458435e-01 2.810218036174774170e-01 9.871045500040054321e-02 3.789752423763275146e-01 5.645458400249481201e-02 6.361216306686401367e-01 -9.702961891889572144e-03 1.548226028680801392e-01 4.774671792984008789e-01 1.260550618171691895e-01 -8.196938633918762207e-01 -1.116057112812995911e-01 5.632494688034057617e-01 -3.796567320823669434e-01 -4.529567658901214600e-01 -4.247802495956420898e-01 3.720151185989379883e-01
1.270251423120498657e-01 -1.389556229114532471e-01 -3.161236643791198730e-01 2.320178151130676270e-01 -1.728029102087020874e-01 -4.522254168987274170e-01 -4.209975600242614746e-01 -2.145450264215469360e-01 -2.635149359703063965e-01 4.810538291931152344e-01 7.640660405158996582e-01 -5.597021579742431641e-01 -1.802793443202972412e-01 3.431767597794532776e-02 4.539115130901336670e-01 2.636757493019104004e-01 1.537853032350540161e-01 -1.781788170337677002e-01 1.795813292264938354e-01 -1.348748453892767429e-03 -6.118078231811523438e-01 2.829563617706298828e-01 2.777280211448669434e-01 -6.206077337265014648e-01 -1.801246404647827148e-01 5.301494598388671875e-01 3.649819493293762207e-01 4.192050099372863770e-01 2.248566746711730957e-01 1.569802127778530121e-02 2.393442839384078979e-01 -2.858737111091613770e-01 -5.692686438560485840e-01 -3.522966504096984863e-01 6.463398933410644531e-01 4.814293235540390015e-02 -1.635095179080963135e-01 -1.304558664560317993e-01 6.451263427734375000e-01 1.133111491799354553e-01 6.250902265310287476e-02 8.886896818876266479e-02 -1.523511391133069992e-02 5.930507928133010864e-02 8.611208796501159668e-01 -3.294017016887664795e-01 -3.377564251422882080e-01 7.141272723674774170e-02 7.454769611358642578e-01 4.177683591842651367e-01 3.907353878021240234e-01 -6.445692777633666992e-01 9.078036546707153320e-01 4.695912897586822510e-01 5.931213498115539551e-01 4.855003654956817627e-01 -3.245112895965576172e-01 -1.696336716413497925e-01 4.376278817653656006e-01 9.112993478775024414e-01 -5.744491815567016602e-01 3.831157982349395752e-01 5.447955131530761719e-01 -2.269290238618850708e-01
8.918869495391845703e-01 7.274880409240722656e-01 -4.092665314674377441e-01 9.047708660364151001e-02 3.415881991386413574e-01 -1.245206743478775024e-01 6.864903569221496582e-01 -2.441793233156204224e-01 -5.479821562767028809e-01 2.206342816352844238e-01 1.869955956935882568e-01 -5.801027417182922363e-01 -4.607628285884857178e-01 1.172434240579605103e-01 9.905278086662292480e-01 6.525971293449401855e-01 -3.594864904880523682e-02 -5.463934540748596191e-01 3.681360483169555664e-01 2.373226433992385864e-01 -6.192539334297180176e-01 3.253649175167083740e-01 6.080808639526367188e-01 -8.046980500221252441e-01 -5.545222163200378418e-01 -1.625751517713069916e-02 -2.927233874797821045e-01 8.076562285423278809e-01 -1.241433769464492798e-01 1.427761763334274292e-01 -1.671068519353866577e-01 3.883444368839263916e-01 -2.920283973217010498e-01 -2.321998327970504761e-01 -1.410475075244903564e-01 -1.304121613502502441e-01 -3.285587430000305176e-01 -1.022906452417373657e-01 -2.422823756933212280e-01 -1.954759806394577026e-01 -2.852661609649658203e-01 2.968666553497314453e-01 1.915935426950454712e-01 2.511061728000640869e-01 4.069300889968872070e-01 -3.395446538925170898e-01 -1.226679757237434387e-01 2.517029941082000732e-01 5.749093741178512573e-02 3.588030040264129639e-01 -2.632315158843994141e-01 -6.752026081085205078e-01 -2.101886421442031860e-01 -5.863870307803153992e-02 -1.878708004951477051e-01 4.775580763816833496e-01 -3.379758819937705994e-02 -5.843741893768310547e-01 -1.306760311126708984e-01 2.459641359746456146e-02 -5.720176696777343750e-01 -2.754525840282440186e-01 5.966611951589584351e-02 1.863567680120468140e-01
1.856113970279693604e-02 4.797815680503845215e-01 2.910581529140472412e-01 7.156434655189514160e-02 -2.727197408676147461e-01 1.276737917214632034e-02 2.902202010154724121e-01 -4.065413475036621094e-01 -4.765583872795104980e-01 1.832153201103210449e-01 2.614713907241821289e-01 -4.910558760166168213e-01 -6.646670699119567871e-01 1.763112097978591919e-01 5.943731665611267090e-01 7.094070911407470703e-01 4.968697130680084229e-01 -1.171092987060546875e-01 -1.277583688497543335e-01 5.469474792480468750e-01 3.105938136577606201e-01 1.962673813104629517e-01 1.374564468860626221e-01 -2.851974964141845703e-01 -1.193244159221649170e-01 3.858047723770141602e-01 -4.803707599639892578e-01 2.001132965087890625e-01 3.274216353893280029e-01 -2.082648873329162598e-01 4.406304657459259033e-02 -1.584681868553161621e-01 -2.600290775299072266e-01 4.849545948673039675e-04 -1.265673432499170303e-02 -1.790965348482131958e-01 6.805054843425750732e-02 -1.009646132588386536e-01 -3.147610425949096680e-01 8.311889134347438812e-03 -1.273078918457031250e-01 4.945066198706626892e-02 6.924795359373092651e-02 -3.384970501065254211e-02 -1.028876677155494690e-01 -3.076204955577850342e-01 -4.531670510768890381e-01 -1.152169927954673767e-01 -6.631941795349121094e-01 4.389169812202453613e-01 -3.670094013214111328e-01 -6.919940710067749023e-01 4.799762368202209473e-01 5.370165705680847168e-01 4.827778413891792297e-02 -7.599009275436401367e-01 -4.504969716072082520e-01 -5.519681796431541443e-02 -6.118683218955993652e-01 -3.290493041276931763e-02 -4.255973398685455322e-01 -1.218136698007583618e-01 -1.767023801803588867e-01 5.654218196868896484e-01
4.215507507324218750e-01 -9.871327877044677734e-02 4.301036596298217773e-01 3.014618754386901855e-01 4.750115871429443359e-01 -3.809312283992767334e-01 -2.989624142646789551e-01 -5.130370259284973145e-01 1.300149261951446533e-01 5.667109489440917969e-01 5.167545080184936523e-01 -1.623197346925735474e-01 -1.920353472232818604e-01 -2.707882225513458252e-01 6.584749221801757812e-01 5.959146022796630859e-01 1.016798838973045349e-01 3.990242779254913330e-01 5.156330466270446777e-01 5.145996212959289551e-01 5.872752070426940918e-01 6.461346149444580078e-01 6.412178874015808105e-01 -4.693351089954376221e-01 -4.316489398479461670e-01 2.260496616363525391e-01 6.356152147054672241e-02 -9.825467318296432495e-02 5.925444364547729492e-01 -1.870526969432830811e-01 -3.503914475440979004e-01 1.764503419399261475e-01 -2.131141275167465210e-01 2.944356203079223633e-01 -8.007593154907226562e-01 2.357052266597747803e-01 3.766816854476928711e-01 -6.105521917343139648e-01 -4.152040481567382812e-01 -4.176589474081993103e-02 -5.214945673942565918e-01 8.293984085321426392e-02 -1.951213926076889038e-01 -3.096246719360351562e-01 3.415867686271667480e-01 -5.337923169136047363e-01 -1.730989217758178711e-01 -3.025067448616027832e-01 -6.147234439849853516e-01 5.870872139930725098e-01 -8.425127714872360229e-03 -1.809316277503967285e-01 -1.551835089921951294e-01 1.857565492391586304e-01 1.054663658142089844e-01 -5.423287153244018555e-01 -5.452370047569274902e-01 -4.668254852294921875e-01 -4.221108853816986084e-01 3.223873674869537354e-01 -5.684664845466613770e-01 2.673870623111724854e-01 9.701927751302719116e-02 -7.884473353624343872e-02
2.374728471040725708e-01 -2.543218731880187988e-01 2.909380197525024414e-01 6.432242691516876221e-02 1.561666131019592285e-01 -5.501265525817871094e-01 -4.191060662269592285e-01 -2.464316934347152710e-01 -5.643969178199768066e-01 -6.814302504062652588e-02 5.985529720783233643e-02 -3.738411962985992432e-01 -2.461603879928588867e-01 -1.156028151512145996e+00 1.062865018844604492e+00 1.431982219219207764e-01 -9.218654781579971313e-02 7.785248160362243652e-01 2.084570974111557007e-01 7.866896390914916992e-01 1.597138047218322754e-01 8.065620064735412598e-01 8.843887448310852051e-01 -8.379530906677246094e-01 -5.245550870895385742e-01 1.839590668678283691e-01 -1.405944377183914185e-01 1.910839080810546875e-01 -4.502508044242858887e-02 1.049710437655448914e-01 -6.764445304870605469e-01 -4.849393665790557861e-01 -3.404256403446197510e-01 -9.373891353607177734e-02 -6.255277395248413086e-01 1.162805035710334778e-01 1.361128594726324081e-02 -5.667968071065843105e-04 -1.091171875596046448e-01 4.273519515991210938e-01 -6.089116930961608887e-01 2.068704068660736084e-01 1.866936311125755310e-02 -2.425304204225540161e-01 3.321594893932342529e-01 -4.097817540168762207e-01 2.131078094244003296e-01 -1.192816376686096191e+00 -8.827996253967285156e-01 8.470380902290344238e-01 1.403273344039916992e-01 2.683953940868377686e-01 3.820906877517700195e-01 5.722959637641906738e-01 4.221807047724723816e-02 -2.175083309412002563e-01 -7.809135913848876953e-01 -2.479401379823684692e-01 -2.297501862049102783e-01 9.205762147903442383e-01 -6.583358049392700195e-01 -1.248528137803077698e-01 6.719914078712463379e-01 -5.513215065002441406e-01
2.453024983406066895e-01 2.893278002738952637e-01 1.870609074831008911e-01 1.744356304407119751e-01 2.776598036289215088e-01 -3.483855724334716797e-02 -2.534105256199836731e-02 -3.895762609317898750e-03 -6.391116380691528320e-01 3.648420274257659912e-01 1.950808763504028320e-01 -7.038534283638000488e-01 -6.609384417533874512e-01 5.854646563529968262e-01 3.908660113811492920e-01 1.125599145889282227e-01 3.198186459485441446e-04 -7.094063758850097656e-01 -1.483362317085266113e-01 3.429166600108146667e-02 -2.990092039108276367e-01 3.279784023761749268e-01 2.684794962406158447e-01 -9.883410334587097168e-01 -7.205970585346221924e-02 3.867536783218383789e-01 -4.104607999324798584e-01 1.492497920989990234e-01 -2.878546118736267090e-01 -4.563135504722595215e-01 -9.695403277873992920e-03 -8.166490793228149414e-01 4.567478001117706299e-01 5.062032938003540039e-01 3.264470100402832031e-01 -1.788256913423538208e-01 -5.810315012931823730e-01 -1.307888031005859375e-01 -2.199933975934982300e-01 -2.444212697446346283e-02 -4.701674282550811768e-01 -3.081713616847991943e-01 9.781640172004699707e-01 -8.976285159587860107e-02 5.403673052787780762e-01 8.831001073122024536e-02 -6.233103275299072266e-01 2.565113268792629242e-02 -1.648563891649246216e-01 4.371245503425598145e-01 1.667394340038299561e-01 4.655345529317855835e-02 1.931045651435852051e-01 5.217213034629821777e-01 -5.739071592688560486e-02 9.878868460655212402e-01 1.356844305992126465e-01 -5.549653172492980957e-01 1.671419441699981689e-01 5.788311958312988281e-01 -2.607485055923461914e-01 -3.128267526626586914e-01 4.729571193456649780e-02 -3.219396620988845825e-02
4.929445683956146240e-01 2.325844615697860718e-01 -2.012393027544021606e-01 5.510880947113037109e-01 2.113471627235412598e-01 4.204707685858011246e-03 -4.773549269884824753e-03 1.961812563240528107e-02 -4.378541409969329834e-01 4.125586748123168945e-01 2.299865335226058960e-01 -7.262907624244689941e-01 -5.352122783660888672e-01 3.218452930450439453e-01 -6.747989356517791748e-02 5.206006169319152832e-01 8.588378876447677612e-02 -2.599692344665527344e-01 2.586727142333984375e-01 -1.227684542536735535e-01 -5.450988411903381348e-01 -2.570191025733947754e-01 1.566011905670166016e-01 -1.022481560707092285e+00 -9.450671076774597168e-02 5.300271511077880859e-01 6.104638427495956421e-02 5.337000489234924316e-01 -3.751071393489837646e-01 1.090147271752357483e-01 1.944833248853683472e-01 -5.414904356002807617e-01 -1.403134167194366455e-01 3.567546606063842773e-01 5.163652896881103516e-01 -2.988262176513671875e-01 -7.016439437866210938e-01 -1.957028061151504517e-01 -4.051491245627403259e-02 9.913453459739685059e-02 -5.468964576721191406e-01 -2.561399945989251137e-03 7.265539169311523438e-01 1.778867840766906738e-01 6.402324438095092773e-01 -5.493571162223815918e-01 -1.244010054506361485e-03 7.956465333700180054e-02 -2.100048661231994629e-01 4.463981688022613525e-01 3.935075700283050537e-01 -3.395005464553833008e-01 2.686839699745178223e-01 4.834368824958801270e-01 1.910896897315979004e-01 9.064396023750305176e-01 -1.500028278678655624e-02 -1.863833963871002197e-01 2.478158921003341675e-01 6.768887042999267578e-01 -3.179071843624114990e-01 2.371673434972763062e-01 -1.912787109613418579e-01 3.061950579285621643e-02
8.922518044710159302e-02 1.736264526844024658e-01 5.397147536277770996e-01 4.072250127792358398e-01 -5.214595794677734375e-01 7.696182467043399811e-03 4.513623565435409546e-02 -2.299292236566543579e-01 -2.901941537857055664e-01 -1.172915697097778320e-01 3.559372425079345703e-01 -6.888187527656555176e-01 -4.865274727344512939e-01 1.028647497296333313e-01 1.527099311351776123e-02 3.557725250720977783e-01 3.112671971321105957e-01 -6.957845687866210938e-01 -6.090957522392272949e-01 7.015094161033630371e-01 2.123526185750961304e-01 4.617414474487304688e-01 -1.611871458590030670e-02 -2.773736417293548584e-01 3.572134673595428467e-02 4.489965438842773438e-01 -3.416286706924438477e-01 2.992631196975708008e-01 5.195703506469726562e-01 -3.391794264316558838e-01 3.760137856006622314e-01 -2.563299536705017090e-01 9.643105417490005493e-02 1.232876852154731750e-01 -6.725594401359558105e-02 -4.603422582149505615e-01 -2.601729519665241241e-02 -2.045899033546447754e-01 -3.341794908046722412e-01 5.059350132942199707e-01 -8.539987206459045410e-01 -4.324617087841033936e-01 5.862349867820739746e-01 2.390731275081634521e-01 1.729975640773773193e-01 6.376841664314270020e-02 -9.518087506294250488e-01 2.802847325801849365e-01 -3.960213065147399902e-01 8.453783392906188965e-01 -3.423533141613006592e-01 1.823118329048156738e-01 4.496621191501617432e-01 2.584996223449707031e-01 4.578938186168670654e-01 5.804853439331054688e-01 -3.392655849456787109e-01 -2.315832078456878662e-01 1.354613900184631348e-01 8.523314595222473145e-01 -1.816556230187416077e-02 -5.457345247268676758e-01 -3.817861899733543396e-02 2.154262661933898926e-01
6.152904033660888672e-01 -1.358418464660644531e-01 3.909378945827484131e-01 2.800915539264678955e-01 4.158618152141571045e-01 -9.771379232406616211e-01 -2.215267866849899292e-01 3.590057194232940674e-01 -1.133340835571289062e+00 -1.306634992361068726e-01 1.019906640052795410e+00 -5.077916383743286133e-01 -5.753767490386962891e-01 -4.098057448863983154e-01 3.713732063770294189e-01 7.121502757072448730e-01 -2.435478568077087402e-01 2.731769680976867676e-01 -2.788076996803283691e-01 4.923487007617950439e-01 -4.896536171436309814e-01 3.454465568065643311e-01 -1.087877750396728516e-01 2.217344045639038086e-01 -3.231368660926818848e-01 8.175244331359863281e-01 -1.258433461189270020e-01 1.696297973394393921e-01 1.913273334503173828e-01 -6.545343250036239624e-02 -2.130226939916610718e-01 -4.912370443344116211e-01 -5.328610539436340332e-01 -1.811331808567047119e-01 3.538072109222412109e-01 -9.722135961055755615e-02 -2.564855515956878662e-01 3.702325522899627686e-01 -8.472666144371032715e-03 -1.320154815912246704e-01 7.334464043378829956e-02 1.189695075154304504e-01 3.241059556603431702e-02 5.223152041435241699e-01 6.385295391082763672e-01 3.004579246044158936e-01 1.804639846086502075e-01 1.731272190809249878e-01 5.141617059707641602e-01 -3.489574790000915527e-02 2.413716912269592285e-01 -9.356221556663513184e-01 5.383067727088928223e-01 1.682826727628707886e-01 4.420404434204101562e-01 1.039305925369262695e-01 6.778479814529418945e-01 -6.471393704414367676e-01 -6.178793907165527344e-01 2.250449964776635170e-03 -6.487801671028137207e-02 -3.315731883049011230e-01 2.846308648586273193e-01 -4.475974738597869873e-01
2.457969486713409424e-01 4.734508693218231201e-01 -1.666141897439956665e-01 4.092399775981903076e-01 5.810873508453369141e-01 2.295878948643803596e-03 8.441833257675170898e-01 -3.945489525794982910e-01 -7.647496461868286133e-01 -2.722408473491668701e-01 1.070956140756607056e-01 -7.799138426780700684e-01 1.980757713317871094e-02 -2.302150130271911621e-01 9.094014763832092285e-01 6.545870304107666016e-01 2.020066976547241211e-01 -2.975426912307739258e-01 -2.138411849737167358e-01 2.844502627849578857e-01 -1.519998311996459961e-01 2.915839254856109619e-01 -2.343190312385559082e-01 -9.484652429819107056e-02 -5.745204910635948181e-02 6.255853772163391113e-01 -1.388579607009887695e-01 2.801545262336730957e-01 7.127333283424377441e-01 6.097493227571249008e-03 -3.858727635815739632e-03 1.319818943738937378e-02 -4.433770477771759033e-01 3.072961568832397461e-01 -8.211991190910339355e-02 -6.822888553142547607e-02 2.875563502311706543e-01 6.182001233100891113e-01 -6.998898386955261230e-01 -3.496639728546142578e-01 -2.248212248086929321e-01 -2.984981518238782883e-03 4.379943907260894775e-01 3.248925209045410156e-01 4.238450825214385986e-01 -2.384059876203536987e-01 -1.781929582357406616e-01 -3.372662663459777832e-01 -2.053564935922622681e-01 -2.613619342446327209e-02 -1.586339436471462250e-02 -3.865962624549865723e-01 4.116385579109191895e-01 -1.589929759502410889e-01 3.973886966705322266e-01 -5.528368353843688965e-01 2.124075889587402344e-01 -3.605193197727203369e-01 -6.544594764709472656e-01 -2.214685082435607910e-01 -1.067123889923095703e+00 -6.847656965255737305e-01 -5.177367925643920898e-01 1.375416219234466553e-01
4.455643892288208008e-01 -4.802392423152923584e-02 -2.222736366093158722e-02 -2.652844488620758057e-01 7.038491964340209961e-01 -7.238839864730834961e-01 -4.489513114094734192e-02 3.123605549335479736e-01 -1.205244779586791992e+00 -4.613827913999557495e-02 5.443984866142272949e-01 -8.547993302345275879e-01 -5.179136395454406738e-01 -3.709262609481811523e-01 6.240771412849426270e-01 7.703090310096740723e-01 -3.050144314765930176e-01 8.089408874511718750e-01 3.593131601810455322e-01 8.225287199020385742e-01 -2.411152720451354980e-01 5.285868644714355469e-01 -2.070831358432769775e-01 6.512551307678222656e-01 -5.361158251762390137e-01 8.956445455551147461e-01 -1.278546154499053955e-01 -2.408406734466552734e-01 3.879498243331909180e-01 -3.769199550151824951e-01 -1.634910330176353455e-02 -7.265278697013854980e-01 2.146766781806945801e-01 2.456683218479156494e-01 3.309850096702575684e-01 2.140196859836578369e-01 -7.168959379196166992e-01 6.408605575561523438e-01 -1.663132756948471069e-01 -2.048803269863128662e-01 5.499330163002014160e-01 -7.008922696113586426e-01 3.235211223363876343e-02 5.498146414756774902e-01 3.138500750064849854e-01 1.497717648744583130e-01 3.765698671340942383e-01 7.975793629884719849e-02 1.973693519830703735e-01 3.569118976593017578e-01 5.201833844184875488e-01 -5.739955306053161621e-01 5.303415656089782715e-01 2.387696802616119385e-01 3.702124655246734619e-01 3.712680935859680176e-01 7.062423825263977051e-01 -7.392553091049194336e-01 -5.775241255760192871e-01 4.745141267776489258e-01 -3.546734154224395752e-01 -7.025735825300216675e-02 4.679980278015136719e-01 -2.730675935745239258e-01
4.121222198009490967e-01 2.970975339412689209e-01 3.522256612777709961e-01 1.804471462965011597e-01 5.130130648612976074e-01 -2.724661231040954590e-01 6.324203610420227051e-01 -6.628903150558471680e-01 -6.985026597976684570e-01 -2.234783321619033813e-01 2.768796980381011963e-01 -6.305484175682067871e-01 -1.795934289693832397e-01 -2.782578468322753906e-01 5.683448910713195801e-01 5.843859910964965820e-01 7.002189755439758301e-01 7.982429862022399902e-02 2.318535596132278442e-01 3.562502562999725342e-01 -5.929228663444519043e-02 5.648569762706756592e-02 -3.316438198089599609e-01 4.493530094623565674e-02 1.670764684677124023e-01 5.074821710586547852e-01 2.599774003028869629e-01 8.285038173198699951e-03 4.106096327304840088e-01 -1.422626376152038574e-01 -3.652469441294670105e-02 1.709967404603958130e-01 1.740342192351818085e-02 2.808389067649841309e-01 -3.987120985984802246e-01 -1.164273396134376526e-01 4.727234840393066406e-01 1.455712765455245972e-01 -1.160055518150329590e+00 -4.094619750976562500e-01 -5.182311534881591797e-01 2.985730580985546112e-02 4.646709263324737549e-01 8.139724731445312500e-01 1.188468188047409058e-01 -2.770038545131683350e-01 -3.931100070476531982e-01 -4.306035339832305908e-01 5.442981719970703125e-01 5.609109625220298767e-02 -4.158814549446105957e-01 -7.913517206907272339e-02 4.542416930198669434e-01 1.031096801161766052e-01 1.778837740421295166e-01 -1.387243419885635376e-01 7.925267517566680908e-02 -5.236307382583618164e-01 -4.627251625061035156e-02 1.555374860763549805e-01 -8.810874819755554199e-01 4.105310514569282532e-02 -4.144599139690399170e-01 7.405777275562286377e-02
4.168864488601684570e-01 4.409217834472656250e-02 -6.115278974175453186e-02 -1.764553636312484741e-01 1.365073025226593018e-01 -5.609868764877319336e-01 -2.837069034576416016e-01 9.556952863931655884e-03 -7.312479019165039062e-01 1.217855736613273621e-01 1.332139492034912109e+00 -9.979801774024963379e-01 -3.124204576015472412e-01 -3.184075653553009033e-01 4.112477600574493408e-01 3.405991494655609131e-01 -2.347935140132904053e-01 -3.412820026278495789e-02 3.233099579811096191e-01 2.933258563280105591e-02 -3.361086249351501465e-01 -1.677733473479747772e-02 4.055210351943969727e-01 -5.758272409439086914e-01 8.044999837875366211e-02 6.803436875343322754e-01 -8.250313997268676758e-02 1.621692478656768799e-01 1.899266615509986877e-02 2.128693312406539917e-01 -2.061242163181304932e-01 -3.366773724555969238e-01 -5.148927494883537292e-02 -3.249717354774475098e-01 4.718988835811614990e-01 2.246128022670745850e-01 -6.114625930786132812e-01 -3.080864846706390381e-01 5.675370693206787109e-01 -1.052950173616409302e-01 -1.102669984102249146e-01 2.432822734117507935e-01 1.444065421819686890e-01 4.601148366928100586e-01 5.072426199913024902e-01 2.782583236694335938e-01 -1.694528311491012573e-01 6.800863742828369141e-01 3.479401171207427979e-01 7.707801461219787598e-02 3.941777050495147705e-01 -6.626517772674560547e-01 8.892907500267028809e-01 3.100219666957855225e-01 1.085700869560241699e+00 5.064027309417724609e-01 4.982268437743186951e-03 -2.065141797065734863e-01 -3.712978959083557129e-01 3.477931618690490723e-01 -2.961356937885284424e-01 -3.592062294483184814e-01 2.765519618988037109e-01 -6.286662220954895020e-01
5.364105105400085449e-01 -7.994231581687927246e-01 4.204163849353790283e-01 3.567164838314056396e-01 8.169217109680175781e-01 -5.603035688400268555e-01 7.005448639392852783e-02 -4.125394672155380249e-02 -4.149755239486694336e-01 -9.306029230356216431e-02 7.211819291114807129e-01 -2.603551372885704041e-02 -1.065306216478347778e-01 -4.343231916427612305e-01 3.031834661960601807e-01 3.587840497493743896e-01 7.721921056509017944e-02 -5.506287217140197754e-01 -8.544044196605682373e-02 3.630615025758743286e-02 -1.010728836059570312e+00 5.902457237243652344e-01 -1.286525577306747437e-01 -1.180978178977966309e+00 2.920065820217132568e-01 3.388414978981018066e-01 1.305738687515258789e-01 -5.612577125430107117e-02 7.683774828910827637e-01 9.195798039436340332e-01 4.741112291812896729e-01 -1.004815936088562012e+00 -7.897008061408996582e-01 2.917136251926422119e-01 7.956060767173767090e-01 -4.256204366683959961e-01 -6.049233078956604004e-01 -1.582482084631919861e-02 -3.803400397300720215e-01 2.288426607847213745e-01 4.032692313194274902e-02 3.159322589635848999e-02 2.497797757387161255e-01 5.905060470104217529e-02 4.446937739849090576e-01 -4.927682876586914062e-01 -2.031742632389068604e-01 -2.878892421722412109e-02 2.389804869890213013e-01 1.354214787483215332e+00 -3.655942082405090332e-01 -3.325177729129791260e-01 5.997289419174194336e-01 1.197566151618957520e+00 1.086876511573791504e+00 2.246744781732559204e-01 1.830869317054748535e-01 4.083859026432037354e-01 1.322047710418701172e-01 9.221674799919128418e-01 -6.094533205032348633e-01 3.091424107551574707e-01 1.077492952346801758e+00 5.478995442390441895e-01
3.639250993728637695e-01 3.123718202114105225e-01 -7.093995064496994019e-02 3.803854882717132568e-01 2.193582355976104736e-01 -5.640344694256782532e-02 6.280674785375595093e-02 -5.780672430992126465e-01 2.360880076885223389e-01 4.618096947669982910e-01 2.156087011098861694e-01 -7.023748755455017090e-01 -4.483134150505065918e-01 -3.266939520835876465e-02 2.969555258750915527e-01 1.054049730300903320e+00 -5.856622755527496338e-02 -3.057435750961303711e-01 -9.151308983564376831e-02 5.888460874557495117e-01 2.616472542285919189e-01 2.146128863096237183e-01 1.341643035411834717e-01 1.610048487782478333e-02 8.826097846031188965e-02 4.231476783752441406e-01 -4.427824616432189941e-01 -7.274786476045846939e-03 7.721854001283645630e-02 -2.295110076665878296e-01 -1.614651978015899658e-01 -5.972219109535217285e-01 -2.009209990501403809e-01 2.557785250246524811e-02 1.073269248008728027e-01 7.720011752098798752e-03 -1.660284548997879028e-01 3.306856155395507812e-01 2.314224652945995331e-02 3.455283939838409424e-01 -7.253600955009460449e-01 -3.382687270641326904e-02 -3.046645224094390869e-01 1.572602540254592896e-01 8.257482200860977173e-02 -3.210567533969879150e-01 -6.936060190200805664e-01 1.893749833106994629e-01 -1.043087244033813477e+00 6.311258673667907715e-01 -6.157940253615379333e-02 -4.348683059215545654e-01 4.601057469844818115e-01 3.202237188816070557e-02 2.284356355667114258e-01 -3.998758494853973389e-01 -6.939541697502136230e-01 2.139433175325393677e-01 -2.426618039608001709e-01 1.430442482233047485e-01 -4.574794769287109375e-01 -2.276627123355865479e-01 8.630241453647613525e-02 6.352109313011169434e-01
3.066557049751281738e-01 -1.471455395221710205e-01 1.793112754821777344e-01 1.538413763046264648e-01 -2.717366814613342285e-01 -3.998529911041259766e-01 -1.102956235408782959e-01 1.077355295419692993e-01 -2.079160809516906738e-01 5.452674031257629395e-01 4.392951428890228271e-01 -6.435452699661254883e-01 -4.783003032207489014e-01 3.155933320522308350e-01 5.508720278739929199e-01 1.155249774456024170e-01 -1.752625405788421631e-01 -2.460574507713317871e-01 -4.705052822828292847e-02 -2.689721882343292236e-01 -1.712596118450164795e-01 4.776790738105773926e-02 2.409804016351699829e-01 -5.709601044654846191e-01 -6.936827301979064941e-02 7.757843732833862305e-01 -7.016126811504364014e-02 6.094093918800354004e-01 3.018977642059326172e-01 6.766613125801086426e-01 2.413492649793624878e-01 -3.418010771274566650e-01 -3.579938709735870361e-01 1.751351058483123779e-01 3.329906463623046875e-01 -2.980248630046844482e-01 -6.722347140312194824e-01 2.781097888946533203e-01 4.474475681781768799e-01 2.562420666217803955e-01 -3.618135154247283936e-01 1.985072344541549683e-02 -3.438182771205902100e-01 3.498909175395965576e-01 8.769685029983520508e-01 1.671311110258102417e-01 -4.281156882643699646e-02 1.436873078346252441e-01 4.224639236927032471e-01 4.598450660705566406e-01 1.528780311346054077e-01 -8.538842797279357910e-01 7.901214361190795898e-01 4.739647805690765381e-01 1.132770419120788574e+00 1.425541490316390991e-01 -4.931208193302154541e-01 -2.473413199186325073e-01 1.416580677032470703e-01 7.651786804199218750e-01 -2.085154056549072266e-01 2.750675082206726074e-01 5.938289165496826172e-01 1.442356687039136887e-02
2.614275813102722168e-01 -3.295716345310211182e-01 -2.928569316864013672e-01 4.232669472694396973e-01 9.169560857117176056e-03 -3.717331290245056152e-01 -3.690085411071777344e-01 -2.485824376344680786e-01 -1.261850148439407349e-01 2.308418005704879761e-01 4.549051225185394287e-01 -2.187118977308273315e-01 -3.946281671524047852e-01 1.708026528358459473e-01 3.197215497493743896e-01 5.080955028533935547e-01 5.804534256458282471e-02 -4.494135081768035889e-01 2.002855092287063599e-01 -2.532736361026763916e-01 -7.246882915496826172e-01 6.824414432048797607e-02 2.522570490837097168e-01 -6.824893355369567871e-01 8.683639764785766602e-02 4.728380739688873291e-01 2.852388620376586914e-01 2.903455495834350586e-01 3.314741551876068115e-01 3.893577754497528076e-01 3.206649124622344971e-01 -7.627863287925720215e-01 -2.206707000732421875e-01 -2.034307122230529785e-01 4.551195502281188965e-01 -6.559575796127319336e-01 -7.126129269599914551e-01 -2.636823654174804688e-01 -1.892269849777221680e-01 -8.701657876372337341e-03 7.433605194091796875e-02 -2.041294127702713013e-01 -3.924692794680595398e-02 1.800162531435489655e-02 5.533709526062011719e-01 -2.436896264553070068e-01 -4.940284490585327148e-01 1.541676223278045654e-01 2.915820181369781494e-01 6.492009758949279785e-01 2.952383458614349365e-01 -7.243511080741882324e-01 8.428362607955932617e-01 3.792590200901031494e-01 7.435433864593505859e-01 4.153765439987182617e-01 -3.302187323570251465e-01 1.846181787550449371e-02 7.949902862310409546e-02 6.691914796829223633e-01 -2.512149214744567871e-01 4.015914797782897949e-01 5.368002653121948242e-01 2.708333730697631836e-01
1.314721703529357910e-01 -8.728324621915817261e-02 5.588043332099914551e-01 3.676607012748718262e-01 9.895846247673034668e-02 2.538659870624542236e-01 -7.733798772096633911e-02 3.107245825231075287e-02 -7.694720029830932617e-01 3.566416203975677490e-01 6.812948584556579590e-01 -7.503008246421813965e-01 4.529362078756093979e-03 -5.870903655886650085e-02 1.959562301635742188e-01 -2.376759611070156097e-02 3.327459096908569336e-01 -7.759839296340942383e-01 1.640972644090652466e-01 2.456539720296859741e-01 8.619152009487152100e-03 3.447827100753784180e-01 1.430658996105194092e-01 -7.438973188400268555e-01 4.108166322112083435e-02 1.937393546104431152e-01 -6.613351106643676758e-01 2.638091742992401123e-01 2.659072913229465485e-02 -6.607424616813659668e-01 2.718203067779541016e-01 -8.282194733619689941e-01 2.578795254230499268e-01 1.383143961429595947e-01 4.524748921394348145e-01 -8.814707994461059570e-01 -6.290911436080932617e-01 -4.419278725981712341e-02 -7.702772617340087891e-01 3.883418440818786621e-01 -5.014980435371398926e-01 -5.223049521446228027e-01 7.829394340515136719e-01 1.734382361173629761e-01 8.127756714820861816e-01 9.857793152332305908e-02 -1.098563790321350098e+00 1.573473215103149414e-01 -6.242004632949829102e-01 7.923070192337036133e-01 1.396985501050949097e-01 1.028447076678276062e-01 7.564055174589157104e-02 6.291696429252624512e-01 -4.508374631404876709e-02 6.122459173202514648e-01 -5.718027949333190918e-01 -4.509075284004211426e-01 2.003043740987777710e-01 2.660560607910156250e-01 -4.595020413398742676e-01 -9.691854119300842285e-01 2.291804403066635132e-01 -9.242587536573410034e-02
1.138729453086853027e+00 6.403271853923797607e-02 1.440725177526473999e-01 -5.248779803514480591e-02 2.142276167869567871e-01 -8.449683785438537598e-01 -1.859827637672424316e-01 -3.457544147968292236e-01 -5.049228668212890625e-01 -6.304639577865600586e-02 5.836099982261657715e-01 -9.073478579521179199e-01 3.786849975585937500e-01 -1.837424188852310181e-01 5.907411575317382812e-01 5.921633839607238770e-01 3.975217044353485107e-01 -1.534286290407180786e-01 7.467404007911682129e-01 2.799584865570068359e-01 4.466400668025016785e-02 2.891620621085166931e-02 5.999336242675781250e-01 -3.260496854782104492e-01 -7.336018234491348267e-02 9.353561401367187500e-01 1.993468105792999268e-01 2.503370940685272217e-01 6.428209543228149414e-01 2.635727226734161377e-01 -5.428862571716308594e-01 3.510692715644836426e-01 -2.048063874244689941e-01 3.496752977371215820e-01 -8.424602448940277100e-02 -6.056159734725952148e-01 -2.545042037963867188e-01 -4.055171087384223938e-02 -1.250565499067306519e-01 -4.651072621345520020e-01 8.994413912296295166e-02 1.257543116807937622e-01 -4.810011684894561768e-01 -2.913787662982940674e-01 4.618273079395294189e-01 -1.410178467631340027e-02 2.741209231317043304e-02 -2.535250782966613770e-01 6.214446425437927246e-01 7.162534594535827637e-01 -4.098263084888458252e-01 -3.410928845405578613e-01 2.642361521720886230e-01 -7.222450524568557739e-02 -1.933029890060424805e-01 2.072840481996536255e-01 1.736657172441482544e-01 -2.390659600496292114e-01 1.004588678479194641e-01 2.849437296390533447e-01 -6.143304705619812012e-01 4.637391269207000732e-01 2.993590533733367920e-01 -5.078960061073303223e-01
3.974767625331878662e-01 8.300308138132095337e-03 3.461815714836120605e-01 6.427158713340759277e-01 -2.589493691921234131e-01 4.556996822357177734e-01 -3.782943785190582275e-01 -3.939560055732727051e-01 -8.567379117012023926e-01 5.120663717389106750e-02 -4.931982606649398804e-02 -8.267046213150024414e-01 -7.333358526229858398e-01 -3.423220813274383545e-01 2.620036900043487549e-01 2.132912725210189819e-01 4.240296781063079834e-01 -2.434189617633819580e-01 -4.719592630863189697e-01 8.340655267238616943e-02 -8.380486629903316498e-03 6.909691691398620605e-01 -1.768531650304794312e-02 -1.598471552133560181e-01 -2.224021106958389282e-01 3.431312441825866699e-01 -6.236650943756103516e-01 1.743174195289611816e-01 4.469307661056518555e-01 -8.424941897392272949e-01 -6.529412418603897095e-02 -5.438849329948425293e-01 -8.273675292730331421e-02 9.436621516942977905e-02 -3.774954378604888916e-01 -1.036652177572250366e-01 2.700102627277374268e-01 2.220378816127777100e-01 -5.385500788688659668e-01 1.059471249580383301e+00 -1.471865624189376831e-01 -1.272283643484115601e-01 -3.379476964473724365e-01 -3.140859901905059814e-01 2.645701467990875244e-01 1.063690483570098877e-01 1.265635937452316284e-01 -8.885063230991363525e-02 -2.148168683052062988e-01 9.076578915119171143e-02 -1.722049415111541748e-01 3.294759392738342285e-01 5.546897053718566895e-01 4.284685552120208740e-01 2.254902720451354980e-01 7.475867122411727905e-02 -9.830991625785827637e-01 1.645833998918533325e-01 -3.025278747081756592e-01 6.834717392921447754e-01 -9.169590473175048828e-02 -4.308851659297943115e-01 -1.202457845211029053e-01 1.918462961912155151e-01
2.796260714530944824e-01 -4.935352802276611328e-01 2.085471451282501221e-01 6.634308397769927979e-02 2.327546328306198120e-01 -3.731791675090789795e-01 -2.974565327167510986e-01 4.218094944953918457e-01 -6.564628481864929199e-01 -9.853439033031463623e-02 7.558753490447998047e-01 -9.340116381645202637e-01 -5.163527727127075195e-01 1.669738143682479858e-01 2.676702439785003662e-01 8.786215186119079590e-01 -2.844653725624084473e-01 -8.007600158452987671e-02 -3.375447914004325867e-02 -1.790234595537185669e-01 -5.311111807823181152e-01 5.873900055885314941e-01 1.572020947933197021e-01 -4.873162209987640381e-01 2.118813991546630859e-01 4.005173742771148682e-01 3.236610591411590576e-01 2.943232953548431396e-01 7.359020411968231201e-02 3.057707250118255615e-01 -1.676285080611705780e-02 -4.416052699089050293e-01 -5.257985591888427734e-01 -3.710112348198890686e-02 5.660368204116821289e-01 -2.143947631120681763e-01 -5.698471069335937500e-01 2.847661972045898438e-01 8.199218660593032837e-02 1.380457431077957153e-01 -1.221178546547889709e-01 3.094799220561981201e-01 -2.353513240814208984e-01 1.714195162057876587e-01 6.502206325531005859e-01 1.450631171464920044e-01 -3.276501893997192383e-01 3.195351958274841309e-01 5.069780349731445312e-01 2.513356804847717285e-01 3.635558485984802246e-01 -1.057596564292907715e+00 2.409605234861373901e-01 3.064935803413391113e-01 8.996322751045227051e-01 5.223526358604431152e-01 -3.654330670833587646e-01 -5.377863645553588867e-01 -3.536342978477478027e-01 3.479228913784027100e-01 -2.367189228534698486e-01 5.753520727157592773e-01 3.113315701484680176e-01 -6.038232445716857910e-01
-1.664106994867324829e-01 -6.654920578002929688e-01 -1.945803761482238770e-01 4.500788748264312744e-01 -3.951082527637481689e-01 -2.450627088546752930e-01 -4.017571210861206055e-01 -1.363907605409622192e-01 -6.984933614730834961e-01 5.455862283706665039e-01 -2.827611565589904785e-01 -5.400843024253845215e-01 -2.363359928131103516e-02 -3.239132165908813477e-01 9.778888821601867676e-01 1.867288053035736084e-01 1.984245479106903076e-01 2.543919980525970459e-01 1.707254350185394287e-01 8.296772837638854980e-01 -1.156657814979553223e+00 7.366226315498352051e-01 -2.588892877101898193e-01 -6.423873901367187500e-01 -6.972039937973022461e-01 1.088734641671180725e-01 5.439153686165809631e-02 3.199169337749481201e-01 -7.482632994651794434e-02 -1.626053452491760254e-01 -4.242815673351287842e-01 1.270204666070640087e-03 -5.110065340995788574e-01 -6.556336283683776855e-01 7.359870076179504395e-01 2.123150527477264404e-01 -1.967346072196960449e-01 6.221207976341247559e-02 3.620820939540863037e-01 -4.880055785179138184e-02 2.057886868715286255e-02 -1.329155862331390381e-01 4.903393685817718506e-01 -3.189639449119567871e-01 1.197909593582153320e+00 -3.706075251102447510e-02 -6.290900111198425293e-01 -9.548114985227584839e-02 4.237889051437377930e-01 6.300960779190063477e-01 1.194228827953338623e-01 -2.685294151306152344e-01 1.003877282142639160e+00 5.032460093498229980e-01 6.656520962715148926e-01 -1.695899218320846558e-01 -5.145117640495300293e-01 2.551822960376739502e-01 8.795972168445587158e-02 7.566711902618408203e-01 -8.515616655349731445e-01 2.822837531566619873e-01 9.210965633392333984e-01 -5.281565189361572266e-01
3.903903067111968994e-01 -4.482135474681854248e-01 -1.360003501176834106e-01 2.795086503028869629e-01 5.034961700439453125e-01 4.381596148014068604e-01 3.207811117172241211e-01 -4.418795704841613770e-01 4.074096083641052246e-01 -2.889578044414520264e-01 1.476999819278717041e-01 1.036147177219390869e-01 -3.755713701248168945e-01 -6.244040131568908691e-01 6.356860399246215820e-01 9.996179342269897461e-01 4.086434841156005859e-02 -3.963742852210998535e-01 -2.633498609066009521e-01 5.059444904327392578e-01 2.982484102249145508e-01 6.110371947288513184e-01 7.072497904300689697e-02 -2.345400154590606689e-01 1.215663328766822815e-01 7.272427082061767578e-01 -3.855874538421630859e-01 9.976048767566680908e-02 6.452034711837768555e-01 -6.699798703193664551e-01 3.346540927886962891e-01 -7.447044253349304199e-01 -1.013228520750999451e-01 -2.618662416934967041e-01 3.975489437580108643e-01 5.797998309135437012e-01 2.792306542396545410e-01 2.952005863189697266e-01 5.536126494407653809e-01 4.255961477756500244e-01 -7.346030473709106445e-01 -7.537013292312622070e-02 2.149160057306289673e-01 4.717057943344116211e-01 7.199158668518066406e-01 -1.632939279079437256e-01 5.624424293637275696e-02 -2.704415917396545410e-01 -7.870084047317504883e-01 2.316495031118392944e-01 -1.998359262943267822e-01 -2.145869582891464233e-01 6.419846415519714355e-01 6.289668679237365723e-01 2.336953729391098022e-01 1.557617485523223877e-01 -4.290753304958343506e-01 -4.275377690792083740e-01 -5.238404870033264160e-01 -5.824607610702514648e-01 -1.135189175605773926e+00 2.594341896474361420e-02 4.966961145401000977e-01 2.873119711875915527e-01
1.851423233747482300e-01 -2.015059143304824829e-01 7.477402091026306152e-01 3.491804301738739014e-01 2.307141432538628578e-03 2.243036478757858276e-01 -1.010655015707015991e-01 -2.157982587814331055e-01 -1.199876785278320312e+00 8.769574165344238281e-01 1.458199974149465561e-02 -5.528324246406555176e-01 -3.608810901641845703e-01 -3.762770444154739380e-02 1.590019464492797852e-01 5.730209946632385254e-01 1.838772743940353394e-01 1.711361259222030640e-01 -2.157152593135833740e-01 4.555955827236175537e-01 3.782429099082946777e-01 1.216301798820495605e+00 -1.964253187179565430e-01 -3.358206450939178467e-01 8.265744149684906006e-02 8.488298058509826660e-01 -1.534894853830337524e-01 -2.181665152311325073e-01 8.842250108718872070e-01 -7.744098305702209473e-01 -4.318622052669525146e-01 -3.192011713981628418e-01 -2.220308482646942139e-01 3.740387558937072754e-01 -4.961215257644653320e-01 3.367058038711547852e-01 6.087885797023773193e-02 -2.602077722549438477e-01 -5.214936137199401855e-01 6.339994072914123535e-01 2.054907083511352539e-01 3.935863673686981201e-01 -2.748672962188720703e-01 -5.426886081695556641e-01 1.108811050653457642e-01 -5.986928343772888184e-01 4.635155498981475830e-01 -1.662921309471130371e-01 -6.432132720947265625e-01 9.075693488121032715e-01 -1.079002022743225098e-02 -2.322830110788345337e-01 2.830639481544494629e-01 4.845327138900756836e-01 -2.514374852180480957e-01 -4.352077245712280273e-01 -7.280309796333312988e-01 -1.092631816864013672e-01 7.585386186838150024e-02 5.407233834266662598e-01 -4.773513376712799072e-01 -3.883884549140930176e-01 4.407005608081817627e-01 1.780945956707000732e-01
5.184066295623779297e-01 -2.925097048282623291e-01 -6.381307728588581085e-03 2.416380643844604492e-01 1.358709484338760376e-01 -3.248107433319091797e-01 -1.952196210622787476e-01 -3.243722617626190186e-01 -1.373303383588790894e-01 2.972263097763061523e-01 1.124214649200439453e+00 -5.950424075126647949e-01 -1.890265941619873047e-02 1.351909041404724121e-01 3.829744160175323486e-01 1.688277870416641235e-01 2.414290308952331543e-01 -3.492366671562194824e-01 4.069655835628509521e-01 7.243084907531738281e-02 -1.646179407835006714e-01 9.950347244739532471e-02 9.711078554391860962e-02 -1.006835103034973145e+00 6.811935454607009888e-02 1.046021580696105957e+00 1.459939926862716675e-01 2.753017544746398926e-01 -1.116035208106040955e-01 2.643929421901702881e-01 -7.528575137257575989e-03 -2.990478873252868652e-01 -3.478325903415679932e-01 9.941419214010238647e-02 3.278668820858001709e-01 -2.478124052286148071e-01 -8.401653915643692017e-02 3.251291811466217041e-01 1.918418705463409424e-01 -9.022574871778488159e-03 9.242182970046997070e-02 -2.188251465559005737e-01 -4.583242163062095642e-02 -4.184007644653320312e-01 9.284286499023437500e-01 -5.359096452593803406e-02 -1.168848499655723572e-01 2.337823994457721710e-02 5.581396818161010742e-01 4.136927723884582520e-01 2.078630924224853516e-01 -6.544532775878906250e-01 8.916381597518920898e-01 3.532267212867736816e-01 6.140963435173034668e-01 5.188716650009155273e-01 -1.504920423030853271e-01 5.010238289833068848e-02 4.096016883850097656e-01 6.960113048553466797e-01 -5.858904719352722168e-01 9.003462791442871094e-01 3.209258019924163818e-01 -3.270975649356842041e-01
2.816900610923767090e-01 -5.788556933403015137e-01 1.024220511317253113e-01 -4.284729659557342529e-01 -1.613981127738952637e-01 6.197733879089355469e-01 -3.757690489292144775e-01 -9.283570051193237305e-01 -7.639306187629699707e-01 -7.932975143194198608e-02 3.751086890697479248e-01 -4.547924101352691650e-01 -9.304544329643249512e-01 -4.573923945426940918e-01 2.671024501323699951e-01 -3.777378052473068237e-02 2.066563814878463745e-01 -6.001645326614379883e-01 -2.157863378524780273e-01 -1.373742222785949707e-01 -1.845140457153320312e-01 9.825796484947204590e-01 3.863770887255668640e-02 -7.106356620788574219e-01 -5.985002517700195312e-01 5.281278491020202637e-01 -5.976317524909973145e-01 1.335210055112838745e-01 1.219350323081016541e-01 -9.956793189048767090e-01 -1.745246499776840210e-01 -3.586029112339019775e-01 3.067309036850929260e-02 -1.614248454570770264e-01 2.243102043867111206e-01 -4.196131229400634766e-02 2.500300109386444092e-02 2.546874284744262695e-01 -8.061749339103698730e-01 -7.086688280105590820e-02 1.410932540893554688e-01 -1.444895416498184204e-01 1.605110466480255127e-01 6.688413023948669434e-01 8.561744093894958496e-01 8.263833075761795044e-02 4.078171551227569580e-01 -3.051785826683044434e-01 -5.471893548965454102e-01 2.729949951171875000e-01 -2.584550380706787109e-01 -1.070780903100967407e-01 1.961155682802200317e-01 4.119419157505035400e-01 -2.017998993396759033e-01 3.936186730861663818e-01 -3.051650524139404297e-01 -8.802890032529830933e-02 -5.552487969398498535e-01 6.489797830581665039e-01 -1.224615871906280518e-01 -4.043551683425903320e-01 4.003728926181793213e-01 6.186394095420837402e-01
6.829013824462890625e-01 2.896739542484283447e-01 1.321473568677902222e-01 1.854213178157806396e-01 3.200842142105102539e-01 -6.104410290718078613e-01 1.751993596553802490e-01 2.555043622851371765e-02 -5.833847522735595703e-01 3.114440292119979858e-02 9.155302047729492188e-01 -8.882861733436584473e-01 -2.103648930788040161e-01 -6.539998948574066162e-02 3.847160041332244873e-01 6.728042960166931152e-01 -1.824595034122467041e-01 4.552230238914489746e-02 2.357727587223052979e-01 4.884173572063446045e-01 -4.438476562500000000e-01 1.530168503522872925e-01 3.860761225223541260e-01 -3.164643347263336182e-01 1.055774912238121033e-01 5.130140781402587891e-01 3.133892416954040527e-01 6.902554035186767578e-01 1.208685040473937988e-01 4.577016234397888184e-01 -2.037452459335327148e-01 -2.919810414314270020e-01 -2.250270396471023560e-01 -1.252334713935852051e-01 -2.186199724674224854e-01 -2.509997189044952393e-01 -7.063981890678405762e-01 -1.188675686717033386e-02 4.430814981460571289e-01 -2.642793357372283936e-01 2.736227512359619141e-01 4.689986705780029297e-01 -4.121015667915344238e-01 5.949729681015014648e-02 5.889402031898498535e-01 6.288404017686843872e-02 -3.442546427249908447e-01 5.019116997718811035e-01 5.611242055892944336e-01 2.685238420963287354e-01 2.462243735790252686e-01 -5.633301734924316406e-01 4.896576404571533203e-01 5.544813871383666992e-01 3.468247950077056885e-01 4.688601493835449219e-01 -1.619108021259307861e-01 -4.284588098526000977e-01 -1.508612930774688721e-01 2.333051338791847229e-02 -3.641471564769744873e-01 4.798599705100059509e-02 3.103841245174407959e-01 -7.477207779884338379e-01
-4.825595021247863770e-01 -5.563693046569824219e-01 1.126536354422569275e-01 6.702257394790649414e-01 -3.051846623420715332e-01 3.746199905872344971e-01 4.649892449378967285e-01 -3.338930308818817139e-01 -9.151356220245361328e-01 4.840469360351562500e-01 1.969806551933288574e-01 -5.628522038459777832e-01 -1.397428661584854126e-01 -2.304141968488693237e-01 1.123673677444458008e+00 4.295348227024078369e-01 1.893817037343978882e-01 5.624629259109497070e-01 4.003715813159942627e-01 8.140701651573181152e-01 -7.574747204780578613e-01 8.617149591445922852e-01 -3.037826418876647949e-01 -5.021253824234008789e-01 -6.196472048759460449e-01 1.886958628892898560e-01 -5.266818404197692871e-01 -2.162037976086139679e-02 8.322783396579325199e-04 -2.265804708003997803e-01 -5.258825421333312988e-01 1.191717535257339478e-01 -5.003024339675903320e-01 -1.998980492353439331e-01 1.277020335197448730e+00 6.636906862258911133e-01 4.977591335773468018e-02 4.125322401523590088e-02 -5.633201822638511658e-02 -4.248826801776885986e-01 4.089729785919189453e-01 -7.119990885257720947e-02 7.613261342048645020e-01 8.650673180818557739e-02 9.349672794342041016e-01 3.583685457706451416e-01 -6.563708782196044922e-01 6.726675201207399368e-03 6.612045690417289734e-03 8.937811255455017090e-01 5.631408095359802246e-02 -9.243417531251907349e-02 1.117869019508361816e+00 2.154760360717773438e-01 4.589082896709442139e-01 -2.317091524600982666e-01 -7.149531841278076172e-01 1.870631426572799683e-01 7.237502187490463257e-02 2.341081798076629639e-01 -8.466596603393554688e-01 1.748763322830200195e-01 1.064034938812255859e+00 -2.367915362119674683e-01
8.969529271125793457e-01 -1.131087899208068848e+00 1.060596629977226257e-01 7.475210428237915039e-01 -2.238468974828720093e-01 -3.633581697940826416e-01 1.193744838237762451e-01 -1.800352185964584351e-01 -9.622974395751953125e-01 -7.738654017448425293e-01 -2.581768436357378960e-03 -1.773373633623123169e-01 2.232441306114196777e-01 5.483877658843994141e-01 9.775976538658142090e-01 2.171598076820373535e-01 -2.751946151256561279e-01 5.469599962234497070e-01 -8.064003586769104004e-01 4.263581633567810059e-01 5.061175823211669922e-01 9.261800646781921387e-01 1.882129013538360596e-01 -5.900792479515075684e-01 -1.975459307432174683e-01 -4.642949998378753662e-01 -4.984016418457031250e-01 1.773566938936710358e-02 7.698919177055358887e-01 1.069882512092590332e-01 -2.730744183063507080e-01 4.094705879688262939e-01 4.730257987976074219e-01 3.533615767955780029e-01 5.431563854217529297e-01 -1.834863871335983276e-01 1.017198711633682251e-01 -2.185268886387348175e-02 -2.650710940361022949e-01 5.233871340751647949e-01 1.863914877176284790e-01 9.047626256942749023e-01 5.492255091667175293e-01 6.372662782669067383e-01 1.063787579536437988e+00 -2.880025207996368408e-01 -7.293166965246200562e-02 4.431487321853637695e-01 -7.314035892486572266e-01 5.484553575515747070e-01 2.917551100254058838e-01 -7.969968765974044800e-02 5.925721526145935059e-01 5.838547348976135254e-01 6.629312634468078613e-01 5.738430023193359375e-01 3.362626135349273682e-01 3.963707014918327332e-02 -4.726564586162567139e-01 5.145020484924316406e-01 -1.246734380722045898e+00 5.801820158958435059e-01 6.042476296424865723e-01 6.150938943028450012e-02
1.494191586971282959e-01 -3.956195414066314697e-01 -2.629341185092926025e-01 3.891535103321075439e-01 -1.112620159983634949e-01 -4.008170068264007568e-01 -4.457120597362518311e-01 -3.013448715209960938e-01 -7.410669326782226562e-01 9.332969039678573608e-02 -3.452271223068237305e-01 -7.527784705162048340e-01 -1.827169954776763916e-01 -6.334340572357177734e-01 1.148711681365966797e+00 -1.318346709012985229e-01 1.572914868593215942e-01 5.363714098930358887e-01 2.281863987445831299e-01 3.581919968128204346e-01 -5.850800275802612305e-01 1.087609887123107910e+00 -1.048567295074462891e-01 -5.604664087295532227e-01 -7.776947021484375000e-01 3.315823972225189209e-01 3.137646988034248352e-02 1.033197268843650818e-01 -3.654380738735198975e-01 -2.452889680862426758e-01 -4.880923926830291748e-01 -6.324965953826904297e-01 -5.759683847427368164e-01 -7.771379351615905762e-01 7.553045153617858887e-01 -4.192851483821868896e-01 2.312693931162357330e-02 1.705452650785446167e-01 7.088453769683837891e-01 4.348818063735961914e-01 -1.431810706853866577e-01 5.547411367297172546e-02 5.619353801012039185e-02 -2.833511829376220703e-01 8.944955468177795410e-01 -2.656451463699340820e-01 -2.617989480495452881e-01 -3.252377510070800781e-01 4.888781309127807617e-01 5.712933540344238281e-01 3.758261501789093018e-01 -2.565944194793701172e-01 8.380587100982666016e-01 4.445217549800872803e-01 2.217099964618682861e-01 -1.348299831151962280e-01 -6.257394552230834961e-01 1.665238738059997559e-01 3.026773035526275635e-01 7.390286922454833984e-01 -9.261201024055480957e-01 8.488603681325912476e-02 9.073749184608459473e-01 -3.990919589996337891e-01
3.445766270160675049e-01 -8.549061417579650879e-01 -9.847419336438179016e-03 7.287839055061340332e-01 2.160644680261611938e-01 -8.332941681146621704e-02 -6.264871954917907715e-01 -2.831420162692666054e-03 -7.981042265892028809e-01 -1.731965690851211548e-01 3.056475818157196045e-01 -5.835226774215698242e-01 -4.714765548706054688e-01 -1.135637238621711731e-01 -6.494985520839691162e-02 -8.937646448612213135e-02 -2.128939926624298096e-01 5.615514516830444336e-01 7.306613326072692871e-01 7.226454615592956543e-01 9.828079491853713989e-02 3.554929792881011963e-01 3.816167712211608887e-01 4.175460934638977051e-01 -6.265258044004440308e-02 6.124813556671142578e-01 -1.617182195186614990e-01 -3.969824314117431641e-01 7.897546887397766113e-01 1.977615356445312500e-01 -1.372312605381011963e-01 5.904565453529357910e-01 1.561613082885742188e-01 3.348517715930938721e-01 8.733412623405456543e-02 2.931804358959197998e-01 -3.904648125171661377e-01 -1.771318018436431885e-01 -3.359166383743286133e-01 -3.765494376420974731e-02 8.994796872138977051e-02 -4.932720363140106201e-01 -7.940204143524169922e-01 5.059294030070304871e-02 7.595446705818176270e-01 -5.593384504318237305e-01 1.134432852268218994e-02 -2.343600392341613770e-01 -1.417313665151596069e-01 3.672478795051574707e-01 1.078742742538452148e-01 4.550711512565612793e-01 2.063575573265552521e-02 5.740172266960144043e-01 -7.813978940248489380e-02 4.580355808138847351e-02 8.675774931907653809e-01 -6.463653445243835449e-01 2.491458654403686523e-01 2.384186983108520508e-01 -7.545245289802551270e-01 -2.658376991748809814e-01 1.838680505752563477e-01 2.099009603261947632e-01
6.616593599319458008e-01 -1.132744550704956055e-01 5.234002694487571716e-02 6.355819702148437500e-01 8.088070154190063477e-02 6.034878492355346680e-01 2.749785482883453369e-01 -3.018592596054077148e-01 -6.590417027473449707e-01 1.142096638679504395e+00 1.699564307928085327e-01 -4.023229181766510010e-01 -5.740904808044433594e-01 -2.943438291549682617e-01 1.369675546884536743e-01 4.211526811122894287e-01 -3.971620202064514160e-01 -2.271250039339065552e-01 3.759415075182914734e-02 7.385046482086181641e-01 3.402428030967712402e-01 4.680185914039611816e-01 5.357691273093223572e-02 -3.639576956629753113e-02 4.033813178539276123e-01 5.066134333610534668e-01 -4.776364564895629883e-01 -5.446672439575195312e-01 1.311248689889907837e-01 -7.197049260139465332e-01 2.341196388006210327e-01 -3.963414728641510010e-01 -1.191087439656257629e-01 8.842741698026657104e-02 -2.511207479983568192e-03 -3.098977170884609222e-02 -3.663998842239379883e-02 -1.402709186077117920e-01 -6.656303405761718750e-01 6.434601545333862305e-01 1.086113452911376953e-01 8.734489232301712036e-02 -5.783745646476745605e-01 -3.061366081237792969e-01 3.572741150856018066e-01 -6.542021036148071289e-01 -5.765174627304077148e-01 1.958662271499633789e-01 -4.073670506477355957e-01 5.397963151335716248e-02 -2.187399417161941528e-01 -5.417340993881225586e-02 5.417912006378173828e-01 6.210499405860900879e-01 6.313009858131408691e-01 -1.891735047101974487e-01 -5.557350516319274902e-01 -3.894230723381042480e-01 -4.292395710945129395e-01 4.169031977653503418e-01 -2.130421996116638184e-01 -3.169647455215454102e-01 4.133000969886779785e-01 4.285889267921447754e-01
3.626370131969451904e-01 6.531329154968261719e-01 1.706428080797195435e-01 2.904829382896423340e-01 -2.593238949775695801e-01 2.436246573925018311e-01 -1.422140598297119141e-01 -7.047814782708883286e-03 -7.219395041465759277e-02 1.577977687120437622e-01 5.383481979370117188e-01 -6.087197065353393555e-01 -4.075100123882293701e-01 1.708057336509227753e-02 -2.855920791625976562e-01 9.251942634582519531e-01 2.443139627575874329e-02 -5.275313854217529297e-01 -1.628085374832153320e-01 8.627792447805404663e-02 -1.348865628242492676e-01 4.916887730360031128e-02 8.651766180992126465e-02 -5.602688193321228027e-01 2.265458703041076660e-01 6.483871936798095703e-01 -2.333551496267318726e-01 3.931166231632232666e-01 2.320319116115570068e-01 -1.529771834611892700e-01 2.648223340511322021e-01 -1.873832046985626221e-01 8.481268584728240967e-02 -4.638257250189781189e-02 2.364761084318161011e-01 -3.998939990997314453e-01 -1.453174352645874023e-01 -2.913191355764865875e-02 -2.129144072532653809e-01 3.125300407409667969e-01 -5.455918312072753906e-01 -2.038489878177642822e-01 -3.426155447959899902e-01 -1.157355755567550659e-01 1.356912553310394287e-01 -1.416016072034835815e-01 -6.334897279739379883e-01 4.785574674606323242e-01 -3.866866230964660645e-01 5.729790925979614258e-01 8.637658506631851196e-02 -6.005641222000122070e-01 1.006759881973266602e+00 1.455441564321517944e-01 5.426936745643615723e-01 -6.529269367456436157e-02 -6.935016512870788574e-01 9.809596091508865356e-02 -8.452327549457550049e-02 5.730082392692565918e-01 -2.439003437757492065e-01 -1.568755954504013062e-01 3.024012446403503418e-01 2.513583600521087646e-01
3.178723752498626709e-01 -1.292535960674285889e-01 8.911025524139404297e-02 7.757529616355895996e-01 3.532358109951019287e-01 2.962158918380737305e-01 -1.403015106916427612e-01 -5.765507221221923828e-01 -1.236014962196350098e+00 -3.157081305980682373e-01 2.727476954460144043e-01 3.061836957931518555e-01 2.202549576759338379e-02 -6.322326064109802246e-01 1.107617259025573730e+00 8.090832084417343140e-02 1.053309068083763123e-02 3.290656208992004395e-01 7.191250324249267578e-01 7.473623007535934448e-02 -3.965064287185668945e-01 1.220568895339965820e+00 7.804952859878540039e-01 3.867539465427398682e-01 -5.158386826515197754e-01 1.505836248397827148e+00 1.733200997114181519e-01 -7.789237499237060547e-01 7.909247279167175293e-01 -2.867599129676818848e-01 -7.100892066955566406e-01 -2.397393286228179932e-01 9.005716443061828613e-01 -5.570827722549438477e-01 8.388245105743408203e-01 -5.126220583915710449e-01 -1.064578890800476074e+00 4.089409112930297852e-01 -4.028094410896301270e-01 7.691883444786071777e-01 2.032586634159088135e-01 6.610879898071289062e-01 7.399752140045166016e-01 -3.940769135951995850e-01 1.104915499687194824e+00 -1.050233364105224609e+00 -1.621439158916473389e-01 5.696967840194702148e-01 -4.704612195491790771e-01 8.609511852264404297e-01 -6.759093999862670898e-01 -6.916064620018005371e-01 6.555474996566772461e-01 6.808308362960815430e-01 3.270541429519653320e-01 8.521000146865844727e-01 -1.234786510467529297e-01 3.983870521187782288e-02 -1.278482198715209961e+00 4.475156366825103760e-01 -7.776415944099426270e-01 8.838697522878646851e-02 2.442935109138488770e-01 -2.101606726646423340e-01
-2.047621011734008789e-01 -1.225829839706420898e+00 -3.856761753559112549e-01 2.355425208806991577e-01 -1.030319184064865112e-01 -5.553687922656536102e-03 -2.337515056133270264e-01 -5.252170562744140625e-01 -6.882116198539733887e-01 -3.252285718917846680e-01 -2.954182028770446777e-01 -4.937085509300231934e-01 -5.256432890892028809e-01 -8.708384633064270020e-02 1.457888484001159668e+00 9.474656581878662109e-01 -4.241802692413330078e-01 6.232295036315917969e-01 9.304206967353820801e-01 2.842281162738800049e-01 1.080253124237060547e-01 2.702690362930297852e-01 -2.250371277332305908e-01 -6.468035578727722168e-01 6.944929361343383789e-01 -8.173754811286926270e-02 -4.832010865211486816e-01 4.790391400456428528e-02 7.501035928726196289e-01 -1.399374306201934814e-01 -3.461596071720123291e-01 2.177679687738418579e-01 1.099774017930030823e-01 -6.070073843002319336e-01 4.908202886581420898e-01 3.532109558582305908e-01 -8.070015907287597656e-02 2.345553636550903320e-01 -1.095856204628944397e-01 2.834378182888031006e-01 -3.864546120166778564e-01 3.438025116920471191e-01 -5.227088928222656250e-01 3.835541605949401855e-01 1.152662396430969238e+00 -1.049637719988822937e-01 9.427565336227416992e-02 -4.240879118442535400e-01 -2.252768129110336304e-01 7.235510945320129395e-01 -3.901282846927642822e-01 1.303817629814147949e-01 -2.510894089937210083e-02 1.136489436030387878e-01 5.173763036727905273e-01 5.633098483085632324e-01 5.559031367301940918e-01 -4.996015727519989014e-01 6.019818782806396484e-01 3.901500105857849121e-01 -2.073744982481002808e-01 -1.143385648727416992e+00 5.236948728561401367e-01 -8.613662421703338623e-02
4.638850688934326172e-01 -5.337241888046264648e-01 -7.780328392982482910e-02 6.516160964965820312e-01 4.943247139453887939e-01 1.928839832544326782e-01 -5.050611123442649841e-02 1.938871592283248901e-01 1.131999120116233826e-01 -3.721908032894134521e-01 1.629637777805328369e-01 -5.021671652793884277e-01 -6.669335961341857910e-01 -1.901846006512641907e-02 1.461602747440338135e-01 6.093719005584716797e-01 -7.704479098320007324e-01 8.604057431221008301e-01 1.803040951490402222e-01 3.343898952007293701e-01 3.227831423282623291e-01 1.093346357345581055e+00 2.670976221561431885e-01 8.217282593250274658e-02 -5.109923481941223145e-01 5.701538324356079102e-01 2.666682898998260498e-01 -1.258667260408401489e-01 6.293597817420959473e-01 -9.085233509540557861e-02 -7.753411531448364258e-01 2.265969812870025635e-01 -3.508857190608978271e-01 8.901776745915412903e-03 2.462508380413055420e-01 -2.028331905603408813e-01 -3.118775188922882080e-01 -4.031816124916076660e-01 -6.415046453475952148e-01 -2.032460421323776245e-01 1.625267267227172852e-01 2.422960996627807617e-01 4.114795923233032227e-01 -4.944058358669281006e-01 1.265398621559143066e+00 4.308876991271972656e-01 -8.279535174369812012e-01 -4.067021012306213379e-01 -3.135741129517555237e-02 4.765965938568115234e-01 -1.872213333845138550e-01 8.417165875434875488e-01 3.898421525955200195e-01 5.304331779479980469e-01 7.563745379447937012e-01 5.413106083869934082e-01 7.274212837219238281e-01 4.993644654750823975e-01 -4.100819528102874756e-01 3.990432024002075195e-01 -9.267305731773376465e-01 -5.556837320327758789e-01 2.352684587240219116e-01 4.351052045822143555e-01
1.344565451145172119e-01 4.009925723075866699e-01 -8.983217179775238037e-02 -4.303310513496398926e-01 3.364106714725494385e-01 -3.787630796432495117e-01 7.972418069839477539e-01 -6.322360038757324219e-02 -4.581353068351745605e-01 2.008109539747238159e-01 2.902725636959075928e-01 -5.393869876861572266e-01 -7.435594201087951660e-01 2.001580968499183655e-02 8.913171291351318359e-01 7.260720133781433105e-01 2.771219313144683838e-01 -3.678011894226074219e-01 3.036552369594573975e-01 2.044163942337036133e-01 -4.939594566822052002e-01 -1.868069171905517578e-01 1.768149882555007935e-01 -1.517732292413711548e-01 -3.092047572135925293e-01 5.167508721351623535e-01 -2.307203412055969238e-01 7.272543907165527344e-01 3.263279423117637634e-02 3.397139012813568115e-01 -3.618683218955993652e-01 1.415155827999114990e-01 -2.023031562566757202e-01 1.253938823938369751e-01 -5.967510342597961426e-01 1.129512190818786621e-01 -1.385823637247085571e-01 -3.200707137584686279e-01 -5.561052560806274414e-01 5.418942868709564209e-02 -4.273770749568939209e-01 3.806142210960388184e-01 4.431094229221343994e-01 -8.845333009958267212e-02 4.048090428113937378e-02 -3.530321419239044189e-01 -2.306825816631317139e-01 1.821152567863464355e-01 -2.232836335897445679e-01 2.710555791854858398e-01 -3.922158852219581604e-02 -4.174121320247650146e-01 1.202294081449508667e-01 2.110553979873657227e-01 -3.557955324649810791e-01 2.998398244380950928e-01 6.824454758316278458e-04 -3.252993524074554443e-01 -4.260590672492980957e-01 1.756437718868255615e-01 -1.022269725799560547e+00 -1.226433441042900085e-01 -8.143057674169540405e-02 -6.890267133712768555e-02
8.903060853481292725e-02 -5.110248327255249023e-01 6.130442023277282715e-01 1.757060736417770386e-01 4.221506416797637939e-02 -7.857242226600646973e-01 2.967544496059417725e-01 -5.913228988647460938e-01 -7.360175251960754395e-01 -2.503093183040618896e-01 -1.298289299011230469e-01 2.939746901392936707e-02 -4.996641278266906738e-01 -2.793407142162322998e-01 6.897879242897033691e-01 -3.507946729660034180e-01 -3.655946254730224609e-01 1.865620017051696777e-01 -7.752429693937301636e-02 8.016352653503417969e-01 1.495988219976425171e-01 1.720657199621200562e-01 -4.353454411029815674e-01 2.831106781959533691e-01 3.977681100368499756e-01 1.483473926782608032e-01 -6.198980808258056641e-01 5.642634630203247070e-01 9.449367523193359375e-01 -3.517099022865295410e-01 -2.214778587222099304e-02 7.742970585823059082e-01 2.555129826068878174e-01 1.835702955722808838e-01 2.626084387302398682e-01 -4.576631784439086914e-01 -1.852962076663970947e-01 -7.249951958656311035e-01 -4.335213899612426758e-01 1.868886202573776245e-01 -9.168376922607421875e-01 -5.014227628707885742e-01 1.274131387472152710e-01 1.810590624809265137e-01 1.012218713760375977e+00 -1.367280930280685425e-01 4.226797819137573242e-01 -2.063533216714859009e-01 -1.303110420703887939e-01 3.758708238601684570e-01 -8.251609653234481812e-02 2.700143158435821533e-01 5.560743212699890137e-01 -1.091916784644126892e-01 7.040978074073791504e-01 9.536412954330444336e-01 7.003007829189300537e-02 1.342221796512603760e-01 -1.612780392169952393e-01 4.916403293609619141e-01 -7.172335982322692871e-01 -2.601752281188964844e-01 -3.116884231567382812e-01 2.353235334157943726e-01
3.365717828273773193e-01 -1.101584911346435547e+00 5.197611451148986816e-01 6.924841403961181641e-01 1.110863313078880310e-01 -7.884225249290466309e-01 4.241132140159606934e-01 -1.077095046639442444e-01 -5.010033249855041504e-01 -5.149185061454772949e-01 -3.081299960613250732e-01 -5.002477765083312988e-01 -1.069455295801162720e-01 7.023320347070693970e-02 5.149246454238891602e-01 -2.387058688327670097e-03 4.603551328182220459e-02 5.367915034294128418e-01 -1.616824567317962646e-01 1.964318007230758667e-01 4.109721481800079346e-01 6.194699406623840332e-01 3.415936529636383057e-01 1.209809556603431702e-01 2.847337424755096436e-01 6.219423562288284302e-02 -3.967933654785156250e-01 -2.682818332687020302e-03 4.183048903942108154e-01 -2.485260516405105591e-01 -4.723766744136810303e-01 5.658262968063354492e-01 3.462041318416595459e-01 1.148923039436340332e-01 4.513266980648040771e-01 -1.812250465154647827e-01 1.805743388831615448e-02 -5.862113237380981445e-01 -3.560131788253784180e-01 -2.993185073137283325e-02 -3.068978190422058105e-01 4.890393316745758057e-01 -1.887641102075576782e-02 3.885458409786224365e-02 8.795391321182250977e-01 -6.571234762668609619e-02 2.180797606706619263e-01 2.430693358182907104e-01 -2.804915904998779297e-01 4.480130076408386230e-01 -1.401540338993072510e-01 4.786140620708465576e-01 4.285585284233093262e-01 2.391313463449478149e-01 7.055792212486267090e-01 5.477367639541625977e-01 3.711607456207275391e-01 9.909120947122573853e-02 1.462745070457458496e-01 4.246085584163665771e-01 -1.063956141471862793e+00 2.783431112766265869e-01 -7.256973534822463989e-02 1.336917430162429810e-01
2.295196950435638428e-01 -1.369285225868225098e+00 8.001695573329925537e-02 3.239204287528991699e-01 3.303181529045104980e-01 -4.101401567459106445e-02 -1.517685949802398682e-01 -4.696154296398162842e-01 -9.592009186744689941e-01 1.163176670670509338e-01 -4.577021300792694092e-01 -3.089414834976196289e-01 -4.681267961859703064e-02 2.786407768726348877e-01 6.297068595886230469e-01 5.118028521537780762e-01 -5.852499604225158691e-02 5.497353076934814453e-01 1.163601160049438477e+00 7.113230228424072266e-01 4.212144613265991211e-01 5.683518052101135254e-01 2.704695165157318115e-01 2.144693024456501007e-02 4.510752260684967041e-01 1.729030460119247437e-01 -3.250604867935180664e-01 -5.084410309791564941e-01 7.098419070243835449e-01 2.862185835838317871e-01 -4.157617092132568359e-01 1.986094862222671509e-01 -2.085253894329071045e-01 1.573448628187179565e-01 1.339685767889022827e-01 3.148548603057861328e-01 -1.384992748498916626e-01 1.780000776052474976e-01 -2.224525660276412964e-01 -4.066714048385620117e-01 -4.495152533054351807e-01 1.089046075940132141e-01 -8.278917670249938965e-01 4.992916285991668701e-01 8.338496685028076172e-01 -4.274224042892456055e-01 9.415755420923233032e-02 -2.675632536411285400e-01 -1.301361024379730225e-01 3.401808142662048340e-01 -3.020347654819488525e-01 6.866633296012878418e-01 3.562465012073516846e-01 4.664025604724884033e-01 -5.601087957620620728e-02 4.562605023384094238e-01 2.472851276397705078e-01 -2.391539365053176880e-01 4.555258452892303467e-01 3.339661657810211182e-01 -1.997704654932022095e-01 -7.534871697425842285e-01 8.581092953681945801e-02 -3.114098906517028809e-01
1.086589932441711426e+00 -5.645258426666259766e-01 2.122002691030502319e-01 4.691182076930999756e-01 2.732024788856506348e-01 -6.969611644744873047e-01 -3.347697257995605469e-01 -3.771866559982299805e-01 -6.665046811103820801e-01 -1.678770594298839569e-02 -7.115036994218826294e-02 1.303306818008422852e-01 -1.131297205574810505e-03 1.571007072925567627e-02 5.268058776855468750e-01 4.535356760025024414e-01 3.186261355876922607e-01 3.435891270637512207e-01 3.211468160152435303e-01 4.742251932621002197e-01 6.693682074546813965e-01 3.910187184810638428e-01 4.471438378095626831e-02 -5.278135091066360474e-02 3.347540497779846191e-01 3.710129559040069580e-01 -1.867769658565521240e-02 8.135656826198101044e-03 6.220788955688476562e-01 -7.813439704477787018e-03 -5.723069906234741211e-01 5.869340896606445312e-01 3.232641220092773438e-01 3.818301260471343994e-01 6.967800110578536987e-02 7.993178814649581909e-02 9.406118839979171753e-02 -5.600888729095458984e-01 -7.565329670906066895e-01 -3.375737369060516357e-01 -1.408957391977310181e-01 -1.838778518140316010e-02 -7.700521349906921387e-01 -3.582446277141571045e-02 7.216969728469848633e-01 -7.620984911918640137e-01 2.843286991119384766e-01 -2.433142662048339844e-01 1.926079541444778442e-01 6.052252054214477539e-01 -2.284266799688339233e-01 1.502672731876373291e-01 1.479282677173614502e-01 2.784886062145233154e-01 -2.595002651214599609e-01 -3.246965706348419189e-01 -1.581534296274185181e-01 -5.069739222526550293e-01 2.083961963653564453e-01 2.987731099128723145e-01 -6.699522137641906738e-01 -2.436442077159881592e-01 1.896987259387969971e-01 -3.079295456409454346e-01
7.554956674575805664e-01 -7.136126756668090820e-01 -3.955399692058563232e-01 8.300989270210266113e-01 -1.190690174698829651e-01 -3.957616686820983887e-01 1.272112037986516953e-02 -1.089668348431587219e-01 -5.426461696624755859e-01 6.948019862174987793e-01 4.439270794391632080e-01 7.457558810710906982e-02 -7.175769805908203125e-01 -9.757097959518432617e-01 1.154623150825500488e+00 -2.378188818693161011e-01 -8.815203309059143066e-01 3.785204887390136719e-01 9.972664713859558105e-01 4.660705924034118652e-01 4.309090077877044678e-01 7.829713821411132812e-01 4.050857126712799072e-01 9.515057504177093506e-02 3.111645579338073730e-01 5.244860053062438965e-01 -1.241207838058471680e+00 -1.117005497217178345e-01 3.071659803390502930e-01 -1.606123745441436768e-01 6.572858095169067383e-01 3.679077029228210449e-01 4.229725003242492676e-01 3.830530345439910889e-01 -2.118294388055801392e-01 1.029721125960350037e-01 -2.319528311491012573e-01 -4.789384007453918457e-01 1.024602502584457397e-01 7.841476052999496460e-02 8.092539757490158081e-02 -3.752825856208801270e-01 2.055135220289230347e-01 -4.055233299732208252e-01 1.071163415908813477e+00 -8.174061775207519531e-01 -4.293411076068878174e-01 3.964443504810333252e-01 -4.771842658519744873e-01 4.072272181510925293e-01 -4.303546249866485596e-01 1.229518651962280273e-01 2.913825213909149170e-01 4.455638825893402100e-01 -7.858595997095108032e-02 -2.806206643581390381e-01 9.140507131814956665e-02 -1.264094710350036621e-01 -9.249991923570632935e-02 6.856729388236999512e-01 -6.117554306983947754e-01 -2.624289989471435547e-01 4.147861897945404053e-01 -3.107986450195312500e-01
6.028538942337036133e-01 -1.194816470146179199e+00 2.101795226335525513e-01 6.156975626945495605e-01 1.275568455457687378e-01 -7.201355695724487305e-01 5.661162361502647400e-02 -5.017822980880737305e-01 -5.770395994186401367e-01 1.808607429265975952e-01 4.029497206211090088e-01 -1.951886713504791260e-01 -3.593986332416534424e-01 -4.057261347770690918e-01 7.620143890380859375e-01 -1.339957565069198608e-01 -5.129506587982177734e-01 4.796678721904754639e-01 3.378703594207763672e-01 4.546178281307220459e-01 3.482151627540588379e-01 6.080023050308227539e-01 -3.421257138252258301e-01 -2.132769227027893066e-01 1.570744663476943970e-01 2.945891916751861572e-01 -9.208878874778747559e-01 5.768321454524993896e-02 1.863965243101119995e-01 1.360714882612228394e-01 3.695814013481140137e-01 8.243888020515441895e-01 5.535460636019706726e-02 4.649816453456878662e-01 -1.532095670700073242e-01 1.948519051074981689e-01 -6.465530991554260254e-01 -4.475710690021514893e-01 -2.660230919718742371e-02 -1.765668839216232300e-01 1.512915343046188354e-01 -3.011366128921508789e-01 -3.319149315357208252e-01 1.007283478975296021e-01 9.796454310417175293e-01 -5.769492387771606445e-01 3.613665401935577393e-01 1.410197168588638306e-01 -1.005946770310401917e-01 3.937928378582000732e-01 -2.924107909202575684e-01 8.399158120155334473e-01 7.936400175094604492e-01 9.105187840759754181e-03 -3.747300803661346436e-01 2.232668399810791016e-01 3.204193115234375000e-01 1.036292240023612976e-01 3.765980303287506104e-01 5.161290168762207031e-01 -8.520186543464660645e-01 -3.984748125076293945e-01 -7.467010617256164551e-02 1.037488952279090881e-01
9.854635000228881836e-01 -5.433593392372131348e-01 4.075596332550048828e-01 5.243862271308898926e-01 3.475085794925689697e-01 -3.791325092315673828e-01 3.212791383266448975e-01 -4.257506728172302246e-01 1.492495182901620865e-02 -7.524751424789428711e-01 -4.394145607948303223e-01 -6.264607310295104980e-01 2.597565054893493652e-01 -4.036506414413452148e-01 6.681331992149353027e-01 4.093245565891265869e-01 -1.670882664620876312e-02 4.584123790264129639e-01 4.127663969993591309e-01 1.604111492633819580e-01 3.600089848041534424e-01 3.598760962486267090e-01 1.733245998620986938e-01 6.059101317077875137e-03 2.833615839481353760e-01 3.187511861324310303e-01 -2.664097398519515991e-02 4.801936075091362000e-02 5.764095187187194824e-01 -4.223572015762329102e-01 -6.174764037132263184e-01 7.663374543190002441e-01 -4.274900853633880615e-01 3.042553961277008057e-01 4.341040924191474915e-02 -4.942200779914855957e-01 8.653845638036727905e-03 -1.246231347322463989e-01 -7.979426383972167969e-01 -3.996943831443786621e-01 8.596599847078323364e-02 -8.067188784480094910e-03 1.155253723263740540e-01 3.938026726245880127e-01 3.152458965778350830e-01 -5.368493869900703430e-02 -2.355676144361495972e-01 1.709736734628677368e-01 2.936742007732391357e-01 3.842647969722747803e-01 -1.433586329221725464e-01 4.252753555774688721e-01 6.654681563377380371e-01 6.293204426765441895e-01 1.392887234687805176e-01 4.519613385200500488e-01 3.671858906745910645e-01 3.111923038959503174e-01 2.965878546237945557e-01 4.726431965827941895e-01 -2.995662689208984375e-01 -1.578086912631988525e-01 -1.542628705501556396e-01 1.608051657676696777e-01
5.314772129058837891e-01 -1.042543292045593262e+00 4.636116623878479004e-01 -8.410889655351638794e-02 8.654065728187561035e-01 3.308416008949279785e-01 2.750689983367919922e-01 -2.169722877442836761e-02 -5.158029794692993164e-01 8.471493124961853027e-01 1.359153632074594498e-02 -2.201979160308837891e-01 -6.339628249406814575e-02 -3.216882348060607910e-01 1.027326345443725586e+00 6.647785902023315430e-01 3.258422017097473145e-01 5.583190917968750000e-01 4.798823297023773193e-01 3.411125838756561279e-01 3.920210897922515869e-01 1.231608152389526367e+00 2.503499686717987061e-01 -3.114983737468719482e-01 -3.222431242465972900e-02 7.921385169029235840e-01 -2.348439842462539673e-01 -2.386044263839721680e-01 -2.393179386854171753e-01 8.190593123435974121e-02 1.415446251630783081e-01 6.989101171493530273e-01 -2.045786678791046143e-01 -6.361441314220428467e-02 7.990618348121643066e-01 -4.404880702495574951e-01 -2.171822823584079742e-03 2.895130515098571777e-01 1.441080570220947266e-01 4.922667145729064941e-01 -4.054851830005645752e-02 3.824409842491149902e-01 4.691542685031890869e-01 5.541867613792419434e-01 8.140088915824890137e-01 -4.637002050876617432e-01 -1.500687599182128906e-01 8.622906357049942017e-02 6.390683352947235107e-02 6.153267621994018555e-01 -4.322234392166137695e-01 -1.174912825226783752e-01 1.093716740608215332e+00 5.577316284179687500e-01 -3.876578062772750854e-02 1.195505023002624512e+00 8.661881089210510254e-01 5.197623372077941895e-01 9.568648785352706909e-02 -4.488530382513999939e-02 -1.262397319078445435e-01 -8.002146482467651367e-01 4.608043730258941650e-01 9.360421448945999146e-02
3.865535557270050049e-01 -7.353517413139343262e-01 1.010168671607971191e+00 7.473219037055969238e-01 1.965395063161849976e-01 -4.988878369331359863e-01 -3.220187127590179443e-01 -5.935499668121337891e-01 -2.675394117832183838e-01 -1.683581471443176270e-01 1.073243916034698486e-01 -3.880299627780914307e-01 -3.509636521339416504e-01 -4.298175275325775146e-01 3.814736902713775635e-01 -8.818967640399932861e-02 -2.735482752323150635e-01 6.711471676826477051e-01 1.313642710447311401e-01 4.278021156787872314e-01 3.376984894275665283e-01 6.191052794456481934e-01 4.266894608736038208e-02 4.046725332736968994e-01 1.226328033953905106e-02 2.322241514921188354e-01 -2.603924274444580078e-01 2.155475914478302002e-01 4.810005426406860352e-01 1.868164837360382080e-01 -2.223392277956008911e-01 7.982156276702880859e-01 2.468157410621643066e-01 7.852823734283447266e-01 3.908884823322296143e-01 -2.296515256166458130e-01 -2.904534637928009033e-01 -1.392182409763336182e-01 -1.865830123424530029e-01 -2.000304311513900757e-01 -6.094045564532279968e-02 -3.189715147018432617e-01 -2.081168629229068756e-02 -2.359488606452941895e-01 8.790131807327270508e-01 -3.646174371242523193e-01 2.042791992425918579e-02 -6.025651469826698303e-02 -6.828904151916503906e-02 2.449221163988113403e-01 5.164950620383024216e-03 6.701768636703491211e-01 5.966371297836303711e-01 4.032442569732666016e-01 1.329909637570381165e-02 6.223646998405456543e-01 1.585847884416580200e-01 -3.450708091259002686e-01 1.844809651374816895e-01 -1.367772817611694336e-01 -8.396381735801696777e-01 -3.932845294475555420e-01 2.519639730453491211e-01 3.233326375484466553e-01
3.484963476657867432e-01 -1.272390365600585938e+00 3.860301077365875244e-01 3.171328306198120117e-01 6.958008408546447754e-01 -2.768844962120056152e-01 -1.897233426570892334e-01 -3.003403842449188232e-01 -2.543193995952606201e-01 -8.355773985385894775e-03 -3.963547646999359131e-01 -2.700266540050506592e-01 -5.557450279593467712e-02 -1.692608743906021118e-01 1.225096583366394043e+00 3.192205727100372314e-01 -8.398287743330001831e-02 4.999942183494567871e-01 3.189144134521484375e-01 2.726703323423862457e-02 3.990961611270904541e-01 7.954620718955993652e-01 4.964774847030639648e-01 -6.777922157198190689e-03 3.287754356861114502e-01 3.681039512157440186e-01 9.917313233017921448e-03 -9.968891739845275879e-02 2.644777297973632812e-01 2.665407061576843262e-01 -2.113394252955913544e-02 6.433466076850891113e-01 4.577058553695678711e-02 2.342523932456970215e-01 4.055682569742202759e-02 -3.025215864181518555e-01 -2.515146136283874512e-01 -6.525879353284835815e-02 -3.743347823619842529e-01 1.052435953170061111e-02 -1.067002713680267334e-01 -1.243857070803642273e-01 -8.110042661428451538e-02 4.027438163757324219e-01 8.894121050834655762e-01 -1.657010465860366821e-01 -1.189424991607666016e-01 1.684461683034896851e-01 3.595926798880100250e-03 -7.898378185927867889e-03 -4.080024361610412598e-01 6.473526358604431152e-01 5.701764822006225586e-01 7.076421976089477539e-01 2.768563926219940186e-01 6.733926534652709961e-01 6.137548685073852539e-01 2.748112976551055908e-01 2.753729820251464844e-01 1.497661173343658447e-01 -3.362092673778533936e-01 -7.731285691261291504e-01 1.788800768554210663e-02 7.480934262275695801e-02
9.916248917579650879e-01 -6.532936096191406250e-01 7.674886584281921387e-01 -8.427187800407409668e-02 -1.878899782896041870e-01 -4.269917309284210205e-02 5.636026859283447266e-01 4.947392046451568604e-01 -3.167048394680023193e-01 1.061523199081420898e+00 3.730141520500183105e-01 -6.317076683044433594e-01 -4.067255258560180664e-01 -3.712901175022125244e-01 1.050400733947753906e+00 8.319122344255447388e-02 -3.498166501522064209e-01 3.872261345386505127e-01 7.962949275970458984e-01 2.373714298009872437e-01 7.297743111848831177e-02 7.732941508293151855e-01 -3.810605704784393311e-01 -8.038325905799865723e-01 -6.515462398529052734e-01 5.953336954116821289e-01 -6.834974288940429688e-01 -2.360594719648361206e-01 1.286164045333862305e+00 9.738282859325408936e-02 -1.240042075514793396e-01 -3.319087624549865723e-01 5.326859187334775925e-03 -7.899473905563354492e-01 8.090670108795166016e-01 7.963826507329940796e-02 2.769723236560821533e-01 8.591256737709045410e-01 -4.021863043308258057e-01 8.041709661483764648e-01 3.592060133814811707e-02 1.164710447192192078e-01 6.735896468162536621e-01 5.686104297637939453e-01 1.033029437065124512e+00 -7.906276583671569824e-01 -3.441877290606498718e-02 -1.734574437141418457e-01 -3.071435689926147461e-01 9.552370905876159668e-01 -2.330680936574935913e-01 -1.661176383495330811e-01 2.583392560482025146e-01 -2.220418453216552734e-01 3.739588558673858643e-01 8.913084864616394043e-01 3.100750744342803955e-01 1.093747019767761230e-01 -2.353564798831939697e-01 2.950915396213531494e-01 -3.852757811546325684e-01 -3.423139452934265137e-01 1.365401297807693481e-01 -4.270021021366119385e-01
3.814547359943389893e-01 -9.207007288932800293e-01 -2.327677160501480103e-01 3.237472772598266602e-01 8.021411299705505371e-01 -7.843790203332901001e-02 4.924350976943969727e-01 9.359462559223175049e-02 2.063660174608230591e-01 3.398584127426147461e-01 1.217271909117698669e-01 1.648369431495666504e-01 -2.533476352691650391e-01 -6.587005257606506348e-01 9.089784026145935059e-01 8.845353126525878906e-01 1.320471614599227905e-01 -3.728387653827667236e-01 -1.289659738540649414e-01 5.523480176925659180e-01 -6.269242763519287109e-01 1.207263350486755371e+00 -7.699147611856460571e-02 -3.464508801698684692e-02 4.035751894116401672e-02 6.905258893966674805e-01 -5.622398853302001953e-01 -1.036556661128997803e-01 9.650571942329406738e-01 -7.286204695701599121e-01 -3.508013486862182617e-01 -3.998615145683288574e-01 6.615335345268249512e-01 2.626678943634033203e-01 4.593589901924133301e-01 4.349607229232788086e-01 -6.045280694961547852e-01 2.917453646659851074e-01 3.986918032169342041e-01 8.470298647880554199e-01 -2.893850207328796387e-01 -1.648885607719421387e-01 4.503850042819976807e-01 5.794634222984313965e-01 7.799288630485534668e-01 -4.087524116039276123e-01 2.315341979265213013e-01 -3.079582154750823975e-01 -5.243006348609924316e-01 5.014735460281372070e-01 -2.441737353801727295e-01 -2.020663917064666748e-01 6.520779728889465332e-01 1.059173226356506348e+00 9.484011530876159668e-01 6.679280400276184082e-01 -7.912128567695617676e-01 -4.488253891468048096e-01 -1.219915375113487244e-01 -8.088543415069580078e-01 -1.079504489898681641e+00 2.044223099946975708e-01 2.209828644990921021e-01 -5.988368988037109375e-01
2.477009743452072144e-01 -1.037366867065429688e+00 4.021652340888977051e-01 3.277782201766967773e-01 5.197089314460754395e-01 -5.586349368095397949e-01 -2.066940441727638245e-02 2.908108383417129517e-02 1.548323780298233032e-01 -3.888695240020751953e-01 -1.264657229185104370e-01 -5.315980911254882812e-01 -9.253872931003570557e-02 6.278186291456222534e-02 4.731261730194091797e-02 3.782970905303955078e-01 -2.689549624919891357e-01 7.443028092384338379e-01 3.266520500183105469e-01 2.369038760662078857e-01 2.855958230793476105e-02 7.812970876693725586e-01 3.949565589427947998e-01 2.302860617637634277e-01 -2.027163952589035034e-01 3.439090549945831299e-01 -1.654404401779174805e-01 5.850976333022117615e-02 7.513377666473388672e-01 -1.274224966764450073e-01 -4.973526895046234131e-01 5.741544961929321289e-01 -1.865635216236114502e-01 6.772899627685546875e-02 1.322423815727233887e-01 -3.799561262130737305e-01 1.627686768770217896e-01 -5.315094590187072754e-01 -4.434831738471984863e-01 1.574403792619705200e-01 1.537430137395858765e-01 -2.404062822461128235e-02 3.637553453445434570e-01 -4.023978859186172485e-02 8.539375066757202148e-01 -3.418623656034469604e-02 -6.323820948600769043e-01 -1.332280337810516357e-01 -1.584121733903884888e-01 1.611922234296798706e-01 -2.207121700048446655e-01 7.524372935295104980e-01 3.726823925971984863e-01 9.130889773368835449e-01 2.925541400909423828e-01 3.217988312244415283e-01 5.530834794044494629e-01 -2.323053628206253052e-01 5.248071253299713135e-02 4.349500238895416260e-01 -6.571891903877258301e-01 -3.797580897808074951e-01 -5.135668814182281494e-02 4.338559806346893311e-01
9.103824943304061890e-02 -1.303132891654968262e+00 1.032612994313240051e-01 5.249308347702026367e-01 3.921248316764831543e-01 -4.502964913845062256e-01 5.136474370956420898e-01 -3.474188446998596191e-01 -5.305333137512207031e-01 -2.767927050590515137e-01 -3.558848500251770020e-01 -3.913835063576698303e-02 -5.064851045608520508e-01 -6.409826129674911499e-02 9.774826169013977051e-01 3.866881430149078369e-01 -4.586545377969741821e-02 5.237593650817871094e-01 7.976274490356445312e-01 1.023257672786712646e-01 1.776297390460968018e-01 9.589277207851409912e-02 -3.404088690876960754e-02 -3.103313148021697998e-01 3.770163059234619141e-01 -2.140873484313488007e-02 -6.089363098144531250e-01 -4.380631744861602783e-01 9.898700118064880371e-01 2.093853503465652466e-01 -1.491361260414123535e-01 1.362523138523101807e-01 -1.814248114824295044e-01 -5.637805461883544922e-01 2.765308618545532227e-01 9.897046536207199097e-02 -2.899882197380065918e-01 1.033792942762374878e-01 -2.641736567020416260e-01 4.928948283195495605e-01 3.423271328210830688e-02 -1.064308807253837585e-01 -7.332151383161544800e-02 4.600686486810445786e-03 9.328042864799499512e-01 1.416800469160079956e-01 2.493263334035873413e-01 -6.925999373197555542e-02 -2.294498682022094727e-01 4.151303172111511230e-01 -2.235020548105239868e-01 4.228491485118865967e-01 3.266780674457550049e-01 2.415433526039123535e-01 4.522154629230499268e-01 8.888919949531555176e-01 6.413971781730651855e-01 7.041688263416290283e-02 5.845040678977966309e-01 3.494864404201507568e-01 -4.651409089565277100e-01 -6.126690506935119629e-01 -1.887771636247634888e-01 -6.701950728893280029e-02
5.563225746154785156e-01 -9.256349205970764160e-01 -6.878244876861572266e-02 1.015099763870239258e+00 6.865151524543762207e-01 7.787075042724609375e-01 1.151494123041629791e-02 1.761858761310577393e-01 3.642032742500305176e-01 -2.110211998224258423e-01 3.937596678733825684e-01 -3.159087300300598145e-01 -8.938945531845092773e-01 -3.827067464590072632e-02 5.177258849143981934e-01 6.128686666488647461e-01 -4.500923454761505127e-01 4.829687178134918213e-01 2.628506720066070557e-01 3.311009109020233154e-01 1.214685291051864624e-01 1.026860594749450684e+00 -1.925811753608286381e-03 -1.396964788436889648e-01 -1.173985242843627930e+00 1.335443496704101562e+00 1.327060163021087646e-01 2.163847237825393677e-01 3.918733000755310059e-01 1.508025079965591431e-01 -8.951537609100341797e-01 -3.255443871021270752e-01 -3.728584349155426025e-01 -6.478319168090820312e-01 4.994557201862335205e-01 3.936633467674255371e-01 -3.115332424640655518e-01 -9.362720847129821777e-01 -9.207016229629516602e-01 -1.066629216074943542e-01 7.179805636405944824e-02 5.308086052536964417e-02 7.493574619293212891e-01 -2.782764732837677002e-01 8.949394822120666504e-01 3.799547851085662842e-01 -2.826416492462158203e-01 -4.741758406162261963e-01 3.582338392734527588e-01 6.539301276206970215e-01 -5.151231288909912109e-01 5.481507182121276855e-01 8.958052992820739746e-01 2.439900301396846771e-02 8.808807134628295898e-01 3.838332295417785645e-01 8.552311062812805176e-01 -1.110645979642868042e-01 -8.197652101516723633e-01 8.737995624542236328e-01 -6.907897591590881348e-01 -5.803720951080322266e-01 5.770177841186523438e-01 4.112096428871154785e-01
4.121805131435394287e-01 -8.682889938354492188e-01 5.956834554672241211e-01 1.280100643634796143e-01 4.609951078891754150e-01 9.958335757255554199e-02 5.821555256843566895e-01 3.069738745689392090e-01 -6.247854828834533691e-01 7.786153554916381836e-01 -1.741736195981502533e-02 -2.065248554572463036e-03 -4.029324948787689209e-01 -2.835903763771057129e-01 1.115790724754333496e+00 4.222676753997802734e-01 3.457019627094268799e-01 4.431867301464080811e-01 9.539543390274047852e-01 1.187165230512619019e-01 1.676197946071624756e-01 9.797305464744567871e-01 -1.926222294569015503e-01 -6.543064713478088379e-01 -7.619351893663406372e-02 3.288260698318481445e-01 -4.956457912921905518e-01 3.088383749127388000e-02 1.008392095565795898e+00 6.615049391984939575e-02 1.263996213674545288e-01 1.697040200233459473e-01 -3.421050310134887695e-01 -8.970280289649963379e-01 1.039791584014892578e+00 -2.744414806365966797e-01 8.873922377824783325e-02 5.845155715942382812e-01 -7.372454553842544556e-02 7.270334362983703613e-01 -5.914732068777084351e-02 1.219986826181411743e-01 2.424940019845962524e-01 1.195190101861953735e-01 7.983888983726501465e-01 -4.211228489875793457e-01 1.916740536689758301e-01 7.393566519021987915e-02 -6.458128094673156738e-01 7.318100333213806152e-01 -1.023839637637138367e-01 -1.722768247127532959e-01 5.819714069366455078e-01 -6.234656646847724915e-02 3.512612581253051758e-01 1.121823549270629883e+00 8.882628083229064941e-01 2.137320637702941895e-01 6.694018840789794922e-02 3.487457931041717529e-01 -1.493135392665863037e-01 -5.461758375167846680e-01 1.218911409378051758e-01 -3.338194191455841064e-01
5.830764770507812500e-01 -1.213647603988647461e+00 7.114621996879577637e-01 3.432904481887817383e-01 3.813656792044639587e-02 -1.516107171773910522e-01 3.300482034683227539e-01 1.076712980866432190e-01 -1.970209777355194092e-01 -5.230881571769714355e-01 -2.712191641330718994e-01 -6.929825544357299805e-01 1.298297848552465439e-02 -2.157943099737167358e-01 1.617346882820129395e+00 5.712512731552124023e-01 -9.045177698135375977e-02 4.355734288692474365e-01 1.293760687112808228e-01 -3.169891610741615295e-02 1.299652159214019775e-01 5.989701151847839355e-01 1.489770263433456421e-01 -5.258026719093322754e-02 -3.774510324001312256e-01 5.305782556533813477e-01 3.566472828388214111e-01 -7.497281432151794434e-01 2.613034546375274658e-01 -2.027565836906433105e-01 -4.477046430110931396e-01 1.066587418317794800e-01 -2.457532882690429688e-01 4.243978261947631836e-01 -1.287674009799957275e-01 -5.007252097129821777e-01 -4.563351273536682129e-01 1.994577795267105103e-01 -2.944098711013793945e-01 -1.481054723262786865e-01 -3.168012201786041260e-01 -5.362203717231750488e-01 -2.885364294052124023e-01 5.473336577415466309e-01 1.099257707595825195e+00 -6.549641489982604980e-02 -1.425553113222122192e-01 4.460625648498535156e-01 -7.180403918027877808e-02 1.745844632387161255e-01 -6.197319626808166504e-01 4.628295898437500000e-01 8.438158035278320312e-01 1.271088004112243652e+00 3.402713686227798462e-02 4.049786627292633057e-01 1.505005806684494019e-01 4.871044754981994629e-01 4.976731240749359131e-01 1.270465701818466187e-01 -1.125155314803123474e-01 -2.658075988292694092e-01 -8.475487679243087769e-02 6.401793658733367920e-02
-3.386863172054290771e-01 -4.920048415660858154e-01 2.220979183912277222e-01 8.480871915817260742e-01 3.579370081424713135e-01 -3.335970044136047363e-01 4.814652502536773682e-01 -5.379082635045051575e-02 -7.563577890396118164e-01 -4.836596548557281494e-01 2.118880003690719604e-01 1.426579356193542480e-01 -3.366740942001342773e-01 1.151392832398414612e-01 8.110345602035522461e-01 1.825442910194396973e-02 -5.305296182632446289e-01 3.434367477893829346e-01 -1.890986859798431396e-01 -1.986322551965713501e-02 -2.059882730245590210e-01 -3.606440424919128418e-01 1.227815300226211548e-01 -2.506199479103088379e-01 1.143064871430397034e-01 5.555205345153808594e-01 -6.231577992439270020e-01 -1.312826126813888550e-01 4.009833037853240967e-01 -3.758612275123596191e-01 3.858397006988525391e-01 4.166243374347686768e-01 -5.245279073715209961e-01 -4.161327183246612549e-01 1.820607185363769531e-01 -8.321511559188365936e-03 -3.938808441162109375e-01 -2.053222954273223877e-01 -9.159313887357711792e-02 7.303001284599304199e-01 -1.560017764568328857e-01 -8.244841545820236206e-02 -1.394928339868783951e-02 1.925533413887023926e-01 8.779820799827575684e-01 -1.987942010164260864e-01 5.971302390098571777e-01 8.940174430608749390e-02 -1.944081932306289673e-01 1.187077045440673828e+00 -6.153597310185432434e-02 5.347617864608764648e-01 5.966330170631408691e-01 3.785003721714019775e-01 1.513638049364089966e-01 8.049184679985046387e-01 -2.252863049507141113e-01 -2.103325426578521729e-01 7.142866253852844238e-01 9.246676564216613770e-01 -4.397918581962585449e-01 -2.860791683197021484e-01 -3.938499987125396729e-01 9.720191359519958496e-02
3.817869424819946289e-01 8.870582282543182373e-02 2.586462497711181641e-01 2.034783661365509033e-01 2.114602923393249512e-02 1.908529102802276611e-01 -4.359998106956481934e-01 -4.768055081367492676e-01 -5.976633429527282715e-01 6.791769862174987793e-01 2.047334760427474976e-01 -3.538245260715484619e-01 -3.836799263954162598e-01 2.073759734630584717e-01 6.562697291374206543e-01 1.070660710334777832e+00 4.384003579616546631e-02 -1.762372404336929321e-01 5.231080949306488037e-02 5.741425752639770508e-01 2.298558205366134644e-01 -2.467145770788192749e-01 -9.450890868902206421e-02 -3.398680984973907471e-01 -2.452771365642547607e-01 4.509827792644500732e-01 -3.925452530384063721e-01 3.354836106300354004e-01 -1.798361986875534058e-01 -9.127994179725646973e-01 3.962718844413757324e-01 -5.261027812957763672e-02 7.079438865184783936e-02 -1.808912456035614014e-01 6.574267148971557617e-02 -8.359745740890502930e-01 1.460662782192230225e-01 5.878694057464599609e-01 -4.475981295108795166e-01 2.857912480831146240e-01 -1.709631085395812988e-01 1.294051706790924072e-01 -1.268754005432128906e-01 -3.745557665824890137e-01 2.919248342514038086e-01 -3.238568007946014404e-01 -3.791748881340026855e-01 4.775953479111194611e-03 -9.160359501838684082e-01 3.649017214775085449e-01 -2.128691077232360840e-01 -3.618686795234680176e-01 2.992328703403472900e-01 4.386795759201049805e-01 1.018917798995971680e+00 -1.685390947386622429e-03 -8.422942161560058594e-01 2.182126343250274658e-01 -4.493262171745300293e-01 -2.405886910855770111e-02 -5.549359321594238281e-01 -4.125210046768188477e-01 5.526262521743774414e-01 7.175533771514892578e-01
1.548286993056535721e-02 4.951575994491577148e-01 -6.453485488891601562e-01 6.424730420112609863e-01 4.995174407958984375e-01 -1.363763064146041870e-01 5.245322585105895996e-01 4.654138684272766113e-01 -4.738269746303558350e-01 -1.836079657077789307e-01 3.365837931632995605e-01 -2.506560385227203369e-01 -7.932586073875427246e-01 3.496032953262329102e-01 4.338030517101287842e-01 7.899182289838790894e-02 1.327224224805831909e-01 -3.315439075231552124e-02 1.795252412557601929e-01 5.304600298404693604e-02 -6.836782693862915039e-01 -5.412791371345520020e-01 2.702929079532623291e-01 -6.916059255599975586e-01 -9.966636449098587036e-02 4.920680224895477295e-01 -1.477808952331542969e-01 2.889921367168426514e-01 -2.787361145019531250e-01 -1.793048381805419922e-01 8.554933965206146240e-02 2.236344665288925171e-01 -4.452416300773620605e-01 3.268925547599792480e-01 2.559569776058197021e-01 1.351890116930007935e-01 -5.617380738258361816e-01 -5.805974453687667847e-02 1.370776146650314331e-01 -1.290422081947326660e-01 -4.530363380908966064e-01 -3.814714495092630386e-03 1.311886161565780640e-01 8.864496648311614990e-02 1.136434078216552734e+00 -7.733786106109619141e-01 3.614105656743049622e-02 5.646360293030738831e-02 -4.051596820354461670e-01 8.296082019805908203e-01 1.673015803098678589e-01 -2.794128060340881348e-01 2.961021959781646729e-01 3.795883953571319580e-01 -1.461973786354064941e-01 1.129395842552185059e+00 -2.810220122337341309e-01 -3.839924037456512451e-01 2.715391814708709717e-01 7.102640867233276367e-01 -2.530672550201416016e-01 2.204156965017318726e-01 -5.447047352790832520e-01 4.298882186412811279e-01
5.298110842704772949e-01 -2.863677144050598145e-01 -2.809411287307739258e-01 1.934412419795989990e-01 2.066953480243682861e-01 3.859893605113029480e-02 -5.484569668769836426e-01 4.533466398715972900e-01 -3.958591520786285400e-01 2.370909601449966431e-01 7.674553990364074707e-01 -5.552587509155273438e-01 -3.292492032051086426e-01 4.379295408725738525e-01 1.082446798682212830e-01 5.823985338211059570e-01 -1.504464298486709595e-01 4.293793439865112305e-01 2.769590318202972412e-01 -1.991605460643768311e-01 -3.899957835674285889e-01 -1.087742224335670471e-01 -6.750697642564773560e-02 -8.412629365921020508e-01 1.073213890194892883e-01 5.380526781082153320e-01 -9.799425303936004639e-02 4.330762624740600586e-01 2.117635309696197510e-02 -2.021986097097396851e-01 3.281635046005249023e-01 -7.760465145111083984e-01 2.974338829517364502e-01 4.084590077400207520e-01 8.047751188278198242e-01 -2.044612616300582886e-01 -4.381500184535980225e-01 5.777575448155403137e-02 -1.371237337589263916e-01 -3.451591432094573975e-01 -9.003043770790100098e-01 1.971123814582824707e-01 1.264814436435699463e-01 2.527698278427124023e-01 8.724102377891540527e-02 -1.223250478506088257e-01 -5.112824440002441406e-01 5.592424869537353516e-01 3.058649301528930664e-01 2.702635228633880615e-01 1.332810521125793457e-01 -3.678049743175506592e-01 6.326813697814941406e-01 6.910141110420227051e-01 1.073537487536668777e-02 5.293712615966796875e-01 1.340491324663162231e-01 -7.499330639839172363e-01 -5.282458662986755371e-01 5.489626526832580566e-01 -4.676162600517272949e-01 -1.061698421835899353e-01 2.187120616436004639e-01 -3.173971772193908691e-01
3.309782147407531738e-01 -9.582663327455520630e-02 -1.110334843397140503e-01 3.867292404174804688e-01 2.665062844753265381e-01 2.622828185558319092e-01 7.492184042930603027e-01 3.970282152295112610e-02 3.609643578529357910e-01 -4.331859946250915527e-01 -9.954193979501724243e-02 -2.584038078784942627e-01 -8.500758409500122070e-01 -4.053319990634918213e-01 7.352052330970764160e-01 8.949026465415954590e-01 -3.593902662396430969e-02 -2.979028522968292236e-01 8.956363797187805176e-02 8.099262714385986328e-01 -1.515872627496719360e-01 9.697464108467102051e-02 -8.854739367961883545e-02 -2.859860062599182129e-01 -2.435118854045867920e-01 5.863433480262756348e-01 2.296694926917552948e-02 2.564868330955505371e-01 6.944957375526428223e-01 -5.342330932617187500e-01 2.930265963077545166e-01 -5.943641662597656250e-01 -1.272420585155487061e-01 8.117711544036865234e-02 1.264505088329315186e-01 4.988110363483428955e-01 3.389489650726318359e-01 3.100344240665435791e-01 1.437531709671020508e-01 -3.154934048652648926e-01 -8.855152130126953125e-01 1.699494868516921997e-01 6.610498428344726562e-01 1.718808859586715698e-01 8.365788459777832031e-01 -5.801284909248352051e-01 4.272993505001068115e-01 -3.541492819786071777e-01 -3.792420923709869385e-01 2.201239392161369324e-02 -4.820667803287506104e-01 -4.010069370269775391e-01 5.961908102035522461e-01 5.059275031089782715e-01 -1.055783927440643311e-01 3.540728613734245300e-02 2.421673685312271118e-01 -1.811036616563796997e-01 -4.920574426651000977e-01 -5.307161211967468262e-01 -1.224810242652893066e+00 -1.891527771949768066e-01 2.483609467744827271e-01 4.076542705297470093e-02
6.211237311363220215e-01 -2.976056374609470367e-02 2.979660332202911377e-01 1.731617897748947144e-01 2.205788791179656982e-01 -1.912640482187271118e-01 2.467345595359802246e-01 -2.370415627956390381e-01 -1.248450160026550293e+00 4.761258661746978760e-01 -3.633791804313659668e-01 -3.023154139518737793e-01 -1.012776613235473633e+00 -2.803937792778015137e-01 1.144765734672546387e+00 4.336617588996887207e-01 1.314514875411987305e-01 2.189267426729202271e-01 6.029115915298461914e-01 8.585879951715469360e-02 -8.455002307891845703e-02 -4.993439912796020508e-01 -3.341055214405059814e-01 -9.928546845912933350e-02 2.196045517921447754e-01 1.987743824720382690e-01 2.936564385890960693e-01 -1.547029763460159302e-01 -1.009971499443054199e-01 1.855877637863159180e-01 -5.911467224359512329e-02 4.281712770462036133e-01 1.081645265221595764e-01 -2.453847378492355347e-01 -2.607550621032714844e-01 1.816875636577606201e-01 -3.434624895453453064e-02 5.315269157290458679e-02 -5.786228775978088379e-01 8.894693106412887573e-02 -6.992561817169189453e-01 -2.110137045383453369e-01 8.273210525512695312e-01 7.141300439834594727e-01 4.655785858631134033e-01 -4.051746800541877747e-02 -4.480006992816925049e-01 -5.284789800643920898e-01 -2.256782203912734985e-01 7.347763776779174805e-01 -6.964116692543029785e-01 -1.138829231262207031e+00 8.439880609512329102e-01 5.576409697532653809e-01 -4.287991821765899658e-01 -1.610925048589706421e-01 -4.610107243061065674e-01 -2.903952300548553467e-01 -8.478127121925354004e-01 2.240508496761322021e-01 -1.225062251091003418e+00 2.526842951774597168e-01 -1.565371155738830566e-01 3.187626004219055176e-01
9.098114818334579468e-02 -9.033032655715942383e-01 -2.395710945129394531e-01 1.717670708894729614e-01 1.170375347137451172e+00 -3.047134280204772949e-01 8.140425086021423340e-01 6.952900290489196777e-01 -9.715847373008728027e-01 -1.450871080160140991e-01 9.897214174270629883e-01 -6.761136651039123535e-01 -1.458495706319808960e-01 2.472567260265350342e-01 9.921034574508666992e-01 3.407611846923828125e-01 -1.190865039825439453e+00 -5.675986409187316895e-01 6.309578418731689453e-01 3.665264844894409180e-01 7.920021563768386841e-02 1.016599178314208984e+00 3.619845509529113770e-01 -4.811360500752925873e-03 -8.314285874366760254e-01 3.353196084499359131e-01 4.642872214317321777e-01 -9.463794231414794922e-01 3.318728208541870117e-01 -5.454778075218200684e-01 3.946791589260101318e-02 -2.328294962644577026e-01 6.134524345397949219e-01 -1.131697967648506165e-01 4.384242594242095947e-01 -6.002302765846252441e-01 -8.397875353693962097e-03 -2.574477195739746094e-01 -3.093096613883972168e-01 9.955968260765075684e-01 -3.643660247325897217e-01 -6.663295626640319824e-02 1.956003606319427490e-01 4.546653944998979568e-04 1.357436060905456543e+00 -7.503785490989685059e-01 3.460880219936370850e-01 -3.165238350629806519e-02 -4.661639630794525146e-01 7.492936849594116211e-01 1.709260493516921997e-01 -5.626082420349121094e-02 1.346975088119506836e+00 3.579015135765075684e-01 -1.268614232540130615e-01 4.054240882396697998e-01 -3.973415493965148926e-01 4.911001622676849365e-01 -7.366320490837097168e-01 5.492222309112548828e-01 -1.138090848922729492e+00 -8.442167192697525024e-02 1.097402334213256836e+00 -6.149496436119079590e-01
-1.209394726902246475e-02 -6.788186430931091309e-01 3.441267013549804688e-01 6.471846103668212891e-01 -2.859039232134819031e-02 -5.137047171592712402e-01 3.862354159355163574e-01 -1.305432617664337158e-01 -5.412155389785766602e-01 -3.982718288898468018e-01 -2.147091925144195557e-02 -6.161260604858398438e-01 2.255525290966033936e-01 -1.829697340726852417e-01 9.995703697204589844e-01 9.148343205451965332e-01 -5.180418491363525391e-01 2.666359543800354004e-01 1.135145351290702820e-01 -2.173530012369155884e-01 1.993956118822097778e-01 5.067525506019592285e-01 3.498349189758300781e-01 4.392816871404647827e-02 -1.479246616363525391e-01 4.224443137645721436e-01 1.122325956821441650e-01 -2.548513710498809814e-01 6.489711999893188477e-01 -6.394113898277282715e-01 -2.562038302421569824e-01 2.089278101921081543e-01 -5.363799333572387695e-01 -2.264259159564971924e-01 -1.144641190767288208e-01 -1.539242640137672424e-02 1.042605042457580566e-01 -9.358350187540054321e-02 -4.162222146987915039e-01 2.483810037374496460e-01 -2.588036060333251953e-01 -2.340602129697799683e-01 2.873005270957946777e-01 -2.631932310760021210e-02 8.531657457351684570e-01 6.073215007781982422e-01 2.496064901351928711e-01 4.552587270736694336e-01 -6.869127601385116577e-02 6.904153227806091309e-01 -2.350284717977046967e-02 9.832018613815307617e-01 4.516994655132293701e-01 1.206726670265197754e+00 2.448364794254302979e-01 6.029476523399353027e-01 1.386639028787612915e-01 7.177899777889251709e-02 5.346090197563171387e-01 7.353127002716064453e-01 5.864631012082099915e-02 -2.119598835706710815e-01 -2.316278964281082153e-01 6.749627590179443359e-01
4.621714055538177490e-01 -2.993765771389007568e-01 8.494717068970203400e-03 -3.104633986949920654e-01 -3.957496583461761475e-01 8.609852790832519531e-01 -1.496950685977935791e-01 -1.021448731422424316e+00 -6.094436645507812500e-01 -3.832147270441055298e-02 1.148980185389518738e-01 -9.572919011116027832e-01 -7.445486783981323242e-01 -4.561315476894378662e-01 3.653904795646667480e-01 3.279453814029693604e-01 6.697359681129455566e-01 1.799011975526809692e-01 -1.877556741237640381e-01 -8.027417585253715515e-03 -2.162974476814270020e-01 9.419399499893188477e-01 -1.679745614528656006e-01 -5.413761734962463379e-01 -6.559225916862487793e-01 7.205560803413391113e-01 -1.071022510528564453e+00 -2.370401322841644287e-01 5.449819564819335938e-01 -7.333883047103881836e-01 1.839439123868942261e-01 -4.161784797906875610e-02 -1.982702910900115967e-01 -3.293534517288208008e-01 -1.763669252395629883e-01 2.488488405942916870e-01 -3.959582448005676270e-01 1.458584964275360107e-01 -5.839527249336242676e-01 8.189935684204101562e-01 -6.192228570580482483e-02 3.731895685195922852e-01 -4.133714362978935242e-02 -3.733058869838714600e-01 4.849162399768829346e-01 3.467535376548767090e-01 -1.284397542476654053e-01 -2.750546634197235107e-01 -5.451392531394958496e-01 5.742912292480468750e-01 -9.386270493268966675e-02 -3.191421329975128174e-01 7.011818885803222656e-01 7.410539388656616211e-01 2.476208508014678955e-01 -2.569377236068248749e-02 -2.999377548694610596e-01 -9.979538619518280029e-02 -5.945868492126464844e-01 1.976847499608993530e-01 4.937283322215080261e-02 -2.409586906433105469e-01 -6.749464869499206543e-01 2.814814746379852295e-01
2.735122144222259521e-01 -6.122817397117614746e-01 6.604018211364746094e-01 1.004479050636291504e+00 1.877059936523437500e-01 -4.340168237686157227e-01 -3.079041838645935059e-01 1.163468837738037109e+00 -1.007882237434387207e+00 -3.663046061992645264e-01 6.480020284652709961e-01 -4.893820881843566895e-01 -8.500829935073852539e-01 6.535389274358749390e-02 4.659387469291687012e-01 7.547159790992736816e-01 -6.389384269714355469e-01 9.249912947416305542e-02 9.178222715854644775e-02 2.007645517587661743e-01 -3.662542700767517090e-01 9.311683177947998047e-01 -1.611164063215255737e-01 -2.397597283124923706e-01 -3.810329139232635498e-01 1.291547060012817383e+00 -6.295004487037658691e-02 -2.646774053573608398e-01 -5.337448120117187500e-01 -1.428132206201553345e-01 1.878938376903533936e-01 8.943200111389160156e-02 -3.223157823085784912e-01 -5.298024415969848633e-01 7.030836939811706543e-01 5.122659802436828613e-01 -4.080771803855895996e-01 2.475983202457427979e-01 -2.009362876415252686e-01 -6.864955276250839233e-02 7.775473594665527344e-02 2.168567478656768799e-01 -3.298681974411010742e-01 3.422393500804901123e-01 9.669020771980285645e-01 -1.493232697248458862e-01 2.833437174558639526e-02 -4.496788382530212402e-01 2.256771624088287354e-01 6.248439550399780273e-01 6.386336684226989746e-02 -7.489405274391174316e-01 5.544215440750122070e-02 5.289189815521240234e-01 8.363543152809143066e-01 7.068424820899963379e-01 -1.513462215662002563e-01 -7.301759719848632812e-01 -3.300306797027587891e-01 -2.549885511398315430e-01 -1.206954009830951691e-03 1.389837265014648438e-01 2.360268384218215942e-01 -3.569797053933143616e-02
3.615678250789642334e-01 2.145619243383407593e-01 3.578091859817504883e-01 -1.557635664939880371e-01 2.958026155829429626e-02 -1.907701492309570312e-01 4.145097732543945312e-01 -1.390694081783294678e-01 -1.871149390935897827e-01 -2.425795495510101318e-01 2.382080703973770142e-01 -3.739769160747528076e-01 -4.179075062274932861e-01 -1.383901536464691162e-01 9.577372670173645020e-01 4.735967218875885010e-01 4.595220386981964111e-01 4.310557246208190918e-01 3.363923728466033936e-01 7.694981098175048828e-01 -3.666236102581024170e-01 3.267350792884826660e-01 5.156195163726806641e-01 -5.647525191307067871e-01 2.512359321117401123e-01 6.313605308532714844e-01 -1.834891140460968018e-01 5.805503726005554199e-01 5.227659344673156738e-01 -3.104917109012603760e-01 6.104899644851684570e-01 -9.318096935749053955e-02 -4.252488613128662109e-01 3.419563472270965576e-01 -1.234256401658058167e-01 1.145909801125526428e-01 -1.124558374285697937e-01 8.013179153203964233e-02 -3.602640032768249512e-01 -2.935540080070495605e-01 -6.673389673233032227e-01 9.782280027866363525e-02 5.271345973014831543e-01 1.473150402307510376e-01 -8.159353584051132202e-02 -2.085403054952621460e-01 1.669949293136596680e-01 -1.486219465732574463e-01 -5.496994853019714355e-01 -3.529309928417205811e-01 -2.017187923192977905e-01 -6.146253347396850586e-01 4.641512874513864517e-03 -5.454857647418975830e-02 -4.950007498264312744e-01 -2.535649836063385010e-01 1.007127091288566589e-01 -4.062883853912353516e-01 -5.267541408538818359e-01 2.533206343650817871e-01 -1.062049984931945801e+00 -3.138802051544189453e-01 -1.617605537176132202e-01 5.819315314292907715e-01
3.702200353145599365e-01 2.144180983304977417e-01 -9.837126731872558594e-02 8.057726174592971802e-02 2.068491876125335693e-01 2.103526145219802856e-01 3.387105762958526611e-01 -5.541645884513854980e-01 -6.883937865495681763e-02 3.781044483184814453e-02 -1.693075448274612427e-01 -5.979638099670410156e-01 -1.991722136735916138e-01 3.550742939114570618e-02 2.164951115846633911e-01 1.218115568161010742e+00 -8.330617100000381470e-02 2.653778791427612305e-01 1.336601227521896362e-01 9.522223472595214844e-01 -7.791926860809326172e-01 5.140514671802520752e-02 6.116837263107299805e-01 -2.793524563312530518e-01 -7.260190844535827637e-01 3.544906675815582275e-01 -1.959691196680068970e-01 4.363270998001098633e-01 9.160016775131225586e-01 -2.841996550559997559e-01 7.331042885780334473e-01 -1.989942044019699097e-01 1.908325403928756714e-01 2.173664271831512451e-01 1.078573092818260193e-01 -1.185108646750450134e-01 -1.259363740682601929e-01 -2.343448810279369354e-02 -2.590059041976928711e-01 -4.339558184146881104e-01 3.241899609565734863e-02 -5.885052084922790527e-01 4.045010507106781006e-01 3.945178389549255371e-01 3.258542418479919434e-01 -3.312782943248748779e-01 5.736491084098815918e-01 -1.138514205813407898e-01 -8.685524761676788330e-02 4.785527884960174561e-01 -7.248949408531188965e-01 -6.382515430450439453e-01 7.387064099311828613e-01 1.514442265033721924e-01 -1.721098423004150391e-01 -2.564572393894195557e-01 -1.061887890100479126e-01 -6.090196967124938965e-01 -6.521260738372802734e-01 -1.872974336147308350e-01 -4.265734255313873291e-01 -4.326511621475219727e-01 2.709659375250339508e-02 2.715025544166564941e-01
5.853315815329551697e-02 -4.492139816284179688e-01 1.561375558376312256e-01 4.068066775798797607e-01 3.452517688274383545e-01 2.118822038173675537e-01 5.439721345901489258e-01 2.024501711130142212e-01 -3.790141940116882324e-01 3.895661234855651855e-02 5.130541920661926270e-01 -2.270776778459548950e-01 -6.027126908302307129e-01 -2.234894335269927979e-01 8.742737770080566406e-01 5.429146885871887207e-01 2.913824319839477539e-01 -2.889843583106994629e-01 2.566223144531250000e-01 5.114904642105102539e-01 -4.019401371479034424e-01 1.524115502834320068e-01 8.874414116144180298e-02 -1.091548576951026917e-01 5.571207031607627869e-03 4.550881385803222656e-01 -1.631202846765518188e-01 2.550736665725708008e-01 4.806340038776397705e-01 -3.167091310024261475e-01 2.880837023258209229e-01 -1.348280012607574463e-01 4.749436676502227783e-02 -2.112105637788772583e-01 -1.409215331077575684e-01 -7.831572741270065308e-02 3.268387913703918457e-01 5.384876858443021774e-03 -3.304734826087951660e-01 -5.270399451255798340e-01 -6.182447075843811035e-01 5.789706110954284668e-01 5.191718935966491699e-01 3.131148219108581543e-01 -1.513656601309776306e-02 -4.953310266137123108e-02 -1.068747341632843018e-01 -3.266807794570922852e-01 -4.831361770629882812e-01 -7.409676909446716309e-02 -3.502112329006195068e-01 -9.697062969207763672e-01 6.185638308525085449e-01 2.370038032531738281e-01 -4.796487689018249512e-01 -2.833694815635681152e-01 -1.856880187988281250e-01 1.634635478258132935e-01 -6.550621986389160156e-01 3.459970355033874512e-01 -1.195780396461486816e+00 -5.789868831634521484e-01 -4.080339670181274414e-01 3.852798640727996826e-01
-4.576937258243560791e-01 -4.020091891288757324e-01 3.527670204639434814e-01 1.613821685314178467e-01 -2.301837056875228882e-01 5.154190659523010254e-01 3.562974929809570312e-01 -3.009956181049346924e-01 -6.495887041091918945e-01 6.115922331809997559e-01 1.253173351287841797e-01 -2.746140360832214355e-01 -6.772335171699523926e-01 3.087378740310668945e-01 1.381098270416259766e+00 1.012337446212768555e+00 4.103900492191314697e-01 3.998127281665802002e-01 5.229054018855094910e-02 1.268610000610351562e+00 -4.459033012390136719e-01 4.903798401355743408e-01 -2.450016140937805176e-01 -5.307924747467041016e-01 -4.566007554531097412e-01 3.470013141632080078e-01 -3.612037003040313721e-01 3.865823447704315186e-01 4.256038963794708252e-01 -2.773223221302032471e-01 -3.241041600704193115e-01 3.067757189273834229e-01 -6.086534261703491211e-01 -2.220329493284225464e-01 8.658058047294616699e-01 3.909569084644317627e-01 -1.344094723463058472e-01 -1.870594620704650879e-01 -4.879676103591918945e-01 -1.322115957736968994e-01 1.380545645952224731e-01 -5.796003937721252441e-01 4.032150804996490479e-01 2.406329214572906494e-01 6.168946623802185059e-01 3.459830954670906067e-02 -8.226915001869201660e-01 2.920536100864410400e-01 -3.760370314121246338e-01 7.575461864471435547e-01 -2.135221362113952637e-01 -1.869865357875823975e-01 9.642985463142395020e-01 1.717125028371810913e-01 3.377480506896972656e-01 -1.011178731918334961e+00 -6.817027330398559570e-01 3.330880999565124512e-01 -4.768668711185455322e-01 7.427713274955749512e-02 -5.141260027885437012e-01 1.877933591604232788e-01 1.439165920019149780e-01 1.467365175485610962e-01
5.663353800773620605e-01 -7.110118269920349121e-01 4.681168496608734131e-01 -2.588165700435638428e-01 -2.535240352153778076e-01 6.127251982688903809e-01 6.312724947929382324e-02 -6.650485992431640625e-01 -9.492489695549011230e-01 -2.603758573532104492e-01 1.276351511478424072e-01 -6.071724891662597656e-01 -8.506979942321777344e-01 -5.523548722267150879e-01 1.441406458616256714e-01 2.957610487937927246e-01 3.990986347198486328e-01 -5.035391449928283691e-01 1.582436710596084595e-01 -4.823468327522277832e-01 -2.060483396053314209e-01 1.188561558723449707e+00 1.335758417844772339e-01 -3.314335942268371582e-01 -8.639283776283264160e-01 1.978173255920410156e-01 -1.139160871505737305e+00 -3.573723435401916504e-01 1.031862869858741760e-01 -8.654088973999023438e-01 3.513076603412628174e-01 -6.934017539024353027e-01 4.416381418704986572e-01 1.401805579662322998e-01 1.325062066316604614e-01 -4.938038066029548645e-02 3.972128033638000488e-02 -2.400406822562217712e-02 -1.484722942113876343e-01 -4.093903303146362305e-02 -4.408714547753334045e-02 4.000835120677947998e-02 -1.586207896471023560e-01 7.835134863853454590e-02 5.398311018943786621e-01 2.997238636016845703e-01 1.627887934446334839e-01 -2.258145362138748169e-01 -2.701889574527740479e-01 8.938629627227783203e-01 1.607638597488403320e-01 -1.650895923376083374e-01 2.959712445735931396e-01 6.247146725654602051e-01 2.234414070844650269e-01 9.523435235023498535e-01 -4.505535662174224854e-01 1.282638460397720337e-01 -3.418752849102020264e-01 6.406557559967041016e-01 -2.061895877122879028e-01 -6.121225953102111816e-01 2.747868597507476807e-01 3.539862036705017090e-01
4.554655253887176514e-01 3.618007898330688477e-01 9.061332792043685913e-03 -2.758119106292724609e-01 -4.774697124958038330e-02 3.070911765098571777e-01 6.532175540924072266e-01 -5.233999490737915039e-01 -5.845193862915039062e-01 -2.059302330017089844e-01 2.913094758987426758e-01 -1.425726711750030518e-01 -7.156574130058288574e-01 4.009048938751220703e-01 6.904923319816589355e-01 8.031599521636962891e-01 6.956328451633453369e-02 -2.212812379002571106e-02 1.953914761543273926e-01 6.251275539398193359e-01 -3.357158303260803223e-01 5.447614789009094238e-01 2.983939051628112793e-01 -8.735474944114685059e-02 -2.889614403247833252e-01 5.619074702262878418e-01 -4.104003012180328369e-01 -3.935056552290916443e-02 6.800776124000549316e-01 2.832771837711334229e-01 1.706647574901580811e-01 2.454201458021998405e-03 -4.401883184909820557e-01 1.887884140014648438e-01 -4.480414688587188721e-01 -3.451188802719116211e-01 5.752396583557128906e-01 1.533706486225128174e-01 -4.318046569824218750e-01 -4.114682078361511230e-01 -6.191873550415039062e-01 2.252056151628494263e-01 6.171178221702575684e-01 -2.636793255805969238e-01 1.494044065475463867e-01 -5.618346929550170898e-01 -1.779273301362991333e-01 -1.566223651170730591e-01 -4.758180975914001465e-01 4.908034577965736389e-02 4.683437049388885498e-01 -5.233293771743774414e-01 4.257492125034332275e-01 2.546136677265167236e-01 -1.723048649728298187e-02 -9.380783885717391968e-02 -4.476357996463775635e-02 -3.255524933338165283e-01 -3.559474050998687744e-01 -2.616082131862640381e-01 -1.060459613800048828e+00 -2.287190705537796021e-01 -1.920813918113708496e-01 -1.431467682123184204e-01
2.705827653408050537e-01 -1.094350337982177734e+00 3.860756158828735352e-01 5.701256990432739258e-01 6.768038868904113770e-01 -2.719454169273376465e-01 -2.136747837066650391e-01 -3.125139772891998291e-01 -1.740739941596984863e-01 -3.640930056571960449e-01 -5.249109268188476562e-01 -6.102881431579589844e-01 -6.332886815071105957e-01 -1.614372879266738892e-01 2.308094687759876251e-02 -1.060744468122720718e-02 -3.262210488319396973e-01 1.563384979963302612e-01 7.882267236709594727e-01 5.157608985900878906e-01 4.079601168632507324e-01 3.239076137542724609e-01 3.153309822082519531e-01 9.549310058355331421e-02 -2.985437512397766113e-01 2.769375964999198914e-02 -5.124576687812805176e-01 -1.506989705376327038e-03 9.291688799858093262e-01 -1.451562345027923584e-01 -7.850088477134704590e-01 7.213374972343444824e-01 -1.253096386790275574e-02 -3.810113966464996338e-01 9.749562144279479980e-01 6.187064945697784424e-02 -4.854843318462371826e-01 1.753444671630859375e-01 -2.922163903713226318e-01 1.184882298111915588e-01 2.137715369462966919e-01 2.153944075107574463e-01 9.931928070727735758e-05 -1.029920652508735657e-01 1.084958672523498535e+00 9.558619349263608456e-04 1.885435283184051514e-01 4.421681761741638184e-01 -5.757117271423339844e-01 -3.400132805109024048e-02 -1.595507375895977020e-02 4.063424170017242432e-01 2.909106016159057617e-01 4.081666767597198486e-01 3.593620061874389648e-01 3.814555108547210693e-01 5.475363135337829590e-01 -8.255780339241027832e-01 3.586761653423309326e-01 4.552097916603088379e-01 -1.074412822723388672e+00 -3.911690115928649902e-01 9.685545414686203003e-02 6.571263074874877930e-02
6.006801724433898926e-01 -9.475836753845214844e-01 4.260867238044738770e-01 -2.636297941207885742e-01 4.334386810660362244e-02 -3.843117654323577881e-01 -6.642615050077438354e-02 6.708395201712846756e-03 -5.155185461044311523e-01 1.970054358243942261e-01 5.894269943237304688e-01 -2.218908369541168213e-01 1.736578345298767090e-01 -1.239639639854431152e+00 8.454979062080383301e-01 6.952211856842041016e-01 -5.267087817192077637e-01 8.195253014564514160e-01 -3.389067649841308594e-01 1.044251441955566406e+00 1.291606575250625610e-01 8.045973181724548340e-01 5.848015546798706055e-01 -8.463243842124938965e-01 -4.859535396099090576e-01 -1.924061775207519531e-01 -1.632984876632690430e-01 1.465053409337997437e-01 -1.118183657526969910e-01 3.794761300086975098e-01 -8.204265236854553223e-01 -7.940416932106018066e-01 -9.906803816556930542e-02 3.584981709718704224e-02 -3.482237160205841064e-01 2.141234427690505981e-01 6.039176508784294128e-02 5.269731283187866211e-01 -1.953251212835311890e-01 7.251935005187988281e-01 -7.873347997665405273e-01 -1.634913235902786255e-01 5.466570258140563965e-01 -2.458547204732894897e-01 8.220311403274536133e-01 -4.861615002155303955e-01 4.227581620216369629e-01 -8.834825754165649414e-01 -8.620195984840393066e-01 1.118763804435729980e+00 -2.209326922893524170e-01 -2.760863602161407471e-01 2.130971699953079224e-01 9.114202857017517090e-01 3.370333909988403320e-01 6.879141926765441895e-01 -7.999870181083679199e-02 -6.835049986839294434e-01 -4.566470980644226074e-01 1.091256618499755859e+00 -7.466425299644470215e-01 -2.510885000228881836e-01 1.741899847984313965e-01 -7.694234251976013184e-01
-2.071742266416549683e-01 -6.142150163650512695e-01 1.597092486917972565e-02 9.506689012050628662e-02 -5.543401092290878296e-02 -2.193612307310104370e-01 8.993075042963027954e-02 2.180167436599731445e-01 -5.099541544914245605e-01 3.930585086345672607e-02 4.128533303737640381e-01 -6.657774746417999268e-02 -2.222076356410980225e-01 -4.773182049393653870e-02 5.392415523529052734e-01 -1.393687427043914795e-01 -4.215610325336456299e-01 2.025463432073593140e-02 -2.158864438533782959e-01 -7.829248905181884766e-02 -8.978505134582519531e-01 -2.872542440891265869e-01 3.840415775775909424e-01 -3.139830231666564941e-01 -1.028693690896034241e-01 8.842882513999938965e-01 -5.921372771263122559e-02 2.476744800806045532e-01 6.808559298515319824e-01 -1.194443255662918091e-01 -1.065236330032348633e-01 -2.135166674852371216e-01 -6.063886880874633789e-01 -2.954881489276885986e-01 4.028494358062744141e-01 1.906236261129379272e-01 -6.438924670219421387e-01 -6.243715062737464905e-02 6.495967507362365723e-01 -8.507884107530117035e-03 -9.519702196121215820e-02 1.076109483838081360e-01 -4.662423431873321533e-01 -7.816622406244277954e-02 1.394831776618957520e+00 -8.369823694229125977e-01 -9.775414317846298218e-02 -2.581802308559417725e-01 2.442988753318786621e-01 9.949790835380554199e-01 1.375976055860519409e-01 -7.501468062400817871e-01 9.460242986679077148e-01 5.962049961090087891e-01 5.568783879280090332e-01 6.126123070716857910e-01 -5.316817164421081543e-01 -1.688731908798217773e-01 6.403086185455322266e-01 1.028028607368469238e+00 -4.784977138042449951e-01 2.788958549499511719e-01 6.512864679098129272e-02 4.836507439613342285e-01
-4.298148304224014282e-02 5.669214725494384766e-01 -4.076407849788665771e-01 6.070168614387512207e-01 9.626217484474182129e-01 -1.970747411251068115e-01 1.823869943618774414e-01 -4.180364906787872314e-01 -5.643528699874877930e-01 2.526885867118835449e-01 -2.618672326207160950e-02 -1.027562856674194336e+00 -4.693846106529235840e-01 1.171555444598197937e-01 6.388701796531677246e-01 7.004156708717346191e-01 5.659226700663566589e-02 -4.157991334795951843e-02 1.924448758363723755e-01 6.796022653579711914e-01 -8.318055868148803711e-01 -3.757486641407012939e-01 4.258535504341125488e-01 -1.120008677244186401e-01 -8.624708652496337891e-01 1.520522385835647583e-01 -3.308123648166656494e-01 6.612535566091537476e-02 1.938341259956359863e-01 -6.018713116645812988e-02 2.693375013768672943e-02 -5.701180696487426758e-01 -3.902354836463928223e-02 6.039527058601379395e-01 -1.440663486719131470e-01 1.247464269399642944e-01 -6.577562689781188965e-01 -1.109522134065628052e-01 -4.712235033512115479e-01 4.095158725976943970e-02 -2.648775577545166016e-01 -2.733946144580841064e-01 2.908451557159423828e-01 1.600478738546371460e-01 5.688884854316711426e-01 -3.383335173130035400e-01 7.696641236543655396e-02 4.854834377765655518e-01 -9.807748347520828247e-02 7.918761372566223145e-01 -1.772022247314453125e-01 -6.550143957138061523e-01 4.227982461452484131e-02 3.275351226329803467e-01 -6.392979621887207031e-01 8.027909398078918457e-01 4.194290935993194580e-01 -8.229050636291503906e-01 -3.719710111618041992e-01 -1.988731026649475098e-01 -5.496513247489929199e-01 -1.568476706743240356e-01 4.685276150703430176e-01 2.027059048414230347e-01
3.406153917312622070e-01 2.848923504352569580e-01 -1.479652523994445801e-01 1.189738810062408447e-01 1.413383483886718750e-01 -1.368697881698608398e-01 1.918161213397979736e-01 3.077010512351989746e-01 -2.267439663410186768e-01 -2.649076469242572784e-02 -6.739214807748794556e-02 -6.053850054740905762e-01 -5.709816217422485352e-01 7.659223675727844238e-02 1.019185304641723633e+00 5.962733626365661621e-01 -2.742634415626525879e-01 -1.441533267498016357e-01 2.844240963459014893e-01 1.254442185163497925e-01 -4.751308262348175049e-01 -1.543982326984405518e-01 -3.562980890274047852e-01 -5.343238711357116699e-01 -8.110252767801284790e-02 5.524579286575317383e-01 2.210649698972702026e-01 1.096944697201251984e-02 2.226440459489822388e-01 -4.881260544061660767e-02 1.593672856688499451e-02 1.669539324939250946e-02 -7.338774204254150391e-02 2.555113434791564941e-01 4.090344905853271484e-01 4.100289344787597656e-01 2.167511731386184692e-01 3.896312713623046875e-01 -4.350508749485015869e-01 -6.442188024520874023e-01 -1.116365432739257812e+00 4.777907133102416992e-01 3.782379329204559326e-01 -1.521572172641754150e-01 -2.369034476578235626e-02 -1.574485301971435547e-01 -4.016879796981811523e-01 -4.402589797973632812e-02 -5.584532618522644043e-01 -2.141519784927368164e-01 -2.535800337791442871e-01 -4.570590257644653320e-01 5.384637117385864258e-01 5.450161695480346680e-01 -5.060669779777526855e-01 2.094067782163619995e-01 1.429515033960342407e-01 -3.761256635189056396e-01 -9.945763945579528809e-01 3.535458445549011230e-01 -1.451989650726318359e+00 -4.346219897270202637e-01 -1.654549539089202881e-01 -9.928145259618759155e-02
3.607262670993804932e-01 -1.401851773262023926e-01 5.513302087783813477e-01 2.470677047967910767e-01 5.993429422378540039e-01 -1.701662689447402954e-01 -1.670494526624679565e-01 -7.242880761623382568e-02 -4.328584074974060059e-01 3.850197792053222656e-01 5.000144243240356445e-01 -8.398724347352981567e-02 -3.733395040035247803e-01 -3.462238013744354248e-01 4.057875573635101318e-01 7.804970741271972656e-01 1.561410129070281982e-01 5.478505492210388184e-01 8.332228064537048340e-01 2.508149445056915283e-01 7.163639068603515625e-01 9.290012717247009277e-01 5.290085077285766602e-01 -5.083071589469909668e-01 -2.379852980375289917e-01 3.959744572639465332e-01 -3.135941922664642334e-01 -2.391420006752014160e-01 6.031219959259033203e-01 -5.831580609083175659e-02 -3.068632185459136963e-01 5.824835896492004395e-01 -2.012950181961059570e-01 6.982835531234741211e-01 -2.019549906253814697e-01 4.458139836788177490e-01 2.373359352350234985e-01 -5.596418976783752441e-01 -1.287493407726287842e-01 1.309109926223754883e-01 -1.203370392322540283e-01 3.242441415786743164e-01 2.282203584909439087e-01 -5.568215847015380859e-01 1.914166510105133057e-01 -5.071991682052612305e-01 -1.774363368749618530e-01 -1.634785979986190796e-01 -4.902665615081787109e-01 8.655761480331420898e-01 -3.552381992340087891e-01 -1.544213294982910156e-01 -1.677362322807312012e-01 5.534089803695678711e-01 3.032918572425842285e-01 -8.887508511543273926e-01 -5.922432541847229004e-01 -3.984564542770385742e-01 -3.300614953041076660e-01 5.211899876594543457e-01 -4.629089236259460449e-01 -2.436014115810394287e-01 2.469616979360580444e-01 2.837952673435211182e-01
4.525328576564788818e-01 4.566600173711776733e-02 -7.806377857923507690e-02 2.305292524397373199e-03 8.590016961097717285e-01 2.139839157462120056e-02 5.919258594512939453e-01 4.981170296669006348e-01 -5.340252518653869629e-01 6.572013497352600098e-01 -4.730974882841110229e-02 -5.854994654655456543e-01 -7.443640232086181641e-01 -5.309725552797317505e-02 9.756004214286804199e-01 4.524831175804138184e-01 7.410986423492431641e-01 7.883671671152114868e-03 -5.252544879913330078e-01 4.893268644809722900e-01 -6.583604216575622559e-01 -4.115166608244180679e-03 3.969006836414337158e-01 -9.247186183929443359e-01 -8.184146285057067871e-01 -5.654752254486083984e-02 -1.328107118606567383e-01 2.356753647327423096e-01 -2.953857779502868652e-01 1.837149821221828461e-02 -1.968073397874832153e-01 -2.651011645793914795e-01 8.608242869377136230e-02 6.221121549606323242e-01 -1.245716959238052368e-01 2.821519374847412109e-01 -1.244404390454292297e-01 7.713903486728668213e-02 -6.744450330734252930e-01 -7.913021743297576904e-02 -4.113616645336151123e-01 -2.494657635688781738e-01 5.384717509150505066e-02 2.480670064687728882e-01 1.266933679580688477e+00 -1.478883624076843262e-01 -3.212389051914215088e-01 5.184378027915954590e-01 -6.875533461570739746e-01 2.896423637866973877e-01 3.312435448169708252e-01 -7.797335982322692871e-01 1.042178422212600708e-01 3.392653763294219971e-01 -2.229930609464645386e-01 1.013247013092041016e+00 3.193082213401794434e-01 -3.917909264564514160e-01 6.887043118476867676e-01 2.942511737346649170e-01 -8.103811740875244141e-01 -1.456944197416305542e-01 -1.523552238941192627e-01 2.961741685867309570e-01
-4.857055842876434326e-02 -1.187151551246643066e+00 5.382791161537170410e-01 2.695896625518798828e-01 2.303287386894226074e-01 -4.009147882461547852e-01 -2.833582758903503418e-01 -2.348455488681793213e-01 -3.595187067985534668e-01 -4.001424610614776611e-01 -6.445320844650268555e-01 -8.490273356437683105e-01 -3.379644751548767090e-01 -2.618753910064697266e-01 5.150105357170104980e-01 -8.500872552394866943e-02 6.747733056545257568e-02 4.206118881702423096e-01 -9.689326584339141846e-02 3.198250234127044678e-01 9.768115878105163574e-01 5.690227746963500977e-01 4.997502863407135010e-01 4.069234430789947510e-02 -1.624717563390731812e-01 3.862186968326568604e-01 -1.819330006837844849e-01 5.667785927653312683e-02 2.992957830429077148e-01 2.538149356842041016e-01 2.358700521290302277e-02 4.206571280956268311e-01 -2.743951380252838135e-01 -9.656610339879989624e-02 9.296418428421020508e-01 -5.385148525238037109e-01 -2.238879911601543427e-02 -4.985702633857727051e-01 -4.328956604003906250e-01 -6.333573907613754272e-02 1.030245944857597351e-01 4.612330794334411621e-01 1.208394244313240051e-01 -5.043264478445053101e-02 1.320159435272216797e+00 3.333198651671409607e-02 -9.300054050981998444e-03 3.403280675411224365e-01 -3.003371953964233398e-01 -9.409866482019424438e-02 -4.354422092437744141e-01 3.585014045238494873e-01 3.005914092063903809e-01 1.130959749221801758e+00 3.475274741649627686e-01 8.077591657638549805e-01 4.385377466678619385e-01 -4.338046908378601074e-01 3.285193443298339844e-02 6.715951859951019287e-02 -1.366530537605285645e+00 8.904549479484558105e-02 1.601844280958175659e-01 2.581523358821868896e-01
-1.364790946245193481e-01 -2.330998331308364868e-01 3.221554756164550781e-01 8.418927192687988281e-01 -4.357064068317413330e-01 -7.436171919107437134e-02 8.459813892841339111e-02 -1.607164591550827026e-01 -6.665374636650085449e-01 -4.491079226136207581e-02 2.807436287403106689e-01 -5.995966196060180664e-01 -5.095503330230712891e-01 -4.646117612719535828e-02 6.561173200607299805e-01 4.513420462608337402e-01 5.065882951021194458e-02 -2.156352438032627106e-02 -6.233384013175964355e-01 -1.296246703714132309e-02 1.643272191286087036e-01 6.243908405303955078e-01 -1.049238890409469604e-01 -2.792493999004364014e-01 5.659013614058494568e-02 5.289574861526489258e-01 -4.245647788047790527e-01 -1.602728217840194702e-01 5.175178647041320801e-01 -1.056104183197021484e+00 -9.378354996442794800e-02 -2.852386832237243652e-01 -3.039793074131011963e-01 -2.997882068157196045e-01 -3.895525038242340088e-01 -3.395439982414245605e-01 -1.320989429950714111e-01 1.548421680927276611e-01 -3.916484713554382324e-01 8.071148395538330078e-01 -3.296060860157012939e-01 -3.995125591754913330e-01 2.874102592468261719e-01 8.434896916151046753e-02 1.834940165281295776e-01 2.547858357429504395e-01 -1.318956818431615829e-02 2.801379859447479248e-01 -5.683697294443845749e-03 7.169833779335021973e-01 -1.436682045459747314e-01 8.027537465095520020e-01 6.391812562942504883e-01 5.329882502555847168e-01 8.326587826013565063e-02 8.191606998443603516e-01 -8.218945264816284180e-01 -4.274596273899078369e-01 -8.091304451227188110e-02 9.784528017044067383e-01 1.068260520696640015e-01 -6.275384426116943359e-01 -3.372064530849456787e-01 4.062080681324005127e-01
8.655409216880798340e-01 -6.869721412658691406e-01 -4.838745594024658203e-01 6.269047856330871582e-01 2.094521224498748779e-01 -1.919847726821899414e-01 8.509429544210433960e-02 -6.255094707012176514e-02 -3.287293016910552979e-01 7.723777890205383301e-01 4.063488543033599854e-01 -2.131793648004531860e-01 -2.687900960445404053e-01 -5.863167643547058105e-01 3.226622045040130615e-01 -6.554556638002395630e-02 -4.439242482185363770e-01 5.558885335922241211e-01 6.947565674781799316e-01 6.134839653968811035e-01 2.412181347608566284e-01 5.187070965766906738e-01 7.516819834709167480e-01 6.720745563507080078e-02 -9.258151799440383911e-02 8.943284153938293457e-01 -7.037262320518493652e-01 -4.427254796028137207e-01 5.494617223739624023e-01 -2.521811127662658691e-01 3.818041831254959106e-02 2.056559920310974121e-01 1.873359978199005127e-01 8.310772180557250977e-01 -2.304147034883499146e-01 1.978751122951507568e-01 3.786422014236450195e-01 -3.525868654251098633e-01 -3.421185910701751709e-01 1.806065738201141357e-01 1.447156965732574463e-01 -1.450524777173995972e-01 -3.745193183422088623e-01 -4.959327578544616699e-01 6.600932478904724121e-01 -3.456511795520782471e-01 -4.949924051761627197e-01 -2.806639485061168671e-02 -6.831584572792053223e-01 3.556833565235137939e-01 6.026856601238250732e-02 1.947090774774551392e-01 -4.170456156134605408e-02 5.740973353385925293e-01 5.276716351509094238e-01 -5.431731939315795898e-01 -2.079614102840423584e-01 -5.486088991165161133e-01 8.833271451294422150e-03 5.577378273010253906e-01 -4.242211878299713135e-01 -2.335912734270095825e-01 6.030573844909667969e-01 2.016840428113937378e-01
3.987763524055480957e-01 -5.060741305351257324e-01 -9.983741492033004761e-02 4.754899069666862488e-02 4.648878872394561768e-01 9.454336166381835938e-01 -2.163215279579162598e-01 8.421119302511215210e-02 -4.332413077354431152e-01 -5.386944413185119629e-01 9.239395149052143097e-03 -3.389796018600463867e-01 -6.566956639289855957e-01 -1.034509897232055664e+00 3.664329648017883301e-01 9.711105227470397949e-01 2.701779007911682129e-01 -7.683671116828918457e-01 -2.060106098651885986e-01 3.778022825717926025e-01 2.898897826671600342e-01 3.808170855045318604e-01 -1.333581507205963135e-01 -2.090471833944320679e-01 -3.533095717430114746e-01 8.265740275382995605e-01 -1.105687975883483887e+00 -1.668794602155685425e-01 5.094519257545471191e-01 -2.049371451139450073e-01 3.426225185394287109e-01 -3.212092816829681396e-01 -6.836054921150207520e-01 -6.843542307615280151e-02 3.436343073844909668e-01 3.495201766490936279e-01 -2.364151030778884888e-01 -2.303614765405654907e-01 3.731362223625183105e-01 8.039695620536804199e-01 -3.302220106124877930e-01 -1.666619032621383667e-01 -1.262156963348388672e-01 8.338831663131713867e-01 8.946593999862670898e-01 -6.157646421343088150e-03 5.969383195042610168e-02 -4.292824566364288330e-01 -3.339517116546630859e-01 2.972758114337921143e-01 -3.095691800117492676e-01 4.116600453853607178e-01 5.243269205093383789e-01 6.472540497779846191e-01 4.561560153961181641e-01 3.659906387329101562e-01 -4.234427809715270996e-01 2.693024873733520508e-01 -9.917997717857360840e-01 8.975508064031600952e-02 -9.583939909934997559e-01 2.281470037996768951e-02 1.235734939575195312e+00 8.983874320983886719e-02
3.248834609985351562e-01 -8.302875757217407227e-01 2.670100033283233643e-01 4.852162003517150879e-01 1.680828928947448730e-01 -5.614225938916206360e-02 -4.044448956847190857e-02 -5.569752454757690430e-01 -1.011909604072570801e+00 6.733153946697711945e-03 -4.466691017150878906e-01 -7.909510731697082520e-01 5.966603159904479980e-01 -4.200792312622070312e-01 1.063679456710815430e+00 -3.267581760883331299e-02 -5.407025814056396484e-01 3.097758889198303223e-01 8.309493064880371094e-01 6.327173709869384766e-01 -5.816052556037902832e-01 1.417498111724853516e+00 -2.180559635162353516e-01 -3.728769421577453613e-01 -9.009976387023925781e-01 9.882762432098388672e-01 -8.116206526756286621e-02 1.039642319083213806e-01 1.687229424715042114e-01 -1.968538612127304077e-01 2.799965739250183105e-01 -8.655272126197814941e-01 -3.955884873867034912e-01 -7.189425230026245117e-01 7.443226575851440430e-01 -3.966853022575378418e-01 -1.541396677494049072e-01 -1.036411672830581665e-01 5.567456483840942383e-01 6.489145159721374512e-01 -7.691746950149536133e-01 -4.036668837070465088e-01 4.708723723888397217e-01 -5.341295599937438965e-01 1.215146422386169434e+00 -4.335799813270568848e-01 -5.130998045206069946e-02 -2.500600516796112061e-01 6.362532377243041992e-01 5.909418463706970215e-01 2.373337596654891968e-01 -1.776127815246582031e-01 -1.514951139688491821e-01 4.503619074821472168e-01 1.718190163373947144e-01 -1.037915721535682678e-01 -2.784212827682495117e-01 8.129817992448806763e-02 -3.713261187076568604e-01 2.246235162019729614e-01 -1.193943023681640625e+00 -5.323472023010253906e-01 2.004995644092559814e-01 -3.635437190532684326e-01
1.437853723764419556e-01 4.690747261047363281e-01 -7.543081045150756836e-01 5.109727382659912109e-01 6.560895442962646484e-01 -4.277098178863525391e-02 5.063354969024658203e-01 -2.095273137092590332e-01 -1.599167734384536743e-01 5.030316710472106934e-01 -3.674356043338775635e-01 -6.876394152641296387e-01 2.533682063221931458e-02 1.974737048149108887e-01 7.924295663833618164e-01 8.320499658584594727e-01 -2.273453176021575928e-01 -5.678573846817016602e-01 3.879456520080566406e-01 2.821030914783477783e-01 1.413796246051788330e-01 -3.029521182179450989e-02 3.347055613994598389e-02 -4.976499378681182861e-01 -7.025401592254638672e-01 3.983674049377441406e-01 -6.013787165284156799e-02 5.324608087539672852e-01 -7.311104238033294678e-02 -6.858058273792266846e-02 2.976986467838287354e-01 -7.434737682342529297e-01 -2.997309267520904541e-01 5.268123745918273926e-01 2.326105535030364990e-01 5.654528737068176270e-01 2.619993388652801514e-01 3.000262007117271423e-02 -4.166776537895202637e-01 5.444426536560058594e-01 -7.188555598258972168e-01 4.401746392250061035e-01 -1.885122656822204590e-01 5.096026062965393066e-01 4.942088127136230469e-01 -3.220702409744262695e-01 -6.024456620216369629e-01 1.126651093363761902e-01 -4.437373578548431396e-01 2.608614265918731689e-01 -1.686652749776840210e-01 -4.322033524513244629e-01 4.136014580726623535e-01 -9.220526367425918579e-02 -9.997908771038055420e-02 5.343891978263854980e-01 1.382967531681060791e-01 -2.480473071336746216e-01 -2.593005299568176270e-01 -3.023595921695232391e-02 -1.152768850326538086e+00 -2.537308931350708008e-01 -2.030483186244964600e-01 4.856008589267730713e-01
8.429940342903137207e-01 2.717510461807250977e-01 -1.396842747926712036e-01 -8.495137840509414673e-02 2.835371196269989014e-01 -2.553952932357788086e-01 8.205092549324035645e-01 -2.536330521106719971e-01 -6.615914106369018555e-01 1.190081313252449036e-01 2.493684887886047363e-01 -7.723733782768249512e-01 4.504260048270225525e-02 -2.256589382886886597e-01 1.320225119590759277e+00 4.004816114902496338e-01 -1.057461183518171310e-02 -5.369827747344970703e-01 6.446435451507568359e-01 2.919231653213500977e-01 -3.222539424896240234e-01 3.210617601871490479e-01 3.138037919998168945e-01 -8.711138367652893066e-01 -3.296040296554565430e-01 7.236431837081909180e-01 -3.379340469837188721e-01 8.515806794166564941e-01 1.004986763000488281e-01 1.576923429965972900e-01 -5.865913033485412598e-01 3.968911468982696533e-01 -2.242529839277267456e-01 -1.819736510515213013e-01 -3.649952411651611328e-01 -1.799363642930984497e-02 -3.019786179065704346e-01 -2.018550634384155273e-01 -2.937136292457580566e-01 -6.252681612968444824e-01 -1.001132726669311523e-01 3.129473924636840820e-01 -1.938697248697280884e-01 -2.403966039419174194e-01 1.194732785224914551e-01 1.266085803508758545e-01 9.498514980077743530e-02 2.901638150215148926e-01 5.701310187578201294e-02 5.292281508445739746e-01 -2.019826322793960571e-01 -4.499888122081756592e-01 -7.159601897001266479e-03 -2.173071494325995445e-03 -2.235493659973144531e-01 8.529120087623596191e-01 -1.030640751123428345e-01 -7.563315033912658691e-01 -2.129877507686614990e-01 -6.670481711626052856e-02 -6.746160984039306641e-01 4.030067920684814453e-01 2.173717021942138672e-01 -5.718640238046646118e-02
-2.972792647778987885e-02 -1.389308452606201172e+00 -4.091512784361839294e-02 7.580642700195312500e-01 5.720487236976623535e-01 -6.634593605995178223e-01 1.094975844025611877e-01 -8.481406420469284058e-02 -8.084242939949035645e-01 -4.235050082206726074e-01 -1.698403507471084595e-01 -5.102871656417846680e-01 -7.490481138229370117e-01 6.787623465061187744e-02 1.130470037460327148e+00 -5.497096106410026550e-02 -6.708515882492065430e-01 3.422895073890686035e-01 8.231094479560852051e-02 2.394168674945831299e-01 2.490481585264205933e-01 3.957463800907135010e-01 -6.471557021141052246e-01 -6.478288769721984863e-02 5.302990078926086426e-01 9.494236111640930176e-02 -1.306797266006469727e+00 -1.676263511180877686e-01 6.145221590995788574e-01 4.079093337059020996e-01 -2.741084992885589600e-02 4.602296352386474609e-01 -2.344654649496078491e-01 -6.095723509788513184e-01 3.642070591449737549e-01 4.522849619388580322e-01 -3.512601852416992188e-01 -6.064273118972778320e-01 -4.609590768814086914e-01 2.522229552268981934e-01 -5.401256084442138672e-01 -3.240944743156433105e-01 1.602414846420288086e-01 -2.227141559123992920e-01 7.820412516593933105e-01 1.935029774904251099e-01 6.483852863311767578e-01 -1.547373086214065552e-01 -6.814177036285400391e-01 7.489058375358581543e-01 1.348010748624801636e-01 8.206921815872192383e-02 1.033021926879882812e+00 4.040967673063278198e-02 1.770356893539428711e-01 8.012073040008544922e-01 2.658022046089172363e-01 2.701897621154785156e-01 1.448803246021270752e-01 3.352154195308685303e-01 -4.402892291545867920e-01 -2.391420602798461914e-01 -4.411611706018447876e-03 -3.195077180862426758e-01
-6.053311228752136230e-01 -7.067911624908447266e-01 2.565191388130187988e-01 6.448327302932739258e-01 7.599397897720336914e-01 -3.219700753688812256e-01 4.103375673294067383e-01 -4.814055860042572021e-01 -8.711807727813720703e-01 -5.893827676773071289e-01 -3.160330951213836670e-01 2.719479203224182129e-01 -6.129932999610900879e-01 -1.754204034805297852e-01 8.876222968101501465e-01 9.858263731002807617e-01 -6.858634352684020996e-01 7.217890769243240356e-02 7.548795342445373535e-01 5.512539148330688477e-01 5.458075553178787231e-03 6.849586963653564453e-02 4.567050337791442871e-01 -4.870330095291137695e-01 1.505023241043090820e-01 3.674826025962829590e-01 -7.478208541870117188e-01 -4.590804576873779297e-01 3.314357697963714600e-01 -2.269510030746459961e-01 3.501562178134918213e-01 -2.116722464561462402e-01 -4.982419013977050781e-01 -3.713572025299072266e-01 4.321017265319824219e-01 2.691334187984466553e-01 -3.042087554931640625e-01 5.475621223449707031e-01 -2.000574916601181030e-01 3.488349020481109619e-01 5.091654658317565918e-01 1.292289346456527710e-01 1.949798166751861572e-01 -2.359340488910675049e-01 8.271219134330749512e-01 -7.717712968587875366e-02 4.207823872566223145e-01 -1.576602756977081299e-01 2.719275467097759247e-02 9.233422279357910156e-01 -3.686287999153137207e-01 -2.755687758326530457e-02 2.781766951084136963e-01 1.005871966481208801e-01 5.782797932624816895e-01 1.126054286956787109e+00 -1.382928490638732910e-01 3.260485529899597168e-01 -2.547889649868011475e-01 1.191284179687500000e+00 -9.212631583213806152e-01 -7.442972660064697266e-01 -2.294404208660125732e-01 -8.618006706237792969e-01
7.194610238075256348e-01 1.708104759454727173e-01 -1.946160197257995605e-01 5.644878745079040527e-01 1.995739936828613281e-01 -2.081729024648666382e-01 6.600452661514282227e-01 -1.983348876237869263e-01 -6.359481811523437500e-01 5.097628384828567505e-02 -5.673911422491073608e-02 -2.624012827873229980e-01 -5.330834388732910156e-01 -1.914613321423530579e-02 4.216950535774230957e-01 7.641773819923400879e-01 -8.835574239492416382e-02 -5.261489748954772949e-01 -6.884319335222244263e-02 -5.890747706871479750e-05 -8.710240125656127930e-01 -2.091257274150848389e-01 1.614821404218673706e-01 -1.018168926239013672e+00 -2.114446163177490234e-01 2.419741265475749969e-02 -1.944729536771774292e-01 8.430600166320800781e-01 5.423519015312194824e-01 2.324434369802474976e-01 -1.265983283519744873e-01 -4.145998060703277588e-01 8.044391125440597534e-02 3.605402410030364990e-01 -1.385182887315750122e-01 2.893781848251819611e-02 -4.253549873828887939e-01 -5.124968290328979492e-01 -3.806632757186889648e-01 -3.435935676097869873e-01 -4.026704430580139160e-01 -1.723706871271133423e-01 -2.996574938297271729e-01 -1.600489914417266846e-01 4.275954067707061768e-01 -3.376984596252441406e-01 -8.146836757659912109e-01 5.856894254684448242e-01 3.638255596160888672e-01 5.204138159751892090e-01 3.119760751724243164e-01 -7.084132432937622070e-01 3.227949142456054688e-01 -1.455685943365097046e-01 -2.355863749980926514e-01 1.081019759178161621e+00 -5.621423944830894470e-02 -1.910249143838882446e-01 -3.311085999011993408e-01 -2.051255851984024048e-01 -6.793330311775207520e-01 -2.328728735446929932e-01 2.246261984109878540e-01 3.266956508159637451e-01
5.553188920021057129e-01 7.707101106643676758e-02 -4.770661890506744385e-02 -2.816078662872314453e-01 1.282080113887786865e-01 -6.294044256210327148e-01 -3.791787028312683105e-01 2.024864405393600464e-01 -6.413068175315856934e-01 7.338179647922515869e-02 1.405651450157165527e+00 -1.051952600479125977e+00 -4.731987714767456055e-01 -4.050854444503784180e-01 4.308828413486480713e-01 4.611830115318298340e-01 -3.840102851390838623e-01 3.189032524824142456e-02 2.750878930091857910e-01 1.689907461404800415e-01 -2.684407532215118408e-01 1.300744116306304932e-01 1.213758513331413269e-01 -3.893927931785583496e-01 1.144260540604591370e-01 6.215669512748718262e-01 -6.948429346084594727e-02 1.238004565238952637e-01 -1.319276541471481323e-01 3.874484896659851074e-01 -8.555062860250473022e-02 -5.278361439704895020e-01 -5.157672762870788574e-01 -3.542531430721282959e-01 4.621469974517822266e-01 1.932788342237472534e-01 -6.505858898162841797e-01 -3.621126413345336914e-01 3.904465734958648682e-01 -2.861814498901367188e-01 -3.095506131649017334e-01 4.583182930946350098e-01 2.210680097341537476e-01 2.013633698225021362e-01 7.203111648559570312e-01 5.297992825508117676e-01 -1.154756844043731689e-01 6.463874578475952148e-01 2.479854077100753784e-01 1.096173226833343506e-01 1.179154217243194580e-01 -5.064190030097961426e-01 9.182740449905395508e-01 3.402494192123413086e-01 7.461962699890136719e-01 4.275352656841278076e-01 1.246112585067749023e-01 -2.250515371561050415e-01 -1.936996430158615112e-01 4.885822236537933350e-01 -2.298312336206436157e-01 -5.734680294990539551e-01 4.473195374011993408e-01 -6.032404899597167969e-01
2.776729166507720947e-01 -4.726245999336242676e-01 4.163781926035881042e-02 -3.797201514244079590e-01 2.243043482303619385e-01 6.113257408142089844e-01 -5.333628654479980469e-01 -7.420839667320251465e-01 -6.696332097053527832e-01 -4.839763641357421875e-01 2.796829938888549805e-01 -4.862848818302154541e-01 -1.202270269393920898e+00 -6.749694943428039551e-01 2.237766981124877930e-01 9.944625198841094971e-02 1.224682554602622986e-01 -5.606808066368103027e-01 -4.271351546049118042e-02 4.350531846284866333e-02 -1.572406888008117676e-01 9.496096372604370117e-01 -2.249868027865886688e-02 -4.551995694637298584e-01 -4.016809463500976562e-01 5.879261493682861328e-01 -6.390920281410217285e-01 -7.810246199369430542e-02 2.686782777309417725e-01 -7.733815908432006836e-01 -4.353362321853637695e-01 -7.217866778373718262e-01 -1.194954589009284973e-01 -5.419960618019104004e-01 8.184074610471725464e-02 3.659778460860252380e-02 -5.753803625702857971e-02 3.768098950386047363e-01 -1.624675393104553223e-01 2.809938192367553711e-01 -1.097551062703132629e-01 -2.636922597885131836e-01 2.656610496342182159e-02 5.701262354850769043e-01 5.632466673851013184e-01 -6.135907955467700958e-03 1.942736655473709106e-01 -7.029485106468200684e-01 -5.648033022880554199e-01 1.922701746225357056e-01 -2.953666448593139648e-01 1.064810007810592651e-01 3.336066603660583496e-01 4.875969290733337402e-01 -1.533118486404418945e-01 6.267858147621154785e-01 -5.468502640724182129e-01 3.936848342418670654e-01 -5.350157022476196289e-01 4.800917208194732666e-01 -3.819365501403808594e-01 -2.487475574016571045e-01 9.501760601997375488e-01 4.793163836002349854e-01
1.030726879835128784e-01 -3.735457360744476318e-01 1.394472122192382812e-01 -1.534209959208965302e-02 2.454055994749069214e-01 3.892626166343688965e-01 -3.921460509300231934e-01 -9.073492884635925293e-01 -5.915704369544982910e-01 -2.359591275453567505e-01 7.704677581787109375e-01 -4.327300786972045898e-01 -6.573869585990905762e-01 2.397380024194717407e-01 -1.205046474933624268e-01 -2.310585975646972656e-01 3.858180046081542969e-01 -8.381049633026123047e-01 -1.413754075765609741e-01 -3.254293203353881836e-01 -1.453345119953155518e-01 7.773200273513793945e-01 1.590144783258438110e-01 -9.076166152954101562e-01 -3.411510959267616272e-02 5.523874163627624512e-01 -8.501233458518981934e-01 5.013659000396728516e-01 -2.966715693473815918e-01 -8.566229939460754395e-01 -1.077984943985939026e-01 -5.810613036155700684e-01 -8.279336988925933838e-02 -2.779260836541652679e-02 2.777903974056243896e-01 -4.020608365535736084e-01 2.603585459291934967e-02 -3.055205801501870155e-03 -6.963196396827697754e-01 1.123490408062934875e-01 -7.502562552690505981e-02 -4.149751365184783936e-01 1.637035310268402100e-01 1.824815422296524048e-01 4.434553086757659912e-01 -1.773398742079734802e-02 -1.294378638267517090e-01 -1.642867624759674072e-01 -4.117008745670318604e-01 4.700870215892791748e-01 -2.471179068088531494e-01 -1.189411953091621399e-01 4.302435219287872314e-01 5.164178013801574707e-01 -9.674669802188873291e-02 7.304419279098510742e-01 -4.576835036277770996e-01 -1.898253560066223145e-01 -3.683304190635681152e-01 4.633218944072723389e-01 -1.069695968180894852e-02 -8.537008762359619141e-01 4.108419716358184814e-01 5.125160217285156250e-01
6.114087104797363281e-01 -2.360272407531738281e-01 4.037098884582519531e-01 3.352534770965576172e-01 3.035022616386413574e-01 -1.003410577774047852e+00 -9.969984740018844604e-02 2.711726129055023193e-01 -1.105080723762512207e+00 -2.468882352113723755e-01 1.111658811569213867e+00 -4.263930618762969971e-01 -4.545868039131164551e-01 -3.717486858367919922e-01 3.393478393554687500e-01 7.943372130393981934e-01 -1.875016838312149048e-01 2.372999042272567749e-01 -5.384434759616851807e-02 5.161784291267395020e-01 -4.651213884353637695e-01 3.471211493015289307e-01 -2.070885524153709412e-02 3.364600539207458496e-01 -3.889640271663665771e-01 8.799087405204772949e-01 -2.642102539539337158e-01 1.338513940572738647e-01 6.065833196043968201e-02 1.582801043987274170e-01 5.037395656108856201e-02 -6.738790869712829590e-01 -1.702607870101928711e-01 -7.671852409839630127e-02 8.624228090047836304e-02 -2.509311400353908539e-02 -7.087451219558715820e-02 4.496603906154632568e-01 -3.437799215316772461e-01 -1.269429475069046021e-01 2.196693569421768188e-01 2.359419465065002441e-01 -1.890115588903427124e-01 6.433901190757751465e-01 6.331164836883544922e-01 2.716483771800994873e-01 1.807144731283187866e-01 3.693203628063201904e-01 3.358084559440612793e-01 1.398756518028676510e-03 1.584755331277847290e-01 -1.046938180923461914e+00 5.863906145095825195e-01 2.327708899974822998e-01 6.443685889244079590e-01 2.962202429771423340e-01 5.960871577262878418e-01 -4.362218976020812988e-01 -4.329642355442047119e-01 2.160263061523437500e-01 5.858083441853523254e-02 -2.789948582649230957e-01 2.495077401399612427e-01 -3.655890822410583496e-01
3.033546805381774902e-01 4.449837505817413330e-01 4.063134640455245972e-02 2.882236838340759277e-01 -2.110799998044967651e-01 -1.685073077678680420e-01 -1.986407190561294556e-01 -4.558221697807312012e-01 1.563806086778640747e-01 2.829473316669464111e-01 4.213592112064361572e-01 -4.306353032588958740e-01 -4.437978565692901611e-01 -1.530730873346328735e-01 1.057922914624214172e-01 1.016452074050903320e+00 -2.217682451009750366e-02 -5.422252416610717773e-01 -4.825343936681747437e-02 2.629834413528442383e-01 1.039298847317695618e-01 1.232112720608711243e-01 2.085122019052505493e-01 -3.250049054622650146e-01 1.987031251192092896e-01 6.605312824249267578e-01 -1.443653404712677002e-01 2.188020646572113037e-01 1.799753457307815552e-01 -9.369068592786788940e-02 -9.513220936059951782e-02 -5.383280515670776367e-01 -1.883769035339355469e-01 1.509174853563308716e-01 1.881775856018066406e-01 -8.399923890829086304e-02 -1.999658942222595215e-01 1.930411756038665771e-01 -2.857404388487339020e-02 2.358588874340057373e-01 -7.539810538291931152e-01 -2.948014810681343079e-02 -2.983198761940002441e-01 -1.734654456377029419e-01 2.748422510921955109e-02 -3.429075479507446289e-01 -7.961888909339904785e-01 6.184511780738830566e-01 -6.532279253005981445e-01 3.598671555519104004e-01 -3.044036030769348145e-01 -2.831562459468841553e-01 8.253157138824462891e-01 2.003708668053150177e-02 6.234708428382873535e-01 -8.439837396144866943e-02 -8.233162164688110352e-01 2.633666433393955231e-02 -1.907303184270858765e-01 3.862015604972839355e-01 -3.054371774196624756e-01 -2.976983971893787384e-02 1.107285767793655396e-01 3.542920947074890137e-01
-1.581342965364456177e-01 -5.394213795661926270e-01 1.304235961288213730e-02 8.601365685462951660e-01 4.236862957477569580e-01 9.473568201065063477e-02 -2.680030651390552521e-02 8.781160116195678711e-01 -1.263880729675292969e+00 -6.716535687446594238e-01 4.620368480682373047e-01 -1.731416210532188416e-02 -3.454197347164154053e-01 1.037817895412445068e-01 1.798423379659652710e-01 2.063852921128273010e-02 -4.850962460041046143e-01 4.538534581661224365e-01 3.840426206588745117e-01 6.563407182693481445e-01 -4.804664552211761475e-01 -1.852413266897201538e-02 1.489279419183731079e-01 -4.533572122454643250e-02 -7.892259359359741211e-01 1.036122083663940430e+00 -3.065081834793090820e-01 8.187609165906906128e-02 2.484333366155624390e-01 -3.901844918727874756e-01 2.732821404933929443e-01 1.873567998409271240e-01 -3.872317969799041748e-01 -1.708231419324874878e-01 4.862884581089019775e-01 3.794681429862976074e-01 -8.755374550819396973e-01 4.048326611518859863e-01 9.090074896812438965e-02 5.325832869857549667e-03 4.350176081061363220e-02 -8.505076169967651367e-02 -3.386580944061279297e-01 3.867328166961669922e-01 9.688693881034851074e-01 -8.108438849449157715e-01 1.282087862491607666e-01 -7.325548529624938965e-01 -2.634713649749755859e-01 9.998880028724670410e-01 -1.905397772789001465e-01 -5.296482238918542862e-03 3.291140496730804443e-01 5.596727728843688965e-01 2.386656105518341064e-01 5.222460627555847168e-01 6.321795284748077393e-02 -8.313592672348022461e-01 2.020380496978759766e-01 1.981436610221862793e-01 -3.456114828586578369e-01 2.204655706882476807e-01 -9.285693615674972534e-02 1.819721609354019165e-01
1.690574139356613159e-01 -4.964853078126907349e-02 -3.440180420875549316e-01 4.823190569877624512e-01 8.206824213266372681e-02 -2.965804040431976318e-01 -6.069178581237792969e-01 -1.533423811197280884e-01 -3.060115873813629150e-01 3.799173608422279358e-02 8.331514000892639160e-01 -4.322556853294372559e-01 -4.052762389183044434e-01 -2.453833073377609253e-01 2.480679452419281006e-01 1.572025418281555176e-01 1.241393685340881348e-01 -7.286775708198547363e-01 5.861994624137878418e-01 1.108289361000061035e-01 9.880276024341583252e-02 5.922583937644958496e-01 -8.344455808401107788e-02 -4.796975851058959961e-01 -1.116295605897903442e-01 5.194275975227355957e-01 -1.897350512444972992e-02 6.121001243591308594e-01 2.470302134752273560e-01 8.197854757308959961e-01 -1.631786376237869263e-01 -6.854665875434875488e-01 -3.078271150588989258e-01 1.200288683176040649e-01 1.642112135887145996e-01 -4.797985851764678955e-01 -4.424334764480590820e-01 2.113952487707138062e-01 2.196212261915206909e-01 -1.662836074829101562e-01 1.918484643101692200e-02 6.149013638496398926e-01 1.670756787061691284e-01 -1.925539821386337280e-01 1.468039035797119141e+00 -9.402578324079513550e-02 1.364520937204360962e-01 2.495668530464172363e-01 5.187327861785888672e-01 4.590017199516296387e-01 2.786513864994049072e-01 -8.277313113212585449e-01 1.272595047950744629e+00 7.523480653762817383e-01 7.164024114608764648e-01 4.419086277484893799e-01 -5.011780560016632080e-02 7.390512526035308838e-02 1.889803111553192139e-01 5.881180167198181152e-01 -2.258464992046356201e-01 3.233146965503692627e-01 1.517669856548309326e-01 -2.351408451795578003e-01
8.845285326242446899e-02 2.107532471418380737e-01 -1.434056013822555542e-01 6.055690646171569824e-01 2.740979492664337158e-01 1.393156498670578003e-01 -3.987155258655548096e-01 -4.350697100162506104e-01 -1.625194102525711060e-01 4.342121183872222900e-01 -2.353887706995010376e-01 -8.180583119392395020e-01 -8.963760733604431152e-01 -5.653503537178039551e-01 3.075253069400787354e-01 1.026627659797668457e+00 2.974033355712890625e-01 2.598821520805358887e-01 6.389447301626205444e-02 5.395845174789428711e-01 4.555092751979827881e-01 3.664614856243133545e-01 1.700525730848312378e-01 -1.154021248221397400e-01 -3.723289072513580322e-01 4.529664814472198486e-01 -1.132749095559120178e-01 1.771237701177597046e-01 6.794464588165283203e-02 5.641205236315727234e-03 -1.192641034722328186e-01 -8.346263766288757324e-01 -3.208641111850738525e-01 -2.703901231288909912e-01 -8.680437505245208740e-02 -2.228502929210662842e-01 8.705648034811019897e-02 6.594953536987304688e-01 -7.454661279916763306e-02 -8.759244345128536224e-03 -5.495466589927673340e-01 2.794100902974605560e-02 -4.014028012752532959e-01 -3.674359619617462158e-02 -1.925248950719833374e-01 -3.421466946601867676e-01 -6.003404855728149414e-01 -5.478600412607192993e-02 -1.479269981384277344e+00 4.291120469570159912e-01 -4.487959444522857666e-01 6.812007725238800049e-02 9.309068322181701660e-01 -1.262086927890777588e-01 4.186781942844390869e-01 1.474435776472091675e-01 -9.220885038375854492e-01 5.610339716076850891e-02 -3.251256644725799561e-01 1.377043426036834717e-01 -4.891283810138702393e-01 -1.118793115019798279e-01 1.854213178157806396e-01 3.418421149253845215e-01
5.307599306106567383e-01 -3.270643055438995361e-01 3.976086080074310303e-01 1.451417058706283569e-01 3.463437855243682861e-01 -3.414861857891082764e-01 -3.956804275512695312e-01 3.358124196529388428e-01 -4.926412105560302734e-01 1.372554451227188110e-01 8.302668333053588867e-01 -9.986522197723388672e-01 -7.609942555427551270e-01 1.766998171806335449e-01 4.525502622127532959e-01 1.047159433364868164e+00 -4.747117757797241211e-01 -2.577202916145324707e-01 -4.862287268042564392e-02 -1.642328351736068726e-01 -7.358300089836120605e-01 7.235012054443359375e-01 2.643966488540172577e-02 -4.742044508457183838e-01 1.900703907012939453e-01 4.730720221996307373e-01 3.710959851741790771e-02 2.875630557537078857e-01 -4.519025236368179321e-02 2.505799233913421631e-01 -1.375983655452728271e-01 -4.402916133403778076e-01 -6.136019229888916016e-01 2.035384625196456909e-02 6.054195761680603027e-01 -4.273940995335578918e-02 -6.832461953163146973e-01 1.747356951236724854e-01 2.075130939483642578e-01 -1.974190771579742432e-01 6.530629098415374756e-02 1.036117225885391235e-01 -3.546334803104400635e-01 1.482151746749877930e-01 6.418548226356506348e-01 6.207254156470298767e-02 -2.777152955532073975e-01 4.377278685569763184e-01 3.325258493423461914e-01 1.393421739339828491e-01 1.473679095506668091e-01 -1.036372065544128418e+00 1.858908236026763916e-01 3.016390800476074219e-01 7.381422519683837891e-01 3.369063138961791992e-01 -3.870170935988426208e-02 -3.656004667282104492e-01 -1.313073337078094482e-01 3.387088179588317871e-01 -1.649015098810195923e-01 5.529222488403320312e-01 1.562620550394058228e-01 -4.303595423698425293e-01
2.485020011663436890e-01 -4.197686016559600830e-01 1.249157823622226715e-03 -2.620530724525451660e-01 4.551282152533531189e-02 5.911376476287841797e-01 -3.540159761905670166e-01 -1.070089578628540039e+00 -7.474897503852844238e-01 -4.712560772895812988e-01 4.997190535068511963e-01 -4.659117460250854492e-01 -7.721098065376281738e-01 -3.550803065299987793e-01 2.469331920146942139e-01 4.091780167073011398e-03 2.606386244297027588e-01 -5.921831130981445312e-01 -2.129738777875900269e-01 -2.700640261173248291e-01 -3.233525156974792480e-01 1.261261582374572754e+00 3.474056348204612732e-02 -6.425322890281677246e-01 -4.736839532852172852e-01 5.626060962677001953e-01 -8.445784449577331543e-01 -9.020490199327468872e-02 2.292508631944656372e-01 -8.772316575050354004e-01 -1.164911389350891113e-01 -2.865267992019653320e-01 -1.299387216567993164e-01 -2.626149654388427734e-01 2.912147045135498047e-01 -9.946837276220321655e-02 -2.695983052253723145e-01 1.183459460735321045e-01 -7.661435008049011230e-01 5.174766853451728821e-02 7.610487937927246094e-02 1.007547602057456970e-01 5.644370801746845245e-03 5.612172484397888184e-01 9.235326051712036133e-01 2.274694442749023438e-01 1.362423002719879150e-01 -4.326793253421783447e-01 -5.754381418228149414e-01 1.681112945079803467e-01 -1.449718326330184937e-01 -1.010702028870582581e-01 4.392504692077636719e-01 3.565291762351989746e-01 -4.472866356372833252e-01 3.313100636005401611e-01 -2.772707939147949219e-01 1.189717650413513184e-01 -3.905396163463592529e-01 7.258284687995910645e-01 -8.644377440214157104e-02 -5.985963940620422363e-01 5.983185172080993652e-01 5.086170434951782227e-01
6.224061250686645508e-01 -1.236913576722145081e-01 1.352487783879041672e-02 -1.565440744161605835e-01 1.601611673831939697e-01 -5.300298929214477539e-01 -4.150250852108001709e-01 2.910840511322021484e-01 -7.269285321235656738e-01 3.568117916584014893e-01 1.275470376014709473e+00 -1.012437343597412109e+00 -3.845136761665344238e-01 -2.536444365978240967e-01 5.814304947853088379e-01 8.837340474128723145e-01 -2.207282483577728271e-01 -5.834037065505981445e-02 8.730827271938323975e-02 -4.367199540138244629e-01 -4.649366140365600586e-01 3.198601603507995605e-01 -4.492220282554626465e-02 -2.745274305343627930e-01 2.923108041286468506e-01 4.644550383090972900e-01 -7.601728290319442749e-02 1.539871692657470703e-01 2.947317995131015778e-02 2.762480080127716064e-01 -7.392533868551254272e-02 -4.882718622684478760e-01 -5.384551286697387695e-01 -1.051270365715026855e-01 7.915673255920410156e-01 1.501342952251434326e-01 -6.991744637489318848e-01 -4.005927741527557373e-01 2.782597243785858154e-01 -1.358359903097152710e-01 -8.253836631774902344e-02 2.600809931755065918e-01 -2.479688972234725952e-01 4.116855263710021973e-01 8.562261462211608887e-01 4.379677474498748779e-01 -1.824469566345214844e-01 7.515103220939636230e-01 3.019865453243255615e-01 2.165885567665100098e-01 9.145092964172363281e-02 -5.448013544082641602e-01 4.455048143863677979e-01 2.132836878299713135e-01 7.814259529113769531e-01 3.738869726657867432e-01 -3.113402426242828369e-01 -2.623267769813537598e-01 -1.893922686576843262e-01 3.660393357276916504e-01 -1.712784320116043091e-01 2.103440910577774048e-01 1.387587748467922211e-02 -5.511534214019775391e-01
-1.269119679927825928e-01 -5.860953405499458313e-02 1.209645345807075500e-01 3.788552582263946533e-01 2.906997501850128174e-01 1.778313070535659790e-01 -8.836039304733276367e-01 -3.846712708473205566e-01 -5.033927559852600098e-01 1.749292761087417603e-01 1.527402736246585846e-02 -9.027039408683776855e-01 -7.135910391807556152e-01 -4.962067902088165283e-01 7.013394832611083984e-01 9.205824732780456543e-01 -2.155214175581932068e-02 6.056923270225524902e-01 1.344602648168802261e-02 2.196822464466094971e-01 5.389252901077270508e-01 2.805652618408203125e-01 8.575317263603210449e-02 5.082622542977333069e-02 -9.269574284553527832e-01 7.192508578300476074e-01 -1.969718784093856812e-01 2.757758200168609619e-01 -2.069754004478454590e-01 -4.768345654010772705e-01 -1.412963867187500000e-01 -6.705822348594665527e-01 -1.496825963258743286e-01 -3.615947663784027100e-01 -5.602746009826660156e-01 -6.178571581840515137e-01 2.860040962696075439e-01 4.793324172496795654e-01 -1.199083253741264343e-01 5.315071940422058105e-01 -3.223584592342376709e-02 3.269360065460205078e-01 -3.792195320129394531e-01 2.866118550300598145e-01 2.140045613050460815e-01 -7.137449085712432861e-02 -4.077582061290740967e-01 -2.878876924514770508e-01 -1.097287774085998535e+00 6.457535028457641602e-01 -6.167016029357910156e-01 1.417434960603713989e-01 1.136118650436401367e+00 -6.250951439142227173e-02 6.527376174926757812e-01 7.488029599189758301e-01 -1.103348970413208008e+00 2.341676689684391022e-02 -2.089468836784362793e-01 4.682406187057495117e-01 -7.225750684738159180e-01 -1.148087307810783386e-01 6.234253048896789551e-01 3.975386917591094971e-01
1.625782810151576996e-02 -2.543362081050872803e-01 5.244601517915725708e-02 -1.419753134250640869e-01 4.012337327003479004e-01 -9.463655203580856323e-02 5.363184809684753418e-01 -8.525244593620300293e-01 -8.600646853446960449e-01 -4.133358001708984375e-01 1.802205443382263184e-01 -4.731553196907043457e-01 -7.940877676010131836e-01 8.049782365560531616e-02 1.849420219659805298e-01 4.107816517353057861e-01 8.234984427690505981e-02 -1.945102810859680176e-01 3.102159798145294189e-01 5.712968111038208008e-01 -2.842035591602325439e-01 6.362485885620117188e-01 3.713128864765167236e-01 -6.364482045173645020e-01 -6.379674673080444336e-01 5.541859865188598633e-01 -4.739149212837219238e-01 3.238916397094726562e-01 6.039546728134155273e-01 -2.033315412700176239e-02 2.190695852041244507e-01 7.453096099197864532e-03 1.722589731216430664e-01 7.149466127157211304e-02 1.914325207471847534e-01 -4.302462339401245117e-01 1.715669929981231689e-01 -3.923699259757995605e-02 -9.149682521820068359e-01 -4.857289493083953857e-01 -1.785535067319869995e-01 3.600831329822540283e-01 1.389187276363372803e-01 6.148124933242797852e-01 3.021750748157501221e-01 -1.943706721067428589e-01 2.175242602825164795e-01 -9.560173004865646362e-02 -4.821691811084747314e-01 -3.125828206539154053e-01 -8.050304055213928223e-01 -7.493591904640197754e-01 6.255184412002563477e-01 -8.663599379360675812e-03 -3.626633882522583008e-01 -4.997153878211975098e-01 -4.540158212184906006e-01 3.093924373388290405e-02 -8.197591900825500488e-01 1.836550682783126831e-01 -1.998035013675689697e-01 -3.699335455894470215e-01 -1.478993892669677734e-01 5.165252685546875000e-01
3.197099864482879639e-01 1.910249739885330200e-01 1.599728614091873169e-01 2.667348682880401611e-01 4.150209128856658936e-01 1.921376436948776245e-01 -4.823852330446243286e-02 1.482132077217102051e-01 -6.245088577270507812e-01 2.784530818462371826e-01 3.952249586582183838e-01 -7.108569741249084473e-01 -5.751044154167175293e-01 6.457660198211669922e-01 3.733008801937103271e-01 2.420811057090759277e-01 1.312294006347656250e-01 -7.273212671279907227e-01 -8.810187876224517822e-02 1.693881303071975708e-01 -2.050383090972900391e-01 1.409422308206558228e-01 3.416740298271179199e-01 -7.433297038078308105e-01 1.079212352633476257e-01 7.840581983327865601e-02 -5.864894390106201172e-01 2.816875278949737549e-01 -1.355917155742645264e-01 -3.742623031139373779e-01 2.960214912891387939e-01 -9.448533058166503906e-01 3.451102972030639648e-01 3.754509985446929932e-01 1.655631512403488159e-01 -2.944396138191223145e-01 -1.913903653621673584e-01 -2.564324438571929932e-01 -1.043390706181526184e-01 -2.283458709716796875e-01 -4.949380755424499512e-01 -1.447848528623580933e-01 1.028408050537109375e+00 2.093430459499359131e-01 7.792297601699829102e-01 -4.835016559809446335e-03 -3.189963400363922119e-01 -2.262595668435096741e-02 -1.735076904296875000e-01 7.384665012359619141e-01 2.155965715646743774e-01 4.797498509287834167e-02 -1.835788488388061523e-01 5.427474379539489746e-01 4.480894282460212708e-02 1.063824295997619629e+00 9.588320553302764893e-02 -5.832841992378234863e-01 4.944179672747850418e-03 7.591091394424438477e-01 -3.667932748794555664e-01 -3.390154540538787842e-01 8.182280510663986206e-02 -5.309445783495903015e-02
-1.686762832105159760e-02 -3.253713846206665039e-01 2.681991159915924072e-01 4.456821084022521973e-01 6.103904917836189270e-02 2.756462097167968750e-01 4.954186454415321350e-02 -2.462368458509445190e-01 -9.212116003036499023e-01 5.449047088623046875e-01 4.307521879673004150e-01 -7.965334653854370117e-01 -1.558901220560073853e-01 2.657945752143859863e-01 7.871469110250473022e-02 3.339064493775367737e-02 1.099902763962745667e-01 -8.075214624404907227e-01 9.650309383869171143e-02 -7.209248095750808716e-02 -2.518477141857147217e-01 2.526917159557342529e-01 4.156132936477661133e-01 -9.010431170463562012e-01 1.973606199026107788e-01 2.089716196060180664e-01 -5.417441129684448242e-01 4.277692735195159912e-01 -3.535814955830574036e-02 -5.623858571052551270e-01 1.881095468997955322e-01 -9.059991836547851562e-01 3.469373285770416260e-01 2.267404645681381226e-01 -5.659137293696403503e-02 -5.337139964103698730e-01 -3.709509372711181641e-01 -3.561603277921676636e-02 -5.299680233001708984e-01 1.152101531624794006e-01 -4.069574475288391113e-01 -4.304954409599304199e-01 6.006497740745544434e-01 1.544712185859680176e-01 4.693756699562072754e-01 1.532784700393676758e-01 -7.704568505287170410e-01 -3.270863369107246399e-02 -5.581815242767333984e-01 5.065870881080627441e-01 1.471340060234069824e-01 2.244806587696075439e-01 2.130614221096038818e-01 3.089720010757446289e-01 1.536363363265991211e-01 7.174355983734130859e-01 -2.641715407371520996e-01 -4.336748123168945312e-01 6.570953875780105591e-02 4.580623507499694824e-01 -2.743719518184661865e-01 -5.340261459350585938e-01 1.524996906518936157e-01 5.488061532378196716e-02
3.990003897342830896e-04 2.170030623674392700e-01 -1.458116322755813599e-01 -3.758115321397781372e-02 2.116823643445968628e-01 -8.571206778287887573e-02 5.448711514472961426e-01 1.640674322843551636e-01 -4.333958923816680908e-01 -7.102493196725845337e-02 -1.268563885241746902e-02 -7.388079762458801270e-01 -6.792225837707519531e-01 2.181918323040008545e-01 1.130934596061706543e+00 4.876759648323059082e-01 9.616358205676078796e-03 1.209030598402023315e-01 4.861576259136199951e-01 -6.235763058066368103e-02 -4.263596236705780029e-01 -6.086906418204307556e-02 -2.264448702335357666e-01 -2.572507560253143311e-01 -2.561387121677398682e-01 7.626352310180664062e-01 -2.082409709692001343e-02 7.481831908226013184e-01 2.462976872920989990e-01 -6.182078272104263306e-02 -1.072859615087509155e-01 1.442113071680068970e-01 -5.924615263938903809e-02 2.843155264854431152e-01 -3.036056756973266602e-01 2.761752307415008545e-01 3.302916884422302246e-02 -1.790125966072082520e-01 -2.220606654882431030e-01 -1.146040633320808411e-01 -7.600304484367370605e-01 2.999106645584106445e-01 3.369027078151702881e-01 -1.491338293999433517e-02 1.452873051166534424e-01 -8.745265752077102661e-02 -5.294705033302307129e-01 4.502997174859046936e-02 -3.713321685791015625e-01 -1.865579336881637573e-01 -2.247919738292694092e-01 -7.804938554763793945e-01 3.790362551808357239e-02 3.901174366474151611e-01 -6.791942715644836426e-01 2.679949104785919189e-01 6.485792994499206543e-02 -2.682912051677703857e-01 -8.576124906539916992e-01 2.392623722553253174e-01 -1.059334993362426758e+00 -3.094911575317382812e-01 2.282325364649295807e-02 -1.296888738870620728e-01
1.010773420333862305e+00 6.629980206489562988e-01 -3.377768695354461670e-01 3.613643944263458252e-01 4.145674109458923340e-01 -3.227617740631103516e-01 6.711651682853698730e-01 -1.386349499225616455e-01 -8.085038661956787109e-01 -1.038070246577262878e-01 -1.804706826806068420e-02 -2.975402772426605225e-01 -3.009468615055084229e-01 1.149272099137306213e-01 7.068685293197631836e-01 6.276597380638122559e-01 -9.650449454784393311e-02 -5.274845361709594727e-01 1.620583469048142433e-03 -8.136644214391708374e-02 -6.899290084838867188e-01 1.485088616609573364e-01 3.363685309886932373e-01 -1.105120778083801270e+00 -6.121695041656494141e-01 -1.190190091729164124e-01 -3.034545779228210449e-01 7.692097425460815430e-01 2.270642966032028198e-01 2.230011299252510071e-02 -6.627342104911804199e-02 -9.195620566606521606e-02 -1.360002607107162476e-01 1.713764518499374390e-01 -1.610791310667991638e-02 -2.300032079219818115e-01 -3.696312010288238525e-01 -2.438663691282272339e-01 -2.844519615173339844e-01 -4.538511037826538086e-01 -3.298955261707305908e-01 7.309065759181976318e-02 -9.460812807083129883e-02 -1.320240944623947144e-01 4.346891641616821289e-01 -4.645661711692810059e-01 -3.610921800136566162e-01 3.897629380226135254e-01 2.581412196159362793e-01 4.264207184314727783e-01 -7.896287739276885986e-02 -7.405624389648437500e-01 1.254988163709640503e-01 -2.004784196615219116e-01 -2.367119044065475464e-01 8.406561017036437988e-01 -3.065682053565979004e-01 -4.409954547882080078e-01 -4.340879917144775391e-01 8.808529376983642578e-02 -6.312797069549560547e-01 -2.098073959350585938e-01 8.594526350498199463e-02 1.906449794769287109e-01
2.566972672939300537e-01 3.128591477870941162e-01 -1.259588748216629028e-01 3.338558673858642578e-01 4.651134014129638672e-01 1.349641680717468262e-01 -1.346326917409896851e-01 3.192418441176414490e-02 -5.039021372795104980e-01 3.691109716892242432e-01 1.783347129821777344e-01 -7.260683774948120117e-01 -7.083594799041748047e-01 5.907527208328247070e-01 3.662602603435516357e-01 2.359242644160985947e-03 3.547623381018638611e-02 -6.554334163665771484e-01 -1.796711534261703491e-01 2.173197865486145020e-01 -2.627500295639038086e-01 2.259688675403594971e-01 1.889849156141281128e-01 -9.764511585235595703e-01 -1.561572253704071045e-01 2.198732793331146240e-01 -2.782457470893859863e-01 4.916432499885559082e-01 -7.738654315471649170e-02 -5.194646716117858887e-01 1.915970742702484131e-01 -8.956781625747680664e-01 4.157884418964385986e-01 3.591076433658599854e-01 5.465153604745864868e-02 -3.498609364032745361e-01 -4.238795638084411621e-01 -1.048608422279357910e-01 -1.737237125635147095e-01 -1.517876833677291870e-01 -3.492122590541839600e-01 -3.374800086021423340e-01 9.314279556274414062e-01 1.152914017438888550e-01 6.922693848609924316e-01 2.284418791532516479e-01 -4.336483478546142578e-01 3.575446456670761108e-02 -1.635553389787673950e-01 6.112681627273559570e-01 5.789475142955780029e-02 -5.359712243080139160e-02 -5.738564953207969666e-02 4.943170249462127686e-01 -3.281052783131599426e-02 9.584630727767944336e-01 1.307265013456344604e-01 -6.446562409400939941e-01 1.912698149681091309e-01 6.381961107254028320e-01 -4.490686655044555664e-01 -5.770311951637268066e-01 4.497804641723632812e-01 -1.538891643285751343e-01
1.624386459589004517e-01 2.313076704740524292e-01 -9.580002725124359131e-02 2.755316793918609619e-01 3.773680925369262695e-01 1.399802267551422119e-01 -6.187039613723754883e-02 9.372610598802566528e-02 -6.104730963706970215e-01 3.514192998409271240e-01 4.025518298149108887e-01 -7.949633002281188965e-01 -9.268125891685485840e-01 6.728181242942810059e-01 4.522537589073181152e-01 1.559977680444717407e-01 1.035028174519538879e-01 -6.826813817024230957e-01 -7.376241683959960938e-02 1.354971230030059814e-01 -3.686161637306213379e-01 2.165431529283523560e-01 1.732753068208694458e-01 -8.450306057929992676e-01 1.266953349113464355e-01 3.151360154151916504e-01 -4.225742816925048828e-01 2.569049894809722900e-01 -1.347969174385070801e-01 -5.971193909645080566e-01 1.858058124780654907e-01 -9.587103128433227539e-01 3.618707060813903809e-01 4.944943189620971680e-01 2.115089744329452515e-01 -3.164958059787750244e-01 -2.173518389463424683e-01 -3.130108714103698730e-01 -1.598277688026428223e-01 -2.416504025459289551e-01 -5.033116340637207031e-01 -2.158508449792861938e-01 8.401294946670532227e-01 6.562749296426773071e-02 6.524603366851806641e-01 1.723056286573410034e-01 -3.737659156322479248e-01 -6.966636329889297485e-02 -1.601059734821319580e-01 4.647630751132965088e-01 6.007230654358863831e-02 1.135128960013389587e-01 -1.803548634052276611e-01 4.733588695526123047e-01 2.586973607540130615e-01 9.203488230705261230e-01 2.192732840776443481e-01 -5.953688621520996094e-01 2.795610129833221436e-01 7.244998812675476074e-01 -4.735245704650878906e-01 -3.563104569911956787e-01 2.346720732748508453e-02 -1.114148944616317749e-01
4.692972004413604736e-01 -3.695561587810516357e-01 1.727109216153621674e-02 3.151499032974243164e-01 1.500196103006601334e-02 -3.181599080562591553e-01 -1.443898528814315796e-01 -5.086620450019836426e-01 -3.360182642936706543e-01 3.119237720966339111e-01 7.035242915153503418e-01 -5.075644254684448242e-01 2.166961785405874252e-03 5.981698632240295410e-04 5.354865193367004395e-01 1.743366271257400513e-01 3.838082551956176758e-01 -2.763491570949554443e-01 3.673356473445892334e-01 5.785872787237167358e-02 -3.553174138069152832e-01 -3.991126269102096558e-02 3.602087497711181641e-01 -6.565833091735839844e-01 -8.148371428251266479e-02 9.787344932556152344e-01 2.891349792480468750e-01 2.416667528450489044e-02 -1.191302901133894920e-03 -1.236384212970733643e-01 1.155083999037742615e-02 -4.349088072776794434e-01 -4.393315911293029785e-01 -1.453031450510025024e-01 6.103853583335876465e-01 -1.130296736955642700e-01 -3.227505981922149658e-01 2.260196581482887268e-02 5.262946486473083496e-01 -8.565336465835571289e-02 -1.071328371763229370e-01 1.105976775288581848e-01 -4.024815186858177185e-02 -3.711664378643035889e-01 9.353957772254943848e-01 -3.561745211482048035e-02 -2.667665779590606689e-01 -3.545161336660385132e-02 6.599070429801940918e-01 2.702458500862121582e-01 3.370437324047088623e-01 -7.392107844352722168e-01 9.434893131256103516e-01 4.909042716026306152e-01 6.161824464797973633e-01 3.296124637126922607e-01 -7.567825168371200562e-02 -2.094966918230056763e-01 5.218083858489990234e-01 9.433260560035705566e-01 -4.869789481163024902e-01 8.813478350639343262e-01 5.691512823104858398e-01 -3.935788273811340332e-01
2.703658938407897949e-01 -4.236562550067901611e-01 -7.482236027717590332e-01 5.556616783142089844e-01 -3.435457944869995117e-01 -4.895021617412567139e-01 2.747195065021514893e-01 -1.122566536068916321e-01 -6.189334392547607422e-01 9.833819419145584106e-02 4.380467832088470459e-01 5.723778624087572098e-03 -6.821110248565673828e-01 -8.445694446563720703e-01 8.933972120285034180e-01 1.589378416538238525e-01 -6.420760154724121094e-01 -2.629649126902222633e-03 8.719229102134704590e-01 8.329527974128723145e-01 -5.591524243354797363e-01 4.671989083290100098e-01 -2.948942780494689941e-02 -2.956635355949401855e-01 -2.316206395626068115e-01 1.426154375076293945e+00 -7.836093306541442871e-01 -8.561893701553344727e-01 1.652264446020126343e-01 -4.659433290362358093e-02 -6.316120624542236328e-01 -4.343367815017700195e-01 4.705416038632392883e-02 8.221706151962280273e-01 1.810496151447296143e-01 -1.047224476933479309e-01 5.408383607864379883e-01 -7.081180810928344727e-01 -3.991406857967376709e-01 3.424372673034667969e-01 -2.713189125061035156e-01 1.641287952661514282e-01 1.299558877944946289e-01 -1.306027173995971680e-01 1.273795127868652344e+00 -2.082722336053848267e-01 -2.982085943222045898e-01 3.458536267280578613e-01 -3.953577876091003418e-01 4.067919254302978516e-01 -6.576150655746459961e-01 1.595720946788787842e-01 -5.545471310615539551e-01 6.988726854324340820e-01 9.399098753929138184e-01 -1.405305564403533936e-01 -1.532847285270690918e-01 -1.140490889549255371e+00 -8.805628865957260132e-03 6.962752938270568848e-01 -6.948775053024291992e-01 -1.501520723104476929e-01 1.000519156455993652e+00 1.173608303070068359e-01
7.660229802131652832e-01 -9.323742389678955078e-01 4.558398723602294922e-01 -2.227788418531417847e-01 -3.889723122119903564e-01 4.627873897552490234e-01 -1.608811132609844208e-02 -7.469897270202636719e-01 -1.007644414901733398e+00 -6.291596889495849609e-01 3.824305161833763123e-02 -6.242834925651550293e-01 -7.554708719253540039e-01 -4.897044301033020020e-01 2.221960127353668213e-01 4.997215867042541504e-01 4.548950195312500000e-01 -4.690408408641815186e-01 1.886827349662780762e-01 -5.784282088279724121e-01 -3.747712969779968262e-01 1.046149492263793945e+00 3.415486216545104980e-01 -2.887764275074005127e-01 -7.686455845832824707e-01 2.188218683004379272e-01 -1.145481228828430176e+00 -2.398499548435211182e-01 4.741257727146148682e-01 -8.884433507919311523e-01 2.093637585639953613e-01 -7.912934422492980957e-01 3.248346745967864990e-01 2.195246368646621704e-01 1.303065568208694458e-01 -8.257408440113067627e-02 -1.287500411272048950e-01 -1.658676564693450928e-01 -7.800971716642379761e-02 -2.525920793414115906e-02 -8.494940400123596191e-02 2.661632895469665527e-01 -1.760028749704360962e-01 1.592026650905609131e-01 6.227217316627502441e-01 3.747370243072509766e-01 -1.092379447072744370e-02 -8.916506916284561157e-02 -3.567380309104919434e-01 6.912432312965393066e-01 2.900610268115997314e-01 -1.711869239807128906e-01 4.168737232685089111e-01 6.782394647598266602e-01 1.033806130290031433e-01 1.008379817008972168e+00 -4.715631902217864990e-01 -4.961606115102767944e-02 -2.795446515083312988e-01 3.227683603763580322e-01 1.074444949626922607e-01 -8.056174218654632568e-02 3.154201209545135498e-01 5.783819556236267090e-01
5.251374840736389160e-01 -7.321897149085998535e-02 3.830138444900512695e-01 2.548539936542510986e-01 3.248598873615264893e-01 -8.247170448303222656e-01 -1.855283379554748535e-01 1.988099366426467896e-01 -1.199343323707580566e+00 -2.191814333200454712e-01 8.875913023948669434e-01 -6.702258586883544922e-01 -4.418935775756835938e-01 -3.832675814628601074e-01 5.789794921875000000e-01 8.787487149238586426e-01 -3.043861091136932373e-01 3.314794898033142090e-01 -7.153213024139404297e-02 4.995841681957244873e-01 -6.650614142417907715e-01 3.680078983306884766e-01 1.048774793744087219e-01 3.294436335563659668e-01 -3.308501839637756348e-01 8.438038825988769531e-01 -2.853954136371612549e-01 1.697347611188888550e-01 1.046918258070945740e-01 1.509226709604263306e-01 2.311677634716033936e-01 -4.860779643058776855e-01 -3.580663502216339111e-01 -2.948071658611297607e-01 2.055342048406600952e-01 -3.391143167391419411e-03 -5.407365784049034119e-02 2.832643091678619385e-01 -1.567981690168380737e-01 -1.906148493289947510e-01 2.399068027734756470e-01 2.371091544628143311e-01 2.907240763306617737e-02 6.696336269378662109e-01 6.637081503868103027e-01 3.103762269020080566e-01 5.809741467237472534e-02 4.044054150581359863e-01 4.039848744869232178e-01 -8.759646117687225342e-02 3.432025313377380371e-01 -7.260669469833374023e-01 5.380854606628417969e-01 1.390172988176345825e-01 6.788314580917358398e-01 1.459131091833114624e-01 8.735929131507873535e-01 -8.094668388366699219e-01 -3.072220981121063232e-01 9.482128918170928955e-02 -1.453911513090133667e-01 -2.927583754062652588e-01 4.455899894237518311e-01 -5.869253873825073242e-01
-2.046263515949249268e-01 -7.996575832366943359e-01 -2.257981002330780029e-01 8.790666460990905762e-01 -5.998472571372985840e-01 -3.033017516136169434e-01 -1.604043245315551758e-01 -3.978428840637207031e-01 -4.257493019104003906e-01 4.510278999805450439e-01 -2.131413966417312622e-01 -5.769015550613403320e-01 -7.346903532743453979e-02 -5.778895020484924316e-01 1.090015769004821777e+00 8.949165046215057373e-02 3.002137541770935059e-01 5.220299959182739258e-01 3.324079811573028564e-01 8.752197623252868652e-01 -1.143919467926025391e+00 6.848970651626586914e-01 -3.130711019039154053e-01 -8.867731690406799316e-01 -7.603579759597778320e-01 1.256521791219711304e-01 -2.582664415240287781e-02 4.753108322620391846e-01 2.248986214399337769e-01 -1.518771797418594360e-01 -3.185690939426422119e-01 -8.756226301193237305e-02 -5.127059221267700195e-01 -5.684016942977905273e-01 5.954130291938781738e-01 2.997165322303771973e-01 -2.653093934059143066e-01 1.203544884920120239e-01 3.031526803970336914e-01 7.178132981061935425e-02 1.478450149297714233e-01 -1.618953645229339600e-01 5.235618948936462402e-01 -4.263055622577667236e-01 1.112166047096252441e+00 -2.332968264818191528e-01 -6.495489478111267090e-01 1.199518069624900818e-01 4.636960029602050781e-01 4.685611426830291748e-01 4.350282549858093262e-01 -2.704243957996368408e-01 1.155387520790100098e+00 4.653088152408599854e-01 5.694622397422790527e-01 -2.339592576026916504e-01 -3.801193237304687500e-01 -9.426001459360122681e-03 8.332727104425430298e-02 7.679082155227661133e-01 -9.074707031250000000e-01 3.685505092144012451e-01 9.894392490386962891e-01 -4.435255825519561768e-01
6.828543543815612793e-01 -7.767846584320068359e-01 3.583701550960540771e-01 4.137264490127563477e-01 5.897121429443359375e-01 -6.050127744674682617e-02 -3.950998485088348389e-01 -2.824087142944335938e-01 -9.082989096641540527e-01 -5.718467012047767639e-02 -5.196488462388515472e-03 -3.763873279094696045e-01 -9.841220825910568237e-02 2.110069543123245239e-01 2.627668082714080811e-01 4.101242423057556152e-01 -6.327347457408905029e-02 7.337716817855834961e-01 7.551157474517822266e-01 1.091462016105651855e+00 3.192089200019836426e-01 3.742771446704864502e-01 2.266739159822463989e-01 -1.341104358434677124e-01 3.266999721527099609e-01 4.290734231472015381e-01 -1.395534873008728027e-01 -4.350851178169250488e-01 6.834023594856262207e-01 -1.226508691906929016e-01 -2.856897115707397461e-01 4.539959430694580078e-01 -1.617523282766342163e-02 3.678000271320343018e-01 2.463958412408828735e-01 2.404650896787643433e-01 1.039430350065231323e-01 -3.966951668262481689e-01 -2.315505445003509521e-01 -5.220699310302734375e-01 -2.075814008712768555e-01 -1.600639820098876953e-01 -1.071925997734069824e+00 2.072127163410186768e-01 8.981006145477294922e-01 -4.072864353656768799e-01 3.281049430370330811e-01 -3.681591451168060303e-01 -2.353400737047195435e-01 2.794779539108276367e-01 9.937154129147529602e-03 5.915403962135314941e-01 1.465336680412292480e-01 2.437753528356552124e-01 -1.606366336345672607e-01 -1.396118104457855225e-01 3.836899697780609131e-01 -4.191562235355377197e-01 6.020961999893188477e-01 4.291151463985443115e-01 -2.765352427959442139e-01 -3.072574436664581299e-01 1.289768218994140625e-01 -2.709291875362396240e-01
-3.260341882705688477e-01 -5.541105866432189941e-01 6.556824594736099243e-02 7.931892275810241699e-01 4.810796976089477539e-01 -5.115108489990234375e-01 3.433476090431213379e-01 -1.820848435163497925e-01 -1.112764120101928711e+00 -4.814674854278564453e-01 5.342213064432144165e-02 1.691842973232269287e-01 -3.830609321594238281e-01 -9.708071500062942505e-02 8.159450888633728027e-01 -4.356493009254336357e-04 -3.443107604980468750e-01 2.585423588752746582e-01 -2.024694085121154785e-01 7.464276999235153198e-02 -2.960282862186431885e-01 -1.768264770507812500e-01 7.298808544874191284e-02 -2.533099353313446045e-01 1.457732915878295898e-02 6.058771610260009766e-01 -5.608947873115539551e-01 -7.715811487287282944e-03 4.302771389484405518e-01 -4.480433762073516846e-01 2.708900868892669678e-01 4.611227214336395264e-01 -3.960511684417724609e-01 -4.103206992149353027e-01 5.112056061625480652e-02 1.710825860500335693e-01 -5.007953047752380371e-01 2.921050600707530975e-02 -6.571742892265319824e-02 8.169569969177246094e-01 1.291274428367614746e-01 -1.028309687972068787e-01 1.187462732195854187e-01 -4.610358923673629761e-02 1.046153545379638672e+00 -2.007607221603393555e-01 5.894637703895568848e-01 1.245732307434082031e-01 -3.168874084949493408e-01 1.082135796546936035e+00 -3.189850226044654846e-02 5.161402821540832520e-01 3.761664032936096191e-01 2.490037530660629272e-01 1.423702538013458252e-01 9.276018142700195312e-01 -1.989820748567581177e-01 -9.224910289049148560e-03 6.218658089637756348e-01 1.106389045715332031e+00 -3.390059471130371094e-01 -8.890774846076965332e-02 -4.384259581565856934e-01 3.481649160385131836e-01
4.152132570743560791e-01 1.668250858783721924e-01 -3.962976336479187012e-01 3.292825520038604736e-01 3.841701149940490723e-01 1.130866110324859619e-01 8.281636983156204224e-03 -1.880457997322082520e-01 -2.890224456787109375e-01 2.627335786819458008e-01 2.464506030082702637e-01 -7.672559022903442383e-01 -5.464890599250793457e-01 1.517526656389236450e-01 -4.941879585385322571e-02 6.574156284332275391e-01 1.540306508541107178e-01 -1.653177440166473389e-01 3.210887014865875244e-01 -8.478751033544540405e-02 -4.174629747867584229e-01 -2.762080729007720947e-01 2.683933973312377930e-01 -1.164383649826049805e+00 5.845699086785316467e-02 4.078727364540100098e-01 -3.616924956440925598e-02 5.974037647247314453e-01 -6.422246694564819336e-01 3.243925869464874268e-01 2.154294997453689575e-01 -5.590091943740844727e-01 -6.010791659355163574e-02 3.498712778091430664e-01 4.870228469371795654e-01 -2.487083524465560913e-01 -7.441779971122741699e-01 -1.837319284677505493e-01 -8.338564634323120117e-02 1.267609447240829468e-01 -5.857006907463073730e-01 -2.132899165153503418e-01 5.232789516448974609e-01 4.492853209376335144e-02 8.408875465393066406e-01 -3.728793561458587646e-01 2.210365235805511475e-01 1.621187776327133179e-01 -5.611551180481910706e-02 5.370214581489562988e-01 4.030075967311859131e-01 -1.315736919641494751e-01 3.588443696498870850e-01 5.815365314483642578e-01 3.597032725811004639e-01 8.939495086669921875e-01 2.743608504533767700e-02 -3.326653540134429932e-01 1.669871360063552856e-01 8.072663545608520508e-01 -2.797377407550811768e-01 4.466550424695014954e-02 -1.894193142652511597e-01 -8.671370893716812134e-02
6.401342153549194336e-01 -3.881390690803527832e-01 8.162533864378929138e-03 6.544145345687866211e-01 5.431079268455505371e-01 3.066796362400054932e-01 -1.103819757699966431e-01 2.974229454994201660e-01 4.578173160552978516e-02 -4.199270904064178467e-01 2.355059236288070679e-01 -5.033413767814636230e-01 -7.683771848678588867e-01 -4.801874980330467224e-02 8.129093796014785767e-02 6.986734271049499512e-01 -8.084550499916076660e-01 8.553869724273681641e-01 1.592313647270202637e-01 2.537340223789215088e-01 2.826827764511108398e-01 1.090754747390747070e+00 3.724044263362884521e-01 -1.434358507394790649e-01 -5.071694254875183105e-01 5.773577690124511719e-01 2.245346754789352417e-01 -4.597559571266174316e-02 8.781495094299316406e-01 -8.047509472817182541e-04 -8.333836197853088379e-01 7.348460704088211060e-02 -5.224984884262084961e-01 -6.509445607662200928e-02 2.864310741424560547e-01 -1.591435968875885010e-01 -2.863562405109405518e-01 -3.164826631546020508e-01 -5.718333721160888672e-01 -1.744739711284637451e-01 -6.710322201251983643e-02 4.832261800765991211e-01 4.690376520156860352e-01 -4.521169662475585938e-01 1.168840408325195312e+00 3.306293115019798279e-02 -6.845945119857788086e-01 -4.169050753116607666e-01 -2.299206703901290894e-02 5.289203524589538574e-01 -2.287548929452896118e-01 1.056120395660400391e+00 2.475515902042388916e-01 3.964941501617431641e-01 8.974115848541259766e-01 6.103843450546264648e-01 8.319405913352966309e-01 4.092033803462982178e-01 -4.356878697872161865e-01 5.735989212989807129e-01 -8.978213667869567871e-01 -5.633585453033447266e-01 1.450131833553314209e-01 5.733840465545654297e-01
4.069681763648986816e-01 -5.284405946731567383e-01 5.117549002170562744e-02 -2.576171457767486572e-01 5.182294249534606934e-01 6.532702445983886719e-01 -3.359044790267944336e-01 -5.934883952140808105e-01 -5.379835963249206543e-01 -5.854905247688293457e-01 2.396285682916641235e-01 -6.399970054626464844e-01 -9.606056213378906250e-01 -1.043252110481262207e+00 2.974352836608886719e-01 5.692835450172424316e-01 -5.178174376487731934e-02 -4.213928580284118652e-01 -1.645338833332061768e-01 6.928543001413345337e-02 1.594215780496597290e-01 9.302035570144653320e-01 1.928644478321075439e-01 -4.838282167911529541e-01 -5.321531891822814941e-01 5.902417898178100586e-01 -8.494826555252075195e-01 -1.153671443462371826e-01 3.692619800567626953e-01 -6.020181179046630859e-01 -1.230315417051315308e-01 -7.587749958038330078e-01 -4.439013823866844177e-02 -4.326264262199401855e-01 -2.188118994235992432e-01 7.452818006277084351e-02 1.697996705770492554e-01 5.301791429519653320e-01 3.483932614326477051e-01 6.069835424423217773e-01 1.087495684623718262e-01 -1.311767399311065674e-01 -1.711452007293701172e-01 6.192513704299926758e-01 4.691262245178222656e-01 -1.011246144771575928e-01 -2.446007169783115387e-02 -5.387411117553710938e-01 -6.505215167999267578e-01 2.547087967395782471e-01 -1.106770783662796021e-01 4.887660145759582520e-01 6.987562179565429688e-01 5.728483200073242188e-01 -3.510340303182601929e-02 7.682842016220092773e-01 -6.258768439292907715e-01 1.831223815679550171e-01 -3.690463304519653320e-01 3.262016475200653076e-01 -6.126850843429565430e-01 6.319718062877655029e-02 1.003614306449890137e+00 2.676386833190917969e-01
5.815612673759460449e-01 -3.488341867923736572e-01 4.929020106792449951e-01 4.081617295742034912e-01 2.530877850949764252e-02 1.584367305040359497e-01 -9.082158654928207397e-02 -3.895203769207000732e-02 -1.310941815376281738e+00 1.155674099922180176e+00 -9.185460396111011505e-03 -7.457886934280395508e-01 -5.834713578224182129e-01 -1.069170236587524414e-01 1.303333044052124023e-01 6.551951766014099121e-01 -3.215198963880538940e-02 -1.119613349437713623e-01 -3.378910124301910400e-01 6.515837311744689941e-01 6.695863008499145508e-01 6.147060394287109375e-01 3.177200211212038994e-03 -5.278919339179992676e-01 2.768954038619995117e-01 6.458702087402343750e-01 -1.445216238498687744e-01 -6.565371155738830566e-01 4.372534453868865967e-01 -5.275794267654418945e-01 -1.670354604721069336e-01 -4.525659680366516113e-01 3.142671287059783936e-02 2.581137716770172119e-01 -1.023493334650993347e-01 3.572343289852142334e-01 2.179577499628067017e-01 -4.677373766899108887e-01 -3.710089623928070068e-01 7.926018238067626953e-01 4.080947041511535645e-01 1.863380521535873413e-01 -7.234055995941162109e-01 -5.553088188171386719e-01 4.093681871891021729e-01 -7.632015347480773926e-01 -1.417388617992401123e-01 -1.227341368794441223e-01 -4.220224320888519287e-01 6.940226256847381592e-02 -3.376611173152923584e-01 -8.347743004560470581e-02 5.793368816375732422e-01 2.306834310293197632e-01 3.824888765811920166e-01 -3.380270600318908691e-01 -7.000889778137207031e-01 -9.944620728492736816e-02 -9.230390936136245728e-02 3.589679598808288574e-01 -5.640719532966613770e-01 -5.963365435600280762e-01 2.450175881385803223e-01 1.333840191364288330e-01
2.888230383396148682e-01 -2.695764601230621338e-01 1.532312333583831787e-01 2.382277399301528931e-01 4.709920287132263184e-01 1.338785439729690552e-01 -8.923779129981994629e-01 -2.693957984447479248e-01 -6.272661685943603516e-01 -7.308133691549301147e-02 -1.968646645545959473e-01 -6.598281860351562500e-01 -4.209039807319641113e-01 -1.027073383331298828e+00 1.324784755706787109e+00 -9.304327517747879028e-02 1.047121733427047729e-01 4.327104091644287109e-01 -1.861700713634490967e-01 5.444933772087097168e-01 -8.003279566764831543e-02 1.145845293998718262e+00 3.017678856849670410e-01 -5.559194087982177734e-01 -9.766290783882141113e-01 1.811551153659820557e-01 -3.873401880264282227e-01 2.063893973827362061e-01 -9.154884517192840576e-02 -5.941487550735473633e-01 -3.496773242950439453e-01 -8.089007139205932617e-01 -3.818171024322509766e-01 -7.331383228302001953e-01 -5.086636543273925781e-01 -3.776270449161529541e-01 9.208497405052185059e-02 -1.235216017812490463e-02 3.248941898345947266e-02 5.641968846321105957e-01 -3.195809423923492432e-01 -2.186789810657501221e-01 -1.831358969211578369e-01 -1.316408347338438034e-02 2.855480611324310303e-01 -1.515121906995773315e-01 -5.199644342064857483e-02 -6.598967909812927246e-01 -6.749500632286071777e-01 3.101668655872344971e-01 3.386170566082000732e-01 3.612573444843292236e-01 8.439542055130004883e-01 5.684872269630432129e-01 2.835230231285095215e-01 -7.363926619291305542e-02 -4.602260589599609375e-01 1.724383085966110229e-01 -6.861159950494766235e-02 1.022805094718933105e+00 -9.439824819564819336e-01 3.308958932757377625e-02 8.312038779258728027e-01 -4.372484683990478516e-01
1.968901604413986206e-01 -6.317324638366699219e-01 6.246248483657836914e-01 7.563223242759704590e-01 3.410819768905639648e-01 -6.580614447593688965e-01 9.728444367647171021e-02 2.308645844459533691e-02 -1.086610630154609680e-01 1.325498670339584351e-01 1.700580269098281860e-01 -2.838348448276519775e-01 -2.798639535903930664e-01 -7.012720704078674316e-01 5.002132430672645569e-02 3.739304840564727783e-01 -5.820651054382324219e-01 7.670999169349670410e-01 5.567189455032348633e-01 -1.062041223049163818e-01 3.191726505756378174e-01 8.193808794021606445e-01 7.915193438529968262e-01 7.295167446136474609e-02 -4.658238291740417480e-01 4.324734210968017578e-01 -2.611772119998931885e-01 4.541533812880516052e-02 7.053882479667663574e-01 -2.211281359195709229e-01 -7.128615379333496094e-01 5.617482662200927734e-01 -6.978007555007934570e-01 5.708352327346801758e-01 1.063064560294151306e-01 1.352114081382751465e-01 9.943947196006774902e-02 -4.474770128726959229e-01 -4.149637222290039062e-01 1.733110696077346802e-01 -1.654279828071594238e-01 -1.411274224519729614e-01 2.805422842502593994e-01 -5.101591348648071289e-01 8.820169568061828613e-01 2.827838659286499023e-01 -3.899919390678405762e-01 -7.986310124397277832e-02 -3.331058919429779053e-01 1.974989026784896851e-01 -1.307731270790100098e-01 3.847548961639404297e-01 -7.513058930635452271e-02 6.852964162826538086e-01 5.732641816139221191e-01 2.717957794666290283e-01 5.435368791222572327e-02 -8.001827448606491089e-02 -8.254165947437286377e-02 5.337629914283752441e-01 -6.204960942268371582e-01 5.943551287055015564e-02 2.350376397371292114e-01 6.141207218170166016e-01
2.446138262748718262e-01 -1.285142779350280762e+00 -4.329251497983932495e-02 3.292071521282196045e-01 5.101948380470275879e-01 -4.098580777645111084e-01 3.377542793750762939e-01 -3.698129355907440186e-01 -6.212683320045471191e-01 -2.048193961381912231e-01 -3.709875345230102539e-01 -8.591400086879730225e-02 -6.732099056243896484e-01 -2.823929488658905029e-02 9.628365039825439453e-01 5.112172365188598633e-01 -2.383936643600463867e-01 4.130595326423645020e-01 8.507753610610961914e-01 1.336719840764999390e-01 1.826457679271697998e-01 -4.640746116638183594e-02 2.211857400834560394e-02 1.281801313161849976e-01 2.536171078681945801e-01 -1.038122922182083130e-01 -5.860643386840820312e-01 -3.065186440944671631e-01 1.077595591545104980e+00 2.638884261250495911e-02 -5.824404582381248474e-02 3.737646937370300293e-01 -2.114093154668807983e-01 -4.355391860008239746e-01 3.413687050342559814e-01 -3.556717932224273682e-02 -3.615202307701110840e-01 2.019834965467453003e-01 -3.098451197147369385e-01 2.096055746078491211e-01 -9.515613317489624023e-02 -1.814744323492050171e-01 -8.746863156557083130e-02 1.416839212179183960e-01 9.901559948921203613e-01 7.853354513645172119e-02 1.527127027511596680e-01 -1.035013347864151001e-01 -5.104212760925292969e-01 4.907070398330688477e-01 -1.387793868780136108e-01 2.984015941619873047e-01 2.504060268402099609e-01 1.382775604724884033e-01 7.080055475234985352e-01 7.459520101547241211e-01 6.565045714378356934e-01 2.387192994356155396e-01 6.779130101203918457e-01 5.598617792129516602e-01 -2.844515442848205566e-01 -7.417727112770080566e-01 -2.825518548488616943e-01 -1.385409533977508545e-01
-3.880470246076583862e-02 -1.169216513633728027e+00 6.626338958740234375e-01 1.798296719789505005e-01 7.521201670169830322e-02 -4.841907620429992676e-01 1.494227796792984009e-01 -3.713843524456024170e-01 -4.115742146968841553e-01 -5.612686872482299805e-01 -5.922057032585144043e-01 -9.049967527389526367e-01 -4.506557285785675049e-01 -3.975375592708587646e-01 2.524123787879943848e-01 -5.630908906459808350e-02 1.803436726331710815e-01 3.828033506870269775e-01 -8.460113406181335449e-02 4.793042540550231934e-01 1.001529455184936523e+00 6.456509828567504883e-01 5.613825917243957520e-01 1.128117367625236511e-01 -3.961857873946428299e-03 5.158697962760925293e-01 -3.452541530132293701e-01 3.717817664146423340e-01 1.670995056629180908e-01 1.501351445913314819e-01 7.773005217313766479e-02 3.675425946712493896e-01 -4.285549521446228027e-01 -3.141650557518005371e-01 1.028362035751342773e+00 -4.706594944000244141e-01 -8.680318295955657959e-02 -4.544224441051483154e-01 -3.484857082366943359e-01 3.034791164100170135e-02 -1.104842051863670349e-01 6.190602183341979980e-01 1.250750720500946045e-01 -8.569402247667312622e-02 1.375746130943298340e+00 -1.159428805112838745e-01 -5.829207226634025574e-02 1.949818581342697144e-01 -1.799933910369873047e-01 -2.172688245773315430e-01 -3.287054300308227539e-01 4.582201242446899414e-01 3.912180364131927490e-01 9.928535223007202148e-01 2.421211600303649902e-01 6.104588508605957031e-01 6.263930797576904297e-01 -5.342074036598205566e-01 -1.280025243759155273e-01 2.856769561767578125e-01 -1.259182929992675781e+00 2.700013518333435059e-01 2.970553338527679443e-01 1.293422281742095947e-02
-4.040162563323974609e-01 -5.277175307273864746e-01 1.534719169139862061e-01 7.341709733009338379e-01 2.237110286951065063e-01 -5.384259819984436035e-01 4.270361959934234619e-01 -9.736476466059684753e-03 -9.049952626228332520e-01 -5.300729274749755859e-01 1.304704993963241577e-01 2.004650533199310303e-01 -3.772489726543426514e-01 5.237644538283348083e-02 9.478012323379516602e-01 2.499304413795471191e-01 -4.588735401630401611e-01 5.287796258926391602e-01 -7.468620687723159790e-02 1.194114536046981812e-01 -3.378285765647888184e-01 -2.853083014488220215e-01 9.369026869535446167e-02 -2.471445500850677490e-01 -2.341987006366252899e-02 5.392296910285949707e-01 -4.645692706108093262e-01 7.139096409082412720e-02 5.127707719802856445e-01 -4.288601577281951904e-01 2.210862785577774048e-01 2.882373631000518799e-01 -3.226259052753448486e-01 -2.481580972671508789e-01 -7.101395726203918457e-02 1.395132392644882202e-01 -5.309467911720275879e-01 -8.459497243165969849e-03 -3.737450763583183289e-02 6.511764526367187500e-01 -8.783474564552307129e-02 -2.681763172149658203e-01 1.283383220434188843e-01 3.423158079385757446e-02 9.711922407150268555e-01 -2.634416818618774414e-01 5.494866967201232910e-01 2.991803884506225586e-01 -3.511839210987091064e-01 1.071007847785949707e+00 -2.154103368520736694e-01 4.511042535305023193e-01 5.163502693176269531e-01 5.000671744346618652e-02 8.866507560014724731e-02 1.046026468276977539e+00 -2.734848260879516602e-01 -1.447938475757837296e-02 6.470961570739746094e-01 1.049178361892700195e+00 -3.712871968746185303e-01 -1.101125106215476990e-01 -5.631653666496276855e-01 2.228162139654159546e-01
1.207911297678947449e-01 -1.113859415054321289e+00 6.274917125701904297e-01 4.249645173549652100e-01 5.733520984649658203e-01 -3.378297090530395508e-01 -3.219903409481048584e-01 -1.723809838294982910e-01 1.771903485059738159e-01 -1.247663870453834534e-01 -3.135106265544891357e-01 -3.464853465557098389e-01 -2.738928496837615967e-01 -1.305935382843017578e-01 6.830684542655944824e-01 6.324360966682434082e-01 -1.771328598260879517e-01 8.550431728363037109e-01 3.851110935211181641e-01 4.914574921131134033e-01 -6.125865131616592407e-02 9.765240550041198730e-01 5.620594620704650879e-01 -1.412757486104965210e-01 -5.247900262475013733e-02 6.547735333442687988e-01 -2.278546988964080811e-01 -2.298010289669036865e-01 4.281931221485137939e-01 1.496025770902633667e-01 -1.183008253574371338e-01 6.410857439041137695e-01 -7.720316946506500244e-02 2.650564014911651611e-01 1.571437567472457886e-01 -3.644150197505950928e-01 -1.034192740917205811e-01 -2.145628631114959717e-01 -3.897269070148468018e-01 8.199720829725265503e-02 -1.478905826807022095e-01 1.176487356424331665e-01 -4.012513905763626099e-02 9.959779679775238037e-02 8.910070657730102539e-01 1.452786773443222046e-01 -5.313782691955566406e-01 -2.073165401816368103e-02 -8.752558380365371704e-02 -1.573613286018371582e-02 -3.493298888206481934e-01 7.480180859565734863e-01 2.598268389701843262e-01 5.706741213798522949e-01 1.150104589760303497e-02 4.196516573429107666e-01 9.208941459655761719e-01 3.608607649803161621e-01 4.187069237232208252e-01 4.096857011318206787e-01 -2.669622004032135010e-01 -3.281301856040954590e-01 -1.375553756952285767e-01 2.363923490047454834e-01
6.021616458892822266e-01 -5.405424833297729492e-01 1.648625880479812622e-01 7.132901549339294434e-01 4.746038019657135010e-01 3.285094797611236572e-01 -1.631549000740051270e-01 1.472696065902709961e-01 2.440902441740036011e-01 -4.765646755695343018e-01 3.408653438091278076e-01 -5.458977818489074707e-01 -8.335343599319458008e-01 -1.862489432096481323e-02 1.535907480865716934e-02 7.022675871849060059e-01 -1.028123736381530762e+00 8.435031771659851074e-01 2.763060927391052246e-01 2.675026953220367432e-01 1.426776498556137085e-01 9.821413755416870117e-01 4.374402165412902832e-01 -1.068941038101911545e-02 -5.613163709640502930e-01 6.465501785278320312e-01 5.149230733513832092e-02 1.622027754783630371e-01 6.885852217674255371e-01 -1.176143139600753784e-01 -8.166629076004028320e-01 6.782461702823638916e-02 -4.732245206832885742e-01 -1.121474504470825195e-01 -7.965375669300556183e-03 -2.374875247478485107e-01 -2.883837521076202393e-01 -5.162968039512634277e-01 -6.479088664054870605e-01 -1.360621303319931030e-01 -2.532605826854705811e-01 5.298017263412475586e-01 2.734593749046325684e-01 -4.939484596252441406e-01 1.246263265609741211e+00 1.744611412286758423e-01 -7.001458406448364258e-01 -2.593895196914672852e-01 -2.131246961653232574e-02 4.248967766761779785e-01 -1.874269843101501465e-01 1.213337898254394531e+00 3.180875182151794434e-01 3.629155755043029785e-01 9.387484788894653320e-01 5.485253930091857910e-01 7.822691202163696289e-01 2.586873769760131836e-01 -3.224025666713714600e-01 2.982774674892425537e-01 -1.054320693016052246e+00 -5.050980448722839355e-01 1.990014910697937012e-01 4.386194050312042236e-01
2.690668106079101562e-01 -1.263310194015502930e+00 5.646554231643676758e-01 4.281648397445678711e-01 -4.710909724235534668e-02 -7.193471789360046387e-01 4.678514301776885986e-01 -3.439434245228767395e-02 -5.805724859237670898e-01 -6.790447235107421875e-01 -3.518157899379730225e-01 -8.967959284782409668e-01 -1.015999913215637207e-01 -1.035180613398551941e-01 1.864067912101745605e-01 -4.973054677248001099e-02 3.754284605383872986e-02 5.936009883880615234e-01 -2.116275131702423096e-01 2.472990304231643677e-01 8.163502812385559082e-01 4.608132839202880859e-01 3.708334267139434814e-01 -2.166307121515274048e-01 1.525599360466003418e-01 2.187755405902862549e-01 -2.995090186595916748e-01 1.859051287174224854e-01 3.482007682323455811e-01 2.960972785949707031e-01 -1.421647369861602783e-01 5.188030004501342773e-01 -5.278428643941879272e-02 -7.982195913791656494e-02 7.076753973960876465e-01 -1.427135616540908813e-01 5.289166420698165894e-02 -5.385297536849975586e-01 -4.819220900535583496e-01 7.254130393266677856e-02 -1.377523392438888550e-01 3.810127079486846924e-01 -2.429225854575634003e-02 -6.295101344585418701e-02 1.029859542846679688e+00 6.465006619691848755e-02 1.816421300172805786e-01 2.180589139461517334e-01 -5.115581154823303223e-01 -8.491844683885574341e-02 -3.275413513183593750e-01 5.745502114295959473e-01 3.320912718772888184e-01 5.235018730163574219e-01 3.564259409904479980e-01 8.377454280853271484e-01 1.226010620594024658e-01 -1.286204308271408081e-01 -8.122339099645614624e-02 5.182199478149414062e-01 -1.375894188880920410e+00 3.157638013362884521e-01 1.669281125068664551e-01 1.318168342113494873e-01
4.142194688320159912e-01 -7.074713706970214844e-02 3.641180396080017090e-01 5.318894386291503906e-01 5.101173520088195801e-01 -6.519755721092224121e-01 -2.354837767779827118e-02 -6.042763590812683105e-02 -4.256884157657623291e-01 4.857412874698638916e-01 2.438224405050277710e-01 -2.640098631381988525e-01 -3.226871192455291748e-01 -1.647736281156539917e-01 3.947578668594360352e-01 7.766736745834350586e-01 2.843614816665649414e-01 3.217134177684783936e-01 9.281104803085327148e-01 1.614422500133514404e-01 8.053267598152160645e-01 1.017475008964538574e+00 4.315064549446105957e-01 -5.178073644638061523e-01 -7.243592739105224609e-01 5.868678689002990723e-01 -3.538141250610351562e-01 -1.562768667936325073e-01 5.378737449645996094e-01 -1.586881875991821289e-01 -2.860289812088012695e-01 5.272008776664733887e-01 -3.026331365108489990e-01 5.252158045768737793e-01 -8.056043088436126709e-02 2.688214480876922607e-01 1.889529824256896973e-01 -5.119273662567138672e-01 1.986176669597625732e-01 -1.142505928874015808e-02 -2.274705469608306885e-01 1.952503025531768799e-01 1.637383699417114258e-01 -6.145445108413696289e-01 3.256353735923767090e-01 -5.181877017021179199e-01 -1.141092479228973389e-01 -3.417645692825317383e-01 -6.125577092170715332e-01 8.430258631706237793e-01 -5.176748037338256836e-01 -9.424200654029846191e-02 -1.184457540512084961e-01 6.712167859077453613e-01 2.713601887226104736e-01 -1.070587754249572754e+00 -6.465101242065429688e-01 -5.376240611076354980e-01 -2.527722716331481934e-01 6.575239896774291992e-01 -2.727612555027008057e-01 -8.593355864286422729e-02 3.447500765323638916e-01 2.666084170341491699e-01
-2.416492551565170288e-01 -3.838155567646026611e-01 2.938491106033325195e-01 6.669538617134094238e-01 3.420556485652923584e-01 -5.476894378662109375e-01 1.782584488391876221e-01 -1.730382740497589111e-01 -9.832041263580322266e-01 -4.922310709953308105e-01 -1.453677862882614136e-01 -2.965374849736690521e-02 -2.686648666858673096e-01 -1.207997947931289673e-01 8.873651027679443359e-01 8.658142387866973877e-02 -2.767508029937744141e-01 2.320781648159027100e-01 -6.459105759859085083e-03 1.586506962776184082e-01 -2.653364241123199463e-01 -4.141198396682739258e-01 4.069400951266288757e-02 -1.393342465162277222e-01 5.383659154176712036e-02 5.267159938812255859e-01 -5.538836717605590820e-01 -8.251669816672801971e-03 3.222700655460357666e-01 -3.453579545021057129e-01 2.712081968784332275e-01 3.003579378128051758e-01 -5.088967084884643555e-01 -3.663515448570251465e-01 1.133005991578102112e-01 2.843220233917236328e-01 -5.390877723693847656e-01 6.479641795158386230e-02 -6.409046798944473267e-02 5.735142230987548828e-01 -2.649425566196441650e-01 -9.552018344402313232e-02 -1.258655637502670288e-01 1.202810034155845642e-01 9.209405183792114258e-01 -1.832597106695175171e-01 4.499796628952026367e-01 1.858565658330917358e-01 -3.590585887432098389e-01 1.225134015083312988e+00 -1.428575366735458374e-01 6.679913401603698730e-01 4.645490348339080811e-01 1.841153949499130249e-01 9.680071473121643066e-02 9.303961992263793945e-01 -1.031156554818153381e-01 9.330781549215316772e-02 6.196444034576416016e-01 1.132954001426696777e+00 -2.371253818273544312e-01 8.357775397598743439e-03 -5.202724933624267578e-01 3.435185551643371582e-01
6.905688345432281494e-02 -1.296385288238525391e+00 -2.611780352890491486e-02 5.275351405143737793e-01 5.013606548309326172e-01 -3.831385076045989990e-01 1.975359916687011719e-01 -4.390433430671691895e-01 -7.214670777320861816e-01 -3.951514065265655518e-01 -4.097732007503509521e-01 -1.539328694343566895e-01 -5.370968580245971680e-01 9.067851305007934570e-02 1.082333683967590332e+00 4.494856595993041992e-01 -1.616602689027786255e-01 3.514021039009094238e-01 7.401355504989624023e-01 7.168667018413543701e-02 2.439912110567092896e-01 1.613006293773651123e-01 -1.285936683416366577e-01 -2.078446745872497559e-02 2.095519602298736572e-01 -1.166112199425697327e-01 -5.858849287033081055e-01 -1.679692566394805908e-01 1.154750347137451172e+00 -3.602091968059539795e-02 -1.507537662982940674e-01 3.087651729583740234e-01 -2.337686568498611450e-01 -4.157807528972625732e-01 3.882952034473419189e-01 -1.071485802531242371e-01 -3.656634986400604248e-01 2.863146662712097168e-01 -3.226975798606872559e-01 3.803199827671051025e-01 4.073749762028455734e-03 4.650517180562019348e-02 -1.316355466842651367e-01 1.873633451759815216e-02 8.161653280258178711e-01 6.900256499648094177e-03 1.658104360103607178e-01 4.929471388459205627e-02 -6.237285733222961426e-01 1.991814374923706055e-01 -8.077357709407806396e-02 2.253756523132324219e-01 2.867724597454071045e-01 4.166248068213462830e-02 4.543982446193695068e-01 9.017467498779296875e-01 5.500602126121520996e-01 2.793621420860290527e-01 6.926983594894409180e-01 5.297961831092834473e-01 -5.160005092620849609e-01 -6.637741327285766602e-01 -3.114064931869506836e-01 -2.691664993762969971e-01
4.488171339035034180e-01 -3.907382190227508545e-01 -1.382433921098709106e-01 2.620311677455902100e-01 2.466451972723007202e-01 2.029764056205749512e-01 2.175226062536239624e-01 -3.080413043498992920e-01 3.318585455417633057e-01 -3.557174801826477051e-01 6.310216337442398071e-02 2.192486077547073364e-01 -4.328378438949584961e-01 -8.794674277305603027e-01 6.803671717643737793e-01 1.243824124336242676e+00 -7.265161722898483276e-02 -6.352831721305847168e-01 -2.155650556087493896e-01 4.904313385486602783e-01 6.628849357366561890e-02 6.928761601448059082e-01 1.495874375104904175e-01 -8.896793425083160400e-02 1.171635091304779053e-01 8.255202770233154297e-01 -2.021943181753158569e-01 8.061266690492630005e-02 7.303661108016967773e-01 -7.090288400650024414e-01 2.574817538261413574e-01 -7.126377820968627930e-01 -5.802063643932342529e-02 -2.362264692783355713e-01 4.623496830463409424e-01 6.477353572845458984e-01 6.767505779862403870e-03 2.289817333221435547e-01 6.293579936027526855e-01 6.192941665649414062e-01 -5.866918563842773438e-01 -1.275591999292373657e-01 2.238792330026626587e-01 2.897397875785827637e-01 6.540606021881103516e-01 -1.337307989597320557e-01 -7.067607343196868896e-02 -3.242698609828948975e-01 -7.208103537559509277e-01 -2.626763097941875458e-02 -3.065606951713562012e-01 -1.433016955852508545e-01 7.845216393470764160e-01 5.607090592384338379e-01 2.200917005538940430e-01 2.355363517999649048e-01 -2.308895736932754517e-01 -3.233278095722198486e-01 -4.717239737510681152e-01 -4.297903776168823242e-01 -1.226196765899658203e+00 -8.076857030391693115e-02 4.973078370094299316e-01 2.298127114772796631e-01
3.430694937705993652e-01 -1.018336340785026550e-01 2.625536322593688965e-01 -7.085389457643032074e-03 -2.203397899866104126e-01 -4.820171296596527100e-01 -2.044151574373245239e-01 2.201712876558303833e-02 -1.750484555959701538e-01 1.785873025655746460e-01 4.657094180583953857e-01 -4.736305177211761475e-01 -5.722762942314147949e-01 3.465129435062408447e-01 2.572867870330810547e-01 2.515132427215576172e-01 -2.621689736843109131e-01 -4.387784749269485474e-02 1.025338694453239441e-01 -1.943959444761276245e-01 -2.427295744419097900e-01 1.556554138660430908e-01 1.858803182840347290e-01 -5.057614445686340332e-01 2.434321045875549316e-01 8.224693536758422852e-01 -2.130029350519180298e-01 7.369202375411987305e-01 3.062250316143035889e-01 8.279167413711547852e-01 2.034811228513717651e-01 -4.870488941669464111e-01 -7.203103303909301758e-01 1.798493862152099609e-01 1.949311196804046631e-01 -4.651982486248016357e-01 -7.083735466003417969e-01 5.238872766494750977e-01 4.297990202903747559e-01 2.211714535951614380e-02 -4.788219630718231201e-01 -1.328318379819393158e-02 -3.715901970863342285e-01 2.117705196142196655e-01 9.421216249465942383e-01 1.472585648298263550e-02 -2.656548321247100830e-01 -1.317009627819061279e-01 2.245077192783355713e-01 6.224378347396850586e-01 2.826920151710510254e-01 -7.920137643814086914e-01 7.866242527961730957e-01 4.600443840026855469e-01 1.188964724540710449e+00 1.972243934869766235e-01 -2.840546667575836182e-01 -1.218009069561958313e-01 2.517331838607788086e-01 7.943126559257507324e-01 -2.905010282993316650e-01 1.854315847158432007e-01 4.504128396511077881e-01 1.221752762794494629e-01
-2.409492619335651398e-03 -3.093106672167778015e-02 5.297971963882446289e-01 5.520609617233276367e-01 5.447175726294517517e-02 3.735668957233428955e-01 -3.629129752516746521e-02 -2.061858326196670532e-01 -6.000977754592895508e-01 2.356868684291839600e-01 4.352108538150787354e-01 -8.811537027359008789e-01 -2.510949969291687012e-01 3.823950886726379395e-01 1.003801450133323669e-01 -6.122995540499687195e-02 2.502326667308807373e-01 -5.954946279525756836e-01 -9.515807032585144043e-02 2.067544311285018921e-01 -1.929600536823272705e-02 3.480789661407470703e-01 3.743860721588134766e-01 -7.274574637413024902e-01 1.227617710828781128e-01 2.495789676904678345e-01 -3.283287286758422852e-01 2.676687836647033691e-01 4.240955784916877747e-02 -5.064468979835510254e-01 5.736242532730102539e-01 -6.208971738815307617e-01 1.904912292957305908e-01 2.765181362628936768e-01 -6.761782616376876831e-02 -5.097829699516296387e-01 -3.808115720748901367e-01 -1.419556140899658203e-01 -6.126411557197570801e-01 2.802661061286926270e-01 -4.539604187011718750e-01 -6.454807519912719727e-01 7.212944626808166504e-01 1.283022761344909668e-01 4.868646562099456787e-01 2.859117686748504639e-01 -8.653101921081542969e-01 1.284051090478897095e-01 -4.718178808689117432e-01 6.585392355918884277e-01 9.302933514118194580e-02 1.671274155378341675e-01 4.729965627193450928e-01 2.142506837844848633e-01 1.454759836196899414e-01 9.151403307914733887e-01 -2.465183436870574951e-01 -5.118290185928344727e-01 -2.421765029430389404e-01 4.511227607727050781e-01 -1.143595874309539795e-01 -5.493261218070983887e-01 -2.221499383449554443e-02 1.828399151563644409e-01
6.055111885070800781e-01 -4.783851802349090576e-01 -2.518408894538879395e-01 3.735544085502624512e-01 -6.430009379982948303e-03 7.191351056098937988e-02 -3.463276028633117676e-01 5.078113675117492676e-01 -3.513033092021942139e-01 7.895506173372268677e-02 6.680855154991149902e-01 -8.922648429870605469e-01 -5.627813339233398438e-01 4.132303595542907715e-01 1.416931897401809692e-01 5.437941551208496094e-01 -4.030962288379669189e-01 2.724464833736419678e-01 1.625016778707504272e-01 -3.486312031745910645e-01 -2.793809771537780762e-01 -3.348585069179534912e-01 -4.950902238488197327e-02 -7.894758582115173340e-01 1.075293049216270447e-01 5.149304270744323730e-01 -6.466793268918991089e-02 3.085586130619049072e-01 1.396334171295166016e-01 -1.374559402465820312e-01 5.824576318264007568e-02 -8.552401661872863770e-01 2.471517920494079590e-01 5.445210337638854980e-01 9.543479681015014648e-01 1.231964230537414551e-01 -4.202847778797149658e-01 1.876120567321777344e-01 -1.516487300395965576e-01 -4.369398057460784912e-01 -7.676623463630676270e-01 1.552091818302869797e-02 2.392596006393432617e-01 2.718702144920825958e-02 3.124954700469970703e-01 -1.776533871889114380e-01 -4.389498233795166016e-01 4.392350018024444580e-01 6.529416143894195557e-02 1.446298509836196899e-01 1.931822448968887329e-01 -5.652168989181518555e-01 5.164262652397155762e-01 5.919236540794372559e-01 -7.216071337461471558e-02 4.105573296546936035e-01 1.332224905490875244e-02 -6.183843016624450684e-01 -2.242602854967117310e-01 6.374017596244812012e-01 -4.466728866100311279e-01 -3.506659865379333496e-01 1.146226823329925537e-01 -4.002157151699066162e-01
-1.197964251041412354e-01 -6.075538396835327148e-01 -9.557679295539855957e-02 7.709230780601501465e-01 4.182695448398590088e-01 6.993015110492706299e-02 -1.399581581354141235e-01 7.093445062637329102e-01 -1.284869313240051270e+00 -6.515659093856811523e-01 4.958980083465576172e-01 -3.103788197040557861e-01 -2.144144475460052490e-01 1.133245527744293213e-01 1.763675808906555176e-01 -1.847557537257671356e-02 -2.407366335391998291e-01 4.840190410614013672e-01 3.606960177421569824e-01 5.798673033714294434e-01 -4.335411190986633301e-01 7.498586177825927734e-02 2.589787840843200684e-01 -2.674109861254692078e-02 -7.680124044418334961e-01 1.100685000419616699e+00 -8.577400445938110352e-02 1.052421750500798225e-03 2.958023250102996826e-01 -2.447483390569686890e-01 4.466522932052612305e-01 2.035766392946243286e-01 -5.252340435981750488e-01 -1.509778499603271484e-01 4.876303076744079590e-01 5.251901149749755859e-01 -7.776959538459777832e-01 1.281939595937728882e-01 1.220279112458229065e-01 1.398772895336151123e-01 -1.195479882881045341e-03 1.090281922370195389e-02 -3.656665384769439697e-01 5.218306183815002441e-01 9.556113481521606445e-01 -9.920316934585571289e-01 3.300911784172058105e-01 -6.446310877799987793e-01 -3.042463064193725586e-01 9.982358217239379883e-01 -3.010684549808502197e-01 7.990228384733200073e-02 4.565763771533966064e-01 7.494543790817260742e-01 1.946329623460769653e-01 5.797924399375915527e-01 9.890782088041305542e-02 -8.987627029418945312e-01 3.503317832946777344e-01 1.587598323822021484e-01 -1.916799694299697876e-01 2.027580440044403076e-01 -7.402957975864410400e-02 2.078618109226226807e-01
2.644152939319610596e-01 -4.006721675395965576e-01 1.667330116033554077e-01 -3.622722923755645752e-01 -1.131890807300806046e-02 4.876792728900909424e-01 -4.365359544754028320e-01 -1.003097891807556152e+00 -8.338659405708312988e-01 -1.679276973009109497e-01 5.413979887962341309e-01 -3.217766880989074707e-01 -8.324882388114929199e-01 -2.612957656383514404e-01 4.685337841510772705e-02 1.027429848909378052e-01 1.894044131040573120e-01 -3.610698282718658447e-01 -1.008222848176956177e-01 -2.941539585590362549e-01 -3.011634647846221924e-01 1.092156410217285156e+00 1.022612079977989197e-01 -6.573877334594726562e-01 -3.528359532356262207e-01 3.861726522445678711e-01 -8.278515934944152832e-01 3.700407966971397400e-02 2.207492440938949585e-01 -8.955793380737304688e-01 -2.905993461608886719e-01 -5.130190253257751465e-01 -6.547211110591888428e-02 -1.068515032529830933e-01 2.026704698801040649e-01 4.887649044394493103e-02 -2.506987452507019043e-01 2.372181117534637451e-01 -8.228581547737121582e-01 4.930644854903221130e-02 -9.472629171796143055e-04 2.374550998210906982e-01 9.285916388034820557e-02 5.987299680709838867e-01 8.734442591667175293e-01 1.670926809310913086e-01 2.781518697738647461e-01 -5.813913941383361816e-01 -5.148553252220153809e-01 3.855169117450714111e-01 -2.779709994792938232e-01 -8.921917527914047241e-02 3.149094283580780029e-01 2.314997464418411255e-01 -3.509280979633331299e-01 4.480497539043426514e-01 -1.256092488765716553e-01 1.288542896509170532e-01 -6.446953415870666504e-01 8.703275918960571289e-01 -7.784638553857803345e-02 -4.694362282752990723e-01 5.020546317100524902e-01 6.085171699523925781e-01
2.014253139495849609e-01 2.059645801782608032e-01 2.386847287416458130e-01 5.525761097669601440e-02 1.778954416513442993e-01 1.610615700483322144e-01 4.971957206726074219e-02 -3.662240207195281982e-01 -6.148732900619506836e-01 3.952217847108840942e-02 2.079828977584838867e-01 -4.450235366821289062e-01 -4.010246396064758301e-01 5.113585591316223145e-01 7.926886677742004395e-01 9.540658593177795410e-01 2.615344524383544922e-01 9.074154496192932129e-02 6.622039526700973511e-02 7.326980829238891602e-01 1.033410355448722839e-01 6.600601971149444580e-02 -1.483293026685714722e-01 -1.999137401580810547e-01 -1.382602751255035400e-01 6.720066666603088379e-01 -4.007917344570159912e-01 3.974864184856414795e-01 -1.566427797079086304e-01 -4.834564924240112305e-01 2.509452104568481445e-01 3.320062160491943359e-02 -1.356501430273056030e-01 -1.340455412864685059e-01 -1.801710426807403564e-01 -6.346178054809570312e-01 3.284283727407455444e-02 3.050835132598876953e-01 -4.175794124603271484e-01 1.236865520477294922e-01 -1.784977912902832031e-01 2.257001958787441254e-02 2.785074524581432343e-02 -4.857952594757080078e-01 1.098406407982110977e-02 -3.278827667236328125e-01 -4.303669929504394531e-01 -1.249980255961418152e-01 -7.650631666183471680e-01 6.169270873069763184e-01 -4.315718412399291992e-01 -6.563467979431152344e-01 2.556836307048797607e-01 2.908436954021453857e-01 4.237063825130462646e-01 -4.497541189193725586e-01 -8.970546722412109375e-01 2.954840958118438721e-01 -6.614657044410705566e-01 -1.876562386751174927e-01 -3.886989653110504150e-01 -3.492952287197113037e-01 1.216281726956367493e-01 7.093421816825866699e-01
1.622188091278076172e-01 -4.097924232482910156e-01 1.242152526974678040e-01 2.643250524997711182e-01 3.025780618190765381e-01 2.306646704673767090e-01 -1.029339313507080078e+00 -2.534982264041900635e-01 -5.620559453964233398e-01 -5.203251168131828308e-02 -9.789385646581649780e-02 -7.699902057647705078e-01 -5.859432220458984375e-01 -1.047749280929565430e+00 1.227030634880065918e+00 6.285343319177627563e-02 1.588459312915802002e-01 5.019924640655517578e-01 -1.866549700498580933e-01 4.294162690639495850e-01 -3.387471139430999756e-01 1.100875854492187500e+00 3.840091526508331299e-01 -4.743409156799316406e-01 -1.041259527206420898e+00 1.115823462605476379e-01 -2.795408666133880615e-01 1.873922348022460938e-01 -1.948608160018920898e-01 -5.795158743858337402e-01 -4.382776916027069092e-01 -7.141301631927490234e-01 -2.729821205139160156e-01 -7.761581540107727051e-01 -5.092900991439819336e-01 -4.945006072521209717e-01 1.267876625061035156e-01 1.375965308398008347e-02 -2.893384546041488647e-02 5.762022137641906738e-01 -1.491179317235946655e-01 -2.178517729043960571e-02 -2.023066952824592590e-02 -1.715540438890457153e-01 2.143150717020034790e-01 -1.805840581655502319e-01 6.149966269731521606e-02 -5.563551187515258789e-01 -6.798113584518432617e-01 2.842554450035095215e-01 2.587260007858276367e-01 3.526654541492462158e-01 9.213794469833374023e-01 6.268056631088256836e-01 3.467483818531036377e-01 1.502847224473953247e-01 -5.086066722869873047e-01 -2.153888158500194550e-02 1.335372626781463623e-01 9.297997355461120605e-01 -7.378292679786682129e-01 -1.880718627944588661e-03 7.098976969718933105e-01 -4.818241298198699951e-01
6.346171498298645020e-01 5.093849897384643555e-01 -1.247732043266296387e-01 -8.955200016498565674e-02 5.387930274009704590e-01 -1.466559804975986481e-02 8.174210190773010254e-01 -1.109343320131301880e-01 -5.959640741348266602e-01 -8.149947039783000946e-03 -6.172775104641914368e-02 -6.636472940444946289e-01 -4.722591936588287354e-01 6.499318033456802368e-02 1.006215810775756836e+00 4.451678097248077393e-01 6.911777425557374954e-03 -4.268575012683868408e-01 2.767785787582397461e-01 3.172288537025451660e-01 -7.554908990859985352e-01 1.477300375699996948e-01 1.977663934230804443e-01 -4.305605292320251465e-01 -2.256384938955307007e-01 -4.622332751750946045e-02 -1.894058138132095337e-01 8.747720718383789062e-01 5.997747927904129028e-02 2.994483113288879395e-01 -5.484566092491149902e-01 1.655796319246292114e-01 -5.956966876983642578e-01 1.076467037200927734e-01 -2.908583581447601318e-01 -1.800877898931503296e-01 -2.835575640201568604e-01 -4.726293385028839111e-01 -1.944743096828460693e-01 -4.009782150387763977e-02 -3.756790161132812500e-01 3.127823173999786377e-01 2.400709986686706543e-01 1.506803482770919800e-01 2.197535932064056396e-01 -4.195082783699035645e-01 -3.238887488842010498e-01 8.641989529132843018e-02 -3.152440786361694336e-01 3.605549037456512451e-01 -3.191336393356323242e-01 -6.842772960662841797e-01 -1.546200960874557495e-01 2.827678918838500977e-01 -4.030787646770477295e-01 3.291049897670745850e-01 -1.469631958752870560e-02 -6.700766682624816895e-01 -4.110207855701446533e-01 2.157280445098876953e-01 -7.391766309738159180e-01 -9.160701185464859009e-02 -1.918708384037017822e-01 -1.052696183323860168e-01
-3.984546065330505371e-01 -7.507473826408386230e-01 -2.088293619453907013e-02 6.875047087669372559e-01 -4.572182893753051758e-01 -1.189090311527252197e-01 2.105467393994331360e-02 -2.356974184513092041e-01 -5.551897883415222168e-01 4.748147428035736084e-01 3.703366219997406006e-02 -6.378808021545410156e-01 -6.422674655914306641e-02 -3.263514041900634766e-01 1.149932146072387695e+00 1.728916466236114502e-01 2.734263241291046143e-01 3.200577497482299805e-01 1.882785856723785400e-01 9.094119668006896973e-01 -8.256289958953857422e-01 6.760326027870178223e-01 -4.411284923553466797e-01 -8.242445588111877441e-01 -7.411577105522155762e-01 2.946082055568695068e-01 -2.251536399126052856e-01 1.371215879917144775e-01 1.897426508367061615e-02 -1.645958274602890015e-01 -3.912220001220703125e-01 -4.867180250585079193e-03 -8.428208827972412109e-01 -3.993139564990997314e-01 9.998604655265808105e-01 3.324044644832611084e-01 -3.116256557404994965e-02 2.108743786811828613e-01 2.958477437496185303e-01 -1.882993131875991821e-01 8.724164217710494995e-02 -2.341182976961135864e-01 7.546728849411010742e-01 -2.415434718132019043e-01 9.730551242828369141e-01 1.630900241434574127e-02 -8.184357285499572754e-01 -1.076667383313179016e-01 1.078730896115303040e-01 5.884586572647094727e-01 2.438103258609771729e-01 -1.628480255603790283e-01 9.929974079132080078e-01 3.236950039863586426e-01 4.127954244613647461e-01 -2.953904867172241211e-01 -5.836910009384155273e-01 7.921803742647171021e-02 2.204865217208862305e-01 5.067735910415649414e-01 -7.092266678810119629e-01 2.708546817302703857e-01 9.255300760269165039e-01 -3.831054866313934326e-01
8.029164075851440430e-01 -1.619312316179275513e-01 3.365815579891204834e-01 5.521525740623474121e-01 3.470436111092567444e-02 -3.161643147468566895e-01 -3.684534430503845215e-01 -4.247955977916717529e-01 -1.538451164960861206e-01 1.042874529957771301e-01 9.004272818565368652e-01 -5.493952035903930664e-01 -2.573862373828887939e-01 1.079790964722633362e-01 6.858000159263610840e-01 2.632899880409240723e-01 5.497092008590698242e-01 -5.599864125251770020e-01 4.549188315868377686e-01 2.857802622020244598e-02 6.233971193432807922e-02 -6.671583279967308044e-03 2.519563399255275726e-02 -7.899557352066040039e-01 -3.485795855522155762e-02 1.140537738800048828e+00 1.861033737659454346e-01 2.219461351633071899e-01 -1.294761896133422852e-01 3.083590567111968994e-01 -9.296450018882751465e-02 -3.743649721145629883e-01 -4.069106876850128174e-01 -5.600168555974960327e-02 5.469220876693725586e-01 -1.629755944013595581e-01 -1.957237720489501953e-01 1.793954074382781982e-01 2.269670069217681885e-01 1.927345991134643555e-01 1.153584644198417664e-01 6.155311316251754761e-02 -4.688503220677375793e-02 -5.598455667495727539e-01 1.091933727264404297e+00 -2.922330498695373535e-01 -8.633691072463989258e-02 -1.920055598020553589e-01 5.563321709632873535e-01 2.494457662105560303e-01 4.019602835178375244e-01 -6.121381521224975586e-01 7.522684335708618164e-01 3.213076591491699219e-01 6.348165869712829590e-01 5.684129595756530762e-01 -7.589837163686752319e-02 -7.984581589698791504e-02 3.898290693759918213e-01 7.234122157096862793e-01 -1.948362588882446289e-01 1.126668691635131836e+00 4.421313703060150146e-01 -1.147736161947250366e-01
3.761452063918113708e-02 3.049807548522949219e-01 9.992593899369239807e-03 2.074163220822811127e-02 3.165948092937469482e-01 -8.944708853960037231e-03 1.231002286076545715e-01 -3.751737773418426514e-01 2.537054196000099182e-02 2.032591104507446289e-01 8.060543239116668701e-02 -4.294861257076263428e-01 -6.572098135948181152e-01 4.129583016037940979e-02 5.074025988578796387e-01 9.631456732749938965e-01 4.430917203426361084e-01 -5.513659119606018066e-01 -3.660693019628524780e-02 6.612060666084289551e-01 2.030268609523773193e-01 3.747742474079132080e-01 7.320810109376907349e-02 3.952987119555473328e-02 -5.894016474485397339e-02 5.208091735839843750e-01 -2.796640694141387939e-01 3.450800850987434387e-02 2.203650474548339844e-01 -2.530932128429412842e-01 -4.033825919032096863e-02 -2.488755732774734497e-01 -3.116941154003143311e-01 -1.917773112654685974e-02 1.441882103681564331e-01 1.681670546531677246e-01 -1.410664916038513184e-01 9.312152862548828125e-02 -4.261383712291717529e-01 4.925840720534324646e-02 -5.451655387878417969e-01 -1.474101543426513672e-01 -1.951318085193634033e-01 -1.295181661844253540e-01 -1.658482104539871216e-01 -1.466392278671264648e-01 -3.390906155109405518e-01 1.213008612394332886e-01 -8.502755165100097656e-01 4.391489028930664062e-01 -4.045047760009765625e-01 -7.767274379730224609e-01 6.094302535057067871e-01 1.923046708106994629e-01 3.680895864963531494e-01 -4.862036108970642090e-01 -7.211985588073730469e-01 -7.158813625574111938e-02 -4.440601468086242676e-01 1.065976843237876892e-01 -3.267679512500762939e-01 -2.264348566532135010e-01 -6.010622158646583557e-02 4.684853851795196533e-01
6.422564387321472168e-01 -1.442786753177642822e-01 -2.813337445259094238e-01 2.177775651216506958e-01 9.340392425656318665e-03 -1.273643821477890015e-01 -5.430782437324523926e-01 4.236455261707305908e-01 -5.090044140815734863e-01 -2.176654487848281860e-01 5.158677697181701660e-01 -8.420627117156982422e-01 -6.219589710235595703e-01 3.652239143848419189e-01 1.283874511718750000e-01 5.677587389945983887e-01 -2.050179094076156616e-01 1.775470972061157227e-01 1.439799219369888306e-01 -2.699674665927886963e-01 -2.707827389240264893e-01 -2.560928165912628174e-01 -9.187541902065277100e-02 -1.017159581184387207e+00 -6.417277455329895020e-02 3.748409748077392578e-01 1.386983394622802734e-01 3.353701531887054443e-01 3.226616084575653076e-01 -9.453418850898742676e-02 3.215553462505340576e-01 -8.392488360404968262e-01 2.347802668809890747e-01 6.154810190200805664e-01 8.576627373695373535e-01 1.105918362736701965e-01 -2.723339498043060303e-01 1.038983091711997986e-01 -1.172236800193786621e-01 -4.946408569812774658e-01 -7.569106817245483398e-01 8.708223700523376465e-02 2.392144650220870972e-01 2.809641957283020020e-01 6.849651038646697998e-02 -1.735038608312606812e-01 -5.041426420211791992e-01 4.955416321754455566e-01 4.325562343001365662e-02 4.461323320865631104e-01 1.925774663686752319e-01 -4.125990569591522217e-01 5.074697136878967285e-01 6.055437922477722168e-01 1.831321865320205688e-01 4.528888165950775146e-01 2.051785737276077271e-01 -3.408693969249725342e-01 -3.458406031131744385e-01 6.277864575386047363e-01 -3.644143640995025635e-01 -2.549095749855041504e-01 1.533377617597579956e-01 -4.969956576824188232e-01
1.247711330652236938e-01 5.049940943717956543e-01 -1.367676109075546265e-01 1.174424812197685242e-01 6.557995080947875977e-01 1.393648684024810791e-01 9.658138155937194824e-01 -2.451495379209518433e-01 -8.291178941726684570e-01 -3.913100063800811768e-01 5.763066932559013367e-02 -4.739653766155242920e-01 8.719875663518905640e-02 -3.166966438293457031e-01 9.806280136108398438e-01 5.575883388519287109e-01 2.642392814159393311e-01 -4.325861334800720215e-01 -1.102854870259761810e-02 3.422506749629974365e-01 -1.665287911891937256e-01 4.438643753528594971e-01 -4.449555873870849609e-01 -1.116187945008277893e-01 -1.921922862529754639e-01 7.023620009422302246e-01 -1.157694905996322632e-01 4.594930708408355713e-01 6.977158188819885254e-01 -9.462016820907592773e-02 1.147685423493385315e-01 1.362002640962600708e-01 -3.147017359733581543e-01 4.620328843593597412e-01 1.859156787395477295e-02 1.142126601189374924e-02 2.988290190696716309e-01 4.065159857273101807e-01 -6.182497739791870117e-01 -2.415159940719604492e-01 -2.727854549884796143e-01 -2.802944779396057129e-01 3.092238008975982666e-01 1.988604813814163208e-01 4.233506917953491211e-01 -4.418225884437561035e-01 -1.792122125625610352e-01 -2.434328645467758179e-01 -8.888998627662658691e-02 2.863700501620769501e-02 -1.839117258787155151e-01 -5.335876941680908203e-01 6.747167706489562988e-01 -1.440666466951370239e-01 6.518744826316833496e-01 -6.678460836410522461e-01 5.829494595527648926e-01 -3.656615018844604492e-01 -5.696052908897399902e-01 -1.560311168432235718e-01 -9.221134185791015625e-01 -7.679284214973449707e-01 -3.226542472839355469e-01 2.117402553558349609e-01
2.033055722713470459e-01 1.962744146585464478e-01 -1.293744146823883057e-01 3.011068701744079590e-01 2.683975696563720703e-01 -8.884432911872863770e-02 -5.828554555773735046e-02 -7.209839671850204468e-02 -7.643564343452453613e-01 5.309510231018066406e-01 3.328275084495544434e-01 -7.721112966537475586e-01 -6.241561770439147949e-01 4.916562139987945557e-01 4.172882139682769775e-01 1.060912460088729858e-01 7.005216926336288452e-02 -6.845303773880004883e-01 -6.194284558296203613e-02 4.589334130287170410e-02 -1.654673069715499878e-01 2.196064889430999756e-01 3.501197397708892822e-01 -9.353802800178527832e-01 2.852904424071311951e-02 2.033873647451400757e-01 -3.554839491844177246e-01 3.146969079971313477e-01 -1.605394333600997925e-01 -4.959161281585693359e-01 2.757546901702880859e-01 -9.560416936874389648e-01 3.934560120105743408e-01 3.818930685520172119e-01 3.543844819068908691e-01 -2.618791162967681885e-01 -2.655148804187774658e-01 -3.816744685173034668e-01 -2.670980989933013916e-01 -2.634926736354827881e-01 -5.712416172027587891e-01 -1.735526025295257568e-01 9.731533527374267578e-01 2.702660672366619110e-02 6.803011894226074219e-01 1.747496277093887329e-01 -2.597408294677734375e-01 6.784311681985855103e-02 -2.635800242424011230e-01 6.419903039932250977e-01 6.196563690900802612e-02 7.825419306755065918e-02 -2.051292806863784790e-01 2.796678245067596436e-01 1.108703836798667908e-01 1.063822746276855469e+00 1.838549971580505371e-01 -5.620398521423339844e-01 2.054291963577270508e-01 8.206145167350769043e-01 -4.472669064998626709e-01 -4.569316506385803223e-01 7.628582417964935303e-02 -2.727019041776657104e-02
-1.947289146482944489e-02 5.222960710525512695e-01 1.289200931787490845e-01 2.164668142795562744e-01 -4.310827702283859253e-02 2.251323610544204712e-01 -3.061880823224782944e-03 -5.657361447811126709e-02 -9.836512804031372070e-02 -1.588219106197357178e-01 6.528152525424957275e-02 -5.529519319534301758e-01 -7.284673452377319336e-01 -2.160315513610839844e-01 3.800263106822967529e-01 7.395855784416198730e-01 3.558692932128906250e-01 -8.780043721199035645e-01 -1.134743615984916687e-01 9.899180531501770020e-01 4.879725873470306396e-01 5.855999588966369629e-01 5.907896533608436584e-02 -1.795198619365692139e-01 4.000769257545471191e-01 4.498358368873596191e-01 -5.955585837364196777e-01 3.139274716377258301e-01 3.473325371742248535e-01 -1.030204445123672485e-01 3.580784499645233154e-01 -3.154371082782745361e-01 -1.919939368963241577e-02 -3.004566729068756104e-01 5.032742046751081944e-04 -1.042654812335968018e-01 5.593640729784965515e-02 1.734140217304229736e-01 -5.679126977920532227e-01 3.779918551445007324e-01 -6.975572705268859863e-01 -4.974164962768554688e-01 5.923277512192726135e-02 -9.825497120618820190e-02 -7.999493926763534546e-02 4.123998805880546570e-02 -6.611178517341613770e-01 1.257031559944152832e-01 -5.598002076148986816e-01 7.977353930473327637e-01 -1.617451906204223633e-01 -1.138709932565689087e-01 3.098775446414947510e-01 5.209349393844604492e-01 7.515618205070495605e-02 -2.561067640781402588e-01 -4.633257091045379639e-01 -1.383802443742752075e-01 -3.463361859321594238e-01 2.915517389774322510e-01 -1.249277368187904358e-01 -1.874732077121734619e-01 -3.337412839755415916e-03 4.791996181011199951e-01
1.156179513782262802e-02 2.357206344604492188e-01 -1.419561952352523804e-01 5.181190371513366699e-01 2.297740727663040161e-01 7.153483480215072632e-02 3.461206257343292236e-01 2.766250446438789368e-02 -5.634994506835937500e-01 -1.548221707344055176e-01 5.452821850776672363e-01 -5.919934511184692383e-01 -7.454760670661926270e-01 4.240266680717468262e-01 2.740409970283508301e-01 2.426683604717254639e-01 1.879657208919525146e-01 -1.722225397825241089e-01 4.414084553718566895e-01 1.357663869857788086e-01 -5.404197573661804199e-01 -6.537289023399353027e-01 1.907294094562530518e-01 -8.748727440834045410e-01 -1.699860692024230957e-01 6.529292464256286621e-01 8.961512148380279541e-02 4.786772131919860840e-01 -5.539420843124389648e-01 1.188855245709419250e-01 8.963062614202499390e-02 -2.589068375527858734e-02 -2.317862659692764282e-01 3.369498252868652344e-01 3.395254015922546387e-01 -6.654961407184600830e-02 -7.515803575515747070e-01 -6.833186745643615723e-02 9.471129626035690308e-03 -3.940814733505249023e-02 -8.115043640136718750e-01 -1.203927025198936462e-01 3.306134045124053955e-01 8.114004135131835938e-02 8.651627302169799805e-01 -6.893181800842285156e-01 -4.803126677870750427e-02 -5.030190572142601013e-02 -1.581883430480957031e-01 5.737909078598022461e-01 2.426146715879440308e-01 -1.063833236694335938e-01 5.484103038907051086e-02 4.037039875984191895e-01 2.319097518920898438e-01 1.136340856552124023e+00 -5.707962438464164734e-02 -3.161633312702178955e-01 2.270341366529464722e-01 7.660844922065734863e-01 -1.551228612661361694e-01 1.737914532423019409e-01 -4.885144829750061035e-01 2.497988641262054443e-01
4.741846024990081787e-01 -6.158148646354675293e-01 5.978727340698242188e-01 4.385117441415786743e-02 -2.563476264476776123e-01 3.849431574344635010e-01 3.942363336682319641e-02 -5.960989594459533691e-01 -6.752466559410095215e-01 -1.900404542684555054e-01 2.744182348251342773e-01 -7.256709933280944824e-01 -5.344185233116149902e-01 8.928474783897399902e-02 2.323654852807521820e-02 2.030763626098632812e-01 4.487649798393249512e-01 -7.242819070816040039e-01 4.980960860848426819e-03 -4.930326044559478760e-01 -4.013759195804595947e-01 4.168963730335235596e-01 1.980315297842025757e-01 -3.154855072498321533e-01 -4.024675786495208740e-01 2.503602206707000732e-01 -8.929219841957092285e-01 4.177511483430862427e-02 -8.816114626824855804e-03 -6.594089865684509277e-01 1.668535172939300537e-01 -9.894270896911621094e-01 4.687287807464599609e-01 3.406877219676971436e-01 2.055673301219940186e-01 -2.084541916847229004e-01 4.185351729393005371e-02 -2.483730167150497437e-01 -2.273512929677963257e-01 -4.229125007987022400e-02 -2.457320094108581543e-01 -3.458744287490844727e-01 2.173890620470046997e-01 -2.474890463054180145e-02 1.435719877481460571e-01 2.163936197757720947e-01 -2.759263217449188232e-01 2.687873505055904388e-02 -3.300621807575225830e-01 8.325864076614379883e-01 6.430311501026153564e-02 -1.984436437487602234e-02 4.340886175632476807e-01 6.922669410705566406e-01 3.406310677528381348e-01 1.064541101455688477e+00 -5.384370684623718262e-01 -1.424378454685211182e-01 -1.763370782136917114e-01 3.600623905658721924e-01 2.777852304279804230e-02 -4.711546301841735840e-01 2.288960814476013184e-01 5.089390873908996582e-01
1.681523621082305908e-01 -5.450333356857299805e-01 5.667720437049865723e-01 2.346846610307693481e-01 5.714743956923484802e-02 -8.248731493949890137e-01 3.832154572010040283e-01 -3.932684957981109619e-01 -1.127862691879272461e+00 -3.894936740398406982e-01 -2.375734737142920494e-03 -1.406996045261621475e-02 -7.997618317604064941e-01 -1.234806999564170837e-01 8.373017311096191406e-01 -5.633406043052673340e-01 -2.445417642593383789e-01 4.065720140933990479e-01 1.573958694934844971e-01 7.284766435623168945e-01 -4.568069428205490112e-02 3.084986209869384766e-01 -5.425433516502380371e-01 4.823333323001861572e-01 4.022842645645141602e-01 2.460590898990631104e-01 -4.358445405960083008e-01 4.778766632080078125e-01 1.045287370681762695e+00 -4.021777808666229248e-01 7.658533006906509399e-02 7.915248870849609375e-01 2.634868621826171875e-01 4.195730984210968018e-01 3.517813384532928467e-01 -4.161546528339385986e-01 -3.571513295173645020e-01 -7.475566864013671875e-01 -4.379093647003173828e-01 4.555546939373016357e-01 -9.174280166625976562e-01 -2.377774417400360107e-01 2.463436871767044067e-01 3.062164038419723511e-02 8.197655081748962402e-01 5.003371834754943848e-02 4.395305514335632324e-01 -9.961654245853424072e-02 -2.224243581295013428e-01 3.802167773246765137e-01 -1.523291915655136108e-01 1.483864039182662964e-01 4.826861619949340820e-01 -7.684256136417388916e-02 5.418059229850769043e-01 1.134794712066650391e+00 -1.602835208177566528e-01 1.534494161605834961e-01 9.485721588134765625e-03 4.263600707054138184e-01 -7.740495204925537109e-01 -2.149911522865295410e-01 3.468437492847442627e-02 9.492309391498565674e-02
9.544782042503356934e-01 -4.669269025325775146e-01 1.015699982643127441e+00 -4.328787792474031448e-03 -1.911264210939407349e-01 -1.763894110918045044e-01 4.509802460670471191e-01 5.598250031471252441e-01 -2.658553719520568848e-01 1.028552651405334473e+00 3.720121383666992188e-01 -5.851255655288696289e-01 -5.983397364616394043e-01 -1.070896014571189880e-01 9.661511182785034180e-01 2.257396578788757324e-01 -7.922839373350143433e-02 3.875843286514282227e-01 9.071322083473205566e-01 2.253852635622024536e-01 5.369297042489051819e-02 7.978176474571228027e-01 -3.870231509208679199e-01 -9.330255389213562012e-01 -4.414752125740051270e-01 6.470277309417724609e-01 -8.153806328773498535e-01 -7.625687122344970703e-02 1.452317714691162109e+00 -2.426825650036334991e-02 2.059436775743961334e-02 -1.745801419019699097e-01 -1.127181276679039001e-01 -6.690133213996887207e-01 8.337997198104858398e-01 2.205119729042053223e-01 1.571640819311141968e-01 9.111704826354980469e-01 -4.260598421096801758e-01 7.680945992469787598e-01 2.079418152570724487e-01 2.567908540368080139e-02 5.693386793136596680e-01 5.049983859062194824e-01 8.662363290786743164e-01 -8.653664588928222656e-01 -2.677270472049713135e-01 -8.418039232492446899e-02 -3.313919901847839355e-01 8.742704391479492188e-01 -1.713813245296478271e-01 -1.656525731086730957e-01 1.755964159965515137e-01 -2.424031645059585571e-01 4.512996673583984375e-01 9.166457653045654297e-01 3.546034395694732666e-01 1.131121814250946045e-01 -2.454682588577270508e-01 1.914700865745544434e-01 -4.465562105178833008e-01 -3.862656056880950928e-01 1.619160771369934082e-01 -4.040727019309997559e-01
5.478910803794860840e-01 -1.005177021026611328e+00 -2.505436725914478302e-02 8.672927021980285645e-01 5.516656041145324707e-01 5.503599047660827637e-01 -1.873410195112228394e-01 2.359658330678939819e-01 3.287242352962493896e-01 -3.058608770370483398e-01 3.457486033439636230e-01 -4.692653417587280273e-01 -7.912345528602600098e-01 -3.973009437322616577e-02 2.407172769308090210e-01 8.767676949501037598e-01 -5.728882551193237305e-01 7.737766504287719727e-01 2.186667770147323608e-01 1.539825350046157837e-01 1.278455257415771484e-01 9.674776196479797363e-01 2.009253501892089844e-01 9.866118431091308594e-02 -8.196545243263244629e-01 8.211361765861511230e-01 2.103570401668548584e-01 -7.215132471174001694e-03 5.829246044158935547e-01 -8.016733918339014053e-04 -9.267314076423645020e-01 -7.510368525981903076e-02 -4.511044621467590332e-01 -2.569872140884399414e-01 3.427014350891113281e-01 8.947006613016128540e-02 -3.030173778533935547e-01 -6.809560060501098633e-01 -8.166644573211669922e-01 -1.559054404497146606e-01 1.742676794528961182e-01 2.113246917724609375e-01 6.705616712570190430e-01 -3.534462451934814453e-01 1.021505951881408691e+00 1.937953680753707886e-01 -4.687805473804473877e-01 -4.463870823383331299e-01 2.024976015090942383e-01 5.230695605278015137e-01 -4.008928835391998291e-01 7.101033926010131836e-01 8.133584260940551758e-01 6.816348433494567871e-02 1.039713025093078613e+00 2.569902837276458740e-01 9.360843896865844727e-01 1.055437847971916199e-01 -4.829964935779571533e-01 5.921615362167358398e-01 -8.109716773033142090e-01 -5.400925874710083008e-01 2.133361101150512695e-01 4.961213767528533936e-01
5.334296226501464844e-01 -1.135612368583679199e+00 2.146557122468948364e-01 7.928882241249084473e-01 -5.459040869027376175e-03 -6.235516667366027832e-01 1.166767627000808716e-01 -1.891462802886962891e-01 -7.444298863410949707e-01 -7.142637372016906738e-01 -9.690362960100173950e-02 -2.644072473049163818e-01 1.012442111968994141e-01 4.590189456939697266e-01 6.303980946540832520e-01 2.765006199479103088e-02 -1.003850772976875305e-01 6.393916010856628418e-01 -4.084179699420928955e-01 3.078830838203430176e-01 4.141202270984649658e-01 6.942310929298400879e-01 8.606366813182830811e-02 -3.019402325153350830e-01 4.561292007565498352e-02 -3.394001722335815430e-01 -3.566946983337402344e-01 -1.047952771186828613e-01 7.392265200614929199e-01 6.557117402553558350e-02 -3.067573308944702148e-01 5.129703283309936523e-01 3.849474489688873291e-01 2.590721845626831055e-01 4.113705158233642578e-01 -1.041866615414619446e-01 9.348549693822860718e-02 -1.940090656280517578e-01 -3.361083269119262695e-01 1.806460618972778320e-01 3.181940689682960510e-02 6.598043441772460938e-01 3.752415478229522705e-01 3.793517351150512695e-01 9.087442755699157715e-01 -2.237084805965423584e-01 1.407167613506317139e-01 2.661936283111572266e-01 -7.633132338523864746e-01 4.266842734068632126e-03 -1.246655061841011047e-01 4.235925972461700439e-01 6.145451664924621582e-01 4.409157633781433105e-01 6.926077604293823242e-01 6.725662946701049805e-01 1.379558295011520386e-01 2.414320781826972961e-02 -2.215263396501541138e-01 6.477332115173339844e-01 -1.032358050346374512e+00 5.344112515449523926e-01 1.554436981678009033e-01 2.032213956117630005e-01
-4.796212613582611084e-01 -6.330253481864929199e-01 6.425495445728302002e-02 7.603056430816650391e-01 7.881816476583480835e-02 -5.147233605384826660e-01 3.033287227153778076e-01 -1.447073370218276978e-02 -1.046453952789306641e+00 -6.267328858375549316e-01 -5.431716796010732651e-03 1.142106726765632629e-01 -2.662813365459442139e-01 -6.626164913177490234e-02 8.620888590812683105e-01 1.917141824960708618e-01 -4.169451296329498291e-01 3.786236643791198730e-01 -1.251007765531539917e-01 1.280144453048706055e-01 -3.303515315055847168e-01 -2.872419655323028564e-01 2.203610688447952271e-01 -1.764202564954757690e-01 2.993147075176239014e-01 6.834954023361206055e-01 -5.014085173606872559e-01 -1.041930466890335083e-01 4.140156209468841553e-01 -3.178021311759948730e-01 3.632983565330505371e-01 3.287907242774963379e-01 -4.443709254264831543e-01 -5.371460914611816406e-01 1.088059470057487488e-01 1.125210151076316833e-01 -6.152083277702331543e-01 -1.943186223506927490e-01 -5.200275778770446777e-02 4.739052653312683105e-01 -3.203257322311401367e-01 -1.162349581718444824e-01 1.848576776683330536e-02 8.547237515449523926e-02 9.415288567543029785e-01 -2.580502927303314209e-01 6.025624275207519531e-01 2.729718685150146484e-01 -2.779373824596405029e-01 1.064187526702880859e+00 -2.051410079002380371e-01 4.673173129558563232e-01 4.950084686279296875e-01 2.357312142848968506e-01 1.402383744716644287e-01 8.243154883384704590e-01 -1.508479267358779907e-01 -1.000908091664314270e-01 5.431199073791503906e-01 1.153198122978210449e+00 -2.283611595630645752e-01 -9.755740314722061157e-02 -4.077976942062377930e-01 1.463433504104614258e-01
5.771664381027221680e-01 -1.141580104827880859e+00 2.761157453060150146e-01 4.726849794387817383e-01 1.060437411069869995e-01 -7.970547080039978027e-01 3.190504908561706543e-01 2.452836334705352783e-01 -4.651319980621337891e-01 -6.015543937683105469e-01 -3.739887475967407227e-01 -3.653142154216766357e-01 -2.384394407272338867e-01 -1.627713590860366821e-01 3.498685359954833984e-01 2.061076164245605469e-01 3.825459778308868408e-01 5.483185648918151855e-01 -2.271924167871475220e-01 9.680380672216415405e-02 4.461484849452972412e-01 4.392515122890472412e-01 9.526657313108444214e-02 1.937309205532073975e-01 2.504781186580657959e-01 5.484450608491897583e-02 -5.240253210067749023e-01 -1.375773102045059204e-01 2.118337899446487427e-01 -1.277990490198135376e-01 -3.636181950569152832e-01 7.532573938369750977e-01 4.242053031921386719e-01 1.435479074716567993e-01 3.001941144466400146e-01 -1.600222438573837280e-01 -1.476041227579116821e-01 -4.024891853332519531e-01 -6.527078151702880859e-01 2.985100634396076202e-02 -3.514039516448974609e-01 4.760449528694152832e-01 1.485737115144729614e-01 -6.832443177700042725e-02 9.561709165573120117e-01 -5.560316890478134155e-02 3.097817897796630859e-01 3.153918683528900146e-01 -2.869794964790344238e-01 4.076674580574035645e-01 -3.214300274848937988e-01 5.130399465560913086e-01 6.897070407867431641e-01 2.010951638221740723e-01 7.112520337104797363e-01 6.474425196647644043e-01 2.598495781421661377e-01 7.610423117876052856e-02 9.092681854963302612e-02 5.373312830924987793e-01 -1.141350984573364258e+00 1.823865026235580444e-01 8.836750686168670654e-02 3.792089223861694336e-01
8.579174280166625977e-01 2.121371924877166748e-01 -2.207490950822830200e-01 1.619769074022769928e-02 6.201317310333251953e-01 -1.383178494870662689e-02 6.413685083389282227e-01 -3.546359539031982422e-01 -7.756096720695495605e-01 -1.528746634721755981e-02 2.246724069118499756e-01 -9.108964800834655762e-01 -1.158318296074867249e-01 -2.199394255876541138e-01 1.291123390197753906e+00 5.632665753364562988e-01 -2.521546483039855957e-01 -6.787860393524169922e-01 6.779162287712097168e-01 1.773044168949127197e-01 4.311032220721244812e-02 3.158923089504241943e-01 2.797723710536956787e-01 -1.019841909408569336e+00 -2.810232937335968018e-01 7.733526229858398438e-01 -4.086005091667175293e-01 8.769513368606567383e-01 1.609075367450714111e-01 1.463374197483062744e-01 -5.157591104507446289e-01 5.460057854652404785e-01 -1.666688024997711182e-01 -1.999092996120452881e-01 -4.694783389568328857e-01 -9.075705707073211670e-02 -1.547117382287979126e-01 -1.263282597064971924e-01 -3.647846877574920654e-01 -6.303607225418090820e-01 2.097036242485046387e-01 2.821262180805206299e-01 -1.710150092840194702e-01 -1.908276677131652832e-01 2.219844460487365723e-01 -2.001231722533702850e-02 2.719114124774932861e-01 2.837522327899932861e-01 -3.296136856079101562e-02 3.702456653118133545e-01 5.517501756548881531e-02 -5.177128911018371582e-01 -2.344901859760284424e-01 8.731024712324142456e-02 -2.884866297245025635e-01 1.062573671340942383e+00 -2.593535184860229492e-01 -6.645155549049377441e-01 -3.871544077992439270e-02 -1.009993180632591248e-01 -7.246661782264709473e-01 3.291014730930328369e-01 1.416566967964172363e-01 -1.865351647138595581e-01
-2.338196486234664917e-01 -6.522622704505920410e-01 -2.889431416988372803e-01 1.679121851921081543e-01 -7.275065779685974121e-02 -1.213799342513084412e-01 3.132095336914062500e-01 2.547265030443668365e-02 -5.757997632026672363e-01 -1.912265829741954803e-02 3.885239958763122559e-01 2.853086404502391815e-02 -4.360125958919525146e-01 2.400119975209236145e-02 5.592224001884460449e-01 -2.502678930759429932e-01 -1.644121110439300537e-01 2.339015603065490723e-01 -2.259690314531326294e-01 3.567219153046607971e-02 -6.825515031814575195e-01 -1.830032318830490112e-01 2.153427004814147949e-01 -3.379079997539520264e-01 -3.003545664250850677e-02 8.721797466278076172e-01 2.933249473571777344e-01 2.240426987409591675e-01 6.664373278617858887e-01 1.217035576701164246e-01 2.869848906993865967e-01 4.786784574389457703e-02 -5.065204501152038574e-01 -2.344042956829071045e-01 5.626730918884277344e-01 1.687606424093246460e-01 -8.337717056274414062e-01 -6.782029569149017334e-02 5.541481375694274902e-01 1.570080071687698364e-01 3.706753253936767578e-02 1.101517155766487122e-01 -5.331996679306030273e-01 -1.476331893354654312e-02 1.296157002449035645e+00 -7.879756093025207520e-01 -1.488949805498123169e-01 -3.000569641590118408e-01 1.525599360466003418e-01 7.627555727958679199e-01 2.402327582240104675e-02 -6.538096666336059570e-01 9.000126123428344727e-01 6.555004119873046875e-01 5.841662883758544922e-01 5.722088813781738281e-01 -5.844255685806274414e-01 -2.877795398235321045e-01 6.098464131355285645e-01 1.368873119354248047e+00 -6.771959066390991211e-01 2.532354295253753662e-01 -3.612129949033260345e-03 4.591920375823974609e-01
-3.114555217325687408e-02 1.243979185819625854e-01 7.124221324920654297e-01 5.291864275932312012e-01 -3.834417760372161865e-01 3.650823840871453285e-03 8.570915460586547852e-02 -3.811617195606231689e-01 -1.492026597261428833e-01 -1.624495089054107666e-01 1.394561380147933960e-01 -7.312096953392028809e-01 -5.893012881278991699e-01 2.698782086372375488e-01 1.949431300163269043e-01 3.648658096790313721e-01 5.141729116439819336e-01 -6.033617854118347168e-01 -6.057441830635070801e-01 5.431115031242370605e-01 1.643820852041244507e-01 5.895758867263793945e-01 2.627421021461486816e-01 -1.490010768175125122e-01 2.501524388790130615e-01 7.220729589462280273e-01 -5.425315499305725098e-01 3.552522361278533936e-01 3.821777105331420898e-01 -5.443360209465026855e-01 4.613923430442810059e-01 -2.015803456306457520e-01 6.375171244144439697e-02 9.941554814577102661e-02 -6.832727044820785522e-02 -7.291563153266906738e-01 -9.121742099523544312e-02 -2.315209507942199707e-01 -1.755103319883346558e-01 5.952802300453186035e-01 -8.702487945556640625e-01 -2.190658450126647949e-01 6.616676449775695801e-01 -1.008171867579221725e-02 2.623959779739379883e-01 4.260077257640659809e-04 -9.466683864593505859e-01 3.741212785243988037e-01 -3.044105470180511475e-01 1.159522771835327148e+00 -6.731370836496353149e-02 8.451902866363525391e-02 4.680981636047363281e-01 -7.654713094234466553e-02 3.062548637390136719e-01 4.918891489505767822e-01 -4.608975648880004883e-01 -4.044880568981170654e-01 4.865294694900512695e-02 8.531030416488647461e-01 5.238398443907499313e-03 -2.333320975303649902e-01 5.314462259411811829e-02 6.605651974678039551e-02
5.993058085441589355e-01 -8.160521984100341797e-01 4.456822872161865234e-01 -3.566463291645050049e-01 -2.235413715243339539e-02 7.907057404518127441e-01 -1.955407857894897461e-01 -1.171255588531494141e+00 -9.780884385108947754e-01 -4.657100141048431396e-01 3.563853204250335693e-01 -5.383766293525695801e-01 -1.207652449607849121e+00 -4.863740801811218262e-01 1.872754544019699097e-01 1.150111407041549683e-01 1.408215016126632690e-01 -6.300215125083923340e-01 2.028327584266662598e-01 -7.357162237167358398e-02 -5.874195098876953125e-01 1.096340537071228027e+00 4.822623133659362793e-01 -4.236552715301513672e-01 -5.921497344970703125e-01 4.430014789104461670e-01 -3.861628472805023193e-01 -1.555649936199188232e-01 -3.135007321834564209e-01 -8.647072911262512207e-01 2.043978422880172729e-01 -4.316566288471221924e-01 9.078616648912429810e-02 -1.247936114668846130e-02 3.055040538311004639e-01 -4.541599377989768982e-02 -7.790916413068771362e-02 2.348346412181854248e-01 -6.186379790306091309e-01 9.820887446403503418e-02 1.572078838944435120e-02 2.462527304887771606e-01 -3.567760810256004333e-02 1.720705628395080566e-01 1.008036375045776367e+00 3.709295690059661865e-01 2.441755682229995728e-01 -3.474432528018951416e-01 -3.986998200416564941e-01 6.973594427108764648e-01 -1.788216382265090942e-01 9.222096949815750122e-02 2.958316802978515625e-01 1.165282726287841797e-01 -2.218955606222152710e-01 2.736005783081054688e-01 -1.270744390785694122e-02 4.752248153090476990e-02 -5.381873250007629395e-01 8.841565847396850586e-01 -5.428848415613174438e-02 -3.106831610202789307e-01 3.744224309921264648e-01 6.618461608886718750e-01
5.232112407684326172e-01 -4.337761104106903076e-01 -2.323927730321884155e-01 7.065653800964355469e-01 -1.278800219297409058e-01 -5.434703230857849121e-01 6.020041108131408691e-01 -5.440540909767150879e-01 -1.454288512468338013e-01 -4.958755075931549072e-01 2.569031156599521637e-02 -7.522894740104675293e-01 -1.958757340908050537e-01 8.525763452053070068e-02 -4.022051393985748291e-01 7.848894000053405762e-01 4.966438114643096924e-01 1.221115589141845703e-01 1.957426518201828003e-01 1.050062552094459534e-01 -2.654435634613037109e-01 3.740192949771881104e-01 4.296372830867767334e-01 -1.263287186622619629e+00 1.788676381111145020e-01 3.312909305095672607e-01 1.382372528314590454e-01 2.856245040893554688e-01 4.046365022659301758e-01 -4.126412868499755859e-01 -2.404439598321914673e-01 1.619347482919692993e-01 7.273808121681213379e-02 5.590636134147644043e-01 6.919047981500625610e-02 -7.679780125617980957e-01 -1.632357686758041382e-01 -3.015482127666473389e-01 -1.008334994316101074e+00 -4.653009772300720215e-01 -5.585141777992248535e-01 -6.190089583396911621e-01 -2.537932991981506348e-01 2.704143822193145752e-01 1.484964936971664429e-01 -3.948022723197937012e-01 2.408843934535980225e-01 2.789125144481658936e-01 6.301282048225402832e-01 -2.543794363737106323e-02 -3.158723115921020508e-01 -6.368539929389953613e-01 3.521504402160644531e-01 1.701962947845458984e-01 1.228996142745018005e-01 3.292052745819091797e-01 -5.227048397064208984e-01 1.332304179668426514e-01 1.546549052000045776e-01 2.538796663284301758e-01 -6.328713297843933105e-01 -3.840017914772033691e-01 4.542137086391448975e-01 5.330447554588317871e-01
2.159250527620315552e-01 -3.176348209381103516e-01 -2.835702598094940186e-01 3.980251848697662354e-01 3.751305639743804932e-01 3.383533954620361328e-01 8.163166642189025879e-01 1.003253534436225891e-01 4.301637709140777588e-01 -4.602571129798889160e-01 -1.565503180027008057e-01 -1.512931734323501587e-01 -5.201070308685302734e-01 -3.492085933685302734e-01 7.280220389366149902e-01 1.100079774856567383e+00 2.588484585285186768e-01 -2.241527885198593140e-01 1.364511102437973022e-01 7.938052415847778320e-01 -1.052224189043045044e-01 1.036583483219146729e-01 2.309247851371765137e-01 -4.077107608318328857e-01 -4.373799860477447510e-01 6.147599816322326660e-01 -2.473434954881668091e-01 2.224364429712295532e-01 3.432660996913909912e-01 -3.997932672500610352e-01 1.678682118654251099e-01 -5.620105862617492676e-01 4.784604534506797791e-02 1.497700437903404236e-02 -2.849369123578071594e-02 3.420331478118896484e-01 3.790515363216400146e-01 4.072279632091522217e-01 1.845272779464721680e-01 -2.753827869892120361e-01 -9.111419916152954102e-01 1.403733529150485992e-02 6.354002952575683594e-01 1.184536293148994446e-01 9.677721858024597168e-01 -3.802795410156250000e-01 2.650105655193328857e-01 -4.053036570549011230e-01 -4.134881794452667236e-01 -1.733149737119674683e-01 -4.158460199832916260e-01 -4.966617226600646973e-01 6.819239854812622070e-01 6.762427687644958496e-01 -2.429339885711669922e-01 -1.270201802253723145e-01 5.248150229454040527e-01 -2.328976243734359741e-01 -3.613048791885375977e-01 -3.756067752838134766e-01 -1.264918208122253418e+00 -4.476017951965332031e-01 4.442066848278045654e-01 5.374656617641448975e-02
2.169008702039718628e-01 -2.027767710387706757e-02 1.204113885760307312e-01 8.156218528747558594e-01 3.763058483600616455e-01 1.882616430521011353e-01 -1.477728933095932007e-01 -6.625556945800781250e-01 -1.182111740112304688e+00 -1.859302222728729248e-01 2.655749917030334473e-01 2.018578946590423584e-01 1.252203434705734253e-02 -5.771000385284423828e-01 1.110201597213745117e+00 1.191615536808967590e-01 2.148870825767517090e-01 3.893350064754486084e-01 7.138873934745788574e-01 -9.601349942386150360e-03 -3.545157909393310547e-01 1.116365671157836914e+00 8.504212498664855957e-01 5.199856162071228027e-01 -6.229778528213500977e-01 1.624527096748352051e+00 1.312522739171981812e-01 -6.286017894744873047e-01 7.973440289497375488e-01 -4.508136212825775146e-01 -7.803134918212890625e-01 -1.544425636529922485e-01 8.481634855270385742e-01 -4.907503128051757812e-01 5.848342180252075195e-01 -7.189201116561889648e-01 -1.024384260177612305e+00 4.425495266914367676e-01 -5.002019405364990234e-01 6.654179692268371582e-01 2.808849215507507324e-01 5.870313644409179688e-01 7.530143857002258301e-01 -6.039689779281616211e-01 1.090239167213439941e+00 -1.067918658256530762e+00 -1.401568651199340820e-01 6.045510172843933105e-01 -4.050035774707794189e-01 8.506029844284057617e-01 -7.647650241851806641e-01 -7.452798485755920410e-01 7.466799616813659668e-01 6.576996445655822754e-01 2.815573513507843018e-01 7.930011749267578125e-01 -1.620720475912094116e-01 -1.153853014111518860e-01 -1.109240293502807617e+00 6.697557568550109863e-01 -7.507642507553100586e-01 1.942193359136581421e-01 2.014054954051971436e-01 -2.030658125877380371e-01
6.517079472541809082e-01 -6.336823701858520508e-01 5.943596363067626953e-01 2.992312908172607422e-01 1.950531750917434692e-01 2.501974999904632568e-01 -2.728857100009918213e-01 -1.729640923440456390e-02 -1.469672322273254395e+00 9.966274499893188477e-01 2.507211454212665558e-02 -6.533456444740295410e-01 -2.886712253093719482e-01 1.127508655190467834e-01 1.067152172327041626e-01 8.634087443351745605e-01 1.056679412722587585e-01 -5.710508301854133606e-02 -3.750783205032348633e-01 6.814329624176025391e-01 6.698035001754760742e-01 9.215168952941894531e-01 -2.206472009420394897e-01 -4.345651268959045410e-01 2.694287598133087158e-01 8.595198988914489746e-01 2.086040191352367401e-02 -7.603408694267272949e-01 3.128312230110168457e-01 -2.608337700366973877e-01 -5.531779527664184570e-01 -2.829489111900329590e-01 8.006851375102996826e-02 2.585441470146179199e-01 -1.013208180665969849e-01 5.695304274559020996e-01 -1.099710464477539062e-01 -5.467386245727539062e-01 -6.252234578132629395e-01 4.703497588634490967e-01 4.568243622779846191e-01 3.083232641220092773e-01 -6.576650142669677734e-01 -6.179416775703430176e-01 7.624995708465576172e-01 -7.363515496253967285e-01 5.594722628593444824e-01 1.632834076881408691e-01 -3.128531873226165771e-01 6.189289093017578125e-01 -4.528109431266784668e-01 1.505005955696105957e-01 5.494230985641479492e-01 8.680565655231475830e-02 1.014324277639389038e-01 -1.803999841213226318e-01 -4.366405010223388672e-01 -3.365072309970855713e-01 1.575930267572402954e-01 4.919774830341339111e-01 -1.000075340270996094e+00 -4.839488565921783447e-01 2.387958019971847534e-01 2.953518414869904518e-03
2.177953720092773438e-01 6.618188023567199707e-01 -6.704517602920532227e-01 5.815158486366271973e-01 7.721488475799560547e-01 9.142068214714527130e-03 5.647855997085571289e-01 -2.804735004901885986e-01 -2.019236087799072266e-01 3.682217299938201904e-01 -3.417079150676727295e-01 -6.998867988586425781e-01 3.033367730677127838e-02 3.212088942527770996e-01 9.208234548568725586e-01 8.323895931243896484e-01 -1.482954770326614380e-01 -6.105654239654541016e-01 6.278860569000244141e-01 1.634894311428070068e-01 1.038050949573516846e-01 2.151056192815303802e-02 3.081782907247543335e-02 -5.412893295288085938e-01 -6.623203754425048828e-01 2.145925909280776978e-01 4.888738319277763367e-02 4.572154283523559570e-01 1.069888994097709656e-01 -7.462795823812484741e-02 4.615695476531982422e-01 -7.084546685218811035e-01 -1.298633813858032227e-01 3.882063925266265869e-01 1.259477883577346802e-01 4.122245609760284424e-01 1.870562881231307983e-01 1.067384332418441772e-01 -3.854016363620758057e-01 5.032738447189331055e-01 -9.441729784011840820e-01 6.666294336318969727e-01 -3.274194896221160889e-01 3.268304467201232910e-01 6.414785385131835938e-01 -1.415877789258956909e-01 -5.629183650016784668e-01 3.330508172512054443e-01 -4.322727322578430176e-01 2.777179777622222900e-01 -1.763763427734375000e-01 -1.351292878389358521e-01 3.506430387496948242e-01 -3.034623712301254272e-02 -8.226414769887924194e-02 4.051236212253570557e-01 1.240613982081413269e-01 -1.806591451168060303e-01 -1.760417670011520386e-01 1.431526839733123779e-01 -1.044010162353515625e+00 -1.708128303289413452e-01 -3.337826579809188843e-02 5.087531208992004395e-01
5.280658006668090820e-01 -4.279327988624572754e-01 -3.002530932426452637e-01 2.294618934392929077e-01 1.485831588506698608e-01 2.148717641830444336e-01 -3.388293385505676270e-01 5.083490610122680664e-01 -5.603147745132446289e-01 4.725924506783485413e-02 6.835625171661376953e-01 -6.681920289993286133e-01 -5.417042970657348633e-01 5.729118585586547852e-01 7.782199233770370483e-02 6.399614214897155762e-01 -2.304229736328125000e-01 3.446144461631774902e-01 2.413834631443023682e-01 -2.819639146327972412e-01 -4.288464486598968506e-01 -2.952886521816253662e-01 -1.146875619888305664e-01 -7.776356935501098633e-01 4.016127064824104309e-02 3.307080566883087158e-01 1.339519321918487549e-01 3.577863872051239014e-01 1.916854381561279297e-01 -2.474718689918518066e-01 2.681997120380401611e-01 -6.689207553863525391e-01 1.914019435644149780e-01 3.655199110507965088e-01 6.872951984405517578e-01 -2.152325212955474854e-01 -5.148982405662536621e-01 1.932099810801446438e-03 -5.259668454527854919e-02 -4.046874940395355225e-01 -5.840364694595336914e-01 -3.064857050776481628e-02 1.529081165790557861e-01 1.316082030534744263e-01 2.170278131961822510e-01 -2.765433490276336670e-01 -5.054396390914916992e-01 5.821291804313659668e-01 2.773952484130859375e-01 3.606138825416564941e-01 2.185478806495666504e-01 -4.866990447044372559e-01 5.353953242301940918e-01 7.711091637611389160e-01 -3.461439162492752075e-02 5.624453425407409668e-01 2.915478348731994629e-01 -4.559118449687957764e-01 -5.161978006362915039e-01 7.363040447235107422e-01 -5.327551960945129395e-01 -2.702421247959136963e-01 2.758716344833374023e-01 -2.440771013498306274e-01
3.422080278396606445e-01 3.473358154296875000e-01 -3.372565805912017822e-01 6.964156776666641235e-02 1.325150718912482262e-03 2.152020335197448730e-01 -2.804815955460071564e-02 -3.234626948833465576e-01 -2.194805629551410675e-02 2.786597907543182373e-01 9.606932848691940308e-02 -6.743534803390502930e-01 -4.423011839389801025e-01 -1.643882244825363159e-01 2.251115590333938599e-01 1.012655377388000488e+00 3.460192978382110596e-01 -5.930485725402832031e-01 1.366488039493560791e-01 6.867643594741821289e-01 4.873155653476715088e-01 4.032617509365081787e-01 8.771300315856933594e-02 -3.761001229286193848e-01 1.444572508335113525e-01 4.221830964088439941e-01 -6.067093610763549805e-01 2.553140511736273766e-03 2.524826228618621826e-01 -1.109501048922538757e-01 7.011530548334121704e-02 -3.778386414051055908e-01 -8.486926555633544922e-02 -2.179954349994659424e-01 -9.407997876405715942e-02 2.215564996004104614e-01 -2.234491705894470215e-02 4.235520362854003906e-01 -2.342253178358078003e-01 7.795484066009521484e-01 -8.481649160385131836e-01 -1.680205613374710083e-01 -5.518854260444641113e-01 -4.742740094661712646e-02 6.904349476099014282e-02 -2.148347944021224976e-01 -4.830353558063507080e-01 1.119639351963996887e-02 -7.243387699127197266e-01 5.578414201736450195e-01 1.639925092458724976e-01 -1.071793586015701294e-01 5.688167810440063477e-01 3.841896355152130127e-01 4.563224315643310547e-01 -1.068372130393981934e-01 -6.113547086715698242e-01 1.009325906634330750e-01 -5.759682059288024902e-01 5.830823183059692383e-01 -4.114743173122406006e-01 9.751719981431961060e-02 4.800907522439956665e-02 7.922484874725341797e-01
4.217869043350219727e-01 -8.000493049621582031e-01 2.127556055784225464e-01 5.438532233238220215e-01 5.631507039070129395e-01 1.009473353624343872e-01 8.968825638294219971e-02 -1.320323050022125244e-01 -3.988004848361015320e-02 -4.299151599407196045e-01 1.798604428768157959e-01 -4.741440415382385254e-01 -3.856403827667236328e-01 -1.208023168146610260e-02 1.292163431644439697e-01 4.350992143154144287e-01 -5.864300131797790527e-01 8.065122365951538086e-01 4.955324232578277588e-01 4.166203737258911133e-01 1.999370604753494263e-01 9.217734336853027344e-01 4.035645425319671631e-01 9.758874773979187012e-02 -3.596595823764801025e-01 3.978002071380615234e-01 1.409405022859573364e-01 -1.491131931543350220e-01 6.430932283401489258e-01 2.524605393409729004e-01 -8.074012994766235352e-01 3.164818286895751953e-01 -3.646714985370635986e-01 -1.574685573577880859e-01 1.138075366616249084e-01 -2.640120387077331543e-01 -1.729499399662017822e-01 -5.213264226913452148e-01 -6.030415892601013184e-01 5.376968160271644592e-02 4.529201239347457886e-02 2.100513577461242676e-01 5.590362548828125000e-01 -1.413969397544860840e-01 1.082736492156982422e+00 2.312446683645248413e-01 -6.352615356445312500e-01 -1.156954560428857803e-02 8.265418559312820435e-02 2.423804551362991333e-01 -2.515603005886077881e-01 1.068529248237609863e+00 3.325410783290863037e-01 3.368009328842163086e-01 6.665006875991821289e-01 4.710985124111175537e-01 6.492547392845153809e-01 8.898203819990158081e-02 -1.300099790096282959e-01 3.310414552688598633e-01 -8.465173840522766113e-01 -3.231212496757507324e-01 6.555727450177073479e-04 6.654556989669799805e-01
2.860729098320007324e-01 3.847194463014602661e-02 -2.486890405416488647e-01 6.143059134483337402e-01 3.741936981678009033e-01 -3.456696402281522751e-03 -9.109932929277420044e-03 4.554568324238061905e-03 -5.793398022651672363e-01 4.440306723117828369e-01 1.471675187349319458e-01 -6.372613906860351562e-01 -5.796664357185363770e-01 3.248139917850494385e-01 9.082648903131484985e-02 5.368229150772094727e-01 3.728943169116973877e-01 -4.149064719676971436e-01 4.916385412216186523e-01 -1.084479540586471558e-01 -4.019860625267028809e-01 -4.273369908332824707e-01 -5.776595696806907654e-02 -1.134559154510498047e+00 -9.546540677547454834e-02 4.179352819919586182e-01 4.508072137832641602e-02 6.970747113227844238e-01 -5.027999281883239746e-01 2.840186655521392822e-01 7.892214506864547729e-02 -2.895340919494628906e-01 -3.359774947166442871e-01 4.406300187110900879e-01 4.574401378631591797e-01 -2.431872934103012085e-01 -8.493065237998962402e-01 -3.614163696765899658e-01 -3.099246695637702942e-02 1.905051618814468384e-01 -4.022854566574096680e-01 -1.834719330072402954e-01 6.754894256591796875e-01 1.410877257585525513e-01 5.808674097061157227e-01 -5.077499747276306152e-01 2.201166749000549316e-01 8.325430750846862793e-02 -7.687272131443023682e-02 5.249609351158142090e-01 3.191217184066772461e-01 -2.385996431112289429e-01 2.617627978324890137e-01 6.564902067184448242e-01 3.578566610813140869e-01 7.364897131919860840e-01 -1.375209093093872070e-01 -4.884313941001892090e-01 1.488542407751083374e-01 8.116282224655151367e-01 -2.214299738407135010e-01 2.283694408833980560e-02 9.349647164344787598e-02 -1.140331774950027466e-01
1.986438184976577759e-01 -1.505297515541315079e-02 1.103162690997123718e-01 7.828280925750732422e-01 3.965180516242980957e-01 1.988855749368667603e-01 -1.249913051724433899e-01 -6.802856922149658203e-01 -1.131216406822204590e+00 -2.042790800333023071e-01 2.577153444290161133e-01 1.835728138685226440e-01 2.548809535801410675e-02 -5.761828422546386719e-01 1.096562504768371582e+00 1.295852363109588623e-01 1.900523155927658081e-01 4.272776246070861816e-01 7.038181424140930176e-01 2.620376180857419968e-03 -3.522538542747497559e-01 1.112860202789306641e+00 8.504345417022705078e-01 4.961137473583221436e-01 -6.047311425209045410e-01 1.624222040176391602e+00 1.191511228680610657e-01 -6.250050067901611328e-01 7.923875451087951660e-01 -4.275239408016204834e-01 -8.084802031517028809e-01 -1.686482727527618408e-01 8.210207819938659668e-01 -4.671131074428558350e-01 5.825513005256652832e-01 -7.239402532577514648e-01 -1.040192008018493652e+00 4.483446776866912842e-01 -4.944986402988433838e-01 6.642047166824340820e-01 2.650959789752960205e-01 6.106381416320800781e-01 7.271218299865722656e-01 -5.960352420806884766e-01 1.093040108680725098e+00 -1.036556959152221680e+00 -1.276423037052154541e-01 5.898658633232116699e-01 -4.238924086093902588e-01 8.637182712554931641e-01 -7.634754180908203125e-01 -7.334576249122619629e-01 7.628684639930725098e-01 6.524022817611694336e-01 2.973679006099700928e-01 8.165001273155212402e-01 -1.501763164997100830e-01 -1.179884299635887146e-01 -1.119465589523315430e+00 6.439598798751831055e-01 -7.307346463203430176e-01 1.816135197877883911e-01 1.973351240158081055e-01 -1.881638169288635254e-01
1.521823741495609283e-02 4.819296300411224365e-02 -2.909115552902221680e-01 1.657495945692062378e-01 3.228159248828887939e-01 -3.499577343463897705e-01 3.825204819440841675e-02 -9.202337265014648438e-02 -1.913324445486068726e-01 1.087223216891288757e-01 4.040591418743133545e-01 -7.263501882553100586e-01 -6.627250909805297852e-01 2.586728334426879883e-01 1.526563465595245361e-01 4.821182489395141602e-01 1.760877072811126709e-01 -4.646881520748138428e-01 3.050305545330047607e-01 -2.943924367427825928e-01 -6.505824327468872070e-01 -1.865173727273941040e-01 5.173875689506530762e-01 -1.066572189331054688e+00 1.040480583906173706e-01 1.030916944146156311e-01 1.516674607992172241e-01 5.632444620132446289e-01 -1.165510788559913635e-01 2.436908930540084839e-01 5.076649785041809082e-01 -6.996647119522094727e-01 -1.669908165931701660e-01 1.076935604214668274e-01 4.219201207160949707e-01 -4.570035040378570557e-01 -5.685176849365234375e-01 -3.494400084018707275e-01 -1.921802908182144165e-01 1.333185881376266479e-01 -3.010477125644683838e-01 -1.409638971090316772e-01 5.215091705322265625e-01 -1.315855681896209717e-01 6.287960410118103027e-01 -4.136330783367156982e-01 -3.726963400840759277e-01 -1.417368501424789429e-01 1.536572128534317017e-01 6.214746236801147461e-01 5.330645442008972168e-01 -3.310456573963165283e-01 6.813372969627380371e-01 7.091004848480224609e-01 8.103188872337341309e-01 3.347775042057037354e-01 8.400575071573257446e-02 -2.929539680480957031e-01 2.137143611907958984e-01 6.963837146759033203e-01 -2.767077982425689697e-01 4.364769160747528076e-01 1.201078444719314575e-01 2.400631010532379150e-01
-1.194818019866943359e-01 -3.229081630706787109e-01 -3.224492669105529785e-01 6.462118029594421387e-01 -1.171580180525779724e-01 -1.431717276573181152e-01 -4.568003118038177490e-01 -4.994367361068725586e-01 -8.480311036109924316e-01 -7.145055383443832397e-02 -3.032132685184478760e-01 -6.630544066429138184e-01 -1.043531447649002075e-01 -5.235268473625183105e-01 1.247472882270812988e+00 -2.204370349645614624e-01 6.070225033909082413e-03 5.338532328605651855e-01 4.695177376270294189e-01 4.936104714870452881e-01 -6.058741211891174316e-01 9.728202819824218750e-01 4.011956453323364258e-01 -3.479422628879547119e-01 -8.220787048339843750e-01 5.098527073860168457e-01 2.229926735162734985e-02 1.531346738338470459e-01 -3.515942394733428955e-01 -1.899901330471038818e-01 -1.602822989225387573e-01 -6.514818668365478516e-01 -7.538422346115112305e-01 -9.036310315132141113e-01 6.617524027824401855e-01 -2.615191042423248291e-01 2.366920560598373413e-01 1.656049638986587524e-01 5.015848278999328613e-01 4.799372553825378418e-01 -3.060454428195953369e-01 -1.105237156152725220e-01 2.613511383533477783e-01 -5.291697382926940918e-01 9.304174184799194336e-01 -4.306485056877136230e-01 -3.889075517654418945e-01 -4.892421662807464600e-01 4.673210382461547852e-01 3.564271330833435059e-01 3.022350668907165527e-01 -1.820365488529205322e-01 1.152741432189941406e+00 5.164604187011718750e-01 1.411670744419097900e-01 2.888420037925243378e-02 -3.985310494899749756e-01 1.436337828636169434e-01 3.993424177169799805e-01 8.124536871910095215e-01 -1.069738268852233887e+00 1.565389335155487061e-01 8.368041515350341797e-01 -5.619615912437438965e-01
1.607287079095840454e-01 5.114628076553344727e-01 -4.966669976711273193e-01 7.805702686309814453e-01 5.681420564651489258e-01 2.248927354812622070e-01 6.674299836158752441e-01 -3.287115097045898438e-01 -3.718461990356445312e-01 1.839074492454528809e-01 -2.700038552284240723e-01 -6.057990789413452148e-01 1.655097156763076782e-01 -7.181269675493240356e-02 9.573956131935119629e-01 8.999067544937133789e-01 -1.975250393152236938e-01 -6.894698143005371094e-01 4.279263913631439209e-01 1.990633606910705566e-01 6.167083233594894409e-02 -1.780774295330047607e-01 -1.520196795463562012e-01 -6.111665964126586914e-01 -6.949538588523864746e-01 3.327564597129821777e-01 1.994010508060455322e-01 3.388502001762390137e-01 1.305626928806304932e-01 8.805493265390396118e-02 2.459352463483810425e-01 -6.572829484939575195e-01 -1.492951214313507080e-01 3.818535208702087402e-01 2.720800936222076416e-01 6.341804265975952148e-01 -1.402923166751861572e-01 -2.888218313455581665e-02 -3.917970061302185059e-01 4.155082404613494873e-01 -8.150596618652343750e-01 3.956309556961059570e-01 -2.623931765556335449e-01 4.311119914054870605e-01 5.106633305549621582e-01 -2.038690745830535889e-01 -6.659186482429504395e-01 3.194294869899749756e-01 -6.349613070487976074e-01 3.215961158275604248e-01 -1.075627654790878296e-01 -2.533565759658813477e-01 5.223957896232604980e-01 -1.036307364702224731e-01 -1.765600889921188354e-01 4.026235044002532959e-01 1.015700176358222961e-01 -3.627622723579406738e-01 -1.372395604848861694e-01 8.675497770309448242e-02 -1.046030521392822266e+00 -5.143007636070251465e-01 -7.080920040607452393e-02 4.780048727989196777e-01
3.126018941402435303e-01 3.510030806064605713e-01 -4.724803939461708069e-02 3.234220147132873535e-01 2.419528812170028687e-01 1.758268773555755615e-01 -1.974305696785449982e-02 8.833061158657073975e-02 -5.136516094207763672e-01 5.071139335632324219e-01 2.703804373741149902e-01 -8.636876940727233887e-01 -5.720440745353698730e-01 7.215262055397033691e-01 4.139377772808074951e-01 2.712853848934173584e-01 -1.760554462671279907e-01 -7.135977745056152344e-01 -1.859054863452911377e-01 1.182335093617439270e-01 -1.332778949290513992e-02 5.475237369537353516e-01 2.001150399446487427e-01 -9.579983949661254883e-01 -1.020594015717506409e-01 8.975531160831451416e-02 -4.429927170276641846e-01 3.237635493278503418e-01 -1.590421982109546661e-02 -3.122119903564453125e-01 3.103580772876739502e-01 -9.189546108245849609e-01 2.839953601360321045e-01 4.693733155727386475e-01 1.915672719478607178e-01 -3.675757050514221191e-01 -1.876363158226013184e-01 -1.238530650734901428e-01 -1.790843605995178223e-01 -1.739200353622436523e-01 -5.697390437126159668e-01 -4.037291705608367920e-01 8.819153308868408203e-01 1.482390463352203369e-01 6.254347562789916992e-01 -3.478591889142990112e-02 -2.653802037239074707e-01 -1.120107434689998627e-02 -2.766077220439910889e-01 6.164743304252624512e-01 3.370553255081176758e-01 2.325329482555389404e-01 -6.519800517708063126e-03 4.079829752445220947e-01 1.808164119720458984e-01 9.276742339134216309e-01 1.620042920112609863e-01 -6.090866923332214355e-01 2.295731157064437866e-01 8.166056871414184570e-01 -2.949651479721069336e-01 -4.165812432765960693e-01 -4.831333830952644348e-02 -1.232996582984924316e-01
5.613877773284912109e-01 1.264362409710884094e-02 4.428029954433441162e-01 2.049075961112976074e-01 4.556118547916412354e-01 -5.978286266326904297e-01 -1.695659160614013672e-01 -3.128404617309570312e-01 -2.992060184478759766e-01 4.273667335510253906e-01 4.758762419223785400e-01 1.909209638833999634e-01 -3.507748544216156006e-01 -1.538116931915283203e-01 4.957861900329589844e-01 9.408438205718994141e-01 2.626347243785858154e-01 4.886960685253143311e-01 6.491217017173767090e-01 4.924214184284210205e-01 5.911222100257873535e-01 8.673885464668273926e-01 5.487031936645507812e-01 -3.356018662452697754e-01 -3.813960552215576172e-01 5.515387654304504395e-01 -3.409385979175567627e-01 -1.970884948968887329e-01 6.750258207321166992e-01 -8.341439068317413330e-02 -3.092139959335327148e-01 2.754576802253723145e-01 -2.837673127651214600e-01 4.872298240661621094e-01 -3.672879040241241455e-01 3.079735338687896729e-01 3.614438474178314209e-01 -5.288854837417602539e-01 -1.022951379418373108e-01 8.607707172632217407e-02 -4.122026562690734863e-01 2.632358670234680176e-01 -1.817731373012065887e-02 -6.932604908943176270e-01 2.783877253532409668e-01 -3.618414700031280518e-01 -5.706924572587013245e-02 -5.298758745193481445e-01 -7.414554357528686523e-01 4.423666298389434814e-01 -2.071202099323272705e-01 -5.572655051946640015e-02 -2.664306163787841797e-01 3.408789634704589844e-01 2.677911818027496338e-01 -5.621578693389892578e-01 -4.876221716403961182e-01 -4.693776071071624756e-01 -1.097469925880432129e-01 7.207761406898498535e-01 -4.280632138252258301e-01 1.743918359279632568e-01 2.101089060306549072e-01 -1.656639426946640015e-01
1.265925019979476929e-01 4.725774228572845459e-01 -4.126391112804412842e-01 2.661357820034027100e-01 3.270458579063415527e-01 -1.679929643869400024e-01 6.874778270721435547e-01 -4.562234580516815186e-01 -2.005172520875930786e-01 5.578024983406066895e-01 -2.555779516696929932e-01 -6.450892686843872070e-01 4.389621689915657043e-02 1.685824394226074219e-01 4.770660996437072754e-01 1.025568008422851562e+00 4.987474996596574783e-03 -4.422207176685333252e-01 2.057529836893081665e-01 2.131500393152236938e-01 2.533135414123535156e-01 -7.949672639369964600e-02 2.024956643581390381e-01 -2.764847278594970703e-01 -4.932735264301300049e-01 4.988870918750762939e-01 -1.608101725578308105e-01 3.875934481620788574e-01 9.418848156929016113e-02 -8.727756887674331665e-02 3.592773675918579102e-01 -8.704741597175598145e-01 -1.697791069746017456e-01 2.866902053356170654e-01 -5.278773233294487000e-02 5.938534140586853027e-01 -2.555776834487915039e-01 2.173169404268264771e-01 -2.009752839803695679e-01 6.502236127853393555e-01 -6.994472146034240723e-01 2.347601652145385742e-01 -1.934201568365097046e-01 1.732032746076583862e-01 3.397478461265563965e-01 -1.247320547699928284e-01 -8.050209283828735352e-01 2.819195985794067383e-01 -9.254291653633117676e-01 4.262243509292602539e-01 -4.018261283636093140e-02 -9.683772921562194824e-02 6.106673479080200195e-01 -2.578624784946441650e-01 5.304486677050590515e-02 -2.636327035725116730e-02 -3.340505063533782959e-01 5.985422432422637939e-02 -1.356741189956665039e-01 1.850182265043258667e-01 -9.198549985885620117e-01 -2.342609316110610962e-01 1.721443533897399902e-01 7.400322556495666504e-01
-5.232461094856262207e-01 -4.375790655612945557e-01 -4.354947432875633240e-02 7.867320179939270020e-01 -4.208291471004486084e-01 -7.774325087666511536e-03 3.207274675369262695e-01 -3.036238551139831543e-01 -8.553453683853149414e-01 4.020293354988098145e-01 2.391245961189270020e-01 -5.945686697959899902e-01 -1.752194575965404510e-02 -3.202151060104370117e-01 1.095251441001892090e+00 4.555656611919403076e-01 2.995910048484802246e-01 3.508241772651672363e-01 4.983908236026763916e-01 1.038295269012451172e+00 -7.802271246910095215e-01 9.128510355949401855e-01 -3.541276156902313232e-01 -4.123614728450775146e-01 -6.845897436141967773e-01 1.951738297939300537e-01 -5.481591820716857910e-01 -7.957169413566589355e-02 -6.693354994058609009e-02 -1.795564293861389160e-01 -4.712412357330322266e-01 2.832545340061187744e-01 -5.641246438026428223e-01 -2.594774067401885986e-01 1.068811178207397461e+00 6.477349400520324707e-01 1.675278879702091217e-02 3.715278208255767822e-02 -8.594361692667007446e-02 -2.495725750923156738e-01 4.178054928779602051e-01 -2.282676100730895996e-01 7.197352051734924316e-01 2.447309643030166626e-01 1.179279685020446777e+00 1.984277218580245972e-01 -8.045753836631774902e-01 -6.657636165618896484e-02 5.911514535546302795e-02 9.060676693916320801e-01 -5.125441774725914001e-02 -5.020249634981155396e-02 9.653929471969604492e-01 1.229582913219928741e-02 3.092010915279388428e-01 -1.374333351850509644e-01 -8.254027962684631348e-01 2.851131260395050049e-01 3.057176433503627777e-02 2.069539129734039307e-01 -8.301563262939453125e-01 2.911764755845069885e-02 1.008357405662536621e+00 3.499107807874679565e-02
5.432015061378479004e-01 -2.301630675792694092e-01 4.038934409618377686e-01 3.687728941440582275e-01 1.870886534452438354e-01 -7.758655548095703125e-01 -2.090919613838195801e-01 4.637804627418518066e-01 -1.211160659790039062e+00 -2.310550361871719360e-01 8.609373569488525391e-01 -6.607173681259155273e-01 -3.052752315998077393e-01 -5.367230772972106934e-01 5.617629885673522949e-01 7.721989750862121582e-01 -2.873212695121765137e-01 1.692672222852706909e-01 -2.829532921314239502e-01 4.350478351116180420e-01 -5.188428759574890137e-01 1.832916438579559326e-01 -1.409375946968793869e-02 3.072682619094848633e-01 -4.443251788616180420e-01 9.486015439033508301e-01 -2.986506819725036621e-01 1.558444499969482422e-01 1.991454809904098511e-01 3.596263229846954346e-01 7.103343307971954346e-02 -5.685930848121643066e-01 -2.546733915805816650e-01 -7.350739836692810059e-02 2.643099129199981689e-01 -1.699587404727935791e-01 7.287603616714477539e-02 4.626710414886474609e-01 -2.359452694654464722e-01 -1.946988552808761597e-01 2.585974335670471191e-01 2.945069372653961182e-01 3.808439895510673523e-02 7.784656882286071777e-01 6.941140294075012207e-01 1.923639625310897827e-01 9.756135195493698120e-02 3.879083693027496338e-01 4.044833481311798096e-01 -8.042059093713760376e-02 1.534539759159088135e-01 -9.651344418525695801e-01 5.976147651672363281e-01 2.865514159202575684e-02 5.832418203353881836e-01 1.494228839874267578e-01 6.062725186347961426e-01 -5.337815284729003906e-01 -4.513946473598480225e-01 1.228739172220230103e-01 -1.388964354991912842e-01 -2.541541159152984619e-01 4.240615367889404297e-01 -4.387496709823608398e-01
-2.161214314401149750e-02 2.168540358543395996e-01 7.103684544563293457e-02 3.116246163845062256e-01 3.817510604858398438e-01 -6.177128478884696960e-02 -1.840868443250656128e-01 -2.703364193439483643e-02 -6.258563399314880371e-01 3.462384939193725586e-01 2.706601619720458984e-01 -8.877663016319274902e-01 -6.263056397438049316e-01 6.674124598503112793e-01 3.564701378345489502e-01 3.005431294441223145e-01 -5.361688137054443359e-02 -6.645283699035644531e-01 4.850171133875846863e-02 8.740810304880142212e-02 -2.507577836513519287e-01 2.598549425601959229e-01 2.041071653366088867e-01 -9.794005751609802246e-01 5.704732611775398254e-02 1.849500089883804321e-01 -4.893373847007751465e-01 4.399535953998565674e-01 -6.390216201543807983e-02 -5.374583601951599121e-01 -1.491289287805557251e-01 -8.461727499961853027e-01 3.695314824581146240e-01 5.728379487991333008e-01 1.103313043713569641e-01 -3.311819136142730713e-01 -2.594528794288635254e-01 -3.163454532623291016e-01 -2.801732718944549561e-01 -2.725084722042083740e-01 -6.285525560379028320e-01 -3.104177117347717285e-01 9.253112673759460449e-01 2.815319458022713661e-03 3.572432398796081543e-01 1.273464262485504150e-01 -3.320345580577850342e-01 1.636192947626113892e-02 -2.582578957080841064e-01 6.502336263656616211e-01 1.263121068477630615e-01 6.946287304162979126e-02 -7.841005921363830566e-02 4.064270853996276855e-01 8.092755079269409180e-02 1.101122021675109863e+00 1.756138205528259277e-01 -5.715194344520568848e-01 1.423146575689315796e-01 7.720448970794677734e-01 -4.163985252380371094e-01 -4.573371708393096924e-01 1.294275373220443726e-01 -2.771069407463073730e-01
3.683303296566009521e-01 -6.423835754394531250e-01 8.503564000129699707e-01 8.038465976715087891e-01 2.475880235433578491e-01 -2.751918733119964600e-01 -3.524300158023834229e-01 -3.749074935913085938e-01 -4.630026519298553467e-01 -1.720104664564132690e-01 -1.009733378887176514e-01 -2.662210166454315186e-01 -4.810022413730621338e-01 -5.349807739257812500e-01 3.915977776050567627e-01 -6.196795031428337097e-02 -3.061592876911163330e-01 5.275249481201171875e-01 1.243590787053108215e-01 3.857632577419281006e-01 1.912285238504409790e-01 6.448147296905517578e-01 1.453287303447723389e-01 4.127271473407745361e-01 -1.669724658131599426e-02 7.808930426836013794e-02 -1.796829402446746826e-01 3.880759775638580322e-01 4.999904334545135498e-01 1.698423773050308228e-01 -1.660893857479095459e-01 8.958765268325805664e-01 8.280612528324127197e-02 8.946369886398315430e-01 4.409712851047515869e-01 -1.442178338766098022e-01 -3.211413621902465820e-01 -3.091295957565307617e-01 -2.056948244571685791e-01 -2.551301717758178711e-01 -6.289546843618154526e-03 -4.835458993911743164e-01 -7.991072535514831543e-02 -3.464500010013580322e-01 7.335546016693115234e-01 -4.060353636741638184e-01 -8.007360994815826416e-02 2.915292605757713318e-02 -9.735548868775367737e-03 8.851277828216552734e-02 -1.891091614961624146e-01 7.080100178718566895e-01 9.659841060638427734e-01 4.489032924175262451e-01 2.586859762668609619e-01 7.679919600486755371e-01 2.982851862907409668e-01 -3.531406223773956299e-01 3.506318926811218262e-01 -7.325568795204162598e-02 -9.621282815933227539e-01 -4.481746256351470947e-01 2.284764349460601807e-01 2.784011885523796082e-02
5.674253702163696289e-01 -7.133740782737731934e-01 5.307746529579162598e-01 1.852289438247680664e-01 7.916025519371032715e-01 9.677458554506301880e-02 7.680642604827880859e-01 2.649526670575141907e-02 -5.667138695716857910e-01 1.081127047538757324e+00 1.774108260869979858e-01 -3.947593644261360168e-02 -7.551652193069458008e-01 -2.450167834758758545e-01 9.527469873428344727e-01 5.395511388778686523e-01 3.323927223682403564e-01 2.952367663383483887e-01 9.539684653282165527e-01 2.294991314411163330e-01 3.309964537620544434e-01 9.511322975158691406e-01 -1.843577921390533447e-01 -7.369278073310852051e-01 -1.161201745271682739e-01 4.281194806098937988e-01 -4.512165486812591553e-01 -9.432691335678100586e-02 1.104033112525939941e+00 8.095613867044448853e-02 4.609619826078414917e-02 1.429581493139266968e-01 -3.101764917373657227e-01 -9.055330753326416016e-01 9.472516179084777832e-01 -4.698050022125244141e-02 6.376476585865020752e-02 7.559952139854431152e-01 -2.239413708448410034e-01 4.598048329353332520e-01 7.548052817583084106e-02 2.476934492588043213e-01 2.355582565069198608e-01 2.735101878643035889e-01 8.179147243499755859e-01 -2.479889541864395142e-01 7.687252759933471680e-02 1.181512326002120972e-01 -5.297873020172119141e-01 6.779282689094543457e-01 -2.020612359046936035e-01 -1.275655906647443771e-02 6.780861616134643555e-01 -1.594378352165222168e-01 2.641829550266265869e-01 1.095628738403320312e+00 8.663142919540405273e-01 9.634244441986083984e-02 2.707140147686004639e-01 4.746996164321899414e-01 7.120428234338760376e-02 -6.976317763328552246e-01 1.108519509434700012e-01 -4.311998784542083740e-01
9.690654277801513672e-01 -4.883926808834075928e-01 9.358682632446289062e-01 4.741607699543237686e-04 -1.702175587415695190e-01 -2.271661907434463501e-01 4.356272816658020020e-01 5.714126229286193848e-01 -3.389147818088531494e-01 1.096130847930908203e+00 3.556097447872161865e-01 -6.572006344795227051e-01 -5.855607986450195312e-01 -1.068839207291603088e-01 9.997770190238952637e-01 1.424524784088134766e-01 -2.272242158651351929e-01 3.246201872825622559e-01 8.540220856666564941e-01 2.213506549596786499e-01 6.155838072299957275e-02 7.786021828651428223e-01 -4.481393992900848389e-01 -8.053405880928039551e-01 -4.119053184986114502e-01 6.663185358047485352e-01 -8.016074895858764648e-01 -1.250454038381576538e-01 1.409158110618591309e+00 -6.471613794565200806e-02 -5.050476640462875366e-02 -1.525614559650421143e-01 -7.337297499179840088e-02 -6.500282287597656250e-01 7.967147827148437500e-01 2.741810977458953857e-01 1.123456805944442749e-01 8.743997216224670410e-01 -3.910187482833862305e-01 7.321471571922302246e-01 1.541312187910079956e-01 7.908898591995239258e-02 5.518813133239746094e-01 6.213448643684387207e-01 9.620872735977172852e-01 -8.854171037673950195e-01 -2.196116596460342407e-01 -1.415051817893981934e-01 -3.213762938976287842e-01 9.562358260154724121e-01 -1.638441681861877441e-01 -6.935482472181320190e-02 2.668255567550659180e-01 -3.217191696166992188e-01 3.786007761955261230e-01 9.428712725639343262e-01 2.543497085571289062e-01 1.708701848983764648e-01 -1.992975920438766479e-01 2.164964377880096436e-01 -3.825596272945404053e-01 -3.631219565868377686e-01 1.142043992877006531e-01 -3.289020955562591553e-01
4.569084048271179199e-01 -1.047240972518920898e+00 5.156011581420898438e-01 4.966319799423217773e-01 1.994003057479858398e-01 -7.503514289855957031e-01 2.604124248027801514e-01 -7.431589066982269287e-02 -5.503337979316711426e-01 -7.254289388656616211e-01 -3.228766620159149170e-01 -4.358043372631072998e-01 -1.544131338596343994e-01 -2.441438660025596619e-02 5.070249438285827637e-01 2.009525746107101440e-01 -2.328435517847537994e-02 5.855222344398498535e-01 -4.911621510982513428e-01 1.247622910887002945e-02 3.315498232841491699e-01 4.807313680648803711e-01 -1.102199405431747437e-01 2.418926358222961426e-01 1.186531856656074524e-01 -6.938000023365020752e-02 -4.050085544586181641e-01 -1.176849529147148132e-01 4.502057433128356934e-01 1.454372555017471313e-01 -4.044539630413055420e-01 8.026723265647888184e-01 2.571378648281097412e-01 1.755159348249435425e-01 4.020347893238067627e-01 1.166114285588264465e-01 -3.527878969907760620e-02 -4.485650360584259033e-01 -6.096302270889282227e-01 -1.005773246288299561e-01 -4.457458853721618652e-01 6.540700197219848633e-01 -1.928565092384815216e-02 7.307257503271102905e-02 9.171367883682250977e-01 2.938678860664367676e-02 1.305882185697555542e-01 3.033267259597778320e-01 -3.733398318290710449e-01 5.845620036125183105e-01 -2.321375757455825806e-01 5.478587746620178223e-01 5.441172719001770020e-01 3.767153918743133545e-01 6.445954442024230957e-01 7.716810703277587891e-01 2.725160121917724609e-01 -4.654315859079360962e-02 2.032100707292556763e-01 7.093271017074584961e-01 -1.130863904953002930e+00 2.971965074539184570e-01 1.885327249765396118e-01 3.297148942947387695e-01
4.903135597705841064e-01 3.446778357028961182e-01 3.121805489063262939e-01 -2.227114140987396240e-01 1.837756484746932983e-01 -8.546187728643417358e-02 2.685480415821075439e-01 -1.390823870897293091e-01 -1.125754565000534058e-01 -2.892010211944580078e-01 5.057621002197265625e-01 -2.608667612075805664e-01 -4.621676504611968994e-01 -1.548114866018295288e-01 1.123572468757629395e+00 4.856054484844207764e-01 3.794795870780944824e-01 4.269297719001770020e-01 3.809629678726196289e-01 7.765434980392456055e-01 -2.343488037586212158e-01 3.794395029544830322e-01 5.434181690216064453e-01 -4.425682127475738525e-01 3.405310213565826416e-01 4.517453610897064209e-01 2.673862129449844360e-02 6.768528819084167480e-01 7.116567492485046387e-01 -4.295219779014587402e-01 7.116768360137939453e-01 -5.144726485013961792e-02 -7.050382494926452637e-01 3.284301161766052246e-01 6.265505403280258179e-02 4.338011443614959717e-01 1.827669888734817505e-01 -4.110027849674224854e-02 -3.934785723686218262e-01 -3.724909722805023193e-01 -7.826381921768188477e-01 -1.150110140442848206e-01 4.241729378700256348e-01 9.906243532896041870e-02 2.578960917890071869e-02 -7.355803996324539185e-02 4.104738533496856689e-01 -1.765766143798828125e-01 -5.449901223182678223e-01 -2.256153821945190430e-01 -1.346738338470458984e-01 -7.419833540916442871e-01 1.377980113029479980e-01 -2.127068638801574707e-01 -5.002237558364868164e-01 1.218331679701805115e-01 -7.995974272489547729e-02 -4.117824733257293701e-01 -7.622772455215454102e-01 4.049210250377655029e-01 -1.052483797073364258e+00 -3.336640894412994385e-01 -6.268246471881866455e-02 6.160694956779479980e-01
-1.442643254995346069e-02 5.114728212356567383e-02 -2.569518089294433594e-01 2.304731607437133789e-01 -1.004490777850151062e-01 3.102067112922668457e-01 5.459999442100524902e-01 4.507875564740970731e-05 -4.895290732383728027e-01 -2.742748856544494629e-01 1.421891927719116211e+00 -5.803689956665039062e-01 -4.144569933414459229e-01 -5.808271169662475586e-01 1.645293831825256348e+00 8.181648850440979004e-01 2.957649230957031250e-01 7.617760896682739258e-01 2.498681843280792236e-01 -6.509054303169250488e-01 7.940902709960937500e-01 4.043606221675872803e-01 2.791392803192138672e-01 3.396743237972259521e-01 -1.132835298776626587e-01 1.576788306236267090e+00 -9.488636255264282227e-01 6.147597432136535645e-01 4.011982381343841553e-01 -8.453524708747863770e-01 4.017676692456007004e-03 -5.374209284782409668e-01 4.206180274486541748e-01 5.373113155364990234e-01 -2.000767365097999573e-02 7.503800988197326660e-01 -2.716917693614959717e-01 6.747101545333862305e-01 -7.022441625595092773e-01 -2.438072860240936279e-01 -6.188364624977111816e-01 4.029830992221832275e-01 -3.434542417526245117e-01 4.819222688674926758e-01 1.795862913131713867e+00 1.474800258874893188e-01 1.891417652368545532e-01 -1.313143223524093628e-01 -3.992797434329986572e-02 1.150413274765014648e+00 -8.423847556114196777e-01 -1.887995153665542603e-01 1.046361401677131653e-02 7.858030796051025391e-01 8.829354047775268555e-01 4.519163072109222412e-01 -2.049833089113235474e-01 4.520609080791473389e-01 4.425199925899505615e-01 8.138366341590881348e-01 -9.096568822860717773e-01 -6.720396876335144043e-01 4.688015580177307129e-01 -6.609023213386535645e-01
6.155110001564025879e-01 -1.294853836297988892e-01 3.048877418041229248e-01 4.291991293430328369e-01 -3.239439427852630615e-01 5.081936717033386230e-01 -1.078688129782676697e-01 -1.698801517486572266e-01 -7.386842370033264160e-01 1.604156047105789185e-01 4.642426222562789917e-02 -6.743404865264892578e-01 -6.186628937721252441e-01 -2.506030499935150146e-01 -2.846471220254898071e-02 6.591136455535888672e-01 2.832147181034088135e-01 -4.987851679325103760e-01 -3.731546998023986816e-01 2.764503955841064453e-01 7.943396270275115967e-02 6.033455133438110352e-01 1.241017356514930725e-01 -5.535352826118469238e-01 -1.900844275951385498e-01 3.317092061042785645e-01 -6.773989200592041016e-01 -1.120239123702049255e-01 6.362927556037902832e-01 -7.240430712699890137e-01 1.436213999986648560e-01 -3.216649293899536133e-01 -8.038131147623062134e-02 -1.707981973886489868e-01 -4.692083001136779785e-01 5.736111477017402649e-02 -8.117385953664779663e-02 2.841139137744903564e-01 -1.182489767670631409e-01 1.219742774963378906e+00 -6.654618382453918457e-01 9.952735155820846558e-02 -3.956184983253479004e-01 1.037340164184570312e-01 7.863830029964447021e-02 1.860316842794418335e-01 -1.222031936049461365e-01 -1.011497229337692261e-01 -2.580790519714355469e-01 -5.797541514039039612e-02 -2.650062181055545807e-02 1.860748082399368286e-01 5.882537961006164551e-01 2.562053501605987549e-01 2.840947508811950684e-01 -1.812203675508499146e-01 -9.138342738151550293e-01 1.837602853775024414e-01 -3.015797734260559082e-01 6.532253026962280273e-01 -4.545950889587402344e-01 -2.188069000840187073e-02 -1.879807710647583008e-01 4.955037236213684082e-01
2.372660487890243530e-01 -4.954056143760681152e-01 1.744596064090728760e-01 -3.265355229377746582e-01 6.059359014034271240e-02 5.838985443115234375e-01 -4.778798818588256836e-01 -1.079948067665100098e+00 -8.745052218437194824e-01 -1.543833166360855103e-01 5.495716333389282227e-01 -3.983767926692962646e-01 -8.772508502006530762e-01 -3.242985308170318604e-01 1.994039267301559448e-01 1.168171539902687073e-01 1.498048156499862671e-01 -4.303431510925292969e-01 -2.045503705739974976e-01 -2.047251760959625244e-01 -2.032118141651153564e-01 9.562544226646423340e-01 2.462612837553024292e-01 -6.402781605720520020e-01 -5.526715517044067383e-01 5.374614000320434570e-01 -7.298468947410583496e-01 -2.745537459850311279e-02 5.707326531410217285e-02 -9.089704155921936035e-01 -2.421236783266067505e-01 -3.929767012596130371e-01 -1.422552466392517090e-01 -1.487699747085571289e-01 2.079820334911346436e-01 1.450093346647918224e-03 -1.072154045104980469e-01 3.968170881271362305e-01 -8.183667063713073730e-01 -6.225863099098205566e-02 2.695523574948310852e-02 -9.412440657615661621e-02 2.713601477444171906e-02 4.553598761558532715e-01 8.594354987144470215e-01 2.843995690345764160e-01 1.996476501226425171e-01 -5.579947829246520996e-01 -6.592153310775756836e-01 3.872463405132293701e-01 -3.818955719470977783e-01 -6.388606876134872437e-02 4.833954274654388428e-01 3.318254053592681885e-01 -5.099452137947082520e-01 5.513420701026916504e-01 -2.583983242511749268e-01 1.368459463119506836e-01 -6.161431074142456055e-01 6.607046723365783691e-01 -4.175793845206499100e-03 -5.480364561080932617e-01 4.097401797771453857e-01 6.964256167411804199e-01
4.227714836597442627e-01 -5.782396197319030762e-01 1.503182053565979004e-01 2.450933009386062622e-01 1.981059089303016663e-02 1.270492374897003174e-02 -4.877217113971710205e-01 5.422036051750183105e-01 -4.774542152881622314e-01 5.088393762707710266e-02 5.231687426567077637e-01 -1.011115074157714844e+00 -5.313863158226013184e-01 4.021259248256683350e-01 8.415488153696060181e-02 8.767632842063903809e-01 -7.523638606071472168e-01 -1.600050628185272217e-01 7.891038060188293457e-02 -4.771586358547210693e-01 -6.575182080268859863e-01 3.818475008010864258e-01 1.959569305181503296e-01 -6.863096952438354492e-01 3.999406695365905762e-01 4.958596527576446533e-01 6.112276017665863037e-02 4.466815292835235596e-01 -4.608005750924348831e-03 -1.885614730417728424e-02 1.714437007904052734e-01 -6.532071828842163086e-01 7.747267931699752808e-02 1.231891512870788574e-01 3.759295344352722168e-01 1.927434653043746948e-01 -8.299930095672607422e-01 3.141471147537231445e-01 -2.069521695375442505e-01 -3.703193962574005127e-01 -4.485922455787658691e-01 1.823723763227462769e-01 -7.500007748603820801e-02 3.910286128520965576e-01 4.028774499893188477e-01 -1.032813042402267456e-01 -6.638073921203613281e-01 4.414045810699462891e-01 6.111476421356201172e-01 1.275609731674194336e-01 2.792864739894866943e-01 -7.751318216323852539e-01 4.127244949340820312e-01 4.867379963397979736e-01 1.983230859041213989e-01 2.361194789409637451e-01 2.054303288459777832e-01 -2.867865264415740967e-01 -4.008673429489135742e-01 7.015562653541564941e-01 -5.036081671714782715e-01 4.019579887390136719e-01 7.403445988893508911e-02 -4.935791790485382080e-01
2.413896173238754272e-01 -7.853450179100036621e-01 4.779962301254272461e-01 4.685141444206237793e-01 2.617482841014862061e-01 -6.329104304313659668e-01 -2.005862742662429810e-01 8.037654310464859009e-02 4.508741945028305054e-02 -7.910433411598205566e-02 -3.444849252700805664e-01 -4.857587516307830811e-01 -2.254771292209625244e-01 -1.069941446185112000e-01 2.980433106422424316e-01 6.253806948661804199e-01 -5.029762983322143555e-01 7.291131615638732910e-01 4.780360162258148193e-01 1.614396423101425171e-01 3.003092408180236816e-01 9.546083807945251465e-01 5.801984071731567383e-01 3.483454287052154541e-01 -3.502759933471679688e-01 3.939348161220550537e-01 -5.967125892639160156e-01 1.121340095996856689e-01 9.499224424362182617e-01 -1.204202398657798767e-01 -5.947822928428649902e-01 4.792736172676086426e-01 -5.256515145301818848e-01 5.755220651626586914e-01 1.756885498762130737e-01 -2.413959503173828125e-01 1.190940216183662415e-01 -3.811239898204803467e-01 -1.963187605142593384e-01 1.541687995195388794e-01 -7.961399108171463013e-02 8.713527023792266846e-02 2.035118490457534790e-01 -2.245743572711944580e-01 8.626629114151000977e-01 2.925547957420349121e-01 -6.681972742080688477e-01 -1.048173084855079651e-01 -2.573592066764831543e-01 -4.884242080152034760e-03 -1.302576810121536255e-01 4.777228832244873047e-01 -8.478514105081558228e-02 6.282021403312683105e-01 2.591080069541931152e-01 2.565715909004211426e-01 4.486941099166870117e-01 1.291469950228929520e-02 -5.118567496538162231e-03 4.917523264884948730e-01 -6.610328555107116699e-01 -1.414708495140075684e-01 1.045982837677001953e-01 6.862834692001342773e-01
4.212540090084075928e-01 -1.953483372926712036e-01 3.654400110244750977e-01 2.833498120307922363e-01 5.899000167846679688e-01 -6.271170377731323242e-01 -4.747645556926727295e-02 -9.504313021898269653e-02 -4.724055826663970947e-01 4.326335489749908447e-01 3.423615097999572754e-01 -1.925402283668518066e-01 -5.592356324195861816e-01 -1.268986016511917114e-01 3.438446223735809326e-01 9.619135260581970215e-01 3.398654758930206299e-01 4.604825377464294434e-01 8.397716879844665527e-01 -1.354493387043476105e-02 6.856781244277954102e-01 1.010072469711303711e+00 4.594691693782806396e-01 -4.292090535163879395e-01 -4.910944998264312744e-01 5.199220180511474609e-01 -4.446577131748199463e-01 -3.448640108108520508e-01 7.668574452400207520e-01 1.506098359823226929e-01 -2.673960030078887939e-01 5.298579335212707520e-01 -3.408070206642150879e-01 6.331080794334411621e-01 -1.290732622146606445e-01 4.463609457015991211e-01 3.283658623695373535e-01 -3.332714140415191650e-01 -1.247130986303091049e-02 -2.648554369807243347e-02 -3.661110997200012207e-01 1.290476620197296143e-01 1.957984864711761475e-01 -4.719927608966827393e-01 2.648127377033233643e-01 -4.686914384365081787e-01 -1.512236744165420532e-01 -3.236936330795288086e-01 -5.794509053230285645e-01 8.597775697708129883e-01 -3.127570748329162598e-01 -1.044273562729358673e-02 -1.388437114655971527e-02 5.970871448516845703e-01 3.075117170810699463e-01 -1.085253477096557617e+00 -7.556698918342590332e-01 -5.284534692764282227e-01 -3.660040497779846191e-01 6.720500588417053223e-01 -1.404249817132949829e-01 -1.001491844654083252e-01 1.709929257631301880e-01 1.114243417978286743e-01
7.935858964920043945e-01 -1.005302518606185913e-01 -3.709874302148818970e-02 1.250461935997009277e-01 8.823400735855102539e-01 5.644010752439498901e-02 7.055991291999816895e-01 3.812634646892547607e-01 -6.776953935623168945e-01 6.272248029708862305e-01 -1.560006439685821533e-01 -7.602152228355407715e-01 -8.154600262641906738e-01 1.514283418655395508e-01 8.407411575317382812e-01 5.031376481056213379e-01 6.388050317764282227e-01 -1.004732921719551086e-01 -2.439828962087631226e-01 5.781573653221130371e-01 -7.764924168586730957e-01 1.203844174742698669e-01 2.392946779727935791e-01 -7.338562607765197754e-01 -1.010040283203125000e+00 -8.985247462987899780e-02 -2.100896090269088745e-01 1.074274033308029175e-01 -1.850660145282745361e-01 -1.589934527873992920e-02 -9.851246327161788940e-02 -3.682745099067687988e-01 3.325633108615875244e-01 7.488471865653991699e-01 -2.025429904460906982e-01 6.259493231773376465e-01 9.887749701738357544e-02 -2.266658097505569458e-02 -7.008780837059020996e-01 1.843629777431488037e-01 -5.055736303329467773e-01 -5.315127968788146973e-01 7.348619401454925537e-02 1.876960694789886475e-01 1.189170718193054199e+00 -1.032165288925170898e-01 -1.674900949001312256e-01 6.133381128311157227e-01 -6.592531800270080566e-01 3.399113118648529053e-01 1.960998475551605225e-01 -7.207902073860168457e-01 5.398074910044670105e-02 4.531549215316772461e-01 -2.196470350027084351e-01 1.031659364700317383e+00 2.731280922889709473e-01 -4.265862703323364258e-01 9.330736398696899414e-01 5.231675505638122559e-01 -9.733443260192871094e-01 -1.238712221384048462e-01 -3.181859254837036133e-01 3.619516193866729736e-01
2.291709035634994507e-01 -3.662984818220138550e-02 1.264660507440567017e-01 8.019231557846069336e-01 3.721922934055328369e-01 1.701518446207046509e-01 -1.266696900129318237e-01 -6.827567815780639648e-01 -1.169734835624694824e+00 -2.020614445209503174e-01 2.735717296600341797e-01 1.794599741697311401e-01 1.743403635919094086e-02 -5.732670426368713379e-01 1.112761259078979492e+00 9.323866665363311768e-02 2.007349580526351929e-01 3.987784385681152344e-01 7.122116684913635254e-01 -9.498463012278079987e-03 -3.769463598728179932e-01 1.135094761848449707e+00 8.683354854583740234e-01 5.173916220664978027e-01 -5.976985096931457520e-01 1.633477807044982910e+00 1.173753589391708374e-01 -6.410135626792907715e-01 7.913265228271484375e-01 -4.360222816467285156e-01 -7.964799404144287109e-01 -1.663121879100799561e-01 8.575782775878906250e-01 -4.609802663326263428e-01 5.848194956779479980e-01 -7.262120842933654785e-01 -1.051330208778381348e+00 4.562215507030487061e-01 -4.958114326000213623e-01 6.707451343536376953e-01 2.663708031177520752e-01 6.054462194442749023e-01 7.067816853523254395e-01 -5.960813164710998535e-01 1.106254935264587402e+00 -1.048865079879760742e+00 -1.304783076047897339e-01 6.235587000846862793e-01 -4.394461810588836670e-01 8.529530167579650879e-01 -7.464510202407836914e-01 -7.454828023910522461e-01 7.596562504768371582e-01 6.319614648818969727e-01 2.729317247867584229e-01 7.839495539665222168e-01 -1.624578982591629028e-01 -1.082287505269050598e-01 -1.107775807380676270e+00 6.461830735206604004e-01 -7.428593039512634277e-01 2.117263525724411011e-01 1.708863675594329834e-01 -2.020872980356216431e-01
1.543300896883010864e-01 3.109880089759826660e-01 4.206801764667034149e-03 2.637940049171447754e-01 4.397422373294830322e-01 7.175832986831665039e-02 -1.711981743574142456e-01 1.115739643573760986e-01 -5.358723998069763184e-01 3.722511529922485352e-01 5.079679489135742188e-01 -6.997679471969604492e-01 -9.075600504875183105e-01 7.358301877975463867e-01 4.844397604465484619e-01 2.637877464294433594e-01 3.468916937708854675e-02 -8.271797895431518555e-01 8.611834608018398285e-03 9.488601237535476685e-02 -2.192986309528350830e-01 2.312038540840148926e-01 1.177650243043899536e-01 -8.546449542045593262e-01 4.386052861809730530e-02 1.718754470348358154e-01 -2.877081632614135742e-01 3.241271078586578369e-01 -1.179638281464576721e-01 -4.692730009555816650e-01 -1.017458364367485046e-01 -8.084594607353210449e-01 2.097488790750503540e-01 4.307277798652648926e-01 1.646768003702163696e-01 -2.137858718633651733e-01 -2.444181889295578003e-01 -1.815441995859146118e-01 -2.692694664001464844e-01 -3.192317113280296326e-02 -6.420010924339294434e-01 -3.662596940994262695e-01 9.627628326416015625e-01 6.675244122743606567e-02 6.063203215599060059e-01 -2.071301080286502838e-02 -5.778539776802062988e-01 -8.892221748828887939e-02 -3.273671269416809082e-01 6.167392134666442871e-01 2.596032917499542236e-01 1.659220755100250244e-01 -2.196215987205505371e-01 4.394425451755523682e-01 1.657978296279907227e-01 8.851617574691772461e-01 2.830168306827545166e-01 -5.595557093620300293e-01 4.498219117522239685e-02 8.167116045951843262e-01 -4.809211194515228271e-01 -4.161657392978668213e-01 -5.602069664746522903e-03 -1.510694529861211777e-02
3.170624077320098877e-01 -6.232912540435791016e-01 5.461560487747192383e-01 5.019790530204772949e-01 1.863886266946792603e-01 -6.725128889083862305e-01 -1.384843438863754272e-01 -5.022240057587623596e-02 7.829900830984115601e-02 1.672878265380859375e-01 2.036880105733871460e-01 -6.774476729333400726e-03 -2.836169302463531494e-01 -3.465251922607421875e-01 3.335396051406860352e-01 5.835555195808410645e-01 -7.733472585678100586e-01 7.612968683242797852e-01 4.907729625701904297e-01 -2.356755584478378296e-01 9.824340045452117920e-02 9.382945895195007324e-01 7.535708546638488770e-01 -2.275652810931205750e-02 -4.401910603046417236e-01 5.199272632598876953e-01 -5.287581086158752441e-01 3.711855784058570862e-02 6.391354799270629883e-01 -2.308948338031768799e-01 -5.075217485427856445e-01 7.353590726852416992e-01 -6.195744872093200684e-01 8.435125350952148438e-01 3.454472124576568604e-02 -2.222462557256221771e-02 9.069749712944030762e-02 -5.281628966331481934e-01 -3.565045297145843506e-01 1.674266159534454346e-01 -1.212103366851806641e-01 -4.068326205015182495e-02 3.175932168960571289e-01 -3.637967109680175781e-01 1.049498319625854492e+00 3.376703560352325439e-01 -5.148346424102783203e-01 6.946637481451034546e-02 -3.601485490798950195e-01 2.940901815891265869e-01 -2.131570875644683838e-01 4.918541014194488525e-01 -2.255265116691589355e-01 7.848843336105346680e-01 5.814432501792907715e-01 3.004452586174011230e-01 1.337753236293792725e-01 6.293530762195587158e-02 -1.736711561679840088e-01 5.521980524063110352e-01 -6.498066782951354980e-01 5.555880442261695862e-02 -1.629830896854400635e-02 4.220910966396331787e-01
1.313192397356033325e-01 -1.334159255027770996e+00 4.188836365938186646e-02 4.801386296749114990e-01 4.216491281986236572e-01 -3.897856771945953369e-01 2.878663837909698486e-01 -1.896589696407318115e-01 -5.756588578224182129e-01 -5.136029794812202454e-02 -4.855362474918365479e-01 -1.959190368652343750e-01 -5.479276776313781738e-01 7.532493770122528076e-02 9.600974321365356445e-01 4.800974428653717041e-01 -3.090018630027770996e-01 5.771502852439880371e-01 8.492924571037292480e-01 1.513400524854660034e-01 1.754838079214096069e-01 1.282602250576019287e-01 -1.469771713018417358e-01 -2.546823211014270782e-02 3.549316227436065674e-01 -2.254222705960273743e-02 -6.841028928756713867e-01 -1.167250871658325195e-01 9.965806007385253906e-01 1.776347123086452484e-02 -1.417469829320907593e-01 3.303727209568023682e-01 -4.326512813568115234e-01 -5.604699254035949707e-01 2.947659790515899658e-01 -1.425530910491943359e-01 -3.579467833042144775e-01 2.299904078245162964e-01 -4.871585071086883545e-01 2.818417549133300781e-01 -1.028354987502098083e-01 -2.925012074410915375e-02 -1.107139587402343750e-01 2.374940365552902222e-01 7.929125428199768066e-01 -9.663515537977218628e-02 1.461479663848876953e-01 -1.036015078425407410e-01 -3.935869932174682617e-01 4.417578577995300293e-01 -1.131027191877365112e-01 3.172761499881744385e-01 1.758508682250976562e-01 -1.481149997562170029e-02 7.088697552680969238e-01 8.393644094467163086e-01 5.996966958045959473e-01 9.540916234254837036e-02 7.140810489654541016e-01 6.291873455047607422e-01 -4.236565232276916504e-01 -5.947548151016235352e-01 -2.896757721900939941e-01 -2.906034886837005615e-01
1.555199921131134033e-01 -1.450224280357360840e+00 1.298739314079284668e-01 3.904044628143310547e-01 4.529616236686706543e-01 -3.087704181671142578e-01 2.907456755638122559e-01 -4.312504529953002930e-01 -4.677422344684600830e-01 -1.039357706904411316e-01 -3.503685891628265381e-01 -3.718263208866119385e-01 -4.557790458202362061e-01 7.092236075550317764e-03 1.013323545455932617e+00 3.304902017116546631e-01 -3.447763621807098389e-01 4.047394096851348877e-01 7.139871120452880859e-01 2.714359760284423828e-02 3.186801075935363770e-01 8.570609986782073975e-02 -1.555566489696502686e-01 -1.322127319872379303e-02 3.100855350494384766e-01 2.789354324340820312e-02 -6.858649253845214844e-01 -2.025888413190841675e-01 9.394372105598449707e-01 -4.681312665343284607e-02 -6.498857587575912476e-02 3.649853765964508057e-01 -4.377939105033874512e-01 -6.710428595542907715e-01 3.046891987323760986e-01 -3.422545641660690308e-02 -2.304855287075042725e-01 3.879270330071449280e-02 -2.923698723316192627e-01 7.609695196151733398e-02 -1.319805234670639038e-01 -1.255553513765335083e-01 -4.690302535891532898e-02 6.998565793037414551e-02 9.882327318191528320e-01 -8.896774053573608398e-02 1.659165918827056885e-01 4.708537086844444275e-02 -5.882575511932373047e-01 4.886109530925750732e-01 -1.118341833353042603e-01 1.863755583763122559e-01 2.771589159965515137e-02 1.127885133028030396e-01 6.766771674156188965e-01 7.518952488899230957e-01 6.198167800903320312e-01 1.081905215978622437e-01 6.920424699783325195e-01 5.103021264076232910e-01 -3.692436814308166504e-01 -5.799267888069152832e-01 -2.321408987045288086e-01 -3.009414374828338623e-01
4.421768784523010254e-01 -8.151783943176269531e-01 3.897831961512565613e-02 8.426292538642883301e-01 3.043062388896942139e-01 -3.173524737358093262e-01 -8.190022110939025879e-01 2.210859395563602448e-02 -7.118031978607177734e-01 -1.333138048648834229e-01 4.874314665794372559e-01 -3.936381936073303223e-01 -4.799924492835998535e-01 -1.967660933732986450e-01 -1.042875200510025024e-01 -2.126735867932438850e-03 -3.839177191257476807e-01 7.545298337936401367e-01 7.351872920989990234e-01 1.103776454925537109e+00 2.625618875026702881e-01 1.374702602624893188e-01 2.132201045751571655e-01 1.635211855173110962e-01 -1.272778660058975220e-01 4.490992724895477295e-01 -2.947738766670227051e-01 -4.249464273452758789e-01 6.929448246955871582e-01 8.826608955860137939e-02 -2.577677965164184570e-01 5.318189263343811035e-01 -1.513842679560184479e-02 3.954822421073913574e-01 1.770587265491485596e-02 1.675507873296737671e-01 -4.318503737449645996e-01 -1.450583040714263916e-01 -3.999186158180236816e-01 -9.668625891208648682e-02 -1.053822971880435944e-02 -4.522277712821960449e-01 -6.130669116973876953e-01 3.383860290050506592e-01 7.750087380409240723e-01 -6.189031004905700684e-01 -9.871106594800949097e-02 -2.531265616416931152e-01 -1.581684052944183350e-01 2.654309570789337158e-01 2.309064418077468872e-01 3.365240395069122314e-01 1.503309160470962524e-01 4.308246374130249023e-01 -9.675600379705429077e-02 -7.845797576010227203e-03 6.539750695228576660e-01 -7.727226614952087402e-01 4.075352251529693604e-01 1.955412924289703369e-01 -7.740530371665954590e-01 -4.615342319011688232e-01 2.239689230918884277e-02 3.205895423889160156e-01
-5.529815703630447388e-02 -1.161752343177795410e+00 5.193794965744018555e-01 3.413539826869964600e-01 3.947117626667022705e-01 -3.464358448982238770e-01 2.623261809349060059e-01 -4.819407463073730469e-01 -3.617124259471893311e-01 -9.430750459432601929e-02 -5.480015873908996582e-01 -3.277685344219207764e-01 -4.287509322166442871e-01 3.373357653617858887e-02 1.144784569740295410e+00 5.022577643394470215e-01 -5.034804940223693848e-01 3.356332182884216309e-01 8.748474121093750000e-01 -2.744786441326141357e-02 3.664337098598480225e-01 4.661167562007904053e-01 1.146351695060729980e-01 -2.181260585784912109e-01 1.754733175039291382e-01 1.343082785606384277e-01 -3.917384743690490723e-01 -1.706665009260177612e-01 4.250190556049346924e-01 2.638014256954193115e-01 1.980928890407085419e-02 3.789580464363098145e-01 -5.023386478424072266e-01 -1.368753015995025635e-01 3.779946267604827881e-01 -3.395765721797943115e-01 -2.614023089408874512e-01 8.889706432819366455e-02 -1.470686495304107666e-01 3.776251524686813354e-02 -4.345389083027839661e-02 -8.076348900794982910e-02 -2.640704512596130371e-01 3.214545547962188721e-01 9.205366373062133789e-01 -2.370521724224090576e-01 4.812649637460708618e-02 -1.534902751445770264e-01 -2.558909654617309570e-01 1.040331944823265076e-01 -4.080104827880859375e-01 7.473675608634948730e-01 7.095410823822021484e-01 3.064157068729400635e-01 4.461787343025207520e-01 8.073458075523376465e-01 7.654988765716552734e-01 2.991850376129150391e-01 6.934937834739685059e-01 2.522927522659301758e-01 -2.806614935398101807e-01 -5.292342901229858398e-01 -1.661698669195175171e-01 4.295804351568222046e-02
9.985153079032897949e-01 -5.645005702972412109e-01 3.233983218669891357e-01 3.999655246734619141e-01 1.708382070064544678e-01 -7.656003832817077637e-01 -2.696664929389953613e-01 -3.596763014793395996e-01 -8.486217260360717773e-01 5.328926071524620056e-02 -1.789102256298065186e-01 -1.081127114593982697e-02 4.278687760233879089e-02 -1.244832426309585571e-01 3.799860775470733643e-01 4.863739311695098877e-01 3.804796040058135986e-01 4.197646081447601318e-01 3.803537487983703613e-01 3.685852587223052979e-01 6.842995882034301758e-01 4.286678731441497803e-01 8.160085231065750122e-02 -4.032800495624542236e-01 3.924795389175415039e-01 3.421025276184082031e-01 3.990232571959495544e-02 4.933008179068565369e-02 5.833573937416076660e-01 -4.866035282611846924e-02 -3.280489444732666016e-01 6.755835413932800293e-01 2.943117022514343262e-01 3.052752017974853516e-01 -7.312046736478805542e-02 3.199079632759094238e-01 1.458272039890289307e-01 -3.657704591751098633e-01 -5.497734546661376953e-01 -5.051823854446411133e-01 -4.039033874869346619e-02 -1.366001963615417480e-01 -7.594221234321594238e-01 -1.180862560868263245e-01 6.996018290519714355e-01 -8.855729699134826660e-01 3.578309118747711182e-01 -1.432703286409378052e-01 -7.046111673116683960e-02 5.730198025703430176e-01 -1.144721210002899170e-01 2.507178187370300293e-01 3.004527688026428223e-01 2.840077280998229980e-01 -1.621130257844924927e-01 -3.525702953338623047e-01 -1.190995052456855774e-01 -3.714554011821746826e-01 2.998415231704711914e-01 4.994248151779174805e-01 -8.095560073852539062e-01 -6.238955631852149963e-02 3.025629818439483643e-01 -2.159922420978546143e-01
-7.318376302719116211e-01 -1.070941209793090820e+00 -1.637633889913558960e-01 5.441955924034118652e-01 5.011988282203674316e-01 -4.784049689769744873e-01 4.396708905696868896e-01 -3.647600114345550537e-01 -7.869409322738647461e-01 -3.236562609672546387e-01 2.503298409283161163e-02 2.993186414241790771e-01 -3.379143476486206055e-01 1.360050886869430542e-01 6.947819590568542480e-01 7.981172800064086914e-01 -4.522376954555511475e-01 1.520690917968750000e-01 3.720188438892364502e-01 1.064757034182548523e-01 -4.030441492795944214e-02 -1.751053780317306519e-01 1.112133935093879700e-01 -3.220607638359069824e-01 8.464625477790832520e-02 4.629863500595092773e-01 -7.509827613830566406e-01 -2.396048754453659058e-01 5.677466988563537598e-01 1.553375273942947388e-01 1.233278587460517883e-01 3.413953185081481934e-01 -3.661897182464599609e-01 -4.043496251106262207e-01 4.353621304035186768e-01 7.010894268751144409e-02 -1.119908839464187622e-01 4.751221537590026855e-01 -2.954297959804534912e-01 5.236752033233642578e-01 1.825185865163803101e-01 -1.996548175811767578e-01 8.718063682317733765e-02 -2.527764737606048584e-01 6.776134371757507324e-01 -3.153945803642272949e-01 3.014537096023559570e-01 -1.465992778539657593e-01 -3.043474853038787842e-01 5.489547848701477051e-01 -3.454206287860870361e-01 4.887888133525848389e-01 4.731418490409851074e-01 7.414603233337402344e-02 5.489492416381835938e-01 1.100692510604858398e+00 2.091075330972671509e-01 1.083385758101940155e-02 8.599958419799804688e-01 9.718814492225646973e-01 -5.333828926086425781e-01 -6.844825148582458496e-01 -4.774030148983001709e-01 -3.049151301383972168e-01
4.220519363880157471e-01 -1.300356507301330566e+00 6.208804249763488770e-01 6.210573911666870117e-01 2.249574810266494751e-01 -4.640635848045349121e-01 -3.548933267593383789e-01 -2.550778687000274658e-01 -5.005804300308227539e-01 -2.552601993083953857e-01 -4.143572151660919189e-01 -3.707780539989471436e-01 7.452955469489097595e-03 1.054700613021850586e-01 7.019655108451843262e-01 -1.193652153015136719e-01 9.951298683881759644e-02 3.939687609672546387e-01 4.193225130438804626e-02 4.818024635314941406e-01 4.313674271106719971e-01 8.316506743431091309e-01 2.812073379755020142e-02 1.047187596559524536e-01 1.435318440198898315e-01 1.730575263500213623e-01 -7.224466651678085327e-02 1.887534260749816895e-01 -3.633017465472221375e-02 -9.941136837005615234e-02 -6.452912837266921997e-02 9.728275537490844727e-01 -1.238702759146690369e-01 3.018047809600830078e-01 5.542929172515869141e-01 -2.159055471420288086e-01 -1.044368147850036621e-01 -2.125399708747863770e-01 -2.847544550895690918e-01 -1.070580929517745972e-01 -2.316540777683258057e-01 2.040663063526153564e-01 -1.663977354764938354e-01 -7.688544690608978271e-02 8.901164531707763672e-01 5.918955430388450623e-02 6.299643218517303467e-02 5.249554514884948730e-01 -2.808007895946502686e-01 -2.186716198921203613e-01 -8.531677722930908203e-01 6.456954479217529297e-01 4.944969117641448975e-01 8.683879971504211426e-01 2.421454191207885742e-01 9.880161285400390625e-01 2.880487143993377686e-01 -2.307548820972442627e-01 -2.157189324498176575e-02 1.311777234077453613e-01 -9.392590522766113281e-01 -3.402687609195709229e-01 1.451837122440338135e-01 -1.115462183952331543e-02
-3.263593837618827820e-02 -1.265150189399719238e+00 -3.531264960765838623e-01 6.914670113474130630e-03 -6.698583811521530151e-02 -1.944970786571502686e-01 -3.661437928676605225e-01 -5.725796222686767578e-01 -6.961619257926940918e-01 -2.579082250595092773e-01 -3.934649825096130371e-01 -5.690557360649108887e-01 -5.679626464843750000e-01 5.102888680994510651e-03 1.585935235023498535e+00 9.083613753318786621e-01 -4.323758482933044434e-01 5.754643082618713379e-01 9.178212285041809082e-01 1.844907999038696289e-01 -2.554793283343315125e-02 3.114441037178039551e-01 -1.851557791233062744e-01 -8.341328501701354980e-01 6.994229555130004883e-01 6.783879548311233521e-02 -6.987149715423583984e-01 1.993433833122253418e-01 9.706637859344482422e-01 -4.795880317687988281e-01 -2.507739067077636719e-01 2.163705974817276001e-01 8.690203726291656494e-02 -7.915772795677185059e-01 6.432633399963378906e-01 2.684842348098754883e-01 -9.985297918319702148e-02 1.286625564098358154e-01 9.521455317735671997e-02 3.587489426136016846e-01 -5.180690288543701172e-01 3.602621257305145264e-01 -4.179324209690093994e-01 5.463877320289611816e-01 8.739942908287048340e-01 -1.459608972072601318e-01 1.758054830133914948e-02 -5.630335807800292969e-01 -1.961414068937301636e-01 5.365195870399475098e-01 -3.663434982299804688e-01 6.346384435892105103e-02 -1.729693859815597534e-01 2.403586506843566895e-01 6.172674894332885742e-01 4.320307075977325439e-01 7.394339442253112793e-01 -5.659656524658203125e-01 5.977588891983032227e-01 4.645336866378784180e-01 -1.814324110746383667e-01 -1.075339078903198242e+00 7.173447608947753906e-01 -3.895062580704689026e-02
5.065517425537109375e-01 5.580057203769683838e-02 -2.123828828334808350e-01 -1.948004215955734253e-01 8.680164068937301636e-02 2.761941850185394287e-01 3.586172163486480713e-01 -5.577183365821838379e-01 -4.244488179683685303e-01 1.789542846381664276e-02 6.620809435844421387e-02 -2.689658105373382568e-01 -9.725435376167297363e-01 6.887483596801757812e-01 9.429525136947631836e-01 6.311054825782775879e-01 2.267461828887462616e-02 -3.563684225082397461e-02 3.710424527525901794e-02 7.288427352905273438e-01 -1.775636672973632812e-01 6.704179048538208008e-01 2.252941578626632690e-01 -1.846414506435394287e-01 -2.277382761240005493e-01 6.028156280517578125e-01 -4.446950554847717285e-01 6.225452572107315063e-02 5.092307329177856445e-01 2.770372927188873291e-01 1.717960834503173828e-01 7.721488922834396362e-02 -3.901189565658569336e-01 2.152992933988571167e-01 -6.340531706809997559e-01 -2.274098992347717285e-01 4.136205613613128662e-01 3.496476709842681885e-01 -3.115001618862152100e-01 -6.741167902946472168e-01 -7.203298211097717285e-01 2.397542297840118408e-01 5.868613123893737793e-01 -1.402393728494644165e-01 2.538522183895111084e-01 -6.999555230140686035e-01 -9.986433386802673340e-02 -2.633550167083740234e-01 -5.909987092018127441e-01 -2.189244329929351807e-02 4.823466539382934570e-01 -4.765470623970031738e-01 5.446273684501647949e-01 2.634883522987365723e-01 -6.673683971166610718e-02 -3.804317861795425415e-02 4.124939441680908203e-02 -3.116801679134368896e-01 -5.638318061828613281e-01 -2.512415945529937744e-01 -8.693200349807739258e-01 -1.506273001432418823e-01 -3.063882887363433838e-01 -2.422381639480590820e-01
2.927585840225219727e-01 -1.215350925922393799e-01 -3.368684649467468262e-02 1.049509793519973755e-01 2.492501735687255859e-01 -5.063453912734985352e-01 1.122223973274230957e+00 -2.484624981880187988e-01 -3.400025963783264160e-01 -3.075021207332611084e-01 1.231464296579360962e-01 -7.092589735984802246e-01 -1.003000974655151367e+00 -1.267766058444976807e-01 1.080517053604125977e+00 5.266966223716735840e-01 1.092434860765933990e-02 1.712176501750946045e-01 2.965658903121948242e-01 -2.685665851458907127e-03 -7.065514326095581055e-01 -1.099184677004814148e-01 -4.644500911235809326e-01 -1.167373210191726685e-01 -2.491745799779891968e-01 7.733165025711059570e-01 -5.435166507959365845e-02 8.151037693023681641e-01 2.859939932823181152e-01 -2.282048016786575317e-01 9.329498559236526489e-02 1.425540447235107422e-01 3.747150897979736328e-01 -2.514968216419219971e-01 -2.205767333507537842e-01 1.738855540752410889e-01 3.893177211284637451e-01 -1.924804449081420898e-01 -1.789729297161102295e-01 -7.658401154913008213e-04 -6.087809205055236816e-01 1.637765467166900635e-01 2.838447988033294678e-01 8.658957481384277344e-02 2.972311899065971375e-02 -1.523016691207885742e-01 -7.416526675224304199e-01 -5.621141567826271057e-02 -5.036075711250305176e-01 -1.822400391101837158e-01 -2.777265310287475586e-01 -7.836385965347290039e-01 7.033634930849075317e-02 6.173665523529052734e-01 -6.546990275382995605e-01 -4.168273881077766418e-02 -9.561479091644287109e-02 -4.086523354053497314e-01 -6.410267353057861328e-01 5.482831001281738281e-01 -9.067860245704650879e-01 -3.061828613281250000e-01 -1.178111955523490906e-01 -6.869974732398986816e-02
-6.688217073678970337e-02 3.818481266498565674e-01 6.433731317520141602e-01 6.369516849517822266e-01 -4.415469467639923096e-01 7.629033923149108887e-02 -7.474447041749954224e-02 -2.099917829036712646e-01 -3.906610608100891113e-01 -3.885900080204010010e-01 2.389983832836151123e-01 -8.281292319297790527e-01 -5.892984271049499512e-01 -1.504716090857982635e-02 2.838167846202850342e-01 3.605985343456268311e-01 4.196628034114837646e-01 -7.165891528129577637e-01 -5.483377575874328613e-01 5.504661202430725098e-01 4.413723945617675781e-01 5.421804189682006836e-01 6.727428734302520752e-02 -3.142364621162414551e-01 2.184967398643493652e-01 5.398995280265808105e-01 -4.186567068099975586e-01 2.544583976268768311e-01 4.490135014057159424e-01 -4.713292717933654785e-01 4.773634076118469238e-01 -5.551032349467277527e-02 -1.130480878055095673e-02 -4.398459941148757935e-02 2.183888554573059082e-01 -4.320555627346038818e-01 -3.612780570983886719e-01 -1.341831982135772705e-01 -2.093410938978195190e-01 4.559859931468963623e-01 -8.267098665237426758e-01 -6.221358180046081543e-01 5.082807540893554688e-01 2.246278524398803711e-01 1.334166079759597778e-01 1.250066049396991730e-02 -1.102928400039672852e+00 9.131445735692977905e-02 -1.131703928112983704e-01 9.944789409637451172e-01 -8.023021370172500610e-02 2.828689217567443848e-01 5.256602168083190918e-01 -7.044177502393722534e-02 2.031864970922470093e-01 3.589608967304229736e-01 -3.810855448246002197e-01 -4.708636999130249023e-01 -2.766019897535443306e-03 8.239882588386535645e-01 -4.406530037522315979e-02 -3.415403962135314941e-01 1.028527691960334778e-01 1.549806445837020874e-01
6.411723494529724121e-01 3.629967570304870605e-01 -3.564801812171936035e-02 -1.043675467371940613e-03 -1.182814165949821472e-01 4.464432001113891602e-01 -3.295631408691406250e-01 -1.232028603553771973e-01 -2.026133537292480469e-01 1.539961993694305420e-01 4.748934805393218994e-01 -3.785331249237060547e-01 -6.674964427947998047e-01 -1.641226708889007568e-01 -2.378819733858108521e-01 8.678433895111083984e-01 1.349968314170837402e-01 -6.861656308174133301e-01 -2.234078198671340942e-01 4.218121767044067383e-01 1.849614977836608887e-01 2.889856398105621338e-01 -2.026989758014678955e-01 -7.645945549011230469e-01 1.560587286949157715e-01 5.023050904273986816e-01 -6.022716164588928223e-01 1.748689264059066772e-01 3.671376705169677734e-01 -2.710060179233551025e-01 4.297360181808471680e-01 -4.611333310604095459e-01 -3.367677032947540283e-01 -7.030793279409408569e-02 -7.133733481168746948e-02 -1.494554430246353149e-01 -3.854112923145294189e-01 2.780322730541229248e-02 2.534829676151275635e-01 3.651858270168304443e-01 -6.079537272453308105e-01 -3.152879774570465088e-01 -4.143399298191070557e-01 -1.416985541582107544e-01 3.848636746406555176e-01 -2.661789059638977051e-01 -6.549209356307983398e-01 4.816930294036865234e-01 -2.243314981460571289e-01 3.635335266590118408e-01 1.789420247077941895e-01 -2.996929585933685303e-01 7.283931374549865723e-01 5.743185877799987793e-01 5.100715756416320801e-01 -1.414441615343093872e-01 -7.082499265670776367e-01 3.759975731372833252e-01 -3.542830944061279297e-01 5.922163724899291992e-01 -3.569629192352294922e-01 -3.774086758494377136e-02 1.326676178723573685e-02 4.449963867664337158e-01
1.659593284130096436e-01 3.907009661197662354e-01 2.090544812381267548e-02 1.603980958461761475e-01 4.802459478378295898e-02 -4.058397188782691956e-02 -1.072956696152687073e-01 -3.598726093769073486e-01 1.520051509141921997e-01 2.759419083595275879e-01 3.247525095939636230e-01 -4.313968122005462646e-01 -7.284984588623046875e-01 -1.925115287303924561e-01 9.164780378341674805e-02 9.992268085479736328e-01 2.943743467330932617e-01 -5.756834149360656738e-01 -1.168188154697418213e-01 3.846994936466217041e-01 1.279870420694351196e-01 1.557239741086959839e-01 2.336451970040798187e-02 -2.367475926876068115e-01 -7.582265883684158325e-02 5.586669445037841797e-01 -6.375541538000106812e-02 1.941553205251693726e-01 1.478729993104934692e-01 -2.220092713832855225e-01 -1.312433779239654541e-01 -2.986894845962524414e-01 -3.492383956909179688e-01 8.336989581584930420e-02 1.797156035900115967e-01 -1.169105544686317444e-01 -2.713677287101745605e-01 2.853066027164459229e-01 -1.986684501171112061e-01 -2.159874141216278076e-01 -5.984153151512145996e-01 -5.659364908933639526e-02 3.076934022828936577e-03 -2.213222384452819824e-01 8.216292411088943481e-02 -3.251648545265197754e-01 -6.752222776412963867e-01 4.062391519546508789e-01 -6.182395815849304199e-01 5.261043310165405273e-01 -3.068220019340515137e-01 -6.717879772186279297e-01 8.366726636886596680e-01 1.341874301433563232e-01 5.499728918075561523e-01 -4.605894684791564941e-01 -6.809779405593872070e-01 -3.728828579187393188e-02 -3.392096757888793945e-01 4.023256599903106689e-01 -5.883632600307464600e-02 -1.330832540988922119e-01 -8.548478782176971436e-02 5.747706294059753418e-01
1.394928991794586182e-01 3.072398006916046143e-01 -6.314069032669067383e-02 6.972891837358474731e-02 1.022632494568824768e-01 3.950158953666687012e-01 2.361927926540374756e-01 -4.644139409065246582e-01 -2.505000233650207520e-01 3.524751365184783936e-01 -1.210402250289916992e-01 -6.773850917816162109e-01 -1.794918924570083618e-01 1.856806576251983643e-01 2.489574402570724487e-01 1.182004690170288086e+00 1.784513741731643677e-01 2.780241668224334717e-01 -7.152247242629528046e-03 8.633404970169067383e-01 -2.221338748931884766e-01 1.369383633136749268e-01 2.624421715736389160e-01 -2.281073182821273804e-01 -4.020068049430847168e-01 4.872948527336120605e-01 -4.586769938468933105e-01 3.426639437675476074e-01 7.178269028663635254e-01 -4.070436954498291016e-01 6.413734555244445801e-01 -2.353377640247344971e-01 -1.293253004550933838e-01 1.474037319421768188e-01 -1.696093231439590454e-01 -1.861592233180999756e-01 -9.234258532524108887e-02 -2.640099227428436279e-01 -4.254020452499389648e-01 2.560983970761299133e-02 -1.665602177381515503e-01 -4.373055398464202881e-01 2.699086070060729980e-01 -2.363515459001064301e-02 6.862173229455947876e-02 -2.155465185642242432e-01 2.498504668474197388e-01 -3.129226714372634888e-02 -2.430599033832550049e-01 5.036863684654235840e-01 -8.182831406593322754e-01 -9.342789649963378906e-01 7.789922356605529785e-01 3.463038802146911621e-01 -9.332321584224700928e-02 -7.145701646804809570e-01 -3.174118697643280029e-01 -3.942110240459442139e-01 -4.016144275665283203e-01 -1.363781392574310303e-01 -4.085912555456161499e-02 -5.250079035758972168e-01 1.251169294118881226e-02 1.493854075670242310e-01
1.471143215894699097e-01 -1.371684789657592773e+00 8.105283230543136597e-02 8.881450295448303223e-01 7.409286499023437500e-01 -1.149241402745246887e-01 -2.395057380199432373e-01 8.748731017112731934e-02 -5.096874237060546875e-01 -1.956889331340789795e-01 2.720771133899688721e-01 -7.998663187026977539e-01 -1.450484842061996460e-01 7.993835210800170898e-02 -2.422122955322265625e-01 8.137714862823486328e-02 -2.169412523508071899e-01 9.667271971702575684e-01 3.043434321880340576e-01 4.504557847976684570e-01 2.346325218677520752e-01 2.675999402999877930e-01 3.638207316398620605e-01 4.154169857501983643e-01 -5.193068385124206543e-01 7.582104802131652832e-01 -2.753151953220367432e-01 6.415893137454986572e-02 9.789000153541564941e-01 2.006060481071472168e-01 -5.034173130989074707e-01 6.399112939834594727e-01 -2.161348760128021240e-01 2.007398903369903564e-01 -2.558554410934448242e-01 9.480784833431243896e-02 -2.116153091192245483e-01 -9.477450698614120483e-02 -2.936794757843017578e-01 -1.398082673549652100e-01 1.130285561084747314e-01 -1.003905162215232849e-01 -1.562504470348358154e-01 3.598419427871704102e-01 6.442304849624633789e-01 -3.292751908302307129e-01 -5.331988334655761719e-01 -3.622272238135337830e-02 -1.471077799797058105e-01 3.324679434299468994e-01 -1.344712078571319580e-01 6.986035704612731934e-01 -6.429992616176605225e-02 5.579341650009155273e-01 3.354933857917785645e-01 6.386974453926086426e-02 6.191112399101257324e-01 -4.117687642574310303e-01 1.148657724261283875e-01 1.302749216556549072e-01 -5.325609445571899414e-01 -4.029872417449951172e-01 1.972627937793731689e-01 5.467932224273681641e-01
9.079125523567199707e-01 -4.870704710483551025e-01 1.497759073972702026e-01 4.436039328575134277e-01 2.152155935764312744e-01 -6.809903979301452637e-01 -1.478346586227416992e-01 -3.364767730236053467e-01 -1.045288324356079102e+00 -4.061849787831306458e-02 3.712466359138488770e-02 -5.278123542666435242e-02 1.153260767459869385e-01 1.530601084232330322e-02 3.631832301616668701e-01 3.577655553817749023e-01 3.316374719142913818e-01 4.603044390678405762e-01 3.012728691101074219e-01 5.017701387405395508e-01 6.713294982910156250e-01 3.676793277263641357e-01 1.169003620743751526e-01 -3.588113784790039062e-01 4.204218685626983643e-01 3.325243592262268066e-01 1.068005263805389404e-01 -2.471279948949813843e-01 5.975864529609680176e-01 1.499592810869216919e-01 -4.310345351696014404e-01 6.084106564521789551e-01 3.603482842445373535e-01 4.791477322578430176e-01 4.928457085043191910e-03 3.314602002501487732e-02 1.922559179365634918e-02 -4.678294658660888672e-01 -5.689935684204101562e-01 -5.040957927703857422e-01 4.076341167092323303e-02 -8.684166520833969116e-02 -6.870857477188110352e-01 -1.469558924436569214e-01 6.716641783714294434e-01 -7.894658446311950684e-01 1.871640235185623169e-01 -7.127027958631515503e-02 3.909416496753692627e-02 4.936182796955108643e-01 -2.121240496635437012e-01 2.503951191902160645e-01 1.919554769992828369e-01 1.933346837759017944e-01 -1.426821947097778320e-01 -3.593575358390808105e-01 -1.434317082166671753e-01 -3.961464464664459229e-01 1.419334411621093750e-01 4.224593639373779297e-01 -1.095951557159423828e+00 -2.170084863901138306e-01 4.290955364704132080e-01 -2.457348406314849854e-01
3.224794268608093262e-01 -2.764392793178558350e-01 8.095967769622802734e-01 7.354450970888137817e-02 1.851447522640228271e-01 2.393150478601455688e-01 -1.947606503963470459e-01 1.033465471118688583e-02 -1.200394034385681152e+00 8.680808544158935547e-01 -9.838994592428207397e-03 -5.834311246871948242e-01 -6.270748972892761230e-01 1.125540360808372498e-01 4.340394437313079834e-01 7.907817959785461426e-01 8.943210542201995850e-02 4.424679279327392578e-01 -3.500503301620483398e-01 5.090187191963195801e-01 4.840856492519378662e-01 9.893851280212402344e-01 1.020155381411314011e-02 -4.142999053001403809e-01 -7.695835083723068237e-02 6.688858866691589355e-01 -6.938843429088592529e-02 -3.549561798572540283e-01 7.626657485961914062e-01 -7.648149728775024414e-01 -5.302562117576599121e-01 -2.676277458667755127e-01 -1.797004342079162598e-01 2.930589318275451660e-01 -5.679048895835876465e-01 2.836938500404357910e-01 3.925703093409538269e-02 -3.130725324153900146e-01 -7.075493335723876953e-01 6.133432984352111816e-01 1.433591544628143311e-01 3.919682800769805908e-01 -5.876978039741516113e-01 -6.309341192245483398e-01 1.431215703487396240e-01 -6.721232533454895020e-01 1.543062478303909302e-01 -4.066124260425567627e-01 -5.480064153671264648e-01 8.036682009696960449e-01 -3.901822865009307861e-02 -2.390174865722656250e-01 5.751156210899353027e-01 3.482663929462432861e-01 -3.140723705291748047e-01 -4.104954898357391357e-01 -7.639500498771667480e-01 -1.942679435014724731e-01 1.112978681921958923e-01 7.066731452941894531e-01 -2.511586248874664307e-01 -5.514783263206481934e-01 2.004098594188690186e-01 2.109951674938201904e-01
4.972002282738685608e-02 4.142394959926605225e-01 4.884646832942962646e-02 -3.097620010375976562e-01 5.274455547332763672e-01 -2.533628642559051514e-01 7.513473033905029297e-01 -5.741446744650602341e-03 -7.379817962646484375e-01 7.388328015804290771e-02 2.706553041934967041e-01 -3.766312301158905029e-01 -5.448870062828063965e-01 1.566062569618225098e-01 1.020411252975463867e+00 6.242658495903015137e-01 2.760125100612640381e-01 -3.786953985691070557e-01 4.687929451465606689e-01 1.798783689737319946e-01 -7.683291435241699219e-01 -1.320398449897766113e-01 1.265713665634393692e-02 -8.768754452466964722e-02 -2.431681156158447266e-01 4.998538196086883545e-01 1.337617039680480957e-01 6.090802550315856934e-01 3.056401312351226807e-01 1.736583262681961060e-01 -5.749941468238830566e-01 2.818088531494140625e-01 -3.283000886440277100e-01 3.244576454162597656e-01 -7.222676873207092285e-01 2.281818725168704987e-02 -1.492773592472076416e-01 -4.975495338439941406e-01 -3.163809478282928467e-01 1.861656904220581055e-01 -5.686841011047363281e-01 2.813459038734436035e-01 2.974982261657714844e-01 1.022235676646232605e-01 6.690563261508941650e-02 -4.107070267200469971e-01 -4.399043321609497070e-01 1.285452097654342651e-01 -4.450415074825286865e-01 3.320698142051696777e-01 1.208603978157043457e-01 -5.076436400413513184e-01 1.609998792409896851e-01 3.888587951660156250e-01 -3.849564492702484131e-01 5.253028273582458496e-01 -2.231475710868835449e-01 -3.473153412342071533e-01 -3.194888830184936523e-01 -1.209645420312881470e-01 -8.614102005958557129e-01 -3.012219965457916260e-01 -1.047382801771163940e-01 -2.792564332485198975e-01
5.903935059905052185e-02 1.893137097358703613e-01 6.245954632759094238e-01 6.671834588050842285e-01 -1.560252010822296143e-01 1.575282216072082520e-01 -1.462404578924179077e-01 -3.884807527065277100e-01 -2.557811439037322998e-01 -2.876815199851989746e-01 1.807169914245605469e-01 -7.849370837211608887e-01 -6.697087883949279785e-01 1.238837465643882751e-01 3.249214887619018555e-01 3.494818806648254395e-01 3.247154951095581055e-01 -6.147804260253906250e-01 -4.910080730915069580e-01 4.630119800567626953e-01 3.679196536540985107e-01 7.840871214866638184e-01 1.787697225809097290e-01 -2.589084208011627197e-01 1.965959742665290833e-02 2.555166184902191162e-01 -2.720053791999816895e-01 3.551037907600402832e-01 3.636627197265625000e-01 -2.905438840389251709e-01 4.650744795799255371e-01 -1.607890129089355469e-01 -1.096448153257369995e-01 3.864470869302749634e-03 -8.778069913387298584e-02 -5.194777846336364746e-01 -2.024631798267364502e-01 -9.630908817052841187e-02 -2.971718311309814453e-01 3.933698236942291260e-01 -1.026253938674926758e+00 -6.004503369331359863e-01 6.000595688819885254e-01 5.453529208898544312e-02 1.084560677409172058e-01 1.770189031958580017e-02 -1.191225528717041016e+00 3.401796221733093262e-01 -3.145181834697723389e-01 9.758120775222778320e-01 -2.648917734622955322e-01 1.783007681369781494e-01 4.274185597896575928e-01 7.456057518720626831e-02 1.187758296728134155e-01 4.454593658447265625e-01 -4.256710410118103027e-01 -2.887347042560577393e-01 -1.092074345797300339e-02 9.543145895004272461e-01 -3.374209627509117126e-02 -5.301154851913452148e-01 -1.095280144363641739e-02 2.657355070114135742e-01
6.935685873031616211e-02 2.159417122602462769e-01 3.429632782936096191e-01 -4.096192866563796997e-02 8.050440810620784760e-03 3.061814010143280029e-01 2.319826483726501465e-01 -3.021962344646453857e-01 -5.406699180603027344e-01 2.170897573232650757e-01 2.153962701559066772e-01 -7.380588054656982422e-01 -6.992983222007751465e-01 1.345918327569961548e-01 5.620743632316589355e-01 7.872334718704223633e-01 2.739009857177734375e-01 -2.527534663677215576e-01 4.879765957593917847e-02 4.201886653900146484e-01 2.820244133472442627e-01 2.121624201536178589e-01 4.305101186037063599e-02 -6.739659607410430908e-02 -1.636911332607269287e-01 5.594393610954284668e-01 -6.577393412590026855e-01 1.740234047174453735e-01 3.976248800754547119e-01 -9.781131893396377563e-02 2.381319105625152588e-01 -8.372215926647186279e-02 -2.416834980249404907e-01 1.012008041143417358e-01 -1.896971613168716431e-01 1.897999644279479980e-02 1.638373592868447304e-03 -9.659741818904876709e-02 -4.638887345790863037e-01 -1.181854307651519775e-01 -4.883864521980285645e-01 -1.586625576019287109e-01 2.564725279808044434e-01 -1.768232434988021851e-01 -1.014973595738410950e-01 -1.237337887287139893e-01 -4.244846105575561523e-01 9.910415858030319214e-02 -5.915352106094360352e-01 5.094503760337829590e-01 -3.930136263370513916e-01 -7.996521592140197754e-01 3.316335678100585938e-01 6.548617035150527954e-02 6.969891488552093506e-02 -8.764113187789916992e-01 -5.610015392303466797e-01 -1.073569729924201965e-01 -5.048452019691467285e-01 1.658611744642257690e-01 -2.531752586364746094e-01 -2.393098026514053345e-01 8.761605247855186462e-03 3.179185986518859863e-01
5.960319042205810547e-01 3.978911936283111572e-01 1.737565994262695312e-01 -2.022824063897132874e-02 1.650840342044830322e-01 4.863213598728179932e-01 1.942414045333862305e-01 -1.871554702520370483e-01 -3.446271717548370361e-01 2.049760669469833374e-01 1.614498794078826904e-01 -5.408461093902587891e-01 -7.137249708175659180e-01 -2.645673453807830811e-01 -5.258239433169364929e-02 8.740048408508300781e-01 4.632449448108673096e-01 -4.893597066402435303e-01 -2.845611572265625000e-01 1.125887989997863770e+00 2.796983718872070312e-01 2.491907328367233276e-01 -2.429754883050918579e-01 -5.154807567596435547e-01 2.023799419403076172e-01 6.955174207687377930e-01 -7.904502153396606445e-01 6.376092135906219482e-02 4.538752734661102295e-01 -3.626307845115661621e-01 1.272471100091934204e-01 -2.316439300775527954e-01 -1.328498721122741699e-01 -1.426742076873779297e-01 -2.157185524702072144e-01 1.293960213661193848e-02 -2.018856704235076904e-01 3.101936578750610352e-01 -5.656501278281211853e-03 9.463668465614318848e-01 -3.800879418849945068e-01 -2.742274999618530273e-01 -5.219756960868835449e-01 1.111741289496421814e-01 6.452324986457824707e-01 1.138492077589035034e-01 -6.399203538894653320e-01 5.352423712611198425e-02 -4.617910981178283691e-01 2.201776802539825439e-01 3.020612299442291260e-01 1.155707761645317078e-01 5.360264778137207031e-01 7.423733472824096680e-01 4.220896661281585693e-01 -2.200690507888793945e-01 -7.779389619827270508e-01 1.608389467000961304e-01 -5.492062568664550781e-01 3.211283683776855469e-01 -2.137867361307144165e-01 3.684593141078948975e-01 4.452125728130340576e-02 5.968699455261230469e-01
-3.362333774566650391e-02 -1.264250516891479492e+00 -2.462835311889648438e-01 4.573577642440795898e-01 2.072938531637191772e-01 -5.360056757926940918e-01 -1.677546277642250061e-02 -1.977975368499755859e-01 -8.274560570716857910e-01 -1.357658654451370239e-01 -2.441785782575607300e-01 -3.493006825447082520e-01 -3.233640491962432861e-01 1.531629562377929688e-01 7.985703945159912109e-01 6.615823507308959961e-01 -7.145551592111587524e-02 4.460777342319488525e-01 1.080798387527465820e+00 4.319518804550170898e-01 2.477518916130065918e-01 2.750104665756225586e-01 5.141910538077354431e-02 -2.519679069519042969e-01 7.832697629928588867e-01 -1.229844838380813599e-01 -3.373792469501495361e-01 -2.898465692996978760e-01 8.063423037528991699e-01 2.659029327332973480e-02 -2.929095923900604248e-01 2.257980853319168091e-01 3.642106894403696060e-03 -1.349040120840072632e-01 4.430732429027557373e-01 2.827147245407104492e-01 -8.398451656103134155e-02 3.066686093807220459e-01 -4.896300658583641052e-02 1.338650435209274292e-01 -4.018163681030273438e-01 3.673985004425048828e-01 -4.038019180297851562e-01 1.787234842777252197e-01 9.312776327133178711e-01 -1.007895320653915405e-01 1.650820821523666382e-01 -7.307712435722351074e-01 -3.787927627563476562e-01 3.756065368652343750e-01 -2.431748509407043457e-01 5.720909237861633301e-01 2.566510736942291260e-01 2.156978100538253784e-01 2.073804587125778198e-01 6.232207417488098145e-01 3.792393505573272705e-01 -1.103053838014602661e-01 8.221238255500793457e-01 4.935348629951477051e-01 -2.282774001359939575e-01 -1.116385102272033691e+00 2.552040219306945801e-01 -3.404141217470169067e-02
1.666231602430343628e-01 5.946447700262069702e-02 5.236218124628067017e-02 9.913944639265537262e-03 2.920252382755279541e-01 3.087622113525867462e-02 2.503013908863067627e-01 -8.231711983680725098e-01 -6.944125890731811523e-01 -1.309279799461364746e-01 1.053683161735534668e-01 -4.032867550849914551e-01 -8.285078406333923340e-01 2.561121582984924316e-01 1.758717447519302368e-01 5.267853140830993652e-01 8.570083975791931152e-02 -4.516855180263519287e-01 6.775437295436859131e-02 5.955317020416259766e-01 -1.849677860736846924e-01 3.071530461311340332e-01 3.264191150665283203e-01 -2.702446877956390381e-01 -3.682062029838562012e-01 6.726292371749877930e-01 -3.228557705879211426e-01 7.665932923555374146e-02 5.718274116516113281e-01 -1.740247160196304321e-01 1.277600973844528198e-01 -8.133553713560104370e-02 -1.978511065244674683e-01 -1.142608746886253357e-01 3.272148072719573975e-01 -3.941078782081604004e-01 1.484541445970535278e-01 -1.861870586872100830e-01 -7.168488502502441406e-01 -2.075739055871963501e-01 -2.604743242263793945e-01 -2.020245417952537537e-02 1.132324486970901489e-01 2.713861167430877686e-01 6.080406904220581055e-02 -2.873271405696868896e-01 -3.430196940898895264e-01 -6.268630921840667725e-02 -6.599693298339843750e-01 2.474416606128215790e-02 -7.594426870346069336e-01 -7.364681363105773926e-01 4.476482272148132324e-01 8.731397986412048340e-02 -1.500248759984970093e-01 -8.200260400772094727e-01 -7.134829163551330566e-01 -2.781207673251628876e-02 -7.345653176307678223e-01 2.593897283077239990e-01 1.175864040851593018e-02 -2.547652721405029297e-01 -5.136066675186157227e-02 4.636735022068023682e-01
2.302542626857757568e-01 -3.266068175435066223e-02 1.262870430946350098e-01 7.916822433471679688e-01 3.563804030418395996e-01 1.892819404602050781e-01 -1.448852270841598511e-01 -6.802375316619873047e-01 -1.161313176155090332e+00 -2.057761102914810181e-01 2.874948382377624512e-01 2.053117454051971436e-01 4.478810355067253113e-03 -5.802196860313415527e-01 1.114604592323303223e+00 1.127567887306213379e-01 2.023232430219650269e-01 4.076704978942871094e-01 7.160782814025878906e-01 -3.585778642445802689e-03 -3.677482604980468750e-01 1.131556749343872070e+00 8.487082719802856445e-01 5.088499188423156738e-01 -5.977388620376586914e-01 1.633190035820007324e+00 9.780633449554443359e-02 -6.030262708663940430e-01 7.956101894378662109e-01 -4.476986825466156006e-01 -7.866011857986450195e-01 -1.550360918045043945e-01 8.408118486404418945e-01 -4.872752130031585693e-01 5.859097242355346680e-01 -6.927085518836975098e-01 -1.055826187133789062e+00 4.573737978935241699e-01 -4.889071583747863770e-01 6.447738409042358398e-01 2.877189815044403076e-01 6.083192825317382812e-01 7.246311306953430176e-01 -5.993775725364685059e-01 1.097637176513671875e+00 -1.047544002532958984e+00 -1.365140378475189209e-01 5.976443886756896973e-01 -4.106566905975341797e-01 8.548465967178344727e-01 -7.452096939086914062e-01 -7.251361012458801270e-01 7.460814714431762695e-01 6.568226218223571777e-01 2.736947834491729736e-01 8.091262578964233398e-01 -1.674945950508117676e-01 -1.015329211950302124e-01 -1.122841835021972656e+00 6.438488364219665527e-01 -7.346963882446289062e-01 1.888606995344161987e-01 1.838495135307312012e-01 -1.798599660396575928e-01
4.824668541550636292e-02 4.634951055049896240e-01 -5.022197365760803223e-01 4.659938514232635498e-01 1.060900568962097168e+00 -2.631716430187225342e-01 2.370947003364562988e-01 -6.125367879867553711e-01 -5.910971164703369141e-01 3.398085832595825195e-01 3.069340288639068604e-01 -9.927420616149902344e-01 -6.846072673797607422e-01 1.579363495111465454e-01 6.085609793663024902e-01 8.320903778076171875e-01 1.976963281631469727e-01 -9.429933130741119385e-02 3.042533993721008301e-01 6.614491939544677734e-01 -7.446815371513366699e-01 -3.862058818340301514e-01 4.312770664691925049e-01 -3.646362200379371643e-02 -7.602372169494628906e-01 1.202898472547531128e-01 -2.907444536685943604e-01 1.649889051914215088e-01 3.339969813823699951e-01 -1.549828797578811646e-02 4.575740918517112732e-02 -4.795596599578857422e-01 -2.247600257396697998e-01 5.831176638603210449e-01 -3.328975439071655273e-01 3.495565652847290039e-01 -5.937904715538024902e-01 -1.089485809206962585e-01 -4.740282893180847168e-01 3.544874116778373718e-02 -2.989604473114013672e-01 -7.347445935010910034e-02 3.760052621364593506e-01 -8.300928398966789246e-03 4.805648922920227051e-01 -2.106948196887969971e-01 2.350924462080001831e-01 5.334647297859191895e-01 -3.198560774326324463e-01 9.826205372810363770e-01 -5.541588738560676575e-02 -5.444342494010925293e-01 2.605861425399780273e-01 2.425514459609985352e-01 -8.033578991889953613e-01 7.735851407051086426e-01 7.323973178863525391e-01 -7.678858637809753418e-01 -1.757805645465850830e-01 -1.671335250139236450e-01 -4.067878723144531250e-01 -2.446449995040893555e-01 6.410928368568420410e-01 2.803559303283691406e-01
7.464300096035003662e-02 -9.734089672565460205e-02 8.600361347198486328e-01 1.262071430683135986e-01 2.384787499904632568e-01 2.333065122365951538e-01 -4.203794151544570923e-02 1.238192915916442871e-01 -1.137698054313659668e+00 1.004308938980102539e+00 -1.705308444797992706e-02 -8.213236331939697266e-01 -5.146733522415161133e-01 2.740979380905628204e-02 4.458270072937011719e-01 9.220964908599853516e-01 2.704994566738605499e-02 3.601060509681701660e-01 -2.326351851224899292e-01 5.233136415481567383e-01 4.103006720542907715e-01 1.117345094680786133e+00 -4.132317379117012024e-02 -5.142974257469177246e-01 4.234747216105461121e-02 6.383230090141296387e-01 -2.849358916282653809e-01 -4.735132157802581787e-01 8.186452984809875488e-01 -9.842646121978759766e-01 -3.818758726119995117e-01 -3.312023878097534180e-01 -1.218062043190002441e-01 4.937273263931274414e-01 -4.701831340789794922e-01 4.056290090084075928e-01 -2.775231376290321350e-02 -1.710352599620819092e-01 -5.395730137825012207e-01 6.675923466682434082e-01 1.478692144155502319e-01 2.919561564922332764e-01 -6.189646124839782715e-01 -7.113255858421325684e-01 8.147703856229782104e-02 -6.937771439552307129e-01 2.579999566078186035e-01 -4.387553632259368896e-01 -5.092544555664062500e-01 7.371855378150939941e-01 -8.462285995483398438e-02 -3.041944801807403564e-01 5.116456747055053711e-01 2.623986899852752686e-01 -3.085321187973022461e-01 -5.013473033905029297e-01 -5.145447850227355957e-01 -2.214767634868621826e-01 3.246079385280609131e-01 5.990206599235534668e-01 -5.172868371009826660e-01 -6.480500698089599609e-01 3.312086164951324463e-01 2.585672438144683838e-01
5.106405615806579590e-01 -7.378959655761718750e-01 -9.657598286867141724e-02 6.754615902900695801e-01 3.547596335411071777e-01 -2.015646547079086304e-01 -8.073540925979614258e-01 -6.950229406356811523e-02 -7.728019952774047852e-01 -3.559973090887069702e-02 4.066554307937622070e-01 -4.432651400566101074e-01 -3.371573686599731445e-01 -8.586927503347396851e-02 3.468271717429161072e-02 9.657417237758636475e-02 -1.058072075247764587e-01 7.055768370628356934e-01 7.272375822067260742e-01 1.083436608314514160e+00 2.070951163768768311e-01 1.889348328113555908e-01 2.137817591428756714e-01 4.326690435409545898e-01 -3.574973642826080322e-01 4.693111479282379150e-01 -3.572287857532501221e-01 -5.734598636627197266e-01 6.986131072044372559e-01 1.127880625426769257e-02 -1.304120868444442749e-01 5.620473027229309082e-01 1.116872429847717285e-01 2.685712575912475586e-01 -2.320243045687675476e-02 1.004446670413017273e-01 -4.764902591705322266e-01 -2.485969215631484985e-01 -3.699907660484313965e-01 -1.440125405788421631e-01 -5.814030393958091736e-02 -5.227017998695373535e-01 -7.727691531181335449e-01 5.098010413348674774e-03 8.832710981369018555e-01 -4.392839968204498291e-01 -8.927512168884277344e-02 -9.363228827714920044e-02 -8.726979792118072510e-02 4.408417046070098877e-01 1.017528623342514038e-01 5.608240365982055664e-01 1.624827384948730469e-01 5.773043036460876465e-01 -8.136863261461257935e-02 5.934549868106842041e-02 7.196038365364074707e-01 -9.324316978454589844e-01 5.189052820205688477e-01 2.666826248168945312e-01 -8.651658296585083008e-01 -3.039225041866302490e-01 1.613743603229522705e-01 2.876617014408111572e-01
2.053623795509338379e-01 -9.013139605522155762e-01 8.403515219688415527e-01 6.445307135581970215e-01 7.175577878952026367e-01 -2.721389010548591614e-02 -2.804458737373352051e-01 -5.102087259292602539e-01 -1.201079189777374268e-01 -2.211626172065734863e-01 -2.496848702430725098e-01 -2.727348208427429199e-01 -2.772782146930694580e-01 -3.812799453735351562e-01 5.836228728294372559e-01 3.676443696022033691e-01 -3.135325908660888672e-01 6.610835194587707520e-01 2.633346021175384521e-01 2.911339700222015381e-01 2.168016135692596436e-01 1.095510363578796387e+00 -1.029184907674789429e-01 -7.991594821214675903e-02 -1.881948560476303101e-01 2.689517736434936523e-01 1.567036807537078857e-01 -6.817460060119628906e-02 6.959078907966613770e-01 1.243431419134140015e-01 2.150459401309490204e-02 8.790178298950195312e-01 4.754070937633514404e-02 6.248405575752258301e-01 2.288465052843093872e-01 -9.570711292326450348e-03 -1.895511150360107422e-01 -4.633239507675170898e-01 -2.076331228017807007e-01 -3.147474303841590881e-02 -1.824031174182891846e-01 4.999765381217002869e-02 -2.726100198924541473e-02 1.168205216526985168e-01 8.317471146583557129e-01 8.659787476062774658e-02 -4.535067081451416016e-01 1.801523268222808838e-01 2.166953980922698975e-01 2.362509071826934814e-01 -1.715793907642364502e-01 7.217139005661010742e-01 3.312062025070190430e-01 7.371575832366943359e-01 6.421757489442825317e-02 6.225286126136779785e-01 6.566601991653442383e-01 2.019163221120834351e-01 3.944179415702819824e-01 5.263593792915344238e-02 -5.191704630851745605e-01 -2.434763610363006592e-01 5.600298568606376648e-02 1.682178527116775513e-01
3.418668806552886963e-01 -1.483856320381164551e+00 7.062460482120513916e-02 4.242051839828491211e-01 5.874201655387878418e-01 -4.142578542232513428e-01 -1.149711199104785919e-02 -4.658900201320648193e-01 -5.113742947578430176e-01 2.520928382873535156e-01 -1.022935435175895691e-01 -4.287046492099761963e-01 -1.921116709709167480e-01 -4.046077430248260498e-01 1.228552818298339844e+00 1.914606988430023193e-01 -2.813845574855804443e-01 6.007390022277832031e-01 2.432609647512435913e-01 -3.503761067986488342e-02 3.518277704715728760e-01 6.124868988990783691e-01 5.523736774921417236e-02 -2.966123521327972412e-01 2.454960644245147705e-01 3.841087520122528076e-01 -6.068162322044372559e-01 -2.967888116836547852e-01 2.438570261001586914e-01 2.836131751537322998e-01 3.329306542873382568e-01 9.207156300544738770e-01 1.409049481153488159e-01 5.040419697761535645e-01 -7.658597081899642944e-02 -2.609567642211914062e-01 -4.094647765159606934e-01 -3.630227446556091309e-01 9.947600215673446655e-02 -6.208211928606033325e-02 -5.222367867827415466e-02 -2.723950743675231934e-01 -7.226433604955673218e-02 2.045306712388992310e-01 1.085052251815795898e+00 -4.689540863037109375e-01 -6.718461960554122925e-02 1.494423002004623413e-01 1.428398340940475464e-01 1.210627704858779907e-01 -2.567650675773620605e-01 9.121499061584472656e-01 7.104011178016662598e-01 2.784044742584228516e-01 -3.199677467346191406e-01 2.435386329889297485e-01 5.098974704742431641e-01 3.762052059173583984e-01 1.604000180959701538e-01 1.419630199670791626e-01 -3.743309974670410156e-01 -2.871141433715820312e-01 1.071918196976184845e-02 6.686588376760482788e-02
3.727678358554840088e-01 -7.197229266166687012e-01 6.693516969680786133e-01 7.499614357948303223e-01 2.939060926437377930e-01 -7.257272601127624512e-01 -1.868244409561157227e-01 1.463391184806823730e-01 4.232773557305335999e-02 2.585312724113464355e-01 2.455039694905281067e-02 -1.993285417556762695e-01 -2.867414057254791260e-01 -2.671377062797546387e-01 1.801723092794418335e-01 5.525600910186767578e-01 -5.533033013343811035e-01 8.108577132225036621e-01 3.818926513195037842e-01 -2.512176632881164551e-01 3.236304223537445068e-01 7.777186036109924316e-01 8.139192461967468262e-01 2.429811805486679077e-01 -4.411807060241699219e-01 3.072265088558197021e-01 -4.411349594593048096e-01 -1.075646877288818359e-01 6.835920214653015137e-01 -3.779783844947814941e-01 -4.583080708980560303e-01 4.801782369613647461e-01 -5.559735298156738281e-01 7.977252006530761719e-01 1.402874737977981567e-01 -1.969929337501525879e-01 5.586987361311912537e-03 -5.958534479141235352e-01 -5.167380571365356445e-01 3.478376865386962891e-01 -2.793594300746917725e-01 -3.946316987276077271e-02 3.469986915588378906e-01 -3.311870992183685303e-01 9.813345670700073242e-01 3.795027732849121094e-01 -3.949582576751708984e-01 2.137592621147632599e-02 -3.895232677459716797e-01 1.650144755840301514e-01 -3.979188501834869385e-01 1.910803020000457764e-01 1.057186424732208252e-01 8.181911706924438477e-01 5.838412046432495117e-01 1.165839284658432007e-01 2.539086043834686279e-01 -3.161038085818290710e-02 -3.087492287158966064e-01 4.927021861076354980e-01 -5.522347092628479004e-01 -9.396162629127502441e-02 9.927172213792800903e-02 5.783481597900390625e-01
5.439433455467224121e-01 -2.929732203483581543e-01 -1.138106212019920349e-01 2.099605053663253784e-01 3.777385354042053223e-01 3.879857361316680908e-01 3.707920610904693604e-01 -2.181783467531204224e-01 3.509041666984558105e-01 -3.641349971294403076e-01 1.251911371946334839e-01 2.640518248081207275e-01 -4.676415622234344482e-01 -5.885794758796691895e-01 6.114692091941833496e-01 1.224071145057678223e+00 -2.176243662834167480e-01 -7.489749789237976074e-01 -2.808937430381774902e-01 4.422439038753509521e-01 1.781034469604492188e-01 7.130959630012512207e-01 4.054372310638427734e-01 -1.637357622385025024e-01 2.248088866472244263e-01 8.388451933860778809e-01 -2.370447069406509399e-01 -3.037996590137481689e-02 7.219047546386718750e-01 -5.736123323440551758e-01 1.531298756599426270e-01 -7.619664072990417480e-01 -2.211661338806152344e-01 -1.748557388782501221e-02 4.784641563892364502e-01 5.560823082923889160e-01 -4.709578119218349457e-03 2.438433915376663208e-01 6.658203601837158203e-01 5.572796463966369629e-01 -6.226412653923034668e-01 -1.046832576394081116e-01 3.135750591754913330e-01 4.110640287399291992e-01 6.462878584861755371e-01 -1.819369941949844360e-01 -3.151145204901695251e-02 -3.214001059532165527e-01 -5.618199706077575684e-01 3.597183153033256531e-02 -1.145899742841720581e-01 -1.029202193021774292e-01 7.987889051437377930e-01 6.170890927314758301e-01 1.411570012569427490e-01 3.166555464267730713e-01 -3.858558535575866699e-01 -1.397575587034225464e-01 -4.966067373752593994e-01 -4.065932631492614746e-01 -1.228609919548034668e+00 -3.399448841810226440e-02 3.176031410694122314e-01 3.983374238014221191e-01
3.840029984712600708e-02 -3.883199095726013184e-01 8.893417716026306152e-01 1.538467705249786377e-01 1.548038125038146973e-01 9.277897328138351440e-02 -2.021375447511672974e-01 -2.084440551698207855e-02 -1.249677300453186035e+00 1.026958346366882324e+00 1.802807450294494629e-01 -5.499590039253234863e-01 -6.599463224411010742e-01 2.013096660375595093e-01 2.684526443481445312e-01 8.891422152519226074e-01 -2.505536889657378197e-03 2.081351876258850098e-01 -3.626157343387603760e-01 3.518767654895782471e-01 5.666103959083557129e-01 1.054052233695983887e+00 7.286096364259719849e-02 -4.387762248516082764e-01 6.091117486357688904e-02 7.422668337821960449e-01 -3.635009229183197021e-01 -5.069703459739685059e-01 8.535202741622924805e-01 -6.973701119422912598e-01 -4.336991906166076660e-01 -2.813885211944580078e-01 -6.822757422924041748e-02 5.510554909706115723e-01 -6.132683753967285156e-01 2.659397721290588379e-01 4.499412700533866882e-02 -3.384655416011810303e-01 -6.302016377449035645e-01 5.537772774696350098e-01 9.715763479471206665e-02 4.512474834918975830e-01 -5.044909715652465820e-01 -6.838991045951843262e-01 2.815097272396087646e-01 -5.058756470680236816e-01 2.629457116127014160e-01 -4.820512607693672180e-03 -5.259268879890441895e-01 7.458255887031555176e-01 -3.156831860542297363e-01 -2.469755858182907104e-01 3.512250483036041260e-01 1.687216758728027344e-01 -2.349830716848373413e-01 -2.289147078990936279e-01 -6.679070591926574707e-01 -2.363808751106262207e-01 7.868142426013946533e-02 8.546342849731445312e-01 -3.488251864910125732e-01 -5.930883884429931641e-01 3.996102809906005859e-01 3.022003173828125000e-01
2.897021770477294922e-01 -8.805343508720397949e-01 6.136658787727355957e-01 6.389092206954956055e-01 6.890278458595275879e-01 -6.092180013656616211e-01 -2.249020785093307495e-01 2.285032272338867188e-01 9.817394614219665527e-02 4.328427836298942566e-03 -3.586742877960205078e-01 -5.122626423835754395e-01 -6.301228702068328857e-02 -1.824420839548110962e-01 9.247655421495437622e-02 4.914636313915252686e-01 -4.445892870426177979e-01 7.988468408584594727e-01 4.144208431243896484e-01 2.469468563795089722e-01 9.140487760305404663e-02 7.677630782127380371e-01 7.110650539398193359e-01 1.690143495798110962e-01 -2.007056176662445068e-01 4.075952470302581787e-01 -3.872632384300231934e-01 3.701410070061683655e-02 8.595840930938720703e-01 -1.858928352594375610e-01 -6.429499387741088867e-01 3.077546954154968262e-01 -4.883441329002380371e-01 5.790978670120239258e-01 2.041383981704711914e-01 -2.100940495729446411e-01 1.844924241304397583e-01 -3.326597213745117188e-01 -3.708609044551849365e-01 7.400853931903839111e-02 2.617118298076093197e-04 2.272964455187320709e-02 1.066677123308181763e-01 -1.116902977228164673e-01 9.060966968536376953e-01 1.287539452314376831e-01 -7.443897724151611328e-01 1.523140445351600647e-02 -2.652208209037780762e-01 7.665856927633285522e-02 -1.571120619773864746e-01 5.305737853050231934e-01 1.900428831577301025e-01 4.943926632404327393e-01 2.086802572011947632e-01 2.924274206161499023e-01 4.268261790275573730e-01 -8.433643728494644165e-02 -9.096084535121917725e-02 5.117614269256591797e-01 -5.582315921783447266e-01 -3.132138773798942566e-02 -8.517759293317794800e-02 6.670649051666259766e-01
4.521754384040832520e-01 -3.872157633304595947e-01 5.467585921287536621e-01 9.312829375267028809e-01 3.933427631855010986e-01 -2.888166606426239014e-01 -2.615868449211120605e-01 8.582898378372192383e-01 -1.083733081817626953e+00 -4.665457308292388916e-01 4.617827832698822021e-01 -5.642379522323608398e-01 -1.026169180870056152e+00 1.380572319030761719e-01 4.945037364959716797e-01 5.693086385726928711e-01 -6.247485280036926270e-01 2.306401580572128296e-01 -2.242189133539795876e-03 -2.992285788059234619e-02 -3.881296813488006592e-01 9.122290611267089844e-01 -1.266570836305618286e-01 -3.537067174911499023e-01 -5.791838169097900391e-01 1.232156991958618164e+00 1.126231346279382706e-02 -3.047877550125122070e-01 -3.093237280845642090e-01 -6.037450581789016724e-02 9.982150793075561523e-02 8.408402651548385620e-02 -3.943796753883361816e-01 -8.244607448577880859e-01 9.520411491394042969e-01 7.835703492164611816e-01 -2.926739156246185303e-01 3.979295790195465088e-01 -2.705931067466735840e-01 -1.587083097547292709e-03 1.057799085974693298e-01 2.759181521832942963e-02 -4.862590134143829346e-01 4.805972874164581299e-01 1.039389967918395996e+00 -1.517390161752700806e-01 -1.090366542339324951e-01 -4.393880665302276611e-01 2.909062504768371582e-01 4.507568180561065674e-01 1.953755468130111694e-01 -7.756941914558410645e-01 -6.215259060263633728e-02 7.853618860244750977e-01 6.842314004898071289e-01 5.249879956245422363e-01 -2.041369378566741943e-01 -7.095691561698913574e-01 -3.154334127902984619e-01 -1.298294365406036377e-01 -3.186054900288581848e-02 1.790552884340286255e-01 9.652377665042877197e-02 -2.101892232894897461e-01
1.980120548978447914e-03 2.570662498474121094e-01 3.103613555431365967e-01 -8.067146688699722290e-02 1.671379804611206055e-01 1.824610084295272827e-01 6.953035295009613037e-02 -4.682617485523223877e-01 -4.682153761386871338e-01 3.138031363487243652e-01 3.268201649188995361e-02 -6.291033625602722168e-01 -6.134658455848693848e-01 1.809169501066207886e-01 5.024119019508361816e-01 8.686447143554687500e-01 3.474425077438354492e-01 -2.245482057332992554e-01 4.577158764004707336e-02 5.814331769943237305e-01 1.256418675184249878e-01 2.804224789142608643e-01 -3.404631093144416809e-02 -2.156153023242950439e-01 -1.339949481189250946e-02 5.388290882110595703e-01 -4.755776524543762207e-01 1.590111702680587769e-01 3.428196907043457031e-01 -2.332143783569335938e-01 1.882161051034927368e-01 2.428753226995468140e-01 -4.819549918174743652e-01 5.673857778310775757e-02 -4.025917500257492065e-02 -4.328678548336029053e-02 -8.246330171823501587e-02 -3.690396249294281006e-02 -3.908104002475738525e-01 -1.343287676572799683e-01 -4.199249148368835449e-01 -6.352765858173370361e-02 1.180924698710441589e-01 -3.006158173084259033e-01 -1.117204427719116211e-01 -1.750335395336151123e-01 -3.958903551101684570e-01 -9.986655414104461670e-02 -6.189177036285400391e-01 4.249378442764282227e-01 -4.562597870826721191e-01 -8.141264319419860840e-01 6.177470088005065918e-01 2.758304476737976074e-01 6.658110022544860840e-02 -7.731448411941528320e-01 -6.266355514526367188e-01 -1.288239061832427979e-01 -5.269117951393127441e-01 3.901408240199089050e-02 -2.060076296329498291e-01 -2.884908616542816162e-01 -1.846094280481338501e-01 5.276041626930236816e-01
2.998232245445251465e-01 -4.569033384323120117e-01 8.827888220548629761e-02 5.252738595008850098e-01 7.866842746734619141e-01 2.328066388145089149e-03 -8.395515382289886475e-02 3.586532175540924072e-01 -1.264439702033996582e+00 2.534139752388000488e-01 6.740759611129760742e-01 -8.927954435348510742e-01 -1.144083663821220398e-01 5.941134691238403320e-02 2.084892988204956055e-01 3.236904740333557129e-01 -3.379335105419158936e-01 5.565158724784851074e-01 2.889797985553741455e-01 1.080912113189697266e+00 -1.393589377403259277e-01 1.570532470941543579e-01 -1.092761605978012085e-01 1.589984819293022156e-02 -1.270951271057128906e+00 5.385755002498626709e-02 -5.953617095947265625e-01 -2.209101170301437378e-01 7.114601731300354004e-01 2.708066999912261963e-01 -3.628546372056007385e-02 6.061711311340332031e-01 5.776827335357666016e-01 -4.176521301269531250e-01 8.458237648010253906e-01 7.637260854244232178e-02 -5.475271940231323242e-01 6.817727088928222656e-01 3.127328306436538696e-02 -1.294905841350555420e-01 -1.597258448600769043e-01 -3.489461541175842285e-01 -8.730938434600830078e-01 3.148247003555297852e-01 6.285533308982849121e-01 -1.454866975545883179e-01 -1.983007341623306274e-01 -7.878648638725280762e-01 5.191016942262649536e-02 5.153060555458068848e-01 3.117225691676139832e-02 -7.462760061025619507e-02 2.903929948806762695e-01 1.316726207733154297e+00 -4.979006052017211914e-01 5.521991252899169922e-01 2.477491199970245361e-01 -6.625290513038635254e-01 -2.674308419227600098e-01 6.222813129425048828e-01 -5.372713208198547363e-01 -3.901773989200592041e-01 4.795265197753906250e-01 2.195951938629150391e-01
