-8.737039566040039062e-02 5.976807475090026855e-01 7.483279705047607422e-01 -4.707750976085662842e-01 4.221577346324920654e-01 2.138634175062179565e-01 -3.492769896984100342e-01 -2.540530860424041748e-01 -9.747391939163208008e-02 2.558182552456855774e-02 8.225960731506347656e-01 -1.357138901948928833e-01 2.508548274636268616e-02 -8.556760102510452271e-02 -5.732153654098510742e-01 5.197485685348510742e-01 -8.479962348937988281e-01 -5.277209728956222534e-02 2.240681201219558716e-01 9.356070160865783691e-01 1.188943028450012207e+00 -2.946872413158416748e-01 -3.187110126018524170e-01 -1.147962927818298340e+00 1.893346607685089111e-01 -2.622948288917541504e-01 -4.910966157913208008e-01 -9.995517134666442871e-02 -5.541596934199333191e-02 5.749835632741451263e-03 -5.078697800636291504e-01 -1.221125349402427673e-01 -5.114625692367553711e-01 -6.128095462918281555e-02 2.601066827774047852e-01 -1.534574329853057861e-01 -2.873547673225402832e-01 -1.919028311967849731e-01 5.415447950363159180e-01 -2.847746759653091431e-02 3.476831614971160889e-01 4.213582277297973633e-01 -6.419305801391601562e-01 -1.424532681703567505e-01 6.543194055557250977e-01 -2.077119648456573486e-01 1.077212914824485779e-01 -4.586859643459320068e-01 -4.917457401752471924e-01 6.625536084175109863e-01 1.575041264295578003e-01 6.431695818901062012e-01 7.159092426300048828e-01 -7.546750307083129883e-01 -1.458506751805543900e-02 -2.643545269966125488e-01 -1.264917850494384766e-01 9.043577313423156738e-01 -5.441017150878906250e-01 5.045670866966247559e-01 -1.098421335220336914e+00 6.229540109634399414e-01 1.346996277570724487e-01 9.481954574584960938e-01
-1.572399586439132690e-01 8.131834864616394043e-01 7.197854518890380859e-01 -1.432480216026306152e-01 6.758165955543518066e-01 -8.800061419606208801e-03 -2.982630431652069092e-01 -5.058507919311523438e-01 -3.301630169153213501e-02 -1.141221076250076294e-02 8.839184641838073730e-01 -3.517808318138122559e-01 3.018928691744804382e-03 -5.737487226724624634e-02 -7.233807444572448730e-01 4.799551367759704590e-01 -8.587309718132019043e-01 -6.248345971107482910e-02 3.290608525276184082e-02 8.353564143180847168e-01 8.641797900199890137e-01 -3.016430735588073730e-01 -4.696555435657501221e-02 -9.169384241104125977e-01 -1.706839166581630707e-02 -3.825293481349945068e-01 -1.340085119009017944e-01 -9.218334406614303589e-02 8.036252856254577637e-02 -1.312460899353027344e-01 -3.645123541355133057e-01 -2.817399427294731140e-02 -6.463268995285034180e-01 -1.016877666115760803e-01 1.689240634441375732e-01 -1.612714678049087524e-01 -2.759431004524230957e-01 -3.232940137386322021e-01 3.370223343372344971e-01 1.264253407716751099e-01 5.404412746429443359e-02 2.437296658754348755e-01 -4.775830507278442383e-01 2.066825777292251587e-01 7.994418144226074219e-01 -2.869920432567596436e-01 1.519025117158889771e-01 -6.041712164878845215e-01 -7.881799340248107910e-02 5.284224152565002441e-01 1.142255496233701706e-02 5.406767129898071289e-01 7.701030969619750977e-01 -6.237397193908691406e-01 2.345456480979919434e-01 -1.792687028646469116e-01 5.129898712038993835e-02 1.027159810066223145e+00 -6.668050289154052734e-01 7.257655858993530273e-01 -1.233938694000244141e+00 7.876574397087097168e-01 3.078019917011260986e-01 7.862104177474975586e-01
4.389554262161254883e-02 1.022073745727539062e+00 8.242392539978027344e-01 -2.052091956138610840e-01 5.340530872344970703e-01 8.284495025873184204e-02 -3.674820959568023682e-01 -3.228982985019683838e-01 -1.065517887473106384e-01 1.744743585586547852e-01 8.607410788536071777e-01 -1.778582930564880371e-01 -7.811176776885986328e-02 -1.865156441926956177e-01 -4.091473519802093506e-01 3.519528210163116455e-01 -6.004560589790344238e-01 -5.881937965750694275e-02 1.252411901950836182e-01 1.111268043518066406e+00 1.039528608322143555e+00 -3.002152144908905029e-01 -1.578900516033172607e-01 -9.698521494865417480e-01 1.257859263569116592e-02 -4.644623994827270508e-01 -2.185707539319992065e-01 -1.654603630304336548e-01 2.226392924785614014e-01 1.530335471034049988e-02 -3.796276450157165527e-01 -5.302251130342483521e-02 -5.366898179054260254e-01 -1.138363704085350037e-01 2.983267605304718018e-01 -2.140733450651168823e-01 -3.173794150352478027e-01 -9.354955703020095825e-02 5.742067098617553711e-01 7.240223884582519531e-02 3.524127602577209473e-01 3.377016186714172363e-01 -3.623004853725433350e-01 7.205695658922195435e-02 8.416616320610046387e-01 -2.081356793642044067e-01 2.217037677764892578e-01 -7.553266882896423340e-01 -2.718107104301452637e-01 5.247031450271606445e-01 7.217425853013992310e-03 6.552708745002746582e-01 5.988365411758422852e-01 -6.680243611335754395e-01 -1.260366588830947876e-01 -1.483030319213867188e-01 -1.568545997142791748e-01 9.234262704849243164e-01 -5.373854041099548340e-01 5.494123101234436035e-01 -1.158840656280517578e+00 7.844332456588745117e-01 1.386071592569351196e-01 6.675564050674438477e-01
3.377354145050048828e-02 8.318720459938049316e-01 7.567690610885620117e-01 -3.285811245441436768e-01 5.939678549766540527e-01 -2.260548993945121765e-02 -5.922506451606750488e-01 -4.485815465450286865e-01 4.273565858602523804e-02 2.063712924718856812e-01 7.946096658706665039e-01 -1.450957804918289185e-01 -1.441887915134429932e-01 -8.000594377517700195e-02 -7.116708159446716309e-01 2.867011427879333496e-01 -7.352873086929321289e-01 -1.254355013370513916e-01 1.446200162172317505e-01 7.166118025779724121e-01 1.078483939170837402e+00 -4.181916117668151855e-01 -1.343573778867721558e-01 -1.057251095771789551e+00 6.853609532117843628e-02 -3.888595104217529297e-01 -2.147261947393417358e-01 1.475955639034509659e-02 1.031610742211341858e-01 -2.162211574614048004e-03 -2.225310951471328735e-01 -5.390286073088645935e-02 -5.602529048919677734e-01 -2.401637583971023560e-01 1.388393491506576538e-01 -2.056104987859725952e-01 -3.826567828655242920e-01 -3.830900788307189941e-01 4.379624426364898682e-01 1.264633834362030029e-01 3.768504559993743896e-01 3.403524458408355713e-01 -4.787901937961578369e-01 1.283462643623352051e-01 5.742041468620300293e-01 -6.388497352600097656e-02 2.980021536350250244e-01 -6.066630482673645020e-01 -3.133495748043060303e-01 6.850977540016174316e-01 1.643915101885795593e-02 4.408869445323944092e-01 7.162239551544189453e-01 -5.605112314224243164e-01 -7.060290127992630005e-02 -1.488102823495864868e-01 2.223611343652009964e-03 9.237398505210876465e-01 -7.121732831001281738e-01 5.224041938781738281e-01 -1.224520206451416016e+00 7.890315055847167969e-01 1.718353778123855591e-01 6.748108863830566406e-01
7.383819669485092163e-02 9.614721536636352539e-01 5.911228656768798828e-01 -3.389402925968170166e-01 4.960170984268188477e-01 -1.178492754697799683e-01 -3.222201466560363770e-01 -1.892041862010955811e-01 -8.909712731838226318e-02 6.070821732282638550e-02 8.964391350746154785e-01 -2.588619589805603027e-01 -5.699023231863975525e-02 -1.015738025307655334e-01 -4.689900577068328857e-01 2.868073880672454834e-01 -5.989759564399719238e-01 2.348408289253711700e-02 5.617985874414443970e-02 9.705093502998352051e-01 1.153779864311218262e+00 -1.554453074932098389e-01 -3.844939172267913818e-01 -1.136960864067077637e+00 -2.582195587456226349e-02 -2.909122109413146973e-01 -3.478353619575500488e-01 -2.402807474136352539e-01 1.699141860008239746e-01 -2.289764732122421265e-01 -4.327474832534790039e-01 -8.890563249588012695e-02 -5.168340802192687988e-01 -8.820209652185440063e-02 1.901361197233200073e-01 -1.580553054809570312e-01 -4.491578638553619385e-01 -2.024063169956207275e-01 4.999594092369079590e-01 1.378490924835205078e-01 3.646893203258514404e-01 3.902603685855865479e-01 -5.763401985168457031e-01 2.732564210891723633e-01 6.647855043411254883e-01 -1.110858246684074402e-01 1.281886249780654907e-01 -6.242009401321411133e-01 -3.277192711830139160e-01 5.024049878120422363e-01 -7.152418047189712524e-02 6.095089912414550781e-01 7.391026616096496582e-01 -6.274891495704650879e-01 1.048166602849960327e-01 -2.799488902091979980e-01 5.944157019257545471e-02 8.252704739570617676e-01 -6.790193915367126465e-01 6.068450212478637695e-01 -1.353035449981689453e+00 8.045759201049804688e-01 1.578367352485656738e-01 6.751251220703125000e-01
-1.148797646164894104e-01 8.532783389091491699e-01 7.072098255157470703e-01 -2.038151472806930542e-01 3.513160347938537598e-01 9.905951470136642456e-02 -4.308587312698364258e-01 -3.149498105049133301e-01 -5.743534490466117859e-02 8.024992048740386963e-02 9.857438802719116211e-01 -1.340099573135375977e-01 -1.356074512004852295e-01 -2.153611779212951660e-01 -7.564921379089355469e-01 5.083132982254028320e-01 -6.768965721130371094e-01 -2.227615565061569214e-02 -6.241514533758163452e-02 9.276726841926574707e-01 1.111161828041076660e+00 -1.988021433353424072e-01 1.630706153810024261e-02 -1.050383925437927246e+00 3.352997601032257080e-01 -4.063276946544647217e-01 -4.090178608894348145e-01 -2.530114054679870605e-01 2.721500098705291748e-01 -1.085622757673263550e-01 -2.772012054920196533e-01 -1.927954107522964478e-01 -4.314355850219726562e-01 -3.403796255588531494e-02 5.236937403678894043e-01 -1.795140802860260010e-01 -3.545973002910614014e-01 -3.483090996742248535e-01 3.993902206420898438e-01 -6.241793744266033173e-03 2.650487422943115234e-01 1.826417893171310425e-01 -4.536269605159759521e-01 8.407453447580337524e-02 7.936760187149047852e-01 -2.806020379066467285e-01 1.204534899443387985e-02 -7.154487371444702148e-01 -2.526573240756988525e-01 5.562993884086608887e-01 -1.468800902366638184e-01 5.270819664001464844e-01 6.454127430915832520e-01 -6.161428093910217285e-01 2.972365915775299072e-02 -3.725268319249153137e-02 2.228958532214164734e-02 9.217190742492675781e-01 -5.823523998260498047e-01 7.700306177139282227e-01 -1.213520884513854980e+00 8.124125599861145020e-01 1.800882369279861450e-01 5.466746687889099121e-01
-6.077017635107040405e-02 2.223405092954635620e-01 1.914913356304168701e-01 1.785590313374996185e-02 2.564895153045654297e-02 -3.153507113456726074e-01 3.041060864925384521e-01 -9.738417267799377441e-01 -1.924901604652404785e-01 3.482091799378395081e-02 4.022268950939178467e-01 2.442602366209030151e-01 -1.427770704030990601e-01 5.668591260910034180e-01 -4.598021209239959717e-01 1.842056512832641602e-01 -5.868159532546997070e-01 -8.418246172368526459e-03 2.926554977893829346e-01 7.711353898048400879e-01 6.813831925392150879e-01 3.766705989837646484e-01 1.514737159013748169e-01 -4.277193546295166016e-01 9.101283550262451172e-02 1.180518716573715210e-01 -3.841307759284973145e-01 -2.855735719203948975e-01 7.521234154701232910e-01 -3.603059947490692139e-01 1.594114005565643311e-01 9.482574462890625000e-02 -4.298192560672760010e-01 -6.233063340187072754e-02 -2.190381139516830444e-01 2.545023858547210693e-01 7.987325191497802734e-01 -3.107552528381347656e-01 2.345373481512069702e-01 7.408144325017929077e-02 4.342678189277648926e-01 9.871481359004974365e-02 3.173917233943939209e-01 -2.979966104030609131e-01 6.621630787849426270e-01 3.148745894432067871e-01 -2.771272957324981689e-01 -7.030041813850402832e-01 -2.852943725883960724e-02 8.980795741081237793e-01 -4.802466928958892822e-01 -4.508798196911811829e-02 7.743773460388183594e-01 -1.954209953546524048e-01 1.010814085602760315e-01 -5.759690999984741211e-01 -6.763411760330200195e-01 5.689847469329833984e-01 -4.069254696369171143e-01 5.448311567306518555e-01 -7.100033164024353027e-01 -2.911693453788757324e-01 -9.279163926839828491e-02 -5.623878836631774902e-01
-7.960182428359985352e-02 6.489995121955871582e-01 -5.925759673118591309e-02 -4.411313533782958984e-01 -4.175113439559936523e-01 -1.572036296129226685e-01 -7.666836678981781006e-02 -6.318799853324890137e-01 -2.418596744537353516e-01 2.436073571443557739e-01 3.713847696781158447e-01 5.605595558881759644e-02 -1.020986437797546387e+00 -5.520083755254745483e-02 -2.236977368593215942e-01 7.916989326477050781e-01 -5.033007860183715820e-01 -2.393334805965423584e-01 4.480371475219726562e-01 2.369256913661956787e-01 1.701366066932678223e+00 3.145499229431152344e-01 -1.483738273382186890e-01 -2.405484765768051147e-01 -2.225182205438613892e-01 6.623128652572631836e-01 -4.623736143112182617e-01 -4.362793266773223877e-01 -2.718694135546684265e-02 2.004001140594482422e-01 1.430070847272872925e-01 -2.351940721273422241e-01 -1.870862394571304321e-01 2.482116036117076874e-02 1.099809817969799042e-02 -3.499530255794525146e-01 4.344699978828430176e-01 -2.663486301898956299e-01 -1.217949911952018738e-01 -6.109674274921417236e-02 6.483260989189147949e-01 1.324015855789184570e-01 -4.543346166610717773e-01 -6.207453608512878418e-01 8.089187741279602051e-01 3.432214856147766113e-01 -6.828817725181579590e-02 -5.432954430580139160e-01 -1.515320967882871628e-02 8.511213064193725586e-01 3.979637324810028076e-01 5.557388067245483398e-01 2.647210359573364258e-01 -4.666080474853515625e-01 -3.350119590759277344e-01 -1.708173453807830811e-01 4.488620907068252563e-02 8.822106122970581055e-01 -1.073097467422485352e+00 1.565797254443168640e-02 -6.436713933944702148e-01 -6.926742941141128540e-02 2.233321964740753174e-01 -1.912799775600433350e-01
2.653053402900695801e-01 -1.277038753032684326e-01 6.502435803413391113e-01 3.661749660968780518e-01 1.391096711158752441e-01 -4.493791759014129639e-01 -1.045591309666633606e-01 1.400406360626220703e-01 1.443128883838653564e-01 3.071313202381134033e-01 2.847499847412109375e-01 -6.961111724376678467e-02 1.979064196348190308e-01 -6.300286054611206055e-01 -1.004958510398864746e+00 2.816246151924133301e-01 -4.965231418609619141e-01 4.988435506820678711e-01 8.186112046241760254e-01 -2.244258522987365723e-01 9.946242570877075195e-01 5.716620087623596191e-01 -2.278609871864318848e-01 -1.494146108627319336e+00 4.214883744716644287e-01 -3.076820634305477142e-02 -3.396271765232086182e-01 3.853766620159149170e-01 7.200092077255249023e-01 3.123442828655242920e-01 4.225649535655975342e-01 5.952638387680053711e-01 -1.909686028957366943e-01 1.897459477186203003e-01 -1.167972087860107422e-01 -6.711737513542175293e-01 1.254238933324813843e-01 2.941346466541290283e-01 1.566769629716873169e-01 -5.630278587341308594e-01 2.251275181770324707e-01 4.951110482215881348e-01 -5.479898452758789062e-01 -3.977108001708984375e-01 3.318595886230468750e-01 -7.044801861047744751e-02 4.112421572208404541e-01 -9.284461736679077148e-01 -6.802078485488891602e-01 -1.092430762946605682e-02 8.473536968231201172e-01 -6.556702852249145508e-01 -7.230197787284851074e-01 -1.425269842147827148e-01 4.403747022151947021e-01 -7.522803544998168945e-02 -5.067003369331359863e-01 9.687986969947814941e-02 -6.165923476219177246e-01 2.683919295668601990e-02 6.445669382810592651e-02 4.948905110359191895e-01 4.529952108860015869e-01 -4.247306883335113525e-01
4.589767456054687500e-01 1.876342594623565674e-01 2.183191478252410889e-01 2.035975158214569092e-01 5.337012559175491333e-02 1.585090011358261108e-01 -1.714517474174499512e-01 7.358320057392120361e-02 -2.954990863800048828e-01 -3.488341569900512695e-01 2.038746476173400879e-01 -9.121656417846679688e-01 -1.153646335005760193e-01 -5.517927184700965881e-02 -4.173887521028518677e-02 1.031250804662704468e-01 -2.401507794857025146e-01 -1.837768824771046638e-03 5.999151468276977539e-01 6.143545508384704590e-01 5.317503809928894043e-01 -1.056029349565505981e-01 2.386606335639953613e-01 -1.012308225035667419e-01 3.472681045532226562e-01 1.532353311777114868e-01 1.335453391075134277e-01 3.444351255893707275e-01 2.645255923271179199e-01 3.631760179996490479e-01 -1.147895574569702148e+00 1.987567394971847534e-01 -2.429565489292144775e-01 4.980707913637161255e-02 -4.374867975711822510e-01 -8.540060520172119141e-01 5.114518404006958008e-01 1.554268002510070801e-01 5.751360654830932617e-01 -3.771887421607971191e-01 5.774413421750068665e-02 -2.737242281436920166e-01 3.465262949466705322e-01 1.473497506231069565e-02 9.765169024467468262e-02 -7.045302391052246094e-01 -5.867925882339477539e-01 -4.015363454818725586e-01 5.693617463111877441e-01 4.323712885379791260e-01 2.599601745605468750e-01 -8.704698085784912109e-01 2.892171442508697510e-01 2.856837809085845947e-01 -2.232071757316589355e-01 2.421160340309143066e-01 -7.821293920278549194e-02 3.153938353061676025e-01 -7.565454840660095215e-01 -5.406123399734497070e-01 -4.097644090652465820e-01 -1.244497485458850861e-03 6.423954963684082031e-01 -3.298507928848266602e-01
1.171713769435882568e-01 -9.770071506500244141e-02 3.318954408168792725e-01 6.739103049039840698e-02 2.221205085515975952e-01 1.238801628351211548e-01 -3.772732019424438477e-01 2.089275419712066650e-01 -2.056167870759963989e-01 -1.168384030461311340e-01 -3.878515064716339111e-01 -6.589397788047790527e-01 -8.519365638494491577e-02 -1.898320205509662628e-02 -1.094930097460746765e-01 -5.638391375541687012e-01 -4.535398185253143311e-01 -4.686535000801086426e-01 8.243262022733688354e-02 1.924690604209899902e-01 7.039958834648132324e-01 4.437222331762313843e-02 7.905358076095581055e-02 -3.098148107528686523e-01 -2.409609593451023102e-02 -2.163375541567802429e-02 1.763568073511123657e-01 9.864116460084915161e-02 4.743606448173522949e-01 5.258153006434440613e-02 -4.350079894065856934e-01 2.558457665145397186e-02 -2.191458195447921753e-01 1.420715302228927612e-01 -4.306508600711822510e-01 -7.489349842071533203e-01 6.178362369537353516e-01 2.576655447483062744e-01 4.266527891159057617e-01 -4.948491156101226807e-01 5.121885538101196289e-01 -7.288494706153869629e-01 2.216834425926208496e-01 7.777676731348037720e-02 1.973349899053573608e-01 -4.343922138214111328e-01 -1.177989363670349121e+00 -4.117760062217712402e-01 1.256316751241683960e-01 4.439958930015563965e-01 2.592120505869388580e-02 -7.210791707038879395e-01 5.309817790985107422e-01 3.720126450061798096e-01 -5.644700527191162109e-01 -7.123509049415588379e-02 -1.480869650840759277e-01 -1.889050006866455078e-01 -7.324676513671875000e-01 9.303977340459823608e-02 -6.788470745086669922e-01 4.638426005840301514e-02 2.460816353559494019e-01 -6.435114741325378418e-01
5.089009404182434082e-01 2.756713032722473145e-01 6.086908578872680664e-01 -5.946016311645507812e-01 8.079559206962585449e-01 -6.569922715425491333e-02 1.478942036628723145e-01 2.342222630977630615e-01 -9.307153522968292236e-02 -4.065919518470764160e-01 7.135983705520629883e-01 -4.783432185649871826e-01 -2.559436857700347900e-01 -5.041277408599853516e-01 -3.172288537025451660e-01 9.642922878265380859e-01 -5.752149820327758789e-01 -8.500633388757705688e-02 2.054669708013534546e-01 9.776933193206787109e-01 4.641973078250885010e-01 -3.124355897307395935e-02 5.846635252237319946e-02 -5.734417438507080078e-01 6.227676868438720703e-01 6.724704802036285400e-02 1.944457064382731915e-03 3.154104948043823242e-02 2.470796853303909302e-01 8.034135401248931885e-02 -5.462110638618469238e-01 3.445867896080017090e-01 -5.066798925399780273e-01 -4.494112730026245117e-01 -8.006471034605056047e-05 -1.258872300386428833e-01 -5.984798073768615723e-01 3.288902938365936279e-01 3.854813277721405029e-01 -2.588631808757781982e-01 1.365343779325485229e-01 1.565622389316558838e-01 -3.949655294418334961e-01 1.556901633739471436e-01 8.746074140071868896e-02 -2.435646802186965942e-01 -1.860931962728500366e-01 -3.965407013893127441e-01 7.686872035264968872e-02 3.767167925834655762e-01 -6.719807386398315430e-01 -2.706041634082794189e-01 -9.889242798089981079e-02 -3.062948882579803467e-01 -7.490201294422149658e-02 8.507450222969055176e-01 -3.902845680713653564e-01 -1.224274933338165283e-02 -3.452603220939636230e-01 -1.837485432624816895e-01 -6.662865877151489258e-01 6.385081410408020020e-01 4.898288846015930176e-01 3.392927646636962891e-01
4.517736434936523438e-01 -9.992843270301818848e-01 -1.157727688550949097e-01 -2.778747081756591797e-01 -1.040328368544578552e-01 -2.578657269477844238e-01 -8.490746468305587769e-02 -3.073181584477424622e-02 -1.812060922384262085e-01 -4.327009022235870361e-01 4.979580044746398926e-01 -5.508138537406921387e-01 -6.209114193916320801e-01 6.257600188255310059e-01 -5.748169496655464172e-02 8.226487040519714355e-01 -8.382105827331542969e-01 -5.930152535438537598e-01 4.820447862148284912e-01 1.844704598188400269e-01 3.669885396957397461e-01 3.287741541862487793e-01 5.831316486001014709e-02 -4.287339150905609131e-01 1.074690297245979309e-01 -2.414107620716094971e-01 -5.507301688194274902e-01 -3.450627028942108154e-01 6.871753334999084473e-01 -1.995452046394348145e-01 -5.360338091850280762e-01 -7.891078293323516846e-02 -8.724970393814146519e-04 3.372067585587501526e-02 -3.603880703449249268e-01 -2.958069741725921631e-02 -1.098770275712013245e-01 4.580143988132476807e-01 1.940164119005203247e-01 2.751722037792205811e-01 -3.817979693412780762e-01 -1.087198853492736816e-01 1.201082617044448853e-01 9.231902658939361572e-02 2.427301406860351562e-01 4.766119420528411865e-01 2.406106740236282349e-01 -5.998380184173583984e-01 -8.244439214468002319e-02 2.712346017360687256e-01 -8.577168919146060944e-03 -5.818105936050415039e-01 -3.179139494895935059e-01 3.252271115779876709e-01 -1.966853886842727661e-01 -4.077502191066741943e-01 -2.278450578451156616e-01 -2.508142497390508652e-03 -3.489622771739959717e-01 3.301964104175567627e-01 -6.445605158805847168e-01 1.990041285753250122e-01 3.679367899894714355e-01 -5.455790758132934570e-01
1.104893311858177185e-01 9.489172101020812988e-01 6.336489319801330566e-02 4.194885864853858948e-02 2.188319712877273560e-01 -5.759971141815185547e-01 1.426842510700225830e-01 -1.006915450096130371e+00 7.821861654520034790e-02 -1.244027912616729736e-01 5.970875620841979980e-01 -3.251694142818450928e-01 -7.199860215187072754e-01 -1.663853973150253296e-01 -8.103791475296020508e-01 3.557696342468261719e-01 -1.522619873285293579e-01 -2.339686751365661621e-01 1.343722688034176826e-03 -1.922596096992492676e-01 8.209747076034545898e-01 2.095608115196228027e-01 -2.190405279397964478e-01 -6.077498197555541992e-01 -3.260441422462463379e-01 6.953276991844177246e-01 -5.530238896608352661e-02 -1.203566193580627441e-01 1.270833760499954224e-01 -9.110899269580841064e-02 4.419865608215332031e-01 -4.294694960117340088e-01 -4.097691178321838379e-02 -3.166512399911880493e-02 -3.540075719356536865e-01 -1.081290692090988159e-01 5.276725292205810547e-01 6.187609955668449402e-02 5.964792519807815552e-02 -1.061751991510391235e-01 7.464038729667663574e-01 -2.330438792705535889e-01 -4.702510237693786621e-01 -1.985838413238525391e-01 8.154553771018981934e-01 8.121754974126815796e-02 4.321015775203704834e-01 -3.509245216846466064e-01 -1.055316179990768433e-01 9.863909482955932617e-01 1.955573707818984985e-01 1.186301037669181824e-01 4.329496920108795166e-01 -5.151210427284240723e-01 5.774049460887908936e-02 -1.302383393049240112e-01 1.949781030416488647e-01 4.323897659778594971e-01 -8.233644962310791016e-01 4.592085182666778564e-01 -6.003003716468811035e-01 -1.553701907396316528e-01 8.057752251625061035e-01 -3.603321909904479980e-01
8.702504038810729980e-01 5.635724663734436035e-01 5.353936553001403809e-01 -1.486165076494216919e-02 1.923865824937820435e-01 3.738307952880859375e-01 -5.110520496964454651e-02 -2.557769119739532471e-01 -4.210532307624816895e-01 8.677785992622375488e-01 -2.377393096685409546e-01 -6.349622607231140137e-01 -5.777580738067626953e-01 1.185382604598999023e-01 -4.191780462861061096e-03 1.658713370561599731e-01 -8.974726796150207520e-01 4.027129616588354111e-03 1.404777050018310547e+00 6.027405858039855957e-01 1.369063735008239746e+00 -3.929461538791656494e-01 -5.332516431808471680e-01 -3.109797090291976929e-02 -2.314465939998626709e-01 2.442512065172195435e-01 -5.212945342063903809e-01 6.726325154304504395e-01 9.896671175956726074e-01 -9.027967453002929688e-01 5.675895214080810547e-01 6.201487779617309570e-01 3.347210288047790527e-01 3.052277266979217529e-01 2.542023360729217529e-01 -4.667702913284301758e-01 4.757803678512573242e-01 -3.204315900802612305e-02 2.106756716966629028e-01 3.633197546005249023e-01 -4.780367314815521240e-01 -4.700204432010650635e-01 -9.412521123886108398e-01 4.087825417518615723e-01 2.225167155265808105e-01 -7.220501899719238281e-01 1.792709529399871826e-02 -8.255795836448669434e-01 -9.417185783386230469e-01 4.067720472812652588e-01 2.404221445322036743e-01 -2.532544434070587158e-01 3.214721381664276123e-01 -6.124333292245864868e-02 5.074564218521118164e-01 7.236000895500183105e-02 -3.092661798000335693e-01 1.707490533590316772e-01 -3.939218521118164062e-01 7.488966584205627441e-01 -4.820328056812286377e-01 2.423932850360870361e-01 1.139775156974792480e+00 1.073874473571777344e+00
6.502733826637268066e-01 -5.216378569602966309e-01 1.100697755813598633e+00 5.079443380236625671e-02 3.871255517005920410e-01 1.254935145378112793e+00 -4.926767051219940186e-01 4.396244585514068604e-01 -1.066542193293571472e-01 -2.545418962836265564e-02 -1.961688250303268433e-01 -5.705016255378723145e-01 -2.014124840497970581e-01 -4.075152873992919922e-01 -4.096198081970214844e-01 -4.538391157984733582e-02 -5.540765523910522461e-01 -3.754699230194091797e-01 -1.785941123962402344e-01 2.207399606704711914e-01 3.457968235015869141e-01 -1.833753138780593872e-01 7.484800219535827637e-01 -6.981327533721923828e-01 -2.112489789724349976e-01 3.493525683879852295e-01 -1.562786102294921875e-01 -4.400330185890197754e-01 -4.608254432678222656e-01 -3.702205121517181396e-01 7.052158005535602570e-03 -9.148544073104858398e-02 2.144206315279006958e-01 1.646731980144977570e-02 -8.609210699796676636e-02 -3.591901063919067383e-01 6.877771019935607910e-01 -4.027600213885307312e-02 2.474390119314193726e-01 6.490480899810791016e-01 1.053759217262268066e+00 -1.732850372791290283e-01 -3.817494213581085205e-01 -1.343965250998735428e-02 4.646696150302886963e-01 6.107644736766815186e-02 1.737884730100631714e-01 -5.633402466773986816e-01 -7.248858809471130371e-01 3.539249300956726074e-01 1.746916025876998901e-01 -7.969496250152587891e-01 9.942258149385452271e-02 -4.970104899257421494e-03 -3.987428843975067139e-01 -7.769379764795303345e-02 -1.170327961444854736e-01 -6.908246874809265137e-02 -2.684962749481201172e-01 -2.130519449710845947e-01 -2.639844119548797607e-01 5.875772610306739807e-02 3.500038087368011475e-01 -2.995967864990234375e-01
-3.291747272014617920e-01 -4.509598016738891602e-01 -5.073159933090209961e-02 9.700560569763183594e-02 3.546546995639801025e-01 -5.018709972500801086e-02 -6.493233442306518555e-01 5.460689589381217957e-02 -2.488234639167785645e-01 1.774183809757232666e-01 -1.829934865236282349e-02 -8.890743255615234375e-01 -1.533668339252471924e-01 -3.602961078286170959e-02 2.403170764446258545e-01 8.692373037338256836e-01 -5.316807627677917480e-01 8.920820802450180054e-02 4.762545228004455566e-01 -1.455139517784118652e-01 7.025033235549926758e-01 4.321480691432952881e-01 7.240069657564163208e-02 -2.170219123363494873e-01 -3.942930698394775391e-01 4.134046658873558044e-02 -5.815481543540954590e-01 -5.044681429862976074e-01 1.473117768764495850e-01 -4.873488545417785645e-01 -1.380192860960960388e-02 -2.821139693260192871e-01 -4.155370593070983887e-01 3.778056800365447998e-01 -5.374676585197448730e-01 -4.430299997329711914e-02 3.597734570503234863e-01 3.314850926399230957e-01 -5.834604501724243164e-01 1.219525635242462158e-01 9.794762730598449707e-02 -3.041011989116668701e-01 -2.579080760478973389e-01 3.888287842273712158e-01 6.580322235822677612e-02 -1.569143682718276978e-01 4.908172786235809326e-02 -8.430438637733459473e-01 -3.739770650863647461e-01 5.379794836044311523e-01 -4.137093722820281982e-01 5.460502579808235168e-02 8.418767452239990234e-01 3.215863108634948730e-01 1.291360855102539062e-01 -8.996872603893280029e-02 -5.996263623237609863e-01 -2.506827712059020996e-01 -9.141726493835449219e-01 1.949868500232696533e-01 -3.073880672454833984e-01 -2.746488451957702637e-01 1.559056788682937622e-01 -7.927774786949157715e-01
5.502224564552307129e-01 -4.850243031978607178e-01 -9.728424996137619019e-02 -5.281260013580322266e-01 5.404238402843475342e-02 -5.423850845545530319e-03 -3.421968221664428711e-01 -1.934839189052581787e-01 -6.665537357330322266e-01 -1.472207456827163696e-01 5.193799734115600586e-01 -9.985615015029907227e-01 -8.624433279037475586e-01 7.568129897117614746e-01 -2.839178442955017090e-01 8.065727949142456055e-01 -1.778649240732192993e-01 -2.160114049911499023e-01 4.981052875518798828e-01 4.675786495208740234e-01 4.762537777423858643e-01 6.688040494918823242e-01 -5.386868119239807129e-02 -3.216753005981445312e-01 3.383856415748596191e-01 8.028744906187057495e-02 -4.500750303268432617e-01 -3.827894330024719238e-01 8.749929070472717285e-01 -3.751065731048583984e-01 -4.602885842323303223e-01 -4.202297627925872803e-01 2.428110092878341675e-01 6.969590485095977783e-02 -4.608381986618041992e-01 2.683757543563842773e-01 2.406193874776363373e-02 3.736304640769958496e-01 4.432193040847778320e-01 -2.671884596347808838e-01 1.018318086862564087e-01 -5.724173188209533691e-01 4.110691323876380920e-02 -1.452491879463195801e-01 2.565293014049530029e-01 2.741858363151550293e-01 3.315147161483764648e-01 -9.439262151718139648e-01 -3.834676742553710938e-02 3.649035990238189697e-01 1.102008447051048279e-01 -4.807245433330535889e-01 -1.727526038885116577e-01 2.825870513916015625e-01 2.878054417669773102e-02 -3.148159086704254150e-01 1.317804008722305298e-01 -4.992768168449401855e-01 -1.784315556287765503e-01 5.163525938987731934e-01 -2.014001458883285522e-01 -7.024788260459899902e-01 -2.603783309459686279e-01 2.285477817058563232e-01
1.156064644455909729e-01 -5.658243298530578613e-01 4.801357388496398926e-01 3.227945268154144287e-01 1.168633177876472473e-01 -3.579812869429588318e-02 4.540134370326995850e-01 -5.017503499984741211e-01 -6.813793778419494629e-01 -6.665770709514617920e-02 4.925017356872558594e-01 -9.573875069618225098e-01 2.099760770797729492e-01 1.053352952003479004e+00 -5.665069222450256348e-01 7.186203598976135254e-01 -1.396265745162963867e+00 9.249665588140487671e-02 1.818564683198928833e-01 6.970779299736022949e-01 5.748532414436340332e-01 -3.805301338434219360e-02 -2.246385216712951660e-01 -4.567723870277404785e-01 -6.669915914535522461e-01 -6.261016130447387695e-01 -4.818844795227050781e-01 -3.239639103412628174e-01 6.312935948371887207e-01 -4.722529351711273193e-01 1.444005817174911499e-01 1.450265944004058838e-01 4.162197709083557129e-01 -6.503648161888122559e-01 4.107251763343811035e-02 -9.510464072227478027e-01 4.953645169734954834e-02 2.025146186351776123e-01 5.542435050010681152e-01 -3.884725868701934814e-01 8.679841458797454834e-02 -1.080217063426971436e-01 -7.517988681793212891e-01 -5.620684027671813965e-01 6.378985941410064697e-02 6.008716821670532227e-01 5.937319993972778320e-01 -9.381447434425354004e-01 -2.560048997402191162e-01 9.499523788690567017e-02 3.126507401466369629e-01 -1.417614072561264038e-01 2.828641794621944427e-02 1.168092608451843262e+00 -6.174141764640808105e-01 -1.451342254877090454e-01 -3.411231338977813721e-01 1.244937106966972351e-01 -1.899003535509109497e-01 7.591666579246520996e-01 -1.067684963345527649e-01 5.467458963394165039e-01 1.029264092445373535e+00 2.083737403154373169e-01
4.251585900783538818e-01 2.568665444850921631e-01 7.278289794921875000e-01 -2.836205661296844482e-01 -4.852054715156555176e-01 -6.090460419654846191e-01 -9.081394970417022705e-02 -1.242017298936843872e-01 -2.725805342197418213e-01 -2.950635850429534912e-01 -1.263712495565414429e-01 -5.479721426963806152e-01 -4.684840738773345947e-01 -4.969603717327117920e-01 -1.560758147388696671e-02 7.295202612876892090e-01 -2.645576000213623047e-01 -2.070083282887935638e-02 4.453182518482208252e-01 5.835856199264526367e-01 5.824248790740966797e-01 1.561646014451980591e-01 1.256999075412750244e-01 -2.472639530897140503e-01 -3.409858793020248413e-02 -5.040512084960937500e-01 1.272556185722351074e-01 -3.613019883632659912e-01 5.859118103981018066e-01 1.889255270361900330e-02 -6.306393146514892578e-01 5.215583369135856628e-03 -5.755757689476013184e-01 4.021364450454711914e-01 -1.224360316991806030e-01 -4.127234518527984619e-01 -1.770276725292205811e-01 2.886200845241546631e-01 8.550958037376403809e-01 -8.666937053203582764e-02 4.073504805564880371e-01 -3.059875369071960449e-01 -1.923957653343677521e-02 -1.037253215909004211e-01 1.393544375896453857e-01 -3.662404417991638184e-01 -2.991399466991424561e-01 -1.214901357889175415e-01 5.997642278671264648e-01 1.943414360284805298e-01 -1.979657411575317383e-01 -7.318433523178100586e-01 -4.122202694416046143e-01 2.491803169250488281e-01 -2.740544974803924561e-01 4.180581569671630859e-01 -6.331501007080078125e-01 -2.205732651054859161e-02 -2.800063788890838623e-01 -6.553350090980529785e-01 -2.438531219959259033e-01 1.514743417501449585e-01 9.323210716247558594e-01 -1.450764108449220657e-02
2.793298959732055664e-01 -4.192406311631202698e-02 -3.908873796463012695e-01 1.356419175863265991e-01 2.407149225473403931e-02 -1.550315022468566895e-01 -4.004721939563751221e-01 -2.810333073139190674e-01 -3.740672767162322998e-01 -8.948361128568649292e-02 6.156665086746215820e-01 -1.009991765022277832e-01 5.276028066873550415e-03 -5.813300013542175293e-01 -6.409216523170471191e-01 2.713382244110107422e-01 -3.581431508064270020e-02 -5.291531085968017578e-01 1.550196558237075806e-01 -2.780802845954895020e-01 1.001525521278381348e+00 2.887439429759979248e-01 -2.434097230434417725e-01 -8.554881215095520020e-01 7.898706942796707153e-02 -6.095968186855316162e-03 -8.975855261087417603e-02 -2.467090636491775513e-01 4.424760937690734863e-01 -1.841856092214584351e-01 4.565203562378883362e-02 -4.071359932422637939e-01 -2.673848569393157959e-01 1.968202292919158936e-01 -3.459992706775665283e-01 -5.148777365684509277e-01 4.881153702735900879e-01 -7.580578327178955078e-02 2.310083946213126183e-03 -3.391463458538055420e-01 7.357540726661682129e-01 -2.857091724872589111e-01 -5.343381762504577637e-01 9.899941086769104004e-02 4.297886490821838379e-01 -5.729984045028686523e-01 1.524641662836074829e-01 -3.314635157585144043e-01 5.463295429944992065e-02 4.230445921421051025e-01 5.665808320045471191e-01 8.245307207107543945e-01 7.440463900566101074e-01 -2.234913706779479980e-01 -4.373512268066406250e-01 -3.067149780690670013e-03 4.252640530467033386e-02 2.515216469764709473e-01 -8.855165839195251465e-01 7.467691898345947266e-01 -7.734231948852539062e-01 -1.462086886167526245e-01 3.535543680191040039e-01 -6.146690249443054199e-01
5.687382221221923828e-01 -1.585034728050231934e-01 6.701415181159973145e-01 4.928227663040161133e-01 1.613775640726089478e-01 3.567898869514465332e-01 -1.369082033634185791e-01 6.795296818017959595e-02 -2.493738681077957153e-01 -1.001920476555824280e-01 -2.083152234554290771e-01 -2.220758795738220215e-01 -5.202082395553588867e-01 -3.094375319778919220e-02 -2.864147126674652100e-01 1.098400875926017761e-01 -7.461708784103393555e-01 -4.662517011165618896e-01 -4.831305742263793945e-01 2.761362493038177490e-01 5.713569521903991699e-01 1.862257868051528931e-01 4.523793756961822510e-01 -5.155721902847290039e-01 7.896770536899566650e-02 -1.591458916664123535e-01 -4.464284181594848633e-01 2.963529527187347412e-01 -1.097414731979370117e+00 2.507680952548980713e-01 -4.140064120292663574e-02 1.473513543605804443e-01 -9.635157585144042969e-01 -1.701675653457641602e-01 6.353621482849121094e-01 3.037810027599334717e-01 2.481183856725692749e-01 2.450942844152450562e-01 2.320880591869354248e-01 2.009275406599044800e-01 8.312999606132507324e-01 7.417771816253662109e-01 -5.045044422149658203e-01 -2.956917881965637207e-02 9.721813201904296875e-01 -2.797755002975463867e-01 4.755606353282928467e-01 -7.222753167152404785e-01 -8.317099213600158691e-01 4.600064456462860107e-01 3.847387731075286865e-01 3.296587467193603516e-01 1.591562479734420776e-01 -6.175960898399353027e-01 -3.081003203988075256e-02 -6.633495688438415527e-01 9.039556980133056641e-02 8.857561945915222168e-01 -1.049193978309631348e+00 2.720232307910919189e-01 -9.050929546356201172e-01 -2.612402141094207764e-01 8.432267308235168457e-01 -6.134032458066940308e-02
3.515901863574981689e-01 -6.461836099624633789e-01 -8.451758325099945068e-02 3.012296259403228760e-01 4.845588803291320801e-01 -1.297300755977630615e-01 -4.766378402709960938e-01 2.790153920650482178e-01 -4.022898674011230469e-01 4.923201203346252441e-01 1.573844999074935913e-01 -6.809394955635070801e-01 1.119315847754478455e-01 -1.717250794172286987e-02 -2.380826026201248169e-01 4.191060960292816162e-01 -8.711122870445251465e-01 -3.821866512298583984e-01 2.392888367176055908e-01 -2.769580781459808350e-01 4.249008893966674805e-01 4.171615242958068848e-01 2.426503151655197144e-01 -3.649180233478546143e-01 -3.105181157588958740e-01 1.093767508864402771e-01 2.134111076593399048e-01 -7.548655271530151367e-01 -2.081588953733444214e-01 -4.934869110584259033e-01 -1.867579072713851929e-01 -1.117671206593513489e-01 3.881482183933258057e-01 4.088655114173889160e-01 -4.791727066040039062e-01 -1.833927333354949951e-01 1.845605522394180298e-01 3.198790848255157471e-01 9.333750605583190918e-02 2.973356544971466064e-01 -1.851718686521053314e-02 -3.451933264732360840e-01 9.679003804922103882e-02 4.720988869667053223e-01 1.680581830441951752e-02 -4.604940116405487061e-01 -5.160158500075340271e-02 -6.710447072982788086e-01 -5.804260447621345520e-02 7.392257452011108398e-01 -3.167165815830230713e-01 -6.522502303123474121e-01 3.234753310680389404e-01 2.179921045899391174e-02 -2.644596695899963379e-01 -2.171933948993682861e-01 -3.631526231765747070e-01 -9.686420112848281860e-02 -5.720313191413879395e-01 -1.544604897499084473e-01 -5.155875682830810547e-01 8.908944576978683472e-02 2.773196995258331299e-01 -3.764657378196716309e-01
-1.062675833702087402e+00 6.529650092124938965e-01 4.241982102394104004e-01 3.326320946216583252e-01 8.473964333534240723e-01 -1.128468941897153854e-02 1.884297728538513184e-01 -3.703585863113403320e-01 -5.566027164459228516e-01 -2.933915257453918457e-01 1.469036340713500977e-01 -6.232788562774658203e-01 -1.333893239498138428e-01 1.870979182422161102e-02 -1.387884616851806641e-01 8.862895965576171875e-01 -1.540840387344360352e+00 -1.800150573253631592e-01 1.621284484863281250e+00 5.157021880149841309e-01 8.490778207778930664e-01 -1.882544308900833130e-01 1.454910915344953537e-02 -8.875823616981506348e-01 2.365261167287826538e-01 -6.749449372291564941e-01 -2.310087382793426514e-01 -6.502153873443603516e-01 1.825468800961971283e-02 -5.502452254295349121e-01 -1.846994459629058838e-01 -5.123106390237808228e-02 -2.523495554924011230e-01 -1.440824270248413086e-01 -4.939223453402519226e-02 -6.975028663873672485e-02 7.030390501022338867e-01 1.106430053710937500e+00 3.267656564712524414e-01 1.729977130889892578e-01 6.155220270156860352e-01 3.764534741640090942e-02 1.430148035287857056e-01 -4.855769574642181396e-01 2.644042670726776123e-01 -4.454548358917236328e-01 3.930920660495758057e-01 -5.349421501159667969e-01 -5.608188509941101074e-01 2.343472838401794434e-01 9.085375070571899414e-02 -4.596766829490661621e-01 -2.335217408835887909e-02 5.159958600997924805e-01 6.984791755676269531e-01 -4.834514558315277100e-01 -3.489818572998046875e-01 1.762264370918273926e-01 -7.345724701881408691e-01 7.045673131942749023e-01 -2.024536430835723877e-01 -1.449265331029891968e-02 -4.806663990020751953e-01 -3.983872234821319580e-01
1.130598068237304688e+00 -2.407152652740478516e-01 1.010799646377563477e+00 2.260137051343917847e-01 4.740604460239410400e-01 5.731818675994873047e-01 3.931699991226196289e-01 -4.588578268885612488e-02 -1.350795030593872070e-01 -4.585844874382019043e-01 -1.963062733411788940e-01 -2.508674375712871552e-02 -1.138368993997573853e-01 -2.804778516292572021e-01 -6.528146266937255859e-01 5.371504426002502441e-01 -4.107713699340820312e-01 1.957099139690399170e-01 1.276769340038299561e-01 1.714789420366287231e-01 4.305948317050933838e-01 7.442510128021240234e-01 -3.153308331966400146e-01 -1.084113955497741699e+00 -4.537318050861358643e-01 4.352614283561706543e-02 -1.452784091234207153e-01 6.750829517841339111e-02 3.120090663433074951e-01 -1.106812432408332825e-01 -3.708161711692810059e-01 3.514134585857391357e-01 2.714103460311889648e-01 3.129766881465911865e-01 1.306291967630386353e-01 -2.254019379615783691e-01 -1.110220924019813538e-01 -2.203107476234436035e-01 -2.122322171926498413e-01 1.254333555698394775e-01 -1.585705876350402832e-01 -3.195839524269104004e-01 -1.897770166397094727e-02 -3.764503300189971924e-01 6.085765361785888672e-01 -3.402352929115295410e-01 5.697908997535705566e-01 -2.705855965614318848e-01 -3.315390646457672119e-01 1.377477198839187622e-01 1.778589636087417603e-01 -5.199820995330810547e-01 -2.140963822603225708e-01 2.660309076309204102e-01 -7.814477682113647461e-01 1.078798994421958923e-01 -3.910120725631713867e-01 -1.687046289443969727e-01 -3.690368235111236572e-01 -8.038330078125000000e-02 -2.413451075553894043e-01 7.468003034591674805e-01 -5.785126704722642899e-03 2.829342894256114960e-02
1.484789699316024780e-01 -2.871609991416335106e-03 -2.456200122833251953e-01 -5.636687576770782471e-02 -2.619568705558776855e-01 -2.473973184823989868e-01 3.190711736679077148e-01 -5.286487340927124023e-01 -1.760322898626327515e-01 -2.712776064872741699e-01 1.738653481006622314e-01 -4.018600881099700928e-01 2.920399419963359833e-03 5.596511363983154297e-01 -1.931368410587310791e-01 4.158122837543487549e-01 -6.008987426757812500e-01 -1.877481192350387573e-01 5.236279964447021484e-01 8.455821275711059570e-01 4.932116568088531494e-01 4.650358855724334717e-01 5.486056208610534668e-02 -7.852953672409057617e-01 1.152081266045570374e-01 1.573534309864044189e-02 -6.067581772804260254e-01 -4.295089840888977051e-01 2.460985183715820312e-01 -4.576822221279144287e-01 -1.886793039739131927e-02 -3.639867901802062988e-01 -1.049569025635719299e-01 -1.781898587942123413e-01 -2.979507148265838623e-01 3.691808879375457764e-01 7.103747129440307617e-01 2.862727344036102295e-01 1.408630162477493286e-01 3.357506394386291504e-01 2.789691090583801270e-01 -1.700482666492462158e-01 6.389313936233520508e-01 -2.683463990688323975e-01 8.006384372711181641e-01 1.865471452474594116e-01 -9.359076619148254395e-02 -8.619061708450317383e-01 -1.897046118974685669e-01 4.525004029273986816e-01 -3.212022483348846436e-01 -4.943002387881278992e-02 3.863825798034667969e-01 -7.624220848083496094e-02 1.739830821752548218e-01 -6.628107428550720215e-01 -8.655626177787780762e-01 3.550146007910370827e-03 -5.685592293739318848e-01 5.754408240318298340e-01 -1.879242658615112305e-01 -3.073894977569580078e-01 -2.997162044048309326e-01 -1.854467093944549561e-01
4.252683222293853760e-01 1.886130124330520630e-01 -5.442239046096801758e-01 7.145864516496658325e-02 7.979602366685867310e-02 -4.273647069931030273e-01 1.721608787775039673e-01 -5.001118779182434082e-01 -2.709940671920776367e-01 -1.293981168419122696e-02 2.827822566032409668e-01 -2.436499893665313721e-01 -7.812507152557373047e-01 -9.617403894662857056e-02 -6.831371188163757324e-01 4.935234785079956055e-01 3.340543210506439209e-01 -2.909984290599822998e-01 2.969985008239746094e-01 -1.845552027225494385e-01 1.588748931884765625e+00 7.526390254497528076e-02 -6.039866805076599121e-01 -9.087835550308227539e-01 -1.733097583055496216e-01 9.934081137180328369e-02 5.443031713366508484e-02 -2.553186416625976562e-01 5.235931277275085449e-01 3.176365047693252563e-02 1.133972704410552979e-01 -6.194757223129272461e-01 -1.825246065855026245e-01 -1.752675697207450867e-02 1.794218719005584717e-01 -4.992470443248748779e-01 6.918278932571411133e-01 -1.773779094219207764e-01 9.642733633518218994e-02 -4.315080642700195312e-01 1.261395692825317383e+00 1.475633680820465088e-01 -6.419462561607360840e-01 -1.275146603584289551e-01 3.212828040122985840e-01 8.398231863975524902e-02 5.259701013565063477e-01 -6.649901866912841797e-01 -2.345334142446517944e-01 4.312774240970611572e-01 4.335833191871643066e-01 1.531385779380798340e-01 6.560503840446472168e-01 -6.636821627616882324e-01 2.483503222465515137e-01 -4.569010138511657715e-01 1.068325806409120560e-02 2.031378149986267090e-01 -4.818600714206695557e-01 1.952939778566360474e-01 -5.782449841499328613e-01 8.363877981901168823e-02 4.482417106628417969e-01 -1.763386428356170654e-01
-2.487492375075817108e-02 -2.603582739830017090e-01 3.034617602825164795e-01 2.794506251811981201e-01 -1.432043910026550293e-01 -3.275212347507476807e-01 -5.016704797744750977e-01 1.321751475334167480e-01 2.926907129585742950e-02 -8.766711503267288208e-02 -1.751680374145507812e-01 -7.935222983360290527e-01 -4.674899578094482422e-02 -1.711783260107040405e-01 -7.033893465995788574e-01 2.478837966918945312e-01 -7.478392124176025391e-01 -5.666236206889152527e-02 5.961191654205322266e-01 -3.792540729045867920e-02 3.213394284248352051e-01 5.941484570503234863e-01 -2.881160676479339600e-01 9.783840924501419067e-02 -2.280955910682678223e-01 -1.885579675436019897e-01 -4.932655692100524902e-01 -6.582334637641906738e-01 3.290042579174041748e-01 -4.510095417499542236e-01 -6.401531100273132324e-01 -3.664134740829467773e-01 -6.233158111572265625e-01 4.084169864654541016e-01 -3.387266397476196289e-01 1.217934396117925644e-02 2.727192044258117676e-01 9.885615110397338867e-02 -1.267173588275909424e-01 1.845516264438629150e-01 4.858722388744354248e-01 -6.176651120185852051e-01 -1.602980643510818481e-01 -1.580211818218231201e-01 6.597558259963989258e-01 -4.424212127923965454e-02 -6.092224717140197754e-01 -5.149641633033752441e-01 3.146145045757293701e-01 1.220025643706321716e-01 -1.706127226352691650e-01 -1.525898426771163940e-01 4.316852092742919922e-01 1.935899108648300171e-01 1.757893562316894531e-01 3.313176035881042480e-01 -1.210183873772621155e-01 -7.703142762184143066e-01 -8.467204570770263672e-01 -1.129683554172515869e-01 -7.314097881317138672e-01 8.732397109270095825e-02 3.730798661708831787e-01 -4.001049697399139404e-01
-9.668964892625808716e-03 -1.911305934190750122e-01 5.924569964408874512e-01 5.436691045761108398e-01 6.634649634361267090e-02 2.659880816936492920e-01 5.371125340461730957e-01 3.273649513721466064e-02 -9.379474520683288574e-01 3.058242797851562500e-01 8.588368892669677734e-01 -8.134396076202392578e-01 -7.532275468111038208e-02 7.753490805625915527e-01 -4.319764077663421631e-01 2.800694108009338379e-01 -1.128765225410461426e+00 -3.070140257477760315e-02 3.198489546775817871e-01 8.950088620185852051e-01 1.219405412673950195e+00 -3.679245710372924805e-01 -7.825474739074707031e-01 -4.433435201644897461e-01 -6.270064711570739746e-01 -7.277860641479492188e-01 -6.804040074348449707e-01 -4.759431779384613037e-01 2.288721352815628052e-01 2.786944620311260223e-02 -1.351770758628845215e-01 4.733361601829528809e-01 1.473173052072525024e-01 -5.030030012130737305e-01 6.951413750648498535e-01 -1.345171928405761719e+00 1.075181141495704651e-01 6.424640417098999023e-01 3.044273853302001953e-01 -2.081824839115142822e-01 4.480768144130706787e-01 -5.265396833419799805e-02 -1.108359217643737793e+00 -3.632521331310272217e-01 -3.037606477737426758e-01 4.603444635868072510e-01 5.507982373237609863e-01 -1.207809448242187500e+00 -3.393400311470031738e-01 2.741589844226837158e-01 4.513617157936096191e-01 -2.077542841434478760e-01 2.158213034272193909e-02 7.850010991096496582e-01 -4.488527476787567139e-01 -1.597981750965118408e-01 -8.035425543785095215e-01 1.334944367408752441e-01 -6.265787482261657715e-01 7.372888922691345215e-01 2.796324528753757477e-02 2.712063193321228027e-01 8.759557008743286133e-01 2.983399629592895508e-01
9.169336557388305664e-01 -3.617934286594390869e-01 7.687779664993286133e-01 -1.764043271541595459e-01 4.278870224952697754e-01 1.976537331938743591e-02 1.583073139190673828e-01 3.903792798519134521e-02 2.240964174270629883e-01 -3.774545788764953613e-01 2.600916847586631775e-02 1.441297382116317749e-01 -5.733986496925354004e-01 -3.432465195655822754e-01 -5.846767425537109375e-01 5.314742326736450195e-01 1.611464098095893860e-02 2.630240619182586670e-01 -4.920388013124465942e-02 9.780931472778320312e-01 7.513030171394348145e-01 4.616308510303497314e-01 -6.383989006280899048e-02 -7.984252572059631348e-01 8.140304684638977051e-02 -6.508936733007431030e-02 -1.031056977808475494e-02 2.235867679119110107e-01 3.980179727077484131e-01 -4.710167646408081055e-01 -2.615880668163299561e-01 1.440088748931884766e-01 -1.040233671665191650e-01 -4.202139377593994141e-01 8.942359685897827148e-02 -6.028122305870056152e-01 -8.758736401796340942e-02 6.828129887580871582e-01 5.108891725540161133e-01 -3.392936289310455322e-01 4.518963098526000977e-01 3.652754798531532288e-02 1.841714978218078613e-01 2.263011932373046875e-01 4.401608705520629883e-01 -3.261317610740661621e-01 5.493531823158264160e-01 -1.834070682525634766e-01 -1.253465097397565842e-02 -1.184038445353507996e-01 -3.207893371582031250e-01 -2.185868024826049805e-01 -1.572430580854415894e-01 2.595894336700439453e-01 -1.521127820014953613e-01 3.941345214843750000e-01 2.410213500261306763e-01 1.275604311376810074e-02 -3.552771210670471191e-01 -3.421855866909027100e-01 1.901575922966003418e-01 6.620620489120483398e-01 1.190074607729911804e-01 3.636435270309448242e-01
6.565510630607604980e-01 1.558201611042022705e-01 3.690937459468841553e-01 2.210010886192321777e-01 1.068056583404541016e+00 6.374784745275974274e-03 5.579659938812255859e-01 -6.759616136550903320e-01 2.503439486026763916e-01 -7.631528377532958984e-01 3.591556251049041748e-01 -2.036456763744354248e-01 -8.507857918739318848e-01 -8.670277148485183716e-02 -5.981322526931762695e-01 6.839358210563659668e-01 -8.550013303756713867e-01 -1.730377525091171265e-01 -2.926806211471557617e-01 -1.586628109216690063e-01 5.724225044250488281e-01 1.310239583253860474e-01 2.277290523052215576e-01 -6.673504710197448730e-01 -4.260685145854949951e-01 2.641240060329437256e-01 1.730315387248992920e-01 2.046143412590026855e-01 2.499236911535263062e-01 2.211434394121170044e-02 4.947500228881835938e-01 -2.009542137384414673e-01 -3.237402439117431641e-01 -4.373946413397789001e-02 -1.803931593894958496e-01 -2.721284031867980957e-01 2.092837095260620117e-01 -1.582515090703964233e-01 2.272533178329467773e-01 -1.558713912963867188e-01 2.331441491842269897e-01 -5.942115783691406250e-01 1.372485756874084473e-01 -5.012659430503845215e-01 6.676475405693054199e-01 1.550785005092620850e-01 6.415565609931945801e-01 -2.558746933937072754e-01 -8.820950239896774292e-02 1.113758206367492676e+00 -9.775807708501815796e-02 -2.716726660728454590e-01 -2.924153208732604980e-01 5.770418047904968262e-01 -3.082493543624877930e-01 3.579793870449066162e-01 7.595199346542358398e-02 3.067938089370727539e-01 -8.233740925788879395e-01 5.456278566271066666e-03 5.170699581503868103e-02 2.025851905345916748e-01 8.926506042480468750e-01 1.407694965600967407e-01
-6.454645097255706787e-02 -6.313473582267761230e-01 -2.510549724102020264e-01 -1.971964836120605469e-01 -1.081015914678573608e-01 5.322432145476341248e-02 1.763058453798294067e-01 5.192498490214347839e-02 -2.977230958640575409e-02 1.730969995260238647e-01 2.442518472671508789e-01 -6.036453247070312500e-01 -3.953746259212493896e-01 3.496772050857543945e-02 1.694716066122055054e-01 1.074901819229125977e+00 -2.332180589437484741e-01 -2.691859304904937744e-01 5.310047268867492676e-01 1.097468286752700806e-01 8.004422187805175781e-01 6.930228471755981445e-01 -3.302327543497085571e-02 1.131069567054510117e-02 -2.764111198484897614e-02 -3.591981828212738037e-01 -3.276366591453552246e-01 -1.999263167381286621e-01 2.210600115358829498e-02 -8.151597976684570312e-01 -1.323732882738113403e-01 -7.074224352836608887e-01 4.903169572353363037e-01 2.815429866313934326e-01 -3.198741376399993896e-01 -9.625018388032913208e-02 3.519077599048614502e-01 6.120549440383911133e-01 3.246702998876571655e-02 6.310318112373352051e-01 1.300794184207916260e-01 -1.106886416673660278e-01 5.540909245610237122e-02 7.723033428192138672e-01 4.402772784233093262e-01 -7.808408699929714203e-03 -2.186371833086013794e-01 -1.528187274932861328e+00 -5.302150249481201172e-01 6.259331107139587402e-01 1.392100304365158081e-01 -5.487462282180786133e-01 8.418304324150085449e-01 2.084887921810150146e-01 7.556172013282775879e-01 9.298104047775268555e-02 -6.871438026428222656e-01 -1.090455278754234314e-01 -4.048873782157897949e-01 5.001951009035110474e-02 -4.198226034641265869e-01 6.368889808654785156e-01 5.081623420119285583e-02 -6.554421186447143555e-01
5.954473018646240234e-01 -3.977693617343902588e-01 4.180258214473724365e-01 9.463910013437271118e-02 8.276731967926025391e-01 9.863743185997009277e-02 6.111325621604919434e-01 1.647396236658096313e-01 3.551126644015312195e-02 -3.702824115753173828e-01 4.521227777004241943e-01 -7.444167137145996094e-02 -7.775515317916870117e-01 3.913316875696182251e-02 -2.619505524635314941e-01 3.809604644775390625e-01 -6.083143949508666992e-01 -2.562263906002044678e-01 1.824430674314498901e-01 4.738295376300811768e-01 3.412630558013916016e-01 4.570475220680236816e-01 4.072098731994628906e-01 -5.503336787223815918e-01 5.020397305488586426e-01 1.963585019111633301e-01 -1.821435242891311646e-01 2.668191492557525635e-01 -5.307164788246154785e-02 4.048109352588653564e-01 -2.607727609574794769e-02 1.856215894222259521e-01 -1.198076158761978149e-01 -3.724358975887298584e-01 -1.555009335279464722e-01 -6.605039834976196289e-01 9.509905427694320679e-02 -1.073466166853904724e-01 1.812690794467926025e-01 -1.218229383230209351e-01 -3.445915505290031433e-02 -7.001253366470336914e-01 4.677112400531768799e-02 -3.986394405364990234e-01 4.341588020324707031e-01 -2.986680865287780762e-01 5.022549629211425781e-01 -3.268306329846382141e-02 2.690744102001190186e-01 3.008212447166442871e-01 -8.813990652561187744e-02 -6.618131995201110840e-01 5.477688908576965332e-01 3.351426720619201660e-01 -1.914747655391693115e-01 5.862635374069213867e-01 -2.701876163482666016e-01 5.623701214790344238e-01 -1.021414279937744141e+00 -3.827159106731414795e-01 4.890692234039306641e-02 8.589304089546203613e-01 6.505041122436523438e-01 5.936498641967773438e-01
9.211434125900268555e-01 -3.771037757396697998e-01 4.654803872108459473e-01 -3.835449814796447754e-01 -4.607987999916076660e-01 -2.960126101970672607e-01 -4.992875754833221436e-01 -3.519596159458160400e-01 1.223926246166229248e-01 -7.440419793128967285e-01 4.375688731670379639e-01 -2.339786291122436523e-01 -7.632707059383392334e-02 3.008996844291687012e-01 -1.058233752846717834e-01 5.911937952041625977e-01 -7.329213619232177734e-01 -5.618942975997924805e-01 3.930881023406982422e-01 4.731307625770568848e-01 4.639670252799987793e-01 4.742696583271026611e-01 3.036102093756198883e-02 -6.292475461959838867e-01 -3.034542500972747803e-02 1.383889317512512207e-01 -2.462531030178070068e-01 2.174638062715530396e-01 3.385927081108093262e-01 2.474112808704376221e-01 -2.743031978607177734e-01 2.172251045703887939e-01 -9.940109401941299438e-02 5.150376558303833008e-01 -4.110676944255828857e-01 4.095414280891418457e-01 -1.318025290966033936e-01 2.586749494075775146e-01 6.091763973236083984e-01 -1.667111217975616455e-01 -2.073649615049362183e-01 1.532515734434127808e-01 2.278380244970321655e-01 -2.876294553279876709e-01 1.201195195317268372e-01 -3.634716272354125977e-01 3.207664191722869873e-01 -6.770446430891752243e-03 1.196619495749473572e-01 2.970421612262725830e-01 -1.034223940223455429e-02 -2.159986943006515503e-01 3.172178985550999641e-03 2.539903521537780762e-01 -3.525428771972656250e-01 1.148975118994712830e-01 1.462734937667846680e-01 2.055656760931015015e-01 -2.562318444252014160e-01 -1.394753754138946533e-01 -4.449365139007568359e-01 2.492741793394088745e-01 3.620128333568572998e-01 -5.600731968879699707e-01
6.530488282442092896e-02 -7.144411206245422363e-01 -4.274906218051910400e-01 1.377648115158081055e-01 -2.551974169909954071e-02 -3.205198943614959717e-01 -7.232905626296997070e-01 -2.672886252403259277e-01 -1.870662569999694824e-01 -3.780141770839691162e-01 1.742864251136779785e-01 -5.762181878089904785e-01 -4.221375882625579834e-01 -1.805138029158115387e-02 -7.304935157299041748e-02 7.617480754852294922e-01 -8.622286319732666016e-01 3.068133890628814697e-01 6.955352611839771271e-03 3.488913476467132568e-01 5.751073360443115234e-01 7.353798747062683105e-01 -8.250404894351959229e-02 -3.324331045150756836e-01 -3.082675114274024963e-02 1.929604709148406982e-01 4.641718417406082153e-02 -2.211492136120796204e-02 3.376027047634124756e-01 -2.986427545547485352e-01 -2.310990542173385620e-01 -3.220722079277038574e-01 9.544060379266738892e-02 2.589603364467620850e-01 -1.622071117162704468e-01 -3.193791806697845459e-01 4.068394601345062256e-01 3.804507851600646973e-01 -2.026926428079605103e-01 4.055474698543548584e-01 -9.139700233936309814e-02 -3.386634588241577148e-01 -3.397888541221618652e-01 7.148534804582595825e-02 -2.647208869457244873e-01 -1.918200775980949402e-02 -2.837595529854297638e-02 -9.217236638069152832e-01 -8.147630840539932251e-02 2.584086060523986816e-01 1.228482648730278015e-01 1.840302795171737671e-01 4.200076758861541748e-01 1.876814216375350952e-01 1.948159039020538330e-01 -4.547277837991714478e-02 -3.246792554855346680e-01 6.110646203160285950e-02 -8.910176157951354980e-01 6.970177292823791504e-01 -4.295107424259185791e-01 -6.535828113555908203e-01 2.428331524133682251e-01 -1.869370788335800171e-01
-2.326341420412063599e-01 -2.511953711509704590e-01 2.058224081993103027e-01 -3.887205123901367188e-01 -6.954735517501831055e-01 1.761348843574523926e-01 -2.419815063476562500e-01 -3.008586764335632324e-01 -9.113407880067825317e-02 -3.101562857627868652e-01 4.318415820598602295e-01 -1.002655625343322754e+00 -2.489649504423141479e-02 -2.708278596401214600e-01 -1.369991805404424667e-02 -1.824842095375061035e-01 -7.457926273345947266e-01 -3.621077239513397217e-01 1.555009782314300537e-01 6.280085444450378418e-01 4.913539290428161621e-01 3.532090485095977783e-01 4.027604758739471436e-01 -6.171969771385192871e-01 -1.633801758289337158e-01 -2.778288424015045166e-01 -2.639130055904388428e-01 -1.253478825092315674e-01 -2.312235087156295776e-01 4.386714696884155273e-01 1.427572779357433319e-02 -1.615165024995803833e-01 3.041355013847351074e-01 3.806411027908325195e-01 -4.785797894001007080e-01 2.812156081199645996e-01 9.317026734352111816e-01 4.478433430194854736e-01 1.002921760082244873e-01 4.277213811874389648e-01 3.385978937149047852e-01 -3.158060014247894287e-01 1.222894191741943359e-01 2.181572318077087402e-01 3.833152055740356445e-01 -2.571623921394348145e-01 1.150033101439476013e-01 -1.301227688789367676e+00 1.223539412021636963e-01 6.429925560951232910e-01 -2.861860990524291992e-01 -4.283685982227325439e-01 4.871045649051666260e-01 -2.065298110246658325e-01 -2.603175640106201172e-01 -3.014837205410003662e-01 -1.730058193206787109e-01 -4.876699447631835938e-01 -6.123033761978149414e-01 2.260627597570419312e-01 -2.170153111219406128e-01 2.655417025089263916e-01 -4.683674499392509460e-02 -6.695367693901062012e-01
2.595443092286586761e-02 -2.555676177144050598e-02 -2.297412604093551636e-01 -8.578796684741973877e-02 -1.421602517366409302e-01 1.654482930898666382e-01 -2.758447229862213135e-01 4.166512489318847656e-01 -3.716517388820648193e-01 -2.118679285049438477e-01 2.361061275005340576e-01 -9.437243938446044922e-01 -1.939549446105957031e-01 -3.422519862651824951e-01 3.025809228420257568e-01 8.499457240104675293e-01 -1.062301754951477051e+00 2.269085943698883057e-01 1.417373567819595337e-01 1.303482800722122192e-01 8.284821510314941406e-01 7.218881249427795410e-01 -3.469288647174835205e-01 -8.500487357378005981e-02 -5.439536571502685547e-01 -2.751555740833282471e-01 -1.402913779020309448e-01 1.216731779277324677e-02 6.085180640220642090e-01 -4.829920530319213867e-01 9.544955193996429443e-02 -5.479215383529663086e-01 5.310818925499916077e-02 6.389983892440795898e-01 -8.903229832649230957e-01 -4.965552091598510742e-01 -3.607684001326560974e-02 4.832135736942291260e-01 -7.918487787246704102e-01 1.894785761833190918e-01 5.741011351346969604e-02 4.981553182005882263e-02 -2.284403145313262939e-01 2.497912645339965820e-01 5.650584697723388672e-01 3.585812151432037354e-01 3.835898265242576599e-02 -1.117410898208618164e+00 -2.612831294536590576e-01 6.404972672462463379e-01 7.167960703372955322e-02 5.469574779272079468e-02 8.990253210067749023e-01 6.485825031995773315e-02 4.042681157588958740e-01 1.988816857337951660e-01 -6.986751407384872437e-02 5.120955705642700195e-01 -6.819958686828613281e-01 5.796442627906799316e-01 -5.499250888824462891e-01 -2.642631530761718750e-01 -1.695283502340316772e-01 -7.334103584289550781e-01
-1.044132485985755920e-01 1.053251251578330994e-01 5.781762674450874329e-02 -3.951633274555206299e-01 -1.720195710659027100e-01 4.093843996524810791e-01 -7.721094489097595215e-01 2.427018061280250549e-02 -2.817642688751220703e-01 -4.097121357917785645e-01 -8.409906923770904541e-02 -3.724788129329681396e-01 -1.344239246100187302e-02 -7.977085709571838379e-01 -7.183253169059753418e-01 9.836341440677642822e-02 -2.148958146572113037e-01 -2.588770985603332520e-01 -5.967632681131362915e-02 -8.139825426042079926e-03 1.345117688179016113e+00 1.819612681865692139e-01 -7.892153412103652954e-02 -1.390647053718566895e+00 -3.024306595325469971e-01 4.216253384947776794e-02 -1.586610078811645508e-01 5.104910135269165039e-01 -1.528534144163131714e-01 4.029797017574310303e-02 1.286088973283767700e-01 4.270876646041870117e-01 -5.138716846704483032e-02 -9.398619085550308228e-02 -9.677750617265701294e-02 -2.556062638759613037e-01 7.918969392776489258e-01 -1.616071015596389771e-01 -4.365428984165191650e-01 -5.585104823112487793e-01 7.658361196517944336e-01 -3.356455266475677490e-02 4.884286969900131226e-02 2.151378691196441650e-01 5.846651196479797363e-01 -9.665697813034057617e-01 3.340344727039337158e-01 -4.699713885784149170e-01 2.102985978126525879e-01 -5.189344286918640137e-01 5.798112154006958008e-01 -4.550790190696716309e-01 -1.876091063022613525e-01 -1.672436594963073730e-01 -4.549661874771118164e-01 -3.154230117797851562e-01 -4.552066028118133545e-01 4.500968158245086670e-01 -3.192477822303771973e-01 4.364917874336242676e-01 -3.471037447452545166e-01 4.773416519165039062e-01 7.083293795585632324e-01 -4.840099215507507324e-01
2.355404198169708252e-01 -2.032208442687988281e-01 3.546490073204040527e-01 2.219286262989044189e-01 6.922253966331481934e-01 -7.585599422454833984e-01 2.462432384490966797e-01 8.240231275558471680e-01 -5.449115633964538574e-01 -2.319497317075729370e-01 -1.361954398453235626e-02 -4.925331473350524902e-01 -2.453646995127201080e-02 -4.499942958354949951e-01 -5.865612030029296875e-01 3.604159653186798096e-01 -3.077186942100524902e-01 -4.491524398326873779e-02 1.006636023521423340e+00 2.623009383678436279e-01 6.719485521316528320e-01 6.542034447193145752e-02 4.886907339096069336e-01 -3.172810375690460205e-02 1.392052024602890015e-01 1.971732825040817261e-02 -7.671793550252914429e-02 -2.196012288331985474e-01 -1.379686743021011353e-01 2.825400531291961670e-01 2.829534187912940979e-02 2.920653522014617920e-01 4.045489728450775146e-01 -1.190638169646263123e-01 -4.178137183189392090e-01 -9.867845773696899414e-01 1.487262248992919922e-01 2.919026017189025879e-01 2.272607684135437012e-01 5.840973854064941406e-01 2.094719409942626953e-01 -1.559225320816040039e-01 1.736548095941543579e-01 3.027923405170440674e-01 2.495125532150268555e-01 -6.115770936012268066e-01 -3.589658737182617188e-01 -1.388717591762542725e-01 9.025619924068450928e-02 4.517581462860107422e-01 -4.448540508747100830e-01 -4.540147781372070312e-01 5.653499960899353027e-01 2.698400020599365234e-01 -4.023228883743286133e-01 6.796167790889739990e-02 1.439110934734344482e-01 4.364027976989746094e-01 -9.184990525245666504e-01 -1.086055755615234375e+00 -2.253360301256179810e-01 2.997213900089263916e-01 4.488412737846374512e-01 1.691998094320297241e-01
3.061589598655700684e-01 -4.806711971759796143e-01 6.527830362319946289e-01 3.486118912696838379e-01 4.815596342086791992e-01 2.711786329746246338e-01 1.100109517574310303e-02 1.704759895801544189e-01 -4.600730836391448975e-01 1.637644022703170776e-01 3.477536141872406006e-02 -1.184764504432678223e+00 -2.040983922779560089e-02 -5.174425840377807617e-01 -5.314455032348632812e-01 1.529000848531723022e-01 -9.118296951055526733e-02 -4.282462596893310547e-01 6.309263110160827637e-01 -1.342303007841110229e-01 2.825596332550048828e-01 1.097936257719993591e-01 5.082136392593383789e-01 1.954353302717208862e-01 -4.075484573841094971e-01 3.618954420089721680e-01 1.499283164739608765e-01 -1.445371210575103760e-01 -3.830493688583374023e-01 -3.129036724567413330e-01 -4.862620234489440918e-01 4.744712710380554199e-01 3.578805923461914062e-01 4.238283634185791016e-01 -4.802753031253814697e-01 -1.039718985557556152e+00 3.484942913055419922e-01 8.851774968206882477e-03 6.705067157745361328e-01 3.069039881229400635e-01 2.209612429141998291e-01 -3.718365132808685303e-01 1.215361207723617554e-01 5.775383710861206055e-01 -2.193072885274887085e-01 -5.359830856323242188e-01 -2.701158821582794189e-01 -3.064143359661102295e-01 -4.093938469886779785e-01 5.772011280059814453e-01 -1.636990718543529510e-02 -7.795745134353637695e-01 2.689414322376251221e-01 1.886750161647796631e-01 -4.352335929870605469e-01 -4.240376651287078857e-01 -2.819453477859497070e-01 1.988689005374908447e-01 -8.851425051689147949e-01 -6.191066503524780273e-01 -5.593232512474060059e-01 5.529761314392089844e-02 2.254568487405776978e-01 -8.177676051855087280e-02
1.970223933458328247e-01 -7.393571138381958008e-01 2.214499413967132568e-01 2.754360251128673553e-02 -1.950076967477798462e-01 -1.068606041371822357e-02 4.296573251485824585e-02 -3.655068576335906982e-01 -1.177423372864723206e-01 -3.875206112861633301e-01 -1.351199597120285034e-01 -4.426017701625823975e-01 -2.344532757997512817e-01 9.268464893102645874e-02 -5.005930066108703613e-01 7.528767585754394531e-01 -9.428876042366027832e-01 -3.308114111423492432e-01 -1.591278589330613613e-03 8.912113308906555176e-01 5.683366060256958008e-01 6.232358217239379883e-01 -3.204566240310668945e-02 -6.657091379165649414e-01 1.563748419284820557e-01 4.541120827198028564e-01 -2.676735818386077881e-01 -9.327716231346130371e-01 3.956468701362609863e-01 -7.656630873680114746e-01 -4.548036754131317139e-01 1.844708025455474854e-01 -3.349702656269073486e-01 1.491151154041290283e-01 -8.944351077079772949e-01 -2.088178098201751709e-01 -2.639407515525817871e-01 2.871797680854797363e-01 -1.378767341375350952e-01 2.306352928280830383e-02 -6.149440407752990723e-01 -2.856495790183544159e-02 1.495867371559143066e-01 5.258008092641830444e-02 6.465515494346618652e-02 -1.480288952589035034e-01 3.651809990406036377e-01 -4.252175390720367432e-01 2.198713421821594238e-01 4.429120719432830811e-01 -2.328380942344665527e-01 -2.945042848587036133e-01 -5.446799397468566895e-01 -2.375218719244003296e-01 2.016962505877017975e-02 -1.527367085218429565e-01 -5.758867040276527405e-02 -2.722714245319366455e-01 -3.387277126312255859e-01 2.540306150913238525e-01 -3.330495953559875488e-01 1.316347867250442505e-01 2.521235346794128418e-01 -3.507699072360992432e-01
-1.907409727573394775e-01 -2.376119941473007202e-01 -2.504195086658000946e-02 3.415759652853012085e-02 3.843898698687553406e-02 -4.574722945690155029e-01 -3.355480730533599854e-01 -7.628464698791503906e-02 3.945013880729675293e-02 -3.816152215003967285e-01 1.752592772245407104e-01 -5.968395471572875977e-01 3.526308387517929077e-02 -5.990856513381004333e-02 -1.463633328676223755e-01 5.279038548469543457e-01 -4.531268477439880371e-01 -1.395245194435119629e-01 3.227477967739105225e-01 1.160076111555099487e-01 2.200516164302825928e-01 5.635682940483093262e-01 2.353982031345367432e-01 -8.441319316625595093e-02 1.043392941355705261e-01 -1.596747934818267822e-01 -4.869887828826904297e-01 -5.021774768829345703e-01 -2.284986674785614014e-01 -6.001201868057250977e-01 -1.540389209985733032e-01 -1.636533290147781372e-01 -4.503807723522186279e-01 3.470201790332794189e-01 -3.765920102596282959e-01 2.423941195011138916e-01 4.344803690910339355e-01 5.101450681686401367e-01 -2.967360913753509521e-01 8.688969165086746216e-02 2.225609570741653442e-01 -2.664718329906463623e-01 2.522608935832977295e-01 -4.239424467086791992e-01 1.763432174921035767e-01 -5.041602998971939087e-02 2.602228708565235138e-02 -7.965238094329833984e-01 5.869111791253089905e-02 5.184661746025085449e-01 -3.416163623332977295e-01 -4.311954677104949951e-01 2.321856766939163208e-01 3.327525854110717773e-01 -1.259259879589080811e-01 -8.962227702140808105e-01 -1.989317536354064941e-01 -4.132313430309295654e-01 -9.495418667793273926e-01 5.094472169876098633e-01 -6.625609993934631348e-01 -3.644839823246002197e-01 -2.241277694702148438e-01 -3.372034132480621338e-01
3.617289066314697266e-01 4.090418294072151184e-02 1.075124382972717285e+00 7.467187047004699707e-01 3.390882015228271484e-01 7.191915065050125122e-03 5.385161042213439941e-01 -1.455124467611312866e-01 5.172188878059387207e-01 -7.820312976837158203e-01 1.365383714437484741e-02 -3.765507638454437256e-01 -9.725752472877502441e-02 3.627905249595642090e-02 -1.327898651361465454e-01 9.917954206466674805e-01 -1.127499818801879883e+00 -4.639388918876647949e-01 -6.402134895324707031e-02 5.524740368127822876e-02 8.265759348869323730e-01 7.265199422836303711e-01 2.183424234390258789e-01 -7.516202330589294434e-01 -1.437874604016542435e-02 3.500880897045135498e-01 5.214241147041320801e-01 1.445498913526535034e-01 6.197223663330078125e-01 -3.190310597419738770e-01 -3.111640214920043945e-01 -5.578290820121765137e-01 1.769781112670898438e-01 -1.944729387760162354e-01 -1.364843249320983887e-01 1.327334195375442505e-01 4.070499241352081299e-01 -1.291901022195816040e-01 6.898497343063354492e-01 -1.315009221434593201e-02 -2.826923131942749023e-01 -4.583512246608734131e-01 -2.094729989767074585e-01 -5.376777052879333496e-01 7.977056503295898438e-01 1.555785983800888062e-01 3.679772913455963135e-01 -8.780618906021118164e-01 -5.721542239189147949e-01 -6.686980277299880981e-02 4.561748802661895752e-01 -7.714913040399551392e-02 -1.750634759664535522e-01 2.564245760440826416e-01 -4.199864566326141357e-01 5.151377618312835693e-02 2.535971999168395996e-01 3.853557407855987549e-01 -4.740155935287475586e-01 -3.378415703773498535e-01 -1.825187951326370239e-01 8.665500879287719727e-01 4.022380113601684570e-01 9.704329371452331543e-01
2.665754258632659912e-01 -2.739885151386260986e-01 8.133679628372192383e-01 4.491759836673736572e-02 1.776410043239593506e-01 2.366034388542175293e-01 -2.739135622978210449e-01 -2.365631014108657837e-01 -1.684979051351547241e-01 -9.968493580818176270e-01 -1.918457895517349243e-01 -2.084852457046508789e-01 -3.544819653034210205e-01 5.272060632705688477e-01 3.395288288593292236e-01 9.440912008285522461e-01 -5.029317140579223633e-01 5.491377040743827820e-02 -1.981176137924194336e-01 3.590821027755737305e-01 7.008094787597656250e-01 1.804404705762863159e-01 -1.276628971099853516e-01 -6.129759550094604492e-01 -2.285111546516418457e-01 1.644860655069351196e-01 -4.213258922100067139e-01 5.703998208045959473e-01 6.593171507120132446e-02 -4.831368625164031982e-01 -2.935006618499755859e-01 -2.065422683954238892e-01 1.044832468032836914e-01 1.112585216760635376e-01 -2.768816947937011719e-01 -8.140628933906555176e-01 4.718619287014007568e-01 3.894618451595306396e-01 1.414525955915451050e-01 -2.375739812850952148e-01 -4.632769152522087097e-02 -6.242883801460266113e-01 -2.090202867984771729e-01 -6.387961506843566895e-01 7.346464991569519043e-01 -1.238533202558755875e-02 8.462854623794555664e-01 2.101796716451644897e-01 -8.374167680740356445e-01 8.652122020721435547e-01 1.291741430759429932e-01 -2.864835858345031738e-01 -5.497915744781494141e-01 1.952351182699203491e-01 -1.657169014215469360e-01 -8.297617547214031219e-03 -3.369734287261962891e-01 5.147317051887512207e-01 -7.685697674751281738e-01 -5.076493620872497559e-01 -3.036397993564605713e-01 6.906976699829101562e-01 5.026940703392028809e-01 8.633061051368713379e-01
-1.765221543610095978e-02 1.496820598840713501e-01 8.068038523197174072e-02 3.611160218715667725e-01 -6.760934740304946899e-02 -3.890332281589508057e-01 -4.379516243934631348e-01 -4.567706286907196045e-01 -2.215439677238464355e-01 -9.558722376823425293e-02 2.501947283744812012e-01 2.651121616363525391e-01 -2.647535800933837891e-01 -5.258412361145019531e-01 -8.102223873138427734e-01 -1.366745028644800186e-02 7.060728967189788818e-02 1.377072930335998535e-01 2.965345084667205811e-01 -3.195492327213287354e-01 1.272752642631530762e+00 -3.341002389788627625e-03 2.772280946373939514e-02 -1.378300905227661133e+00 5.608248114585876465e-01 1.139777153730392456e-01 -8.093661665916442871e-01 4.798780754208564758e-02 6.114089488983154297e-01 1.105110198259353638e-01 5.671227574348449707e-01 4.625370353460311890e-02 -3.050807714462280273e-01 1.434160172939300537e-01 -7.689679265022277832e-01 -3.840662240982055664e-01 6.050143837928771973e-01 2.956587970256805420e-01 -2.823640406131744385e-01 -5.926072597503662109e-01 4.924584627151489258e-01 -1.828710883855819702e-01 -8.950555920600891113e-01 -1.701716929674148560e-01 9.625550508499145508e-01 -4.822147190570831299e-01 4.876304268836975098e-01 -8.982650637626647949e-01 -3.922370374202728271e-01 -5.444101616740226746e-02 4.946568608283996582e-01 1.718366742134094238e-01 3.233384490013122559e-01 -6.004655957221984863e-01 -4.944718256592750549e-02 -4.521763920783996582e-01 -4.005770981311798096e-01 2.847009897232055664e-01 -2.025089561939239502e-01 3.552350103855133057e-01 -4.595930278301239014e-01 -1.166714653372764587e-01 7.575908899307250977e-01 -7.247875928878784180e-01
-1.421137601137161255e-01 7.265841960906982422e-01 2.830250859260559082e-01 -1.703604608774185181e-01 -1.287539601325988770e-01 -6.984326839447021484e-01 -2.566263377666473389e-01 -1.266145229339599609e+00 -2.529129683971405029e-01 6.325887143611907959e-02 6.527148485183715820e-01 -4.958796501159667969e-02 -5.235924720764160156e-01 -1.830345019698143005e-02 -4.634457528591156006e-01 2.909723520278930664e-01 -1.830283105373382568e-01 -6.613630056381225586e-02 -1.973292231559753418e-02 4.160177111625671387e-01 6.943124532699584961e-01 4.080822467803955078e-01 -1.605949848890304565e-01 -3.050302863121032715e-01 -9.105493873357772827e-02 3.735017180442810059e-01 -1.343630999326705933e-01 -4.181206822395324707e-01 4.212652742862701416e-01 1.601596474647521973e-01 8.960919082164764404e-02 -1.255835145711898804e-01 -8.073443919420242310e-02 -6.112337708473205566e-01 -1.104575395584106445e-01 1.249604523181915283e-01 3.773697316646575928e-01 -3.145388364791870117e-01 2.319307327270507812e-01 -2.369089722633361816e-01 3.763291239738464355e-01 1.716951876878738403e-01 5.409314483404159546e-02 -2.519738078117370605e-01 6.213717460632324219e-01 5.098231881856918335e-02 -1.761533617973327637e-01 -6.736825704574584961e-01 -5.489346385002136230e-01 1.006819725036621094e+00 3.995604813098907471e-02 -7.416787743568420410e-02 6.522659063339233398e-01 -2.032095938920974731e-01 3.122035786509513855e-02 -3.505773246288299561e-01 -2.730003595352172852e-01 1.014577746391296387e+00 -5.950715541839599609e-01 1.556912362575531006e-01 -5.504444241523742676e-01 4.000453278422355652e-03 3.235530257225036621e-01 -3.631171882152557373e-01
2.086294442415237427e-01 7.247398495674133301e-01 2.485090345144271851e-01 7.959675043821334839e-02 -3.834842145442962646e-01 -4.479495882987976074e-01 -1.061435863375663757e-01 -8.276121020317077637e-01 -3.628925383090972900e-01 -4.338109120726585388e-02 4.409937560558319092e-01 -1.770678460597991943e-01 -6.018356680870056152e-01 6.867942400276660919e-03 -2.089788466691970825e-01 1.353420317173004150e-01 -2.521162629127502441e-01 -1.181827634572982788e-01 -1.487640570849180222e-02 2.196437418460845947e-01 5.178470611572265625e-01 5.266114473342895508e-01 -2.248674929141998291e-01 -1.272646933794021606e-01 -3.508987724781036377e-01 4.446788877248764038e-02 -2.648250460624694824e-01 -2.134434431791305542e-01 -4.001911878585815430e-01 1.708550006151199341e-01 4.837540984153747559e-01 -1.220891475677490234e-01 -2.325261235237121582e-01 -3.112853169441223145e-01 -2.891299426555633545e-01 2.272946834564208984e-01 3.513599038124084473e-01 -1.324703097343444824e-01 2.924523055553436279e-01 -3.522866368293762207e-01 4.717690646648406982e-01 2.214116901159286499e-01 -2.109372913837432861e-01 -4.139580428600311279e-01 6.068940162658691406e-01 -8.489821851253509521e-02 4.732815921306610107e-01 -9.088922142982482910e-01 6.309682875871658325e-02 8.153744339942932129e-01 -1.571739166975021362e-01 -1.886872798204421997e-01 9.077289700508117676e-02 -5.541725158691406250e-01 -3.158530592918395996e-02 -5.273391604423522949e-01 -2.973583340644836426e-01 5.849085450172424316e-01 -7.718707323074340820e-01 2.899971902370452881e-01 -1.060142636299133301e+00 -2.761281728744506836e-01 7.084190845489501953e-01 -7.467906475067138672e-01
1.203709468245506287e-01 1.725883185863494873e-01 1.238402485847473145e+00 6.984221749007701874e-03 -2.400670796632766724e-01 3.748242557048797607e-01 3.746130764484405518e-01 -1.325953565537929535e-02 -1.616744995117187500e+00 1.181808263063430786e-01 1.407679319381713867e-01 1.036292873322963715e-02 -6.742050647735595703e-01 -6.699806451797485352e-02 -6.409510970115661621e-01 1.948206424713134766e-01 -7.175160646438598633e-01 -8.385362625122070312e-01 1.879789829254150391e+00 -6.965330243110656738e-01 1.705716609954833984e+00 -4.059612452983856201e-01 -7.311432361602783203e-01 -1.047355294227600098e+00 -6.250472664833068848e-01 -4.651742279529571533e-01 -7.044006586074829102e-01 -2.275386154651641846e-01 7.064905762672424316e-02 1.062999963760375977e-01 -1.232087373733520508e+00 2.168057560920715332e-01 3.943299949169158936e-01 6.574367638677358627e-03 6.841123104095458984e-01 -5.573883652687072754e-01 1.281179308891296387e+00 -2.219307608902454376e-02 1.412160634994506836e+00 -1.658235192298889160e-01 2.562948502600193024e-02 -8.298366330564022064e-03 -5.748897790908813477e-02 -3.822310268878936768e-01 -2.685300707817077637e-01 -1.373020559549331665e-01 3.652763962745666504e-01 -1.767709732055664062e+00 -3.579865992069244385e-01 1.095744252204895020e+00 8.781358003616333008e-01 2.056485041975975037e-02 6.465221047401428223e-01 -2.578406929969787598e-01 4.239542484283447266e-01 -1.009868979454040527e-01 -8.881338238716125488e-01 6.070032715797424316e-01 1.677291840314865112e-02 1.151553094387054443e-01 -1.714918762445449829e-01 1.230013251304626465e+00 2.683621406555175781e+00 8.264513015747070312e-01
2.258649021387100220e-01 7.432720661163330078e-01 7.549095153808593750e-01 5.518201589584350586e-01 -7.157364487648010254e-01 -8.614965528249740601e-02 3.630722761154174805e-01 1.811350136995315552e-01 -6.323419809341430664e-01 -1.747480928897857666e-01 4.018367230892181396e-01 -3.844925463199615479e-01 -5.910949110984802246e-01 1.671674549579620361e-01 -4.606617987155914307e-01 1.114639639854431152e-01 -8.178648352622985840e-01 -2.033405601978302002e-01 -1.872206479310989380e-01 -2.133550792932510376e-01 1.452484011650085449e+00 1.547570675611495972e-01 1.493949890136718750e-01 -4.208437204360961914e-01 6.640886068344116211e-01 -4.308491945266723633e-01 -5.069015026092529297e-01 1.738481521606445312e-01 -7.959723472595214844e-01 1.036699861288070679e-01 2.386813014745712280e-01 -8.024168759584426880e-02 -4.091805219650268555e-01 -4.295207560062408447e-01 3.676762804388999939e-02 -2.553449571132659912e-01 -7.587741315364837646e-02 -5.339381694793701172e-01 3.402242064476013184e-01 -3.202398419380187988e-01 7.767907381057739258e-01 3.875531554222106934e-01 -1.085714459419250488e+00 1.892794519662857056e-01 6.282522678375244141e-01 -1.931087970733642578e-01 5.149439573287963867e-01 -5.405510067939758301e-01 -6.146258711814880371e-01 6.834703683853149414e-01 5.317950844764709473e-01 -6.064727902412414551e-01 -2.257249206304550171e-01 -6.877990365028381348e-01 5.404565930366516113e-01 -1.000175237655639648e+00 -6.567370146512985229e-02 4.861209914088249207e-02 -4.639941453933715820e-01 7.130486518144607544e-02 -1.430756151676177979e-01 -2.629346549510955811e-01 5.764548778533935547e-01 -6.750684976577758789e-01
4.844247400760650635e-01 3.557825684547424316e-01 3.461492657661437988e-01 7.487603425979614258e-01 1.722287535667419434e-01 3.495202958583831787e-01 -5.025427341461181641e-01 1.116065401583909988e-02 3.121020793914794922e-01 -2.072818130254745483e-01 2.737601697444915771e-01 -4.114059805870056152e-01 -3.038431107997894287e-01 -9.340362548828125000e-01 -7.204817533493041992e-01 5.544720292091369629e-01 -3.328881561756134033e-01 1.773387342691421509e-01 8.757110834121704102e-01 3.886751830577850342e-01 1.101737976074218750e+00 7.762138247489929199e-01 5.352169647812843323e-02 -4.187702834606170654e-01 -3.608248233795166016e-01 1.553993970155715942e-01 -7.553631067276000977e-01 7.370197176933288574e-01 3.513203561305999756e-01 -4.368087947368621826e-01 3.131644427776336670e-01 4.945288002490997314e-01 3.067893385887145996e-01 -3.597546741366386414e-02 2.104074507951736450e-01 -2.130296677350997925e-01 -1.264795511960983276e-01 4.157211184501647949e-01 1.104052178561687469e-02 -1.654261499643325806e-01 -3.057103157043457031e-01 8.235458731651306152e-01 1.700472459197044373e-02 -1.240445971488952637e-01 8.049275279045104980e-01 -6.813715696334838867e-01 6.553604453802108765e-02 -6.084705516695976257e-02 3.139443993568420410e-01 1.308582723140716553e-01 6.725751757621765137e-01 -1.226873159408569336e+00 -4.180243015289306641e-01 4.925240576267242432e-01 -1.249567717313766479e-01 -1.802771538496017456e-01 -3.100030720233917236e-01 -9.859285503625869751e-02 -1.989819407463073730e-01 7.199935317039489746e-01 -1.679991781711578369e-01 1.140539526939392090e+00 6.981400847434997559e-01 2.464824914932250977e-01
7.313581556081771851e-02 2.826642692089080811e-01 7.395808696746826172e-01 -3.050146996974945068e-01 -3.142319023609161377e-01 -8.569765090942382812e-01 -2.888953983783721924e-01 2.076237052679061890e-01 6.866082083433866501e-03 -4.414367079734802246e-01 1.276886910200119019e-01 -6.561235189437866211e-01 -3.170651197433471680e-01 -4.290211498737335205e-01 -4.060210287570953369e-02 1.647448837757110596e-01 -8.713434934616088867e-01 -2.800881266593933105e-01 4.889676570892333984e-01 2.478167563676834106e-01 6.604578495025634766e-01 7.342075705528259277e-01 -3.338684737682342529e-01 3.588747605681419373e-02 -9.975310415029525757e-02 -4.774906635284423828e-01 -6.484797000885009766e-01 -3.382995426654815674e-01 7.522367835044860840e-01 3.259600698947906494e-02 -6.489551067352294922e-01 1.069644466042518616e-01 -6.482217907905578613e-01 2.473775297403335571e-01 4.891287535429000854e-02 -4.559370875358581543e-01 -1.645795106887817383e-01 7.732695937156677246e-01 4.399860203266143799e-01 1.656845808029174805e-01 5.790858864784240723e-01 -5.858982801437377930e-01 -6.839704513549804688e-02 1.813291013240814209e-01 4.364435970783233643e-01 -5.462582111358642578e-01 -4.368332028388977051e-01 -2.134250104427337646e-01 1.297587007284164429e-01 3.440787792205810547e-01 -3.910119533538818359e-01 -3.997458219528198242e-01 -2.300209179520606995e-02 -5.643552169203758240e-02 5.287963151931762695e-02 2.137721180915832520e-01 -2.015166878700256348e-01 -2.718061804771423340e-01 -1.284882575273513794e-01 -5.870278477668762207e-01 -3.851936161518096924e-01 -1.829639971256256104e-01 8.073772192001342773e-01 2.381671667098999023e-01
6.589734554290771484e-01 1.561903357505798340e-01 9.726170897483825684e-01 1.941857188940048218e-01 4.251973927021026611e-01 -5.300275087356567383e-01 9.229665994644165039e-02 3.763975203037261963e-01 -2.623508274555206299e-01 -2.410375624895095825e-01 3.330649137496948242e-01 -4.426162242889404297e-01 7.428925484418869019e-02 -3.828744590282440186e-01 6.486066430807113647e-02 2.203490287065505981e-01 1.283251196146011353e-01 1.924987584352493286e-01 4.296025633811950684e-01 6.081742048263549805e-01 7.595148086547851562e-01 2.624113857746124268e-01 4.201144874095916748e-01 -5.739496350288391113e-01 3.113676905632019043e-01 1.429666131734848022e-01 -1.832277476787567139e-01 -2.306237667798995972e-01 5.209971666336059570e-01 -2.341652810573577881e-01 -2.385974824428558350e-01 7.587341070175170898e-01 -2.003123238682746887e-02 5.265879258513450623e-02 1.038407459855079651e-01 -6.000914573669433594e-01 7.016081362962722778e-02 4.076215922832489014e-01 3.711816072463989258e-01 -1.320622209459543228e-02 6.384158730506896973e-01 1.046204045414924622e-01 -5.368823930621147156e-02 3.841094374656677246e-01 6.692852377891540527e-01 -4.119290411472320557e-01 -5.563356727361679077e-02 -3.132588565349578857e-01 4.697850048542022705e-01 7.692177593708038330e-02 4.895076751708984375e-01 -9.344331622123718262e-01 -2.766527235507965088e-01 2.223331034183502197e-01 -4.091802537441253662e-01 7.169017195701599121e-01 -2.026544362306594849e-01 4.314277470111846924e-01 -2.468974441289901733e-01 -6.387348175048828125e-01 3.452407419681549072e-01 2.492510080337524414e-01 3.656639754772186279e-01 -1.300119161605834961e-01
-4.203144013881683350e-01 7.824298739433288574e-01 2.514403760433197021e-01 4.306454956531524658e-02 1.284477859735488892e-01 -5.669742822647094727e-02 -2.475495487451553345e-01 -1.998219937086105347e-01 -7.235791087150573730e-01 -3.663500547409057617e-01 6.272143870592117310e-02 -7.256355881690979004e-01 -1.038213297724723816e-01 -7.635729759931564331e-02 -6.330007910728454590e-01 2.853889465332031250e-01 -1.332810997962951660e+00 -1.016855686902999878e-01 7.386676073074340820e-01 3.810696005821228027e-01 4.162190556526184082e-01 4.261212646961212158e-01 3.807345330715179443e-01 -7.545490264892578125e-01 -4.729932248592376709e-01 3.481470644474029541e-01 -1.044138193130493164e+00 -1.040469765663146973e+00 1.671127080917358398e-01 -4.023066461086273193e-01 -4.466094076633453369e-01 -3.494253754615783691e-01 2.155474126338958740e-01 1.909688711166381836e-01 -6.251343488693237305e-01 -7.326133549213409424e-02 9.935331344604492188e-01 6.931800842285156250e-01 7.441984415054321289e-01 4.982551932334899902e-01 6.403561830520629883e-01 2.543341219425201416e-01 -1.018119379878044128e-01 -2.578285336494445801e-01 -1.482224911451339722e-01 -3.682519495487213135e-01 -5.541921406984329224e-02 -8.164273500442504883e-01 -4.806117415428161621e-01 -2.952829897403717041e-01 2.126020640134811401e-01 -2.505865097045898438e-01 3.755635917186737061e-01 5.470179319381713867e-01 4.352186322212219238e-01 -9.780278801918029785e-01 -4.548764526844024658e-01 5.627788901329040527e-01 -4.942921102046966553e-01 9.658225178718566895e-01 2.225732058286666870e-01 5.084525346755981445e-01 -5.121713876724243164e-01 -1.752356737852096558e-01
8.883612155914306641e-01 5.365974456071853638e-02 6.165689826011657715e-01 3.207023739814758301e-01 7.223997265100479126e-02 9.717237204313278198e-02 -1.162962540984153748e-01 -6.758637428283691406e-01 1.109114363789558411e-01 -3.737688362598419189e-01 -9.998997300863265991e-02 -1.509855687618255615e-01 -7.043430209159851074e-01 -9.064242988824844360e-02 -4.487337470054626465e-01 4.971519708633422852e-01 -5.135985016822814941e-01 -1.016779243946075439e-01 -2.411369979381561279e-01 5.170558094978332520e-01 5.382891297340393066e-01 1.560909599065780640e-01 -3.474099636077880859e-01 -7.784709930419921875e-01 -1.849771887063980103e-01 -3.141593635082244873e-01 2.232496887445449829e-01 -2.344563305377960205e-01 3.964158296585083008e-01 2.628452703356742859e-02 5.487998127937316895e-01 -2.405363768339157104e-01 -8.830075263977050781e-01 -2.117766737937927246e-01 -3.184877336025238037e-01 1.195603683590888977e-01 3.071736991405487061e-01 -2.841606438159942627e-01 3.437136411666870117e-01 -1.710780262947082520e-01 -7.236278150230646133e-03 -1.860126852989196777e-01 1.231443062424659729e-01 -1.887419223785400391e-01 6.327650547027587891e-01 3.873668611049652100e-01 4.201081991195678711e-01 -3.385136127471923828e-01 -7.987005114555358887e-01 1.440886378288269043e+00 2.605795860290527344e-01 -4.207117855548858643e-01 4.858542606234550476e-02 5.007955431938171387e-01 -8.630509972572326660e-01 4.181577563285827637e-01 -4.608493745326995850e-01 3.922362029552459717e-01 -6.826454997062683105e-01 -2.168008834123611450e-01 7.046774029731750488e-02 3.039885759353637695e-01 -8.369735628366470337e-02 7.984387278556823730e-01
7.058847546577453613e-01 -3.233812749385833740e-01 8.066660761833190918e-01 6.135504841804504395e-01 1.188081055879592896e-01 3.964445590972900391e-01 -7.747606635093688965e-01 1.026245132088661194e-01 7.855950295925140381e-02 -8.566320538520812988e-01 -5.069538950920104980e-01 1.033649593591690063e-01 -2.211023122072219849e-01 -1.652081906795501709e-01 -8.706825971603393555e-02 3.854189813137054443e-01 -2.672157883644104004e-01 -4.864031821489334106e-02 -6.177389994263648987e-02 1.012839153409004211e-01 -2.709216773509979248e-01 4.584780335426330566e-01 1.788852214813232422e-01 -5.298136472702026367e-01 2.620918452739715576e-01 -1.910312920808792114e-01 -4.482836723327636719e-01 4.689140915870666504e-01 1.699941158294677734e-01 -2.111188322305679321e-02 1.147006377577781677e-01 4.530090689659118652e-01 4.695431515574455261e-02 -7.648245692253112793e-01 -2.641355991363525391e-01 -4.369115531444549561e-01 2.182337641716003418e-01 -2.634780295193195343e-02 1.132253557443618774e-01 4.949099123477935791e-01 4.100235402584075928e-01 3.692363202571868896e-02 1.744868010282516479e-01 -3.144798874855041504e-01 4.402863681316375732e-01 1.064030919224023819e-02 4.510812461376190186e-01 -5.214747190475463867e-01 -2.984561920166015625e-01 -1.800011098384857178e-02 6.644681096076965332e-01 -4.550831913948059082e-01 -3.868488371372222900e-01 -2.285789102315902710e-01 -5.748066902160644531e-01 6.738575547933578491e-02 4.138230085372924805e-01 1.636882424354553223e-01 -1.279356479644775391e+00 4.588527977466583252e-01 -1.792305707931518555e-01 1.571266502141952515e-01 6.213840842247009277e-01 2.859819233417510986e-01
5.382132530212402344e-01 -2.535037696361541748e-01 8.302258849143981934e-01 2.280063033103942871e-01 7.383676171302795410e-01 4.873299300670623779e-01 -8.499307930469512939e-02 7.637001574039459229e-02 -5.552408695220947266e-01 -4.696716368198394775e-01 5.449973419308662415e-02 1.562749408185482025e-02 -5.597112774848937988e-01 1.374125182628631592e-01 -3.983230292797088623e-01 1.847203373908996582e-01 -4.222532808780670166e-01 2.172846347093582153e-01 -1.317948698997497559e-01 5.218366384506225586e-01 4.519400596618652344e-01 5.445342063903808594e-01 4.820608198642730713e-01 -6.073785424232482910e-01 -3.042424321174621582e-01 5.783899128437042236e-02 4.466751515865325928e-01 -3.851833641529083252e-01 -5.642035230994224548e-02 -2.023870944976806641e-01 -4.565927088260650635e-01 3.638809025287628174e-01 -2.004089802503585815e-01 5.356055498123168945e-01 -2.218303531408309937e-01 -2.306749522686004639e-01 4.847367107868194580e-01 1.395186483860015869e-01 1.057990491390228271e-01 6.884526014328002930e-01 2.765284180641174316e-01 -2.280543744564056396e-01 -4.494819045066833496e-02 -5.773779004812240601e-02 1.066527962684631348e+00 -3.672535717487335205e-01 1.720626023598015308e-03 -6.237438321113586426e-01 -8.630614876747131348e-01 4.796558991074562073e-02 1.086777895689010620e-01 -6.125345826148986816e-01 -3.999589383602142334e-01 3.516259789466857910e-01 -6.184969544410705566e-01 2.815141081809997559e-01 -1.071649268269538879e-01 3.982791304588317871e-02 1.053099110722541809e-01 -3.659207224845886230e-01 -1.212971732020378113e-01 3.909281194210052490e-01 6.185091137886047363e-01 2.288823127746582031e-01
8.359946012496948242e-01 -1.287442445755004883e-01 4.469107091426849365e-01 1.064114272594451904e-01 6.138022541999816895e-01 -1.650161296129226685e-01 4.481451511383056641e-01 6.532290577888488770e-01 -2.100622206926345825e-01 -2.555909752845764160e-01 -1.430657804012298584e-01 -4.644412994384765625e-01 -4.483113884925842285e-01 8.612360060214996338e-02 -5.104752779006958008e-01 2.285381704568862915e-01 -2.748023867607116699e-01 -2.380838096141815186e-01 7.617195248603820801e-01 5.156488418579101562e-01 1.701326847076416016e+00 1.123427450656890869e-01 1.833067834377288818e-01 -9.861950278282165527e-01 -5.102384686470031738e-01 -3.100296556949615479e-01 3.026810102164745331e-02 -1.171461343765258789e-01 -2.287932932376861572e-01 -4.711722135543823242e-01 3.389805257320404053e-01 4.970920979976654053e-01 -1.019167006015777588e-01 -1.011739850044250488e+00 -2.809837162494659424e-01 -9.294423460960388184e-01 -2.533076517283916473e-02 7.015387415885925293e-01 9.549432992935180664e-01 3.138560056686401367e-01 -1.530290842056274414e-01 -5.842602252960205078e-01 -1.309289038181304932e-01 1.956003308296203613e-01 6.590901017189025879e-01 -4.918735474348068237e-02 -5.871022939682006836e-01 -4.844009280204772949e-01 2.102861255407333374e-01 3.984296917915344238e-01 -3.747553527355194092e-01 1.888272464275360107e-01 -3.259994685649871826e-01 9.163004904985427856e-02 4.106227159500122070e-01 -1.313475668430328369e-01 -5.893751382827758789e-01 5.684132575988769531e-01 -1.052036881446838379e+00 -2.428460717201232910e-01 6.677871942520141602e-01 5.310552120208740234e-01 -1.142020970582962036e-01 6.371240615844726562e-01
1.502143889665603638e-01 5.656833648681640625e-01 1.094844222068786621e+00 -7.565476000308990479e-02 3.966165333986282349e-02 -7.043421268463134766e-01 1.120668500661849976e-01 1.692752242088317871e-01 -8.319765329360961914e-01 -6.884738206863403320e-01 4.016597867012023926e-01 -2.620988488197326660e-01 -2.030543684959411621e-01 -6.990311145782470703e-01 1.537779420614242554e-01 -5.350242182612419128e-02 -3.510999679565429688e-01 -1.155793201178312302e-02 3.023223876953125000e-01 7.687269449234008789e-01 4.345388710498809814e-01 -1.640131622552871704e-01 -1.155041232705116272e-01 -3.294908702373504639e-01 1.914208680391311646e-01 1.789340972900390625e-01 1.959145069122314453e-02 -6.458076089620590210e-02 1.052664875984191895e+00 -2.268271893262863159e-01 -8.855814337730407715e-01 4.452466666698455811e-01 -9.315521270036697388e-02 -9.586234390735626221e-02 1.144160926342010498e-01 -4.404179155826568604e-01 1.191300526261329651e-02 5.081282854080200195e-01 5.510265231132507324e-01 3.084090352058410645e-02 6.960418224334716797e-01 2.259714901447296143e-01 -3.765987157821655273e-01 5.094723105430603027e-01 6.721917986869812012e-01 -5.697906017303466797e-01 -3.398379683494567871e-01 -7.080012559890747070e-01 2.752729356288909912e-01 5.318616628646850586e-01 3.431006968021392822e-01 -4.491174221038818359e-01 2.602899372577667236e-01 3.306418061256408691e-01 -1.645418256521224976e-01 5.493940711021423340e-01 -5.855305790901184082e-01 -2.142781019210815430e-01 -4.280472993850708008e-01 -5.642477273941040039e-01 -1.799587458372116089e-01 2.839988768100738525e-01 6.413733959197998047e-01 2.248602807521820068e-01
5.733890533447265625e-01 3.473505750298500061e-02 1.030140280723571777e+00 2.623587846755981445e-01 3.324455320835113525e-01 -1.848082691431045532e-01 -8.340770602226257324e-01 -5.633066967129707336e-02 -3.302941620349884033e-01 8.585318326950073242e-01 -3.010570406913757324e-01 -4.514279961585998535e-01 -1.435628831386566162e-01 -2.906673550605773926e-01 -4.405856132507324219e-01 3.070326149463653564e-01 -1.196929097175598145e+00 -2.911403477191925049e-01 1.105648875236511230e+00 4.144225269556045532e-02 1.101056098937988281e+00 -1.633128374814987183e-01 -1.210649758577346802e-01 -3.854582011699676514e-01 6.198081374168395996e-01 -1.032519936561584473e+00 6.440555453300476074e-01 -7.667434215545654297e-01 -2.356503754854202271e-01 -6.243860125541687012e-01 -4.688382446765899658e-01 -5.531849861145019531e-01 -1.502310484647750854e-01 6.099829450249671936e-02 -5.986257195472717285e-01 -2.554010152816772461e-01 2.006681561470031738e-01 4.396097660064697266e-01 -4.744607489556074142e-03 4.766010120511054993e-02 -1.969402581453323364e-01 -1.676255166530609131e-01 -3.115461170673370361e-01 8.669684529304504395e-01 -6.660544276237487793e-01 1.910327747464179993e-02 4.920012354850769043e-01 -1.219803690910339355e+00 -2.250279784202575684e-01 1.208013772964477539e+00 -4.682070612907409668e-01 -3.388493359088897705e-01 6.396306157112121582e-01 2.082595527172088623e-01 -7.541575431823730469e-01 -1.683679968118667603e-01 -9.181838631629943848e-01 2.116109132766723633e-01 -4.494091272354125977e-01 -1.901076138019561768e-01 -1.528304219245910645e-01 4.546031951904296875e-01 3.319159746170043945e-01 -3.745646402239799500e-02
-3.457043766975402832e-01 4.923748970031738281e-01 1.121680855751037598e+00 7.918112277984619141e-01 -6.923517584800720215e-01 1.664613932371139526e-02 6.004921793937683105e-01 4.004747867584228516e-01 1.782713979482650757e-01 -5.461574196815490723e-01 -7.673734426498413086e-02 -8.781101107597351074e-01 -4.915271103382110596e-01 3.508228957653045654e-01 -2.555195093154907227e-01 -1.865348070859909058e-01 -4.457399547100067139e-01 -3.399252295494079590e-01 4.066358506679534912e-01 5.277755260467529297e-01 1.712443947792053223e+00 5.377680659294128418e-01 -1.897716075181961060e-01 -9.120759963989257812e-01 -1.313793510198593140e-01 5.151212811470031738e-01 -4.665836691856384277e-01 -9.538388252258300781e-01 4.381376206874847412e-01 -3.306410908699035645e-01 3.380510956048965454e-02 -4.990460723638534546e-02 4.562774002552032471e-01 1.509844958782196045e-01 9.863023757934570312e-01 -8.938952088356018066e-01 5.003190040588378906e-01 2.905427813529968262e-01 4.237129390239715576e-01 4.752004519104957581e-02 9.785423427820205688e-02 -4.504066407680511475e-01 -2.537346780300140381e-01 6.671315431594848633e-01 -3.428375720977783203e-01 -5.704327225685119629e-01 8.528641611337661743e-02 -6.363013982772827148e-01 -1.718780755996704102e+00 8.869366645812988281e-01 6.831590831279754639e-02 3.191766738891601562e-01 -2.457054108381271362e-01 -1.355234235525131226e-01 8.310307860374450684e-01 5.529827475547790527e-01 -5.454402565956115723e-01 2.700004875659942627e-01 -1.263752698898315430e+00 4.009537100791931152e-01 -3.259849548339843750e-01 6.884104013442993164e-01 8.682033419609069824e-01 -2.397124469280242920e-01
-1.976144760847091675e-01 3.447035253047943115e-01 6.638088226318359375e-01 7.503901720046997070e-01 -1.248207986354827881e-01 -6.735687851905822754e-01 -8.587064594030380249e-02 6.875538825988769531e-02 -4.700921475887298584e-02 5.257487297058105469e-01 3.526764810085296631e-01 -2.167465835809707642e-01 3.587808609008789062e-01 -3.915631175041198730e-01 -8.627392053604125977e-01 1.303399503231048584e-01 -6.296510100364685059e-01 3.918552994728088379e-01 1.402742743492126465e+00 -2.154734730720520020e-01 1.033374547958374023e+00 6.374434828758239746e-01 2.532965540885925293e-01 -1.548388600349426270e+00 -1.632449403405189514e-02 -2.836968600749969482e-01 -3.624426722526550293e-01 -1.064220257103443146e-02 7.573864459991455078e-01 7.343445420265197754e-01 3.248946070671081543e-01 7.180835604667663574e-01 8.089959621429443359e-03 1.722483634948730469e-01 -1.810561120510101318e-01 -8.598982095718383789e-01 4.962992668151855469e-01 2.713222801685333252e-01 5.938302874565124512e-01 -3.368004262447357178e-01 2.217016927897930145e-02 3.036492168903350830e-01 -6.597094535827636719e-01 4.609606042504310608e-02 4.100088477134704590e-01 -2.602632045745849609e-01 5.173417329788208008e-01 -1.352304577827453613e+00 -9.034814834594726562e-01 -1.501213908195495605e-01 6.723648309707641602e-01 -5.017706155776977539e-01 -6.515614390373229980e-01 -4.336209893226623535e-01 5.047798156738281250e-01 1.820006966590881348e-01 -3.505395650863647461e-01 -2.263006120920181274e-01 -7.895541191101074219e-01 3.177670240402221680e-01 1.071539446711540222e-01 9.314501285552978516e-01 1.096422448754310608e-01 3.368245065212249756e-01
1.192935928702354431e-01 8.992089629173278809e-01 9.444601535797119141e-01 -2.688750624656677246e-01 -1.338816136121749878e-01 -1.210671424865722656e+00 1.852924227714538574e-01 -1.970120519399642944e-01 -6.865853667259216309e-01 -3.027296364307403564e-01 3.751094341278076172e-01 -2.245714217424392700e-01 -2.634027302265167236e-01 -5.207209587097167969e-01 -1.817344278097152710e-01 -5.554233491420745850e-02 -4.588959515094757080e-01 -6.760638207197189331e-02 6.059193611145019531e-01 5.112966299057006836e-01 1.041143894195556641e+00 1.317411214113235474e-01 -3.081490285694599152e-02 -4.607848823070526123e-01 -2.266326993703842163e-01 1.384029090404510498e-01 -4.705090522766113281e-01 -2.763628363609313965e-01 7.418249845504760742e-01 -1.669965684413909912e-01 -2.869515717029571533e-01 4.244161546230316162e-01 -2.646881043910980225e-01 -2.454774528741836548e-01 4.411426782608032227e-01 -3.385906517505645752e-01 9.639438241720199585e-02 5.215361118316650391e-01 -4.151998087763786316e-02 2.953358888626098633e-01 8.429214954376220703e-01 5.397502705454826355e-02 -2.182315737009048462e-01 3.194951117038726807e-01 5.062722563743591309e-01 -3.775080442428588867e-01 -3.517632186412811279e-01 -2.759733200073242188e-01 2.559580206871032715e-01 8.086786866188049316e-01 -3.075979650020599365e-02 -3.841207623481750488e-01 1.797998547554016113e-01 1.935559511184692383e-01 2.288397699594497681e-01 5.115825533866882324e-01 -4.129540622234344482e-01 2.591791152954101562e-01 -2.664538621902465820e-01 -8.632202148437500000e-01 -6.324505209922790527e-01 -3.804049789905548096e-01 4.937155246734619141e-01 3.119266629219055176e-01
4.203933477401733398e-01 5.599816441535949707e-01 3.784194886684417725e-01 -1.722477823495864868e-01 8.044322729110717773e-01 1.869870349764823914e-02 -4.671479463577270508e-01 1.686110347509384155e-01 -3.022532761096954346e-01 -3.709755241870880127e-01 6.621782779693603516e-01 -1.592423170804977417e-01 -7.679001986980438232e-02 -5.569687485694885254e-01 -3.804175555706024170e-01 6.800991892814636230e-01 -4.994336664676666260e-01 -3.213242441415786743e-02 4.019000008702278137e-02 5.021074414253234863e-01 7.954242229461669922e-01 -3.815180659294128418e-01 1.711289882659912109e-01 -7.015899419784545898e-01 3.089784383773803711e-01 2.922539599239826202e-02 -7.855939865112304688e-02 -4.178368151187896729e-01 -2.598542273044586182e-01 1.402445137500762939e-01 -4.826239347457885742e-01 2.231231182813644409e-01 -7.344977855682373047e-01 -4.027849733829498291e-01 3.064947128295898438e-01 -3.481715917587280273e-01 -3.118284940719604492e-01 -2.246381938457489014e-01 5.957604646682739258e-01 -3.990339934825897217e-01 4.760192036628723145e-01 3.754935562610626221e-01 -4.691539704799652100e-01 2.821581363677978516e-01 6.262899637222290039e-01 -2.078788131475448608e-01 2.200466245412826538e-01 -6.889538764953613281e-01 -2.877185940742492676e-01 1.581465750932693481e-01 3.465708345174789429e-02 6.398456692695617676e-01 4.685774147510528564e-01 -6.448325514793395996e-01 3.645130991935729980e-02 2.150433212518692017e-01 -2.956272065639495850e-01 5.592208504676818848e-01 -9.877480268478393555e-01 8.282627463340759277e-01 -1.291777253150939941e+00 3.677105009555816650e-01 5.917226076126098633e-01 1.775549501180648804e-01
5.293359756469726562e-01 2.899050414562225342e-01 6.432350277900695801e-01 -1.787439733743667603e-01 4.947519674897193909e-02 -2.440151572227478027e-01 1.490168422460556030e-01 1.502126157283782959e-01 -6.607420444488525391e-01 -4.715190529823303223e-01 -3.056553006172180176e-01 -7.992020249366760254e-01 -3.376211225986480713e-01 1.184655949473381042e-01 -6.149652004241943359e-01 4.057584702968597412e-01 -8.274353295564651489e-02 4.933502674102783203e-01 1.390498995780944824e+00 1.346577852964401245e-01 1.446606636047363281e+00 -2.221155017614364624e-01 -1.234854906797409058e-01 -1.218661427497863770e+00 -6.783930063247680664e-01 -9.075828790664672852e-01 2.028120756149291992e-01 -5.039204955101013184e-01 -2.768335938453674316e-01 -3.715791404247283936e-01 -2.701127529144287109e-01 4.442369192838668823e-02 -2.772985100746154785e-01 -6.945363879203796387e-01 3.315019011497497559e-01 -7.248194813728332520e-01 -5.685721635818481445e-01 3.347558081150054932e-01 1.113693356513977051e+00 2.431276142597198486e-01 -2.686691582202911377e-01 -2.029339224100112915e-01 -7.013787031173706055e-01 -2.479761540889739990e-01 5.625191330909729004e-01 -1.954063326120376587e-01 -8.287407159805297852e-01 -8.380457758903503418e-01 -7.717547416687011719e-01 5.506486892700195312e-01 -2.828215062618255615e-01 9.431269764900207520e-02 -1.521316766738891602e-01 4.509915411472320557e-01 1.193774580955505371e+00 7.600997388362884521e-02 -1.797508001327514648e-01 3.353933691978454590e-01 -7.923567295074462891e-01 4.359760135412216187e-02 2.242052853107452393e-01 2.113724797964096069e-01 6.172426342964172363e-01 -7.151900231838226318e-02
2.582797110080718994e-01 2.222427874803543091e-01 5.367268919944763184e-01 7.716879993677139282e-02 -3.409033268690109253e-02 2.920421659946441650e-01 1.330054104328155518e-01 7.457609288394451141e-03 8.535709232091903687e-02 -7.918196320533752441e-01 5.889595150947570801e-01 -2.061687409877777100e-01 -4.419023990631103516e-01 -1.728345602750778198e-01 -7.361957430839538574e-01 5.373519659042358398e-01 -6.765586137771606445e-02 -9.905190765857696533e-02 4.950140118598937988e-01 2.136407643556594849e-01 4.540487527847290039e-01 5.863658785820007324e-01 -2.644558623433113098e-02 -9.125364422798156738e-01 6.901670098304748535e-01 1.992044150829315186e-01 -2.787970602512359619e-01 2.267184257507324219e-01 4.437182098627090454e-03 4.650244116783142090e-01 1.116543114185333252e-01 4.538125097751617432e-01 1.845538616180419922e-01 -1.930258870124816895e-01 -2.062723599374294281e-02 -6.725430488586425781e-01 4.158736169338226318e-01 -2.575635015964508057e-01 -1.502620726823806763e-01 -5.874037146568298340e-01 -4.037292003631591797e-01 -2.248743176460266113e-01 1.871248036623001099e-01 -1.928925961256027222e-01 6.482379138469696045e-02 -6.181848049163818359e-01 3.232722580432891846e-01 -1.183583363890647888e-01 3.167864978313446045e-01 4.909975919872522354e-03 7.076328396797180176e-01 -1.232698440551757812e+00 5.125436186790466309e-01 6.006028652191162109e-01 2.248973697423934937e-01 4.174197018146514893e-01 -1.966478526592254639e-01 4.612487554550170898e-01 -1.029417991638183594e+00 1.729802787303924561e-01 -7.151953177526593208e-04 1.027593374252319336e+00 4.679116606712341309e-01 7.028390467166900635e-02
6.458162069320678711e-01 -4.124404191970825195e-01 6.156071424484252930e-01 2.211573719978332520e-01 7.235640883445739746e-01 4.919694364070892334e-01 3.296031355857849121e-01 1.608303487300872803e-01 -3.293281793594360352e-01 -1.598985493183135986e-01 -4.824562668800354004e-01 2.942064031958580017e-02 -5.276126861572265625e-01 -1.820805370807647705e-01 -3.103801906108856201e-01 5.673384666442871094e-01 -5.782402753829956055e-01 -1.521575748920440674e-01 -1.905929893255233765e-01 1.224519237875938416e-01 4.823912680149078369e-01 5.135564804077148438e-01 5.465846061706542969e-01 -6.523817777633666992e-01 -6.398843526840209961e-01 -1.103142946958541870e-01 2.567274309694766998e-02 -3.172258436679840088e-01 -2.188201546669006348e-01 -2.168425172567367554e-01 -5.178002119064331055e-01 2.827655673027038574e-01 1.684806644916534424e-01 3.763251900672912598e-01 -4.142419397830963135e-01 7.469633221626281738e-02 5.304718613624572754e-01 2.908849120140075684e-01 -5.683027580380439758e-02 2.801169455051422119e-01 -1.896553784608840942e-01 -2.798989415168762207e-01 -4.187722504138946533e-01 -2.827799320220947266e-01 3.977364897727966309e-01 -4.913004636764526367e-01 7.935511320829391479e-02 -1.946967989206314087e-01 -7.187207937240600586e-01 5.855553150177001953e-01 1.535380333662033081e-01 -6.414544582366943359e-01 -6.647000461816787720e-02 4.660596549510955811e-01 -9.070475101470947266e-01 3.007396459579467773e-01 -1.330016255378723145e-01 -1.237838864326477051e-01 -4.172240793704986572e-01 -4.631516337394714355e-01 -3.936440050601959229e-01 4.547589421272277832e-01 2.450185865163803101e-01 8.377803117036819458e-02
-4.572112113237380981e-02 -2.196633955463767052e-03 1.454882919788360596e-01 6.648900508880615234e-01 -6.966138724237680435e-03 5.518889427185058594e-01 -7.613162994384765625e-01 -4.341221153736114502e-01 1.302741020917892456e-01 -5.707209110260009766e-01 -7.362808585166931152e-01 -4.450668394565582275e-01 -7.453662157058715820e-01 -1.529667228460311890e-01 2.853301353752613068e-02 1.143507957458496094e+00 -1.181676983833312988e+00 4.191249907016754150e-01 4.509707093238830566e-01 9.730815887451171875e-02 2.458637952804565430e-01 8.016463518142700195e-01 -6.217296794056892395e-02 -5.423263311386108398e-01 -5.746895447373390198e-02 -1.212135702371597290e-01 3.794689895585179329e-03 5.597379803657531738e-01 1.288478076457977295e-01 -7.599813342094421387e-01 2.871625125408172607e-01 6.609631180763244629e-01 4.287656247615814209e-01 -7.756575196981430054e-02 4.320460185408592224e-02 -1.037377864122390747e-01 -2.837068736553192139e-01 2.586522400379180908e-01 3.122353255748748779e-01 5.464673638343811035e-01 5.227590203285217285e-01 -1.702035218477249146e-01 -3.925262689590454102e-01 2.166399508714675903e-01 -8.166140913963317871e-01 8.264916390180587769e-02 7.161360234022140503e-02 -9.012237787246704102e-01 -3.710104823112487793e-01 8.493298292160034180e-02 9.053568840026855469e-01 3.003405407071113586e-02 4.674365520477294922e-01 -1.977931410074234009e-01 1.778644137084484100e-02 3.629143834114074707e-01 2.217755466699600220e-01 3.609554171562194824e-01 -9.701511859893798828e-01 5.343041419982910156e-01 -1.590652465820312500e-01 -4.643552005290985107e-01 9.119863510131835938e-01 4.664986133575439453e-01
1.466062217950820923e-01 -3.772150352597236633e-02 4.095724970102310181e-02 3.275218009948730469e-01 2.877539992332458496e-01 -3.396995663642883301e-01 -5.715876817703247070e-01 -3.399612307548522949e-01 -5.735045075416564941e-01 9.058525785803794861e-03 -1.250858884304761887e-03 -7.894831299781799316e-01 -1.946069747209548950e-01 2.939742207527160645e-01 -5.355104207992553711e-01 5.082032084465026855e-01 -6.952414512634277344e-01 -2.277108579874038696e-01 -1.630067080259323120e-01 3.113003671169281006e-01 7.345562577247619629e-01 7.706893086433410645e-01 2.108976244926452637e-01 -5.489917993545532227e-01 -1.025435477495193481e-01 5.930197834968566895e-01 -4.488753080368041992e-01 -7.973785400390625000e-01 5.359850525856018066e-01 -5.249905958771705627e-02 -1.196376830339431763e-01 -6.890978217124938965e-01 -1.504378300160169601e-02 2.713394463062286377e-01 -5.719459652900695801e-01 2.395540662109851837e-02 -8.158177137374877930e-02 4.049399793148040771e-01 2.437251806259155273e-01 7.412396669387817383e-01 -2.204630672931671143e-01 -6.363426893949508667e-02 -7.176519036293029785e-01 -2.328839153051376343e-02 -3.274651467800140381e-01 -2.525734156370162964e-02 3.909873589873313904e-02 -6.554049849510192871e-01 8.024762570858001709e-02 6.854780316352844238e-01 1.117892563343048096e-01 -4.697053730487823486e-01 6.856638193130493164e-01 2.580220103263854980e-01 2.319755554199218750e-01 -6.312852501869201660e-01 -6.388687491416931152e-01 4.789301156997680664e-01 -4.793064594268798828e-01 3.824894130229949951e-01 -1.059738248586654663e-01 -1.844631284475326538e-01 -4.803595244884490967e-01 -1.522686332464218140e-01
-3.176086843013763428e-01 -1.642725765705108643e-01 4.855524301528930664e-01 5.549410581588745117e-01 -2.399093210697174072e-01 -3.897011876106262207e-01 3.970463573932647705e-01 5.825047492980957031e-01 -7.484472393989562988e-01 -1.425084322690963745e-01 -1.828350126743316650e-02 -3.671932220458984375e-01 -8.492899537086486816e-01 -4.221287071704864502e-01 -4.432729780673980713e-01 -3.456941246986389160e-01 -1.615320920944213867e+00 -8.096453547477722168e-01 1.890824794769287109e+00 1.436233639717102051e+00 7.810255289077758789e-01 -6.423156708478927612e-02 -2.003886848688125610e-01 -1.245997905731201172e+00 1.951356679201126099e-01 7.548873778432607651e-03 -3.466447591781616211e-01 -5.886061191558837891e-01 -3.004064261913299561e-01 -4.663709402084350586e-01 -1.930439174175262451e-01 -1.132573932409286499e-01 6.088412404060363770e-01 1.997606456279754639e-01 8.701176643371582031e-01 -1.346377253532409668e+00 4.862511456012725830e-01 -1.083221435546875000e-01 -1.252244114875793457e-01 -4.690528810024261475e-01 4.040495157241821289e-01 2.067919522523880005e-01 -5.579141974449157715e-01 2.109629064798355103e-01 8.562448024749755859e-01 2.411521077156066895e-01 4.665551483631134033e-01 -8.117274045944213867e-01 -6.246391534805297852e-01 5.336813330650329590e-01 2.716409862041473389e-01 -7.415259629487991333e-02 -2.948776781558990479e-01 -1.190341562032699585e-01 7.777210474014282227e-01 2.783327400684356689e-01 1.816193461418151855e-01 6.178962439298629761e-02 -3.428409993648529053e-01 6.553805470466613770e-01 -4.257389605045318604e-01 1.382507532835006714e-01 9.891861677169799805e-01 4.750140011310577393e-01
7.535121440887451172e-01 4.344080090522766113e-01 8.833875060081481934e-01 -9.028022736310958862e-02 -5.707145109772682190e-02 -7.329394221305847168e-01 -5.320380330085754395e-01 -6.308656334877014160e-01 1.381934434175491333e-01 1.184940524399280548e-02 -5.500917434692382812e-01 -4.137727916240692139e-01 -8.697918653488159180e-01 -3.081382215023040771e-01 -2.473232001066207886e-01 5.873756408691406250e-01 -1.286884665489196777e+00 -1.073890551924705505e-01 9.926878213882446289e-01 2.207120358943939209e-01 7.904843091964721680e-01 2.237062156200408936e-01 1.360505819320678711e-01 -1.707949489355087280e-01 4.101338684558868408e-01 -8.972683548927307129e-01 4.706613123416900635e-01 -3.737094104290008545e-01 4.414883852005004883e-01 4.468968510627746582e-01 -4.346627891063690186e-01 2.176278680562973022e-01 -6.359432339668273926e-01 -2.083280980587005615e-01 -7.861085534095764160e-01 -5.120582580566406250e-01 -8.975236676633358002e-03 3.408506810665130615e-01 3.004481196403503418e-01 -3.014366328716278076e-01 1.998460292816162109e-01 6.772544980049133301e-02 -4.891427457332611084e-01 5.877939462661743164e-01 6.510589271783828735e-02 2.766124010086059570e-01 4.671043455600738525e-01 -4.577884972095489502e-01 -2.223829030990600586e-01 7.853226661682128906e-01 -6.501035094261169434e-01 -1.495113819837570190e-01 4.591109156608581543e-01 -1.591894030570983887e-02 -9.736220240592956543e-01 4.044554531574249268e-01 -6.029543280601501465e-01 -3.779832422733306885e-01 8.623277395963668823e-02 1.433450430631637573e-01 -1.221321374177932739e-01 4.046639502048492432e-01 -1.378954946994781494e-01 3.801422417163848877e-01
2.647240757942199707e-01 -7.114117741584777832e-01 4.458010494709014893e-01 1.713566929101943970e-01 -3.263660669326782227e-01 -3.220382034778594971e-01 -3.087916076183319092e-01 -6.440678983926773071e-02 -1.241513267159461975e-01 -4.625866413116455078e-01 -4.306203499436378479e-02 -6.800748705863952637e-01 -4.901782572269439697e-01 -1.061849743127822876e-01 -2.737721204757690430e-01 8.013617396354675293e-01 -1.028915286064147949e+00 7.196792215108871460e-02 1.563892066478729248e-01 6.267336197197437286e-03 3.176806867122650146e-01 6.340023875236511230e-01 -1.003351211547851562e-01 -4.771702587604522705e-01 -1.058194786310195923e-01 2.887290529906749725e-02 5.999729409813880920e-02 -5.406066179275512695e-01 1.419299691915512085e-01 3.630604445934295654e-01 -3.415744602680206299e-01 -6.127824261784553528e-02 -4.275324642658233643e-01 2.486991882324218750e-01 -4.564085900783538818e-01 -2.397592961788177490e-01 3.921174630522727966e-02 2.456438392400741577e-01 -2.290183007717132568e-01 -2.047048807144165039e-01 6.039815545082092285e-01 -6.508523225784301758e-01 -3.953877687454223633e-01 6.759235984645783901e-04 6.126248240470886230e-01 3.357749879360198975e-01 -5.971874594688415527e-01 -1.722454130649566650e-01 -1.779818236827850342e-01 4.781422317028045654e-01 -5.237383842468261719e-01 -4.356612265110015869e-01 3.878069818019866943e-01 1.859225332736968994e-02 -6.835205107927322388e-02 -3.724758327007293701e-01 -5.224530100822448730e-01 -4.859571158885955811e-01 3.118055164813995361e-01 5.573591589927673340e-02 -3.488237783312797546e-02 -1.050616204738616943e-01 -2.018441446125507355e-02 -1.019636765122413635e-01
3.732715845108032227e-01 -4.323424100875854492e-01 -1.806671321392059326e-01 -1.019478067755699158e-01 1.242772564291954041e-01 -4.365724027156829834e-01 -2.062400728464126587e-01 -7.952948659658432007e-02 -5.194820761680603027e-01 -3.583294153213500977e-01 1.302393674850463867e-01 -7.336942553520202637e-01 -2.514881491661071777e-01 8.698098659515380859e-01 -1.952033787965774536e-01 1.026019215583801270e+00 -6.432029604911804199e-01 -2.367113828659057617e-01 6.911662220954895020e-02 9.112661480903625488e-01 3.115157186985015869e-01 8.530660271644592285e-01 -1.270794421434402466e-01 -5.413058400154113770e-01 4.644266963005065918e-01 -3.232856094837188721e-01 -2.078679352998733521e-01 -5.487112998962402344e-01 8.166507482528686523e-01 -4.316582679748535156e-01 -3.402993679046630859e-01 -5.328363776206970215e-01 -1.680712997913360596e-01 4.486787319183349609e-01 -1.625474095344543457e-01 -3.486315011978149414e-01 3.094743192195892334e-01 9.197618067264556885e-02 -2.002525925636291504e-01 2.056166231632232666e-01 2.622685432434082031e-01 1.515080481767654419e-01 3.830349147319793701e-01 -2.234137356281280518e-01 7.146463543176651001e-02 2.071106731891632080e-01 2.392273843288421631e-01 -5.401970744132995605e-01 -1.214622259140014648e-01 4.339998066425323486e-01 -1.023038178682327271e-01 -2.245137989521026611e-01 4.272149205207824707e-01 -4.669015407562255859e-01 8.376386761665344238e-02 -9.273211359977722168e-01 -1.862133294343948364e-02 -4.586928188800811768e-01 -2.061261832714080811e-01 4.922147393226623535e-01 4.567055106163024902e-01 -1.569991745054721832e-02 2.364981025457382202e-01 1.249797269701957703e-01
5.582606792449951172e-01 -1.766629368066787720e-01 8.116574883460998535e-01 -1.433385759592056274e-01 -1.621988117694854736e-01 5.054258704185485840e-01 -9.784065186977386475e-02 1.094024628400802612e-01 2.563881576061248779e-01 -4.192513227462768555e-01 -4.687877297401428223e-01 -6.892284154891967773e-01 -8.361334800720214844e-01 -2.692702114582061768e-01 -6.327766776084899902e-01 7.672126293182373047e-01 -1.221362471580505371e+00 -1.372102499008178711e-01 -2.672291696071624756e-01 -1.422296464443206787e-01 6.519270688295364380e-02 3.994540572166442871e-01 6.288772821426391602e-01 -5.671784877777099609e-01 -5.093992948532104492e-01 3.332989513874053955e-01 -3.286926746368408203e-01 -1.648177020251750946e-02 4.265773296356201172e-01 -3.323823586106300354e-02 -3.567214012145996094e-01 4.064903035759925842e-02 -1.745439618825912476e-01 -3.637522161006927490e-01 -4.500903189182281494e-02 -8.167626857757568359e-01 8.514700829982757568e-02 3.487534821033477783e-01 -1.860683113336563110e-01 3.271773084998130798e-02 9.274638444185256958e-02 -4.505473375320434570e-01 -2.197008430957794189e-01 -1.958267092704772949e-01 1.070099949836730957e+00 -1.682257503271102905e-01 7.137518525123596191e-01 -5.317926406860351562e-01 -3.980228900909423828e-01 3.814378008246421814e-02 -5.438642501831054688e-01 -3.138752579689025879e-01 -5.894538387656211853e-02 -3.014079034328460693e-01 -5.437129139900207520e-01 6.185749918222427368e-02 -3.365698754787445068e-01 7.309837639331817627e-02 -1.261580139398574829e-01 -2.177698016166687012e-01 1.857723146677017212e-01 1.523872762918472290e-01 -1.519684121012687683e-02 3.188102841377258301e-01
2.280544042587280273e-01 -4.783321171998977661e-02 5.077393651008605957e-01 3.598143756389617920e-01 -1.158250346779823303e-01 3.132579028606414795e-01 -1.013169288635253906e-01 -7.957989722490310669e-02 -1.160517632961273193e-01 -6.521222591400146484e-01 -4.108789563179016113e-02 -5.396797060966491699e-01 -6.190146803855895996e-01 5.202569365501403809e-01 -2.185377478599548340e-01 5.491601824760437012e-01 -5.775922536849975586e-01 -2.942970097064971924e-01 1.010841354727745056e-01 -1.422314047813415527e-01 6.004265546798706055e-01 3.338883817195892334e-01 -5.524561405181884766e-01 -1.073701143264770508e+00 -1.282298117876052856e-01 -3.414591252803802490e-01 1.678774356842041016e-01 -2.455524206161499023e-01 1.951391100883483887e-01 -1.905369460582733154e-01 2.498182654380798340e-02 5.625960230827331543e-01 -1.136093512177467346e-01 -4.456123709678649902e-01 -1.027902245521545410e+00 -3.803637623786926270e-01 9.073659181594848633e-01 2.636877894401550293e-01 7.670284509658813477e-01 2.515982091426849365e-01 -1.158053725957870483e-01 -6.344967484474182129e-01 1.688706576824188232e-01 6.426771730184555054e-02 1.111209511756896973e+00 2.483176887035369873e-01 -6.408777832984924316e-01 -5.719530954957008362e-02 -2.264730185270309448e-01 5.421436429023742676e-01 -8.143437094986438751e-03 3.865085244178771973e-01 -3.207940608263015747e-02 -2.067690044641494751e-01 -2.377518117427825928e-01 -2.757975757122039795e-01 -5.793399214744567871e-01 -2.815082371234893799e-01 -9.963619709014892578e-01 9.135997295379638672e-02 4.498694539070129395e-01 4.064426422119140625e-01 -8.518093824386596680e-02 5.276942253112792969e-01
1.384820640087127686e-01 -8.310142159461975098e-01 4.231549799442291260e-02 -4.610131494700908661e-03 1.558086574077606201e-01 -8.429381996393203735e-02 1.596224755048751831e-01 -5.151056647300720215e-01 1.983729377388954163e-02 -3.434076309204101562e-01 3.426130414009094238e-01 -7.150717973709106445e-01 -2.096300125122070312e-01 9.272791743278503418e-01 -4.689375758171081543e-01 9.934755563735961914e-01 -1.081527709960937500e+00 5.824840068817138672e-02 -5.842958688735961914e-01 3.386833965778350830e-01 3.433968424797058105e-01 7.065663933753967285e-01 -1.161259249784052372e-03 -5.185801982879638672e-01 -2.431126981973648071e-01 -4.232671856880187988e-01 -5.446274876594543457e-01 -3.570475578308105469e-01 4.924943149089813232e-01 -3.052326142787933350e-01 -3.899442553520202637e-01 1.900562644004821777e-01 3.340101838111877441e-01 -1.875756233930587769e-01 -4.001499116420745850e-01 -2.102150917053222656e-01 7.938097417354583740e-02 2.250483185052871704e-01 2.529433369636535645e-02 -1.174084618687629700e-01 9.452547132968902588e-02 -2.616988308727741241e-02 1.411907821893692017e-01 7.323836535215377808e-02 2.624860405921936035e-01 3.433996438980102539e-01 3.590181767940521240e-01 -4.336281120777130127e-01 -2.334988862276077271e-01 -2.006788924336433411e-02 3.630303591489791870e-02 -1.638394445180892944e-01 -2.851627767086029053e-01 9.310480952262878418e-01 -4.805607497692108154e-01 3.907482326030731201e-02 -1.306332796812057495e-01 2.954818606376647949e-01 -5.757014751434326172e-01 2.097833156585693359e-02 -1.359925568103790283e-01 2.156810909509658813e-01 3.273771405220031738e-01 4.181973040103912354e-01
3.686011731624603271e-01 -5.106135085225105286e-02 1.260455101728439331e-01 -7.029329985380172729e-02 -1.362312883138656616e-01 -1.621114164590835571e-01 -4.938074946403503418e-01 -4.349514245986938477e-01 1.939474642276763916e-01 -2.087101042270660400e-01 3.263609409332275391e-01 -5.781306624412536621e-01 -8.867182731628417969e-01 -1.450992077589035034e-01 1.370081603527069092e-01 3.260331749916076660e-01 -8.951031565666198730e-01 8.998125558719038963e-04 4.357600584626197815e-03 -1.157658323645591736e-01 1.014659047126770020e+00 6.003014445304870605e-01 -3.004565238952636719e-01 -1.524495929479598999e-01 -2.373342514038085938e-01 3.019787967205047607e-01 -1.464717984199523926e-01 -6.719338893890380859e-01 9.390939772129058838e-02 -7.993253320455551147e-02 -1.400202363729476929e-01 -4.387058615684509277e-01 -5.059738755226135254e-01 6.841159462928771973e-01 -2.626554965972900391e-01 -3.977974951267242432e-01 -7.135105133056640625e-02 -3.417664766311645508e-01 -8.538600206375122070e-01 2.201424837112426758e-01 5.828028321266174316e-01 -4.498430490493774414e-01 -6.668000817298889160e-01 -5.056021735072135925e-02 6.708288788795471191e-01 3.158659934997558594e-01 -2.153575867414474487e-01 -7.679725289344787598e-01 2.018479257822036743e-01 4.583553969860076904e-01 2.426566779613494873e-01 5.790135860443115234e-01 6.201068162918090820e-01 1.101471781730651855e-01 2.415462583303451538e-01 -7.966306991875171661e-03 -5.509546026587486267e-02 3.727450966835021973e-01 -6.350023150444030762e-01 4.583793282508850098e-01 -5.777081847190856934e-01 -1.511217802762985229e-01 -1.068760529160499573e-01 -4.115006923675537109e-01
-1.712991744279861450e-01 -4.877033829689025879e-01 2.924863398075103760e-01 -1.032082661986351013e-01 -1.428575161844491959e-02 -4.830879867076873779e-01 -3.897063434123992920e-01 -1.547060310840606689e-01 -4.871819317340850830e-01 2.212580591440200806e-01 2.787056267261505127e-01 -6.937560439109802246e-01 -6.271586418151855469e-01 -2.001756727695465088e-01 1.198635250329971313e-01 2.356131076812744141e-01 -1.157719135284423828e+00 3.508832752704620361e-01 2.603873312473297119e-01 1.702581197023391724e-01 8.313964605331420898e-01 1.208276629447937012e+00 -5.555566027760505676e-02 -5.075430274009704590e-01 1.487347930669784546e-01 3.216098248958587646e-01 -2.422163933515548706e-01 -2.942559421062469482e-01 -5.923951539443805814e-05 1.933176219463348389e-01 -1.821854412555694580e-01 -7.032437324523925781e-01 4.152644872665405273e-01 3.851976394653320312e-01 -1.249574571847915649e-01 -6.161496639251708984e-01 2.606009542942047119e-01 -6.971475481986999512e-02 -6.416697800159454346e-02 3.419301807880401611e-01 -4.735930263996124268e-01 -1.526474505662918091e-01 -6.842099875211715698e-02 -1.142499148845672607e-01 -1.257522255182266235e-01 1.670452058315277100e-01 -1.894098334014415741e-02 -6.175047159194946289e-01 -3.093326687812805176e-01 -1.564454436302185059e-01 1.555349379777908325e-01 -4.764647781848907471e-01 1.197170734405517578e+00 2.633903026580810547e-01 4.169513285160064697e-01 1.952311098575592041e-01 -4.802328944206237793e-01 -2.754568122327327728e-03 -1.062033295631408691e+00 9.764212369918823242e-01 -2.486501038074493408e-01 -1.689037531614303589e-01 2.118906229734420776e-01 1.578176170587539673e-01
5.140066146850585938e-01 -6.507762074470520020e-01 8.765397667884826660e-01 -1.684537678956985474e-01 3.991486132144927979e-01 4.862248003482818604e-01 2.812472581863403320e-01 -3.350573480129241943e-01 -1.778638213872909546e-01 -6.778197884559631348e-01 -1.401271112263202667e-02 3.939420729875564575e-02 -1.302332878112792969e-01 -2.593014240264892578e-01 -6.399940848350524902e-01 3.270457088947296143e-01 -5.636688470840454102e-01 2.583596110343933105e-01 1.048280578106641769e-02 7.718670368194580078e-01 5.786835551261901855e-01 7.880346179008483887e-01 3.065709471702575684e-01 -6.712892651557922363e-01 6.053974479436874390e-02 2.222759723663330078e-01 -1.873261034488677979e-01 -2.466885000467300415e-01 4.869342148303985596e-01 -5.211364626884460449e-01 -3.118667006492614746e-01 1.548098921775817871e-01 -1.798201352357864380e-01 -1.408835053443908691e-01 -3.789710700511932373e-01 -2.275930941104888916e-01 -4.378677308559417725e-01 3.868522644042968750e-01 -1.146339029073715210e-01 -2.464046478271484375e-01 -2.535171508789062500e-01 -6.856243312358856201e-02 4.132578149437904358e-02 8.699556440114974976e-02 4.982378780841827393e-01 -2.016286402940750122e-01 2.670705318450927734e-01 1.292529795318841934e-02 -4.338178932666778564e-01 7.686971873044967651e-02 -6.559062749147415161e-02 -3.654552698135375977e-01 -5.205462574958801270e-01 1.784020103514194489e-02 -5.378597974777221680e-01 2.819704711437225342e-01 1.268823146820068359e-01 2.464106306433677673e-02 -4.078190624713897705e-01 3.122262358665466309e-01 8.675275743007659912e-02 6.535499095916748047e-01 1.886647343635559082e-01 2.622408792376518250e-02
-3.720920383930206299e-01 1.303936690092086792e-01 4.384115040302276611e-01 6.540196537971496582e-01 -8.070114254951477051e-02 2.893167734146118164e-02 1.488170623779296875e-01 -3.205088675022125244e-01 -3.492770493030548096e-01 -4.806052148342132568e-01 4.980239272117614746e-01 -6.364184617996215820e-01 -9.996790289878845215e-01 -1.489429920911788940e-01 -5.826296806335449219e-01 4.908739589154720306e-03 1.485269237309694290e-02 -2.215853482484817505e-01 1.049912422895431519e-01 2.352494895458221436e-01 5.402667522430419922e-01 3.321287035942077637e-01 -2.483027614653110504e-02 -9.949451088905334473e-01 5.678349733352661133e-01 3.570016920566558838e-01 -2.395454980432987213e-02 -8.038213104009628296e-02 -1.076506227254867554e-01 4.317593276500701904e-01 -2.436143457889556885e-01 -2.460383027791976929e-01 -4.526802897453308105e-02 2.758182883262634277e-01 -2.896406054496765137e-01 -9.166613221168518066e-01 -1.833221130073070526e-02 -4.342835545539855957e-01 4.347629845142364502e-01 -3.512563407421112061e-01 -1.946343630552291870e-01 2.289914339780807495e-02 3.967168629169464111e-01 -4.668776690959930420e-01 1.700835376977920532e-01 -3.670532107353210449e-01 -1.321345120668411255e-01 -4.679201841354370117e-01 5.236132740974426270e-01 3.305209577083587646e-01 5.510246157646179199e-01 -8.024817109107971191e-01 1.053506374359130859e+00 2.504332661628723145e-01 3.945318758487701416e-01 7.340958714485168457e-01 -2.404631674289703369e-01 6.623992323875427246e-01 -1.151719212532043457e+00 6.012818962335586548e-02 -6.425532698631286621e-01 -5.620879679918289185e-02 3.969494719058275223e-03 4.463073015213012695e-01
3.060420751571655273e-01 -2.366370707750320435e-01 1.779853552579879761e-01 -4.920912384986877441e-01 5.142180323600769043e-01 -3.588527441024780273e-01 5.306246876716613770e-01 2.547266483306884766e-01 -3.345607817173004150e-01 -7.551191002130508423e-02 1.801246255636215210e-01 -2.171944677829742432e-01 -6.652761101722717285e-01 4.919789135456085205e-01 -2.085590809583663940e-01 8.413908481597900391e-01 1.843773722648620605e-01 -1.675913482904434204e-01 2.092914730310440063e-01 5.276783704757690430e-01 1.259004592895507812e+00 7.657564878463745117e-01 3.490988314151763916e-01 -1.324460059404373169e-01 -4.072207510471343994e-01 -2.919132113456726074e-01 1.344969719648361206e-01 -1.103397551923990250e-02 4.600785970687866211e-01 -8.925183415412902832e-01 -1.532860994338989258e-01 -2.759576141834259033e-01 3.390848040580749512e-01 -1.292751729488372803e-01 -9.961915016174316406e-02 -3.141508698463439941e-01 4.203838855028152466e-02 -1.604376733303070068e-01 2.018892467021942139e-01 -5.793929696083068848e-01 7.733095884323120117e-01 5.893482565879821777e-01 6.182377934455871582e-01 -9.413918107748031616e-02 6.960789859294891357e-02 2.361818999052047729e-01 5.272863507270812988e-01 -9.440311789512634277e-01 -1.930284798145294189e-01 3.221596479415893555e-01 2.033990323543548584e-01 -1.522111743688583374e-01 9.961067885160446167e-02 -6.377987265586853027e-01 5.095103979110717773e-01 -1.950529366731643677e-01 -4.578991830348968506e-01 -7.475793957710266113e-01 -2.691021859645843506e-01 5.153920054435729980e-01 -3.933924436569213867e-02 2.435234747827053070e-02 8.243472315371036530e-03 2.894808351993560791e-01
-1.984584629535675049e-01 5.425333380699157715e-01 8.735168576240539551e-01 5.146926045417785645e-01 -8.090947568416595459e-02 4.834867268800735474e-02 3.678607940673828125e-01 5.664436817169189453e-01 -3.298774659633636475e-01 2.304826974868774414e-01 -9.801293164491653442e-02 -1.289404153823852539e+00 -4.246245920658111572e-01 -2.469154298305511475e-01 -2.417367249727249146e-01 1.038006320595741272e-01 -1.178276985883712769e-01 8.304807543754577637e-02 7.435638308525085449e-01 2.853182852268218994e-01 3.093946576118469238e-01 8.154167532920837402e-01 2.908163517713546753e-02 -3.274348974227905273e-01 1.722836121916770935e-02 -4.719047248363494873e-01 -1.029338613152503967e-01 3.335617184638977051e-01 -1.818709075450897217e-02 4.641112685203552246e-02 1.250844448804855347e-01 2.659400999546051025e-01 -3.553465008735656738e-01 -7.842659950256347656e-01 -6.368765234947204590e-01 -1.967354118824005127e-01 -9.184762835502624512e-02 2.238410152494907379e-02 1.249147579073905945e-01 4.427168965339660645e-01 7.940844297409057617e-01 -2.296973615884780884e-01 -1.355701498687267303e-02 2.742307484149932861e-01 -4.152165651321411133e-01 2.392619699239730835e-01 6.042364835739135742e-01 -4.946740269660949707e-01 -5.765088200569152832e-01 5.060983300209045410e-01 4.956630170345306396e-01 4.018769562244415283e-01 -7.894188165664672852e-02 5.974636673927307129e-01 6.269612312316894531e-01 -9.134662747383117676e-01 1.595574617385864258e-01 3.736050724983215332e-01 -1.104895845055580139e-01 3.507685363292694092e-01 -6.448927521705627441e-01 4.787868261337280273e-01 8.978925347328186035e-01 4.601949155330657959e-01
2.417944222688674927e-01 6.625113487243652344e-01 1.208992719650268555e+00 3.932594358921051025e-01 1.529216319322586060e-01 4.990423023700714111e-01 -6.772515177726745605e-02 -8.956585824489593506e-02 -2.035326063632965088e-01 4.557723402976989746e-01 -4.828851521015167236e-01 -3.438783586025238037e-01 -6.511451005935668945e-01 1.597766876220703125e-01 -4.836987331509590149e-02 8.564805984497070312e-01 -9.728014469146728516e-01 5.225127339363098145e-01 7.860077023506164551e-01 4.977928400039672852e-01 1.229716897010803223e+00 -2.453128546476364136e-01 -1.863603740930557251e-01 3.004907667636871338e-01 3.980742692947387695e-01 -9.588724933564662933e-03 -2.477658987045288086e-01 1.183565139770507812e+00 6.753247380256652832e-01 -1.053850293159484863e+00 6.585553884506225586e-01 2.375877089798450470e-02 2.682222425937652588e-01 1.451560258865356445e-01 2.913307845592498779e-01 -1.261060088872909546e-01 -1.104933321475982666e-01 3.816811367869377136e-02 3.230327367782592773e-01 4.013238474726676941e-02 2.937824130058288574e-01 -2.295642048120498657e-01 -4.411836266517639160e-01 3.451430201530456543e-01 -1.334487795829772949e-01 -2.354977577924728394e-01 -4.620145261287689209e-01 -4.152776598930358887e-01 -5.232617259025573730e-01 -1.098292097449302673e-01 8.110897541046142578e-01 -1.901894360780715942e-01 1.616327315568923950e-01 1.945189982652664185e-01 5.685253143310546875e-01 -4.814763963222503662e-01 1.186231374740600586e-01 -5.569476634263992310e-02 -9.165428876876831055e-01 7.068808674812316895e-01 -1.319836676120758057e-01 -4.201848506927490234e-01 8.042290210723876953e-01 5.484009385108947754e-01
7.327825427055358887e-01 2.240132838487625122e-01 1.103074669837951660e+00 -6.352640390396118164e-01 -3.944435417652130127e-01 -2.657893896102905273e-01 2.485778182744979858e-01 1.786847412586212158e-01 -3.510189354419708252e-01 -3.715211451053619385e-01 -8.538933843374252319e-02 -1.149907469749450684e+00 -2.712137103080749512e-01 3.518842905759811401e-02 -1.744299381971359253e-01 4.405878111720085144e-02 -4.678090289235115051e-02 3.125116229057312012e-01 1.323571085929870605e+00 7.280117273330688477e-02 6.687936782836914062e-01 2.058537602424621582e-01 -3.494631350040435791e-01 -8.503959774971008301e-01 -1.485769152641296387e-01 2.670264244079589844e-01 3.895039558410644531e-01 -6.480156183242797852e-01 -1.616203635931015015e-01 -1.465871632099151611e-01 1.051490604877471924e-01 -3.755601346492767334e-01 5.577359199523925781e-01 3.113501332700252533e-02 4.813154339790344238e-01 -2.522723004221916199e-02 -2.705493867397308350e-01 1.261543393135070801e+00 -3.342255949974060059e-01 -6.908932328224182129e-01 7.341737151145935059e-01 -4.295579195022583008e-01 -3.287874162197113037e-01 1.109497472643852234e-01 2.983799874782562256e-01 -8.846737742424011230e-01 4.122962951660156250e-01 -7.697092294692993164e-01 -5.935270786285400391e-01 4.339618086814880371e-01 1.152846097946166992e+00 -9.358175396919250488e-01 -1.429499872028827667e-02 -5.472408533096313477e-01 6.868532299995422363e-01 -1.543823778629302979e-01 -2.368868291378021240e-01 3.872925341129302979e-01 -9.578370451927185059e-01 1.180376172065734863e+00 -9.830414503812789917e-02 1.093754410743713379e+00 1.223005875945091248e-01 6.284485459327697754e-01
2.331857085227966309e-01 2.869184017181396484e-01 1.470085501670837402e+00 3.033399283885955811e-01 5.358041822910308838e-02 -6.620063185691833496e-01 5.104539394378662109e-01 5.410595536231994629e-01 -7.276581525802612305e-01 3.354483842849731445e-01 -1.541144251823425293e-01 -7.030726671218872070e-01 -6.415706276893615723e-01 -3.935664594173431396e-01 4.369699656963348389e-01 -3.357428684830665588e-02 -5.259545445442199707e-01 -8.424220085144042969e-01 5.366845726966857910e-01 -5.425377190113067627e-02 3.903003334999084473e-01 4.963455796241760254e-01 -4.395608603954315186e-02 -4.491336643695831299e-01 -1.700067818164825439e-01 8.187713474035263062e-02 -1.391568630933761597e-01 -3.487296104431152344e-01 3.087246119976043701e-01 -2.513517141342163086e-01 1.065179467201232910e+00 5.580637454986572266e-01 -7.365075349807739258e-01 -7.231808304786682129e-01 5.563280582427978516e-01 -5.390049219131469727e-01 3.945093154907226562e-01 6.327386498451232910e-01 -1.365105658769607544e-01 -1.727778762578964233e-01 3.860468566417694092e-01 6.335011720657348633e-01 -2.401583641767501831e-01 -4.782418012619018555e-01 -1.712426543235778809e-01 -2.256157845258712769e-01 3.459522128105163574e-01 -1.698756456375122070e+00 -8.197863698005676270e-01 3.779766261577606201e-01 8.923134207725524902e-02 -5.599195957183837891e-01 3.823202252388000488e-01 3.881026208400726318e-01 -2.912192046642303467e-01 -3.260737061500549316e-01 6.631022691726684570e-01 -4.408797025680541992e-01 -1.047598123550415039e+00 9.398754239082336426e-01 -9.576655626296997070e-01 5.374538302421569824e-01 2.381120175123214722e-01 6.817917823791503906e-01
2.079335898160934448e-01 8.006653785705566406e-01 1.005041956901550293e+00 1.966940462589263916e-01 3.845610320568084717e-01 -2.278812676668167114e-01 -1.648449748754501343e-01 6.110047101974487305e-01 -4.042871594429016113e-01 -1.406478136777877808e-01 -3.212926387786865234e-01 -8.865064978599548340e-01 -6.795647144317626953e-01 5.969316363334655762e-01 6.302759051322937012e-02 -7.812550663948059082e-01 -1.569799661636352539e+00 -2.014920562505722046e-01 8.948369026184082031e-01 -4.272345602512359619e-01 1.609604120254516602e+00 -5.603808909654617310e-02 -1.458225995302200317e-01 -8.144796490669250488e-01 -6.470165252685546875e-01 1.889588981866836548e-01 4.254161119461059570e-01 3.362191915512084961e-01 1.989548057317733765e-01 3.423321619629859924e-02 -1.006436869502067566e-01 -3.343128561973571777e-01 -3.704041242599487305e-01 1.255040168762207031e-01 1.852419078350067139e-01 -4.628317654132843018e-01 3.157123029232025146e-01 9.771679639816284180e-01 1.878476738929748535e-01 5.838479846715927124e-02 2.771655842661857605e-02 6.520012021064758301e-01 -3.095667958259582520e-01 3.522448837757110596e-01 2.833927571773529053e-01 7.988958954811096191e-01 6.814836263656616211e-01 -1.250748515129089355e+00 -3.032000958919525146e-01 2.431523948907852173e-01 1.321078538894653320e-01 -4.941712319850921631e-01 -1.854348033666610718e-01 5.296455025672912598e-01 7.925580739974975586e-01 3.331419825553894043e-01 -7.579883933067321777e-01 5.978235602378845215e-01 -1.032007575035095215e+00 3.470175564289093018e-01 -4.010835587978363037e-01 8.568242788314819336e-01 8.163044452667236328e-01 4.204981327056884766e-01
3.243996500968933105e-01 -9.803141653537750244e-02 1.486163616180419922e+00 2.550975978374481201e-01 -1.123277237638831139e-03 -5.821393057703971863e-02 1.179192811250686646e-01 1.546829789876937866e-01 -4.144191741943359375e-01 9.035546332597732544e-02 -2.872864902019500732e-01 -6.905558705329895020e-01 -1.563122421503067017e-01 -1.590703129768371582e-01 1.534867938607931137e-02 5.302525758743286133e-01 4.543092474341392517e-02 -5.762044191360473633e-01 3.269670903682708740e-01 2.760303206741809845e-02 8.190917223691940308e-02 4.613689780235290527e-01 3.832238614559173584e-01 -2.105883210897445679e-01 -1.421218216419219971e-01 -5.352243185043334961e-01 -3.858013749122619629e-01 5.490590333938598633e-01 -2.953937053680419922e-01 -5.858231186866760254e-01 8.026475310325622559e-01 2.813804745674133301e-01 -3.393014073371887207e-01 -8.753075003623962402e-01 -3.505954742431640625e-01 -3.794679343700408936e-01 2.407337725162506104e-01 6.237590685486793518e-02 -8.328511565923690796e-02 5.102195739746093750e-01 7.370037436485290527e-01 2.134784460067749023e-01 -1.261737197637557983e-01 -8.252649903297424316e-01 -2.396785914897918701e-01 -2.061092704534530640e-01 5.826687812805175781e-01 -2.672145068645477295e-01 -4.014714062213897705e-01 4.888972640037536621e-01 6.822306513786315918e-01 -2.639371156692504883e-01 1.390920877456665039e-01 -9.782609343528747559e-02 2.621581554412841797e-01 -3.775519132614135742e-01 7.891919016838073730e-01 -1.282318979501724243e-01 -6.706637740135192871e-01 6.382042169570922852e-01 -4.243583083152770996e-01 2.015042752027511597e-01 5.445013046264648438e-01 2.863968014717102051e-01
6.304916143417358398e-01 1.135853767395019531e+00 1.159746170043945312e+00 6.483864784240722656e-01 3.447972238063812256e-01 3.985428214073181152e-01 7.851155847311019897e-02 5.006195902824401855e-01 -2.852638661861419678e-01 -9.953197836875915527e-02 8.396051526069641113e-01 -1.039773225784301758e+00 -7.055913805961608887e-01 -3.954689800739288330e-01 -4.551331102848052979e-01 6.070425510406494141e-01 3.552668914198875427e-02 -4.118278622627258301e-01 1.090347766876220703e+00 3.291856646537780762e-01 1.160625576972961426e+00 2.615293562412261963e-01 3.942963480949401855e-01 2.817269228398799896e-02 -1.500361859798431396e-01 -7.100706696510314941e-01 -2.025600373744964600e-01 2.546601891517639160e-01 -1.729580760002136230e-01 -4.728229045867919922e-01 4.416987001895904541e-01 -4.423179328441619873e-01 2.056151628494262695e-01 -9.627390652894973755e-03 9.483827650547027588e-02 -7.756344079971313477e-01 5.143771171569824219e-01 6.305405497550964355e-02 -2.281517088413238525e-01 7.867958545684814453e-01 8.386284112930297852e-02 4.190936088562011719e-01 -1.225178837776184082e-01 -2.829866111278533936e-01 -3.647424280643463135e-01 -1.261343806982040405e-02 -4.437940418720245361e-01 -1.751480698585510254e-01 -8.818121552467346191e-01 3.205925226211547852e-01 3.674968481063842773e-01 -2.809224426746368408e-01 1.035308390855789185e-01 -5.280239582061767578e-01 -6.903081201016902924e-03 -3.743542432785034180e-01 -2.087960243225097656e-01 -1.906532049179077148e-01 2.186234742403030396e-01 7.429777383804321289e-01 9.351219981908798218e-02 -9.592781215906143188e-02 5.874664783477783203e-01 3.215085864067077637e-01
-4.238432943820953369e-01 1.048698544502258301e+00 -1.454093754291534424e-01 6.021431088447570801e-01 -5.685129165649414062e-01 -3.973757922649383545e-01 5.361543595790863037e-02 -8.133215904235839844e-01 -7.108495235443115234e-01 -5.339882969856262207e-01 1.017282009124755859e+00 -3.069452643394470215e-01 -4.046234190464019775e-01 5.582435727119445801e-01 -4.448668062686920166e-01 -1.950428821146488190e-02 -3.782200217247009277e-01 -4.774603247642517090e-01 1.286072015762329102e+00 8.677561879158020020e-01 7.284902930259704590e-01 8.496143221855163574e-01 1.943121552467346191e-01 -8.141999840736389160e-01 -1.828758716583251953e-01 3.933311998844146729e-01 2.433420121669769287e-01 1.039650589227676392e-01 4.281415939331054688e-01 -5.852213501930236816e-01 2.786418497562408447e-01 -3.800171017646789551e-01 7.817964255809783936e-02 -2.887192964553833008e-01 -3.118033148348331451e-02 -3.365024225786328316e-03 1.159290671348571777e-01 -4.672821611166000366e-02 -3.382540345191955566e-01 1.224807351827621460e-01 4.473250210285186768e-01 -9.300513193011283875e-03 1.970672607421875000e-02 2.716393470764160156e-01 1.178215026855468750e+00 5.095893740653991699e-01 2.461406737565994263e-01 -9.160407185554504395e-01 -7.743217349052429199e-01 4.897198975086212158e-01 -5.482223629951477051e-01 -4.311120510101318359e-01 3.852524235844612122e-02 -2.206888049840927124e-01 -9.117460250854492188e-02 -7.200890779495239258e-01 -8.854123353958129883e-01 6.691049337387084961e-01 -1.092600107192993164e+00 5.000950098037719727e-01 -3.389700353145599365e-01 3.334144055843353271e-01 9.832808375358581543e-02 2.901033759117126465e-01
3.800657987594604492e-01 3.194859325885772705e-01 1.597615599632263184e+00 -1.873691231012344360e-01 -3.333713114261627197e-02 -1.744283288717269897e-01 -4.256890714168548584e-02 6.154649853706359863e-01 -4.923597276210784912e-01 3.711871057748794556e-02 4.112768769264221191e-01 -5.713972449302673340e-01 -2.881196737289428711e-01 -2.131613492965698242e-01 -5.739415884017944336e-01 6.247627139091491699e-01 7.446750253438949585e-02 3.740414977073669434e-01 4.591493904590606689e-01 2.528593242168426514e-01 2.032745480537414551e-01 6.470223665237426758e-01 2.155932225286960602e-02 -1.766740679740905762e-01 -3.270290791988372803e-01 -2.180697470903396606e-01 -5.701963901519775391e-01 6.988728642463684082e-01 -1.798054426908493042e-01 -5.111488103866577148e-01 2.240329980850219727e-01 5.387356877326965332e-01 -1.232006996870040894e-01 -4.059733152389526367e-01 -2.723251581192016602e-01 -2.094655185937881470e-01 2.288143932819366455e-01 -2.230814248323440552e-01 -3.706687092781066895e-01 -4.750358462333679199e-01 -1.881231963634490967e-01 6.068789958953857422e-01 1.049413066357374191e-02 -8.344498276710510254e-02 -1.749177873134613037e-01 -8.276252150535583496e-01 4.333636462688446045e-01 -5.406077504158020020e-01 4.516362398862838745e-02 2.526720762252807617e-01 8.493986725807189941e-01 -3.320314884185791016e-01 -2.827746868133544922e-01 6.865452509373426437e-03 1.148405596613883972e-01 -7.218120098114013672e-01 1.492659151554107666e-01 -6.653784308582544327e-03 -7.731526494026184082e-01 2.381570339202880859e-01 3.503998816013336182e-01 6.790444254875183105e-01 4.489322602748870850e-01 -3.914120197296142578e-01
8.231245875358581543e-01 2.151700109243392944e-01 1.018779158592224121e+00 3.651032745838165283e-01 -3.742732852697372437e-02 5.468220710754394531e-01 8.205451816320419312e-02 3.060976564884185791e-01 -3.735876381397247314e-01 3.811040369328111410e-05 1.769546121358871460e-01 -7.710641622543334961e-01 -5.631353855133056641e-01 3.514168560504913330e-01 -1.767639815807342529e-01 4.664453268051147461e-01 4.316515102982521057e-02 -5.346506834030151367e-01 4.117299020290374756e-01 9.700455516576766968e-02 6.801967620849609375e-01 9.257706999778747559e-02 6.906813383102416992e-01 -3.355799317359924316e-01 -4.699347913265228271e-01 -3.550046682357788086e-01 9.400444477796554565e-02 1.775895953178405762e-01 -7.329779118299484253e-02 -7.271374464035034180e-01 1.125914230942726135e-01 -5.940533280372619629e-01 1.028787642717361450e-01 -1.982048749923706055e-01 1.869084089994430542e-01 -7.300068140029907227e-01 7.212009429931640625e-01 -3.022929430007934570e-01 -2.695546150207519531e-01 4.787266254425048828e-01 1.286284089088439941e+00 7.209972143173217773e-01 6.327041983604431152e-02 -3.825640678405761719e-01 -4.199593961238861084e-01 -4.865173250436782837e-02 2.791244387626647949e-01 -8.322013020515441895e-01 -1.042963147163391113e+00 5.391044542193412781e-02 4.383143782615661621e-02 -4.814613759517669678e-01 -1.310088336467742920e-01 -2.424372881650924683e-01 5.548245310783386230e-01 -9.995774924755096436e-02 8.923850953578948975e-02 -6.642829179763793945e-01 -1.215839907526969910e-01 3.718488216400146484e-01 -2.819908261299133301e-01 2.875801026821136475e-01 4.405865371227264404e-01 3.917210102081298828e-01
-3.008747100830078125e-02 3.237808644771575928e-01 1.150415182113647461e+00 2.729256451129913330e-01 2.212354093790054321e-01 7.157146930694580078e-01 6.548060178756713867e-01 4.284000694751739502e-01 -5.890221595764160156e-01 5.197209119796752930e-01 6.522585749626159668e-01 -3.406918644905090332e-01 -7.873377799987792969e-01 8.168884366750717163e-02 9.286963380873203278e-03 -5.186201632022857666e-02 -9.617737531661987305e-01 3.176139667630195618e-02 1.786421179771423340e+00 -1.781697720289230347e-01 1.057559251785278320e+00 5.480902791023254395e-01 -8.036023378372192383e-01 -1.037673473358154297e+00 -5.054621696472167969e-01 1.507517844438552856e-01 -2.124350666999816895e-01 9.109243750572204590e-03 5.082470178604125977e-01 -1.256785094738006592e-01 -1.353729069232940674e-01 -2.834093570709228516e-01 -1.560093760490417480e-01 -7.262091636657714844e-01 9.415230751037597656e-01 -9.721571207046508789e-01 1.476463377475738525e-01 1.233916997909545898e+00 7.216296792030334473e-01 3.692861646413803101e-02 3.304639160633087158e-01 -2.460695654153823853e-01 -2.533707916736602783e-01 8.485785126686096191e-01 5.829007029533386230e-01 3.139275610446929932e-01 2.243485897779464722e-01 -4.989806115627288818e-01 -1.067980170249938965e+00 9.544837474822998047e-01 6.799325346946716309e-01 -3.607474267482757568e-01 3.215320110321044922e-01 -1.704184859991073608e-01 5.607727449387311935e-03 5.892083048820495605e-02 1.004212051630020142e-01 2.278102785348892212e-01 -4.012282490730285645e-01 7.008537054061889648e-01 -4.925996363162994385e-01 1.451681703329086304e-01 2.157512903213500977e-01 -5.197304487228393555e-01
-1.566195487976074219e-02 2.421566694974899292e-01 1.042419433593750000e+00 3.799309730529785156e-01 4.374655187129974365e-01 -1.918901950120925903e-01 2.631271183490753174e-01 1.095767095685005188e-01 -1.055203080177307129e+00 -1.788830757141113281e-01 6.885239481925964355e-02 -1.362155437469482422e+00 9.355136752128601074e-02 -8.793010711669921875e-01 -1.680076122283935547e-01 2.463907301425933838e-01 -8.150214701890945435e-02 -7.675302773714065552e-02 1.241155743598937988e+00 7.221798896789550781e-01 7.848110198974609375e-01 5.198737382888793945e-01 5.226227641105651855e-02 1.247510835528373718e-01 -3.236688077449798584e-01 -1.935084313154220581e-01 -5.904689431190490723e-02 1.934501081705093384e-01 -1.535163968801498413e-01 3.508622348308563232e-01 5.151235461235046387e-01 -3.585256636142730713e-01 -5.634366273880004883e-01 -2.988490760326385498e-01 -1.176731064915657043e-01 -8.018697500228881836e-01 -1.047496348619461060e-01 -6.526430696249008179e-02 1.479647457599639893e-01 4.425272941589355469e-01 -4.896036349236965179e-03 -4.887807965278625488e-01 1.475160717964172363e-01 4.069501459598541260e-01 9.527911245822906494e-02 1.955778896808624268e-01 5.941137075424194336e-01 -7.935624718666076660e-01 -4.939105510711669922e-01 1.515212953090667725e-01 9.360375404357910156e-01 3.779102563858032227e-01 -1.634436845779418945e-01 4.534483253955841064e-01 4.834582507610321045e-01 -9.768909215927124023e-01 -5.768433213233947754e-01 3.120613992214202881e-01 -4.296066239476203918e-02 1.142203211784362793e-01 -7.591368556022644043e-01 6.811640262603759766e-01 5.144348740577697754e-01 3.096704483032226562e-01
5.765811204910278320e-01 5.264880657196044922e-01 6.468001008033752441e-01 6.789374351501464844e-01 -2.164449989795684814e-01 4.752519726753234863e-01 1.335271149873733521e-01 -2.720147967338562012e-01 1.161222010850906372e-01 7.990235090255737305e-02 -3.502999842166900635e-01 -4.877955019474029541e-01 -5.743553042411804199e-01 -1.860933452844619751e-01 1.757544875144958496e-01 2.113718241453170776e-01 -7.304480671882629395e-01 4.944636523723602295e-01 1.077870726585388184e+00 2.645350694656372070e-01 7.438755035400390625e-01 -1.361345052719116211e-01 7.360600680112838745e-02 -1.172967478632926941e-01 7.736242562532424927e-02 -1.757285892963409424e-01 1.833869703114032745e-02 1.133456826210021973e-01 9.858462959527969360e-02 -8.567776679992675781e-01 3.884097337722778320e-01 -5.842427909374237061e-02 3.274043798446655273e-01 -1.060749813914299011e-01 5.012369900941848755e-02 1.055722683668136597e-01 -3.780393600463867188e-01 6.861213445663452148e-01 -2.356969416141510010e-01 3.005387447774410248e-02 6.996114253997802734e-01 5.324807167053222656e-01 -1.062697842717170715e-01 -2.007063329219818115e-01 -2.564708590507507324e-01 -5.589151978492736816e-01 -2.322342991828918457e-01 -7.050271630287170410e-01 -1.587796062231063843e-01 1.160208657383918762e-01 8.495449423789978027e-01 5.732141435146331787e-03 4.835411608219146729e-01 -1.628780514001846313e-01 2.950025498867034912e-01 -6.751883625984191895e-01 -1.762352734804153442e-01 4.567686468362808228e-02 -8.375208973884582520e-01 7.469797730445861816e-01 -6.490023806691169739e-03 1.674094349145889282e-01 1.407891035079956055e+00 9.077168703079223633e-01
4.063486456871032715e-01 1.022649288177490234e+00 1.843991994857788086e+00 6.135202050209045410e-01 -2.582844793796539307e-01 7.808420807123184204e-02 2.715170085430145264e-01 4.447313249111175537e-01 -7.365764379501342773e-01 1.316201873123645782e-02 5.627838373184204102e-01 -7.201299071311950684e-01 -7.635167241096496582e-01 -1.249515265226364136e-01 -1.137808933854103088e-01 8.880581855773925781e-01 -2.329267412424087524e-01 -1.094523072242736816e-01 6.707299947738647461e-01 -2.232913374900817871e-01 1.203854560852050781e+00 -2.464940771460533142e-02 -2.486379295587539673e-01 -2.265240103006362915e-01 -1.009578108787536621e-01 -5.031943917274475098e-01 -4.689667522907257080e-01 9.881463646888732910e-01 -2.873206324875354767e-02 -8.455452322959899902e-01 1.536195427179336548e-01 5.097388029098510742e-01 8.407776476815342903e-04 -3.039506077766418457e-01 -1.457505524158477783e-01 1.059314012527465820e-01 3.552606105804443359e-01 -4.069061875343322754e-01 -3.093438744544982910e-01 -5.221154540777206421e-02 -1.705542057752609253e-01 -2.987438440322875977e-02 -4.107234477996826172e-01 1.890864074230194092e-01 -4.842945337295532227e-01 -7.506810128688812256e-02 -3.096440993249416351e-02 -4.996394515037536621e-01 -4.642951786518096924e-01 -2.978577017784118652e-01 3.145188093185424805e-01 -3.440306782722473145e-01 -2.934405803680419922e-01 -2.410844415426254272e-01 4.772193133831024170e-01 -1.382162272930145264e-01 2.890009880065917969e-01 -2.015040367841720581e-01 -9.862203598022460938e-01 5.655967593193054199e-01 1.260369569063186646e-01 -4.784252494573593140e-02 4.435213208198547363e-01 -1.312994658946990967e-01
1.654301285743713379e-01 6.361072063446044922e-01 1.122815370559692383e+00 5.310879945755004883e-01 -5.807831287384033203e-01 -1.471412032842636108e-01 6.534875631332397461e-01 7.665256261825561523e-01 -7.221220135688781738e-01 -4.530545696616172791e-02 2.632820904254913330e-01 -4.998810589313507080e-01 -8.431599736213684082e-01 2.003916352987289429e-01 -4.602464437484741211e-01 5.673364996910095215e-01 -3.200723826885223389e-01 -2.682131901383399963e-02 2.648805081844329834e-01 1.027714982628822327e-01 1.030375599861145020e+00 2.329034805297851562e-01 4.117517173290252686e-01 -8.343634009361267090e-02 1.698349565267562866e-01 -5.799835324287414551e-01 -7.525961846113204956e-02 7.292950153350830078e-01 -3.051933646202087402e-01 -4.667246043682098389e-01 -8.096187561750411987e-02 -2.235415875911712646e-01 -4.524861648678779602e-02 -5.142296552658081055e-01 -2.551315426826477051e-01 -2.654162049293518066e-01 1.288050115108489990e-01 -3.560929298400878906e-01 4.609736800193786621e-02 -4.455008544027805328e-03 3.549159467220306396e-01 4.742925763130187988e-01 -5.496879220008850098e-01 9.475372731685638428e-02 -2.877579927444458008e-01 -4.881099760532379150e-01 2.884527146816253662e-01 -4.528308212757110596e-01 -4.595394432544708252e-01 4.244229793548583984e-01 6.293076872825622559e-01 -1.460798978805541992e-01 -1.713689565658569336e-01 -2.822790294885635376e-02 5.719479322433471680e-01 -6.863538622856140137e-01 5.297862738370895386e-02 -4.159494936466217041e-01 -2.125090211629867554e-01 5.293673872947692871e-01 -2.702025175094604492e-01 2.860619425773620605e-01 2.559337615966796875e-01 1.365047320723533630e-02
2.395522892475128174e-01 -4.501506388187408447e-01 1.197192311286926270e+00 -3.973378539085388184e-01 4.358968734741210938e-01 -1.832568049430847168e-01 6.423186063766479492e-01 4.447179436683654785e-01 -2.529250979423522949e-01 -1.027939319610595703e-01 -1.635086536407470703e-01 -2.436460852622985840e-01 -1.016507983207702637e+00 3.692255020141601562e-01 -3.813150227069854736e-01 2.124988138675689697e-01 2.195030450820922852e-01 -5.274303555488586426e-01 1.000270605087280273e+00 3.180498778820037842e-01 7.159582376480102539e-01 5.051512718200683594e-01 1.610900461673736572e-01 -1.272412389516830444e-01 -3.844692185521125793e-02 -3.561591804027557373e-01 -2.121388912200927734e-01 4.073626697063446045e-01 3.747951388359069824e-01 -7.556473016738891602e-01 7.416228055953979492e-01 -8.852777481079101562e-01 -2.122513949871063232e-01 9.118970483541488647e-02 7.693945616483688354e-02 -8.026605099439620972e-02 4.148752391338348389e-01 -9.480643272399902344e-02 2.274740785360336304e-01 2.581817805767059326e-01 1.171686291694641113e+00 1.000522255897521973e+00 3.314362466335296631e-02 -2.251171879470348358e-02 -9.101420640945434570e-02 3.057913780212402344e-01 3.222041130065917969e-01 -1.111188054084777832e+00 -5.144098401069641113e-01 1.409575790166854858e-01 -2.647506892681121826e-01 -1.078544780611991882e-01 -9.536899626255035400e-03 -6.503618955612182617e-01 1.623740643262863159e-01 -7.517192959785461426e-01 -2.462954819202423096e-01 -5.215616226196289062e-01 -9.332154393196105957e-01 2.660882472991943359e-01 -7.985313534736633301e-01 9.012378752231597900e-02 2.558325231075286865e-01 5.878587365150451660e-01
-1.576201468706130981e-01 6.452071666717529297e-01 6.285962462425231934e-01 6.059877872467041016e-01 -2.024235427379608154e-01 -2.057567983865737915e-01 3.148429095745086670e-01 5.656962394714355469e-01 -5.829089283943176270e-01 5.251201987266540527e-01 -5.254060029983520508e-02 -1.026202201843261719e+00 -9.992343932390213013e-02 -6.165927648544311523e-01 -8.930891007184982300e-02 4.479841589927673340e-01 -3.607983589172363281e-01 -2.428523600101470947e-01 8.565903306007385254e-01 5.449991822242736816e-01 6.043575406074523926e-01 5.432000160217285156e-01 6.099525839090347290e-03 -3.564957678318023682e-01 2.456821501255035400e-01 -1.300859004259109497e-01 2.518704161047935486e-02 -3.843180835247039795e-02 8.690144121646881104e-02 5.279066041111946106e-02 -1.839164793491363525e-01 1.266124397516250610e-01 -4.090220928192138672e-01 -2.560779750347137451e-01 -4.312860369682312012e-01 -2.456608563661575317e-01 1.728047579526901245e-01 3.551622331142425537e-01 -1.292188465595245361e-02 2.538000345230102539e-01 6.797124743461608887e-01 -6.692019104957580566e-01 7.894749194383621216e-02 3.293194472789764404e-01 8.429278433322906494e-02 6.766147613525390625e-01 8.653630614280700684e-01 -4.058939516544342041e-01 -7.314536571502685547e-01 6.335475444793701172e-01 8.423713445663452148e-01 4.999016225337982178e-01 -6.908977776765823364e-02 7.502712011337280273e-01 7.035892009735107422e-01 -6.446812748908996582e-01 1.339155342429876328e-02 4.345765709877014160e-01 -9.941634535789489746e-02 5.225252509117126465e-01 -5.520250797271728516e-01 8.953490257263183594e-01 1.105761766433715820e+00 5.845652818679809570e-01
-1.482384502887725830e-01 8.769590258598327637e-01 8.218283653259277344e-01 4.675655961036682129e-01 -3.926446139812469482e-01 -4.451496303081512451e-01 1.024488925933837891e+00 8.795776367187500000e-01 -7.478817105293273926e-01 7.080445885658264160e-01 -2.837777137756347656e-01 -9.602824449539184570e-01 -1.752963066101074219e-01 4.121117293834686279e-01 -1.424527466297149658e-01 7.362211942672729492e-01 -2.641517817974090576e-01 -3.388836979866027832e-01 4.998731911182403564e-01 6.087685227394104004e-01 6.976366639137268066e-01 3.977516591548919678e-01 2.396038025617599487e-01 -3.658056855201721191e-01 6.965015083551406860e-02 2.177657000720500946e-02 -2.981466352939605713e-01 5.407574176788330078e-01 -5.929955840110778809e-01 -2.564685940742492676e-01 8.808781206607818604e-02 -2.788943052291870117e-01 -1.531023085117340088e-01 9.304203838109970093e-02 -6.278989315032958984e-01 -4.821338653564453125e-01 -3.133772611618041992e-01 -3.575990721583366394e-02 1.097274050116539001e-01 2.288105711340904236e-02 4.993540346622467041e-01 2.075251638889312744e-01 -5.120790004730224609e-01 6.139315962791442871e-01 -8.196889609098434448e-02 5.833661928772926331e-02 3.151912987232208252e-02 -2.030735909938812256e-01 -4.301256239414215088e-01 4.276283681392669678e-01 6.290061473846435547e-01 2.463651001453399658e-01 -1.335230618715286255e-01 2.218385189771652222e-01 4.372226819396018982e-02 -7.399188280105590820e-01 -9.590262919664382935e-02 -3.031794428825378418e-01 -7.441238760948181152e-01 5.063218474388122559e-01 -5.133720040321350098e-01 7.179096341133117676e-01 1.009122729301452637e+00 4.478521347045898438e-01
3.184143900871276855e-01 4.243082702159881592e-01 1.075059413909912109e+00 -1.001410279422998428e-02 2.717693150043487549e-01 -2.858456075191497803e-01 6.057081222534179688e-01 4.985674321651458740e-01 -6.625690460205078125e-01 3.176212608814239502e-01 -4.163149297237396240e-01 -3.991046547889709473e-01 -5.877786874771118164e-01 5.881388187408447266e-01 -4.973109066486358643e-01 5.636724829673767090e-01 -5.039075613021850586e-01 2.237455397844314575e-01 7.900730371475219727e-01 2.248417586088180542e-01 7.323868870735168457e-01 -3.307235985994338989e-02 3.202274143695831299e-01 6.838180124759674072e-02 2.614310383796691895e-01 2.570345997810363770e-03 -4.719015061855316162e-01 7.021107077598571777e-01 1.696386039257049561e-01 -7.781065702438354492e-01 4.843135774135589600e-01 -6.810812950134277344e-01 -9.182932972908020020e-02 8.602342754602432251e-02 -1.355450749397277832e-01 -8.599993586540222168e-01 7.077046483755111694e-02 -2.322878241539001465e-01 5.458805561065673828e-01 -3.613338619470596313e-02 7.170513868331909180e-01 3.935265839099884033e-01 -1.963374949991703033e-02 6.766422986984252930e-01 -3.732097148895263672e-01 -2.376473695039749146e-01 3.753292858600616455e-01 -6.868758797645568848e-01 -3.673078715801239014e-01 4.528990685939788818e-01 5.180569291114807129e-01 1.454619914293289185e-01 -6.651917845010757446e-02 -2.383878529071807861e-01 4.041276872158050537e-01 -6.311094760894775391e-01 -1.154754608869552612e-01 -6.498678326606750488e-01 -4.243330955505371094e-01 5.757940411567687988e-01 -4.148373007774353027e-01 -2.356130778789520264e-01 4.000667333602905273e-01 5.992069244384765625e-01
5.589770078659057617e-01 6.918303966522216797e-01 4.179646074771881104e-01 8.901379704475402832e-01 5.492855980992317200e-02 2.708761990070343018e-01 8.751142770051956177e-02 2.111806422472000122e-01 1.863326132297515869e-01 -3.055643662810325623e-02 -1.608662158250808716e-01 -1.074772119522094727e+00 -4.538574516773223877e-01 -6.210842728614807129e-01 -3.155930042266845703e-01 7.935016602277755737e-02 -3.805899322032928467e-01 2.126504629850387573e-01 1.378590226173400879e+00 5.138637423515319824e-01 1.028794884681701660e+00 -3.034045398235321045e-01 -1.509337425231933594e-01 6.926609575748443604e-02 -3.065626025199890137e-01 -2.424134463071823120e-01 -2.781181633472442627e-01 1.225991770625114441e-01 2.591101527214050293e-01 -5.109844803810119629e-01 7.299785614013671875e-01 3.237599134445190430e-01 5.643811225891113281e-01 1.718317270278930664e-01 1.425926946103572845e-02 -8.050674945116043091e-02 -3.568048775196075439e-01 2.234087735414505005e-01 1.256732940673828125e-01 4.925353825092315674e-01 1.384072750806808472e-01 2.400937825441360474e-01 6.430630385875701904e-02 7.395603507757186890e-02 5.636281520128250122e-02 -3.876043558120727539e-01 4.305810481309890747e-02 -1.128312349319458008e-01 -3.306158185005187988e-01 2.738386392593383789e-01 8.455771207809448242e-01 -3.714978098869323730e-01 2.896349430084228516e-01 1.694752834737300873e-02 2.707271277904510498e-01 -4.006854295730590820e-01 -3.796744048595428467e-01 6.576661765575408936e-02 -1.426392048597335815e-01 1.098723411560058594e+00 -2.777257859706878662e-01 4.405230581760406494e-01 1.036239266395568848e+00 7.734529972076416016e-01
-6.686504185199737549e-02 3.411035239696502686e-01 8.034985065460205078e-01 1.466947235167026520e-02 -1.239506825804710388e-01 1.291870325803756714e-01 -2.144391238689422607e-01 4.040692150592803955e-01 2.760695517063140869e-01 -3.335468173027038574e-01 3.002957105636596680e-01 -3.117003142833709717e-01 -5.086783766746520996e-01 -7.427327334880828857e-02 -7.750878930091857910e-01 3.179887831211090088e-01 1.279368251562118530e-01 4.815863072872161865e-01 7.756786346435546875e-01 1.374362260103225708e-01 7.416768670082092285e-01 7.080667018890380859e-01 1.268888264894485474e-01 -1.083722949028015137e+00 -1.347379535436630249e-01 1.808764189481735229e-01 -4.400279521942138672e-01 2.777051627635955811e-01 1.882802993059158325e-01 -4.598720371723175049e-01 -3.063018321990966797e-01 9.178608059883117676e-01 -2.612425088882446289e-01 -2.446081191301345825e-01 2.759832143783569336e-01 2.992077469825744629e-01 -5.472434163093566895e-01 2.142009139060974121e-01 -2.634608447551727295e-01 -1.534435153007507324e-01 5.016721487045288086e-01 -7.111948914825916290e-03 3.791777789592742920e-01 -1.397243887186050415e-01 -4.719030559062957764e-01 -5.965033769607543945e-01 4.810207486152648926e-01 -1.075653553009033203e+00 -1.703488081693649292e-01 5.498800277709960938e-01 1.043995976448059082e+00 -4.090647101402282715e-01 -2.228979766368865967e-02 2.568104565143585205e-01 -2.958363592624664307e-01 -1.238492131233215332e-01 -1.698118597269058228e-01 1.665336042642593384e-01 -4.671443104743957520e-01 4.507849738001823425e-02 5.272687077522277832e-01 1.338861227035522461e+00 6.592068076133728027e-01 -3.331949412822723389e-01
1.106675386428833008e+00 1.981191337108612061e-02 9.017902612686157227e-01 -4.256920218467712402e-01 -2.236492037773132324e-01 -1.930374950170516968e-01 1.625656187534332275e-01 2.027665674686431885e-01 -7.768912315368652344e-01 1.870325207710266113e-01 9.127774089574813843e-02 -9.821531921625137329e-02 -7.431926131248474121e-01 5.785540342330932617e-01 -3.122251629829406738e-01 2.455401420593261719e-01 3.651917278766632080e-01 4.165040850639343262e-01 9.288411736488342285e-01 -3.055696561932563782e-02 5.705654621124267578e-01 2.022598385810852051e-01 1.538407653570175171e-01 -4.769281744956970215e-01 -1.698381900787353516e-01 -2.591597139835357666e-01 1.359155774116516113e-01 2.817494571208953857e-01 1.944238096475601196e-01 -7.875992655754089355e-01 1.906363219022750854e-01 -2.186712324619293213e-01 -6.801956146955490112e-02 -2.554193437099456787e-01 -3.084793128073215485e-02 3.544054627418518066e-01 -3.644312620162963867e-01 7.574368119239807129e-01 -6.751669049263000488e-01 -1.557443439960479736e-01 8.449354767799377441e-01 4.035989642143249512e-01 6.875288486480712891e-01 -2.092511504888534546e-01 -3.157259523868560791e-01 -5.964937806129455566e-01 1.375028342008590698e-01 -1.068076491355895996e+00 -2.804518640041351318e-01 5.457552894949913025e-02 9.405701756477355957e-01 -4.682919085025787354e-01 5.279095172882080078e-01 -5.096235871315002441e-01 3.582364320755004883e-01 -6.779400706291198730e-01 -4.110932350158691406e-01 1.764582842588424683e-02 -6.223547458648681641e-01 9.065229296684265137e-01 6.528296321630477905e-02 9.252713918685913086e-01 4.451841711997985840e-01 3.899883329868316650e-01
9.729328751564025879e-01 9.707882255315780640e-02 9.557256698608398438e-01 4.116746783256530762e-02 -2.545663118362426758e-01 3.309208154678344727e-01 4.407979175448417664e-02 1.218343302607536316e-01 1.708385795354843140e-01 -4.023591578006744385e-01 -9.626255370676517487e-03 -7.412686944007873535e-01 -2.345326989889144897e-01 -1.799765676259994507e-01 -2.522963881492614746e-01 4.019219875335693359e-01 -3.934714496135711670e-01 6.212747693061828613e-01 7.833997607231140137e-01 4.060375690460205078e-01 7.319067716598510742e-01 2.467041611671447754e-01 -3.171640038490295410e-01 -6.108489632606506348e-01 1.688315868377685547e-01 -3.653552010655403137e-02 1.747393608093261719e-01 -4.011226594448089600e-01 3.800733983516693115e-01 -9.739528596401214600e-02 4.916940331459045410e-01 2.946915030479431152e-01 8.420310616493225098e-01 -6.611348688602447510e-02 3.731876909732818604e-01 8.912055939435958862e-02 1.261786371469497681e-01 7.510927319526672363e-01 -5.497376918792724609e-01 -6.832261085510253906e-01 4.113679528236389160e-01 2.674497961997985840e-01 1.023714020848274231e-01 -1.804234683513641357e-01 9.653069823980331421e-02 -9.402512311935424805e-01 -5.958455149084329605e-03 -5.252909064292907715e-01 1.186142340302467346e-01 9.390655905008316040e-02 1.121809363365173340e+00 -6.279184222221374512e-01 -4.922603070735931396e-01 -5.056186914443969727e-01 1.942757070064544678e-01 -2.173942029476165771e-01 -3.627470731735229492e-01 5.887090563774108887e-01 -3.853264451026916504e-01 5.831565856933593750e-01 -3.222332596778869629e-01 8.980408310890197754e-01 6.468623280525207520e-01 5.294095873832702637e-01
2.896796464920043945e-01 6.157636642456054688e-01 1.038409590721130371e+00 9.948778152465820312e-02 -3.415016531944274902e-01 5.528024435043334961e-01 -3.057617694139480591e-03 4.277150630950927734e-01 -7.183321118354797363e-01 -5.352962389588356018e-02 1.856191456317901611e-02 -3.890240192413330078e-01 -4.607064723968505859e-01 5.921342372894287109e-01 -2.870963215827941895e-01 1.112163737416267395e-01 -4.676298201084136963e-01 2.573957666754722595e-02 7.866373658180236816e-01 -5.516935512423515320e-02 7.425165176391601562e-01 -1.596001237630844116e-01 5.504180788993835449e-01 -1.730321496725082397e-01 -1.626251935958862305e-01 -1.200352758169174194e-01 2.870606482028961182e-01 1.465822905302047729e-01 3.603186458349227905e-02 -8.496778011322021484e-01 -2.008282393217086792e-01 -6.248590350151062012e-01 2.939785420894622803e-01 -3.645501732826232910e-01 -2.809899151325225830e-01 -2.795961201190948486e-01 -6.306861042976379395e-01 2.911347663030028343e-03 -5.711237192153930664e-01 -3.246631324291229248e-01 1.251151919364929199e+00 6.213186979293823242e-01 1.106754392385482788e-01 -1.981730312108993530e-01 -2.290040701627731323e-01 -8.220114111900329590e-01 5.064466677140444517e-05 -7.580502033233642578e-01 -9.153380990028381348e-01 2.492186725139617920e-01 9.173656105995178223e-01 -4.511918723583221436e-01 2.426061928272247314e-01 -3.390042185783386230e-01 6.532149314880371094e-01 -3.461566865444183350e-01 -1.330857723951339722e-01 -2.917093038558959961e-01 -3.825129568576812744e-01 5.849328637123107910e-01 -6.981991976499557495e-02 3.359975814819335938e-01 5.759220123291015625e-01 6.553914546966552734e-01
-2.399177476763725281e-02 6.641207337379455566e-01 5.968102216720581055e-01 5.995711684226989746e-01 1.782949268817901611e-01 2.669025957584381104e-01 2.798927128314971924e-01 1.274659931659698486e-01 -6.242344379425048828e-01 1.152236610651016235e-01 -2.222225517034530640e-01 -1.460361480712890625e+00 -2.118424326181411743e-01 -1.030366420745849609e+00 5.163359642028808594e-02 4.037655591964721680e-01 -2.077364474534988403e-01 -2.636834383010864258e-01 1.059301614761352539e+00 4.247691035270690918e-01 1.166096806526184082e+00 5.059949755668640137e-01 -3.759631514549255371e-01 -1.591765582561492920e-01 1.425990313291549683e-01 -3.869933187961578369e-01 -9.578743483871221542e-04 -5.129809379577636719e-01 5.399374961853027344e-01 -9.698250144720077515e-02 -3.693685308098793030e-02 3.300775960087776184e-02 2.096009105443954468e-01 2.108025550842285156e-02 -1.896016746759414673e-01 -1.343094855546951294e-01 8.296493440866470337e-02 1.687081456184387207e-01 1.164108663797378540e-01 1.184253022074699402e-01 3.247447907924652100e-01 -1.870401054620742798e-01 1.309810727834701538e-01 1.555632986128330231e-02 4.465430974960327148e-01 5.598308444023132324e-01 2.873863279819488525e-01 1.405160427093505859e-01 -7.245827913284301758e-01 5.999632924795150757e-02 8.223904967308044434e-01 1.070223972201347351e-01 2.523422054946422577e-02 6.541762351989746094e-01 9.706290364265441895e-01 -9.159705042839050293e-01 -4.799609780311584473e-01 4.426912069320678711e-01 -7.917489856481552124e-02 5.534324645996093750e-01 -8.190976381301879883e-01 8.672113418579101562e-01 1.375473141670227051e+00 1.206539630889892578e+00
1.671534925699234009e-01 8.000281453132629395e-01 7.279867529869079590e-01 7.103443145751953125e-01 -6.461425423622131348e-01 3.043557703495025635e-01 4.458045661449432373e-01 3.626289069652557373e-01 -3.230033516883850098e-01 2.266234159469604492e-01 -3.450589179992675781e-01 -6.724554300308227539e-01 -5.088804364204406738e-01 2.890800237655639648e-01 3.695947676897048950e-02 2.081351578235626221e-01 -6.922077536582946777e-01 2.678998708724975586e-01 9.750655889511108398e-01 1.889461427927017212e-01 5.264173150062561035e-01 2.639122605323791504e-01 2.279771566390991211e-01 1.790529936552047729e-01 2.495483160018920898e-01 -1.783274710178375244e-01 -3.494290411472320557e-01 7.045657634735107422e-01 -1.383484713733196259e-02 -6.194925308227539062e-01 4.644146859645843506e-01 1.294298171997070312e-01 4.403071478009223938e-02 -1.493286043405532837e-01 -3.884525299072265625e-01 -2.184610217809677124e-01 -5.063814520835876465e-01 1.912001520395278931e-02 4.405385851860046387e-01 -2.180151343345642090e-01 1.074256539344787598e+00 2.532362937927246094e-01 -4.945615306496620178e-02 -2.191209346055984497e-01 -3.052002489566802979e-01 -4.791388213634490967e-01 2.274389863014221191e-01 -2.988028228282928467e-01 -7.541251182556152344e-01 5.307159423828125000e-01 3.852770030498504639e-01 3.139135241508483887e-01 1.398179382085800171e-01 2.784912586212158203e-01 3.008302748203277588e-01 -5.902161598205566406e-01 1.285774260759353638e-01 -3.033945262432098389e-01 -3.737953901290893555e-01 8.224254250526428223e-01 -6.688683032989501953e-01 4.166114330291748047e-01 6.692218184471130371e-01 4.172139167785644531e-01
4.959538578987121582e-02 7.261851429939270020e-01 1.661172360181808472e-01 8.501510620117187500e-01 -1.724496632814407349e-01 3.304314017295837402e-01 -2.610072493553161621e-01 4.459211528301239014e-01 -2.151574380695819855e-02 -1.849291473627090454e-01 -1.683636903762817383e-01 -5.824839472770690918e-01 -5.892782807350158691e-01 -4.382033944129943848e-01 -4.181113839149475098e-01 -6.205869838595390320e-02 -5.982775688171386719e-01 3.409287631511688232e-01 1.258697032928466797e+00 4.573910832405090332e-01 8.898997902870178223e-01 3.558141887187957764e-01 -2.972220070660114288e-02 -8.457829356193542480e-01 -1.808663457632064819e-02 -7.104439288377761841e-02 -4.439109265804290771e-01 2.603955268859863281e-01 1.853866279125213623e-01 -4.932866394519805908e-01 3.565610945224761963e-01 3.360343873500823975e-01 5.518979742191731930e-04 -2.457093596458435059e-01 -1.678131222724914551e-01 3.106887042522430420e-01 -8.271466493606567383e-01 2.304949164390563965e-01 7.701115310192108154e-02 4.154649376869201660e-01 7.871431112289428711e-01 -5.737325549125671387e-01 -1.029431447386741638e-01 1.340618729591369629e-01 -7.404136061668395996e-01 1.629487723112106323e-01 1.702989637851715088e-01 -8.883308768272399902e-01 -3.911657929420471191e-01 6.466828584671020508e-01 8.732184767723083496e-01 3.479826450347900391e-01 3.848808407783508301e-01 5.988447666168212891e-01 2.644035518169403076e-01 -3.273331224918365479e-01 1.945341080427169800e-01 1.382261812686920166e-01 -2.772154510021209717e-01 2.616617083549499512e-01 -7.784248143434524536e-02 6.281549334526062012e-01 8.930414915084838867e-01 6.866478919982910156e-01
-3.900183737277984619e-01 2.896291911602020264e-01 7.700411677360534668e-01 9.630070328712463379e-01 -7.115490436553955078e-01 1.246007829904556274e-01 4.730452299118041992e-01 -4.355496168136596680e-01 -5.742415785789489746e-01 2.279316633939743042e-01 4.644424915313720703e-01 -7.641116976737976074e-01 -1.185031771659851074e+00 2.626269161701202393e-01 -2.605198323726654053e-01 2.823915183544158936e-01 -7.574182748794555664e-02 -4.011211693286895752e-01 1.079660892486572266e+00 2.192855030298233032e-01 6.287964582443237305e-01 4.437033459544181824e-02 1.881326287984848022e-01 -1.455743551254272461e+00 2.305479049682617188e-01 5.551633834838867188e-01 -1.912581026554107666e-01 1.045818477869033813e-01 -1.190311927348375320e-02 2.025240957736968994e-01 -3.522518649697303772e-02 -9.487776756286621094e-01 -5.797968506813049316e-01 -2.491751164197921753e-01 -1.097060069441795349e-01 -1.413260698318481445e+00 7.998671382665634155e-02 4.846815764904022217e-01 5.402439236640930176e-01 -2.976297140121459961e-01 -2.369203865528106689e-01 -3.883334398269653320e-01 -1.869588643312454224e-01 -6.980533599853515625e-01 8.767015486955642700e-02 -2.336436063051223755e-01 -4.120085537433624268e-01 -9.463441371917724609e-01 3.248286545276641846e-01 2.704106569290161133e-01 6.141596436500549316e-01 -1.005024909973144531e+00 8.386650681495666504e-01 4.069471359252929688e-01 5.813399553298950195e-01 4.793772697448730469e-01 -1.112186233513057232e-03 7.291189432144165039e-01 -4.426438510417938232e-01 3.200901448726654053e-01 -4.818891882896423340e-01 8.643901944160461426e-01 2.734086215496063232e-01 5.937837362289428711e-01
-5.172432214021682739e-02 2.398531883955001831e-01 5.268027186393737793e-01 -1.817748695611953735e-01 -6.206055283546447754e-01 1.108749866485595703e+00 -6.108278632164001465e-01 -2.125846892595291138e-01 -9.078772664070129395e-01 -5.839419960975646973e-01 -3.409040570259094238e-01 -9.332759976387023926e-01 -7.167953997850418091e-02 -4.358139634132385254e-01 -3.803074359893798828e-01 -4.458697736263275146e-01 -5.235127806663513184e-01 -6.477423310279846191e-01 5.888637304306030273e-01 1.983868032693862915e-01 9.322829842567443848e-01 -3.077163994312286377e-01 6.207020282745361328e-01 -1.549398541450500488e+00 -2.107098512351512909e-02 -1.790479384362697601e-02 -2.029072940349578857e-01 1.102806031703948975e-01 -7.664863765239715576e-02 -1.100763082504272461e-01 1.630479544401168823e-01 -3.705210983753204346e-01 4.582927376031875610e-02 2.983437478542327881e-01 9.181113541126251221e-02 -3.473002910614013672e-01 1.383444309234619141e+00 4.565697610378265381e-01 7.652702927589416504e-01 5.899745505303144455e-03 7.745983004570007324e-01 -2.053352296352386475e-01 -5.232088565826416016e-01 1.213622927665710449e+00 3.079748749732971191e-01 -1.158467307686805725e-01 -4.153470695018768311e-02 -1.071800112724304199e+00 -1.618786603212356567e-01 -2.145650684833526611e-01 3.265240788459777832e-01 -7.047054171562194824e-01 2.089548856019973755e-01 3.052880764007568359e-01 -5.701258778572082520e-01 -3.402104675769805908e-01 1.112269237637519836e-01 -2.662433683872222900e-01 -4.003317654132843018e-01 5.287600159645080566e-01 -2.041984051465988159e-01 5.185463428497314453e-01 3.798473179340362549e-01 8.303252048790454865e-03
8.725908119231462479e-04 -8.394776582717895508e-01 -4.969953000545501709e-02 -1.369639784097671509e-01 -8.849550038576126099e-03 6.573382019996643066e-02 1.698182970285415649e-01 -3.169798254966735840e-01 -4.159340262413024902e-01 -8.359906077384948730e-01 3.337953388690948486e-01 -6.098689436912536621e-01 -5.678908228874206543e-01 5.117715597152709961e-01 8.046471327543258667e-02 9.183152318000793457e-01 -6.603701710700988770e-01 4.658769667148590088e-01 -1.872983276844024658e-01 3.049642406404018402e-02 7.246451973915100098e-01 8.360533714294433594e-01 6.416814774274826050e-02 -6.630813479423522949e-01 1.229995340108871460e-01 8.567086607217788696e-02 -8.173224329948425293e-02 -3.855507373809814453e-01 4.178966879844665527e-01 -6.913952827453613281e-01 -4.171878471970558167e-02 -4.917372465133666992e-01 -4.211069941520690918e-01 1.749729551374912262e-02 -3.202784433960914612e-02 -3.194095790386199951e-01 3.775170147418975830e-01 1.452856212854385376e-01 1.906535476446151733e-01 2.032576054334640503e-01 -2.306532263755798340e-01 4.064660891890525818e-02 7.985799312591552734e-01 -1.984998434782028198e-01 1.587531417608261108e-01 3.417436480522155762e-01 1.091308221220970154e-01 -3.584123253822326660e-01 -1.750594675540924072e-01 3.291403055191040039e-01 1.996129900217056274e-01 -3.294777572154998779e-01 4.637393653392791748e-01 -2.206882685422897339e-01 -5.966500639915466309e-01 1.006521359086036682e-01 1.489547640085220337e-01 -7.558085918426513672e-01 -4.368878006935119629e-01 2.854922115802764893e-01 -3.082699775695800781e-01 4.006851613521575928e-01 -1.086180210113525391e-01 3.671582341194152832e-01
-5.508708953857421875e-01 1.097230166196823120e-01 7.189866900444030762e-01 -2.675594296306371689e-03 -5.727407336235046387e-01 1.042052745819091797e+00 -5.477737784385681152e-01 7.137423008680343628e-02 -4.450837075710296631e-01 -8.322358131408691406e-02 1.572012603282928467e-01 -1.162024736404418945e+00 2.091048657894134521e-02 -3.842785060405731201e-01 -5.252922773361206055e-01 -4.848827719688415527e-01 -2.481806576251983643e-01 -8.348835706710815430e-01 8.981877565383911133e-02 -1.304143220186233521e-01 7.680689096450805664e-01 9.451067447662353516e-02 8.457338809967041016e-01 -1.287016987800598145e+00 -3.294010460376739502e-01 -5.248770713806152344e-01 -7.279792428016662598e-01 2.024573981761932373e-01 -3.100883960723876953e-02 -1.989733129739761353e-01 -6.311964988708496094e-01 1.214242503046989441e-01 2.511896789073944092e-01 6.011878252029418945e-01 -2.755023837089538574e-01 -2.156075537204742432e-01 1.210276603698730469e+00 -2.531800866127014160e-01 3.086741268634796143e-01 -4.695214703679084778e-02 7.404376864433288574e-01 -4.006033837795257568e-01 -1.303682476282119751e-01 1.945171058177947998e-01 8.933059573173522949e-01 1.480585634708404541e-01 -2.931258976459503174e-01 -8.561434745788574219e-01 -1.983658671379089355e-01 -3.500799089670181274e-02 2.461261153221130371e-01 -7.667020559310913086e-01 1.230762898921966553e-01 1.881249397993087769e-01 -5.833495259284973145e-01 -2.539450824260711670e-01 -4.412262141704559326e-01 1.952122598886489868e-01 -5.078406333923339844e-01 4.430563747882843018e-01 -1.678648889064788818e-01 5.213992595672607422e-01 4.872934818267822266e-01 -9.195172786712646484e-01
-4.335056841373443604e-01 1.482510685920715332e+00 7.061499953269958496e-01 -3.885390162467956543e-01 -2.635403275489807129e-01 9.380454570055007935e-02 3.920140266418457031e-01 -1.853108555078506470e-01 -2.721792161464691162e-01 4.005378484725952148e-01 -3.168901801109313965e-01 -1.135974049568176270e+00 -7.780404686927795410e-01 2.488493174314498901e-01 -8.793112039566040039e-01 -7.667271792888641357e-02 -7.455537319183349609e-01 -2.042479962110519409e-01 1.411916255950927734e+00 9.503362774848937988e-01 2.158029079437255859e+00 -5.653413757681846619e-02 8.295322209596633911e-02 -4.350464642047882080e-01 4.508443474769592285e-01 -1.894816309213638306e-01 -2.918321192264556885e-01 -7.093001604080200195e-01 3.912387490272521973e-01 -2.738870978355407715e-01 1.938045024871826172e-01 -4.322494268417358398e-01 3.986901342868804932e-01 -4.940523803234100342e-01 1.794648543000221252e-02 -1.367626905441284180e+00 1.178089454770088196e-01 8.449081182479858398e-01 1.613705754280090332e-01 6.393039226531982422e-01 1.228986531496047974e-01 -5.478508472442626953e-01 -1.200269341468811035e+00 -3.968050181865692139e-01 3.221955001354217529e-01 6.552509069442749023e-01 6.768087744712829590e-01 -8.885795474052429199e-01 -6.166585087776184082e-01 -4.645565152168273926e-01 9.027002453804016113e-01 -8.851993083953857422e-01 -3.420830667018890381e-01 -1.208353713154792786e-01 5.471298471093177795e-02 -8.237893879413604736e-02 -2.691243402659893036e-02 -2.198331505060195923e-01 -1.097817063331604004e+00 -4.627057611942291260e-01 -8.476956486701965332e-01 8.481187224388122559e-01 8.611200004816055298e-02 3.861651122570037842e-01
5.844535827636718750e-01 3.656018376350402832e-01 8.157182335853576660e-01 -2.994672656059265137e-01 3.178249597549438477e-01 -3.828961551189422607e-01 2.128819823265075684e-01 5.885231494903564453e-02 -7.131237983703613281e-01 -4.644816219806671143e-01 1.939728669822216034e-02 -8.484401106834411621e-01 -2.488600313663482666e-01 -1.507952213287353516e-01 -9.067242592573165894e-02 5.555182695388793945e-01 -4.761732742190361023e-02 4.871870875358581543e-01 1.053659915924072266e+00 4.528613984584808350e-01 6.548451185226440430e-01 1.016392633318901062e-01 4.690377414226531982e-01 -8.993737101554870605e-01 -7.190018892288208008e-02 -7.091100215911865234e-01 1.166219636797904968e-01 -4.534893333911895752e-01 2.504104375839233398e-01 1.945077925920486450e-01 -7.574528455734252930e-01 3.909168839454650879e-01 -3.533366918563842773e-01 1.617243587970733643e-01 3.952558040618896484e-01 -5.334032177925109863e-01 -6.810421347618103027e-01 3.359389007091522217e-01 6.347370147705078125e-01 2.765803933143615723e-01 -2.628491632640361786e-02 -2.994922995567321777e-01 -8.079770207405090332e-01 -2.381557822227478027e-01 5.979689955711364746e-01 -4.675783812999725342e-01 -5.490772724151611328e-01 7.271824032068252563e-02 -3.355541229248046875e-01 6.080185174942016602e-01 -3.114650845527648926e-01 -1.996636986732482910e-01 3.329379856586456299e-01 9.375301748514175415e-02 2.758790552616119385e-01 6.026824116706848145e-01 -1.748051345348358154e-01 -1.502547562122344971e-01 -5.242786407470703125e-01 -6.991631388664245605e-01 -2.553183138370513916e-01 -2.102689631283283234e-02 9.127395749092102051e-01 -7.088083028793334961e-02
-2.580234408378601074e-01 -3.131332993507385254e-01 2.466028034687042236e-01 -9.963367879390716553e-02 -1.009975671768188477e-01 -1.911859363317489624e-01 -4.726671800017356873e-02 1.039624363183975220e-01 1.912325471639633179e-01 -6.095909476280212402e-01 2.763721644878387451e-01 -1.324497938156127930e+00 2.947393655776977539e-01 7.913383841514587402e-01 -4.560770988464355469e-01 -3.429262712597846985e-02 -8.484658598899841309e-01 -4.496439825743436813e-03 1.353189349174499512e-01 -5.664118751883506775e-02 9.543818235397338867e-02 4.766060709953308105e-01 -1.388131976127624512e-01 -1.337585151195526123e-01 1.512599885463714600e-01 -5.376392602920532227e-01 -4.543396532535552979e-01 -5.212079286575317383e-01 2.385101467370986938e-01 -1.073731660842895508e+00 8.649323135614395142e-02 -7.756239175796508789e-01 1.854903399944305420e-01 1.700399369001388550e-01 -6.908115148544311523e-01 -5.324544310569763184e-01 4.744963943958282471e-01 5.605714917182922363e-01 -2.504399120807647705e-01 -4.472389817237854004e-01 9.245387464761734009e-02 -4.696630537509918213e-01 -5.882370471954345703e-01 -1.691924929618835449e-01 -1.279641687870025635e-01 -2.374440282583236694e-01 -5.441486239433288574e-01 -9.800065755844116211e-01 -2.481246888637542725e-01 2.749723196029663086e-01 1.046214997768402100e-01 -3.006800115108489990e-01 5.346072912216186523e-01 7.066002488136291504e-01 -6.462525129318237305e-01 2.774898111820220947e-01 -1.247429847717285156e-01 8.362886309623718262e-02 -1.005894541740417480e+00 1.220008805394172668e-01 -6.810833215713500977e-01 -1.882060021162033081e-01 4.415585696697235107e-01 -1.521136909723281860e-01
-2.097448408603668213e-01 7.300674319267272949e-01 8.726598620414733887e-01 -4.606623351573944092e-01 5.491201281547546387e-01 -4.022054001688957214e-02 -3.681396245956420898e-01 -3.172330260276794434e-01 -1.595006734132766724e-01 -1.217085868120193481e-02 8.426867723464965820e-01 -1.402575969696044922e-01 -1.004302129149436951e-01 -1.860862411558628082e-02 -4.417798221111297607e-01 3.790039718151092529e-01 -6.800442337989807129e-01 -3.689325153827667236e-01 2.066016644239425659e-01 8.277872204780578613e-01 1.004818677902221680e+00 -1.475913971662521362e-01 -6.485039740800857544e-02 -9.329027533531188965e-01 -1.616038568317890167e-02 -3.352673053741455078e-01 -3.286873400211334229e-01 -3.201338648796081543e-01 5.286439880728721619e-02 4.646439105272293091e-03 -1.040989086031913757e-01 2.711559832096099854e-02 -5.130116343498229980e-01 -2.526468634605407715e-01 3.003934919834136963e-01 -2.443189322948455811e-01 -2.265930324792861938e-01 -2.092452943325042725e-01 5.016056299209594727e-01 -1.748235076665878296e-01 1.446521282196044922e-01 2.494214922189712524e-01 -4.818069636821746826e-01 2.506240606307983398e-01 7.233601212501525879e-01 -1.983346939086914062e-01 5.037826299667358398e-02 -5.620061755180358887e-01 -3.280844390392303467e-01 7.390992045402526855e-01 1.611600965261459351e-01 6.320681571960449219e-01 5.741537809371948242e-01 -7.541467547416687012e-01 1.394812390208244324e-02 1.079553272575139999e-02 -1.103115826845169067e-01 1.056740880012512207e+00 -6.330870985984802246e-01 6.084265708923339844e-01 -1.304175019264221191e+00 7.652454972267150879e-01 5.040317028760910034e-02 4.564637839794158936e-01
1.746993809938430786e-01 -2.769387662410736084e-01 6.122043132781982422e-01 -2.459030449390411377e-01 6.649955511093139648e-01 -9.457213431596755981e-02 2.330536693334579468e-01 -3.774962425231933594e-01 -1.157801523804664612e-01 -3.966301977634429932e-01 -4.093109965324401855e-01 -4.933890700340270996e-01 -5.252966284751892090e-01 4.515856206417083740e-01 -9.077484719455242157e-03 5.352031588554382324e-01 -9.637848138809204102e-01 2.663341164588928223e-01 3.844611048698425293e-01 3.924143686890602112e-02 7.120381295680999756e-02 6.856878399848937988e-01 2.218708097934722900e-01 -5.832058787345886230e-01 -1.439480185508728027e-01 1.225565560162067413e-02 4.016119539737701416e-01 -2.441036254167556763e-01 8.182522654533386230e-02 2.198426574468612671e-01 -5.124133229255676270e-01 5.558556318283081055e-01 -3.022949993610382080e-01 2.853830456733703613e-01 2.895331569015979767e-02 -5.025832653045654297e-01 1.754212751984596252e-02 -1.495775729417800903e-01 1.596511341631412506e-02 3.475519716739654541e-01 3.760272860527038574e-01 -3.485420644283294678e-01 -7.584967613220214844e-01 1.868167705833911896e-02 1.231300592422485352e+00 -6.415513753890991211e-01 -2.504470646381378174e-01 2.221238426864147186e-02 -9.798903018236160278e-02 2.563191056251525879e-01 -1.921534091234207153e-01 -6.759123206138610840e-01 1.494563966989517212e-01 5.376182198524475098e-01 -3.662190735340118408e-01 1.441623270511627197e-01 -5.404028296470642090e-02 -4.268852472305297852e-01 -7.457140833139419556e-02 -4.997693598270416260e-01 -2.367268949747085571e-01 4.300735890865325928e-01 1.449363380670547485e-01 2.204438298940658569e-01
1.834577620029449463e-01 -2.480728030204772949e-01 3.407383859157562256e-01 -1.065144911408424377e-01 1.541646122932434082e-01 3.953762650489807129e-01 -6.344666481018066406e-01 4.458822011947631836e-01 4.842690527439117432e-01 -7.737280130386352539e-01 5.299614667892456055e-01 9.668756276369094849e-02 -4.994262754917144775e-01 -2.168580144643783569e-01 -8.926425874233245850e-02 1.048611283302307129e+00 -1.722521483898162842e-01 1.387841254472732544e-01 -4.158490896224975586e-01 1.175379380583763123e-01 9.044438004493713379e-01 8.276801556348800659e-02 -4.270888864994049072e-01 -6.356548666954040527e-01 -3.297352194786071777e-01 4.385076463222503662e-01 -1.415537148714065552e-01 -2.739329040050506592e-01 1.855574548244476318e-02 2.708500921726226807e-01 -1.366737931966781616e-01 -2.276108227670192719e-02 -5.183934569358825684e-01 3.203104063868522644e-02 -5.478261783719062805e-02 -2.999847531318664551e-01 4.832156300544738770e-01 -4.593204855918884277e-01 5.778062343597412109e-01 -1.068654879927635193e-01 2.102259397506713867e-01 1.289684176445007324e-01 -5.574142932891845703e-01 -4.688966274261474609e-01 8.601037859916687012e-01 -4.410535991191864014e-01 -8.364508859813213348e-03 -5.584706068038940430e-01 -2.704183757305145264e-01 4.913866519927978516e-01 -1.371549814939498901e-01 4.781755208969116211e-01 -4.697342216968536377e-02 -4.680204018950462341e-02 -6.712357997894287109e-01 -2.738408148288726807e-01 3.386205136775970459e-01 5.852810144424438477e-01 -5.444310307502746582e-01 6.237599253654479980e-01 -9.223262667655944824e-01 5.815298557281494141e-01 6.596443653106689453e-01 1.680815964937210083e-01
5.225754976272583008e-01 -1.714734584093093872e-01 1.092651933431625366e-01 3.385258316993713379e-01 -4.727179184556007385e-02 -5.766047239303588867e-01 1.450193673372268677e-01 1.468433886766433716e-01 1.790996640920639038e-02 -5.245386958122253418e-01 2.388202399015426636e-01 1.491019278764724731e-01 -3.055271208286285400e-01 -4.656617939472198486e-01 -3.761164844036102295e-01 6.046802178025245667e-02 -6.141222119331359863e-01 -6.295857578516006470e-02 6.877234578132629395e-01 -3.924233615398406982e-01 1.408796072006225586e+00 2.138565033674240112e-01 -4.320262074470520020e-01 -9.769389629364013672e-01 1.000263169407844543e-01 3.936136141419410706e-02 -7.728313803672790527e-01 -4.379400238394737244e-02 1.384764164686203003e-01 5.504087805747985840e-01 -1.487667560577392578e-01 -1.051074564456939697e-01 -5.094931721687316895e-01 -1.216268911957740784e-01 -5.642811655998229980e-01 -6.181193590164184570e-01 3.597513139247894287e-01 -5.707923173904418945e-01 -2.830120027065277100e-01 -9.480001926422119141e-01 9.061042666435241699e-01 -2.084774523973464966e-01 -1.423169136047363281e+00 -1.155178844928741455e-01 5.772625803947448730e-01 -2.911530733108520508e-01 2.362047582864761353e-01 -8.304231762886047363e-01 -6.889879107475280762e-01 2.546594738960266113e-01 2.668716013431549072e-01 -5.513973236083984375e-01 1.075476408004760742e-01 -4.440819323062896729e-01 5.719453841447830200e-02 -9.393685460090637207e-01 -3.822824060916900635e-01 -4.318222403526306152e-01 1.759927868843078613e-01 3.515784144401550293e-01 3.147277235984802246e-01 9.989658370614051819e-03 1.275995224714279175e-01 -5.126333832740783691e-01
4.333062767982482910e-01 2.675485014915466309e-01 5.310916304588317871e-01 -1.298181265592575073e-01 -3.272578120231628418e-01 1.638973504304885864e-01 3.744165897369384766e-01 7.628099620342254639e-02 -6.406145691871643066e-01 1.127947773784399033e-02 5.946650728583335876e-02 -5.075662136077880859e-01 4.064685478806495667e-02 7.545313239097595215e-02 3.678124165162444115e-03 5.307059288024902344e-01 -1.673871278762817383e-01 -5.071896314620971680e-01 5.192183256149291992e-01 -2.923607230186462402e-01 -8.562710881233215332e-02 1.017083287239074707e+00 1.355681568384170532e-01 1.745751947164535522e-01 7.142604887485504150e-02 -3.958200812339782715e-01 -1.454293429851531982e-01 1.589103192090988159e-01 -4.721962511539459229e-01 -7.277984023094177246e-01 1.125316023826599121e+00 1.828909516334533691e-01 -7.753404974937438965e-01 1.550974249839782715e-01 -6.868331693112850189e-03 1.467913836240768433e-01 -1.335923820734024048e-01 1.901680231094360352e-01 -9.164342284202575684e-02 5.952715128660202026e-02 7.633222341537475586e-01 5.190374851226806641e-01 -2.140251845121383667e-01 -3.773295581340789795e-01 -1.443834006786346436e-01 -2.463304847478866577e-01 2.974989712238311768e-01 -6.873970031738281250e-01 7.475619018077850342e-02 2.235936075448989868e-01 4.273962378501892090e-01 -2.003587782382965088e-02 2.969823181629180908e-01 -1.410387605428695679e-01 1.764607578516006470e-01 -1.120094537734985352e+00 5.794144794344902039e-02 -6.836210936307907104e-02 -1.115398168563842773e+00 3.813472986221313477e-01 -7.546160221099853516e-01 7.673268020153045654e-02 4.373903572559356689e-01 3.156145513057708740e-01
5.446143150329589844e-01 5.426671728491783142e-02 4.039261341094970703e-01 1.234275624155998230e-01 3.665575385093688965e-01 6.775916218757629395e-01 -5.331032276153564453e-01 1.659446954727172852e-01 -1.056972742080688477e-01 -4.376119971275329590e-01 1.491773575544357300e-01 -3.816905319690704346e-01 -9.028891324996948242e-01 2.112581580877304077e-01 -3.654008507728576660e-01 1.558406800031661987e-01 -5.107731819152832031e-01 -4.805943742394447327e-02 -2.186240553855895996e-01 8.748167157173156738e-01 2.734955847263336182e-01 5.039319396018981934e-01 2.127023637294769287e-01 -6.922876238822937012e-01 -3.564819097518920898e-01 -2.335967868566513062e-01 3.537154197692871094e-01 -3.668245673179626465e-01 2.587838172912597656e-01 4.280376248061656952e-03 5.912119057029485703e-03 -1.824954338371753693e-02 -4.137012362480163574e-01 2.275872677564620972e-01 -7.358817458152770996e-01 -2.675693631172180176e-01 5.939992610365152359e-03 2.076496928930282593e-01 2.486607432365417480e-01 -4.486868381500244141e-01 3.278539329767227173e-02 -6.643091440200805664e-01 -7.606165111064910889e-02 1.112308353185653687e-01 7.659987211227416992e-01 -1.298963874578475952e-01 -2.031079083681106567e-01 -1.496643275022506714e-01 -6.433163285255432129e-01 3.803968057036399841e-02 5.301321148872375488e-01 -4.859603345394134521e-01 -2.458724081516265869e-01 4.491531755775213242e-03 -8.709304928779602051e-01 9.194136597216129303e-03 -1.118325069546699524e-01 -5.571460127830505371e-01 -5.486053228378295898e-01 -8.986672759056091309e-01 -4.784708023071289062e-01 2.343644946813583374e-01 1.961142718791961670e-01 5.044196546077728271e-02
-4.473093748092651367e-01 6.000655293464660645e-01 6.286326646804809570e-01 4.647980630397796631e-02 1.400646567344665527e-01 8.573044538497924805e-01 -8.106328845024108887e-01 4.636470973491668701e-02 -5.834646224975585938e-01 -5.744988322257995605e-01 -6.055847927927970886e-02 -1.128381013870239258e+00 2.517165383324027061e-03 -5.618034005165100098e-01 -5.552722215652465820e-01 -2.778297662734985352e-01 -9.191237688064575195e-01 -3.756325840950012207e-01 6.788987666368484497e-02 2.702265679836273193e-01 7.616180777549743652e-01 -1.911084800958633423e-01 5.839214324951171875e-01 -1.129101514816284180e+00 -4.511313736438751221e-01 3.255301415920257568e-01 -7.346697449684143066e-01 -4.765462875366210938e-01 -6.617084890604019165e-02 -1.242364523932337761e-03 -3.487269878387451172e-01 2.056426852941513062e-01 4.696463644504547119e-01 4.837251007556915283e-01 -5.164074897766113281e-01 -1.456139683723449707e-01 1.145416498184204102e+00 -8.347216062247753143e-03 8.672690987586975098e-01 -3.206721320748329163e-02 1.409750938415527344e+00 -1.228343099355697632e-01 3.412046134471893311e-01 -2.717391401529312134e-02 1.415839046239852905e-01 -2.795407176017761230e-01 -1.298994570970535278e-01 -7.247301936149597168e-01 -1.656520068645477295e-01 -5.584096312522888184e-01 3.313662707805633545e-01 -5.704771280288696289e-01 6.825066357851028442e-02 2.379733920097351074e-01 1.316289752721786499e-01 -6.765070557594299316e-01 -7.142136096954345703e-01 1.100209206342697144e-01 -6.889138221740722656e-01 3.473260700702667236e-01 -2.305941097438335419e-02 6.390259861946105957e-01 1.193134933710098267e-01 -3.661403357982635498e-01
-1.790341883897781372e-01 -5.157369971275329590e-01 2.502310574054718018e-01 -6.004648283123970032e-02 4.238321185111999512e-01 3.573757410049438477e-01 -5.122060775756835938e-01 -6.595221906900405884e-02 -4.366965889930725098e-01 -1.194892823696136475e-01 1.294120103120803833e-01 -9.414418935775756836e-01 -6.968210935592651367e-01 7.376851439476013184e-01 -5.498267412185668945e-01 -5.704932808876037598e-01 -3.534694910049438477e-01 9.355432540178298950e-02 8.104251027107238770e-01 3.128247261047363281e-01 -2.671313099563121796e-02 8.892677426338195801e-01 4.215481281280517578e-01 -1.940768063068389893e-01 -2.716723680496215820e-01 -9.705284982919692993e-02 -8.824798464775085449e-02 -3.010003566741943359e-01 9.616169333457946777e-01 -5.023608803749084473e-01 -7.713332772254943848e-02 -1.315787881612777710e-01 -3.848681747913360596e-01 2.547755241394042969e-01 -4.864839017391204834e-01 -4.200597703456878662e-01 9.576576352119445801e-01 5.742497369647026062e-02 2.418950349092483521e-01 -9.245932102203369141e-01 7.839451543986797333e-03 -5.052637457847595215e-01 5.364052653312683105e-01 -2.015721797943115234e-01 5.779310464859008789e-01 -1.759169846773147583e-01 -5.878440141677856445e-01 -4.472104609012603760e-01 1.971102654933929443e-01 1.747943758964538574e-01 1.816079914569854736e-01 -6.936974525451660156e-01 6.391149163246154785e-01 4.885888993740081787e-01 3.257637843489646912e-02 3.562040925025939941e-01 2.690259814262390137e-01 -3.214249312877655029e-01 -4.779707789421081543e-01 1.161927729845046997e-01 -1.201712250709533691e+00 -1.446253955364227295e-01 3.849101960659027100e-01 2.147927433252334595e-01
3.467109799385070801e-01 -6.102663874626159668e-01 -3.138144910335540771e-01 6.105552911758422852e-01 -5.483081564307212830e-02 -1.889577060937881470e-01 -9.700717329978942871e-01 -4.399622976779937744e-02 -6.501022577285766602e-01 -2.499014735221862793e-01 -4.867042005062103271e-01 -8.783748149871826172e-01 -2.601309120655059814e-01 9.078549221158027649e-03 1.184164509177207947e-01 2.824636399745941162e-01 -4.757691621780395508e-01 -5.782091021537780762e-01 3.265843987464904785e-01 2.548651099205017090e-01 -1.178533118218183517e-02 6.588962674140930176e-01 -7.783778011798858643e-02 -6.488279104232788086e-01 3.729915916919708252e-01 1.925628483295440674e-01 -1.895921081304550171e-01 1.526942700147628784e-01 5.181140899658203125e-01 -4.083605706691741943e-01 -6.328839063644409180e-01 4.550914093852043152e-02 -2.535937726497650146e-01 -3.983986377716064453e-01 -1.013847813010215759e-01 -6.354244947433471680e-01 6.033275723457336426e-01 -1.765722334384918213e-01 4.855479300022125244e-01 -4.181853234767913818e-01 2.289953827857971191e-01 -4.497008919715881348e-01 1.833862960338592529e-01 -3.834764063358306885e-01 2.873565852642059326e-01 -6.042737141251564026e-02 -8.452495932579040527e-01 -3.994369208812713623e-01 2.394049316644668579e-01 5.976236462593078613e-01 3.228730261325836182e-01 -1.733067631721496582e-01 1.263173073530197144e-01 -1.174769327044487000e-01 -2.621279843151569366e-02 1.142041757702827454e-01 -2.923482842743396759e-02 -2.164621837437152863e-02 -7.818471193313598633e-01 3.895364403724670410e-01 -3.255835175514221191e-01 1.735353320837020874e-01 -6.936301290988922119e-02 -4.993168115615844727e-01
-5.086862295866012573e-02 -3.878882229328155518e-01 -2.170807272195816040e-01 -8.114883303642272949e-02 -2.453299909830093384e-01 -2.871738970279693604e-01 -1.923705637454986572e-01 4.186330437660217285e-01 -9.304181486368179321e-02 -2.269147932529449463e-01 1.359206736087799072e-01 -1.091388225555419922e+00 -5.708875656127929688e-01 -1.757552623748779297e-01 4.099989831447601318e-01 2.991656363010406494e-01 -1.053661227226257324e+00 5.957180261611938477e-01 5.444020032882690430e-02 2.505320906639099121e-01 5.255373716354370117e-01 5.809284448623657227e-01 -7.486292161047458649e-03 -2.883556783199310303e-01 -7.365243881940841675e-02 -9.605941176414489746e-02 -2.218263000249862671e-01 -2.051825374364852905e-01 2.791752517223358154e-01 -6.090316176414489746e-01 -2.627655491232872009e-02 -5.630068778991699219e-01 3.440777063369750977e-01 6.071595549583435059e-01 -6.482568979263305664e-01 -9.019005298614501953e-02 4.547531008720397949e-01 1.891009658575057983e-01 -1.678620725870132446e-01 1.409884840250015259e-01 2.466907054185867310e-01 -2.935020029544830322e-01 -2.482684403657913208e-01 2.242046296596527100e-01 6.160864979028701782e-02 2.328119874000549316e-01 -2.754033543169498444e-03 -5.040599107742309570e-01 -4.489538446068763733e-02 4.278564453125000000e-01 -3.307678997516632080e-01 -4.338833987712860107e-01 8.853740096092224121e-01 1.442279517650604248e-01 -2.289757728576660156e-01 -2.462839186191558838e-01 -2.396086752414703369e-01 3.452779948711395264e-01 -8.119683861732482910e-01 6.493757963180541992e-01 -5.644820928573608398e-01 -1.149735152721405029e-01 -1.018941625952720642e-01 -6.226155757904052734e-01
-2.106084488332271576e-03 5.433980822563171387e-01 1.644235998392105103e-01 1.554818153381347656e-01 1.626074612140655518e-01 -3.149510920047760010e-01 -2.850296497344970703e-01 -7.525219917297363281e-01 -6.168525815010070801e-01 -1.945606619119644165e-01 7.897801399230957031e-01 -3.547133505344390869e-01 -9.789619445800781250e-01 -4.546210765838623047e-01 -6.762264966964721680e-01 1.637965887784957886e-01 -1.350918859243392944e-01 -9.117933362722396851e-02 1.187887117266654968e-01 -2.044112533330917358e-01 1.036857008934020996e+00 2.615054138004779816e-02 -1.312505304813385010e-01 -3.956108391284942627e-01 5.461364388465881348e-01 1.737995743751525879e-01 -6.472229212522506714e-02 -2.553675472736358643e-01 -2.903835773468017578e-01 -1.071333959698677063e-01 -1.920523941516876221e-01 1.200976967811584473e-01 -3.281664848327636719e-01 3.837696015834808350e-01 8.051002025604248047e-02 -7.817577719688415527e-01 2.637234330177307129e-01 -2.448883280158042908e-02 6.447033025324344635e-03 -6.839097738265991211e-01 1.946828812360763550e-01 -4.499118030071258545e-02 -5.339608192443847656e-01 -5.469114780426025391e-01 6.787080764770507812e-01 -1.224942877888679504e-01 2.732836306095123291e-01 -8.843059539794921875e-01 7.277912646532058716e-02 1.508363783359527588e-01 1.555838529020547867e-02 4.724475443363189697e-01 8.483026623725891113e-01 -3.626159727573394775e-01 2.399908453226089478e-01 5.648533254861831665e-02 -8.125518262386322021e-02 9.147676825523376465e-01 -5.432533025741577148e-01 6.888805627822875977e-01 -1.086740255355834961e+00 6.074728369712829590e-01 2.776249349117279053e-01 -1.644640266895294189e-01
3.834771811962127686e-01 1.364742070436477661e-01 7.357046008110046387e-01 5.484701991081237793e-01 2.792801856994628906e-01 -1.564182043075561523e-01 5.168817639350891113e-01 5.639593601226806641e-01 -8.607858419418334961e-01 2.366617470979690552e-01 1.382360905408859253e-01 -1.424967288970947266e+00 1.661796569824218750e-01 -7.171916365623474121e-01 -1.269105225801467896e-01 5.671144127845764160e-01 1.548542082309722900e-02 -1.438370794057846069e-01 9.812650084495544434e-01 4.304698109626770020e-02 6.006870865821838379e-01 2.757049202919006348e-01 1.075748875737190247e-01 2.697050869464874268e-01 1.042852848768234253e-01 1.309903860092163086e-01 -2.377624064683914185e-01 6.469038724899291992e-01 -4.789682030677795410e-01 -3.372178375720977783e-01 1.005474805831909180e+00 -1.035936474800109863e-01 -4.275280833244323730e-01 5.146330595016479492e-02 1.664057746529579163e-02 -4.513933360576629639e-01 1.068589240312576294e-01 -1.660249829292297363e-01 8.412101864814758301e-02 4.995079934597015381e-01 3.644656240940093994e-01 2.897098660469055176e-01 1.580534726381301880e-01 3.841907382011413574e-01 -4.845171570777893066e-01 -6.296150088310241699e-01 -9.424362331628799438e-02 -2.018682658672332764e-01 -5.032854080200195312e-01 5.750479102134704590e-01 4.566689133644104004e-01 -1.609336286783218384e-01 -2.337526082992553711e-01 8.784828335046768188e-02 1.041022539138793945e-01 -6.695203781127929688e-01 9.177488274872303009e-03 1.421407014131546021e-01 -5.986595749855041504e-01 -1.546210646629333496e-01 -3.480052947998046875e-01 4.851116240024566650e-01 3.331865966320037842e-01 5.173732042312622070e-01
-3.822820782661437988e-01 2.557923495769500732e-01 7.458428740501403809e-01 -1.094366088509559631e-01 5.745949149131774902e-01 -2.233958542346954346e-01 5.458486080169677734e-01 -9.868279099464416504e-02 -1.013079643249511719e+00 -2.215871214866638184e-02 4.050646126270294189e-01 -1.166190743446350098e+00 -1.254532337188720703e+00 2.876972556114196777e-01 2.637483477592468262e-01 -1.573351919651031494e-01 -1.067328810691833496e+00 4.047597572207450867e-02 1.284532666206359863e+00 -4.250116050243377686e-01 1.379357576370239258e+00 3.973260223865509033e-01 -5.177803039550781250e-01 -9.809709191322326660e-01 5.492461323738098145e-01 -2.885079085826873779e-01 -2.782179713249206543e-01 -7.145076394081115723e-01 1.528016291558742523e-02 -1.495408862829208374e-01 5.813871026039123535e-01 -5.289638638496398926e-01 8.060634136199951172e-02 -5.090331435203552246e-01 -2.760404944419860840e-01 1.883191242814064026e-02 1.953884512186050415e-01 3.824541578069329262e-03 1.011962532997131348e+00 -2.299916148185729980e-01 6.939946413040161133e-01 -4.168914258480072021e-01 -5.227674841880798340e-01 6.414817571640014648e-01 -9.689707309007644653e-02 -4.379880130290985107e-01 -3.114169239997863770e-01 -1.048348665237426758e+00 -1.241647958755493164e+00 -2.424474060535430908e-01 7.653365135192871094e-01 9.081468731164932251e-02 -3.581497669219970703e-01 3.136057779192924500e-02 -2.685181051492691040e-02 9.094484448432922363e-01 -9.555091261863708496e-01 5.417492389678955078e-01 -3.267481625080108643e-01 3.548778593540191650e-01 -3.328116238117218018e-02 9.516116380691528320e-01 1.124612689018249512e+00 8.730144798755645752e-02
-1.812520474195480347e-01 8.680327236652374268e-02 1.321784496307373047e+00 4.832510352134704590e-01 4.435253329575061798e-03 6.546032428741455078e-01 -6.057741641998291016e-01 5.114116072654724121e-01 -5.808016061782836914e-01 -1.111339256167411804e-01 2.424422185868024826e-03 -2.936572432518005371e-01 -2.425978034734725952e-01 -2.177451848983764648e-01 -8.177601695060729980e-01 7.357016801834106445e-01 -1.427354365587234497e-01 3.759174048900604248e-01 8.193436861038208008e-01 5.766646862030029297e-01 1.159888386726379395e+00 1.006505966186523438e+00 -7.733355164527893066e-01 -9.921162128448486328e-01 4.214914739131927490e-01 3.358823955059051514e-01 -2.905967235565185547e-01 1.139576174318790436e-02 5.302276611328125000e-01 3.625683784484863281e-01 4.273683298379182816e-03 1.089725345373153687e-01 2.358270585536956787e-01 -1.720788776874542236e-01 9.608779102563858032e-02 3.251305222511291504e-01 1.066981852054595947e-01 1.615664362907409668e-01 5.266681686043739319e-02 -1.992393434047698975e-01 3.551141321659088135e-01 5.178463459014892578e-01 9.370194375514984131e-02 -3.353479504585266113e-02 2.874477803707122803e-01 -9.154307842254638672e-01 7.754527330398559570e-01 -1.362137496471405029e-01 5.256898701190948486e-02 1.174932196736335754e-01 3.084485530853271484e-01 -9.045718908309936523e-01 -7.318260669708251953e-01 -6.320386193692684174e-03 -2.891445457935333252e-01 6.145107746124267578e-01 -3.589260578155517578e-01 4.947575330734252930e-01 -6.712983250617980957e-01 4.772697091102600098e-01 4.074943661689758301e-01 6.360861063003540039e-01 4.855790734291076660e-01 -2.176851481199264526e-01
7.909916639328002930e-01 -2.052033990621566772e-01 9.284095168113708496e-01 -1.861345022916793823e-01 -9.202787280082702637e-02 7.461673617362976074e-01 -2.013566493988037109e-01 2.864958047866821289e-01 2.478784620761871338e-01 -6.506211161613464355e-01 -4.362250864505767822e-01 -9.539974927902221680e-01 -9.137144684791564941e-01 -2.776788473129272461e-01 -5.726486444473266602e-01 6.972420811653137207e-01 -1.096952199935913086e+00 -1.949818432331085205e-01 -3.737959861755371094e-01 -1.282301247119903564e-01 1.248104423284530640e-01 4.540167450904846191e-01 3.813779652118682861e-01 -4.853544831275939941e-01 -2.986153662204742432e-01 2.705119252204895020e-01 -4.679653346538543701e-01 -1.174351014196872711e-02 4.973312020301818848e-01 -3.323971927165985107e-01 -1.477475762367248535e-01 1.511880159378051758e-01 -2.035385742783546448e-02 -1.575238406658172607e-01 1.468541771173477173e-01 -8.297052979469299316e-01 1.553259193897247314e-01 2.821217179298400879e-01 -2.141754478216171265e-01 2.586193382740020752e-02 2.500116229057312012e-01 -4.599604904651641846e-01 -3.472492992877960205e-01 -7.181890308856964111e-02 8.437172770500183105e-01 -1.108863130211830139e-01 6.618828177452087402e-01 -4.439701139926910400e-01 -2.246792018413543701e-01 2.613200545310974121e-01 -4.965255558490753174e-01 -2.597853541374206543e-01 1.475891172885894775e-01 -2.471553683280944824e-01 -5.394796133041381836e-01 -1.186744347214698792e-01 -2.226339727640151978e-01 5.672145262360572815e-02 -5.111387372016906738e-02 -3.794806599617004395e-01 2.002734094858169556e-01 2.658423781394958496e-01 -5.394842103123664856e-02 4.196879565715789795e-01
4.396846592426300049e-01 1.162841171026229858e-01 9.467456340789794922e-01 2.458855956792831421e-01 3.236550092697143555e-01 -4.933124780654907227e-01 -8.029153198003768921e-02 3.977666199207305908e-01 -5.031350255012512207e-01 -5.058817863464355469e-01 1.863904595375061035e-01 -4.370223581790924072e-01 1.340922117233276367e-01 -3.412096798419952393e-01 -1.403729021549224854e-01 3.098006844520568848e-01 3.039845228195190430e-01 2.889531552791595459e-01 2.875686883926391602e-01 6.370477080345153809e-01 7.611402273178100586e-01 3.598575592041015625e-01 6.754358410835266113e-01 -6.651349067687988281e-01 -4.569744691252708435e-02 4.172466099262237549e-01 -5.064164474606513977e-02 1.279086619615554810e-01 5.690041184425354004e-01 -4.467884004116058350e-01 -3.255386650562286377e-01 7.662802934646606445e-01 -2.256248891353607178e-01 9.165313094854354858e-03 4.988319240510463715e-03 -8.703032732009887695e-01 8.681691437959671021e-02 4.748851358890533447e-01 3.023396134376525879e-01 1.532427594065666199e-02 5.550384521484375000e-01 2.854376733303070068e-01 3.966282308101654053e-02 3.493891060352325439e-01 5.607722997665405273e-01 -4.750145971775054932e-01 8.373317122459411621e-02 -3.786745667457580566e-01 4.090522229671478271e-01 2.565138638019561768e-01 2.557776868343353271e-01 -7.605135440826416016e-01 -2.070978656411170959e-02 5.025654286146163940e-02 -4.228964149951934814e-01 6.715652346611022949e-01 -2.600220590829849243e-02 4.472129642963409424e-01 -2.017841860651969910e-02 -7.355652451515197754e-01 1.558340489864349365e-01 9.057965129613876343e-02 5.833654999732971191e-01 -1.450737863779067993e-01
1.264829654246568680e-02 -2.913545370101928711e-01 1.151640713214874268e-01 1.169042363762855530e-01 -4.648817237466573715e-03 -4.925310611724853516e-02 -4.849470853805541992e-01 9.323430806398391724e-02 2.467567771673202515e-01 -2.264608144760131836e-01 -9.097529202699661255e-02 -9.079191684722900391e-01 1.494618356227874756e-01 3.227490186691284180e-01 -3.348786830902099609e-01 -5.495924353599548340e-01 -8.808587193489074707e-01 -8.104922622442245483e-02 3.865395486354827881e-01 1.806664317846298218e-01 -3.224687278270721436e-02 2.599662840366363525e-01 -4.256578683853149414e-01 -1.835878789424896240e-01 -7.853090018033981323e-02 -3.960827291011810303e-01 -3.869980275630950928e-01 -2.192564010620117188e-01 6.787095069885253906e-01 -5.811429619789123535e-01 -3.819428086280822754e-01 -4.078471660614013672e-01 -3.856897121295332909e-03 3.352436721324920654e-01 -5.387983322143554688e-01 -9.045920968055725098e-01 7.378152012825012207e-01 3.886040151119232178e-01 -1.447834521532058716e-01 -4.157262444496154785e-01 5.967451333999633789e-01 -4.032601416110992432e-01 -4.235667288303375244e-01 -1.273958086967468262e-01 1.615244448184967041e-01 -3.419425189495086670e-01 -1.000484347343444824e+00 -6.936543583869934082e-01 2.038512378931045532e-01 2.748222947120666504e-01 -1.551131308078765869e-01 -3.607982397079467773e-01 5.306043028831481934e-01 5.029511451721191406e-01 -2.923892438411712646e-01 1.651386916637420654e-01 -1.605562269687652588e-01 -1.463760435581207275e-01 -1.011865615844726562e+00 -1.792414784431457520e-01 -6.082851290702819824e-01 2.658270597457885742e-01 4.609038829803466797e-01 -2.951082587242126465e-01
8.557517528533935547e-01 5.282077789306640625e-01 6.231511235237121582e-01 3.208718448877334595e-02 1.276856511831283569e-01 4.045106470584869385e-01 1.235363334417343140e-01 -3.097330927848815918e-01 -3.720869123935699463e-01 9.189304709434509277e-01 -3.386970981955528259e-02 -6.699162721633911133e-01 -4.962334930896759033e-01 -6.202487740665674210e-03 -2.550051510334014893e-01 4.918359220027923584e-01 -4.266556203365325928e-01 1.879558153450489044e-02 1.486654996871948242e+00 6.304551362991333008e-01 1.242342114448547363e+00 -2.496224492788314819e-01 -5.727548003196716309e-01 3.203681856393814087e-02 -1.413092315196990967e-01 2.313150763511657715e-01 -4.552414119243621826e-01 6.171377301216125488e-01 1.208965301513671875e+00 -9.842837452888488770e-01 4.164056777954101562e-01 6.149962544441223145e-01 3.426373898983001709e-01 5.419247150421142578e-01 2.948811054229736328e-01 -3.901317417621612549e-01 3.649937510490417480e-01 -1.395667493343353271e-01 1.645861566066741943e-01 3.813787996768951416e-01 -3.469064533710479736e-01 -4.221665263175964355e-01 -9.439979791641235352e-01 4.157400727272033691e-01 3.276270031929016113e-01 -5.974336266517639160e-01 -5.530167371034622192e-02 -9.139676094055175781e-01 -9.021684527397155762e-01 5.122940540313720703e-01 2.727373540401458740e-01 -2.198034226894378662e-01 2.016885876655578613e-01 -9.255918860435485840e-02 5.625686049461364746e-01 1.758870482444763184e-01 -2.620748877525329590e-01 2.941894829273223877e-01 -3.695205152034759521e-01 6.079650521278381348e-01 -4.825451970100402832e-01 2.123158723115921021e-01 9.772517085075378418e-01 1.153823018074035645e+00
5.635041370987892151e-02 -3.671695888042449951e-01 2.541385591030120850e-01 2.995969057083129883e-01 2.306406199932098389e-02 1.715977489948272705e-01 4.025512933731079102e-01 -1.198046356439590454e-01 -1.090760111808776855e+00 -1.158005520701408386e-01 5.886600017547607422e-01 -9.537525177001953125e-01 -4.722435399889945984e-02 8.408790826797485352e-01 -5.426892042160034180e-01 7.136530876159667969e-01 -1.175969243049621582e+00 -1.698489785194396973e-01 7.970388233661651611e-02 8.449292778968811035e-01 8.271858692169189453e-01 -4.801570624113082886e-02 -5.643708109855651855e-01 -3.816578984260559082e-01 -4.203783571720123291e-01 -8.849676251411437988e-01 -6.136583089828491211e-01 -4.616635441780090332e-01 3.799709677696228027e-01 -3.479174673557281494e-01 5.665436387062072754e-02 3.062752485275268555e-01 5.562162995338439941e-01 -5.395258665084838867e-01 4.224527776241302490e-01 -1.161489725112915039e+00 -6.966399401426315308e-02 4.175342023372650146e-01 1.838349699974060059e-01 -4.035979211330413818e-01 2.968516349792480469e-01 -6.351252645254135132e-02 -9.324955940246582031e-01 -4.586020112037658691e-01 -1.815957278013229370e-01 6.471375823020935059e-01 3.759174048900604248e-01 -1.172495603561401367e+00 -2.890876531600952148e-01 3.913987874984741211e-01 1.491498947143554688e-01 -3.438822031021118164e-01 4.920694977045059204e-03 1.037068605422973633e+00 -7.067252397537231445e-01 -3.025796078145503998e-02 -4.029963016510009766e-01 1.600986570119857788e-01 -3.853304684162139893e-01 9.470695853233337402e-01 3.985125198960304260e-02 2.759673297405242920e-01 9.974352121353149414e-01 3.926322460174560547e-01
6.513307690620422363e-01 -6.610352993011474609e-01 5.891111493110656738e-01 -2.245657444000244141e-01 6.052953004837036133e-01 2.156775444746017456e-01 2.052492946386337280e-01 -2.185989636927843094e-03 -1.795967109501361847e-03 -6.140536069869995117e-01 -2.924000322818756104e-01 -1.968452334403991699e-01 -5.573436021804809570e-01 -3.394767045974731445e-01 -7.288097739219665527e-01 3.938786387443542480e-01 -2.234985083341598511e-01 5.287287235260009766e-01 6.591253727674484253e-02 8.937329649925231934e-01 6.247241497039794922e-01 7.589532136917114258e-01 3.361515700817108154e-02 -7.768619656562805176e-01 8.104812353849411011e-02 1.299192309379577637e-01 -6.137263402342796326e-02 -1.072863191366195679e-01 4.798439741134643555e-01 -7.608537673950195312e-01 -1.905936300754547119e-01 6.822175532579421997e-02 -8.870379999279975891e-03 -3.898160755634307861e-01 -2.922960817813873291e-01 -3.804370164871215820e-01 -2.033154517412185669e-01 4.617753922939300537e-01 1.628940701484680176e-01 -3.664572536945343018e-01 9.614109247922897339e-02 2.513844966888427734e-01 1.118572726845741272e-01 2.402688860893249512e-01 5.211616158485412598e-01 -3.684729039669036865e-01 5.345411300659179688e-01 -5.073473602533340454e-02 -2.344816178083419800e-02 -1.364936977624893188e-01 -3.935486078262329102e-01 -2.837183475494384766e-01 -4.743186235427856445e-01 1.526107341051101685e-01 -3.857700228691101074e-01 4.110299646854400635e-01 -4.541305080056190491e-02 4.654638096690177917e-02 -2.435528934001922607e-01 -2.200531959533691406e-01 -4.086818918585777283e-02 6.118895411491394043e-01 3.396223783493041992e-01 1.593625396490097046e-01
2.844666540622711182e-01 -5.026755332946777344e-01 7.384818047285079956e-03 1.595050692558288574e-01 6.956854462623596191e-01 -5.115443468093872070e-01 -2.434467673301696777e-01 4.442217946052551270e-01 -7.828605175018310547e-01 1.772787719964981079e-01 4.207458719611167908e-02 -4.297636449337005615e-01 1.938519626855850220e-01 2.832400798797607422e-02 -1.954720318317413330e-01 4.054569602012634277e-01 -6.961777806282043457e-01 -5.861344560980796814e-02 7.427831292152404785e-01 -1.221744269132614136e-01 5.711646080017089844e-01 6.329478621482849121e-01 4.240404069423675537e-01 -7.191594690084457397e-02 4.048493225127458572e-03 7.147103548049926758e-02 1.131824031472206116e-01 -5.780007243156433105e-01 -4.087302088737487793e-01 -1.698113083839416504e-01 -5.041263625025749207e-02 1.642348319292068481e-01 5.424098968505859375e-01 -1.672372519969940186e-01 -4.806841611862182617e-01 -7.334051132202148438e-01 1.243501231074333191e-01 3.885003328323364258e-01 7.578340824693441391e-03 5.339626073837280273e-01 -7.790405303239822388e-02 -1.081872954964637756e-01 3.502446711063385010e-01 5.431551933288574219e-01 2.114219665527343750e-01 -7.682124972343444824e-01 -2.003187835216522217e-01 -5.451642870903015137e-01 1.167648583650588989e-01 4.803216755390167236e-01 -8.362505435943603516e-01 -6.058828234672546387e-01 6.969209313392639160e-01 2.671380937099456787e-01 -3.814833462238311768e-01 3.989733383059501648e-02 1.008105557411909103e-02 4.549978077411651611e-01 -4.357365369796752930e-01 -5.999266505241394043e-01 -1.994836479425430298e-01 1.876505166292190552e-01 5.307872891426086426e-01 -1.107830777764320374e-01
5.817700624465942383e-01 2.747049331665039062e-01 -4.908684194087982178e-01 1.198587790131568909e-01 1.050106883049011230e-01 -5.795640349388122559e-01 2.538912892341613770e-01 -7.187021970748901367e-01 -3.095030188560485840e-01 -3.615209460258483887e-02 1.315130889415740967e-01 -3.051469624042510986e-01 -7.107987999916076660e-01 -7.846101373434066772e-02 -5.939669609069824219e-01 4.871937632560729980e-01 5.439150333404541016e-01 -3.681027293205261230e-01 3.878467679023742676e-01 -1.701069995760917664e-02 1.827197670936584473e+00 2.034770846366882324e-01 -4.840924739837646484e-01 -8.732247352600097656e-01 -2.725223302841186523e-01 8.848442137241363525e-02 -1.194372549653053284e-01 -6.779754534363746643e-03 4.299611747264862061e-01 -1.081144213676452637e-01 4.046026989817619324e-02 -6.114807128906250000e-01 -1.384463161230087280e-01 -6.346771121025085449e-02 1.762483119964599609e-01 -5.825419425964355469e-01 2.901443243026733398e-01 -5.489618182182312012e-01 -1.189095899462699890e-01 -4.856354594230651855e-01 1.331323146820068359e+00 -1.764369308948516846e-01 -5.439409613609313965e-01 -1.553843170404434204e-01 5.283623933792114258e-01 1.113065704703330994e-01 3.852061927318572998e-01 -7.815252542495727539e-01 -2.947402372956275940e-02 4.613968133926391602e-01 6.329491138458251953e-01 -5.755099933594465256e-03 7.066341638565063477e-01 -5.986923575401306152e-01 2.489633560180664062e-01 -3.994070589542388916e-01 1.747760474681854248e-01 1.536850780248641968e-01 -3.527559340000152588e-01 3.891862034797668457e-01 -6.303732991218566895e-01 -1.317183077335357666e-01 5.494621396064758301e-01 -1.391883641481399536e-01
1.705045998096466064e-01 5.272402763366699219e-01 1.096529364585876465e+00 -1.390172839164733887e-01 1.773225814104080200e-01 -6.821563243865966797e-01 1.088675558567047119e-01 1.899402886629104614e-01 -9.246826171875000000e-01 -6.096164584159851074e-01 3.965296447277069092e-01 -3.318543434143066406e-01 -2.452029846608638763e-02 -6.970965862274169922e-01 1.763161867856979370e-01 -1.486363857984542847e-01 -3.206552863121032715e-01 1.206564083695411682e-01 5.004299879074096680e-01 6.142886877059936523e-01 2.585743665695190430e-01 -1.060723885893821716e-01 1.084383856505155563e-02 -2.646268606185913086e-01 1.821049004793167114e-01 2.832338213920593262e-01 1.047533154487609863e-01 1.425414085388183594e-01 1.136173605918884277e+00 -2.546530067920684814e-01 -1.133597016334533691e+00 5.252289772033691406e-01 -8.132359385490417480e-02 -2.118012309074401855e-01 1.459451485425233841e-02 -3.691116869449615479e-01 -3.281535347923636436e-03 4.432729184627532959e-01 6.469690799713134766e-01 -3.234758973121643066e-03 7.203828096389770508e-01 2.219008505344390869e-01 -3.615840375423431396e-01 -2.199050737544894218e-03 7.208325266838073730e-01 -4.628224670886993408e-01 -3.490736782550811768e-01 -7.581883072853088379e-01 6.080309301614761353e-02 6.638767123222351074e-01 2.665493488311767578e-01 -5.784071087837219238e-01 4.187665283679962158e-01 3.996804058551788330e-01 -1.892166435718536377e-01 4.580376744270324707e-01 -4.606588780879974365e-01 -2.051808387041091919e-01 -2.271060198545455933e-01 -2.517211139202117920e-01 -4.992874860763549805e-01 -4.102861136198043823e-02 6.701255440711975098e-01 2.641005218029022217e-01
-2.166257649660110474e-01 -1.999123394489288330e-01 -2.806930840015411377e-01 -5.506020411849021912e-02 -6.243207454681396484e-01 3.753286600112915039e-01 -7.622730731964111328e-02 -6.059277653694152832e-01 -3.057504892349243164e-01 -3.825879096984863281e-01 5.122672319412231445e-01 -6.104813218116760254e-01 1.886853277683258057e-01 2.852240204811096191e-01 -1.340687274932861328e-01 1.569227576255798340e-01 -7.350054383277893066e-01 -2.462625205516815186e-01 3.543927669525146484e-01 1.123109102249145508e+00 6.838510036468505859e-01 1.180295199155807495e-01 1.016825437545776367e-01 -8.472316861152648926e-01 -1.158753857016563416e-01 -2.767712771892547607e-01 -3.791467547416687012e-01 1.835383474826812744e-02 6.513000931590795517e-03 -1.125260144472122192e-01 2.414551824331283569e-01 -4.233255982398986816e-01 1.953820139169692993e-01 3.956110030412673950e-02 -2.745551168918609619e-01 1.164692491292953491e-01 9.046227335929870605e-01 3.108354806900024414e-01 7.001532614231109619e-02 6.256775856018066406e-01 4.196615815162658691e-01 -2.353178560733795166e-01 4.179608225822448730e-01 -2.421632111072540283e-01 6.233941316604614258e-01 -3.319196105003356934e-01 -2.147205360233783722e-02 -1.036815166473388672e+00 1.292085200548171997e-01 6.792196035385131836e-01 -3.737953603267669678e-01 -4.695146381855010986e-01 5.517039895057678223e-01 -3.030594587326049805e-01 -2.227250039577484131e-01 -6.326326131820678711e-01 -6.442863345146179199e-01 -3.882942497730255127e-01 -3.313830494880676270e-01 4.973488152027130127e-01 -2.387611269950866699e-01 2.527820318937301636e-02 -2.431376427412033081e-01 -4.547589123249053955e-01
3.412266373634338379e-01 -4.789830744266510010e-01 4.247898757457733154e-01 1.057737246155738831e-01 -2.671175003051757812e-01 -6.264368444681167603e-02 -5.387088656425476074e-01 2.661345899105072021e-01 -6.195739507675170898e-01 6.805279105901718140e-02 1.097340136766433716e-01 -9.902331829071044922e-01 -1.594446003437042236e-01 -3.707338124513626099e-02 -4.260109066963195801e-01 -9.645297192037105560e-03 -7.720701098442077637e-01 -2.973203957080841064e-01 4.336731508374214172e-02 3.052652776241302490e-01 6.903868913650512695e-01 2.761455178260803223e-01 -1.004292909055948257e-02 -5.137294903397560120e-02 5.178070664405822754e-01 8.050685375928878784e-02 3.478716909885406494e-01 -1.415358781814575195e-01 2.198951542377471924e-01 9.711275249719619751e-02 -1.470068544149398804e-01 2.075533270835876465e-01 2.675445079803466797e-01 4.312971532344818115e-01 -3.303509354591369629e-01 6.583648920059204102e-02 8.426727056503295898e-01 2.858646512031555176e-01 5.708307772874832153e-02 4.640854895114898682e-02 3.922790586948394775e-01 -9.156937003135681152e-01 -3.798959776759147644e-02 1.702934205532073975e-01 4.105693697929382324e-01 1.862678527832031250e-01 -2.739159464836120605e-01 -3.230400383472442627e-01 1.731588132679462433e-02 5.092279314994812012e-01 -5.517086982727050781e-01 -6.573141217231750488e-01 7.618334293365478516e-01 -2.965804040431976318e-01 -6.686939597129821777e-01 -2.201442569494247437e-01 -6.133346557617187500e-01 -5.128946304321289062e-01 -4.186153411865234375e-01 -2.042388170957565308e-01 -1.264374703168869019e-01 -3.132567182183265686e-02 4.640810191631317139e-02 -8.574919700622558594e-01
4.741799533367156982e-01 -2.435292303562164307e-01 -2.438474819064140320e-02 4.235281646251678467e-01 4.603612124919891357e-01 -9.933139383792877197e-02 -6.047176718711853027e-01 -9.464823454618453979e-02 -5.943977236747741699e-01 2.522337734699249268e-01 3.798052966594696045e-01 -4.043193757534027100e-01 1.534432023763656616e-01 1.667082011699676514e-01 -1.866276860237121582e-01 4.108432531356811523e-01 -9.835990071296691895e-01 -3.687093257904052734e-01 -7.831506431102752686e-02 -4.129429534077644348e-02 5.746386647224426270e-01 5.980465412139892578e-01 4.621688425540924072e-01 -4.583936333656311035e-01 -3.190712034702301025e-01 3.985950946807861328e-01 -2.208360880613327026e-01 -1.005553960800170898e+00 -2.202750369906425476e-02 -3.413484394550323486e-01 -2.449332326650619507e-01 -5.049467086791992188e-01 5.780075788497924805e-01 3.281554877758026123e-01 -6.771331429481506348e-01 -2.882528305053710938e-01 2.828099131584167480e-01 2.000492662191390991e-01 1.206796094775199890e-01 5.391044020652770996e-01 7.214395701885223389e-02 -3.355095088481903076e-01 -5.855985283851623535e-01 3.634732365608215332e-01 -3.987066447734832764e-01 -1.815332770347595215e-01 -1.347285360097885132e-01 -5.271971821784973145e-01 3.931866586208343506e-02 8.082295656204223633e-01 1.326613407582044601e-02 -6.727876663208007812e-01 4.756417274475097656e-01 -1.493521034717559814e-01 1.841696798801422119e-01 -5.979305505752563477e-01 -5.098905563354492188e-01 2.738197445869445801e-01 -4.074543714523315430e-01 -7.960348576307296753e-02 -3.932707607746124268e-01 -1.707421988248825073e-01 -1.243609338998794556e-01 5.167132616043090820e-02
-4.416873753070831299e-01 1.378567218780517578e+00 6.441295742988586426e-01 -4.512819051742553711e-01 -3.572081625461578369e-01 1.257916241884231567e-01 4.517493247985839844e-01 -2.004237323999404907e-01 -3.781107664108276367e-01 3.310926854610443115e-01 -3.591382801532745361e-01 -1.211486577987670898e+00 -9.708606004714965820e-01 2.643091082572937012e-01 -7.844064831733703613e-01 1.064321864396333694e-02 -6.493844985961914062e-01 -3.451215028762817383e-01 1.254441738128662109e+00 1.070237994194030762e+00 2.157791137695312500e+00 4.850550368428230286e-02 6.537242978811264038e-02 -2.111334055662155151e-01 5.925862193107604980e-01 -2.730458676815032959e-01 -3.847077488899230957e-01 -7.040981650352478027e-01 4.280684590339660645e-01 -2.530770301818847656e-01 1.919772326946258545e-01 -4.068417847156524658e-01 3.557135462760925293e-01 -4.768102765083312988e-01 -2.426012307405471802e-01 -1.328100204467773438e+00 1.902794837951660156e-01 6.949821114540100098e-01 2.506507933139801025e-01 6.326030492782592773e-01 1.692488342523574829e-01 -6.405925154685974121e-01 -1.024018764495849609e+00 -3.557079732418060303e-01 3.941336274147033691e-01 6.940571665763854980e-01 6.168279051780700684e-01 -7.837096452713012695e-01 -4.317556321620941162e-01 -5.345063805580139160e-01 8.293066024780273438e-01 -8.263839483261108398e-01 -1.084665954113006592e-01 -6.770505011081695557e-02 -2.159633487462997437e-02 -1.427162438631057739e-01 -3.261806815862655640e-02 -3.734595775604248047e-01 -1.106602191925048828e+00 -5.101986527442932129e-01 -9.511077404022216797e-01 8.405495285987854004e-01 1.006901934742927551e-01 4.644940793514251709e-01
-8.748356252908706665e-02 9.907723069190979004e-01 1.924989521503448486e-01 -6.518465280532836914e-02 -1.059871613979339600e-01 -6.441356539726257324e-01 -3.887139856815338135e-01 -1.116966247558593750e+00 -1.544657200574874878e-01 2.964130640029907227e-01 9.214780926704406738e-01 -1.907562091946601868e-02 -5.795835256576538086e-01 6.916259229183197021e-02 -5.219496488571166992e-01 3.471527993679046631e-01 -2.926030755043029785e-01 -1.448229104280471802e-01 1.178632229566574097e-01 5.721405148506164551e-01 7.247706055641174316e-01 3.092433214187622070e-01 -2.319259494543075562e-01 -4.232825338840484619e-01 3.402784932404756546e-03 3.790617883205413818e-01 -3.003906011581420898e-01 -5.303104519844055176e-01 3.740188479423522949e-01 -1.053380444645881653e-01 1.056061964482069016e-02 -5.100685730576515198e-02 -3.442017138004302979e-01 -4.672989845275878906e-01 -7.056505978107452393e-02 8.588787913322448730e-02 4.130760133266448975e-01 -4.825397431850433350e-01 1.382319033145904541e-01 -7.740473002195358276e-02 4.978358149528503418e-01 1.099560484290122986e-01 -3.467867895960807800e-02 -3.547822535037994385e-01 6.094552874565124512e-01 -8.502278476953506470e-02 7.768937200307846069e-02 -3.094566166400909424e-01 -3.149599432945251465e-01 7.732313871383666992e-01 1.227307915687561035e-01 -2.717204391956329346e-01 6.275327205657958984e-01 -1.454615443944931030e-01 9.094309806823730469e-02 -5.012784600257873535e-01 -5.635786652565002441e-01 7.428144812583923340e-01 -8.342118859291076660e-01 8.436634391546249390e-02 -6.660637855529785156e-01 -6.231310591101646423e-02 1.001262441277503967e-01 -3.385509550571441650e-01
-3.917918205261230469e-01 9.592923521995544434e-01 2.638533711433410645e-01 -4.948970302939414978e-02 5.311248302459716797e-01 1.156544238328933716e-01 -3.792193531990051270e-01 -4.293378591537475586e-01 -8.059872984886169434e-01 -3.950722217559814453e-01 -5.495524778962135315e-02 -6.915619969367980957e-01 -2.580420672893524170e-01 -6.472684442996978760e-02 -7.564403414726257324e-01 5.283464789390563965e-01 -1.362779378890991211e+00 1.096236631274223328e-01 5.859574079513549805e-01 4.899707734584808350e-01 5.121539831161499023e-01 2.797836065292358398e-01 3.138586878776550293e-01 -6.882048845291137695e-01 -3.844749927520751953e-01 2.092958837747573853e-01 -1.203663825988769531e+00 -7.294492125511169434e-01 1.608870774507522583e-01 -6.627394556999206543e-01 -5.936357378959655762e-01 -4.790495932102203369e-01 2.382647804915904999e-02 3.469478487968444824e-01 -6.132006049156188965e-01 1.476468294858932495e-01 1.000166177749633789e+00 4.927542805671691895e-01 7.186104655265808105e-01 4.666351675987243652e-01 6.727302670478820801e-01 3.267128467559814453e-01 -2.829422615468502045e-02 -2.465728819370269775e-01 -2.511701583862304688e-01 -2.583977878093719482e-01 -1.057074964046478271e-01 -7.127944231033325195e-01 -3.978247642517089844e-01 -4.155078232288360596e-01 2.239878624677658081e-01 -3.115781843662261963e-01 1.906832307577133179e-01 4.875100255012512207e-01 5.195385813713073730e-01 -1.034631371498107910e+00 -5.160016417503356934e-01 5.546385645866394043e-01 -7.023382782936096191e-01 8.817269206047058105e-01 3.033208549022674561e-01 5.170778632164001465e-01 -2.798366546630859375e-01 1.742973737418651581e-02
-1.092922464013099670e-01 -2.239816635847091675e-02 -1.122906953096389771e-01 7.718603312969207764e-02 -2.552259266376495361e-01 -2.938264012336730957e-01 7.920214533805847168e-02 -4.726405739784240723e-01 -9.637238085269927979e-02 -4.694298654794692993e-02 5.704030394554138184e-01 -4.558350443840026855e-01 1.543386578559875488e-01 2.101035863161087036e-01 -7.066766172647476196e-02 6.289360523223876953e-01 -5.813393592834472656e-01 -2.331444323062896729e-01 5.213950276374816895e-01 3.391082286834716797e-01 2.786977589130401611e-01 6.621192097663879395e-01 1.423272490501403809e-01 -3.606117665767669678e-01 4.991276934742927551e-02 -7.381793856620788574e-02 -6.822350621223449707e-01 -2.900400161743164062e-01 5.758263170719146729e-02 -7.677592635154724121e-01 7.622250169515609741e-02 -2.598472535610198975e-01 -4.983641505241394043e-01 -6.338649243116378784e-02 -5.687309503555297852e-01 2.883854210376739502e-01 6.062905192375183105e-01 4.771088361740112305e-01 -8.106679469347000122e-02 3.956914842128753662e-01 1.539274454116821289e-01 -2.284420132637023926e-01 3.300376534461975098e-01 -1.132591664791107178e-01 5.085152983665466309e-01 -1.889510899782180786e-01 -1.525452882051467896e-01 -9.266257882118225098e-01 -1.765713468194007874e-02 5.609086155891418457e-01 -3.259477913379669189e-01 -1.466447860002517700e-01 2.272450476884841919e-01 1.229734197258949280e-01 -1.270866096019744873e-01 -8.884610533714294434e-01 -2.270172387361526489e-01 -4.219689965248107910e-01 -7.104014754295349121e-01 3.328878581523895264e-01 -5.368348956108093262e-01 -3.647990822792053223e-01 -5.002815127372741699e-01 -1.464273929595947266e-01
3.678697645664215088e-01 2.161186635494232178e-01 9.456126093864440918e-01 -1.530337333679199219e-01 -2.499810010194778442e-01 -1.045756101608276367e+00 -3.644777238368988037e-01 3.049132355954498053e-04 2.284598909318447113e-02 -1.866289973258972168e-01 -2.278338521718978882e-01 -5.422022342681884766e-01 -5.528438687324523926e-01 -7.106391787528991699e-01 1.111861392855644226e-01 6.624597907066345215e-01 -7.041804194450378418e-01 -2.566438615322113037e-01 4.140231013298034668e-01 6.955502033233642578e-01 6.228005290031433105e-01 2.391592860221862793e-01 5.917993374168872833e-03 -8.108291774988174438e-02 -1.289144456386566162e-01 -6.862064003944396973e-01 -3.561403155326843262e-01 -5.626848936080932617e-01 6.289869546890258789e-01 -1.828764192759990692e-02 -7.918007969856262207e-01 1.110497117042541504e-01 -4.210139214992523193e-01 4.378281533718109131e-01 1.165808923542499542e-02 -5.422647595405578613e-01 3.268561139702796936e-02 3.654066324234008789e-01 4.962921738624572754e-01 -3.630946204066276550e-02 3.714266419410705566e-01 -3.892522752285003662e-01 -2.377543002367019653e-01 -3.121522627770900726e-02 1.759938299655914307e-01 -5.560122132301330566e-01 -5.355889797210693359e-01 -3.268332481384277344e-01 4.264045953750610352e-01 2.049550414085388184e-01 -2.201545089483261108e-01 -6.843656897544860840e-01 -1.742082536220550537e-01 -2.274269051849842072e-02 1.070805359631776810e-02 3.982610702514648438e-01 -9.533128887414932251e-02 -2.293472439050674438e-01 -1.338006556034088135e-01 -6.732919812202453613e-01 -2.502528131008148193e-01 5.235609784722328186e-02 9.262061715126037598e-01 2.427952438592910767e-01
8.923987299203872681e-02 -1.688855141401290894e-02 4.255027323961257935e-02 -8.872821182012557983e-02 -1.247444152832031250e-01 5.666907131671905518e-02 -2.225483506917953491e-01 -6.352429091930389404e-02 9.145760536193847656e-02 -4.250889420509338379e-01 -1.132512614130973816e-01 -3.019994497299194336e-01 -4.582703113555908203e-01 -6.090833544731140137e-01 -5.328735709190368652e-01 -2.219632714986801147e-01 -5.114126205444335938e-01 -3.277781307697296143e-01 1.325873583555221558e-01 -1.517884582281112671e-01 1.619755268096923828e+00 3.661380410194396973e-01 -9.639081358909606934e-02 -1.368673682212829590e+00 5.941369757056236267e-02 -2.009207755327224731e-01 -6.731796860694885254e-01 3.213508427143096924e-01 -4.595625400543212891e-02 4.989511966705322266e-01 -3.004709780216217041e-01 1.730420142412185669e-01 -1.732384264469146729e-01 -1.089706495404243469e-01 -2.484009563922882080e-01 -5.557981729507446289e-01 5.830896496772766113e-01 -4.021544456481933594e-01 -4.148110151290893555e-01 -7.033686041831970215e-01 6.104058623313903809e-01 1.470206081867218018e-01 -6.563468575477600098e-01 1.060906946659088135e-01 7.133162021636962891e-01 -9.732885360717773438e-01 3.915703296661376953e-01 -6.465509533882141113e-01 -2.606882452964782715e-01 -1.955520361661911011e-01 2.839084267616271973e-01 -3.527126312255859375e-01 9.962509386241436005e-03 -4.705508947372436523e-01 -4.203989207744598389e-01 -6.963861584663391113e-01 -2.271518111228942871e-01 -2.030425220727920532e-01 -1.108083054423332214e-01 2.429675608873367310e-01 3.945745229721069336e-01 2.231006920337677002e-01 4.882794320583343506e-01 -7.889080047607421875e-01
2.107619941234588623e-01 6.195518374443054199e-01 9.019261002540588379e-01 -1.330772191286087036e-01 -2.288675121963024139e-02 -7.381792664527893066e-01 2.177970111370086670e-01 1.625799387693405151e-01 -6.178145408630371094e-01 -5.156531333923339844e-01 4.300558567047119141e-01 -3.661189079284667969e-01 -1.836185455322265625e-01 -6.017420887947082520e-01 1.514932066202163696e-01 -3.651660084724426270e-01 -4.610991179943084717e-01 7.871085405349731445e-02 2.882086336612701416e-01 7.731373310089111328e-01 3.708874881267547607e-01 6.819511204957962036e-02 -1.273809522390365601e-01 -3.456368744373321533e-01 1.895217299461364746e-01 2.521424591541290283e-01 8.754312247037887573e-02 2.454235404729843140e-01 9.901582002639770508e-01 -3.217140436172485352e-01 -7.900301814079284668e-01 6.965606212615966797e-01 -3.474905341863632202e-02 -2.925074398517608643e-01 -1.376072317361831665e-01 -4.610633850097656250e-01 -4.927993193268775940e-02 4.380250573158264160e-01 7.821282148361206055e-01 -9.847506135702133179e-02 7.738106846809387207e-01 2.414519488811492920e-01 -3.466653227806091309e-01 2.857896089553833008e-01 7.747290134429931641e-01 -4.032783806324005127e-01 -4.715796709060668945e-01 -6.600533127784729004e-01 1.040274575352668762e-01 4.091212451457977295e-01 2.969241440296173096e-01 -6.019225120544433594e-01 3.570934236049652100e-01 3.919639885425567627e-01 -1.466589719057083130e-01 5.630998015403747559e-01 -5.170657038688659668e-01 -1.051849201321601868e-01 -1.245530396699905396e-01 -3.628131449222564697e-01 -6.268381476402282715e-01 1.098747700452804565e-01 6.597583293914794922e-01 3.774977624416351318e-01
-7.987106591463088989e-02 -7.907082885503768921e-02 4.180628657341003418e-01 6.559724211692810059e-01 -2.112510651350021362e-01 -8.597444742918014526e-03 5.050434544682502747e-02 -3.955481350421905518e-01 -5.864567160606384277e-01 -3.086828589439392090e-01 5.331888198852539062e-01 -4.448897540569305420e-01 -9.651980400085449219e-01 -2.471670806407928467e-01 -6.045119762420654297e-01 3.827564045786857605e-02 1.088169366121292114e-01 -2.744460850954055786e-02 3.768102228641510010e-01 1.467267423868179321e-01 5.929237604141235352e-01 3.733369708061218262e-02 -7.529221940785646439e-03 -9.507979750633239746e-01 4.019202589988708496e-01 5.219097733497619629e-01 -3.554537892341613770e-01 -1.362366974353790283e-01 4.766765609383583069e-02 3.703068792819976807e-01 -2.769258916378021240e-01 -2.062474191188812256e-01 -9.589781612157821655e-02 1.104913279414176941e-01 -8.830588310956954956e-02 -1.017812132835388184e+00 7.178699225187301636e-02 -4.987692832946777344e-01 4.792861938476562500e-01 -4.853456616401672363e-01 -3.296749889850616455e-01 1.185963526368141174e-01 4.664606750011444092e-01 -2.944578528404235840e-01 2.900874912738800049e-01 -5.607176423072814941e-01 -4.799307882785797119e-02 -3.923623263835906982e-01 3.768627345561981201e-01 1.223655641078948975e-01 5.250262618064880371e-01 -9.563120603561401367e-01 1.238457679748535156e+00 3.012779951095581055e-01 2.069579064846038818e-01 6.630169153213500977e-01 -1.150276958942413330e-01 6.491919755935668945e-01 -1.274334430694580078e+00 3.673321008682250977e-01 -6.365247368812561035e-01 7.830320298671722412e-02 1.036235317587852478e-01 4.959363043308258057e-01
4.482324421405792236e-01 -6.820607930421829224e-02 1.260712742805480957e-01 2.823371887207031250e-01 -7.398279011249542236e-02 -6.578425765037536621e-01 3.301639854907989502e-02 1.946340315043926239e-02 -1.026136800646781921e-01 -2.610020339488983154e-01 -1.262826565653085709e-02 -1.990162730216979980e-01 -6.362421512603759766e-01 -4.403495192527770996e-01 -4.650248289108276367e-01 1.150541976094245911e-01 -4.973996877670288086e-01 1.752716004848480225e-01 6.165573000907897949e-01 -2.700716853141784668e-01 1.513445377349853516e+00 2.528297007083892822e-01 -2.830258905887603760e-01 -1.198564887046813965e+00 2.444423735141754150e-02 6.340841948986053467e-02 -8.297798037528991699e-01 -1.598508208990097046e-01 -1.923349648714065552e-01 7.593536972999572754e-01 -7.082638144493103027e-02 -1.719317771494388580e-02 -4.190782606601715088e-01 1.342219263315200806e-01 -5.435062050819396973e-01 -6.324383020401000977e-01 4.401384294033050537e-01 -4.282214939594268799e-01 -1.308017373085021973e-01 -8.378083705902099609e-01 7.756520509719848633e-01 -2.905578911304473877e-01 -1.202382087707519531e+00 7.807580754160881042e-03 7.421361804008483887e-01 -3.137201666831970215e-01 3.879084289073944092e-01 -9.197625517845153809e-01 -6.970443129539489746e-01 1.445522457361221313e-01 2.798226773738861084e-01 -5.368413925170898438e-01 1.414003968238830566e-01 -6.338644623756408691e-01 -2.211707234382629395e-01 -9.857917428016662598e-01 -2.106527239084243774e-01 -3.583017587661743164e-01 2.623635232448577881e-01 1.321114152669906616e-01 3.430064916610717773e-01 -4.681409150362014771e-02 3.190116286277770996e-01 -5.992422699928283691e-01
7.342455983161926270e-01 -3.482831120491027832e-01 6.532647013664245605e-01 -1.301139011047780514e-03 -1.448921412229537964e-01 -3.922652602195739746e-01 -5.577049255371093750e-01 -5.360839962959289551e-01 -2.578450143337249756e-01 -2.840319871902465820e-01 -1.802714318037033081e-01 -4.275227487087249756e-01 -5.007985830307006836e-01 -1.584267318248748779e-01 -4.248068928718566895e-01 7.921442389488220215e-01 -1.381583929061889648e+00 1.396919339895248413e-01 7.158291935920715332e-01 5.590468272566795349e-02 5.223806500434875488e-01 3.257787227630615234e-01 -1.624683849513530731e-02 -2.978584170341491699e-01 1.872814148664474487e-01 -5.268724560737609863e-01 3.748164772987365723e-01 -2.345533072948455811e-01 3.124722242355346680e-01 3.293942809104919434e-01 -5.741968154907226562e-01 5.820588394999504089e-02 -6.373917460441589355e-01 2.751616016030311584e-02 -8.177633881568908691e-01 -2.271715849637985229e-01 1.615979969501495361e-01 1.492448449134826660e-01 -1.933694630861282349e-01 -2.821252346038818359e-01 2.658315002918243408e-01 -3.986699879169464111e-01 -5.784254074096679688e-01 5.228259563446044922e-01 1.861598342657089233e-01 5.713829398155212402e-01 4.769267980009317398e-03 -1.992417424917221069e-01 -1.672394424676895142e-01 4.340077638626098633e-01 -6.719298958778381348e-01 -4.216505289077758789e-01 5.339352488517761230e-01 -3.092002272605895996e-01 -4.251248240470886230e-01 1.973999105393886566e-02 -6.749159693717956543e-01 -4.657496213912963867e-01 1.748985052108764648e-01 4.623768106102943420e-02 -1.521721929311752319e-01 1.014654040336608887e-01 -1.934364438056945801e-01 9.874331206083297729e-02
-1.370455622673034668e-01 -9.578680992126464844e-02 -2.982565574347972870e-02 -4.370092749595642090e-01 -4.557848870754241943e-01 7.586825639009475708e-02 -3.324021995067596436e-01 -1.320171207189559937e-01 -1.549245715141296387e-01 -2.745862901210784912e-01 3.680957257747650146e-01 -1.354101538658142090e+00 1.449659094214439392e-02 -1.497800648212432861e-01 4.607647955417633057e-01 -3.349110111594200134e-02 -9.945709109306335449e-01 4.648533463478088379e-01 -2.517330460250377655e-02 3.945729732513427734e-01 7.231077551841735840e-01 4.519160687923431396e-01 2.022003978490829468e-01 -3.728338181972503662e-01 -1.655845791101455688e-01 -3.992180526256561279e-02 -1.785019189119338989e-01 2.352984063327312469e-02 7.864043861627578735e-02 -3.403467312455177307e-02 3.319881856441497803e-01 -5.189353823661804199e-01 6.341530680656433105e-01 5.073385834693908691e-01 -6.621425747871398926e-01 -9.547165036201477051e-02 7.351896166801452637e-01 3.309573829174041748e-01 -6.309690885245800018e-03 2.744481861591339111e-01 4.406932890415191650e-01 -2.642097175121307373e-01 -1.806431263685226440e-01 3.435938358306884766e-01 2.965042889118194580e-01 2.702226676046848297e-02 -4.780384898185729980e-02 -1.052075505256652832e+00 -5.863570794463157654e-02 3.268107771873474121e-01 -4.578365683555603027e-01 -5.221081376075744629e-01 6.273233890533447266e-01 -1.022344902157783508e-01 -4.788591563701629639e-01 -3.314767181873321533e-01 -1.530956029891967773e-01 -1.485123764723539352e-02 -6.169776916503906250e-01 5.585685968399047852e-01 -4.317505359649658203e-01 1.519849598407745361e-01 -6.535635143518447876e-02 -7.778735160827636719e-01
4.988132715225219727e-01 1.335849910974502563e-01 -5.967248603701591492e-02 3.434830009937286377e-01 4.163568615913391113e-01 -6.322374343872070312e-01 -6.073220372200012207e-01 -5.312574505805969238e-01 -6.287883520126342773e-01 2.183258533477783203e-02 -5.804435908794403076e-02 -9.679069519042968750e-01 -1.124591827392578125e-01 5.392952561378479004e-01 -3.702470064163208008e-01 6.658563613891601562e-01 -7.451726794242858887e-01 -1.859311461448669434e-01 -3.212703168392181396e-01 4.201453030109405518e-01 8.792665600776672363e-01 4.281376302242279053e-01 2.501667737960815430e-01 -4.911504685878753662e-01 7.153510116040706635e-03 6.230986714363098145e-01 -5.641983151435852051e-01 -7.188716530799865723e-01 4.005872011184692383e-01 -1.910724490880966187e-01 -2.656691968441009521e-01 -5.315837860107421875e-01 9.772094339132308960e-02 1.869074851274490356e-01 -5.729933977127075195e-01 -1.080676391720771790e-01 -2.070489674806594849e-01 6.947243213653564453e-01 4.973047971725463867e-02 6.900527477264404297e-01 -2.177632600069046021e-01 -1.060646399855613708e-01 -6.809182167053222656e-01 -3.729084506630897522e-02 -3.230966925621032715e-01 -2.522052824497222900e-01 9.430360794067382812e-02 -3.526614904403686523e-01 -6.199658289551734924e-02 2.873114645481109619e-01 3.955132365226745605e-01 -4.885163903236389160e-01 1.045227408409118652e+00 2.039831429719924927e-01 1.084544807672500610e-01 -6.897684931755065918e-01 -6.485813856124877930e-01 3.581013679504394531e-01 -5.402770638465881348e-01 4.355721473693847656e-01 -9.699194133281707764e-02 -5.798125639557838440e-02 -3.547544181346893311e-01 -2.087412774562835693e-01
3.768974840641021729e-01 6.050805449485778809e-01 9.675624370574951172e-01 -3.366624116897583008e-01 -3.937456905841827393e-01 -1.039579153060913086e+00 -8.282805234193801880e-02 -1.807709634304046631e-01 -2.569909989833831787e-01 -2.859277427196502686e-01 2.306538075208663940e-01 -2.960366010665893555e-01 -3.081438243389129639e-01 -4.464537799358367920e-01 1.779433339834213257e-01 -6.243930757045745850e-02 -5.977920293807983398e-01 -1.713621765375137329e-01 6.547303199768066406e-01 2.954157590866088867e-01 7.532600164413452148e-01 4.206477701663970947e-01 -2.429887354373931885e-01 -2.576708495616912842e-01 -7.431680709123611450e-02 2.909661084413528442e-02 -1.104044079780578613e+00 -5.209528803825378418e-01 1.006755590438842773e+00 1.326786428689956665e-01 -3.512097001075744629e-01 1.470994800329208374e-01 -6.729562878608703613e-01 -1.201988905668258667e-01 1.731785237789154053e-01 -4.432053864002227783e-01 -1.390331387519836426e-01 7.718479633331298828e-01 5.816764757037162781e-02 4.203953742980957031e-01 8.215686678886413574e-01 -2.839526832103729248e-01 2.967871911823749542e-02 5.931578576564788818e-02 3.293874263763427734e-01 -5.196783542633056641e-01 -4.680550694465637207e-01 -3.839625418186187744e-01 7.429841905832290649e-02 4.876128137111663818e-01 -8.023659884929656982e-02 -4.660809338092803955e-01 2.368954420089721680e-01 9.723303467035293579e-02 7.682189345359802246e-02 2.551836073398590088e-01 -2.616701424121856689e-01 -2.611511647701263428e-01 -2.695501744747161865e-01 -8.676342964172363281e-01 -3.439434766769409180e-01 -2.987041771411895752e-01 5.092805624008178711e-01 1.447880268096923828e-01
-3.205875754356384277e-01 4.512233138084411621e-01 6.540321111679077148e-01 6.471538543701171875e-01 1.665746569633483887e-01 -2.749302424490451813e-02 -6.077419593930244446e-02 4.965056180953979492e-01 -6.570026874542236328e-01 1.793443113565444946e-01 -4.471511766314506531e-02 -1.424946069717407227e+00 -4.744387790560722351e-02 -6.431602835655212402e-01 -1.869428455829620361e-01 2.098894864320755005e-01 -2.660486698150634766e-01 -6.358611583709716797e-02 1.005125522613525391e+00 4.816353619098663330e-01 8.034929633140563965e-01 8.357661366462707520e-01 -2.965357899665832520e-01 1.654680222272872925e-01 -3.144308552145957947e-02 -3.794400095939636230e-01 3.006274402141571045e-01 1.380860209465026855e-01 -9.259346988983452320e-04 -2.543566562235355377e-02 1.265192776918411255e-02 9.288512915372848511e-02 -2.869347929954528809e-01 -5.915933251380920410e-01 -2.900830805301666260e-01 -2.568771243095397949e-01 -6.048242747783660889e-02 1.596017479896545410e-01 1.884499639272689819e-01 1.458910554647445679e-01 4.188667535781860352e-01 -5.678315833210945129e-02 2.558988928794860840e-01 2.560569941997528076e-01 4.024345576763153076e-01 4.255564808845520020e-01 6.139332056045532227e-01 -3.963876664638519287e-01 -8.906349539756774902e-01 2.394347637891769409e-02 8.510517477989196777e-01 4.367766082286834717e-01 -6.271032034419476986e-04 7.355902194976806641e-01 4.818614423274993896e-01 -8.615046739578247070e-01 -2.134958058595657349e-01 2.757111787796020508e-01 3.301988169550895691e-02 3.326635360717773438e-01 -7.611787319183349609e-01 6.817784905433654785e-01 9.783064723014831543e-01 7.107522487640380859e-01
-2.557542324066162109e-01 5.814588069915771484e-01 5.335150361061096191e-01 6.281543374061584473e-01 1.849663443863391876e-02 -1.213781163096427917e-02 1.530749648809432983e-01 3.099003434181213379e-01 -5.410645008087158203e-01 2.637849450111389160e-01 -1.778947412967681885e-01 -1.252865791320800781e+00 -1.510340422391891479e-01 -8.858988285064697266e-01 8.104506880044937134e-02 6.413621306419372559e-01 -1.069906428456306458e-01 -3.384141921997070312e-01 1.176008582115173340e+00 2.645305693149566650e-01 1.045674443244934082e+00 4.045750796794891357e-01 -2.084583640098571777e-01 -4.301686584949493408e-01 4.707674384117126465e-01 -4.247290790081024170e-01 1.050033643841743469e-01 5.808223783969879150e-02 3.121387958526611328e-01 -2.484974861145019531e-01 -2.766683399677276611e-01 2.335594221949577332e-02 -2.256843075156211853e-02 -3.912390209734439850e-03 -4.485212564468383789e-01 -1.568030752241611481e-02 1.504568159580230713e-01 4.185253083705902100e-01 1.021531000733375549e-01 3.079282641410827637e-01 4.389232099056243896e-01 -3.141437768936157227e-01 8.698801696300506592e-02 3.581634163856506348e-01 5.170079469680786133e-01 7.796609997749328613e-01 2.994855642318725586e-01 -2.280309796333312988e-02 -8.167075514793395996e-01 1.813351362943649292e-01 7.259369492530822754e-01 3.165861368179321289e-01 -7.561928033828735352e-02 6.400007009506225586e-01 6.653280854225158691e-01 -8.074965476989746094e-01 1.060714349150657654e-01 5.863546729087829590e-01 1.265388280153274536e-01 4.557038247585296631e-01 -7.444136738777160645e-01 1.082731246948242188e+00 1.420096874237060547e+00 7.240987420082092285e-01
1.211431920528411865e-01 3.423624932765960693e-01 1.304575920104980469e+00 -1.261509805917739868e-01 -4.250270128250122070e-01 5.985190719366073608e-02 1.518604755401611328e-01 2.035323083400726318e-01 -5.545397400856018066e-01 1.261565834283828735e-01 8.243355900049209595e-02 -3.148404061794281006e-01 -1.760500520467758179e-01 -3.517554700374603271e-01 -4.941703081130981445e-01 6.838507652282714844e-01 -6.522080861032009125e-03 -5.953115224838256836e-01 4.394656419754028320e-01 4.590189084410667419e-02 -3.861317038536071777e-01 7.045607566833496094e-01 1.441490650177001953e-01 -1.718004196882247925e-01 -4.246249422430992126e-02 -2.232562303543090820e-01 -2.980272769927978516e-01 7.015849947929382324e-01 -1.392797827720642090e-01 -9.182227253913879395e-01 9.638046622276306152e-01 5.667610764503479004e-01 -4.385107159614562988e-01 -2.216663211584091187e-01 -6.232652068138122559e-01 5.977603420615196228e-02 -9.353654086589813232e-02 -1.346103567630052567e-02 -3.341994285583496094e-01 2.191685438156127930e-01 5.427699089050292969e-01 7.649684548377990723e-01 -5.135605111718177795e-03 -4.386975467205047607e-01 1.235267892479896545e-01 -4.203931391239166260e-01 3.054512441158294678e-01 -8.807089924812316895e-01 -5.799589678645133972e-02 7.024656236171722412e-02 5.777966380119323730e-01 -1.853738576173782349e-01 2.771645225584506989e-02 -1.752000749111175537e-01 1.436714828014373779e-01 -7.343574762344360352e-01 2.648358047008514404e-01 6.794933229684829712e-02 -8.837749958038330078e-01 3.204238116741180420e-01 -2.995705902576446533e-01 2.827966213226318359e-01 3.241083323955535889e-01 5.535128992050886154e-03
7.912992835044860840e-01 1.440984308719635010e-01 6.474252343177795410e-01 -3.178359866142272949e-01 -4.449068307876586914e-01 1.254418343305587769e-01 1.033834964036941528e-01 7.526619732379913330e-02 -9.875202551484107971e-03 -3.322334289550781250e-01 -2.511955499649047852e-01 -1.041777372360229492e+00 -2.907283604145050049e-01 -2.996106147766113281e-01 -4.566028341650962830e-02 3.259037435054779053e-01 -8.652040362358093262e-02 6.262392401695251465e-01 9.586044549942016602e-01 1.108734086155891418e-01 6.588352322578430176e-01 2.713640928268432617e-01 -5.663046836853027344e-01 -7.265537977218627930e-01 1.476063728332519531e-01 1.752229034900665283e-01 1.742047816514968872e-01 -6.368626356124877930e-01 -2.300130389630794525e-02 -5.340525507926940918e-02 1.197228655219078064e-01 1.266757398843765259e-01 8.047873377799987793e-01 -1.739279180765151978e-01 3.467127680778503418e-01 -1.480568051338195801e-01 -1.257489174604415894e-01 1.129058957099914551e+00 -3.425313830375671387e-01 -7.341774106025695801e-01 4.341870546340942383e-01 4.013403505086898804e-02 -2.133247703313827515e-01 9.405613876879215240e-03 2.669443190097808838e-01 -1.118121743202209473e+00 1.888557523488998413e-01 -6.471084356307983398e-01 -2.813870012760162354e-01 2.978352904319763184e-01 1.100387811660766602e+00 -8.798901438713073730e-01 -3.037392795085906982e-01 -4.754258394241333008e-01 2.293098717927932739e-01 -2.850171178579330444e-02 -8.899506926536560059e-02 6.470970511436462402e-01 -6.918934583663940430e-01 7.750472426414489746e-01 -2.966892421245574951e-01 8.093816041946411133e-01 2.567619979381561279e-01 8.551657795906066895e-01
-2.845895886421203613e-01 5.777632594108581543e-01 5.897181630134582520e-01 4.678804278373718262e-01 -7.726755738258361816e-02 -1.501569598913192749e-01 7.197336852550506592e-02 6.819326281547546387e-01 -7.702832818031311035e-01 5.675809383392333984e-01 -8.863044530153274536e-02 -1.044011473655700684e+00 -2.171652764081954956e-01 -6.147851943969726562e-01 2.160064429044723511e-01 6.097192764282226562e-01 -2.178429365158081055e-01 -3.321059942245483398e-01 8.614784479141235352e-01 5.459640622138977051e-01 7.803282737731933594e-01 5.013300180435180664e-01 1.259582042694091797e-01 -3.577749431133270264e-01 1.339218020439147949e-01 -3.243542015552520752e-01 4.433972015976905823e-02 8.400133252143859863e-02 5.703535303473472595e-02 1.594907492399215698e-01 -1.237867027521133423e-01 9.428077191114425659e-02 -3.672002851963043213e-01 -2.033930867910385132e-01 -7.161411046981811523e-01 -7.909587025642395020e-02 2.186276614665985107e-01 2.693846523761749268e-01 1.398456394672393799e-01 1.502732187509536743e-01 6.340938210487365723e-01 -5.384147167205810547e-01 6.516221445053815842e-03 3.690192699432373047e-01 3.373061716556549072e-01 6.876713633537292480e-01 7.849600315093994141e-01 -4.767242968082427979e-01 -5.664544701576232910e-01 6.582006216049194336e-01 8.999846577644348145e-01 4.181092083454132080e-01 -1.290368884801864624e-01 4.843521118164062500e-01 6.706079840660095215e-01 -5.493705272674560547e-01 2.972395718097686768e-01 3.857433497905731201e-01 4.623046144843101501e-02 5.074982047080993652e-01 -5.979462265968322754e-01 7.770349979400634766e-01 1.249860763549804688e+00 5.901684761047363281e-01
2.015905827283859253e-01 -1.250281780958175659e-01 1.362718939781188965e+00 -9.733196347951889038e-02 3.523749411106109619e-01 2.823039591312408447e-01 2.406485974788665771e-01 6.242265924811363220e-02 1.486525386571884155e-01 1.325836777687072754e-01 2.765098586678504944e-02 -9.292577505111694336e-01 -9.593645334243774414e-01 5.312609076499938965e-01 -4.243414700031280518e-01 1.430395245552062988e-01 2.958253920078277588e-01 -6.784976720809936523e-01 7.895030379295349121e-01 1.407798379659652710e-01 5.786956548690795898e-01 4.465621709823608398e-01 4.695651531219482422e-01 -2.182254940271377563e-01 -4.581763222813606262e-02 -5.278904438018798828e-01 -3.657574579119682312e-02 4.709916710853576660e-01 2.040089219808578491e-01 -5.202697515487670898e-01 5.227112174034118652e-01 -6.824432611465454102e-01 1.384794712066650391e-01 -2.420500516891479492e-01 3.253357112407684326e-01 -5.408564209938049316e-01 3.832683265209197998e-01 -1.814078688621520996e-01 -9.942886978387832642e-02 5.480846762657165527e-01 1.257524728775024414e+00 1.163917183876037598e+00 1.965585537254810333e-02 -2.154225558042526245e-01 -5.328291654586791992e-02 -2.035547606647014618e-02 1.949279755353927612e-01 -1.018056988716125488e+00 -1.058392286300659180e+00 1.878742277622222900e-01 -3.606899082660675049e-01 -3.504876494407653809e-01 1.891629099845886230e-01 -6.844549775123596191e-01 2.111432701349258423e-01 -4.441581666469573975e-01 -1.468428075313568115e-01 -7.077776789665222168e-01 -3.822116851806640625e-01 1.405174434185028076e-01 -5.878447890281677246e-01 2.401302009820938110e-02 4.875802397727966309e-01 3.225765526294708252e-01
1.016100645065307617e+00 4.969470500946044922e-01 1.459964513778686523e-01 9.041213989257812500e-01 1.119471117854118347e-01 1.117634922266006470e-01 4.788321554660797119e-01 3.013305962085723877e-01 -6.753356456756591797e-01 -1.831291913986206055e-01 -1.600012630224227905e-01 -1.282047033309936523e+00 3.514216840267181396e-02 -8.032601475715637207e-01 -2.368005067110061646e-01 2.997533679008483887e-01 -1.994933933019638062e-01 5.749149248003959656e-02 1.368282794952392578e+00 1.047861501574516296e-01 4.640465974807739258e-01 7.892090827226638794e-02 -1.101946458220481873e-01 4.725195169448852539e-01 1.383833736181259155e-01 -8.627060055732727051e-02 -5.301334261894226074e-01 5.592842102050781250e-01 -1.049693822860717773e-01 -8.232719302177429199e-01 8.970338702201843262e-01 1.977855414152145386e-01 1.815171912312507629e-02 4.267140105366706848e-02 7.487945258617401123e-02 -6.923803091049194336e-01 -8.383504301309585571e-02 1.581973880529403687e-01 -7.721063494682312012e-02 5.625335574150085449e-01 1.403183788061141968e-01 3.905073702335357666e-01 1.231254339218139648e-01 5.125606656074523926e-01 -2.187537401914596558e-01 -5.338547825813293457e-01 -1.596093475818634033e-01 -2.909355163574218750e-01 -3.085044622421264648e-01 3.834583163261413574e-01 5.830389261245727539e-01 -9.383711963891983032e-02 -5.512219667434692383e-02 -5.892711505293846130e-02 3.367561846971511841e-02 -6.075426340103149414e-01 -1.766512542963027954e-01 5.717401504516601562e-01 -8.129946887493133545e-02 3.612275123596191406e-01 -2.720947861671447754e-01 7.358819842338562012e-01 7.399498224258422852e-01 5.282825827598571777e-01
3.536176085472106934e-01 2.824810147285461426e-01 1.097260117530822754e+00 1.979497671127319336e-01 4.188836738467216492e-02 5.837042927742004395e-01 -1.999488174915313721e-01 4.409093260765075684e-01 -3.534612059593200684e-01 -1.244315877556800842e-01 -5.054500326514244080e-02 -9.689099788665771484e-01 -5.470215678215026855e-01 4.980745017528533936e-01 -2.312250882387161255e-01 7.884160280227661133e-01 2.349830716848373413e-01 -3.979486227035522461e-01 5.791004300117492676e-01 2.286129146814346313e-01 5.040365457534790039e-01 1.167699024081230164e-01 7.294739484786987305e-01 -5.266392827033996582e-01 -3.140581250190734863e-01 -5.444481372833251953e-01 7.160458713769912720e-02 1.695104539394378662e-01 -1.787841320037841797e-01 -6.390780806541442871e-01 1.739593148231506348e-01 -7.210034728050231934e-01 2.427865713834762573e-01 -4.563955366611480713e-01 1.353204101324081421e-01 -8.009487986564636230e-01 4.861189723014831543e-01 -5.057415366172790527e-01 -4.062024056911468506e-01 4.590557813644409180e-01 1.125434994697570801e+00 7.446065545082092285e-01 -8.561471849679946899e-02 -3.456093668937683105e-01 9.988565742969512939e-02 -1.019975990056991577e-01 2.071048766374588013e-01 -8.240334987640380859e-01 -1.033495068550109863e+00 4.611462950706481934e-01 1.679140776395797729e-01 -5.617815852165222168e-01 -3.431038260459899902e-01 -3.751034736633300781e-01 5.371161699295043945e-01 -4.264881089329719543e-02 -1.319605708122253418e-01 -6.033928394317626953e-01 -1.636149734258651733e-01 3.845401406288146973e-01 -1.308298110961914062e-01 8.882419764995574951e-02 2.473411262035369873e-01 5.262468457221984863e-01
-5.883833765983581543e-01 1.568059027194976807e-01 8.849856257438659668e-01 8.866285681724548340e-01 -6.140477657318115234e-01 8.907515555620193481e-02 3.929987251758575439e-01 -2.803551554679870605e-01 -7.651132345199584961e-01 3.139461874961853027e-01 4.895923137664794922e-01 -7.914141416549682617e-01 -1.192832589149475098e+00 2.821515202522277832e-01 -1.128052026033401489e-01 5.287004709243774414e-01 4.460076987743377686e-02 -2.167243957519531250e-01 1.223557591438293457e+00 4.299750924110412598e-01 4.555917084217071533e-01 3.134189248085021973e-01 1.544862389564514160e-01 -1.388728499412536621e+00 -1.155206635594367981e-01 5.128546357154846191e-01 -3.313711583614349365e-01 7.755336910486221313e-02 -4.166615009307861328e-01 8.670212328433990479e-02 -1.903046369552612305e-01 -7.525407671928405762e-01 -3.331828117370605469e-01 -3.412351012229919434e-01 -2.456579804420471191e-01 -1.522725701332092285e+00 2.123728394508361816e-01 5.783666372299194336e-01 5.865275859832763672e-01 -2.391875386238098145e-01 -2.322723418474197388e-01 -3.224836289882659912e-01 -2.420778721570968628e-01 -9.044887423515319824e-01 1.689459979534149170e-01 -2.754635810852050781e-01 -4.048796892166137695e-01 -1.061435818672180176e+00 1.445479243993759155e-01 1.796512156724929810e-01 4.817109704017639160e-01 -1.101283550262451172e+00 7.444623708724975586e-01 2.198061645030975342e-01 6.937068700790405273e-01 6.486274003982543945e-01 6.452535837888717651e-02 8.250086307525634766e-01 -3.399114906787872314e-01 5.115756988525390625e-01 -3.765132427215576172e-01 8.866910934448242188e-01 3.524553477764129639e-01 4.726174175739288330e-01
2.666479945182800293e-01 3.063799738883972168e-01 -5.697537660598754883e-01 6.939728558063507080e-02 2.723648548126220703e-01 -7.196499109268188477e-01 2.505148947238922119e-01 -4.974146783351898193e-01 -1.896321624517440796e-01 8.796937018632888794e-02 9.541209042072296143e-02 -2.667480409145355225e-01 -8.214007019996643066e-01 -1.916545480489730835e-01 -4.846801161766052246e-01 5.298844575881958008e-01 5.806205272674560547e-01 -2.533757388591766357e-01 2.429387569427490234e-01 -2.306374534964561462e-02 1.814604878425598145e+00 1.442732214927673340e-01 -5.226653218269348145e-01 -9.785724282264709473e-01 -4.110070466995239258e-01 9.298449009656906128e-02 -1.345797628164291382e-01 -1.843864768743515015e-01 4.666974842548370361e-01 1.451633777469396591e-02 7.016012817621231079e-02 -4.233818054199218750e-01 -1.812147349119186401e-01 1.988846659660339355e-01 -1.441074535250663757e-02 -4.451846778392791748e-01 3.125331699848175049e-01 -2.451178133487701416e-01 2.642123997211456299e-01 -5.620869994163513184e-01 1.235726833343505859e+00 -9.903858602046966553e-02 -4.937334060668945312e-01 -8.538833260536193848e-02 5.596525073051452637e-01 -2.016512863337993622e-02 3.439078032970428467e-01 -7.132833600044250488e-01 -1.494696587324142456e-01 4.974150657653808594e-01 6.099903583526611328e-01 -1.636179164052009583e-02 6.370877027511596680e-01 -6.366529464721679688e-01 9.490375220775604248e-02 -5.951935052871704102e-01 1.405947208404541016e-01 2.428051829338073730e-01 -5.950160026550292969e-01 3.360219597816467285e-01 -5.852747559547424316e-01 8.840293437242507935e-02 3.129960000514984131e-01 -9.081264585256576538e-02
1.934319138526916504e-01 8.784426450729370117e-01 1.266607493162155151e-01 2.901237607002258301e-01 3.112201094627380371e-01 -5.368824601173400879e-01 1.012344658374786377e-01 -1.087241291999816895e+00 -1.974028050899505615e-01 -8.078268170356750488e-02 7.018314599990844727e-01 -4.647081196308135986e-01 -8.230493664741516113e-01 -2.857526838779449463e-01 -7.615955471992492676e-01 2.089963257312774658e-01 -4.395141601562500000e-01 -3.447267711162567139e-01 -6.635374575853347778e-02 -4.548947885632514954e-02 7.130814194679260254e-01 9.837134182453155518e-02 -1.824430823326110840e-01 -5.574888586997985840e-01 -5.187790393829345703e-01 6.105563640594482422e-01 2.838990278542041779e-02 3.348778560757637024e-02 2.549710497260093689e-02 -1.005332637578248978e-02 5.765727162361145020e-01 -5.352904796600341797e-01 -7.998940348625183105e-02 1.409411244094371796e-02 1.477313786745071411e-01 -2.451711893081665039e-01 4.876680374145507812e-01 -7.817942649126052856e-02 5.158949643373489380e-02 -1.754028052091598511e-01 7.955247163772583008e-01 -3.343973681330680847e-02 -5.035836100578308105e-01 -2.206468135118484497e-01 7.619050741195678711e-01 4.078829288482666016e-02 2.901124060153961182e-01 -4.486057460308074951e-01 -8.648809045553207397e-02 1.112326502799987793e+00 2.300516143441200256e-02 3.162757456302642822e-01 5.154087543487548828e-01 -3.587641119956970215e-01 1.812318116426467896e-01 -2.988413870334625244e-01 -8.771914057433605194e-03 2.236355543136596680e-01 -8.655537962913513184e-01 1.965949684381484985e-01 -4.911574721336364746e-01 -1.301834136247634888e-01 8.332819342613220215e-01 -4.686595499515533447e-01
-4.360277056694030762e-01 1.341543912887573242e+00 6.355952620506286621e-01 -4.487293064594268799e-01 -3.642754256725311279e-01 1.139085665345191956e-01 4.271109104156494141e-01 -1.641839295625686646e-01 -3.745400905609130859e-01 3.092741668224334717e-01 -3.631330132484436035e-01 -1.194090604782104492e+00 -9.527176022529602051e-01 2.700096666812896729e-01 -8.059906363487243652e-01 1.470809336751699448e-02 -6.723415851593017578e-01 -3.347798585891723633e-01 1.240119099617004395e+00 1.087557554244995117e+00 2.142356634140014648e+00 3.317739814519882202e-02 1.224097833037376404e-01 -2.498200833797454834e-01 5.895816683769226074e-01 -2.620354890823364258e-01 -3.669163882732391357e-01 -6.994839310646057129e-01 4.006694853305816650e-01 -2.644607126712799072e-01 1.580179929733276367e-01 -4.053095877170562744e-01 3.244448304176330566e-01 -4.773214757442474365e-01 -2.206538021564483643e-01 -1.329768419265747070e+00 1.868648082017898560e-01 6.731575131416320801e-01 2.621338665485382080e-01 6.648432612419128418e-01 1.435794383287429810e-01 -6.397988796234130859e-01 -1.034719824790954590e+00 -3.427141308784484863e-01 3.892651498317718506e-01 6.916552782058715820e-01 6.317234635353088379e-01 -8.082121610641479492e-01 -4.309646189212799072e-01 -5.302623510360717773e-01 8.148757219314575195e-01 -8.236874341964721680e-01 -1.329458951950073242e-01 -7.527642697095870972e-02 2.394546940922737122e-02 -1.349657028913497925e-01 4.775281529873609543e-03 -3.315078914165496826e-01 -1.072147846221923828e+00 -4.974005520343780518e-01 -9.453318119049072266e-01 8.298633098602294922e-01 1.086467951536178589e-01 4.483921527862548828e-01
1.053811982274055481e-01 -3.567129373550415039e-01 5.602097511291503906e-01 -8.567830175161361694e-02 3.525759279727935791e-01 -2.265135198831558228e-01 -1.602786825969815254e-03 -4.315063357353210449e-01 -1.931407302618026733e-01 -5.882727503776550293e-01 -1.345107853412628174e-01 -4.656910002231597900e-01 -5.961424708366394043e-01 -5.499891471117734909e-03 -1.119712442159652710e-01 1.013726115226745605e+00 -1.071629643440246582e+00 2.998909950256347656e-01 3.608039021492004395e-01 -1.036561802029609680e-01 1.469484567642211914e-01 5.507024526596069336e-01 6.725380569696426392e-02 -5.776627659797668457e-01 -1.226737499237060547e-01 -1.017481163144111633e-01 2.779554128646850586e-01 -4.025544524192810059e-01 -6.844212859869003296e-02 2.732191681861877441e-01 -4.199521541595458984e-01 4.811091423034667969e-01 -6.730991601943969727e-02 4.418039321899414062e-01 -4.412473738193511963e-01 -3.689309656620025635e-01 -2.335024066269397736e-02 -3.082788288593292236e-01 -6.444124132394790649e-02 -3.312589228153228760e-02 2.725027799606323242e-01 -4.696756601333618164e-01 -6.398125290870666504e-01 1.487448997795581818e-02 9.883818626403808594e-01 -1.087448820471763611e-01 -6.059280037879943848e-01 -1.914659589529037476e-01 -1.513994112610816956e-02 2.385352700948715210e-01 -3.527013361454010010e-01 -5.675699114799499512e-01 3.940082788467407227e-01 2.551413178443908691e-01 -3.882816061377525330e-02 -2.429466396570205688e-01 -2.515794336795806885e-01 -5.942031145095825195e-01 2.165973782539367676e-01 -3.483552932739257812e-01 -4.648745059967041016e-02 -4.206202924251556396e-03 1.159845441579818726e-01 1.321182250976562500e-01
-9.728071093559265137e-02 -3.826395869255065918e-01 2.764017879962921143e-01 -1.856264919042587280e-01 3.949830234050750732e-01 4.817289113998413086e-01 -3.751690089702606201e-01 -1.215396746993064880e-01 -3.880701363086700439e-01 -2.212393581867218018e-01 2.233796864748001099e-01 -9.997460246086120605e-01 -6.553189158439636230e-01 6.522064208984375000e-01 -5.368351340293884277e-01 -5.499429702758789062e-01 -1.860224604606628418e-01 3.368040919303894043e-02 7.621421813964843750e-01 1.844715476036071777e-01 1.323661804199218750e-01 8.595338463783264160e-01 4.603950083255767822e-01 -2.359596788883209229e-01 -2.398754656314849854e-01 -2.868233621120452881e-01 1.409543445333838463e-03 -3.330599367618560791e-01 8.958108425140380859e-01 -5.441307425498962402e-01 -9.957396239042282104e-02 -1.460124999284744263e-01 -7.162218093872070312e-01 3.475643396377563477e-01 -5.145343542098999023e-01 -2.569591701030731201e-01 9.321943521499633789e-01 -2.595634162425994873e-01 3.794461190700531006e-01 -1.002835988998413086e+00 3.820669371634721756e-03 -5.479628443717956543e-01 4.660517871379852295e-01 -3.700594305992126465e-01 3.638511598110198975e-01 -2.161639034748077393e-01 -6.329395174980163574e-01 -5.054593086242675781e-01 1.548810899257659912e-01 2.316458076238632202e-01 2.407023012638092041e-01 -6.841707825660705566e-01 6.682069301605224609e-01 4.627884030342102051e-01 -9.750326722860336304e-02 3.668721020221710205e-01 1.784838736057281494e-01 -2.415586262941360474e-01 -5.388365983963012695e-01 2.269591242074966431e-01 -1.085688591003417969e+00 -1.813643276691436768e-01 5.095933079719543457e-01 2.276999354362487793e-01
3.987362086772918701e-01 -8.339920043945312500e-01 6.073834300041198730e-01 6.846807003021240234e-01 6.683450937271118164e-01 3.761293292045593262e-01 2.268123775720596313e-01 2.085325308144092560e-02 -6.422733664512634277e-01 1.741062104701995850e-01 -1.248916536569595337e-01 -1.129721641540527344e+00 -6.274446845054626465e-02 -3.865784704685211182e-01 -4.755173027515411377e-01 3.461029231548309326e-01 -1.363621652126312256e-01 -6.386821269989013672e-01 6.563222408294677734e-01 4.067246243357658386e-02 3.150914907455444336e-01 9.219799935817718506e-02 3.935852348804473877e-01 2.460633367300033569e-01 -4.883299767971038818e-01 3.130711019039154053e-01 9.426557272672653198e-02 -2.177302353084087372e-02 -2.440730780363082886e-01 -1.090297475457191467e-01 -5.225510597229003906e-01 3.643717467784881592e-01 1.084408909082412720e-01 4.632570147514343262e-01 -4.879978597164154053e-01 -1.049545168876647949e+00 4.413504898548126221e-01 6.472744047641754150e-02 5.837402939796447754e-01 2.936906516551971436e-01 4.681131243705749512e-01 -3.643791079521179199e-01 -5.782371386885643005e-02 7.725786566734313965e-01 1.150994524359703064e-01 -6.641993522644042969e-01 -3.154445886611938477e-01 -1.796539425849914551e-01 -2.514986395835876465e-01 7.138101458549499512e-01 3.080939948558807373e-01 -7.327002882957458496e-01 3.337875306606292725e-01 1.195489913225173950e-01 -4.559676051139831543e-01 -5.396959185600280762e-01 -4.111592173576354980e-01 3.549398779869079590e-01 -9.395341277122497559e-01 -6.120098829269409180e-01 -3.963073194026947021e-01 -1.664260327816009521e-01 4.013507664203643799e-01 -9.905862808227539062e-02
-5.800583586096763611e-02 -5.909371972084045410e-01 -1.208849698305130005e-01 3.604596257209777832e-01 5.788271129131317139e-02 -2.899544835090637207e-01 -5.570783615112304688e-01 -3.498454988002777100e-01 -2.815077304840087891e-01 -2.138955146074295044e-01 4.597891271114349365e-01 -7.592692971229553223e-01 -4.207184314727783203e-01 -4.766314476728439331e-02 1.571515500545501709e-01 5.926975607872009277e-01 -8.999827504158020020e-01 2.540015578269958496e-01 8.427028357982635498e-02 6.352301836013793945e-01 6.822285652160644531e-01 1.161382079124450684e+00 -1.714788377285003662e-01 -3.655653595924377441e-01 -4.716125875711441040e-02 1.308101117610931396e-01 -1.322928816080093384e-01 -1.800066977739334106e-01 -7.307961583137512207e-02 -1.518718153238296509e-01 -1.978924274444580078e-01 -4.377769827842712402e-01 5.663843825459480286e-02 2.319058477878570557e-01 -5.619980394840240479e-02 -4.862225651741027832e-01 3.642665445804595947e-01 4.954100027680397034e-02 -1.187977865338325500e-01 3.485212326049804688e-01 -4.474691748619079590e-01 -1.401641666889190674e-01 -3.094350397586822510e-01 2.107830494642257690e-01 -1.904361844062805176e-01 -1.747126132249832153e-02 -4.236515983939170837e-02 -8.092787265777587891e-01 -1.753233075141906738e-01 -2.008492201566696167e-01 2.982448935508728027e-01 -3.777093589305877686e-01 8.810939788818359375e-01 3.140512108802795410e-01 2.347751259803771973e-01 2.681334502995014191e-02 -9.882094711065292358e-02 3.573186323046684265e-02 -9.713131785392761230e-01 8.173559308052062988e-01 -2.111909687519073486e-01 -5.201030373573303223e-01 1.452791988849639893e-01 -1.665717214345932007e-01
6.274879574775695801e-01 -3.103148639202117920e-01 3.719018399715423584e-01 1.889195591211318970e-01 5.815444588661193848e-01 1.321007013320922852e-01 5.263359546661376953e-01 1.422197967767715454e-01 7.369720190763473511e-02 -4.116411507129669189e-01 3.442956507205963135e-01 1.129535660147666931e-01 -8.505660891532897949e-01 1.494607031345367432e-01 -6.684172749519348145e-01 5.689906477928161621e-01 -4.967283010482788086e-01 -1.035389453172683716e-01 2.014783620834350586e-01 6.222987771034240723e-01 2.731978297233581543e-01 2.650869488716125488e-01 4.436553418636322021e-01 -5.462598800659179688e-01 5.182963013648986816e-01 5.838513970375061035e-01 -2.880266606807708740e-01 2.142853736877441406e-01 1.119686639867722988e-03 3.407709300518035889e-01 -1.196615770459175110e-01 1.166494041681289673e-01 -7.331785559654235840e-02 -4.978407621383666992e-01 -3.804631829261779785e-01 -6.085442304611206055e-01 1.318427175283432007e-01 -8.144045621156692505e-02 4.275924563407897949e-01 -1.982245892286300659e-01 -3.266942128539085388e-02 -5.119612812995910645e-01 -4.528247937560081482e-02 -2.134495526552200317e-01 5.328572988510131836e-01 -7.053586244583129883e-01 4.762271642684936523e-01 -9.260099381208419800e-02 1.860782951116561890e-01 5.671241879463195801e-01 -1.890834271907806396e-01 -5.825662612915039062e-01 6.550590991973876953e-01 4.838309288024902344e-01 -6.419941037893295288e-02 6.514375209808349609e-01 -2.468388676643371582e-01 5.096769928932189941e-01 -1.026014089584350586e+00 -4.500293731689453125e-01 3.092722222208976746e-02 8.707070946693420410e-01 6.052905917167663574e-01 6.251287460327148438e-01
7.592771053314208984e-01 2.412426769733428955e-01 9.135313630104064941e-01 1.434188932180404663e-01 2.552001774311065674e-01 -5.940182805061340332e-01 2.592004239559173584e-01 2.948168218135833740e-01 -5.237810611724853516e-01 -2.259030044078826904e-01 3.643412590026855469e-01 -2.836383581161499023e-01 1.850530803203582764e-01 -3.647166192531585693e-01 1.788135617971420288e-01 5.052056908607482910e-01 7.179147750139236450e-02 3.682065606117248535e-01 5.564350485801696777e-01 5.991144180297851562e-01 8.152738213539123535e-01 1.967044621706008911e-01 5.474236607551574707e-01 -5.082814693450927734e-01 1.015644334256649017e-02 1.515088975429534912e-01 4.478883370757102966e-02 1.333639957010746002e-03 4.483284652233123779e-01 -2.687485516071319580e-01 -1.353056281805038452e-01 9.069429636001586914e-01 -1.146969124674797058e-01 3.856061697006225586e-01 -2.090115249156951904e-01 -7.870037555694580078e-01 2.192166596651077271e-01 3.070544898509979248e-01 1.024985089898109436e-01 -8.346891403198242188e-02 6.025346517562866211e-01 4.402223527431488037e-01 9.917326271533966064e-02 4.328565001487731934e-01 4.745721518993377686e-01 -5.472372174263000488e-01 -9.094753116369247437e-02 -4.329551458358764648e-01 5.722701549530029297e-01 1.283630356192588806e-02 3.171467185020446777e-01 -8.401304483413696289e-01 -1.947551220655441284e-01 -2.690186910331249237e-02 -5.964067578315734863e-01 6.642666459083557129e-01 -1.827899813652038574e-01 3.755889832973480225e-01 -5.529810488224029541e-02 -5.569663047790527344e-01 1.651936918497085571e-01 4.053463041782379150e-01 6.486728787422180176e-01 -2.812678217887878418e-01
7.492826879024505615e-02 -5.379059538245201111e-02 2.952864468097686768e-01 -2.840057909488677979e-01 1.313456892967224121e-01 3.801797032356262207e-01 -5.274313688278198242e-01 3.717026710510253906e-01 2.957186102867126465e-01 -7.747997641563415527e-01 5.012668371200561523e-01 -1.348060835152864456e-02 -6.494955420494079590e-01 -1.032613813877105713e-01 -4.719519987702369690e-03 1.088140010833740234e+00 -2.382337898015975952e-01 9.992988407611846924e-02 -3.351065218448638916e-01 1.211599931120872498e-01 9.650871157646179199e-01 3.388544023036956787e-01 -2.336415648460388184e-01 -7.972828149795532227e-01 -3.512465655803680420e-01 2.972885072231292725e-01 -1.203117892146110535e-01 -3.388309478759765625e-01 -6.109715625643730164e-02 1.022835224866867065e-01 -1.547640562057495117e-01 5.494591221213340759e-02 -5.993150472640991211e-01 2.420199364423751831e-01 -3.534088656306266785e-02 -2.499890923500061035e-01 6.434994339942932129e-01 -6.020106077194213867e-01 4.097050428390502930e-01 -2.637135684490203857e-01 1.872444525361061096e-02 1.207800954580307007e-01 -4.813384115695953369e-01 -4.805533885955810547e-01 9.190606474876403809e-01 -2.858909070491790771e-01 -1.831061393022537231e-01 -3.395906984806060791e-01 -2.088724076747894287e-01 4.932220876216888428e-01 -3.811684623360633850e-02 5.124983191490173340e-01 1.488607493229210377e-03 -3.402432501316070557e-01 -7.073267698287963867e-01 -4.896360933780670166e-01 4.848905503749847412e-01 6.753109693527221680e-01 -7.334815859794616699e-01 4.607896506786346436e-01 -9.371949434280395508e-01 7.327048778533935547e-01 7.726483941078186035e-01 2.956951856613159180e-01
1.186611533164978027e+00 -2.605833113193511963e-01 1.108452439308166504e+00 1.637351363897323608e-01 4.779750704765319824e-01 7.978009581565856934e-01 4.874112904071807861e-01 -9.439706057310104370e-02 1.403186004608869553e-02 -2.874814569950103760e-01 -2.680378854274749756e-01 1.147428080439567566e-01 -3.106402158737182617e-01 -1.619469225406646729e-01 -7.811526656150817871e-01 6.643503308296203613e-01 -5.302888751029968262e-01 4.095816016197204590e-01 9.521750360727310181e-02 1.207644641399383545e-01 5.557898283004760742e-01 5.107812285423278809e-01 -3.657899796962738037e-01 -1.056469082832336426e+00 -3.821144998073577881e-01 5.624647065997123718e-02 -5.977974832057952881e-02 6.173951178789138794e-02 1.995537877082824707e-01 -3.780879825353622437e-02 -4.023813605308532715e-01 5.078349709510803223e-01 2.360497564077377319e-01 1.509130746126174927e-01 1.103353407233953476e-02 -1.293150186538696289e-01 -1.975484341382980347e-01 -1.195376440882682800e-01 -1.661565452814102173e-01 1.534094512462615967e-01 -1.831977814435958862e-01 -2.776758372783660889e-01 1.254191398620605469e-01 -3.065064847469329834e-01 4.986964464187622070e-01 -2.934541106224060059e-01 4.550268054008483887e-01 -6.446865200996398926e-01 5.032395478338003159e-03 3.858405053615570068e-01 3.211586475372314453e-01 -6.706413626670837402e-01 -1.918131113052368164e-01 4.030633568763732910e-01 -6.804090142250061035e-01 -1.719648838043212891e-01 -3.889854848384857178e-01 -1.864653974771499634e-01 -1.760728955268859863e-01 -1.083573773503303528e-01 -3.715154528617858887e-01 4.453301429748535156e-01 1.273387391120195389e-02 1.959194988012313843e-01
1.677300184965133667e-01 -5.172827243804931641e-01 -3.773270249366760254e-01 2.246921062469482422e-01 7.367333769798278809e-02 -3.046782016754150391e-01 -6.317949891090393066e-01 -2.044870108366012573e-01 -1.282523125410079956e-01 -3.415183424949645996e-01 2.593258321285247803e-01 -7.868269681930541992e-01 -2.412340044975280762e-01 -1.051380112767219543e-01 -7.259585708379745483e-02 1.050455808639526367e+00 -8.762475848197937012e-01 1.918463855981826782e-01 -7.148649543523788452e-02 3.845646381378173828e-01 6.846110224723815918e-01 8.681754469871520996e-01 4.273400455713272095e-02 -4.062151908874511719e-01 5.516822263598442078e-02 1.521600782871246338e-01 -1.498149037361145020e-01 -1.298698335886001587e-01 7.205037772655487061e-02 -1.668184101581573486e-01 -5.404392480850219727e-01 -5.240645408630371094e-01 2.050974220037460327e-01 3.909179568290710449e-01 -2.673619054257869720e-02 -3.163749873638153076e-01 2.171414196491241455e-01 1.757924556732177734e-01 -1.597039550542831421e-01 3.092883229255676270e-01 3.675208240747451782e-02 -2.106516063213348389e-01 -2.631634771823883057e-01 4.158822894096374512e-01 -7.226743549108505249e-02 -7.064656354486942291e-03 -2.085226178169250488e-01 -8.253654837608337402e-01 -4.678015410900115967e-02 3.364447131752967834e-02 1.043780222535133362e-01 1.612423360347747803e-01 3.680710196495056152e-01 2.313140630722045898e-01 -1.987825185060501099e-01 -3.340835683047771454e-03 -2.954661473631858826e-02 1.403577327728271484e-01 -9.002177119255065918e-01 9.328379034996032715e-01 -3.115235567092895508e-01 -6.684361696243286133e-01 2.362625598907470703e-01 -3.022854924201965332e-01
3.208334445953369141e-01 -9.111618995666503906e-02 6.146199107170104980e-01 3.787940144538879395e-01 -1.289622783660888672e-01 -2.489097416400909424e-01 -2.907118797302246094e-01 1.799914538860321045e-01 1.823201328516006470e-01 9.879172593355178833e-02 2.985176742076873779e-01 4.358864948153495789e-02 3.740275204181671143e-01 -5.400906205177307129e-01 -9.263904690742492676e-01 5.808137655258178711e-01 -7.397052049636840820e-01 3.884516656398773193e-01 1.085719227790832520e+00 -2.473941445350646973e-02 9.420762658119201660e-01 6.122450828552246094e-01 4.167129844427108765e-02 -1.360052108764648438e+00 3.356224000453948975e-01 -2.288820743560791016e-01 -3.537732958793640137e-01 5.092438459396362305e-01 8.663033843040466309e-01 6.078407168388366699e-01 4.280992448329925537e-01 4.475887119770050049e-01 -2.558617293834686279e-01 2.919659912586212158e-01 -2.422030866146087646e-01 -6.546234488487243652e-01 1.170311272144317627e-01 5.392349362373352051e-01 -5.574977770447731018e-02 -7.692582607269287109e-01 2.191722840070724487e-01 6.894209980964660645e-01 -6.274616718292236328e-01 -1.729587316513061523e-01 3.047419190406799316e-01 -1.506719440221786499e-01 2.711789309978485107e-01 -7.068686485290527344e-01 -7.969779968261718750e-01 -4.108087718486785889e-02 9.086451530456542969e-01 -3.590699434280395508e-01 -4.238450229167938232e-01 -2.211145907640457153e-01 5.515324473381042480e-01 -6.844311952590942383e-02 -1.593086272478103638e-01 2.505128979682922363e-01 -7.371584177017211914e-01 -9.991042315959930420e-03 1.763852983713150024e-01 2.761656641960144043e-01 3.604990541934967041e-01 -3.171084225177764893e-01
5.666649937629699707e-01 1.327531933784484863e-01 8.658219575881958008e-01 8.650421351194381714e-02 2.842478752136230469e-01 -5.385761857032775879e-01 6.726074218750000000e-02 4.015207588672637939e-01 -3.347421586513519287e-01 -2.879546880722045898e-01 1.788046956062316895e-01 -4.798906445503234863e-01 1.745112836360931396e-01 -4.708807766437530518e-01 -6.747461110353469849e-02 2.972076237201690674e-01 -4.232076928019523621e-03 4.317635595798492432e-01 4.405510723590850830e-01 7.495599389076232910e-01 7.445171475410461426e-01 4.734117388725280762e-01 5.042482614517211914e-01 -6.018637418746948242e-01 2.698912322521209717e-01 1.133196204900741577e-01 7.469921559095382690e-02 1.530737578868865967e-01 6.259902119636535645e-01 -1.789610832929611206e-01 -1.348679065704345703e-01 6.556224822998046875e-01 -3.518313914537429810e-02 2.198526710271835327e-01 -2.768040299415588379e-01 -5.611224770545959473e-01 2.072330564260482788e-01 5.596434473991394043e-01 3.553894534707069397e-02 5.229561030864715576e-02 4.218730926513671875e-01 4.081273972988128662e-01 -1.258690357208251953e-01 4.349336326122283936e-01 7.824661731719970703e-01 -7.904176115989685059e-01 -2.160618007183074951e-01 -4.980240166187286377e-01 3.101052045822143555e-01 1.444076746702194214e-01 1.381231099367141724e-01 -1.020782828330993652e+00 -6.614020466804504395e-02 1.569944471120834351e-01 -4.923276603221893311e-01 7.193092703819274902e-01 -1.457080245018005371e-01 4.420048594474792480e-01 -2.590795457363128662e-01 -6.335392594337463379e-01 3.743503391742706299e-01 2.129726558923721313e-01 1.879322975873947144e-01 -4.366218671202659607e-02
-1.327555775642395020e-01 7.051780223846435547e-01 7.175529599189758301e-01 -2.870335876941680908e-01 4.513662159442901611e-01 -7.434808462858200073e-02 -3.532622456550598145e-01 -4.098813533782958984e-01 -1.465843021869659424e-01 1.393277347087860107e-01 8.821364641189575195e-01 -1.858910471200942993e-01 2.732842043042182922e-02 -1.297458559274673462e-01 -6.781811118125915527e-01 2.909533977508544922e-01 -6.607934236526489258e-01 -1.138831302523612976e-01 1.811280548572540283e-01 8.081884384155273438e-01 1.195618748664855957e+00 -4.206661581993103027e-01 -5.802818387746810913e-02 -9.707081317901611328e-01 2.210151702165603638e-01 -3.448054790496826172e-01 -4.265677034854888916e-01 3.820224851369857788e-02 1.031109318137168884e-01 -1.954102218151092529e-01 -1.624975800514221191e-01 -2.201669663190841675e-02 -5.127978324890136719e-01 -5.929082259535789490e-02 3.594439327716827393e-01 -3.095862567424774170e-01 -4.073750972747802734e-01 -2.678326070308685303e-01 5.128706097602844238e-01 7.532171159982681274e-02 3.750541210174560547e-01 2.981410324573516846e-01 -5.705373287200927734e-01 -2.127211168408393860e-02 6.649681925773620605e-01 -3.193301260471343994e-01 2.024836838245391846e-01 -6.686269640922546387e-01 -3.160566091537475586e-01 6.572782993316650391e-01 3.021710366010665894e-02 5.790227651596069336e-01 6.904057860374450684e-01 -5.931669473648071289e-01 1.349064558744430542e-01 -1.574609875679016113e-01 -1.628963276743888855e-02 9.281300306320190430e-01 -7.099591493606567383e-01 5.382688641548156738e-01 -1.345148086547851562e+00 8.484300971031188965e-01 7.800335437059402466e-02 6.912657022476196289e-01
2.326742559671401978e-01 5.562861263751983643e-02 6.144817471504211426e-01 -1.952570825815200806e-01 -5.590127408504486084e-02 3.125163912773132324e-01 2.412885576486587524e-01 -2.156228572130203247e-02 1.987016946077346802e-02 -6.016527414321899414e-01 4.890274405479431152e-01 -3.741917014122009277e-01 -7.441065311431884766e-01 -3.426872193813323975e-02 -6.135221719741821289e-01 4.945920407772064209e-01 -1.833260059356689453e-01 -3.012530207633972168e-01 5.239052176475524902e-01 4.040859341621398926e-01 4.124402403831481934e-01 7.371475696563720703e-01 -2.189020067453384399e-01 -1.145865559577941895e+00 7.046571373939514160e-01 1.007787231355905533e-02 -4.229649603366851807e-01 3.576043546199798584e-01 1.567644029855728149e-01 5.974332690238952637e-01 2.175193130970001221e-01 3.264010846614837646e-01 1.373791396617889404e-01 -1.612047404050827026e-01 1.346399784088134766e-01 -9.985650181770324707e-01 4.257799386978149414e-01 -3.216867446899414062e-01 -4.666705429553985596e-01 -6.886829733848571777e-01 -3.638763725757598877e-01 -1.731571853160858154e-01 1.138201355934143066e-01 -2.266281694173812866e-01 -4.037653282284736633e-02 -7.744955420494079590e-01 3.029591739177703857e-01 -4.812399446964263916e-01 2.427163124084472656e-01 2.439576089382171631e-01 5.109595060348510742e-01 -1.278042912483215332e+00 4.876184761524200439e-01 4.755426347255706787e-01 1.702254451811313629e-02 6.160953044891357422e-01 3.003259003162384033e-02 7.076668739318847656e-01 -8.502101898193359375e-01 2.347363382577896118e-01 3.667410910129547119e-01 8.324654102325439453e-01 6.745769977569580078e-01 1.946291476488113403e-01
4.418461918830871582e-01 -2.552477419376373291e-01 5.263332128524780273e-01 4.319400787353515625e-01 7.089230418205261230e-01 -7.228860855102539062e-01 2.409108281135559082e-01 6.556080579757690430e-01 -3.280069530010223389e-01 -2.227617055177688599e-01 1.614058315753936768e-01 -3.821859955787658691e-01 2.169649600982666016e-01 -6.005845069885253906e-01 -4.020159542560577393e-01 3.507210910320281982e-01 1.442466378211975098e-01 2.412617504596710205e-01 6.760988831520080566e-01 3.762593269348144531e-01 7.372020483016967773e-01 2.825459539890289307e-01 4.791669249534606934e-01 -3.010511696338653564e-01 -5.459472909569740295e-02 7.137733697891235352e-02 4.147167783230543137e-03 4.107070155441761017e-03 3.881085515022277832e-01 1.411695331335067749e-01 9.130850434303283691e-02 4.676632583141326904e-01 9.491930902004241943e-02 -1.170777752995491028e-01 -3.681443929672241211e-01 -7.229803800582885742e-01 1.109367236495018005e-01 5.091713070869445801e-01 3.653365373611450195e-01 3.913513720035552979e-01 4.694701135158538818e-01 -1.022348254919052124e-01 1.108689140528440475e-02 6.584587097167968750e-01 5.741540193557739258e-01 -9.277756810188293457e-01 -1.374526172876358032e-01 -2.771198153495788574e-01 4.051126837730407715e-01 3.741185963153839111e-01 1.354032903909683228e-01 -1.038157224655151367e+00 2.252695113420486450e-01 2.309199608862400055e-02 -2.791283726692199707e-01 6.482600569725036621e-01 -1.746978312730789185e-01 4.685173630714416504e-01 -3.139334917068481445e-01 -5.564976930618286133e-01 5.781479179859161377e-02 2.814468443393707275e-01 3.216100335121154785e-01 7.052489370107650757e-02
2.423759698867797852e-01 -4.564880728721618652e-01 4.958271682262420654e-01 3.157653510570526123e-01 5.186592340469360352e-01 1.180500611662864685e-01 -1.989090442657470703e-01 3.501234054565429688e-01 -2.659950852394104004e-01 -2.372635751962661743e-01 -2.322936803102493286e-01 -9.667963385581970215e-01 -7.118980586528778076e-02 -5.202770829200744629e-01 -2.532818615436553955e-01 -3.469800949096679688e-01 -1.898386888206005096e-02 -3.820654153823852539e-01 7.846088707447052002e-02 2.101679295301437378e-01 1.489785313606262207e-01 1.816590689122676849e-02 9.565389156341552734e-02 2.392116375267505646e-02 -6.101657748222351074e-01 -1.761085353791713715e-02 7.117725908756256104e-03 7.538010179996490479e-02 5.779867991805076599e-02 -2.671301364898681641e-01 -6.852350831031799316e-01 2.141502350568771362e-01 -2.627221047878265381e-01 2.555795907974243164e-01 -3.203155994415283203e-01 -9.560163617134094238e-01 4.470822215080261230e-01 4.998155310750007629e-02 6.737486124038696289e-01 -1.055659577250480652e-01 5.417526960372924805e-01 -1.085743904113769531e+00 -6.699962541460990906e-04 4.341165721416473389e-01 -1.787925213575363159e-01 -4.333510398864746094e-01 -7.375711798667907715e-01 -4.255082607269287109e-01 2.182891767006367445e-04 7.808510661125183105e-01 1.371506601572036743e-01 -8.233980536460876465e-01 4.724354147911071777e-01 5.911460891366004944e-02 -4.903073012828826904e-01 -6.517151594161987305e-01 -3.357229530811309814e-01 -1.334534864872694016e-02 -7.709506750106811523e-01 -8.996345847845077515e-02 -6.287721991539001465e-01 9.403818100690841675e-02 2.250888049602508545e-01 -4.635598659515380859e-01
3.406508862972259521e-01 -4.788961708545684814e-01 4.031640291213989258e-01 -8.130539208650588989e-02 2.697804868221282959e-01 6.072838976979255676e-02 -5.448289513587951660e-01 -1.511641591787338257e-01 -2.431406639516353607e-03 -2.997075915336608887e-01 9.541539847850799561e-02 -4.890575408935546875e-01 -8.867589831352233887e-01 -9.322579950094223022e-03 -2.895247638225555420e-01 4.312069118022918701e-01 -1.082777619361877441e+00 -5.467753112316131592e-02 -1.930686980485916138e-01 4.677684903144836426e-01 1.623197346925735474e-01 8.495559692382812500e-01 -1.348815113306045532e-01 -5.652159452438354492e-01 -2.924046516418457031e-01 -3.261768072843551636e-02 2.047476023435592651e-01 -4.751794338226318359e-01 9.984392672777175903e-02 1.849302500486373901e-01 3.348657488822937012e-01 2.326426468789577484e-02 -5.447041392326354980e-01 5.510104298591613770e-01 -7.484055757522583008e-01 -3.704977333545684814e-01 4.540882632136344910e-02 3.576868474483489990e-01 6.139545887708663940e-02 -5.916896462440490723e-01 4.023027718067169189e-01 -6.154459118843078613e-01 -2.168839126825332642e-01 3.607035577297210693e-01 8.004666566848754883e-01 2.196373045444488525e-01 -4.736374914646148682e-01 -3.585714101791381836e-01 -5.427564978599548340e-01 3.076045960187911987e-02 1.350706666707992554e-01 -5.536071062088012695e-01 2.648743391036987305e-01 8.775559812784194946e-02 -3.645486831665039062e-01 -3.717501759529113770e-01 -7.756600528955459595e-02 -6.471800804138183594e-01 1.142588704824447632e-01 -5.549436211585998535e-01 -8.624085038900375366e-02 4.680904746055603027e-02 -1.746963858604431152e-01 -1.212297705933451653e-03
3.726491332054138184e-01 1.159451231360435486e-01 1.173955108970403671e-02 2.796398997306823730e-01 2.132486402988433838e-01 8.920250087976455688e-02 -2.418305426836013794e-01 5.355818942189216614e-02 -2.170652598142623901e-01 -1.730919480323791504e-01 -2.453908883035182953e-02 -9.604219198226928711e-01 7.856036536395549774e-03 -1.215976104140281677e-01 -2.281068712472915649e-01 -2.555291354656219482e-01 -1.761111617088317871e-01 -5.217814445495605469e-01 4.197081029415130615e-01 3.053697943687438965e-01 6.251876950263977051e-01 1.793525218963623047e-01 2.047759294509887695e-02 -3.680388629436492920e-01 2.342863529920578003e-01 1.603832095861434937e-02 3.789739906787872314e-01 1.276478171348571777e-01 5.083626508712768555e-01 1.764714121818542480e-01 -7.792695760726928711e-01 2.279158234596252441e-01 -7.181061804294586182e-02 1.134236603975296021e-01 -5.065723657608032227e-01 -7.008398771286010742e-01 7.290824055671691895e-01 1.223942264914512634e-01 3.664057552814483643e-01 -6.791199445724487305e-01 3.793717622756958008e-01 -3.347306847572326660e-01 3.350844085216522217e-01 1.056001782417297363e-01 1.680917292833328247e-01 -6.762756705284118652e-01 -8.992590308189392090e-01 -4.975275993347167969e-01 1.856110095977783203e-01 3.389602601528167725e-01 -3.231269717216491699e-01 -6.403517723083496094e-01 4.519559144973754883e-01 4.251773059368133545e-01 -2.949228882789611816e-01 7.351966947317123413e-02 5.490702390670776367e-02 6.635522842407226562e-02 -6.550399065017700195e-01 -3.806110322475433350e-01 -6.013072729110717773e-01 1.751575767993927002e-01 5.531153678894042969e-01 -5.033408999443054199e-01
8.512192219495773315e-02 1.178152710199356079e-01 8.563245534896850586e-01 -1.431163400411605835e-01 -2.341019958257675171e-01 -1.022804856300354004e+00 -3.231985867023468018e-01 -4.933347553014755249e-02 -6.045706197619438171e-02 -3.048502206802368164e-01 3.533203899860382080e-01 -5.444427132606506348e-01 -3.479627072811126709e-01 -5.179767012596130371e-01 1.302228569984436035e-01 2.961871623992919922e-01 -6.663279533386230469e-01 -2.637946307659149170e-01 6.063653826713562012e-01 1.481533944606781006e-01 6.387566328048706055e-01 5.185459852218627930e-01 -2.453307062387466431e-01 -4.138203337788581848e-02 -1.826914846897125244e-01 -6.138631105422973633e-01 -1.044714093208312988e+00 -2.234155833721160889e-01 8.324981331825256348e-01 -7.251060009002685547e-02 -5.769467353820800781e-01 5.928105115890502930e-02 -5.913591384887695312e-01 2.444115132093429565e-01 -1.220931336283683777e-01 -3.733676671981811523e-01 -2.073583453893661499e-01 6.387287378311157227e-01 5.798661112785339355e-01 3.129086643457412720e-02 6.594302058219909668e-01 -5.996162295341491699e-01 -2.335190474987030029e-01 2.025771290063858032e-01 2.509003579616546631e-01 -6.637582778930664062e-01 -4.673542976379394531e-01 -3.084655702114105225e-01 1.789651215076446533e-01 3.219363391399383545e-01 -4.178853929042816162e-01 -1.446130424737930298e-01 1.324995160102844238e-01 2.205981686711311340e-02 1.203232407569885254e-01 8.555276691913604736e-02 -3.097593188285827637e-01 -3.853752017021179199e-01 -1.352627724409103394e-01 -6.280140280723571777e-01 -3.618371188640594482e-01 -1.983443796634674072e-01 7.232891917228698730e-01 2.078295648097991943e-01
2.606775462627410889e-01 -9.331972599029541016e-01 -1.209388524293899536e-01 1.285013109445571899e-01 -9.845796972513198853e-03 -3.124794960021972656e-01 -7.869686000049114227e-03 -4.657616093754768372e-02 -2.238076329231262207e-01 -1.825285702943801880e-01 8.583446592092514038e-02 -7.441827058792114258e-01 -4.695172607898712158e-01 -1.405067592859268188e-01 -3.582490980625152588e-01 7.008238434791564941e-01 -7.302735447883605957e-01 -5.469000935554504395e-01 1.525128632783889771e-01 1.774137616157531738e-01 5.803674459457397461e-01 3.240798413753509521e-01 1.816205680370330811e-02 -1.012690216302871704e-01 3.258815705776214600e-01 1.943460549227893353e-03 -1.944686770439147949e-01 -4.505110383033752441e-01 4.049844741821289062e-01 -1.516686975955963135e-01 -2.761970758438110352e-01 1.701035648584365845e-01 -3.758641779422760010e-01 4.266262948513031006e-01 -6.978787779808044434e-01 5.992129445075988770e-01 1.587574034929275513e-01 6.671626567840576172e-01 -1.815746575593948364e-01 1.498348265886306763e-01 -3.736976683139801025e-01 -2.306729555130004883e-01 -1.196154952049255371e-01 -2.239336967468261719e-01 2.096446454524993896e-01 -4.631289541721343994e-01 2.978114970028400421e-02 -5.045611262321472168e-01 9.823281317949295044e-03 2.759064733982086182e-01 -6.539921760559082031e-01 -6.596581935882568359e-01 -2.088575810194015503e-01 -1.653320938348770142e-01 -4.077397882938385010e-01 -4.747846126556396484e-01 -2.470936179161071777e-01 1.680770069360733032e-01 -2.495494782924652100e-01 -1.373122781515121460e-01 -3.304048180580139160e-01 -2.900373935699462891e-02 2.296132147312164307e-01 -3.809233903884887695e-01
2.115153074264526367e-01 7.272000908851623535e-01 2.723296582698822021e-01 8.792748674750328064e-03 -3.710405230522155762e-01 -7.595918774604797363e-01 -3.813042938709259033e-01 -1.078532576560974121e+00 -2.318236380815505981e-01 2.973280251026153564e-01 7.197695970535278320e-01 -1.388349831104278564e-01 -5.642255544662475586e-01 2.435338050127029419e-01 -1.141452640295028687e-01 2.732535302639007568e-01 -2.508952021598815918e-01 -1.414019800722599030e-02 -6.592932343482971191e-02 3.127681910991668701e-01 6.151368618011474609e-01 3.008016049861907959e-01 -2.280577123165130615e-01 -3.697436451911926270e-01 2.884051389992237091e-02 3.794360458850860596e-01 -5.312543511390686035e-01 -1.579453945159912109e-01 -2.790935635566711426e-01 -6.175924465060234070e-02 4.831326603889465332e-01 -2.423190176486968994e-01 -2.860315144062042236e-01 -4.253406822681427002e-01 -1.612130701541900635e-01 -4.229350946843624115e-03 4.613109529018402100e-01 -9.558827430009841919e-02 2.681975066661834717e-01 -1.197725012898445129e-01 5.036708712577819824e-01 3.372533619403839111e-01 -1.008097231388092041e-01 -1.850394606590270996e-01 7.100992798805236816e-01 2.636289689689874649e-03 3.447655737400054932e-01 -8.030690550804138184e-01 -4.197109043598175049e-01 9.603906869888305664e-01 -1.567947119474411011e-01 -6.192121654748916626e-02 5.038483142852783203e-01 -2.256253957748413086e-01 -1.266221255064010620e-01 -4.487183988094329834e-01 -4.578646421432495117e-01 7.757244110107421875e-01 -6.911836862564086914e-01 1.253526359796524048e-01 -8.315945863723754883e-01 -2.570870518684387207e-02 4.304212629795074463e-01 -4.225816130638122559e-01
2.060365527868270874e-01 -7.011902332305908203e-02 4.602209031581878662e-01 -1.827650070190429688e-01 7.085140347480773926e-01 5.401569008827209473e-01 -4.727952182292938232e-01 1.847736686468124390e-01 -1.814183890819549561e-01 -2.474903762340545654e-01 -1.570160835981369019e-01 -8.864455819129943848e-01 -5.270711183547973633e-01 2.847496271133422852e-01 -3.440020382404327393e-01 -3.142863810062408447e-01 -3.064709007740020752e-01 -1.333125382661819458e-01 2.090662121772766113e-01 5.639081001281738281e-01 1.970572024583816528e-01 5.042386054992675781e-01 4.341660737991333008e-01 -5.334667563438415527e-01 -5.407890081405639648e-01 -8.973760157823562622e-02 2.290415614843368530e-01 -3.595564365386962891e-01 5.448493361473083496e-01 -2.535095214843750000e-01 1.298036240041255951e-02 -1.296903789043426514e-01 -3.619674444198608398e-01 1.221647858619689941e-01 -8.170548677444458008e-01 -3.107874393463134766e-01 7.482221722602844238e-01 1.554464250802993774e-01 3.323672413825988770e-01 -9.018332958221435547e-01 -6.545554846525192261e-02 -6.719465255737304688e-01 1.978683620691299438e-01 -1.223692744970321655e-01 5.546014904975891113e-01 1.041103601455688477e-01 -7.152048349380493164e-01 -1.876990497112274170e-01 1.690713614225387573e-01 8.299700915813446045e-03 3.950911760330200195e-01 -6.748132705688476562e-01 2.633683383464813232e-01 1.676370948553085327e-01 -6.220200657844543457e-01 2.101792991161346436e-01 -8.318676799535751343e-02 -4.806166887283325195e-01 -5.605801343917846680e-01 -4.232776463031768799e-01 -1.140871644020080566e+00 -1.112863868474960327e-01 3.356623053550720215e-01 1.213458031415939331e-01
3.991684615612030029e-01 1.089570745825767517e-01 1.879607588052749634e-01 1.004491373896598816e-01 3.857842832803726196e-02 1.118467841297388077e-02 -3.957099616527557373e-01 1.081200540065765381e-01 -1.591759175062179565e-01 -2.293695062398910522e-01 -1.103671491146087646e-01 -9.673700928688049316e-01 -1.553587466478347778e-01 -1.257827430963516235e-01 7.664595544338226318e-02 -2.799823880195617676e-01 -8.790259063243865967e-02 -4.517695605754852295e-01 4.067174494266510010e-01 3.451677858829498291e-01 6.227406263351440430e-01 9.345778822898864746e-02 -1.307265609502792358e-01 -4.894041419029235840e-01 7.289770990610122681e-02 1.217721477150917053e-01 3.759509325027465820e-01 2.526913583278656006e-01 5.748993158340454102e-01 3.226135373115539551e-01 -7.472640872001647949e-01 1.714248806238174438e-01 -1.327124983072280884e-01 2.435362637042999268e-01 -4.740386009216308594e-01 -7.531605958938598633e-01 7.965201735496520996e-01 3.894747933372855186e-03 4.315008521080017090e-01 -4.756000339984893799e-01 2.352424860000610352e-01 -3.915610313415527344e-01 2.889237403869628906e-01 1.812731474637985229e-01 1.916369050741195679e-01 -5.485954284667968750e-01 -8.980009555816650391e-01 -7.212606668472290039e-01 2.300900220870971680e-01 7.625043392181396484e-02 -7.367310672998428345e-02 -7.210106253623962402e-01 5.487031340599060059e-01 4.454921483993530273e-01 -3.348958790302276611e-01 6.914503127336502075e-02 -5.572477355599403381e-02 7.662249356508255005e-02 -7.373647689819335938e-01 -3.774504065513610840e-01 -4.876391291618347168e-01 3.081527352333068848e-01 2.092763930559158325e-01 -3.562661409378051758e-01
6.126711368560791016e-01 -7.023646235466003418e-01 5.975934863090515137e-01 4.926511049270629883e-01 5.439774394035339355e-01 5.041176676750183105e-01 1.339586377143859863e-01 2.553063631057739258e-01 -6.301419138908386230e-01 1.180461719632148743e-01 -1.454773694276809692e-01 -1.084165215492248535e+00 -4.011702239513397217e-01 -5.027999877929687500e-01 -5.103486180305480957e-01 2.693977952003479004e-01 7.444353401660919189e-02 -4.665608704090118408e-01 5.845597982406616211e-01 -1.905187666416168213e-01 4.199350774288177490e-01 3.229534253478050232e-02 4.143135547637939453e-01 8.265773952007293701e-02 -3.275829255580902100e-01 4.032737314701080322e-01 5.269064754247665405e-02 -3.439198434352874756e-02 -3.507466018199920654e-01 -1.246044188737869263e-01 -4.305299818515777588e-01 3.269364833831787109e-01 2.250411510467529297e-01 4.448035657405853271e-01 -3.597886562347412109e-01 -1.121761560440063477e+00 4.951862692832946777e-01 7.975908368825912476e-02 7.776818871498107910e-01 2.010136395692825317e-01 5.202180743217468262e-01 -2.537665367126464844e-01 -9.148160368204116821e-02 8.024283647537231445e-01 -2.240734249353408813e-01 -5.685179233551025391e-01 -2.158618122339248657e-01 -2.960162758827209473e-01 -2.262816578149795532e-01 7.850557565689086914e-01 9.005387872457504272e-02 -6.846589446067810059e-01 2.813598811626434326e-01 2.518694996833801270e-01 -3.260360956192016602e-01 -5.577411055564880371e-01 -3.377202153205871582e-01 2.986917793750762939e-01 -8.860915303230285645e-01 -6.902592778205871582e-01 -4.756819903850555420e-01 -1.428116708993911743e-01 2.130528986454010010e-01 3.794813156127929688e-02
6.555985212326049805e-01 3.248796612024307251e-02 5.271132588386535645e-01 2.743248268961906433e-02 5.392936468124389648e-01 5.564851760864257812e-01 -3.866876363754272461e-01 1.731672286987304688e-01 1.625625602900981903e-02 -4.766333401203155518e-01 5.117984116077423096e-02 -4.429385364055633545e-01 -7.949139475822448730e-01 9.192966669797897339e-02 -1.096434891223907471e-01 9.586013108491897583e-02 -6.748855710029602051e-01 -2.689497172832489014e-01 -3.562079668045043945e-01 9.175801873207092285e-01 4.284088909626007080e-01 6.527883410453796387e-01 6.712727993726730347e-02 -7.523257136344909668e-01 -4.840881228446960449e-01 -2.888850867748260498e-01 4.825502038002014160e-01 -4.373272061347961426e-01 2.118008136749267578e-01 1.838780939579010010e-01 5.953335389494895935e-02 2.489156089723110199e-02 -5.430328249931335449e-01 2.301053404808044434e-01 -7.793362140655517578e-01 -3.741418719291687012e-01 1.599499881267547607e-01 1.750423014163970947e-01 9.931273758411407471e-02 -5.527814626693725586e-01 -7.663573324680328369e-02 -6.708290576934814453e-01 -3.277114927768707275e-01 9.240408986806869507e-02 6.633746027946472168e-01 4.902679845690727234e-02 -9.806696325540542603e-02 -4.358448982238769531e-01 -6.203850507736206055e-01 -5.556189641356468201e-02 6.491193175315856934e-01 -6.365662217140197754e-01 -8.412644267082214355e-02 9.926846623420715332e-02 -8.546249270439147949e-01 -1.074070110917091370e-01 4.960099980235099792e-02 -3.968272507190704346e-01 -5.326272249221801758e-01 -9.265063405036926270e-01 -6.848954558372497559e-01 4.497040808200836182e-01 -2.198217250406742096e-02 2.581572234630584717e-01
4.934747219085693359e-01 -6.509460210800170898e-01 -1.520851850509643555e-01 3.279007077217102051e-01 2.166795730590820312e-01 3.629266470670700073e-02 -4.739658236503601074e-01 2.965838611125946045e-01 -6.256608366966247559e-01 2.855903804302215576e-01 1.669604480266571045e-01 -6.331474781036376953e-01 1.375585943460464478e-01 -4.403285682201385498e-02 -2.549845278263092041e-01 3.630583584308624268e-01 -9.175851345062255859e-01 -3.654938340187072754e-01 3.571464717388153076e-01 -3.129575550556182861e-01 5.876231193542480469e-01 5.987640619277954102e-01 4.347721040248870850e-01 -1.895724534988403320e-01 -8.219175040721893311e-02 4.968153312802314758e-02 -1.083902046084403992e-01 -7.733841538429260254e-01 -3.088537454605102539e-01 -4.605145156383514404e-01 -3.528699278831481934e-01 -2.158633917570114136e-01 4.792550504207611084e-01 3.640044033527374268e-01 -5.395169854164123535e-01 -1.498680114746093750e-01 2.430630028247833252e-01 3.491059243679046631e-01 3.091844171285629272e-02 3.542742133140563965e-01 -6.599725782871246338e-02 -5.195878148078918457e-01 2.004456669092178345e-01 6.199513673782348633e-01 -1.495857629925012589e-02 -4.994205236434936523e-01 -1.124910116195678711e-01 -5.096488595008850098e-01 -1.809689700603485107e-01 6.276753544807434082e-01 -3.222965300083160400e-01 -5.476114749908447266e-01 4.833840131759643555e-01 4.764460772275924683e-02 -4.001137614250183105e-01 -3.544727563858032227e-01 -3.455855250358581543e-01 1.575809568166732788e-01 -5.243342518806457520e-01 -1.580721735954284668e-01 -5.215085148811340332e-01 1.420643031597137451e-01 3.404892086982727051e-01 -2.073256820440292358e-01
2.234243005514144897e-01 -6.460807323455810547e-01 2.592636942863464355e-01 3.484974205493927002e-01 1.740872263908386230e-01 -1.001173630356788635e-02 2.981168925762176514e-01 -4.104120731353759766e-01 -3.565568327903747559e-01 -1.681570261716842651e-01 4.860112965106964111e-01 -8.417817950248718262e-01 -1.861191913485527039e-02 1.015949726104736328e+00 -3.254828155040740967e-01 9.647210836410522461e-01 -1.246355175971984863e+00 -5.484422668814659119e-03 -3.236834704875946045e-01 4.410432279109954834e-01 2.671447098255157471e-01 4.068386256694793701e-01 -7.360728085041046143e-02 -5.309252142906188965e-01 -4.609003961086273193e-01 -6.865648031234741211e-01 -6.018616557121276855e-01 -4.626460075378417969e-01 4.673199355602264404e-01 -3.247042894363403320e-01 -1.561019718647003174e-01 1.536919921636581421e-01 4.790502190589904785e-01 -3.773846328258514404e-01 -2.706300914287567139e-01 -5.277098417282104492e-01 5.332573875784873962e-02 2.171452045440673828e-01 2.139706462621688843e-01 -3.462100327014923096e-01 -6.695251166820526123e-02 -1.869431585073471069e-01 -2.423814237117767334e-01 -3.459527790546417236e-01 1.419477313756942749e-01 4.777366518974304199e-01 5.018412470817565918e-01 -8.759742975234985352e-01 2.381855808198451996e-02 4.890445992350578308e-02 2.345372363924980164e-02 -7.807673513889312744e-02 -1.267442405223846436e-01 8.498982787132263184e-01 -8.448698520660400391e-01 -5.589668825268745422e-02 -3.249290585517883301e-01 3.356465324759483337e-02 -3.862902820110321045e-01 4.339102208614349365e-01 -2.318034134805202484e-02 2.085667997598648071e-01 7.247360944747924805e-01 3.738841712474822998e-01
3.483963310718536377e-01 1.033731460571289062e+00 9.179436564445495605e-01 -2.348964214324951172e-01 2.904953993856906891e-02 -1.211548209190368652e+00 2.525067329406738281e-01 -1.849726587533950806e-01 -6.427354812622070312e-01 -2.637016475200653076e-01 2.635159194469451904e-01 -1.589257121086120605e-01 -2.134474515914916992e-01 -6.833819150924682617e-01 -1.360346674919128418e-01 -1.916456036269664764e-02 -3.451515734195709229e-01 8.789142966270446777e-02 7.354452013969421387e-01 6.321599483489990234e-01 8.482787609100341797e-01 4.495584070682525635e-01 -3.287950158119201660e-02 -4.583361148834228516e-01 -2.252301722764968872e-01 2.629091739654541016e-01 -6.885420083999633789e-01 -3.343921303749084473e-01 6.073837876319885254e-01 -2.569688558578491211e-01 -4.445598721504211426e-01 1.434615254402160645e-01 -2.983528971672058105e-01 -1.719763725996017456e-01 3.565524816513061523e-01 -4.343927204608917236e-01 -1.238192468881607056e-01 6.054592132568359375e-01 9.137848392128944397e-03 3.300047814846038818e-01 1.156676411628723145e+00 2.925346195697784424e-01 -2.726018428802490234e-01 5.402631759643554688e-01 3.450925946235656738e-01 -2.540712058544158936e-01 -3.227765560150146484e-01 -2.431304454803466797e-01 8.957515656948089600e-02 7.513018250465393066e-01 3.261675359681248665e-03 -3.191747367382049561e-01 2.521165311336517334e-01 -1.382050849497318268e-02 1.929425895214080811e-01 5.176594853401184082e-01 -5.560508966445922852e-01 3.048968315124511719e-01 -3.059801757335662842e-01 -7.697783708572387695e-01 -4.988493323326110840e-01 -2.985976040363311768e-01 6.909436583518981934e-01 1.967035420238971710e-02
1.172013521194458008e+00 -1.588889062404632568e-01 8.873133063316345215e-01 -1.387103199958801270e-01 -3.801532089710235596e-01 3.222634792327880859e-01 1.899603307247161865e-01 2.224476039409637451e-01 1.966551691293716431e-01 -4.111399650573730469e-01 -5.568978842347860336e-03 -8.220221996307373047e-01 -6.053555011749267578e-02 -1.834608614444732666e-01 -4.118371307849884033e-01 3.695020377635955811e-01 -4.135753512382507324e-01 6.546102166175842285e-01 9.622085690498352051e-01 3.686544895172119141e-01 7.276898622512817383e-01 1.216281950473785400e-01 4.236282620695419610e-05 -6.902801990509033203e-01 1.144221052527427673e-01 2.073287218809127808e-01 1.992222666740417480e-01 -5.236080884933471680e-01 3.791174292564392090e-01 1.015422418713569641e-01 7.174562215805053711e-01 2.830998003482818604e-01 8.792166709899902344e-01 -1.888813227415084839e-01 8.443672955036163330e-02 9.547924250364303589e-02 -5.034710839390754700e-02 6.851163506507873535e-01 -7.447650432586669922e-01 -6.579850912094116211e-01 5.072351694107055664e-01 4.373166263103485107e-01 1.796375401318073273e-02 3.913965821266174316e-02 3.210727274417877197e-01 -1.031904339790344238e+00 7.672522217035293579e-02 -4.961906373500823975e-01 -1.731183677911758423e-01 1.438720822334289551e-01 8.880629539489746094e-01 -6.388405561447143555e-01 -1.497156769037246704e-01 -2.038048356771469116e-01 2.316706627607345581e-01 -2.303731627762317657e-02 5.473900586366653442e-02 7.941322922706604004e-01 -2.587145268917083740e-01 5.557820200920104980e-01 -1.971583962440490723e-01 6.077315211296081543e-01 6.740542650222778320e-01 6.136971116065979004e-01
8.214061260223388672e-01 6.575646400451660156e-01 4.241089224815368652e-01 7.967557907104492188e-01 -1.015548780560493469e-01 2.875053882598876953e-01 -1.918135583400726318e-01 1.663885414600372314e-01 5.425950884819030762e-02 -5.170100182294845581e-02 -1.195797771215438843e-01 -9.363277554512023926e-01 -3.768891990184783936e-01 -6.920636892318725586e-01 -3.737781047821044922e-01 1.128162592649459839e-01 -3.260116875171661377e-01 2.760268151760101318e-01 1.346623182296752930e+00 3.784932196140289307e-01 1.136381268501281738e+00 -7.471673935651779175e-02 -1.319534629583358765e-01 6.453680247068405151e-02 3.403051570057868958e-02 -3.114183843135833740e-01 -4.792959392070770264e-01 -9.413231164216995239e-02 4.522217512130737305e-01 -5.730137228965759277e-01 7.315739393234252930e-01 4.729909002780914307e-01 4.003389477729797363e-01 2.065096795558929443e-01 -1.418561786413192749e-01 -4.391855373978614807e-02 -1.624061018228530884e-01 1.186428442597389221e-01 7.301700860261917114e-02 1.355628818273544312e-01 5.489845201373100281e-02 2.676775455474853516e-01 -3.955225646495819092e-02 7.859646528959274292e-02 -2.322601228952407837e-01 -3.386401236057281494e-01 -1.025339737534523010e-01 6.896538287401199341e-02 -5.551036000251770020e-01 2.984439730644226074e-01 6.831814050674438477e-01 -2.233652025461196899e-01 4.718756079673767090e-01 7.889594137668609619e-02 2.427754551172256470e-01 -5.453418493270874023e-01 -4.566784203052520752e-01 1.020590215921401978e-01 -1.176242977380752563e-01 9.287715554237365723e-01 -2.639089226722717285e-01 5.060814023017883301e-01 1.106173396110534668e+00 9.575676918029785156e-01
-3.703001514077186584e-02 8.047126531600952148e-01 6.066964864730834961e-01 1.047987222671508789e+00 -6.319924592971801758e-01 2.208027243614196777e-01 4.858789220452308655e-02 6.339901089668273926e-01 -7.927009463310241699e-02 -2.661922946572303772e-02 -2.473836392164230347e-01 -2.296146303415298462e-01 -8.736065626144409180e-01 2.787859439849853516e-01 -3.231029808521270752e-01 1.612702906131744385e-01 -7.545528411865234375e-01 4.270561337471008301e-01 1.131988883018493652e+00 3.090867996215820312e-01 6.086314916610717773e-01 1.711576730012893677e-01 3.896505534648895264e-01 -1.515222191810607910e-01 1.854055672883987427e-01 -1.183112412691116333e-01 -6.499833464622497559e-01 7.433032393455505371e-01 -3.805529326200485229e-02 -5.507517457008361816e-01 4.530898332595825195e-01 2.816107869148254395e-01 5.786311347037553787e-03 -3.108254373073577881e-01 -1.038523614406585693e-01 3.472851589322090149e-02 -6.595285534858703613e-01 9.766980260610580444e-02 1.592361778020858765e-01 9.526817500591278076e-02 1.038904786109924316e+00 -3.125080168247222900e-01 1.027331203222274780e-01 1.653876602649688721e-01 -6.610555052757263184e-01 -3.545916080474853516e-01 3.656588494777679443e-01 -8.806776404380798340e-01 -3.864285051822662354e-01 1.081504702568054199e+00 3.697287142276763916e-01 3.293271958827972412e-01 2.974464893341064453e-01 4.178204238414764404e-01 7.649601250886917114e-02 -5.748956799507141113e-01 -2.538569830358028412e-02 -8.610946685075759888e-02 5.322315916419029236e-02 7.400764822959899902e-01 -3.694976270198822021e-01 5.082377791404724121e-01 6.765435934066772461e-01 5.329930186271667480e-01
1.057801954448223114e-02 7.782249450683593750e-01 9.595509171485900879e-01 6.711895465850830078e-01 -4.399800300598144531e-01 3.439611792564392090e-01 3.186635673046112061e-01 2.756017148494720459e-01 -3.592918217182159424e-01 8.270331472158432007e-02 -7.792004942893981934e-02 -5.049973726272583008e-01 -5.525565743446350098e-01 2.276810556650161743e-01 -1.061441749334335327e-01 1.753483265638351440e-01 -5.446048378944396973e-01 3.057451844215393066e-01 8.922013044357299805e-01 2.978429198265075684e-01 7.723313570022583008e-01 2.677033841609954834e-01 3.792373538017272949e-01 2.340130507946014404e-01 5.406675860285758972e-02 8.227886259555816650e-02 -4.047856032848358154e-01 8.064782619476318359e-01 -1.078266575932502747e-01 -4.811744987964630127e-01 6.090138554573059082e-01 1.096477583050727844e-01 3.139364421367645264e-01 -4.291506707668304443e-01 -4.916898310184478760e-01 -3.171406090259552002e-01 -6.408619284629821777e-01 5.804941803216934204e-02 3.543615937232971191e-01 -3.860458135604858398e-01 1.154266953468322754e+00 1.373787969350814819e-01 -1.136896908283233643e-01 -2.495989762246608734e-02 -1.554298698902130127e-01 -4.437083303928375244e-01 3.992515504360198975e-01 -2.755737900733947754e-01 -3.841365873813629150e-01 4.561356902122497559e-01 3.220890760421752930e-01 1.133221387863159180e-01 4.117285609245300293e-01 3.105496466159820557e-01 3.699216246604919434e-01 -7.792644500732421875e-01 1.424443423748016357e-01 -5.888269543647766113e-01 -2.188586741685867310e-01 7.938501834869384766e-01 -9.706174135208129883e-01 3.731997609138488770e-01 5.760688185691833496e-01 6.627939343452453613e-01
-7.381417602300643921e-02 3.275574147701263428e-01 3.867639005184173584e-01 7.710626721382141113e-01 2.221249938011169434e-01 2.960712909698486328e-01 1.970182918012142181e-02 3.681136071681976318e-01 -5.353621244430541992e-01 1.744178384542465210e-01 1.530011184513568878e-02 -1.676924943923950195e+00 -2.469127178192138672e-01 -8.472955226898193359e-01 5.265313759446144104e-02 4.339822232723236084e-01 -2.715395987033843994e-01 -2.337542325258255005e-01 9.450063109397888184e-01 5.521701574325561523e-01 1.233211517333984375e+00 4.825414717197418213e-01 -1.151713952422142029e-01 -2.756783971562981606e-03 1.732771098613739014e-01 -3.401458263397216797e-01 1.878315769135951996e-02 -4.472514688968658447e-01 5.974866747856140137e-01 -2.321352213621139526e-01 -1.520000547170639038e-01 -5.377215147018432617e-02 1.571865379810333252e-01 -1.286891251802444458e-01 -2.235245406627655029e-01 -3.143421187996864319e-02 -5.877039954066276550e-02 2.084491103887557983e-01 2.093541175127029419e-01 2.561708092689514160e-01 4.483305513858795166e-01 -2.168242782354354858e-01 1.419665962457656860e-01 1.711100488901138306e-01 8.099870681762695312e-01 2.730766534805297852e-01 4.068022966384887695e-01 3.519510626792907715e-01 -4.801528453826904297e-01 2.274739295244216919e-01 8.097074031829833984e-01 2.147875875234603882e-01 -7.248283922672271729e-02 5.994955897331237793e-01 6.809669137001037598e-01 -1.163598537445068359e+00 -6.036331653594970703e-01 4.419970810413360596e-01 1.904011704027652740e-02 5.475505590438842773e-01 -8.347630500793457031e-01 9.106781482696533203e-01 1.581491112709045410e+00 1.072398543357849121e+00
-1.396915018558502197e-01 4.345598220825195312e-01 9.594661593437194824e-01 9.245783090591430664e-01 -9.379870891571044922e-01 9.349256008863449097e-02 4.540151655673980713e-01 3.657440245151519775e-01 3.071937561035156250e-01 -7.658801078796386719e-01 -6.747695058584213257e-02 -8.829239606857299805e-01 -6.309711933135986328e-01 2.485831677913665771e-01 -3.905855417251586914e-01 -3.461470082402229309e-02 -3.622498214244842529e-01 -2.623864114284515381e-01 2.495461702346801758e-01 6.130613684654235840e-01 1.845356822013854980e+00 7.037307024002075195e-01 2.714332006871700287e-02 -9.450266361236572266e-01 -7.620453089475631714e-02 5.309962630271911621e-01 -7.198466062545776367e-01 -8.627229928970336914e-01 4.341997504234313965e-01 -5.578063726425170898e-01 5.605767667293548584e-02 -8.880810439586639404e-02 6.395021677017211914e-01 1.757310628890991211e-01 8.100903630256652832e-01 -7.230778932571411133e-01 4.901422262191772461e-01 6.783024221658706665e-02 4.008184373378753662e-01 1.569092422723770142e-01 2.095410823822021484e-01 -4.346376359462738037e-01 -1.374517381191253662e-01 5.784515142440795898e-01 -4.182474315166473389e-01 -8.000072836875915527e-01 -1.003358215093612671e-01 -4.746887087821960449e-01 -1.496875286102294922e+00 9.921908378601074219e-01 -4.740283638238906860e-02 2.072246968746185303e-01 -1.845818907022476196e-01 -1.878140866756439209e-01 7.688936591148376465e-01 6.385717391967773438e-01 -4.976958930492401123e-01 2.671458423137664795e-01 -1.242340803146362305e+00 3.507883548736572266e-01 -3.464353680610656738e-01 4.988341033458709717e-01 1.041488885879516602e+00 -3.073276281356811523e-01
-3.542561829090118408e-02 -2.234625071287155151e-01 2.151541262865066528e-01 1.573364622890949249e-02 -2.461098432540893555e-01 -5.123727917671203613e-01 -6.511563658714294434e-01 -2.581996023654937744e-01 -5.566337108612060547e-01 -4.146531596779823303e-02 3.463881313800811768e-01 -1.005700349807739258e+00 -5.618793964385986328e-01 2.433903329074382782e-02 4.101626574993133545e-03 8.086958527565002441e-02 -9.986158609390258789e-01 7.098866105079650879e-01 4.335090145468711853e-02 2.800386548042297363e-01 1.024730086326599121e+00 1.116017818450927734e+00 -2.033312022686004639e-01 -5.402680039405822754e-01 -1.141917780041694641e-01 3.737841546535491943e-01 -4.232126772403717041e-01 -2.261296063661575317e-01 -1.931964308023452759e-01 -2.939517237246036530e-02 -1.483890861272811890e-01 -6.171075105667114258e-01 2.523537874221801758e-01 2.397631406784057617e-01 -2.382770031690597534e-01 -6.384545564651489258e-01 1.499034911394119263e-01 -2.176170349121093750e-01 -3.370432183146476746e-02 6.774755120277404785e-01 -3.124207854270935059e-01 -1.838433146476745605e-01 6.893089413642883301e-02 2.136526256799697876e-01 -4.639881849288940430e-01 -1.210183575749397278e-01 -1.822950094938278198e-01 -6.581829190254211426e-01 -1.574847549200057983e-01 -1.694228500127792358e-01 1.215235516428947449e-01 -5.216114521026611328e-01 1.106996536254882812e+00 1.541093438863754272e-01 4.781686663627624512e-01 2.748939394950866699e-01 -3.852068185806274414e-01 -3.001806735992431641e-01 -8.634243011474609375e-01 7.882074713706970215e-01 -1.445250958204269409e-01 1.436079014092683792e-02 1.672133058309555054e-01 2.075415253639221191e-01
7.252387404441833496e-01 2.734016776084899902e-01 4.510862827301025391e-01 1.984651088714599609e-01 1.092716574668884277e+00 -9.842518717050552368e-02 7.054410576820373535e-01 -6.502656340599060059e-01 6.609312444925308228e-02 -8.721905946731567383e-01 3.335684537887573242e-01 -8.012849837541580200e-02 -8.167793750762939453e-01 -6.216772273182868958e-02 -7.360933423042297363e-01 7.695961594581604004e-01 -7.868440151214599609e-01 -3.357422053813934326e-01 -2.229902148246765137e-02 -3.624134361743927002e-01 4.123747348785400391e-01 4.376370310783386230e-01 3.079109787940979004e-01 -9.154033064842224121e-01 -4.578775465488433838e-01 2.107695490121841431e-02 -7.306306064128875732e-02 3.839272260665893555e-01 3.856721222400665283e-01 1.313851624727249146e-01 4.105545878410339355e-01 -2.735103666782379150e-01 -3.446551859378814697e-01 6.304304301738739014e-02 -2.493582069873809814e-01 -3.279367983341217041e-01 3.114414513111114502e-01 1.533931642770767212e-01 2.175216525793075562e-01 -1.859645545482635498e-01 1.836891323328018188e-01 -4.364097714424133301e-01 1.175217106938362122e-01 -3.438536524772644043e-01 6.613064408302307129e-01 2.168819159269332886e-01 6.821231245994567871e-01 -3.211910650134086609e-02 -8.609076589345932007e-02 1.272937893867492676e+00 -2.233714759349822998e-01 5.012633278965950012e-02 -1.336516439914703369e-01 2.808648645877838135e-01 -4.551198780536651611e-01 2.768199741840362549e-01 1.123155578970909119e-01 2.934866547584533691e-01 -7.895998954772949219e-01 1.234737634658813477e-01 1.026793494820594788e-01 3.421204686164855957e-01 9.375563263893127441e-01 1.651197671890258789e-01
-1.898293048143386841e-01 -4.616893827915191650e-01 4.146905839443206787e-01 1.358193159103393555e-01 -2.250030189752578735e-01 -2.024408578872680664e-01 -5.986152961850166321e-02 -2.596834301948547363e-01 2.489970922470092773e-01 -6.126927733421325684e-01 2.974091172218322754e-01 -1.452096462249755859e+00 4.363069236278533936e-01 7.984067201614379883e-01 -5.256981253623962402e-01 1.594400107860565186e-01 -7.186961770057678223e-01 1.046106964349746704e-01 2.489280402660369873e-01 4.206890985369682312e-02 2.187811397016048431e-02 5.440948605537414551e-01 -1.735053062438964844e-01 -4.635510966181755066e-02 1.278739422559738159e-01 -7.078468799591064453e-01 -5.561298131942749023e-01 -5.097698569297790527e-01 2.232231646776199341e-01 -9.794884920120239258e-01 1.305813938379287720e-01 -1.053101897239685059e+00 2.180518656969070435e-01 4.369338750839233398e-01 -6.123818755149841309e-01 -5.549318194389343262e-01 2.467008829116821289e-01 4.282563924789428711e-01 -3.207060694694519043e-01 -3.553100824356079102e-01 2.494176626205444336e-01 -5.207280516624450684e-01 -5.185966491699218750e-01 -3.268497809767723083e-02 -2.068406790494918823e-01 -4.065896868705749512e-01 -3.513802587985992432e-01 -1.064507603645324707e+00 -3.364810943603515625e-01 4.493635296821594238e-01 2.805879116058349609e-01 -3.170958459377288818e-01 5.402232408523559570e-01 7.224670648574829102e-01 -7.173880934715270996e-01 2.953847497701644897e-02 -2.942205965518951416e-01 -1.690091378986835480e-02 -1.088479042053222656e+00 3.705573454499244690e-02 -7.903224229812622070e-01 2.978482842445373535e-02 3.557179272174835205e-01 -2.254491597414016724e-01
3.083004951477050781e-01 -3.174948692321777344e-01 9.548097848892211914e-01 6.242132280021905899e-03 1.638007164001464844e-01 1.011427417397499084e-01 -1.975768655538558960e-01 -2.195785194635391235e-01 9.874118119478225708e-02 -8.861737847328186035e-01 -8.758464455604553223e-02 -2.457322031259536743e-01 -2.713783085346221924e-01 6.953964829444885254e-01 3.353239595890045166e-01 1.000608682632446289e+00 -7.423573732376098633e-01 8.941509574651718140e-02 -1.738723814487457275e-01 3.626194596290588379e-01 7.196101546287536621e-01 2.152546793222427368e-01 -9.276258945465087891e-02 -1.009074330329895020e+00 -3.776956498622894287e-01 2.148737758398056030e-01 -3.923766314983367920e-01 6.404216885566711426e-01 -1.079041734337806702e-01 -4.279305934906005859e-01 -1.330491304397583008e-01 -1.484269648790359497e-01 1.207543015480041504e-01 2.754693031311035156e-01 -3.324205279350280762e-01 -9.479659199714660645e-01 6.129062771797180176e-01 6.487757563591003418e-01 2.487194091081619263e-01 -5.034911036491394043e-01 -2.543284296989440918e-01 -6.116485595703125000e-01 -5.146965980529785156e-01 -6.873493790626525879e-01 7.580776214599609375e-01 7.840147614479064941e-02 7.996683120727539062e-01 8.562165498733520508e-02 -7.433115839958190918e-01 9.705712795257568359e-01 -7.468569092452526093e-03 -2.705470621585845947e-01 -5.452129840850830078e-01 7.983538508415222168e-02 -1.889587044715881348e-01 3.899338841438293457e-02 -5.094515085220336914e-01 2.306786328554153442e-01 -7.824805974960327148e-01 -2.463644444942474365e-01 -3.945955634117126465e-01 7.046349048614501953e-01 5.221254825592041016e-01 9.259884953498840332e-01
1.394775062799453735e-01 -5.696066617965698242e-01 -1.200427189469337463e-01 -2.007474452257156372e-01 -3.485345095396041870e-02 -2.526848614215850830e-01 2.516105473041534424e-01 -1.036824956536293030e-01 -3.500944748520851135e-02 -6.509482860565185547e-02 2.402459830045700073e-01 -8.039137125015258789e-01 -4.301878511905670166e-01 -1.370249688625335693e-01 1.329717487096786499e-01 1.131059408187866211e+00 -3.049142062664031982e-01 -3.183047175407409668e-01 4.888353645801544189e-01 9.973768889904022217e-02 9.514158964157104492e-01 5.155178904533386230e-01 3.097732784226536751e-03 3.213818967342376709e-01 -9.388918429613113403e-02 -4.476371109485626221e-01 -3.405629992485046387e-01 1.617577858269214630e-03 2.292154133319854736e-01 -7.267476320266723633e-01 -1.023953482508659363e-01 -4.503848254680633545e-01 4.533615708351135254e-01 5.687512755393981934e-01 -3.816674351692199707e-01 -1.942756921052932739e-01 3.802262842655181885e-01 4.079838693141937256e-01 7.036754395812749863e-03 6.798555254936218262e-01 8.536841720342636108e-02 -3.034750819206237793e-01 1.478595286607742310e-01 8.404785990715026855e-01 2.846007049083709717e-01 2.043866217136383057e-01 -2.039466351270675659e-01 -1.630090832710266113e+00 -5.894162058830261230e-01 7.444023489952087402e-01 -9.138280153274536133e-02 -5.321945548057556152e-01 7.686794996261596680e-01 2.287971079349517822e-01 8.121428489685058594e-01 2.238026559352874756e-01 -7.497209906578063965e-01 -1.116120815277099609e-01 -4.198997020721435547e-01 -1.031534299254417419e-01 -3.855654597282409668e-01 8.363204002380371094e-01 -9.857396036386489868e-02 -4.409840404987335205e-01
3.585866391658782959e-01 -4.019290506839752197e-01 5.154176950454711914e-01 -7.452739030122756958e-02 -3.764465749263763428e-01 -2.928651869297027588e-01 -3.773056864738464355e-01 4.651683568954467773e-02 -2.552324831485748291e-01 -4.259027242660522461e-01 5.987515207380056381e-03 -6.068121194839477539e-01 -5.965102314949035645e-01 -2.793702781200408936e-01 -3.178561925888061523e-01 7.022510170936584473e-01 -1.180967330932617188e+00 -1.589805334806442261e-01 1.801665574312210083e-01 4.734245315194129944e-02 4.186349213123321533e-01 4.744064807891845703e-01 -2.540902197360992432e-01 -4.230451583862304688e-01 -9.489368647336959839e-02 -2.761790994554758072e-03 8.551897853612899780e-02 -5.511078238487243652e-01 3.180326521396636963e-01 1.844969093799591064e-01 -4.483693838119506836e-01 2.994439378380775452e-02 -4.451719820499420166e-01 3.728730678558349609e-01 -2.582349777221679688e-01 -3.599022924900054932e-01 -1.277825981378555298e-01 1.130253225564956665e-01 -2.151862084865570068e-01 -2.753765285015106201e-01 2.784290313720703125e-01 -7.742825150489807129e-01 -4.274455904960632324e-01 -1.561139076948165894e-01 7.395284771919250488e-01 6.574335694313049316e-01 -3.666285574436187744e-01 -3.139699101448059082e-01 -1.057417094707489014e-01 4.572967290878295898e-01 -6.783952116966247559e-01 -4.606168270111083984e-01 4.736425578594207764e-01 1.054917741566896439e-02 5.107267946004867554e-02 -5.918777585029602051e-01 -4.466619193553924561e-01 -5.086162686347961426e-01 1.078086644411087036e-01 3.256079927086830139e-02 9.179241955280303955e-02 1.106019318103790283e-01 -1.498469710350036621e-01 -2.735469937324523926e-01
3.872397541999816895e-01 -2.629623711109161377e-01 5.393053963780403137e-02 -4.244906604290008545e-01 5.642896294593811035e-01 -4.487670063972473145e-01 3.930955827236175537e-01 1.941363960504531860e-01 -1.303971260786056519e-01 -1.051872223615646362e-01 -3.259236738085746765e-02 -2.231541872024536133e-01 -8.512364625930786133e-01 5.774273872375488281e-01 -1.497500538825988770e-01 1.023849606513977051e+00 1.504175364971160889e-01 -1.081512644886970520e-01 5.820046067237854004e-01 5.010083913803100586e-01 1.367924690246582031e+00 6.533738970756530762e-01 4.565266966819763184e-01 -2.652654051780700684e-01 -5.355143547058105469e-01 -2.998150587081909180e-01 -8.310202509164810181e-02 3.064672462642192841e-02 5.568710565567016602e-01 -9.854342341423034668e-01 -1.193740293383598328e-01 -5.612334609031677246e-01 1.593353450298309326e-01 -6.941278278827667236e-02 -1.550114154815673828e-01 -8.118835091590881348e-02 3.070060610771179199e-01 -1.536571830511093140e-01 3.289955854415893555e-01 -3.458166718482971191e-01 9.229120612144470215e-01 5.939658284187316895e-01 2.656280994415283203e-01 -2.197132259607315063e-01 -1.892176717519760132e-01 8.078759908676147461e-02 6.922719478607177734e-01 -9.374433159828186035e-01 1.671600155532360077e-03 3.460897132754325867e-02 3.012186288833618164e-01 -1.667981296777725220e-01 1.721502542495727539e-01 -5.582911968231201172e-01 3.680744767189025879e-01 -3.241613507270812988e-01 -4.470519721508026123e-01 -5.060716271400451660e-01 -1.910400837659835815e-01 3.227928578853607178e-01 9.716828167438507080e-02 1.131612062454223633e-01 -6.085980683565139771e-02 2.794534564018249512e-01
1.063779950141906738e+00 -1.867237538099288940e-01 9.109000563621520996e-01 -7.738244533538818359e-02 -2.318372577428817749e-01 2.647559642791748047e-01 -8.744919300079345703e-02 1.251572370529174805e-01 2.818852365016937256e-01 -5.557354688644409180e-01 -1.268654316663742065e-01 -7.619154453277587891e-01 -2.074407488107681274e-01 -2.098164409399032593e-01 -1.939842998981475830e-01 3.566949069499969482e-01 -1.023506149649620056e-01 6.079502701759338379e-01 9.817413091659545898e-01 4.060035049915313721e-01 6.580188870429992676e-01 3.374113738536834717e-01 -1.153939291834831238e-01 -7.427607178688049316e-01 1.628671288490295410e-01 3.555477410554885864e-02 9.411561489105224609e-02 -3.939400315284729004e-01 3.449865579605102539e-01 3.108535706996917725e-02 6.944566369056701660e-01 2.184940874576568604e-01 7.155311703681945801e-01 -3.376374021172523499e-02 1.767807006835937500e-01 -6.152499839663505554e-02 8.990548551082611084e-02 5.968387126922607422e-01 -8.635224699974060059e-01 -7.631388306617736816e-01 2.677156329154968262e-01 3.967500030994415283e-01 1.498948186635971069e-01 2.016247622668743134e-02 5.357008576393127441e-01 -9.106269478797912598e-01 -5.453583598136901855e-02 -5.512036085128784180e-01 -1.796354800462722778e-01 1.356579512357711792e-01 1.090791583061218262e+00 -6.674258708953857422e-01 -1.699446737766265869e-01 -3.069196045398712158e-01 2.760389447212219238e-01 -2.717960253357887268e-02 -5.792305245995521545e-02 6.310741901397705078e-01 -2.905981838703155518e-01 6.231479048728942871e-01 -2.062691599130630493e-01 6.364120841026306152e-01 8.467923998832702637e-01 3.894821405410766602e-01
5.120380520820617676e-01 1.082422360777854919e-01 6.901708841323852539e-01 1.462779045104980469e-01 8.263562321662902832e-01 1.788075715303421021e-01 -4.299492239952087402e-01 -6.417571566998958588e-03 -2.764017581939697266e-01 -2.068183571100234985e-01 1.873076409101486206e-01 -4.181343615055084229e-01 -3.339793682098388672e-01 -4.234873652458190918e-01 -4.018551111221313477e-01 2.709879279136657715e-01 -6.187336444854736328e-01 -3.136774003505706787e-01 -2.233126014471054077e-01 3.756338059902191162e-01 3.682431578636169434e-01 -1.603616178035736084e-01 4.446246027946472168e-01 -7.632410526275634766e-01 3.415501117706298828e-01 9.657327085733413696e-02 -3.796921372413635254e-01 1.627181321382522583e-01 -9.780125617980957031e-01 2.338915020227432251e-01 -3.519803583621978760e-01 3.301485776901245117e-01 -7.949672341346740723e-01 -5.295767188072204590e-01 5.100165605545043945e-01 1.713570356369018555e-01 1.338493824005126953e-01 -4.127965494990348816e-02 3.757819831371307373e-01 -1.946819871664047241e-01 8.956633806228637695e-01 9.283140301704406738e-01 -7.365213632583618164e-01 1.637664288282394409e-01 6.771705746650695801e-01 -4.265779852867126465e-01 2.024192661046981812e-01 -6.633806824684143066e-01 -8.778898119926452637e-01 6.167422533035278320e-01 2.918194979429244995e-02 5.990502238273620605e-01 2.892592549324035645e-01 -8.571627140045166016e-01 8.313967287540435791e-02 -1.369834840297698975e-01 2.852543443441390991e-02 7.011381387710571289e-01 -1.007466197013854980e+00 4.633611738681793213e-01 -1.284800052642822266e+00 1.893933713436126709e-01 5.544350147247314453e-01 -2.108915522694587708e-02
5.708023905754089355e-01 3.039543330669403076e-01 5.056601762771606445e-01 2.686925530433654785e-01 7.850939035415649414e-01 6.791609339416027069e-04 6.226926445960998535e-01 -5.353514552116394043e-01 3.299684822559356689e-01 -7.395086288452148438e-01 2.683152556419372559e-01 8.285031653940677643e-03 -1.106449842453002930e+00 -1.878477185964584351e-01 -7.812433838844299316e-01 8.823112845420837402e-01 -7.766388058662414551e-01 -1.237913072109222412e-01 -1.453499048948287964e-01 -7.136286050081253052e-02 5.443360209465026855e-01 2.672067582607269287e-01 5.651340484619140625e-01 -9.133210182189941406e-01 -3.423484861850738525e-01 2.732758037745952606e-02 -7.027817890048027039e-03 5.355126857757568359e-01 1.937146335840225220e-01 -1.250136643648147583e-01 6.800772547721862793e-01 -3.704037964344024658e-01 -2.241757363080978394e-01 1.168463900685310364e-01 -3.009693883359432220e-02 -3.907111287117004395e-01 3.643913269042968750e-01 -1.190079376101493835e-01 4.811462014913558960e-02 -3.152530193328857422e-01 1.641924679279327393e-01 -5.076729059219360352e-01 7.683078199625015259e-02 -4.077692627906799316e-01 8.900995254516601562e-01 3.357971608638763428e-01 5.146771669387817383e-01 -8.269961178302764893e-02 -8.023999631404876709e-02 1.141770005226135254e+00 -2.266290932893753052e-01 5.212717503309249878e-02 -2.379545718431472778e-01 4.735377728939056396e-01 -4.185393750667572021e-01 4.165198206901550293e-01 9.248783439397811890e-02 3.865941464900970459e-01 -8.673676848411560059e-01 6.774886511266231537e-03 7.540223002433776855e-02 3.343127667903900146e-01 1.264482021331787109e+00 1.610515266656875610e-01
4.212849438190460205e-01 -4.664114117622375488e-01 5.201933383941650391e-01 -9.567418694496154785e-02 -3.704250156879425049e-01 -3.696969747543334961e-01 -2.300019413232803345e-01 -2.009679526090621948e-01 -1.381045728921890259e-01 -4.891369938850402832e-01 1.351125985383987427e-01 -5.471431612968444824e-01 -7.710320353507995605e-01 -5.433782190084457397e-02 -4.001580476760864258e-01 6.842859983444213867e-01 -1.191101670265197754e+00 -9.830542840063571930e-03 1.843224912881851196e-01 -8.705109357833862305e-03 3.855738937854766846e-01 6.144021749496459961e-01 -9.735300391912460327e-02 -3.751528263092041016e-01 4.379428457468748093e-03 -1.478252112865447998e-01 -1.880159229040145874e-02 -3.455241322517395020e-01 1.921694278717041016e-01 2.779546380043029785e-01 -2.435402870178222656e-01 1.724796146154403687e-01 -4.159803688526153564e-01 2.697359621524810791e-01 -3.105151057243347168e-01 -2.018764466047286987e-01 8.488527685403823853e-02 2.756828665733337402e-01 -2.523823678493499756e-01 -2.704690396785736084e-01 3.083089888095855713e-01 -7.490025758743286133e-01 -5.061218738555908203e-01 1.535492297261953354e-02 5.539911389350891113e-01 3.357817232608795166e-01 -5.327597260475158691e-01 -3.881339132785797119e-01 -2.239355146884918213e-01 5.944673418998718262e-01 -4.683577418327331543e-01 -5.636806488037109375e-01 5.540751218795776367e-01 -4.129476472735404968e-02 -4.245521128177642822e-02 -3.457238972187042236e-01 -3.973884582519531250e-01 -5.862477421760559082e-01 1.363761574029922485e-01 -1.309039741754531860e-01 1.533666551113128662e-01 -1.093817651271820068e-01 -1.587532907724380493e-01 -3.150655925273895264e-01
1.863203197717666626e-02 5.484970808029174805e-01 2.776356339454650879e-01 -1.879339665174484253e-01 -8.577592372894287109e-01 1.029637813568115234e+00 -6.693125963211059570e-01 -2.107622325420379639e-01 -1.024073481559753418e+00 -5.894289016723632812e-01 -4.877622127532958984e-01 -9.885159730911254883e-01 -2.935827709734439850e-02 -5.619267821311950684e-01 -3.433405160903930664e-01 -4.514049589633941650e-01 -3.786917924880981445e-01 -6.721213459968566895e-01 7.554107308387756348e-01 3.202387988567352295e-01 1.000259518623352051e+00 9.671646170318126678e-03 4.407250881195068359e-01 -1.510447144508361816e+00 2.746410854160785675e-02 -9.900539368391036987e-02 -1.196385622024536133e-01 6.767054647207260132e-02 -2.122804373502731323e-01 -2.031506896018981934e-01 2.678770124912261963e-01 -4.470013678073883057e-01 -3.140141442418098450e-02 3.302615880966186523e-01 2.336543649435043335e-01 -5.236645936965942383e-01 1.290814876556396484e+00 3.946722149848937988e-01 7.570149302482604980e-01 4.553166031837463379e-02 8.263218402862548828e-01 -1.714063435792922974e-01 -2.746720314025878906e-01 1.061793565750122070e+00 5.236129760742187500e-01 -1.809321790933609009e-01 5.586479092016816139e-04 -1.204931020736694336e+00 -2.457012683153152466e-01 -2.709533572196960449e-01 2.650085091590881348e-01 -5.888479351997375488e-01 1.699696183204650879e-01 3.117761611938476562e-01 -6.959872245788574219e-01 -4.084830880165100098e-01 2.235103696584701538e-01 -3.282942175865173340e-01 -5.530048012733459473e-01 4.780152440071105957e-01 -1.960169225931167603e-01 3.090715706348419189e-01 4.925373196601867676e-01 1.046344861388206482e-01
2.521221898496150970e-02 1.027196288108825684e+00 8.095508813858032227e-02 6.562472879886627197e-02 2.337184250354766846e-01 -7.754596471786499023e-01 -5.927857384085655212e-02 -1.280969142913818359e+00 1.022697333246469498e-02 5.489314440637826920e-03 6.007201075553894043e-01 -1.037868633866310120e-01 -7.072266936302185059e-01 -4.661096259951591492e-02 -5.708382129669189453e-01 1.583343744277954102e-01 -4.101519584655761719e-01 -3.096885085105895996e-01 -4.402983468025922775e-03 4.315423071384429932e-01 7.530044317245483398e-01 2.636205255985260010e-01 -1.466488279402256012e-02 -4.926311373710632324e-01 -3.618029952049255371e-01 3.667358458042144775e-01 -2.288654744625091553e-01 -9.799897670745849609e-02 3.281660377979278564e-01 -3.379379585385322571e-02 4.774604439735412598e-01 -2.901580035686492920e-01 -4.956443980336189270e-02 -4.434118866920471191e-01 -2.987537719309329987e-02 -1.325210928916931152e-01 6.920647621154785156e-01 -2.491812855005264282e-01 6.753169745206832886e-02 6.237727589905261993e-03 3.965238630771636963e-01 -1.186345964670181274e-01 -2.943790256977081299e-01 -5.812507867813110352e-02 6.146834492683410645e-01 8.999817073345184326e-02 7.677566725760698318e-03 -3.525797128677368164e-01 -1.513611525297164917e-01 9.513204693794250488e-01 -9.230676107108592987e-03 -3.551177913323044777e-03 5.784053802490234375e-01 -3.354356586933135986e-01 1.363111883401870728e-01 -3.283396363258361816e-01 -3.027763664722442627e-01 6.574791669845581055e-01 -7.223700881004333496e-01 4.222115501761436462e-02 -5.457727313041687012e-01 1.963800340890884399e-01 4.935316443443298340e-01 -5.948804020881652832e-01
5.619660615921020508e-01 1.774548552930355072e-02 4.029227793216705322e-01 2.434968799352645874e-01 6.405565142631530762e-02 2.553382515907287598e-01 2.361232042312622070e-01 1.947787255048751831e-01 -3.109969198703765869e-01 -5.217527747154235840e-01 5.216816440224647522e-02 -9.529442787170410156e-01 -1.229987516999244690e-01 -1.379554271697998047e-01 -9.705171734094619751e-02 7.616271823644638062e-02 -1.219071671366691589e-01 -1.346852928400039673e-01 5.799801349639892578e-01 6.391183733940124512e-01 3.857962191104888916e-01 -5.258327350020408630e-02 3.196122869849205017e-02 -6.721192598342895508e-02 5.068539977073669434e-01 3.242046833038330078e-01 1.727099567651748657e-01 1.647402644157409668e-01 3.762095272541046143e-01 4.306161701679229736e-01 -9.277905821800231934e-01 3.876498043537139893e-01 -1.132844761013984680e-01 4.014916121959686279e-01 -3.503280580043792725e-01 -8.997159600257873535e-01 6.978908777236938477e-01 1.331374198198318481e-01 6.841896176338195801e-01 -4.461743533611297607e-01 1.753519922494888306e-01 -2.900526821613311768e-01 3.592128157615661621e-01 -8.078046888113021851e-02 1.888768076896667480e-01 -5.109381675720214844e-01 -5.352134108543395996e-01 -5.898400545120239258e-01 5.822259783744812012e-01 4.819958806037902832e-01 4.141823388636112213e-03 -6.570082306861877441e-01 2.875531911849975586e-01 2.199590802192687988e-01 -2.774177789688110352e-01 3.417401611804962158e-01 -2.119670659303665161e-01 3.876862227916717529e-01 -7.581592202186584473e-01 -3.384770750999450684e-01 -5.833330154418945312e-01 2.473914325237274170e-01 6.683987379074096680e-01 -4.084168970584869385e-01
7.715559005737304688e-01 -5.061049461364746094e-01 9.826830029487609863e-01 -3.185568749904632568e-01 4.522286951541900635e-01 6.675314307212829590e-01 9.094274044036865234e-02 -1.832835078239440918e-01 4.506692662835121155e-02 -5.304226875305175781e-01 -4.040896594524383545e-01 -4.830227196216583252e-01 -5.966361165046691895e-01 -5.727290511131286621e-01 -6.277449131011962891e-01 1.987128704786300659e-01 -4.369148910045623779e-01 4.455007314682006836e-01 -1.310153901576995850e-01 1.829843819141387939e-01 5.655396580696105957e-01 9.406873583793640137e-01 2.029542624950408936e-01 -5.446161627769470215e-01 2.498729852959513664e-03 -5.804613232612609863e-02 -2.678606212139129639e-01 2.221009135246276855e-01 5.254095792770385742e-01 -4.803347885608673096e-01 -3.925613462924957275e-01 2.218005359172821045e-01 4.654242470860481262e-02 -1.052049472928047180e-01 -1.828675158321857452e-02 -5.612955689430236816e-01 -3.809595406055450439e-01 4.874613583087921143e-01 -1.213316544890403748e-01 -9.279046952724456787e-02 -1.840794645249843597e-02 5.295307561755180359e-02 -1.797436503693461418e-03 -8.778148889541625977e-02 8.906480073928833008e-01 -4.281711578369140625e-01 6.984857320785522461e-01 -4.876836836338043213e-01 -1.701857894659042358e-01 1.412333101034164429e-01 -5.292937159538269043e-01 2.217443194240331650e-03 -2.394814491271972656e-01 -3.924264386296272278e-02 -3.317039310932159424e-01 -2.802132256329059601e-02 -3.334434628486633301e-01 1.154800727963447571e-01 5.996634066104888916e-02 -5.165039300918579102e-01 2.259320020675659180e-01 6.956229209899902344e-01 -9.107422828674316406e-02 1.513268947601318359e-01
2.247383296489715576e-01 -3.025751709938049316e-01 1.061292529106140137e+00 4.696078225970268250e-02 1.513089388608932495e-01 2.457941770553588867e-01 -2.815655469894409180e-01 -2.242737263441085815e-01 -2.145191431045532227e-01 -8.282011151313781738e-01 -3.281437456607818604e-01 -1.639334559440612793e-01 -2.033583372831344604e-01 7.349306344985961914e-01 2.186522036790847778e-01 9.599311947822570801e-01 -5.808596014976501465e-01 -4.550040513277053833e-02 -2.123480290174484253e-02 3.092942535877227783e-01 8.942924141883850098e-01 1.191055253148078918e-01 -2.761829197406768799e-01 -8.209303617477416992e-01 -1.139178797602653503e-01 3.896085917949676514e-01 -3.130010068416595459e-01 6.156647801399230957e-01 -8.995011448860168457e-02 -4.929493963718414307e-01 1.231189146637916565e-01 -3.206308484077453613e-01 1.710894405841827393e-01 4.557178914546966553e-02 -2.473640739917755127e-01 -8.434775471687316895e-01 4.557407498359680176e-01 5.406545996665954590e-01 2.305247783660888672e-01 -3.489976227283477783e-01 -1.530893146991729736e-01 -7.008541822433471680e-01 -3.048093020915985107e-01 -6.698879003524780273e-01 8.062510490417480469e-01 1.537579447031021118e-01 7.381717562675476074e-01 1.676797568798065186e-01 -7.767268419265747070e-01 9.094335436820983887e-01 6.742655485868453979e-02 -4.621196389198303223e-01 -5.009329319000244141e-01 -4.801460541784763336e-03 -3.247619867324829102e-01 8.008427172899246216e-02 -5.369194149971008301e-01 4.599226415157318115e-01 -8.134224414825439453e-01 -3.585276305675506592e-01 -2.636034190654754639e-01 6.515446305274963379e-01 6.912128329277038574e-01 1.103640913963317871e+00
-1.161086559295654297e-01 -2.086977101862430573e-02 -1.845917701721191406e-01 -1.289624422788619995e-01 -3.298509418964385986e-01 -1.740044206380844116e-01 3.703486025333404541e-01 -6.440413594245910645e-01 -2.111963182687759399e-01 -2.431668788194656372e-01 4.219781756401062012e-01 -1.759763062000274658e-01 5.239268392324447632e-02 5.090196728706359863e-01 -2.415715605020523071e-01 6.348961591720581055e-01 -6.599058508872985840e-01 4.324945434927940369e-02 5.848017334938049316e-01 7.057629823684692383e-01 5.687319636344909668e-01 3.601177036762237549e-01 7.697367668151855469e-02 -6.936994194984436035e-01 -4.042690992355346680e-02 -5.715991556644439697e-02 -7.366336584091186523e-01 -1.045465022325515747e-01 3.362083137035369873e-01 -5.183501839637756348e-01 -3.778524324297904968e-02 -9.471805393695831299e-02 1.567684300243854523e-02 -3.314045667648315430e-01 -5.731604099273681641e-01 2.974768579006195068e-01 7.064155340194702148e-01 2.278055697679519653e-01 1.663985699415206909e-01 3.645731508731842041e-01 3.093909919261932373e-01 -1.881435215473175049e-01 5.248172879219055176e-01 -1.185694262385368347e-01 7.199839949607849121e-01 5.246970430016517639e-02 -2.407662570476531982e-01 -9.515418410301208496e-01 -1.324084699153900146e-01 5.384449958801269531e-01 -3.874183297157287598e-01 -1.921142339706420898e-01 3.150860667228698730e-01 -5.105745419859886169e-02 1.360093522816896439e-02 -7.551785707473754883e-01 -4.702584445476531982e-01 2.918886393308639526e-02 -4.758732020854949951e-01 6.808395385742187500e-01 -3.327205777168273926e-01 -3.536589145660400391e-01 -3.974161148071289062e-01 -1.092023327946662903e-01
4.508987665176391602e-01 1.078571200370788574e+00 1.040593385696411133e+00 -1.348109543323516846e-01 -1.041485071182250977e-01 -1.177423954010009766e+00 3.584122359752655029e-01 -2.206272482872009277e-01 -6.653297543525695801e-01 -2.762739360332489014e-01 2.359181642532348633e-01 -1.345332413911819458e-01 -3.915840387344360352e-01 -5.055708289146423340e-01 -1.412488073110580444e-01 4.339751228690147400e-02 -4.268505573272705078e-01 -1.528241634368896484e-01 5.462512969970703125e-01 4.869744777679443359e-01 6.979705095291137695e-01 1.640105843544006348e-01 -7.157742977142333984e-02 -6.615362763404846191e-01 -1.472499370574951172e-01 2.947881817817687988e-01 -7.185495495796203613e-01 -2.244940251111984253e-01 6.418786048889160156e-01 -2.285062521696090698e-01 -3.575847744941711426e-01 2.807197272777557373e-01 -7.707523554563522339e-02 -1.779370754957199097e-01 3.390207588672637939e-01 -3.381951153278350830e-01 -9.398150444030761719e-02 3.801576793193817139e-01 1.143581569194793701e-01 4.301111102104187012e-01 1.045758843421936035e+00 1.045049950480461121e-01 -1.011554226279258728e-01 2.879711389541625977e-01 3.992331326007843018e-01 -2.163153141736984253e-01 -5.662635564804077148e-01 -3.150187134742736816e-01 2.396679371595382690e-01 7.224941849708557129e-01 -1.182495504617691040e-01 -3.403777480125427246e-01 1.933473944664001465e-01 1.328078061342239380e-01 4.648419469594955444e-02 4.109525382518768311e-01 -4.064658284187316895e-01 3.250588178634643555e-01 -4.229853153228759766e-01 -8.998744487762451172e-01 -3.966504335403442383e-01 -3.456732928752899170e-01 8.762555718421936035e-01 1.147591844201087952e-01
2.984194159507751465e-01 -6.318311393260955811e-02 5.155906677246093750e-01 5.816552042961120605e-01 -1.351297050714492798e-01 -2.191759943962097168e-01 -1.193703338503837585e-02 1.186271905899047852e-01 2.926255464553833008e-01 1.054000109434127808e-01 3.706403970718383789e-01 -4.754029214382171631e-02 4.954776167869567871e-01 -4.378643333911895752e-01 -8.722656965255737305e-01 4.032387137413024902e-01 -5.569934248924255371e-01 5.481390953063964844e-01 8.842040896415710449e-01 3.848632425069808960e-02 9.156742095947265625e-01 6.925491690635681152e-01 4.055368190165609121e-04 -1.420486450195312500e+00 2.743062078952789307e-01 -1.471498906612396240e-01 -6.552501916885375977e-01 4.109354615211486816e-01 7.523180842399597168e-01 5.402862429618835449e-01 1.794455796480178833e-01 3.869030773639678955e-01 -2.684143781661987305e-01 3.170329332351684570e-01 -3.509988784790039062e-01 -5.429767370223999023e-01 1.863727122545242310e-01 3.174945414066314697e-01 5.521527305245399475e-02 -5.673280954360961914e-01 1.645314544439315796e-01 5.872253179550170898e-01 -2.993848025798797607e-01 -3.440255224704742432e-01 3.114990293979644775e-01 -1.277493536472320557e-01 4.140906929969787598e-01 -9.819883704185485840e-01 -7.109387516975402832e-01 1.677252352237701416e-01 7.889116406440734863e-01 -6.239315867424011230e-01 -8.314723372459411621e-01 -1.173592731356620789e-01 3.333062529563903809e-01 -2.392668426036834717e-01 -5.491250753402709961e-01 1.803996860980987549e-01 -6.696337461471557617e-01 -9.048245847225189209e-03 6.027261540293693542e-02 3.500508666038513184e-01 4.371232688426971436e-01 -5.119394659996032715e-01
7.570192813873291016e-01 6.818787753582000732e-02 3.730878829956054688e-01 1.335284858942031860e-01 -6.877713650465011597e-02 8.062414824962615967e-02 -4.101680964231491089e-02 2.303284108638763428e-01 -2.765723466873168945e-01 -2.217258960008621216e-01 -1.320037897676229477e-02 -1.047595381736755371e+00 -2.599788308143615723e-01 -2.735375165939331055e-01 -9.440731257200241089e-03 1.018015109002590179e-02 -1.286514997482299805e-01 -2.134113311767578125e-01 6.088758707046508789e-01 4.508466422557830811e-01 4.382857978343963623e-01 -1.108892844058573246e-03 3.559488952159881592e-01 -1.453293412923812866e-01 5.428705811500549316e-01 2.571659088134765625e-01 2.724610269069671631e-01 1.688327491283416748e-01 3.254751861095428467e-01 5.629509687423706055e-01 -8.723931312561035156e-01 4.817163646221160889e-01 -3.172675669193267822e-01 1.582461893558502197e-01 -4.201299548149108887e-01 -8.569288849830627441e-01 6.415532827377319336e-01 2.977366186678409576e-02 5.434552431106567383e-01 -4.936082363128662109e-01 -5.631785374134778976e-03 -2.429367750883102417e-01 4.280773103237152100e-01 6.204038392752408981e-03 1.585552543401718140e-01 -5.846874117851257324e-01 -5.455202460289001465e-01 -5.098977088928222656e-01 2.828845083713531494e-01 4.520026147365570068e-01 -2.960664592683315277e-02 -8.164322972297668457e-01 4.570741057395935059e-01 4.326000809669494629e-01 -1.100504621863365173e-01 4.759086072444915771e-01 -1.006123796105384827e-01 -1.539457775652408600e-02 -8.733927011489868164e-01 -5.367214679718017578e-01 -3.507548570632934570e-01 1.256755441427230835e-01 7.719475030899047852e-01 -1.910327076911926270e-01
-6.691487133502960205e-02 2.191505730152130127e-01 6.392599344253540039e-01 5.176271200180053711e-01 -5.864273384213447571e-02 -8.157772421836853027e-01 -1.143039986491203308e-01 2.201515063643455505e-02 2.047971487045288086e-01 3.095456957817077637e-01 3.427851200103759766e-01 -3.570437431335449219e-01 4.778905212879180908e-01 -3.178608119487762451e-01 -8.234183788299560547e-01 1.266341060400009155e-01 -4.384041428565979004e-01 6.352959275245666504e-01 1.620238184928894043e+00 -1.711576282978057861e-01 9.955923557281494141e-01 7.688137888908386230e-01 3.957247734069824219e-01 -1.375298619270324707e+00 -6.098653376102447510e-02 -1.834247708320617676e-01 -5.967388749122619629e-01 1.734047979116439819e-01 7.179248929023742676e-01 6.650224328041076660e-01 1.759339869022369385e-01 6.854930520057678223e-01 -2.706257253885269165e-02 1.490877717733383179e-01 -1.794313937425613403e-01 -9.155939817428588867e-01 7.810530662536621094e-01 3.636100292205810547e-01 6.989651322364807129e-01 -2.524719834327697754e-01 1.256090551614761353e-01 4.031187891960144043e-01 -7.351601123809814453e-01 -1.549028456211090088e-01 4.330753684043884277e-01 -1.419370025396347046e-01 3.698479831218719482e-01 -1.470186591148376465e+00 -1.017058968544006348e+00 -4.090072214603424072e-02 7.338377833366394043e-01 -6.099144816398620605e-01 -6.060742735862731934e-01 -4.277690052986145020e-01 5.320803523063659668e-01 1.323197484016418457e-01 -4.836204946041107178e-01 -2.617523074150085449e-01 -5.939394831657409668e-01 1.987803876399993896e-01 -6.175613030791282654e-03 6.665687561035156250e-01 1.570072621107101440e-01 5.578443408012390137e-01
4.215900897979736328e-01 5.945608615875244141e-01 1.009820580482482910e+00 -1.830627173185348511e-01 7.854634523391723633e-02 -7.788609862327575684e-01 4.906796291470527649e-02 2.329922914505004883e-01 -6.969149708747863770e-01 -5.292410850524902344e-01 4.082729220390319824e-01 -2.089459300041198730e-01 -4.997051134705543518e-02 -7.590253353118896484e-01 3.425157666206359863e-01 -6.224356219172477722e-02 -5.560918450355529785e-01 5.942737311124801636e-02 3.664813935756683350e-01 7.045186758041381836e-01 5.285797715187072754e-01 -1.630465984344482422e-01 -3.381280601024627686e-01 -2.357016950845718384e-01 1.382981240749359131e-01 1.898815333843231201e-01 6.233835965394973755e-02 -4.264562157914042473e-04 9.144912362098693848e-01 -2.008205950260162354e-01 -8.771159052848815918e-01 4.397786259651184082e-01 -1.528406441211700439e-01 -2.505008280277252197e-01 -2.112942039966583252e-01 -4.061251878738403320e-01 1.602519452571868896e-01 4.267341196537017822e-01 5.075973868370056152e-01 5.228648427873849869e-03 1.031562805175781250e+00 3.693833053112030029e-01 -2.691241502761840820e-01 4.106929898262023926e-01 6.218716502189636230e-01 -5.475280880928039551e-01 -5.306985974311828613e-01 -7.507121562957763672e-01 2.703432142734527588e-01 5.938867330551147461e-01 3.099106848239898682e-01 -6.952943801879882812e-01 1.364322155714035034e-01 4.756568074226379395e-01 -2.666466832160949707e-01 4.837111532688140869e-01 -5.135555863380432129e-01 -1.700855195522308350e-01 -1.099701076745986938e-01 -1.737488061189651489e-01 -2.461275160312652588e-01 2.958319187164306641e-01 6.765148043632507324e-01 4.173725247383117676e-01
-2.214025557041168213e-01 -2.436456084251403809e-01 5.134726688265800476e-02 -9.311449527740478516e-02 -3.312671929597854614e-02 -2.750825881958007812e-01 -4.322043061256408691e-02 -1.647913455963134766e-01 -4.450784921646118164e-01 -2.491206973791122437e-01 2.168129980564117432e-01 -6.295052766799926758e-01 1.190033033490180969e-01 -8.171381056308746338e-02 -3.050855696201324463e-01 5.040196776390075684e-01 -7.579260468482971191e-01 -6.289698183536529541e-02 5.097221732139587402e-01 -1.075488552451133728e-01 -2.791326493024826050e-02 7.794962525367736816e-01 1.371857970952987671e-01 -1.227383613586425781e-01 3.585537374019622803e-01 -1.882141679525375366e-01 -6.275749802589416504e-01 -2.680243551731109619e-01 9.500318765640258789e-02 -7.169905304908752441e-01 -8.729893714189529419e-03 -3.233262598514556885e-01 -5.076151490211486816e-01 4.123635590076446533e-01 -4.835661053657531738e-01 2.865612506866455078e-01 5.479846000671386719e-01 5.350318551063537598e-01 -6.480559706687927246e-02 1.261827349662780762e-01 2.705806195735931396e-01 -2.100056260824203491e-01 2.324687987565994263e-01 -4.781987369060516357e-01 2.698056399822235107e-01 -1.969582885503768921e-01 -7.827721536159515381e-02 -7.982527613639831543e-01 2.279109694063663483e-02 5.726336836814880371e-01 -5.808234214782714844e-01 -3.104493618011474609e-01 2.179253995418548584e-01 4.911849200725555420e-01 -1.586378067731857300e-01 -7.527470588684082031e-01 8.659078739583492279e-03 -2.441704869270324707e-01 -8.093492984771728516e-01 5.213488936424255371e-01 -4.972794950008392334e-01 -2.971011400222778320e-01 -4.173153080046176910e-03 -5.451004505157470703e-01
-6.425694376230239868e-02 7.611377239227294922e-01 2.865965068340301514e-01 -2.643421888351440430e-01 -8.034090399742126465e-01 9.402883648872375488e-01 -6.115507483482360840e-01 -1.850944906473159790e-01 -9.919064044952392578e-01 -4.173900783061981201e-01 -5.633013844490051270e-01 -8.252018094062805176e-01 -2.614860832691192627e-01 -4.684415161609649658e-01 -4.515769779682159424e-01 -5.170269608497619629e-01 -5.046302080154418945e-01 -5.810714364051818848e-01 7.966991066932678223e-01 3.312113881111145020e-01 1.174117922782897949e+00 1.162398532032966614e-01 5.183871984481811523e-01 -1.588911771774291992e+00 -2.429293841123580933e-01 -9.024791652336716652e-04 -9.906098246574401855e-03 8.349550515413284302e-02 -2.870098352432250977e-01 -6.760837137699127197e-02 5.137116909027099609e-01 -7.062178850173950195e-01 2.587940394878387451e-01 4.079624414443969727e-01 1.475836336612701416e-01 -5.208638906478881836e-01 1.245083689689636230e+00 2.723973691463470459e-01 8.053464889526367188e-01 1.687964349985122681e-01 9.489040970802307129e-01 -5.073440074920654297e-01 -4.295638799667358398e-01 1.037933349609375000e+00 5.451034903526306152e-01 -2.209786474704742432e-01 1.655747555196285248e-02 -1.116611719131469727e+00 -2.442349940538406372e-01 -1.468329131603240967e-01 3.348441123962402344e-01 -7.419826388359069824e-01 3.036673963069915771e-01 2.137909680604934692e-01 -7.846387028694152832e-01 -6.196600198745727539e-01 2.116870731115341187e-01 -8.754397183656692505e-02 -5.240229964256286621e-01 1.913728415966033936e-01 -2.274823635816574097e-01 3.313409388065338135e-01 4.466808736324310303e-01 8.304655551910400391e-02
3.157718181610107422e-01 4.389658570289611816e-02 1.556807637214660645e+00 3.623105585575103760e-01 -1.818658784031867981e-02 -1.505196541547775269e-01 2.398424223065376282e-02 3.106984794139862061e-01 -5.024905800819396973e-01 -2.766217663884162903e-02 -4.306123256683349609e-01 -5.919629335403442383e-01 -3.218664824962615967e-01 -2.765246033668518066e-01 -9.052115678787231445e-02 7.582378983497619629e-01 -7.754223793745040894e-02 -5.145929455757141113e-01 3.220055997371673584e-01 1.067013889551162720e-01 -9.317061305046081543e-02 5.655388236045837402e-01 2.918753921985626221e-01 1.525318529456853867e-02 -2.091247886419296265e-01 -4.470737874507904053e-01 -4.067304134368896484e-01 4.954329431056976318e-01 -2.996180355548858643e-01 -7.341600656509399414e-01 7.261477112770080566e-01 4.459431767463684082e-01 -3.343949317932128906e-01 -8.434576392173767090e-01 -2.846317589282989502e-01 -2.814417779445648193e-01 4.165165126323699951e-01 -2.082221210002899170e-01 -2.540986835956573486e-01 4.163105487823486328e-01 8.727808594703674316e-01 1.441465616226196289e-01 7.546058297157287598e-02 -8.033148646354675293e-01 -4.178844019770622253e-02 -7.843558490276336670e-02 5.502967834472656250e-01 -4.039449989795684814e-01 -3.933406770229339600e-01 5.472640395164489746e-01 7.356942892074584961e-01 -3.577311038970947266e-01 -3.187492489814758301e-02 8.735404163599014282e-02 2.648246884346008301e-01 -2.786943912506103516e-01 3.850024640560150146e-01 -1.145032942295074463e-01 -4.235480129718780518e-01 7.521100044250488281e-01 -5.534521937370300293e-01 3.232646584510803223e-01 4.615551233291625977e-01 5.214616060256958008e-01
1.055561378598213196e-01 3.207262456417083740e-01 4.486165344715118408e-01 -2.995904721319675446e-02 -7.781724333763122559e-01 9.131062030792236328e-01 -3.835121095180511475e-01 -1.302947103977203369e-01 -8.229683637619018555e-01 -5.435804128646850586e-01 -5.616215467453002930e-01 -8.566417098045349121e-01 1.904269009828567505e-01 -4.112199246883392334e-01 -5.075723528861999512e-01 -3.953137397766113281e-01 -5.727870464324951172e-01 -4.634383916854858398e-01 6.997861862182617188e-01 2.667010426521301270e-01 9.975640773773193359e-01 -4.566704034805297852e-01 5.763439536094665527e-01 -1.559728741645812988e+00 1.574441045522689819e-01 -1.280123461037874222e-02 -2.581598162651062012e-01 2.636346966028213501e-03 -1.989534199237823486e-01 -4.466493055224418640e-02 1.848156452178955078e-01 -4.675158560276031494e-01 -8.756153285503387451e-02 3.822912871837615967e-01 1.804963499307632446e-01 -5.310183763504028320e-01 1.435945630073547363e+00 2.456103116273880005e-01 8.589354157447814941e-01 -1.501724869012832642e-02 8.182619810104370117e-01 -3.433260917663574219e-01 -5.076899528503417969e-01 1.215663313865661621e+00 4.320060908794403076e-01 -9.146286547183990479e-02 1.809073425829410553e-02 -1.006295442581176758e+00 -2.067357450723648071e-01 -2.694659829139709473e-01 2.348106950521469116e-01 -6.864587664604187012e-01 2.574563324451446533e-01 2.930740118026733398e-01 -7.561277151107788086e-01 -4.506979584693908691e-01 4.276996105909347534e-02 2.166816778481006622e-02 -5.915130376815795898e-01 3.390615284442901611e-01 -8.403839170932769775e-02 3.312553763389587402e-01 6.016596555709838867e-01 9.210760146379470825e-02
2.838129997253417969e-01 9.301146119832992554e-02 3.691232800483703613e-01 4.353019297122955322e-01 3.253562003374099731e-02 2.676313817501068115e-01 -4.975163377821445465e-03 -2.209115773439407349e-01 -7.575613260269165039e-02 -7.132314443588256836e-01 -2.784520983695983887e-01 -6.422073841094970703e-01 -4.309381246566772461e-01 2.867048084735870361e-01 -1.801434904336929321e-02 4.215085804462432861e-01 -3.514655232429504395e-01 -5.519496202468872070e-01 2.198956459760665894e-01 -1.191475763916969299e-01 7.530893087387084961e-01 3.901987969875335693e-01 -2.843382060527801514e-01 -1.066073775291442871e+00 6.440183520317077637e-02 -5.230483412742614746e-01 1.611538082361221313e-01 -1.703857332468032837e-01 5.429086461663246155e-02 -3.254450559616088867e-01 2.535438239574432373e-01 8.335528969764709473e-01 -1.985266059637069702e-01 -7.420170307159423828e-01 -1.120314836502075195e+00 -5.330779552459716797e-01 8.627831339836120605e-01 5.358168482780456543e-01 4.594006538391113281e-01 1.878045201301574707e-01 -9.174792468547821045e-02 -6.859303712844848633e-01 2.500478327274322510e-01 8.354420214891433716e-02 1.324513912200927734e+00 2.168719619512557983e-01 -5.785767436027526855e-01 -2.774721682071685791e-01 -2.534521520137786865e-01 6.268044710159301758e-01 -8.431924879550933838e-02 3.062589168548583984e-01 1.213250160217285156e-01 -1.230742037296295166e-01 -3.622153103351593018e-01 -1.989520043134689331e-01 -4.742973744869232178e-01 -4.174743890762329102e-01 -7.516110539436340332e-01 2.487033754587173462e-01 3.924375772476196289e-01 6.080495119094848633e-01 -8.186226338148117065e-02 6.782256960868835449e-01
-4.995664060115814209e-01 2.742237746715545654e-01 1.055206060409545898e+00 7.351484298706054688e-01 -6.914752125740051270e-01 2.799117006361484528e-02 3.872477412223815918e-01 -4.236672222614288330e-01 -5.645814538002014160e-01 4.121597111225128174e-01 4.537352919578552246e-01 -7.711262702941894531e-01 -1.166667222976684570e+00 2.375872582197189331e-01 -1.313691437244415283e-01 4.402381479740142822e-01 1.406500190496444702e-01 -2.763497531414031982e-01 1.352187514305114746e+00 5.225457549095153809e-01 4.688255190849304199e-01 2.704112231731414795e-01 4.366915673017501831e-02 -1.420718073844909668e+00 -6.828490644693374634e-02 4.182683825492858887e-01 -4.005371332168579102e-01 -1.781429164111614227e-02 -2.431267648935317993e-01 -7.404264807701110840e-02 -1.802961826324462891e-01 -6.233577728271484375e-01 -5.427213311195373535e-01 -3.766703307628631592e-01 -2.180312871932983398e-01 -1.372784733772277832e+00 3.930091261863708496e-01 6.476932168006896973e-01 6.120554804801940918e-01 -4.252675771713256836e-01 -1.777397841215133667e-01 -3.209066390991210938e-01 -2.211171686649322510e-01 -9.475076794624328613e-01 2.671129405498504639e-01 -4.073642194271087646e-01 -5.310280919075012207e-01 -8.640962243080139160e-01 3.324298262596130371e-01 2.526736557483673096e-01 6.181390285491943359e-01 -9.658387303352355957e-01 7.231697440147399902e-01 2.672416865825653076e-01 5.869274139404296875e-01 6.450428366661071777e-01 1.174833253026008606e-01 9.937430024147033691e-01 -2.885649204254150391e-01 4.155088961124420166e-01 -5.618026256561279297e-01 8.618655204772949219e-01 3.607427477836608887e-01 4.036921858787536621e-01
7.615671157836914062e-01 -1.416132450103759766e-01 1.080890536308288574e+00 -2.889792434871196747e-02 9.282241016626358032e-02 9.789375662803649902e-01 -1.058868691325187683e-01 2.539615035057067871e-01 3.053757548332214355e-01 -1.291388720273971558e-01 -3.555433452129364014e-01 -8.310546278953552246e-01 -5.768780112266540527e-01 -2.871290445327758789e-01 -4.847518503665924072e-01 3.778099119663238525e-01 -6.972074508666992188e-01 -4.792050421237945557e-01 -3.975591063499450684e-01 -1.302291639149188995e-02 1.274048537015914917e-01 3.098686933517456055e-01 8.488391041755676270e-01 -4.548954963684082031e-01 -3.002235293388366699e-01 4.847336709499359131e-01 -5.654919147491455078e-01 -1.850282400846481323e-01 -3.814388066530227661e-02 -1.651531159877777100e-01 -2.501695156097412109e-01 1.087884977459907532e-01 -5.820935592055320740e-02 -1.601676046848297119e-01 -5.626188963651657104e-02 -7.258476018905639648e-01 6.001521348953247070e-01 1.563415378332138062e-01 6.471583992242813110e-02 3.785563707351684570e-01 5.182343125343322754e-01 -5.087342262268066406e-01 -3.181767165660858154e-01 -1.373344957828521729e-01 6.180964112281799316e-01 -9.205325692892074585e-02 4.780108630657196045e-01 -6.164262890815734863e-01 -6.598803400993347168e-01 1.454287469387054443e-01 -3.243389725685119629e-01 -5.971860289573669434e-01 1.222962513566017151e-01 -4.618184268474578857e-01 -7.388740777969360352e-01 -4.541930183768272400e-02 -3.035422563552856445e-01 3.417954593896865845e-02 1.245308592915534973e-01 -2.347156703472137451e-01 7.779885083436965942e-02 -1.596423052251338959e-02 1.587415933609008789e-01 2.782476842403411865e-01
-3.138233721256256104e-01 -6.788047403097152710e-02 4.400103390216827393e-01 -4.263401031494140625e-01 -7.066482901573181152e-01 4.753168672323226929e-02 -2.609503269195556641e-01 -3.951609134674072266e-01 -3.068642616271972656e-01 -4.455977082252502441e-01 3.316674530506134033e-01 -1.066757082939147949e+00 2.305684536695480347e-01 -2.366852164268493652e-01 -5.567780509591102600e-02 -5.175070092082023621e-02 -8.904562592506408691e-01 -3.746932148933410645e-01 1.087906211614608765e-01 7.194324135780334473e-01 8.353878855705261230e-01 3.465173244476318359e-01 1.592022329568862915e-01 -4.583924114704132080e-01 5.725063383579254150e-02 -1.929688304662704468e-01 -3.255293667316436768e-01 1.060460135340690613e-01 -1.787838488817214966e-01 3.940399885177612305e-01 1.576156467199325562e-01 -5.903622880578041077e-02 4.439115822315216064e-01 3.384061455726623535e-01 -6.094002127647399902e-01 2.813033163547515869e-01 1.187171936035156250e+00 4.991743266582489014e-01 1.469849646091461182e-01 3.761450648307800293e-01 2.606761157512664795e-01 -4.887429475784301758e-01 1.896774023771286011e-01 6.968436390161514282e-02 4.416907131671905518e-01 -2.152783721685409546e-01 -2.805668301880359650e-02 -1.476914644241333008e+00 1.918991059064865112e-01 5.278912186622619629e-01 -3.543030023574829102e-01 -3.393481075763702393e-01 7.237250208854675293e-01 -1.884544193744659424e-01 -3.712185025215148926e-01 -2.255732566118240356e-01 -3.796123266220092773e-01 -5.767740011215209961e-01 -2.484669685363769531e-01 2.971902787685394287e-01 -3.934136927127838135e-01 1.636443585157394409e-01 5.819831788539886475e-02 -4.234362244606018066e-01
3.902634084224700928e-01 -1.031018733978271484e+00 -1.598026603460311890e-01 -2.194414734840393066e-01 8.057829737663269043e-02 -3.936387896537780762e-01 -4.005125537514686584e-02 -5.928633362054824829e-02 -3.057617843151092529e-01 -5.766230225563049316e-01 5.055173635482788086e-01 -4.327573776245117188e-01 -5.113043785095214844e-01 6.267979145050048828e-01 -1.149402037262916565e-01 9.579956531524658203e-01 -8.725829720497131348e-01 -4.253671169281005859e-01 4.519429206848144531e-01 2.389400154352188110e-01 4.083709716796875000e-01 2.205208837985992432e-01 1.465245187282562256e-01 -2.586344182491302490e-01 4.097766280174255371e-01 -2.314693182706832886e-01 -8.221469521522521973e-01 -2.299015372991561890e-01 5.964069962501525879e-01 -3.169231116771697998e-01 -3.372637331485748291e-01 7.597928494215011597e-02 2.708198130130767822e-01 1.731939762830734253e-01 -6.345831751823425293e-01 2.389413565397262573e-01 -2.959806323051452637e-01 4.285680055618286133e-01 2.132505178451538086e-01 5.644576996564865112e-02 -2.129010707139968872e-01 5.020740255713462830e-02 1.531063765287399292e-01 1.681082844734191895e-01 4.189094603061676025e-01 3.130074441432952881e-01 -8.206059038639068604e-02 -6.777742505073547363e-01 -1.629692763090133667e-01 5.112463831901550293e-01 -8.168826252222061157e-02 -3.454582989215850830e-01 -2.777171432971954346e-01 4.432621002197265625e-01 -4.609681665897369385e-01 -5.147764086723327637e-01 -3.517511785030364990e-01 -6.560882180929183960e-02 -2.169574052095413208e-01 5.117091536521911621e-01 -7.677965760231018066e-01 1.902137398719787598e-01 5.736369490623474121e-01 -3.858573734760284424e-01
3.526194095611572266e-01 -1.686866283416748047e-01 4.249022603034973145e-01 -2.291678935289382935e-01 7.171407341957092285e-02 3.134135603904724121e-01 -6.757779717445373535e-01 3.600941598415374756e-01 3.035855591297149658e-01 -4.567824900150299072e-01 6.025016307830810547e-01 -1.205104738473892212e-01 -5.515465140342712402e-01 -8.119914680719375610e-02 5.253781750798225403e-02 1.150252461433410645e+00 -2.136131078004837036e-01 2.162726670503616333e-01 -5.408030152320861816e-01 3.097362518310546875e-01 1.016362190246582031e+00 1.549679692834615707e-02 -5.536020398139953613e-01 -6.730698347091674805e-01 -1.344210207462310791e-01 3.058406412601470947e-01 -2.709986865520477295e-01 -3.364336490631103516e-01 -1.951604187488555908e-01 2.298135012388229370e-01 -3.399201035499572754e-01 2.553150057792663574e-01 -3.346148133277893066e-01 2.680421173572540283e-01 -2.453011870384216309e-01 -2.088890224695205688e-01 7.638974189758300781e-01 -6.794267296791076660e-01 5.499958992004394531e-01 -2.025293260812759399e-01 -3.559996187686920166e-02 -1.388975791633129120e-02 -8.382782340049743652e-01 -3.417243361473083496e-01 8.503786921501159668e-01 -4.315004348754882812e-01 -3.649890795350074768e-02 -4.622621834278106689e-01 -4.017997682094573975e-01 2.991779148578643799e-01 5.892199929803609848e-03 5.475544929504394531e-01 1.101379767060279846e-01 5.443052947521209717e-02 -6.333090662956237793e-01 -4.564442336559295654e-01 4.656527638435363770e-01 7.153604030609130859e-01 -6.065754890441894531e-01 5.820537209510803223e-01 -9.160127639770507812e-01 6.972312927246093750e-01 8.279201984405517578e-01 2.003957778215408325e-01
5.257730484008789062e-01 -2.872929275035858154e-01 4.819468259811401367e-01 2.805279493331909180e-01 7.204565405845642090e-01 -6.144708395004272461e-01 8.678803592920303345e-02 3.971099257469177246e-01 -4.908550977706909180e-01 -3.831678926944732666e-01 -6.812274456024169922e-02 -6.156951785087585449e-01 1.437116861343383789e-01 -1.455103605985641479e-01 -4.482793211936950684e-01 4.629392325878143311e-01 -3.247605860233306885e-01 -7.073576003313064575e-02 1.031606197357177734e+00 2.558555305004119873e-01 6.892878413200378418e-01 -7.066827267408370972e-03 5.609732270240783691e-01 1.519185155630111694e-01 1.296709030866622925e-01 1.465191394090652466e-01 8.043802529573440552e-02 -1.388093829154968262e-01 -2.785673737525939941e-01 1.078873351216316223e-01 2.407148927450180054e-01 3.573434352874755859e-01 1.777257472276687622e-01 -5.380443930625915527e-01 -3.460046350955963135e-01 -9.018357396125793457e-01 -1.623748429119586945e-02 4.326519370079040527e-01 1.885682493448257446e-01 5.398673415184020996e-01 5.574849843978881836e-01 -3.084696531295776367e-01 7.955317944288253784e-02 3.935073018074035645e-01 5.678760632872581482e-02 -6.947407126426696777e-01 -4.100680947303771973e-01 -2.475279569625854492e-01 2.581792175769805908e-01 5.124963521957397461e-01 -4.980102181434631348e-01 -6.717543601989746094e-01 4.916922748088836670e-01 3.679721057415008545e-01 -4.300877451896667480e-01 7.816217839717864990e-02 2.934904992580413818e-01 3.981572389602661133e-01 -8.641489744186401367e-01 -9.762060046195983887e-01 -1.782300323247909546e-01 2.884664237499237061e-01 5.029029250144958496e-01 2.511411905288696289e-01
-2.037722468376159668e-01 -7.806259393692016602e-01 -2.289206236600875854e-01 1.125918049365282059e-02 1.239100694656372070e-01 -2.561852931976318359e-01 -6.973531842231750488e-01 -2.164939343929290771e-01 -1.726617217063903809e-01 -5.203603953123092651e-02 4.861347004771232605e-02 -7.433208227157592773e-01 -4.882325977087020874e-02 -1.087484210729598999e-01 1.340015530586242676e-01 1.007887363433837891e+00 -6.839717030525207520e-01 1.835688799619674683e-01 5.746913552284240723e-01 2.675338387489318848e-01 6.694771647453308105e-01 5.857566595077514648e-01 3.097168505191802979e-01 -7.533287256956100464e-02 -3.900682926177978516e-01 3.395906090736389160e-02 -2.996438443660736084e-01 -6.053330898284912109e-01 2.950300872325897217e-01 -2.820976376533508301e-01 -4.544229432940483093e-02 -4.045241475105285645e-01 -1.941879838705062866e-01 3.147797286510467529e-01 -4.089103341102600098e-01 -1.435886472463607788e-01 1.418054196983575821e-02 3.607548475265502930e-01 -3.002692461013793945e-01 2.061715275049209595e-01 -1.125157624483108521e-01 -3.613629341125488281e-01 -4.302280843257904053e-01 4.334835410118103027e-01 -2.395339682698249817e-02 -1.777839958667755127e-01 2.143634706735610962e-01 -1.181518197059631348e+00 -2.851829826831817627e-01 3.084760606288909912e-01 -1.005095764994621277e-01 3.439103066921234131e-01 8.973306417465209961e-01 1.759667694568634033e-01 -4.407482966780662537e-02 6.834355182945728302e-03 -2.213817834854125977e-01 -3.250077739357948303e-02 -9.830028414726257324e-01 6.666683554649353027e-01 -1.050037071108818054e-01 -4.893545806407928467e-01 4.002979397773742676e-01 -4.294627904891967773e-01
5.552388355135917664e-02 7.703074812889099121e-02 1.165305450558662415e-01 4.310526251792907715e-01 -5.633712187409400940e-02 -7.472736239433288574e-01 -3.267180323600769043e-01 -6.136917471885681152e-01 -3.442044556140899658e-01 -2.496537566184997559e-01 2.523414194583892822e-01 7.348152250051498413e-02 -3.644657433032989502e-01 -5.945009589195251465e-01 -7.481940984725952148e-01 -8.902613073587417603e-02 -3.072886914014816284e-02 2.073293924331665039e-01 2.929668128490447998e-01 -2.918967008590698242e-01 1.196239471435546875e+00 -1.528318077325820923e-01 8.094034343957901001e-02 -1.531106829643249512e+00 4.869354069232940674e-01 2.842855453491210938e-02 -7.745439410209655762e-01 -3.299234434962272644e-02 6.453188657760620117e-01 2.183677107095718384e-01 5.228629112243652344e-01 2.299006469547748566e-02 -3.253467679023742676e-01 4.209698736667633057e-01 -5.018125772476196289e-01 -4.588844180107116699e-01 6.060565114021301270e-01 1.562522649765014648e-01 -1.708867847919464111e-01 -7.251408696174621582e-01 6.621446013450622559e-01 -1.069023683667182922e-01 -8.650268316268920898e-01 -8.198308199644088745e-02 9.224827885627746582e-01 -4.266878366470336914e-01 3.151074051856994629e-01 -8.671191930770874023e-01 -2.535607814788818359e-01 9.103262424468994141e-02 5.586848258972167969e-01 1.413691937923431396e-01 -1.240620762109756470e-01 -5.130099058151245117e-01 -3.270321190357208252e-01 -4.599137902259826660e-01 -6.354590654373168945e-01 3.670975565910339355e-01 -1.270719021558761597e-01 5.113866329193115234e-01 -4.628803431987762451e-01 -8.772708475589752197e-02 9.701794981956481934e-01 -6.150925159454345703e-01
-2.407371550798416138e-01 6.058735847473144531e-01 -2.220526039600372314e-01 -2.727431952953338623e-01 -7.388498783111572266e-01 -1.888895034790039062e-01 -2.026159167289733887e-01 -5.687394738197326660e-01 -2.858307957649230957e-01 9.474613517522811890e-02 6.005902290344238281e-01 9.084503352642059326e-02 -1.083687305450439453e+00 9.192268364131450653e-03 -3.737544715404510498e-01 5.414488315582275391e-01 -5.145670771598815918e-01 -4.906182736158370972e-02 4.006160795688629150e-01 3.839612603187561035e-01 1.773306369781494141e+00 4.349991977214813232e-01 -2.330761849880218506e-01 -4.199489355087280273e-01 -3.766651153564453125e-01 6.164813041687011719e-01 -3.662446737289428711e-01 -3.088658452033996582e-01 -4.540031775832176208e-02 1.734874546527862549e-01 2.952865362167358398e-01 -3.021822571754455566e-01 -7.600833475589752197e-02 -9.365935623645782471e-02 8.667159080505371094e-02 -3.467417061328887939e-01 4.891533255577087402e-01 -3.724971115589141846e-01 4.059496149420738220e-02 -1.369873732328414917e-01 6.359523534774780273e-01 5.026047825813293457e-01 -5.232425332069396973e-01 -4.983176290988922119e-01 7.206144332885742188e-01 2.366536557674407959e-01 -2.853121161460876465e-01 -7.219079732894897461e-01 -1.150847822427749634e-01 7.655203938484191895e-01 4.487854242324829102e-01 4.447996914386749268e-01 2.239930778741836548e-01 -1.867706030607223511e-01 -3.530260622501373291e-01 -1.932291984558105469e-01 2.178635448217391968e-01 9.700156450271606445e-01 -1.181367635726928711e+00 -1.541446000337600708e-01 -6.466566920280456543e-01 -6.895770877599716187e-02 4.620743989944458008e-01 5.651339233736507595e-05
6.097164750099182129e-01 -6.353127360343933105e-01 9.149646162986755371e-01 -8.461445569992065430e-03 3.226074576377868652e-01 1.315415263175964355e+00 -4.072085022926330566e-01 3.418070673942565918e-01 -1.649657189846038818e-01 5.389487743377685547e-02 -2.015685588121414185e-01 -5.514099001884460449e-01 -1.531535536050796509e-01 -4.665282666683197021e-01 -5.570626258850097656e-01 5.558359995484352112e-02 -5.135660767555236816e-01 -2.846459448337554932e-01 -2.378321588039398193e-01 2.777007520198822021e-01 2.043367326259613037e-01 5.518150702118873596e-02 7.927533388137817383e-01 -5.828038454055786133e-01 -5.191358327865600586e-01 2.004715502262115479e-01 -1.910024583339691162e-01 -1.690362244844436646e-01 -5.825757980346679688e-01 -2.541249096393585205e-01 1.624059490859508514e-02 8.283580839633941650e-02 2.125564068555831909e-01 2.221207171678543091e-01 -7.513330876827239990e-02 -4.943517148494720459e-01 6.805143952369689941e-01 1.716528087854385376e-01 1.322010606527328491e-01 5.132763981819152832e-01 1.055320620536804199e+00 -1.957138478755950928e-01 -4.766926169395446777e-01 8.399763703346252441e-02 4.937995970249176025e-01 5.276896059513092041e-02 -1.160016581416130066e-01 -8.517131209373474121e-01 -1.056060910224914551e+00 2.933265566825866699e-01 5.282510817050933838e-02 -7.485819458961486816e-01 2.205864936113357544e-01 -6.664220243692398071e-02 -2.169942557811737061e-01 7.603660225868225098e-02 -2.262281775474548340e-01 2.466736547648906708e-02 -3.623554408550262451e-01 -2.491729520261287689e-02 -1.250780224800109863e-01 1.757108271121978760e-01 4.862058460712432861e-01 -2.025484442710876465e-01
7.297694683074951172e-01 -6.449204683303833008e-01 9.797364473342895508e-01 3.439012765884399414e-01 3.151786029338836670e-01 1.166605472564697266e+00 -4.995336830615997314e-01 3.008945286273956299e-01 -1.238926425576210022e-01 -9.333634376525878906e-02 4.359080642461776733e-02 -4.348469078540802002e-01 8.735293895006179810e-02 -3.234079480171203613e-01 -6.661999821662902832e-01 -1.019119843840599060e-01 -8.000227212905883789e-01 -2.693652808666229248e-01 -4.398345947265625000e-02 2.333986759185791016e-01 4.162147641181945801e-01 1.427300274372100830e-01 9.772537350654602051e-01 -6.930806040763854980e-01 -4.387825429439544678e-01 2.957535386085510254e-01 -1.362591236829757690e-01 -1.783381104469299316e-01 -5.668048858642578125e-01 -3.679837286472320557e-01 4.920145124197006226e-02 4.972458258271217346e-02 5.991999804973602295e-02 1.373891979455947876e-01 1.348294168710708618e-01 -3.344519138336181641e-01 6.839872598648071289e-01 6.652045994997024536e-02 2.821479737758636475e-01 5.442541241645812988e-01 9.811174273490905762e-01 -1.195521801710128784e-01 -3.550691902637481689e-01 1.769301742315292358e-01 4.859191179275512695e-01 -3.819426894187927246e-01 4.045464470982551575e-02 -5.386267900466918945e-01 -1.073292851448059082e+00 3.516896665096282959e-01 6.591869145631790161e-02 -8.756547570228576660e-01 2.110052555799484253e-01 -3.094108104705810547e-01 -5.163739323616027832e-01 2.896651439368724823e-02 -9.720059484243392944e-02 7.108914107084274292e-02 -2.127166390419006348e-01 5.700657516717910767e-02 -2.324226200580596924e-01 4.080585390329360962e-02 2.312246114015579224e-01 -6.009515002369880676e-02
2.809806764125823975e-01 -1.235936768352985382e-02 4.019443690776824951e-02 9.100673347711563110e-02 -4.562961459159851074e-01 -3.627549409866333008e-01 -5.718217492103576660e-01 -2.673854827880859375e-01 1.763299852609634399e-02 -2.355602681636810303e-01 2.391047030687332153e-01 -4.427334368228912354e-01 -4.909009337425231934e-01 1.367175765335559845e-02 -3.578072190284729004e-01 3.791899085044860840e-01 -1.031193494796752930e+00 -2.012047469615936279e-01 2.909103035926818848e-01 -1.220665872097015381e-01 6.625303626060485840e-01 5.609011054039001465e-01 -4.855446219444274902e-01 2.726772427558898926e-01 -1.621264219284057617e-01 7.794758677482604980e-02 -1.862891614437103271e-01 -6.564636230468750000e-01 1.935319975018501282e-02 -4.851431548595428467e-01 -2.045830935239791870e-01 -5.709952116012573242e-01 -5.446410179138183594e-01 8.883650898933410645e-01 -4.539379775524139404e-01 -3.348109722137451172e-01 9.920151531696319580e-02 -1.934855431318283081e-01 -5.013280510902404785e-01 6.571975350379943848e-02 9.103134870529174805e-01 -4.540217220783233643e-01 -4.970265328884124756e-01 -1.375446468591690063e-02 8.806267976760864258e-01 1.034417524933815002e-01 -5.362462401390075684e-01 -5.145609378814697266e-01 5.036137700080871582e-01 3.542903065681457520e-01 2.041779309511184692e-01 2.584232389926910400e-01 5.323687791824340820e-01 2.330061197280883789e-01 2.660269439220428467e-01 4.197098612785339355e-01 5.067352950572967529e-02 -1.218805238604545593e-01 -6.633794903755187988e-01 7.161724567413330078e-02 -8.817628622055053711e-01 9.693633019924163818e-02 8.798854798078536987e-02 -1.704899370670318604e-01
5.698037147521972656e-01 -3.143846690654754639e-01 5.921182036399841309e-01 -5.704181194305419922e-01 -5.393970608711242676e-01 -6.010501384735107422e-01 -4.155527353286743164e-01 -2.826428115367889404e-01 3.707889840006828308e-02 -6.474831104278564453e-01 2.294475138187408447e-01 -3.986748456954956055e-01 -3.026285171508789062e-01 -1.660377383232116699e-01 1.346877366304397583e-01 6.684852838516235352e-01 -3.543091714382171631e-01 -9.689743071794509888e-02 4.353791773319244385e-01 6.462348103523254395e-01 4.153913259506225586e-01 5.021691322326660156e-01 9.378383308649063110e-02 -5.270348191261291504e-01 1.543230190873146057e-02 -1.944669485092163086e-01 9.015753120183944702e-02 2.687951549887657166e-03 4.228071868419647217e-01 -8.713247627019882202e-02 -6.029670834541320801e-01 -1.726638078689575195e-01 -4.156124293804168701e-01 4.192240536212921143e-01 3.084607981145381927e-02 3.269783258438110352e-01 -2.753565609455108643e-01 3.569464758038520813e-02 1.194828510284423828e+00 -1.255818456411361694e-02 2.683472335338592529e-01 -2.484622150659561157e-01 -5.926087126135826111e-02 -1.498102247714996338e-01 3.789443373680114746e-01 -3.134859204292297363e-01 1.006475910544395447e-01 -5.623649433255195618e-02 4.368296265602111816e-01 6.339460611343383789e-01 -1.040910091251134872e-02 -5.827123522758483887e-01 -3.129408955574035645e-01 1.929869800806045532e-01 -2.845581769943237305e-01 3.972179442644119263e-02 -2.108657211065292358e-01 4.614607989788055420e-01 -2.606308162212371826e-01 -4.834355413913726807e-01 -2.993583213537931442e-03 8.407574892044067383e-02 6.588886976242065430e-01 -3.178962469100952148e-01
2.304632812738418579e-01 6.587921380996704102e-01 9.108289331197738647e-02 6.887826323509216309e-02 3.065951466560363770e-01 -3.784095942974090576e-01 2.371500283479690552e-01 -1.202814579010009766e+00 -2.056169807910919189e-01 -5.254850909113883972e-02 6.173372268676757812e-01 -5.253079533576965332e-01 -7.018986940383911133e-01 -2.652255296707153320e-01 -8.139159679412841797e-01 3.095826804637908936e-01 -3.998248875141143799e-01 -1.241226494312286377e-01 -7.365936785936355591e-02 -5.621883552521467209e-03 7.350757122039794922e-01 7.692845165729522705e-02 -2.415546327829360962e-01 -9.708673357963562012e-01 -6.287621855735778809e-01 5.570459365844726562e-01 -1.149321421980857849e-01 4.517710208892822266e-02 1.287801563739776611e-01 -1.948825418949127197e-01 7.975959181785583496e-01 -5.647939443588256836e-01 -1.481856015743687749e-04 1.757595539093017578e-01 -7.293282449245452881e-02 -2.720703482627868652e-01 3.980939686298370361e-01 -1.228809058666229248e-01 1.409232765436172485e-01 -1.200906336307525635e-01 6.300235986709594727e-01 -2.128350883722305298e-01 -4.941978156566619873e-01 -5.502337813377380371e-01 8.458306789398193359e-01 1.017332151532173157e-01 3.312990069389343262e-01 -5.079570412635803223e-01 4.988550394773483276e-02 8.136049509048461914e-01 2.832673490047454834e-01 4.286682307720184326e-01 4.180545508861541748e-01 -3.569277524948120117e-01 1.575446724891662598e-01 -2.898124754428863525e-01 3.699653595685958862e-02 3.141759335994720459e-01 -6.446736454963684082e-01 2.063917666673660278e-01 -5.137898325920104980e-01 -2.443504333496093750e-01 7.997969388961791992e-01 -3.234163820743560791e-01
3.430991470813751221e-01 6.211255192756652832e-01 9.758822321891784668e-01 -1.629926115274429321e-01 1.106813922524452209e-01 -8.712038397789001465e-01 9.878999739885330200e-02 2.056760191917419434e-01 -8.016266226768493652e-01 -4.077744185924530029e-01 2.946695685386657715e-01 -4.367358684539794922e-01 1.311299018561840057e-02 -7.506414055824279785e-01 1.887264847755432129e-01 -1.981494426727294922e-01 -5.423571467399597168e-01 1.868824511766433716e-01 3.238592445850372314e-01 6.624230146408081055e-01 3.871003091335296631e-01 2.090470865368843079e-02 -1.647862344980239868e-01 -4.019485712051391602e-01 -4.136117920279502869e-02 3.421343266963958740e-01 3.031892180442810059e-01 1.503373980522155762e-01 9.589908123016357422e-01 -4.043991863727569580e-01 -1.022901535034179688e+00 5.329911708831787109e-01 -3.253220766782760620e-02 -3.644979000091552734e-01 3.167009726166725159e-02 -5.009447932243347168e-01 -1.660897582769393921e-01 4.522310495376586914e-01 7.626768946647644043e-01 3.644519671797752380e-02 8.088292479515075684e-01 2.113741189241409302e-01 -4.884859323501586914e-01 1.627408266067504883e-01 6.071089506149291992e-01 -4.221991002559661865e-01 -3.140121400356292725e-01 -6.548781394958496094e-01 2.110684961080551147e-01 5.799841284751892090e-01 3.129713833332061768e-01 -4.694721400737762451e-01 1.526657193899154663e-01 4.212510883808135986e-01 -1.038305684924125671e-01 4.156914949417114258e-01 -3.247126936912536621e-01 -6.650990247726440430e-02 -2.912140786647796631e-01 -3.038287460803985596e-01 -3.252449333667755127e-01 6.099260225892066956e-02 5.558394193649291992e-01 2.554405033588409424e-01
5.149756669998168945e-01 1.420216709375381470e-01 8.308610916137695312e-01 -3.699922263622283936e-01 -3.399147689342498779e-01 -9.218215942382812500e-01 -8.972699940204620361e-02 -9.301129728555679321e-02 -3.376347571611404419e-02 -2.759595811367034912e-01 -2.639775276184082031e-01 -4.874501228332519531e-01 -6.830964684486389160e-01 -5.011585950851440430e-01 8.789680153131484985e-02 7.403687238693237305e-01 -2.212793231010437012e-01 2.715514004230499268e-01 5.014282464981079102e-01 6.988815069198608398e-01 5.735164284706115723e-01 1.687254309654235840e-01 2.652207911014556885e-01 -3.310288786888122559e-01 -3.374150022864341736e-02 -4.972340464591979980e-01 1.290936022996902466e-01 -1.904966384172439575e-01 4.854760766029357910e-01 -3.249550238251686096e-02 -7.010456919670104980e-01 -7.356878370046615601e-02 -3.801999390125274658e-01 3.130913972854614258e-01 5.016749724745750427e-02 -3.592335879802703857e-01 -6.275257468223571777e-02 1.897932440042495728e-01 1.053785681724548340e+00 -1.461535543203353882e-01 4.912364482879638672e-01 -3.744528889656066895e-01 -3.763325139880180359e-02 -7.141050696372985840e-02 2.877623736858367920e-01 -3.571117222309112549e-01 -3.083100616931915283e-01 -3.066513240337371826e-01 5.392539501190185547e-01 2.909259796142578125e-01 -4.050324559211730957e-01 -7.164878249168395996e-01 -4.139870107173919678e-01 3.340424597263336182e-01 -2.733280062675476074e-01 2.675098180770874023e-01 -3.637493252754211426e-01 -2.585155963897705078e-01 -2.960163652896881104e-01 -5.659342408180236816e-01 -3.742209672927856445e-01 1.133281514048576355e-01 8.707659244537353516e-01 4.534603282809257507e-02
4.419257342815399170e-01 -4.715252667665481567e-02 7.886505126953125000e-02 1.094136163592338562e-01 -1.967978626489639282e-01 -3.773829042911529541e-01 -4.144213795661926270e-01 -4.502733051776885986e-01 3.988048527389764786e-03 -2.853876948356628418e-01 3.644251823425292969e-02 -5.842693448066711426e-01 -1.016200304031372070e+00 -2.777186036109924316e-01 -2.410633675754070282e-02 6.024395227432250977e-01 -9.860621094703674316e-01 -2.078617513179779053e-01 3.749638795852661133e-02 -6.611869484186172485e-02 1.016335964202880859e+00 5.085402131080627441e-01 -3.384484946727752686e-01 -7.068616896867752075e-02 -2.197570502758026123e-01 2.939029037952423096e-01 6.061665713787078857e-02 -5.441982746124267578e-01 1.598690748214721680e-01 -2.164528146386146545e-02 1.178162917494773865e-01 -6.195655465126037598e-01 -4.696886837482452393e-01 6.430037021636962891e-01 -2.933279871940612793e-01 -5.089364647865295410e-01 -1.684706807136535645e-01 -3.706690073013305664e-01 -8.860503435134887695e-01 3.628892004489898682e-01 6.033124923706054688e-01 -3.343341946601867676e-01 -7.274706959724426270e-01 1.291093379259109497e-01 8.155805468559265137e-01 1.702453941106796265e-01 -3.143793940544128418e-01 -5.933313965797424316e-01 3.484614789485931396e-01 3.580696880817413330e-01 1.185350492596626282e-01 4.859984219074249268e-01 5.409854054450988770e-01 2.538172900676727295e-01 1.725450307130813599e-01 3.586651682853698730e-01 1.086156722158193588e-02 4.487661123275756836e-01 -7.275581359863281250e-01 4.699476361274719238e-01 -7.048264145851135254e-01 -4.883204773068428040e-02 -1.221330985426902771e-01 -3.851334452629089355e-01
-1.100990474224090576e-01 1.009578704833984375e+00 1.765196919441223145e-01 -4.516495466232299805e-01 -1.782975047826766968e-01 -6.647986769676208496e-01 -3.436397314071655273e-01 -9.533229470252990723e-01 -7.992193102836608887e-02 3.821630477905273438e-01 7.776250839233398438e-01 1.939463913440704346e-01 -2.393958568572998047e-01 6.905721127986907959e-02 -7.695796489715576172e-01 3.312356173992156982e-01 -6.295234560966491699e-01 -2.249213755130767822e-01 -3.416991233825683594e-01 8.099607229232788086e-01 9.157296419143676758e-01 2.408222258090972900e-01 -7.987692952156066895e-02 -6.541237235069274902e-01 1.739487648010253906e-01 -3.627400100231170654e-02 -1.279916316270828247e-01 -2.184405177831649780e-01 3.581519424915313721e-01 -1.023429483175277710e-01 1.244197860360145569e-01 1.584570854902267456e-01 -4.059484004974365234e-01 -4.190490841865539551e-01 1.676101386547088623e-01 -3.006150722503662109e-01 -1.835242100059986115e-02 1.232583820819854736e-01 4.759280383586883545e-01 9.067290462553501129e-03 3.558020293712615967e-01 1.449362188577651978e-01 -3.594470024108886719e-01 -5.032523069530725479e-03 6.371585130691528320e-01 -6.148387491703033447e-02 3.395120147615671158e-03 -2.592703104019165039e-01 -4.443619549274444580e-01 8.979333043098449707e-01 2.022299356758594513e-02 1.616274863481521606e-01 7.794550061225891113e-01 -5.992396473884582520e-01 1.425210237503051758e-01 -1.876905262470245361e-01 -1.771502196788787842e-01 8.800369501113891602e-01 -7.312447428703308105e-01 5.065671801567077637e-01 -9.251021146774291992e-01 6.463308334350585938e-01 5.502849444746971130e-02 2.198119647800922394e-02
6.496269702911376953e-01 1.738359928131103516e-01 -5.106138586997985840e-01 1.260105818510055542e-01 5.161743983626365662e-02 -3.948941230773925781e-01 3.910247087478637695e-01 -1.279777288436889648e-01 1.492676287889480591e-01 -2.134695947170257568e-01 2.676806449890136719e-01 -1.356194615364074707e-01 -5.197542309761047363e-01 -3.290125727653503418e-01 -6.035543084144592285e-01 2.542372643947601318e-01 -6.425760686397552490e-02 5.704380944371223450e-02 5.568335056304931641e-01 -2.843759059906005859e-01 1.690910458564758301e+00 2.736830413341522217e-01 -4.720000028610229492e-01 -1.005316257476806641e+00 1.903999745845794678e-01 -1.217583101242780685e-02 -4.259584248065948486e-01 -1.222463883459568024e-02 4.149612188339233398e-01 3.669251501560211182e-01 -1.955083757638931274e-01 -2.421483397483825684e-01 -2.780776321887969971e-01 -1.850248426198959351e-01 -1.049109399318695068e-01 -6.585631370544433594e-01 4.878758490085601807e-01 -5.709474086761474609e-01 -2.296832501888275146e-01 -5.612449645996093750e-01 1.015280842781066895e+00 -2.139898389577865601e-01 -9.693515896797180176e-01 -2.487942278385162354e-01 7.859452962875366211e-01 -5.611647292971611023e-02 5.401003956794738770e-01 -6.282827854156494141e-01 -5.467058420181274414e-01 3.543180823326110840e-01 1.241572275757789612e-01 -2.431580275297164917e-01 4.247180819511413574e-01 -5.750023126602172852e-01 1.915906667709350586e-01 -8.829093575477600098e-01 -1.970788389444351196e-01 -2.818129360675811768e-01 -1.240616068243980408e-01 2.326931059360504150e-01 -1.220240071415901184e-01 -2.502790093421936035e-01 1.465233266353607178e-01 -4.753324985504150391e-01
1.266283094882965088e-01 6.953712105751037598e-01 2.962274253368377686e-01 1.040639162063598633e+00 -3.891952931880950928e-01 4.800084233283996582e-01 -1.931491941213607788e-01 4.929561913013458252e-01 9.069714695215225220e-02 -4.445058703422546387e-01 -2.088657766580581665e-01 -5.080378055572509766e-01 -4.615104198455810547e-01 -3.561768233776092529e-01 -5.199227929115295410e-01 2.061473727226257324e-01 -4.186097383499145508e-01 3.960034549236297607e-01 1.214833498001098633e+00 5.143249630928039551e-01 9.396132826805114746e-01 4.058753848075866699e-01 8.113875240087509155e-02 -8.236790895462036133e-01 1.302909106016159058e-01 1.727873645722866058e-02 -4.259767532348632812e-01 1.875369250774383545e-01 4.511234164237976074e-02 -5.288380980491638184e-01 3.602977991104125977e-01 5.541307330131530762e-01 -2.104096114635467529e-01 -2.948811650276184082e-02 -9.453979134559631348e-02 1.887472420930862427e-01 -6.043184399604797363e-01 2.169900238513946533e-01 1.662690937519073486e-01 3.683232069015502930e-01 9.502336978912353516e-01 -4.711999893188476562e-01 -6.303635984659194946e-02 2.283803373575210571e-01 -7.593709826469421387e-01 3.174238204956054688e-01 2.306116968393325806e-01 -8.348416090011596680e-01 -1.393030583858489990e-01 7.388190031051635742e-01 7.432808279991149902e-01 2.281372249126434326e-01 5.827107429504394531e-01 4.633803665637969971e-01 2.142844051122665405e-01 -3.383136093616485596e-01 1.463081091642379761e-01 1.520053744316101074e-01 1.731504313647747040e-02 3.095030188560485840e-01 -1.997000575065612793e-01 4.698067307472229004e-01 1.131322264671325684e+00 6.396159529685974121e-01
-1.094267442822456360e-01 5.771939754486083984e-01 3.782685101032257080e-01 -3.813741505146026611e-01 -6.924543976783752441e-01 7.084953188896179199e-01 -6.706926226615905762e-01 -1.276872754096984863e-01 -8.948667049407958984e-01 -4.684078097343444824e-01 -4.602778255939483643e-01 -7.862451672554016113e-01 8.267351984977722168e-02 -5.150097608566284180e-01 -4.225932955741882324e-01 -6.024950742721557617e-01 -5.605600476264953613e-01 -4.464977383613586426e-01 7.770274281501770020e-01 4.566913247108459473e-01 1.061332941055297852e+00 -8.295413106679916382e-02 6.001159548759460449e-01 -1.589799284934997559e+00 -1.047752052545547485e-01 -1.088263913989067078e-01 -1.456053555011749268e-01 -3.868402168154716492e-02 -2.100249230861663818e-01 -2.058054953813552856e-01 3.202828466892242432e-01 -5.086245536804199219e-01 8.902761340141296387e-02 5.245828032493591309e-01 1.281093358993530273e-01 -4.521325826644897461e-01 1.355216741561889648e+00 5.128151774406433105e-01 7.315635085105895996e-01 3.543218225240707397e-02 7.556235194206237793e-01 -2.354260534048080444e-01 -4.770757853984832764e-01 1.110607862472534180e+00 2.422518730163574219e-01 -3.016768991947174072e-01 -2.828371338546276093e-02 -1.199731230735778809e+00 -3.207007944583892822e-01 -3.197199702262878418e-01 2.808024585247039795e-01 -6.899660825729370117e-01 3.076346814632415771e-01 4.721751809120178223e-01 -7.295004129409790039e-01 -4.726534783840179443e-01 1.437897980213165283e-01 -3.941621258854866028e-02 -4.022943973541259766e-01 3.411715924739837646e-01 -2.347250282764434814e-01 3.167615830898284912e-01 6.849147677421569824e-01 -2.238683216273784637e-02
2.588385343551635742e-01 8.553562164306640625e-01 2.208681344985961914e+00 5.706565976142883301e-01 -2.369605600833892822e-01 2.827400267124176025e-01 3.147480189800262451e-01 2.899836003780364990e-01 -8.956714272499084473e-01 1.140425261110067368e-02 5.696918964385986328e-01 -5.060067772865295410e-01 -6.879439949989318848e-01 1.232804730534553528e-01 2.055329456925392151e-02 1.155567049980163574e+00 -3.159343898296356201e-01 -1.309440582990646362e-01 7.365704178810119629e-01 1.415525823831558228e-01 1.433276057243347168e+00 1.175824850797653198e-01 4.276126623153686523e-03 -2.358494251966476440e-01 -2.152881473302841187e-01 -5.487119555473327637e-01 -3.231759965419769287e-01 7.149821519851684570e-01 1.513324230909347534e-01 -6.536903977394104004e-01 3.168753981590270996e-01 5.211127996444702148e-01 -2.749726735055446625e-02 -2.547791898250579834e-01 -1.427041739225387573e-01 2.776922583580017090e-01 4.222684502601623535e-01 -4.536682367324829102e-01 -3.231562674045562744e-01 -2.320465892553329468e-01 -1.726303696632385254e-01 9.364917641505599022e-04 -2.230965346097946167e-01 6.472563743591308594e-02 -4.441617131233215332e-01 -1.351993530988693237e-01 8.600264042615890503e-02 -2.109477519989013672e-01 -6.585652828216552734e-01 -1.708972156047821045e-01 2.085054516792297363e-01 -2.893218994140625000e-01 -2.042954862117767334e-01 -4.197612404823303223e-01 1.991101950407028198e-01 -2.865826189517974854e-01 3.967167735099792480e-01 -1.962088048458099365e-01 -8.708773255348205566e-01 6.727813482284545898e-01 1.059436574578285217e-01 -3.663353621959686279e-02 5.108748078346252441e-01 -1.100652068853378296e-01
2.947124093770980835e-02 3.646262288093566895e-01 9.603635668754577637e-01 3.595945239067077637e-01 5.036132931709289551e-01 -2.817003428936004639e-01 2.599625289440155029e-01 -1.181415840983390808e-01 -1.002914190292358398e+00 -1.529976874589920044e-01 -1.282403338700532913e-02 -1.595954298973083496e+00 1.300797909498214722e-01 -7.693049907684326172e-01 -3.356623947620391846e-01 2.161030024290084839e-01 1.168600097298622131e-02 -1.685935854911804199e-01 1.330581903457641602e+00 6.829358339309692383e-01 7.481853961944580078e-01 7.987927198410034180e-01 2.182036451995372772e-02 8.690065145492553711e-02 -3.554038405418395996e-01 -2.657766342163085938e-01 -1.824518740177154541e-01 3.557939529418945312e-01 -2.294642031192779541e-01 2.303123623132705688e-01 2.861600220203399658e-01 -4.588391184806823730e-01 -5.262800455093383789e-01 -2.997367382049560547e-01 -1.543248891830444336e-01 -7.444660067558288574e-01 -2.454007044434547424e-02 -6.116987392306327820e-02 2.351336330175399780e-01 2.921412885189056396e-01 2.151568979024887085e-02 -3.882419764995574951e-01 1.898683607578277588e-02 1.273765712976455688e-01 1.936927586793899536e-01 1.323663741350173950e-01 7.353203296661376953e-01 -7.092469930648803711e-01 -4.547155201435089111e-01 1.676556766033172607e-01 8.143936395645141602e-01 4.956407546997070312e-01 -4.096992909908294678e-01 5.744439363479614258e-01 3.940791189670562744e-01 -8.639993071556091309e-01 -5.963131189346313477e-01 2.675220668315887451e-01 7.177305966615676880e-02 3.822252154350280762e-01 -5.648371577262878418e-01 3.583362400531768799e-01 6.191785931587219238e-01 3.721199035644531250e-01
5.346345901489257812e-01 2.948781549930572510e-01 7.055059075355529785e-01 7.344404458999633789e-01 2.953600287437438965e-01 -2.622458636760711670e-01 4.707857966423034668e-01 4.609718322753906250e-01 -8.662118911743164062e-01 9.444219619035720825e-02 1.163458153605461121e-01 -1.446102261543273926e+00 2.387500926852226257e-02 -7.002764940261840820e-01 -1.892189532518386841e-01 5.727187991142272949e-01 3.003946840763092041e-01 -2.426930516958236694e-01 1.115989685058593750e+00 2.523466050624847412e-01 2.821131646633148193e-01 4.921113252639770508e-01 1.641818135976791382e-01 2.483213841915130615e-01 3.431006148457527161e-02 2.702490799129009247e-02 -1.976276636123657227e-01 5.135136842727661133e-01 -5.357303619384765625e-01 -3.967419862747192383e-01 8.110407590866088867e-01 -1.400375217199325562e-01 -2.949629426002502441e-01 6.965143978595733643e-02 6.554782390594482422e-02 -6.100196838378906250e-01 1.951269209384918213e-01 -3.123180866241455078e-01 -4.281450062990188599e-03 3.251753449440002441e-01 1.805214881896972656e-01 1.444852501153945923e-01 4.542747512459754944e-03 5.037963986396789551e-01 -3.904531002044677734e-01 -6.844255924224853516e-01 1.266763210296630859e-01 -4.702230542898178101e-02 -4.414764046669006348e-01 7.088713645935058594e-01 5.440838932991027832e-01 -1.369388699531555176e-01 -2.001374512910842896e-01 -7.108628749847412109e-02 1.268627196550369263e-01 -6.920818686485290527e-01 5.011222325265407562e-03 1.443172991275787354e-01 -6.176980137825012207e-01 1.334030181169509888e-01 -4.351430535316467285e-01 6.642308831214904785e-01 3.245827257633209229e-01 4.656778275966644287e-01
-4.803171381354331970e-02 5.757823586463928223e-01 -9.352733194828033447e-02 1.490019075572490692e-02 -5.823163986206054688e-01 -2.143250256776809692e-01 5.828909575939178467e-02 -6.699817180633544922e-01 -1.339163780212402344e-01 1.642345041036605835e-01 3.445250093936920166e-01 5.010034143924713135e-02 -1.188346266746520996e+00 -5.820396542549133301e-02 -2.260661125183105469e-01 8.647854328155517578e-01 -4.589754045009613037e-01 -2.483772337436676025e-01 6.235204339027404785e-01 4.348077476024627686e-01 1.707437992095947266e+00 2.351787537336349487e-01 -9.570270031690597534e-02 -3.125742077827453613e-01 -3.107823133468627930e-01 5.725548267364501953e-01 -4.077668786048889160e-01 -6.206820607185363770e-01 -1.664205342531204224e-01 5.315527692437171936e-02 1.427824944257736206e-01 -1.450770944356918335e-01 3.698055073618888855e-02 -1.626984626054763794e-01 -2.019081637263298035e-02 -2.881261408329010010e-01 4.138646721839904785e-01 -4.273121654987335205e-01 -2.360217571258544922e-01 -3.370442092418670654e-01 5.725944638252258301e-01 2.138379961252212524e-01 -8.045265674591064453e-01 -6.900989413261413574e-01 8.704616427421569824e-01 3.403794467449188232e-01 -1.324668824672698975e-01 -6.926869153976440430e-01 6.017357110977172852e-02 9.041696786880493164e-01 2.141275107860565186e-01 5.887410044670104980e-01 4.766770303249359131e-01 -7.499105483293533325e-02 -3.137458264827728271e-01 -1.641276031732559204e-01 8.608628809452056885e-02 9.740158915519714355e-01 -1.110639333724975586e+00 -6.755837798118591309e-02 -5.949403643608093262e-01 -2.603243291378021240e-01 2.219849824905395508e-01 3.493640199303627014e-02
-3.217335790395736694e-02 6.073527336120605469e-01 -2.067505121231079102e-01 -2.153867334127426147e-01 -4.707535207271575928e-01 -2.305687814950942993e-01 -3.822638839483261108e-02 -6.032107472419738770e-01 -4.114176630973815918e-01 5.995255336165428162e-02 5.345588326454162598e-01 7.549720257520675659e-02 -1.108303546905517578e+00 -9.125656634569168091e-02 -2.260253429412841797e-01 6.453262567520141602e-01 -5.732703208923339844e-01 -6.976926326751708984e-02 3.701612055301666260e-01 2.208036035299301147e-01 1.768208503723144531e+00 3.262131810188293457e-01 -1.231319084763526917e-01 -3.653037548065185547e-01 -4.206568598747253418e-01 5.251618623733520508e-01 -3.725777864456176758e-01 -4.665391445159912109e-01 -1.131206974387168884e-01 8.680552244186401367e-02 -1.135236993432044983e-01 -2.078836113214492798e-01 3.250610828399658203e-02 -1.241247877478599548e-01 -7.995083928108215332e-02 -1.393346041440963745e-01 3.885898292064666748e-01 -4.396220743656158447e-01 -4.682708904147148132e-02 -1.758636161684989929e-02 7.308296561241149902e-01 4.576900303363800049e-01 -6.941455602645874023e-01 -7.048723697662353516e-01 7.328351736068725586e-01 3.330475687980651855e-01 -3.011145889759063721e-01 -6.333558559417724609e-01 -4.640536790248006582e-04 8.354188799858093262e-01 2.847698330879211426e-01 5.615607500076293945e-01 2.904287576675415039e-01 -3.207634091377258301e-01 -3.596640527248382568e-01 -2.357401549816131592e-01 -2.830706164240837097e-02 7.497951388359069824e-01 -1.054763197898864746e+00 4.768502339720726013e-02 -6.256061792373657227e-01 -1.514001786708831787e-01 3.796670734882354736e-01 1.464855019003152847e-02
4.163758456707000732e-01 -3.616281598806381226e-02 2.765185832977294922e-01 2.682267129421234131e-01 9.808576107025146484e-02 1.257435679435729980e-01 -6.262890696525573730e-01 1.411287337541580200e-01 -3.242851197719573975e-01 -2.487100213766098022e-01 -6.143929064273834229e-02 -9.314621090888977051e-01 1.582903438247740269e-03 -1.482361406087875366e-01 -3.172027692198753357e-02 -6.577866673469543457e-01 -3.157867491245269775e-01 -4.033957421779632568e-01 1.304611265659332275e-01 1.758472472429275513e-01 6.646465063095092773e-01 2.137233316898345947e-01 -1.988619267940521240e-01 -5.558480620384216309e-01 -5.863164365291595459e-02 -1.748457103967666626e-01 4.438962340354919434e-01 -3.224255144596099854e-02 4.040338993072509766e-01 -7.147727906703948975e-02 -4.916270077228546143e-01 -1.025849580764770508e-02 -4.665084555745124817e-02 -1.247213780879974365e-02 -5.840739011764526367e-01 -8.127239942550659180e-01 6.490645408630371094e-01 1.874519586563110352e-01 4.083364009857177734e-01 -4.214679598808288574e-01 7.304092049598693848e-01 -8.237949609756469727e-01 2.834467887878417969e-01 -1.609265059232711792e-01 3.224824368953704834e-02 -3.027897775173187256e-01 -1.113371491432189941e+00 -6.187964677810668945e-01 1.209899038076400757e-01 3.554641604423522949e-01 -2.191380560398101807e-01 -4.437821805477142334e-01 4.819221794605255127e-01 2.000137716531753540e-01 -2.462045550346374512e-01 2.265710756182670593e-02 -1.617040336132049561e-01 -1.205527931451797485e-01 -7.125935554504394531e-01 -9.162833541631698608e-02 -6.207604408264160156e-01 8.526347577571868896e-02 1.987795382738113403e-01 -5.512260794639587402e-01
3.207339644432067871e-01 5.793257951736450195e-01 3.276025354862213135e-01 -1.164452210068702698e-01 1.001749396324157715e+00 4.773898795247077942e-02 -2.450526654720306396e-01 6.081612035632133484e-02 -1.902683079242706299e-01 -4.426074326038360596e-01 5.968505740165710449e-01 -2.681465744972229004e-01 1.436013877391815186e-01 -7.698550224304199219e-01 -4.082253277301788330e-01 7.319001555442810059e-01 -3.894363045692443848e-01 -2.722844183444976807e-01 1.084400247782468796e-02 3.872791528701782227e-01 9.537204504013061523e-01 -1.108923181891441345e-01 7.248239219188690186e-02 -5.876444578170776367e-01 3.421396017074584961e-01 -1.806887239217758179e-02 -1.769342124462127686e-01 -1.803524494171142578e-01 1.566427052021026611e-01 1.913721859455108643e-01 -5.128678083419799805e-01 4.809749424457550049e-01 -7.114009857177734375e-01 -2.379280477762222290e-01 3.360689282417297363e-01 -3.071636855602264404e-01 -2.720079720020294189e-01 -9.879768639802932739e-02 8.057939410209655762e-01 -3.219679594039916992e-01 5.644895434379577637e-01 5.512320995330810547e-01 -7.953447103500366211e-01 2.746761441230773926e-01 7.187161445617675781e-01 -3.566219508647918701e-01 1.347091328352689743e-02 -6.458856463432312012e-01 -3.262875080108642578e-01 3.202071487903594971e-01 -4.114466160535812378e-02 4.785652458667755127e-01 5.619756579399108887e-01 -4.979175925254821777e-01 1.407623291015625000e-01 5.263396725058555603e-02 -1.294413115829229355e-02 7.073319554328918457e-01 -8.674283027648925781e-01 9.609277248382568359e-01 -1.512923479080200195e+00 4.589764177799224854e-01 6.574690341949462891e-01 2.862689495086669922e-01
2.435102611780166626e-01 -2.951391041278839111e-01 9.151843786239624023e-01 9.986925870180130005e-03 1.069457903504371643e-01 1.939972043037414551e-01 -3.824200034141540527e-01 -1.617286503314971924e-01 -2.014868110418319702e-01 -9.106203317642211914e-01 -3.566193878650665283e-01 -2.819325923919677734e-01 -2.077986001968383789e-01 7.864465713500976562e-01 2.425361424684524536e-01 1.059007883071899414e+00 -4.441986083984375000e-01 1.130846813321113586e-01 -2.041355818510055542e-01 5.284354686737060547e-01 8.869681358337402344e-01 1.625630855560302734e-01 -3.684671968221664429e-02 -9.123957157135009766e-01 -1.606643050909042358e-01 1.891342997550964355e-01 -4.349229633808135986e-01 5.701892375946044922e-01 1.792546510696411133e-01 -5.220099091529846191e-01 -8.247077465057373047e-02 -1.853744536638259888e-01 1.966414749622344971e-01 9.304355829954147339e-02 -1.846889406442642212e-01 -8.837574124336242676e-01 6.292868852615356445e-01 4.642774760723114014e-01 9.663649648427963257e-02 -2.495200932025909424e-01 -2.489597201347351074e-01 -4.777085781097412109e-01 -1.605245471000671387e-01 -6.113440394401550293e-01 8.088443875312805176e-01 -3.896107152104377747e-02 8.097710609436035156e-01 1.393278688192367554e-01 -8.178436160087585449e-01 9.596480727195739746e-01 -4.789296537637710571e-02 -1.998450309038162231e-01 -4.881753027439117432e-01 2.284407913684844971e-01 -1.756345480680465698e-01 5.462616682052612305e-02 -3.904886543750762939e-01 4.759089946746826172e-01 -6.149997711181640625e-01 -4.211122095584869385e-01 -2.592195868492126465e-01 7.130606174468994141e-01 4.495558142662048340e-01 8.832392692565917969e-01
2.914751768112182617e-01 6.124889850616455078e-01 1.224652647972106934e+00 2.900964915752410889e-01 -5.718551278114318848e-01 -2.711811363697052002e-01 5.449125766754150391e-01 7.511160373687744141e-01 -7.896007299423217773e-01 -1.082092989236116409e-03 3.266007900238037109e-01 -7.723101377487182617e-01 -5.554293394088745117e-01 3.857406973838806152e-01 -5.368975996971130371e-01 4.659343063831329346e-01 -2.924464643001556396e-01 1.405395418405532837e-01 2.172784209251403809e-01 -1.419053822755813599e-01 1.045496463775634766e+00 3.488145470619201660e-01 4.467755258083343506e-01 -3.850090876221656799e-02 4.571919739246368408e-01 -4.393791854381561279e-01 -2.563307285308837891e-01 7.378720641136169434e-01 -2.393983304500579834e-01 -5.164441466331481934e-01 3.211100026965141296e-02 -4.721752554178237915e-02 2.347733676433563232e-01 -5.025878548622131348e-01 -2.332215011119842529e-01 -2.006452679634094238e-01 5.093579366803169250e-02 -5.308721065521240234e-01 -3.432364016771316528e-02 -2.664053253829479218e-02 5.239591598510742188e-01 4.598067998886108398e-01 -5.174458622932434082e-01 1.250668168067932129e-01 5.844020098447799683e-02 -3.412088751792907715e-01 1.806354820728302002e-01 -4.156145155429840088e-01 -4.738366305828094482e-01 2.834922969341278076e-01 4.195708036422729492e-01 3.044523857533931732e-02 -8.707661926746368408e-02 -8.968970179557800293e-02 4.385647475719451904e-01 -6.673070788383483887e-01 9.424698352813720703e-02 -4.104172885417938232e-01 -2.364309430122375488e-01 4.717668294906616211e-01 -1.728004366159439087e-01 2.572106719017028809e-01 3.174801468849182129e-01 -5.576195567846298218e-02
9.128901958465576172e-01 3.619967401027679443e-01 1.033544778823852539e+00 -6.658980250358581543e-02 1.045674011111259460e-01 -7.262398004531860352e-01 -3.923145234584808350e-01 -9.391338825225830078e-01 2.641676366329193115e-01 -6.256353855133056641e-02 -6.724323034286499023e-01 -6.854240894317626953e-01 -8.854721188545227051e-01 -4.102321863174438477e-01 -3.212388157844543457e-01 5.122551918029785156e-01 -1.114347577095031738e+00 -1.143641918897628784e-01 1.109979391098022461e+00 1.920191645622253418e-01 5.643664598464965820e-01 1.602835655212402344e-01 -2.451857924461364746e-02 -3.665699064731597900e-01 4.121709167957305908e-01 -9.209746122360229492e-01 3.471507132053375244e-01 -3.947053849697113037e-01 2.191369384527206421e-01 2.226134389638900757e-01 -4.572475552558898926e-01 1.952028572559356689e-01 -9.368032217025756836e-01 -1.479695588350296021e-01 -6.668906807899475098e-01 -3.226910829544067383e-01 -1.730917692184448242e-01 2.274567931890487671e-01 2.000274360179901123e-01 -2.457601130008697510e-01 1.029192283749580383e-01 -2.349724918603897095e-01 -4.268426895141601562e-01 5.323751568794250488e-01 6.576088070869445801e-02 3.735656738281250000e-01 4.772946536540985107e-01 -4.572135210037231445e-01 -2.035099267959594727e-01 8.580405116081237793e-01 -7.210088372230529785e-01 -5.338508170098066330e-03 3.812520503997802734e-01 -1.763009727001190186e-01 -8.638521432876586914e-01 2.011780291795730591e-01 -6.318576931953430176e-01 -2.725554406642913818e-01 -3.201047703623771667e-02 2.407437562942504883e-01 -1.282196342945098877e-01 3.051014542579650879e-01 9.925690293312072754e-02 5.135453343391418457e-01
4.413840770721435547e-01 -1.665169298648834229e-01 2.970288991928100586e-01 -3.164747357368469238e-01 4.768747836351394653e-02 3.358318209648132324e-01 -5.824740529060363770e-01 3.950742483139038086e-01 3.686529099941253662e-01 -7.457053661346435547e-01 6.317638158798217773e-01 2.091824263334274292e-02 -4.962835907936096191e-01 -3.458930552005767822e-01 6.348991300910711288e-03 1.067897439002990723e+00 -3.239575028419494629e-01 8.520860224962234497e-02 -4.150196909904479980e-01 3.033664226531982422e-01 8.617089986801147461e-01 2.883611619472503662e-01 -4.583618342876434326e-01 -7.089046239852905273e-01 -2.283236980438232422e-01 2.184191346168518066e-01 -4.267460107803344727e-01 -2.155642062425613403e-01 1.626020669937133789e-02 3.624248206615447998e-01 -1.628262251615524292e-01 -1.892551034688949585e-02 -3.942432105541229248e-01 2.188384234905242920e-01 -2.175796777009963989e-02 -5.017883777618408203e-01 5.034245848655700684e-01 -6.279925704002380371e-01 5.134287476539611816e-01 -1.134642064571380615e-01 1.592905074357986450e-01 6.314236670732498169e-02 -5.316878557205200195e-01 -3.586343824863433838e-01 9.083700180053710938e-01 -2.356316298246383667e-01 -3.030613809823989868e-02 -5.723236203193664551e-01 -3.643529117107391357e-01 3.287017047405242920e-01 -1.612146347761154175e-01 7.174661755561828613e-01 -6.171439308673143387e-03 -2.213735431432723999e-01 -7.741278409957885742e-01 -4.196478724479675293e-01 2.674659788608551025e-01 7.244596481323242188e-01 -7.232747673988342285e-01 6.455572843551635742e-01 -9.305447936058044434e-01 6.369999647140502930e-01 7.542049884796142578e-01 1.105118468403816223e-01
4.113408029079437256e-01 1.378790289163589478e-01 -4.894325733184814453e-01 1.248709857463836670e-01 2.609105110168457031e-01 -6.113974452018737793e-01 2.310405224561691284e-01 -4.641717672348022461e-01 -2.158201485872268677e-01 -1.180345192551612854e-01 6.123028323054313660e-02 -2.162087559700012207e-01 -8.802936673164367676e-01 -9.609900414943695068e-02 -6.487627625465393066e-01 5.322319865226745605e-01 5.874910354614257812e-01 -3.859497010707855225e-01 3.257345557212829590e-01 -1.560268849134445190e-01 1.655141234397888184e+00 2.010126709938049316e-01 -6.866767406463623047e-01 -7.850470542907714844e-01 -4.023737907409667969e-01 3.397617023438215256e-03 1.473050713539123535e-01 -6.090292334556579590e-02 2.917919158935546875e-01 -1.412724554538726807e-01 1.929183900356292725e-01 -6.345369219779968262e-01 -1.513005942106246948e-01 1.046933829784393311e-01 1.526156812906265259e-01 -4.989973306655883789e-01 4.160357117652893066e-01 -2.600682973861694336e-01 3.188378736376762390e-02 -4.800523817539215088e-01 1.243875265121459961e+00 9.008224308490753174e-02 -6.932230591773986816e-01 -1.920157819986343384e-01 4.738620817661285400e-01 -6.409412622451782227e-02 4.554297327995300293e-01 -7.260563373565673828e-01 -2.539224028587341309e-01 3.296796679496765137e-01 4.703837335109710693e-01 -3.208659589290618896e-02 7.266064882278442383e-01 -6.058883666992187500e-01 1.044468879699707031e-01 -5.491077899932861328e-01 1.462944298982620239e-01 9.415858983993530273e-02 -6.587943434715270996e-01 7.747505605220794678e-02 -6.624918580055236816e-01 -6.508300453424453735e-02 5.296354293823242188e-01 -9.597416967153549194e-02
5.481203794479370117e-01 -4.838831424713134766e-01 -1.614063382148742676e-01 7.128157019615173340e-01 1.273393929004669189e-01 -2.383556067943572998e-01 -9.555898904800415039e-01 -2.145517170429229736e-01 -6.286482810974121094e-01 -9.197483211755752563e-02 -4.729018509387969971e-01 -8.212451338768005371e-01 -2.359443753957748413e-01 7.225733995437622070e-02 1.356698721647262573e-01 3.665686547756195068e-01 -2.495943605899810791e-01 -5.249450206756591797e-01 2.048590779304504395e-01 1.355770081281661987e-01 -2.046894133090972900e-01 6.800198554992675781e-01 -1.874781027436256409e-02 -7.699207067489624023e-01 2.433978170156478882e-01 4.143778383731842041e-01 -5.009065866470336914e-01 2.181868255138397217e-01 5.949679613113403320e-01 -4.224217534065246582e-01 -7.739598155021667480e-01 2.361281067132949829e-01 -2.272550910711288452e-01 -2.918419241905212402e-01 -1.488104760646820068e-01 -8.572205901145935059e-01 4.923941493034362793e-01 -2.185149583965539932e-03 5.971365571022033691e-01 -3.565794229507446289e-01 2.998332381248474121e-01 -5.122612714767456055e-01 3.246293962001800537e-01 -5.785687267780303955e-02 3.909436762332916260e-01 -8.164403960108757019e-03 -7.925149798393249512e-01 -4.899877011775970459e-01 2.781164944171905518e-01 6.606137156486511230e-01 4.414547383785247803e-01 -1.353226751089096069e-01 3.213016986846923828e-01 -4.432848468422889709e-02 -7.524826377630233765e-02 1.418880820274353027e-01 -2.382232993841171265e-01 -3.023675382137298584e-01 -8.822560906410217285e-01 5.097520947456359863e-01 -3.902283310890197754e-01 1.963612735271453857e-01 1.103554442524909973e-01 -4.768036007881164551e-01
6.831700801849365234e-01 4.337866902351379395e-01 6.076164841651916504e-01 -7.796881198883056641e-01 8.261530995368957520e-01 -7.888196408748626709e-02 1.185530573129653931e-01 3.216914832592010498e-02 -1.980219036340713501e-01 -4.718399643898010254e-01 5.872263908386230469e-01 -4.647796452045440674e-01 -5.692404136061668396e-02 -5.064474344253540039e-01 -1.918401271104812622e-01 8.191659450531005859e-01 -6.720027923583984375e-01 -1.004709452390670776e-01 2.890319228172302246e-01 8.851131796836853027e-01 4.951268732547760010e-01 8.706385642290115356e-02 1.711682677268981934e-01 -4.609607458114624023e-01 3.958672285079956055e-01 9.946147352457046509e-02 -1.332956701517105103e-01 1.054726541042327881e-01 2.285901755094528198e-01 1.154338195919990540e-01 -7.472343444824218750e-01 4.137156605720520020e-01 -5.442947149276733398e-01 -4.005572497844696045e-01 -5.678241699934005737e-02 -2.973222732543945312e-01 -4.748642146587371826e-01 2.861062288284301758e-01 4.280851781368255615e-01 -4.933760166168212891e-01 -2.425953745841979980e-02 1.389489173889160156e-01 -4.726324081420898438e-01 2.247672975063323975e-01 1.496157348155975342e-01 -1.487549096345901489e-01 -6.628016382455825806e-02 -3.875007629394531250e-01 1.626291424036026001e-01 6.364879012107849121e-01 -5.567371845245361328e-01 -1.282508075237274170e-01 -7.109030336141586304e-02 -3.234332799911499023e-01 1.793288683984428644e-04 6.880657076835632324e-01 -3.117894530296325684e-01 4.567623138427734375e-02 -4.608275294303894043e-01 -2.081393748521804810e-01 -4.858470559120178223e-01 7.771669626235961914e-01 5.445511937141418457e-01 4.338821768760681152e-01
-2.490943074226379395e-01 -2.796568870544433594e-01 2.168063446879386902e-02 -2.662063539028167725e-01 -3.593454137444496155e-02 -2.192770838737487793e-01 -2.259748242795467377e-02 3.926828503608703613e-02 -1.384350508451461792e-01 -2.674257755279541016e-01 2.159102112054824829e-01 -6.748595833778381348e-01 -3.198791444301605225e-01 -2.256736606359481812e-01 3.298293650150299072e-01 5.916908383369445801e-01 -8.403061032295227051e-01 3.442098200321197510e-01 3.074342906475067139e-01 1.360935159027576447e-02 3.648013621568679810e-02 7.766745090484619141e-01 -2.442283555865287781e-02 -3.460690975189208984e-01 3.654624223709106445e-01 -1.761868894100189209e-01 -3.082896471023559570e-01 -3.450363576412200928e-01 -2.030612668022513390e-03 -6.280835270881652832e-01 1.077192500233650208e-01 -5.753712058067321777e-01 -1.050367280840873718e-01 5.167370438575744629e-01 -8.563870191574096680e-01 -3.364378958940505981e-02 5.818526744842529297e-01 5.271700620651245117e-01 -2.166755497455596924e-01 1.754776388406753540e-01 3.573056459426879883e-01 -5.124740302562713623e-02 2.973527088761329651e-02 -2.631046175956726074e-01 6.312963087111711502e-03 4.033424705266952515e-02 -2.831718325614929199e-01 -8.739037513732910156e-01 2.297820709645748138e-02 3.819198012351989746e-01 -3.767203390598297119e-01 -4.374390244483947754e-01 4.380648136138916016e-01 1.999028623104095459e-01 -3.261185064911842346e-02 -6.465352773666381836e-01 1.597751863300800323e-02 1.925376504659652710e-01 -9.969725608825683594e-01 7.334337830543518066e-01 -5.873931646347045898e-01 -1.392833590507507324e-01 -2.772231996059417725e-01 -4.574258923530578613e-01
7.691220045089721680e-01 -1.218670964241027832e+00 -3.397076427936553955e-01 -1.759324073791503906e-01 -2.647063732147216797e-01 -3.579022288322448730e-01 1.545944213867187500e-01 -2.623953521251678467e-01 -2.623567730188369751e-02 -6.054322719573974609e-01 5.150074362754821777e-01 -5.979610681533813477e-01 -4.404919147491455078e-01 4.842590987682342529e-01 -8.135617524385452271e-02 9.196273684501647949e-01 -8.867277503013610840e-01 -5.699881911277770996e-01 5.466794371604919434e-01 1.029921174049377441e-01 4.905987679958343506e-01 2.425721138715744019e-01 -3.630510531365871429e-03 -3.145857155323028564e-01 3.750677704811096191e-01 -7.764898985624313354e-02 -8.387634754180908203e-01 -1.873874664306640625e-01 8.823436498641967773e-01 -2.975433170795440674e-01 -4.206378459930419922e-01 -1.798190176486968994e-02 2.180432341992855072e-02 -6.875991821289062500e-02 -3.407328128814697266e-01 -8.949119597673416138e-02 -2.503392696380615234e-01 4.364825189113616943e-01 2.283296734094619751e-01 9.802170097827911377e-02 -2.003448158502578735e-01 5.751823075115680695e-03 9.996128827333450317e-02 4.580339044332504272e-02 4.603462815284729004e-01 3.531437516212463379e-01 1.798441410064697266e-01 -7.020823955535888672e-01 -2.399560362100601196e-01 3.776657879352569580e-01 -1.926592141389846802e-01 -5.088393092155456543e-01 -2.010931670665740967e-01 2.368214428424835205e-01 -4.131046310067176819e-02 -2.632445394992828369e-01 -3.331773281097412109e-01 -8.202406018972396851e-02 -4.084295034408569336e-01 4.735011458396911621e-01 -8.583319783210754395e-01 8.814488351345062256e-02 3.690944314002990723e-01 -5.384740829467773438e-01
6.256952285766601562e-01 -3.640503585338592529e-01 7.538748383522033691e-01 1.511574238538742065e-01 5.340347290039062500e-01 8.724016547203063965e-01 -8.926844596862792969e-02 1.584232896566390991e-01 -4.922092854976654053e-01 -9.351805597543716431e-02 -2.582058012485504150e-01 -6.399359554052352905e-04 -3.766423165798187256e-01 -2.374884635210037231e-01 -5.315288305282592773e-01 2.454658001661300659e-01 -2.598398923873901367e-01 -4.875258356332778931e-02 -2.527205944061279297e-01 2.925260961055755615e-01 3.247069418430328369e-01 3.129308819770812988e-01 4.496916830539703369e-01 -6.372614502906799316e-01 -6.920418143272399902e-01 1.189952269196510315e-01 2.166553735733032227e-01 -1.316120475530624390e-01 -3.382049798965454102e-01 -3.449174165725708008e-01 -4.065840542316436768e-01 8.613646961748600006e-03 1.889675855636596680e-01 3.439904451370239258e-01 -2.826154530048370361e-01 -1.950024366378784180e-01 4.754466712474822998e-01 2.937319576740264893e-01 1.615640521049499512e-01 5.828019380569458008e-01 3.416258394718170166e-01 -3.459269553422927856e-02 -4.368428885936737061e-01 -1.436954587697982788e-01 8.380620479583740234e-01 -2.456009984016418457e-01 1.570437848567962646e-02 -6.194999814033508301e-01 -8.651210069656372070e-01 3.083122372627258301e-01 -9.177141636610031128e-02 -8.794477581977844238e-01 -4.842731729149818420e-02 6.144567206501960754e-02 -8.385991454124450684e-01 1.712025254964828491e-01 -1.196612492203712463e-01 4.558726772665977478e-02 -1.323644369840621948e-01 -2.227622717618942261e-01 -1.740157306194305420e-01 1.943943947553634644e-01 7.321801781654357910e-01 2.068436294794082642e-01
1.527894288301467896e-01 -5.450425148010253906e-01 5.861283540725708008e-01 -1.869635581970214844e-01 3.937518894672393799e-01 -2.275360077619552612e-01 -3.469215705990791321e-02 -3.077365756034851074e-01 -2.431065738201141357e-01 -5.061551332473754883e-01 -1.894597113132476807e-01 -5.648418068885803223e-01 -3.919184803962707520e-01 2.260402888059616089e-01 -7.791134715080261230e-02 9.928609728813171387e-01 -9.628990888595581055e-01 4.278999269008636475e-01 3.015763461589813232e-01 -9.399581700563430786e-02 1.504788100719451904e-01 5.572856664657592773e-01 -2.898417599499225616e-02 -6.452631354331970215e-01 -2.513108402490615845e-02 -7.961934804916381836e-02 2.526107728481292725e-01 -4.733023345470428467e-01 1.089706644415855408e-01 1.406411826610565186e-01 -4.093323647975921631e-01 5.387319326400756836e-01 -5.374734476208686829e-02 4.171613156795501709e-01 -4.359749257564544678e-01 -4.425086379051208496e-01 3.106876462697982788e-02 -3.905614018440246582e-01 -2.235845178365707397e-01 5.853686109185218811e-02 5.016989111900329590e-01 -4.074493944644927979e-01 -6.269857287406921387e-01 6.487361341714859009e-02 9.973345994949340820e-01 -7.951901108026504517e-02 -5.034223198890686035e-01 -1.614361554384231567e-01 -1.465902477502822876e-02 4.041444659233093262e-01 -2.384436726570129395e-01 -5.364587903022766113e-01 4.595715105533599854e-01 1.674580723047256470e-01 -2.378796190023422241e-01 -7.905477285385131836e-02 -3.716406226158142090e-01 -5.304413437843322754e-01 2.736095786094665527e-01 -5.059118866920471191e-01 2.229230478405952454e-02 5.649489909410476685e-02 2.370610237121582031e-01 4.806044697761535645e-02
6.530379652976989746e-01 -4.635689258575439453e-01 8.466920256614685059e-01 4.219416901469230652e-02 3.727902770042419434e-01 9.436223506927490234e-01 -1.717712879180908203e-01 3.449313640594482422e-01 -4.444722533226013184e-01 -3.648373782634735107e-01 5.477548390626907349e-02 -1.042764708399772644e-01 -2.777222394943237305e-01 -3.096579313278198242e-01 -6.267781853675842285e-01 -2.996911760419607162e-03 -4.633182883262634277e-01 4.508217424154281616e-02 -1.103713661432266235e-01 3.120786249637603760e-01 3.767059147357940674e-01 2.341184765100479126e-01 6.606957912445068359e-01 -5.585221648216247559e-01 -5.459248423576354980e-01 2.202861011028289795e-01 2.222250550985336304e-01 -2.521810531616210938e-01 -3.489737510681152344e-01 -2.195380926132202148e-01 -1.775472611188888550e-01 7.877437770366668701e-02 4.783929139375686646e-02 4.077232480049133301e-01 -1.799124032258987427e-01 -6.351898312568664551e-01 5.763399600982666016e-01 -4.722343012690544128e-02 2.215659320354461670e-01 6.604583263397216797e-01 5.465611815452575684e-01 1.815068274736404419e-01 -3.606242835521697998e-01 -1.265203654766082764e-01 8.158690333366394043e-01 -2.287674844264984131e-01 -5.250884592533111572e-02 -8.885106444358825684e-01 -8.500457406044006348e-01 3.819400668144226074e-01 6.154619157314300537e-02 -5.552024841308593750e-01 -1.950664073228836060e-01 1.254257559776306152e-01 -8.573596477508544922e-01 1.121610403060913086e-01 -3.624931350350379944e-02 -1.849087141454219818e-02 6.934096664190292358e-02 -3.784992098808288574e-01 -1.779471039772033691e-01 2.266746163368225098e-01 7.587018609046936035e-01 1.492744982242584229e-01
2.770123183727264404e-01 5.852088928222656250e-01 1.012066245079040527e+00 -3.195836544036865234e-01 1.993932388722896576e-02 -7.983608841896057129e-01 1.741254180669784546e-01 1.467430889606475830e-01 -8.044630885124206543e-01 -3.333979845046997070e-01 4.811933636665344238e-01 -4.289760291576385498e-01 5.874771997332572937e-02 -8.214812278747558594e-01 2.997708879411220551e-02 -2.043099254369735718e-01 -1.823503971099853516e-01 2.308228462934494019e-01 5.969284176826477051e-01 7.254480123519897461e-01 4.924968779087066650e-01 -1.590564399957656860e-01 -8.974629640579223633e-02 -3.843922019004821777e-01 1.294434666633605957e-01 1.051787585020065308e-01 -4.229724407196044922e-02 1.221797987818717957e-01 9.726410508155822754e-01 -2.905953228473663330e-01 -9.170624017715454102e-01 2.670885026454925537e-01 -8.239465951919555664e-02 -2.011425942182540894e-01 -6.346340477466583252e-02 -4.413994550704956055e-01 1.167011111974716187e-01 4.023843705654144287e-01 4.830581545829772949e-01 -1.833740770816802979e-01 8.853449225425720215e-01 2.762086689472198486e-01 -6.936140656471252441e-01 1.618850231170654297e-01 7.380957603454589844e-01 -5.174812078475952148e-01 -3.171850740909576416e-01 -5.648983716964721680e-01 1.771986931562423706e-01 5.002919435501098633e-01 3.812690973281860352e-01 -5.722818970680236816e-01 3.705438673496246338e-01 5.654318928718566895e-01 -2.998825907707214355e-01 5.262624621391296387e-01 -5.259435772895812988e-01 -2.219135910272598267e-01 -1.555364876985549927e-01 -3.703688383102416992e-01 -3.580853044986724854e-01 2.039614319801330566e-01 5.235465764999389648e-01 2.727687060832977295e-01
2.434395551681518555e-01 -3.990778625011444092e-01 4.489157199859619141e-01 2.575820684432983398e-01 5.470050573348999023e-01 -4.624556601047515869e-01 2.478786408901214600e-01 7.403026819229125977e-01 -5.054942369461059570e-01 -3.380794823169708252e-01 1.461792886257171631e-01 -4.643268883228302002e-01 1.607009619474411011e-01 -2.335161566734313965e-01 -7.144570350646972656e-01 4.769886732101440430e-01 -2.384063601493835449e-01 1.463221162557601929e-01 1.027591228485107422e+00 3.323881328105926514e-01 8.627732396125793457e-01 2.095201052725315094e-02 4.503584802150726318e-01 2.171843647956848145e-01 1.257658004760742188e-01 7.756305485963821411e-02 3.179488331079483032e-02 -1.937998980283737183e-01 -2.742876410484313965e-01 5.141940116882324219e-01 2.380688339471817017e-01 1.392037570476531982e-01 3.274868428707122803e-01 -3.165557980537414551e-02 -3.804168105125427246e-01 -8.963305354118347168e-01 9.113293141126632690e-02 3.697526454925537109e-01 7.390955835580825806e-02 5.904327630996704102e-01 4.172026216983795166e-01 -3.148366510868072510e-01 1.106378436088562012e-01 4.577357470989227295e-01 2.526144087314605713e-01 -9.046840071678161621e-01 -4.084063172340393066e-01 -2.345002144575119019e-01 3.167217671871185303e-01 5.478779673576354980e-01 -2.849571704864501953e-01 -4.006864428520202637e-01 3.245683312416076660e-01 1.686074733734130859e-01 -3.202235400676727295e-01 4.657626748085021973e-01 4.908117651939392090e-02 6.331328749656677246e-01 -8.939694166183471680e-01 -6.624232530593872070e-01 -1.468628793954849243e-01 3.381684124469757080e-01 5.648717880249023438e-01 1.973128616809844971e-01
6.727620959281921387e-01 -2.971782088279724121e-01 6.354832053184509277e-01 -4.451948404312133789e-01 -5.918538570404052734e-01 -1.896251589059829712e-01 -3.612788915634155273e-01 -1.792754530906677246e-01 -2.082514762878417969e-01 -3.645206689834594727e-01 4.429024159908294678e-01 -7.084522247314453125e-01 -2.895880639553070068e-01 -1.611614376306533813e-01 -3.135004267096519470e-02 4.685218632221221924e-01 -3.523821830749511719e-01 -4.236997365951538086e-01 4.997720122337341309e-01 9.244260191917419434e-01 3.722328841686248779e-01 2.337056845426559448e-01 5.968541279435157776e-02 -3.207374215126037598e-01 2.726480662822723389e-01 -1.850976943969726562e-01 -1.147280856966972351e-01 2.622058801352977753e-02 5.263018608093261719e-01 2.900966629385948181e-02 -6.318039298057556152e-01 8.232459425926208496e-02 -1.492345780134201050e-01 5.895603299140930176e-01 1.036876589059829712e-01 -2.364018559455871582e-01 1.633855253458023071e-01 -1.539213806390762329e-01 9.839665889739990234e-01 -1.341580152511596680e-01 2.045397832989692688e-02 -2.743543088436126709e-01 1.183183938264846802e-01 -2.291326522827148438e-01 6.395633518695831299e-02 -9.751728177070617676e-02 -1.654633134603500366e-01 1.196236684918403625e-01 6.601237654685974121e-01 5.156369209289550781e-01 8.257094770669937134e-02 -5.196003913879394531e-01 -8.516815304756164551e-02 2.752994298934936523e-01 -3.710525929927825928e-01 2.053556144237518311e-01 -1.157884951680898666e-02 5.675802230834960938e-01 -5.935987830162048340e-01 -6.344295740127563477e-01 -5.353639274835586548e-02 2.095100432634353638e-01 6.035261750221252441e-01 -5.090093016624450684e-01
2.744450271129608154e-01 5.922254323959350586e-01 1.153095841407775879e+00 1.856593787670135498e-01 -2.950607240200042725e-02 -6.677458882331848145e-01 3.268914520740509033e-01 2.312202304601669312e-01 -6.536537408828735352e-01 -2.386754006147384644e-01 4.525561034679412842e-01 -1.152431219816207886e-01 1.444692909717559814e-01 -5.303642153739929199e-01 3.321932628750801086e-02 9.932906180620193481e-02 -3.135618567466735840e-01 -8.056116104125976562e-02 2.741386890411376953e-01 6.866699457168579102e-01 6.827983856201171875e-01 2.146810442209243774e-01 7.799162715673446655e-02 -5.811680555343627930e-01 -1.405193507671356201e-01 8.953575044870376587e-02 -1.503510922193527222e-01 -1.830767244100570679e-01 8.356747627258300781e-01 -3.777835071086883545e-01 -2.945225238800048828e-01 5.836486220359802246e-01 2.126064524054527283e-02 3.257611766457557678e-02 8.753313124179840088e-02 -2.032138556241989136e-01 3.337087854743003845e-02 5.996741056442260742e-01 1.494271457195281982e-01 1.503532472997903824e-02 8.550842404365539551e-01 4.767866432666778564e-01 -2.557100951671600342e-01 5.501968860626220703e-01 6.654936671257019043e-01 -3.645780384540557861e-01 -3.931870162487030029e-01 -3.473542332649230957e-01 7.100669145584106445e-01 4.903340637683868408e-01 4.640049636363983154e-01 -6.492652297019958496e-01 2.799295485019683838e-01 1.593270897865295410e-02 -2.843655347824096680e-01 7.548636198043823242e-01 -2.679008841514587402e-01 5.662051439285278320e-01 -3.316977620124816895e-01 -8.115084767341613770e-01 -1.286319047212600708e-01 -2.275579720735549927e-01 7.234839797019958496e-01 1.846181452274322510e-01
4.298455417156219482e-01 -5.466634631156921387e-01 5.851873755455017090e-01 2.698997221887111664e-02 -3.240371644496917725e-01 -2.766108810901641846e-01 -2.658118605613708496e-01 -1.616310030221939087e-01 -1.556345522403717041e-01 -4.428476095199584961e-01 5.405946448445320129e-02 -6.515332460403442383e-01 -5.531228780746459961e-01 8.299626410007476807e-03 -2.986951172351837158e-01 6.808704733848571777e-01 -1.242223024368286133e+00 7.629900937899947166e-04 2.342176288366317749e-01 6.959774345159530640e-02 3.832562267780303955e-01 4.864825010299682617e-01 -3.406943008303642273e-02 -4.625298976898193359e-01 -1.463548094034194946e-01 -1.262958645820617676e-01 6.558677554130554199e-02 -4.752868115901947021e-01 2.025999724864959717e-01 2.835482954978942871e-01 -3.218391537666320801e-01 6.181021779775619507e-02 -4.583403468132019043e-01 3.580439984798431396e-01 -5.492058396339416504e-01 -3.511605560779571533e-01 -5.064056813716888428e-02 2.663487792015075684e-01 -2.692265212535858154e-01 -2.405824214220046997e-01 2.596578299999237061e-01 -6.827654838562011719e-01 -5.258558392524719238e-01 -5.216504633426666260e-02 5.470145344734191895e-01 4.457265436649322510e-01 -4.245179593563079834e-01 -1.762204915285110474e-01 -6.368564069271087646e-02 4.158517718315124512e-01 -7.273229956626892090e-01 -5.450058579444885254e-01 6.022534370422363281e-01 -1.657108813524246216e-01 -5.766534805297851562e-02 -3.155735135078430176e-01 -4.288365840911865234e-01 -5.945180654525756836e-01 5.575217679142951965e-02 -4.880737140774726868e-02 6.077155843377113342e-02 -7.621382921934127808e-02 3.167892247438430786e-02 -2.259018272161483765e-01
4.371936023235321045e-01 6.036234498023986816e-01 3.147764801979064941e-01 -4.671608656644821167e-02 8.105469942092895508e-01 -5.524284392595291138e-02 -4.716969430446624756e-01 -9.590269066393375397e-03 -3.129162788391113281e-01 -4.906835854053497314e-01 5.325792431831359863e-01 -3.159266114234924316e-01 -1.544163934886455536e-02 -6.848866343498229980e-01 -4.912455379962921143e-01 6.632586121559143066e-01 -5.245875120162963867e-01 -3.436260819435119629e-01 -1.016123369336128235e-01 4.157586097717285156e-01 9.330448508262634277e-01 -1.927912235260009766e-01 3.454767465591430664e-01 -4.722870886325836182e-01 5.590108036994934082e-01 -2.289268374443054199e-01 -1.516951620578765869e-01 -2.222176343202590942e-01 -4.366192966699600220e-02 -4.267053678631782532e-02 -5.623872876167297363e-01 1.828617602586746216e-01 -6.183455586433410645e-01 -2.887120246887207031e-01 1.558556109666824341e-01 -2.509548664093017578e-01 -1.063493043184280396e-01 -2.095512449741363525e-01 7.541175484657287598e-01 -3.033061325550079346e-01 3.806676864624023438e-01 4.331889748573303223e-01 -6.753485202789306641e-01 4.208582639694213867e-01 4.427929818630218506e-01 -2.050221115350723267e-01 8.506706357002258301e-02 -5.531839728355407715e-01 -4.205396473407745361e-01 2.585296034812927246e-01 -2.426461316645145416e-02 7.842360734939575195e-01 6.547878980636596680e-01 -6.065696477890014648e-01 -5.655196961015462875e-03 8.301465213298797607e-02 -9.950494766235351562e-02 5.908768773078918457e-01 -8.677792549133300781e-01 9.604676961898803711e-01 -1.276012420654296875e+00 3.740157485008239746e-01 5.642364621162414551e-01 2.909710705280303955e-01
3.805903792381286621e-01 2.155859619379043579e-01 -6.029043793678283691e-01 -7.072897255420684814e-02 3.238275051116943359e-01 -6.829875111579895020e-01 2.065892517566680908e-01 -6.495804786682128906e-01 -3.449320197105407715e-01 1.280891597270965576e-01 6.070026010274887085e-02 -1.843930333852767944e-01 -8.706185817718505859e-01 -4.370424896478652954e-03 -4.975218474864959717e-01 5.537104010581970215e-01 4.536954760551452637e-01 -2.323071360588073730e-01 3.131260871887207031e-01 -2.458534017205238342e-02 1.710666179656982422e+00 9.346704185009002686e-02 -3.513610959053039551e-01 -7.303838729858398438e-01 -2.136654555797576904e-01 1.230508387088775635e-01 6.996214389801025391e-02 -4.182412847876548767e-02 2.883313894271850586e-01 -1.055152267217636108e-01 -1.050445362925529480e-01 -3.751441240310668945e-01 -2.360900640487670898e-01 5.738403182476758957e-03 2.925269007682800293e-01 -6.223474740982055664e-01 4.510585367679595947e-01 -4.192511439323425293e-01 2.474425137042999268e-01 -4.501152634620666504e-01 1.481536984443664551e+00 -1.009053066372871399e-01 -7.563971877098083496e-01 -1.432970166206359863e-01 4.516365230083465576e-01 -1.346494704484939575e-01 5.462400317192077637e-01 -6.688273549079895020e-01 -2.196066826581954956e-01 4.857843816280364990e-01 2.130506187677383423e-01 -4.191109165549278259e-02 7.214121818542480469e-01 -3.732818663120269775e-01 4.081865847110748291e-01 -5.421506166458129883e-01 3.039679676294326782e-02 1.416297405958175659e-01 -5.716515183448791504e-01 2.846871912479400635e-01 -5.120567679405212402e-01 -1.258200556039810181e-01 5.433173775672912598e-01 -1.232982426881790161e-01
2.506322860717773438e-01 7.364535927772521973e-01 1.147849440574645996e+00 5.985088273882865906e-02 2.084216922521591187e-01 -2.206285595893859863e-01 -4.625322222709655762e-01 6.906530857086181641e-01 -4.262832701206207275e-01 -1.209078952670097351e-01 -4.590440988540649414e-01 -9.491631388664245605e-01 -7.378817200660705566e-01 6.889080405235290527e-01 8.674442023038864136e-02 -6.181104779243469238e-01 -1.496472239494323730e+00 4.034687951207160950e-02 7.966329455375671387e-01 -4.010865390300750732e-01 1.488987803459167480e+00 -1.326761394739151001e-01 -1.319353189319372177e-02 -7.734519243240356445e-01 -6.781331300735473633e-01 1.926741749048233032e-02 4.094262421131134033e-01 4.862285554409027100e-01 8.678638190031051636e-02 8.035491406917572021e-02 -2.900845371186733246e-02 -2.641493976116180420e-01 -2.691916823387145996e-01 2.574943900108337402e-01 3.595195338129997253e-02 -5.036336779594421387e-01 1.221821606159210205e-01 9.210125803947448730e-01 2.293701469898223877e-01 1.326593011617660522e-02 2.463413216173648834e-02 6.377021074295043945e-01 -3.362485766410827637e-01 3.442113399505615234e-01 2.989619672298431396e-01 6.313264966011047363e-01 7.457897663116455078e-01 -1.439745306968688965e+00 -1.480505615472793579e-01 3.267718851566314697e-01 -2.697618119418621063e-02 -4.078191220760345459e-01 -1.942821405827999115e-02 5.996149778366088867e-01 7.414227724075317383e-01 5.643350481986999512e-01 -4.802961647510528564e-01 7.174680829048156738e-01 -1.131442785263061523e+00 3.222309350967407227e-01 -5.222926139831542969e-01 8.856044411659240723e-01 8.927639126777648926e-01 4.463181197643280029e-01
3.453639149665832520e-01 2.785826325416564941e-01 1.071500182151794434e+00 3.110676109790802002e-01 -5.781106278300285339e-02 6.377229690551757812e-01 7.110331207513809204e-02 2.446081489324569702e-01 -3.524674177169799805e-01 2.002379447221755981e-01 4.329545795917510986e-02 -7.659345865249633789e-01 -5.962028503417968750e-01 2.665339708328247070e-01 -1.575333923101425171e-01 3.747429549694061279e-01 3.121410906314849854e-01 -7.209089994430541992e-01 3.521244227886199951e-01 4.013988375663757324e-01 7.353039979934692383e-01 1.227870211005210876e-01 8.412296772003173828e-01 -3.792428970336914062e-01 -1.699233800172805786e-01 -5.873731970787048340e-01 8.310864865779876709e-02 3.536725044250488281e-02 1.241714693605899811e-02 -7.017850279808044434e-01 1.510743796825408936e-01 -4.426011443138122559e-01 -8.518122881650924683e-02 -3.309813737869262695e-01 1.393819302320480347e-01 -7.372784614562988281e-01 6.411712169647216797e-01 -3.901235163211822510e-01 -3.763424754142761230e-01 3.842062056064605713e-01 1.229490160942077637e+00 6.701250672340393066e-01 6.149568408727645874e-02 -3.024767935276031494e-01 -2.802593410015106201e-01 -9.286439418792724609e-02 8.933418989181518555e-02 -1.183022141456604004e+00 -1.102821826934814453e+00 4.156620800495147705e-01 1.395027041435241699e-01 -5.768529176712036133e-01 -1.491620689630508423e-01 -3.990167379379272461e-01 6.042332053184509277e-01 -9.335584193468093872e-02 -5.970511212944984436e-02 -6.412495970726013184e-01 -1.460402756929397583e-01 4.357524812221527100e-01 -2.437087893486022949e-01 1.759561449289321899e-01 3.633147478103637695e-01 4.823008775711059570e-01
1.020047292113304138e-01 4.242446124553680420e-01 6.709383130073547363e-01 -9.828922897577285767e-02 -8.501965999603271484e-01 1.051629424095153809e+00 -5.722500085830688477e-01 1.632920503616333008e-01 -9.099853634834289551e-01 -5.976169109344482422e-01 -6.747518181800842285e-01 -8.047878146171569824e-01 8.315972238779067993e-02 -5.091753005981445312e-01 -2.756650447845458984e-01 -4.341082572937011719e-01 -6.035985946655273438e-01 -5.835967659950256348e-01 6.752279996871948242e-01 2.997189760208129883e-01 1.109123110771179199e+00 -1.468702256679534912e-01 5.700536370277404785e-01 -1.466025590896606445e+00 -1.015333831310272217e-02 3.466495871543884277e-02 -1.724282503128051758e-01 1.296347081661224365e-01 -2.782242894172668457e-01 -9.194683283567428589e-02 2.491224408149719238e-01 -5.474730730056762695e-01 2.982470020651817322e-02 1.821096837520599365e-01 1.217856109142303467e-01 -6.079825162887573242e-01 1.182609200477600098e+00 3.114990592002868652e-01 7.143470644950866699e-01 3.767886385321617126e-02 8.154032826423645020e-01 -3.953182399272918701e-01 -5.352079868316650391e-01 1.135705471038818359e+00 4.475099742412567139e-01 -1.877819895744323730e-01 5.054201930761337280e-02 -1.075327515602111816e+00 -1.707372516393661499e-01 -1.778086423873901367e-01 1.792502403259277344e-01 -6.066265106201171875e-01 2.566748261451721191e-01 4.230449497699737549e-01 -9.432000517845153809e-01 -4.482168853282928467e-01 1.574136018753051758e-01 -2.759359180927276611e-01 -5.042403936386108398e-01 4.613610804080963135e-01 -2.002922147512435913e-01 3.009796440601348877e-01 4.545594751834869385e-01 9.379087015986442566e-03
5.383778214454650879e-01 7.010961174964904785e-01 1.040562152862548828e+00 7.187298536300659180e-01 6.936753988265991211e-01 -1.500969529151916504e-01 3.116246461868286133e-01 5.268043875694274902e-01 -3.089042901992797852e-01 2.961897253990173340e-01 5.972186923027038574e-01 -1.111729025840759277e+00 -1.534525752067565918e-01 -7.998998761177062988e-01 -2.617495954036712646e-01 7.195435166358947754e-01 1.339573264122009277e-01 -6.088874936103820801e-01 1.336052060127258301e+00 5.165205597877502441e-01 5.380451083183288574e-01 4.137642681598663330e-03 4.923211336135864258e-01 -1.700829714536666870e-01 3.696864098310470581e-02 -1.287511885166168213e-01 -1.135996058583259583e-01 4.534613490104675293e-01 -6.050397157669067383e-01 -5.041106790304183960e-02 8.150127530097961426e-01 -5.567369461059570312e-01 -9.486163407564163208e-02 9.188934229314327240e-03 -1.484093517065048218e-01 -3.866416513919830322e-01 1.758435219526290894e-01 -3.026056885719299316e-01 -1.083751767873764038e-01 7.267097234725952148e-01 2.869892716407775879e-01 2.556543052196502686e-01 2.229844331741333008e-01 1.931417137384414673e-01 -5.649599432945251465e-01 -3.715392351150512695e-01 -6.277401447296142578e-01 -2.050214856863021851e-01 -8.085073828697204590e-01 4.197682440280914307e-01 5.994682908058166504e-01 -3.323576748371124268e-01 -2.199395895004272461e-01 -1.310699135065078735e-01 -6.489424407482147217e-02 -5.599046945571899414e-01 -4.272870346903800964e-02 -5.693208798766136169e-02 -4.049343466758728027e-01 1.595804840326309204e-01 -2.042105495929718018e-01 2.547896467149257660e-02 4.542218744754791260e-01 3.666153550148010254e-01
4.890615642070770264e-01 4.945179224014282227e-01 9.535725116729736328e-01 5.151256918907165527e-01 4.599320292472839355e-01 -1.836255937814712524e-01 7.760806679725646973e-01 7.126315832138061523e-01 -9.704087972640991211e-01 -2.322024554014205933e-01 -3.115863502025604248e-01 -1.111768245697021484e+00 2.810805663466453552e-02 3.438652157783508301e-01 -3.063478171825408936e-01 3.959713578224182129e-01 -2.164450287818908691e-01 4.155744016170501709e-01 6.059281826019287109e-01 -6.825242191553115845e-02 9.304515719413757324e-01 5.220662355422973633e-01 4.369819760322570801e-01 6.237461566925048828e-01 3.562417626380920410e-02 -2.533930838108062744e-01 -2.775648832321166992e-01 9.291466474533081055e-01 -8.400493115186691284e-02 -3.356591761112213135e-01 4.899346530437469482e-01 -3.770364820957183838e-01 -2.150847017765045166e-01 1.703651249408721924e-02 4.706027209758758545e-01 -6.522587537765502930e-01 4.538630843162536621e-01 -3.640166819095611572e-01 4.511097371578216553e-01 -1.250654160976409912e-01 3.115650713443756104e-01 1.793883442878723145e-01 -3.693416416645050049e-01 3.758098185062408447e-01 -6.041992306709289551e-01 -4.346044957637786865e-01 5.087473988533020020e-01 -2.182419598102569580e-01 -4.143877327442169189e-01 6.734542250633239746e-01 3.651764690876007080e-01 -1.720095574855804443e-01 1.366654634475708008e-01 -2.398848533630371094e-01 4.651190936565399170e-01 -9.697897434234619141e-01 -2.876116633415222168e-01 -7.866181433200836182e-02 -1.419971883296966553e-01 3.754926323890686035e-01 -1.920198649168014526e-01 1.064260900020599365e-01 3.989120721817016602e-01 1.848671883344650269e-01
-5.487040802836418152e-02 6.419463753700256348e-01 1.556294858455657959e-01 1.012630820274353027e+00 -4.151152670383453369e-01 4.071562886238098145e-01 -2.314733415842056274e-01 4.926288127899169922e-01 -1.146764904260635376e-01 -2.875842154026031494e-01 -3.989042341709136963e-02 -5.390188694000244141e-01 -3.428610861301422119e-01 -3.553185462951660156e-01 -3.880473077297210693e-01 6.982875522226095200e-03 -4.889047443866729736e-01 6.119902729988098145e-01 1.179896712303161621e+00 6.407290697097778320e-01 9.391576051712036133e-01 3.975862860679626465e-01 -2.771459892392158508e-02 -7.693706750869750977e-01 3.533073142170906067e-02 8.458819985389709473e-02 -3.453083932399749756e-01 2.292847931385040283e-01 1.542267054319381714e-01 -6.074648499488830566e-01 3.799652457237243652e-01 5.847996473312377930e-01 -2.698236405849456787e-01 -2.857952415943145752e-01 -1.153895556926727295e-01 1.720823198556900024e-01 -5.501778125762939453e-01 3.233570754528045654e-01 8.663807809352874756e-02 3.535148501396179199e-01 7.430898547172546387e-01 -6.639486551284790039e-01 -1.406074464321136475e-01 1.623436361551284790e-01 -5.937114357948303223e-01 2.967945933341979980e-01 3.450645804405212402e-01 -1.050177454948425293e+00 -3.450680673122406006e-01 7.415475249290466309e-01 7.265862226486206055e-01 2.473359405994415283e-01 5.391871333122253418e-01 5.241549015045166016e-01 1.360001713037490845e-01 -2.445485591888427734e-01 4.676711745560169220e-03 1.590936928987503052e-01 1.373596768826246262e-02 2.911326885223388672e-01 -2.040760368108749390e-01 5.676915049552917480e-01 8.777162432670593262e-01 7.795633077621459961e-01
-5.676367282867431641e-01 -5.898960828781127930e-01 -4.815963096916675568e-03 -1.166038662195205688e-01 3.989602625370025635e-01 -1.757048368453979492e-01 -5.775066018104553223e-01 3.522675856947898865e-02 -7.282774895429611206e-02 3.659857437014579773e-02 -7.328674546442925930e-04 -9.538316130638122559e-01 1.775811165571212769e-01 -2.338660657405853271e-01 1.342181116342544556e-01 9.668299555778503418e-01 -4.422412514686584473e-01 7.172001153230667114e-02 6.296852827072143555e-01 -1.011720672249794006e-01 5.636064410209655762e-01 4.953231811523437500e-01 4.240174889564514160e-01 -1.870261281728744507e-01 -5.927789211273193359e-01 1.961588263511657715e-01 -2.467207312583923340e-01 -5.420530438423156738e-01 3.074584603309631348e-01 -4.461303055286407471e-01 1.420673429965972900e-01 -8.690847456455230713e-02 -1.412364989519119263e-01 4.023870825767517090e-01 -6.888400316238403320e-01 -1.095457151532173157e-01 3.321311473846435547e-01 3.068433403968811035e-01 -4.179903566837310791e-01 -6.697640568017959595e-02 -1.411423534154891968e-01 -2.763514220714569092e-01 -6.801946163177490234e-01 4.324930608272552490e-01 3.933270573616027832e-01 -3.379929363727569580e-01 1.033028587698936462e-01 -9.811131358146667480e-01 -3.905628323554992676e-01 4.266958832740783691e-01 -2.697576284408569336e-01 9.611205011606216431e-02 1.097166180610656738e+00 4.119736850261688232e-01 1.786872148513793945e-01 -3.381879031658172607e-01 -5.069386363029479980e-01 -2.919844388961791992e-01 -1.109678864479064941e+00 2.350672185420989990e-01 -2.033675462007522583e-01 -1.315403133630752563e-01 3.190993666648864746e-01 -7.116098999977111816e-01
4.207120239734649658e-01 -6.175550818443298340e-01 4.612953364849090576e-01 6.100869178771972656e-01 6.348758935928344727e-01 3.090575635433197021e-01 1.155096814036369324e-01 1.714373677968978882e-01 -4.428074955940246582e-01 2.557446621358394623e-02 5.693990364670753479e-02 -1.305075526237487793e+00 -8.479060232639312744e-02 -6.583932638168334961e-01 -5.555021166801452637e-01 2.944209873676300049e-01 5.444631353020668030e-02 -4.346988201141357422e-01 6.306761503219604492e-01 1.166925951838493347e-01 4.020945727825164795e-01 -2.077338285744190216e-02 4.969086050987243652e-01 2.652549743652343750e-01 -4.413270950317382812e-01 1.384776085615158081e-01 2.138944342732429504e-02 -1.403765678405761719e-01 -1.997440457344055176e-01 -4.734959602355957031e-01 -4.692906737327575684e-01 2.798309624195098877e-01 8.706387132406234741e-02 3.936103880405426025e-01 -1.804056614637374878e-01 -8.445680141448974609e-01 4.386085271835327148e-01 2.362772971391677856e-01 4.375885128974914551e-01 3.397966027259826660e-01 4.377084076404571533e-01 -1.106684803962707520e-01 -2.543689906597137451e-01 7.598688602447509766e-01 -3.321645259857177734e-01 -5.154308676719665527e-01 -5.319576263427734375e-01 -2.624939084053039551e-01 -3.258141875267028809e-01 6.340554356575012207e-01 3.035943955183029175e-02 -8.817988634109497070e-01 3.060717284679412842e-01 1.665856391191482544e-01 -7.417526245117187500e-01 -5.566329956054687500e-01 -1.124809086322784424e-01 2.165474891662597656e-01 -8.190866708755493164e-01 -5.683817863464355469e-01 -4.609576165676116943e-01 7.986624538898468018e-02 3.459314107894897461e-01 -2.141171693801879883e-02
8.285897374153137207e-01 -2.585020363330841064e-01 7.961198091506958008e-01 2.195482552051544189e-01 3.254643678665161133e-01 1.228668570518493652e+00 -4.537735879421234131e-01 2.620127201080322266e-01 -2.458350360393524170e-01 7.282016426324844360e-02 -1.593585610389709473e-01 -5.271003842353820801e-01 -2.496735751628875732e-01 -2.849577069282531738e-01 -6.870877146720886230e-01 6.608272343873977661e-02 -6.758213639259338379e-01 -2.469055205583572388e-01 -3.862372636795043945e-01 1.557857543230056763e-01 3.583144247531890869e-01 1.515990346670150757e-01 8.966846466064453125e-01 -6.410792469978332520e-01 -2.586128413677215576e-01 3.763547837734222412e-01 -1.308107227087020874e-01 -2.557443976402282715e-01 -5.509327054023742676e-01 -4.721136391162872314e-01 -3.659256175160408020e-02 -7.591047137975692749e-02 2.493542432785034180e-01 2.620894014835357666e-01 -1.253150403499603271e-01 -3.447372317314147949e-01 4.442933201789855957e-01 -8.344972878694534302e-02 2.116734087467193604e-01 5.528112053871154785e-01 1.184178948402404785e+00 -2.277125716209411621e-01 -2.930935621261596680e-01 8.721189945936203003e-02 4.027020931243896484e-01 -2.746001482009887695e-01 1.368032991886138916e-01 -7.399008274078369141e-01 -9.450271725654602051e-01 4.463169872760772705e-01 4.251660779118537903e-02 -7.709758281707763672e-01 1.338582932949066162e-01 -1.585329622030258179e-01 -4.242708384990692139e-01 5.838687345385551453e-02 -3.271913826465606689e-01 -3.889921307563781738e-02 -7.137168198823928833e-02 -9.244350716471672058e-03 -2.895717136561870575e-02 1.876551806926727295e-01 4.509120285511016846e-01 -3.415383994579315186e-01
8.602964282035827637e-01 -2.093827426433563232e-01 1.206771492958068848e+00 8.257602900266647339e-02 5.820147991180419922e-01 1.000108003616333008e+00 4.704852998256683350e-01 7.351570576429367065e-02 4.255874082446098328e-02 -4.035881161689758301e-01 -2.832876145839691162e-01 -2.854908257722854614e-02 -1.093197166919708252e-01 -2.354665249586105347e-01 -6.001375317573547363e-01 7.547637820243835449e-01 -1.789912879467010498e-01 2.971129715442657471e-01 1.212174296379089355e-01 1.923256963491439819e-01 6.429891586303710938e-01 6.219709515571594238e-01 -2.583381533622741699e-01 -1.107786655426025391e+00 -3.325407505035400391e-01 -1.246163770556449890e-01 -2.246684767305850983e-02 2.383023351430892944e-01 4.393370449542999268e-01 -4.875784274190664291e-03 -6.601066589355468750e-01 1.744247823953628540e-01 4.142572581768035889e-01 1.214091330766677856e-01 2.248839661478996277e-02 2.565474715083837509e-03 -2.151195108890533447e-01 -9.165488183498382568e-02 -4.186435639858245850e-01 4.825469106435775757e-02 -9.588357806205749512e-02 -2.954516708850860596e-01 7.585953921079635620e-02 -4.290522038936614990e-01 6.424620151519775391e-01 -2.013486027717590332e-01 3.843884468078613281e-01 -3.263058364391326904e-01 -1.687371879816055298e-01 3.671537041664123535e-01 3.201114237308502197e-01 -5.334388017654418945e-01 -1.361208707094192505e-01 2.563234269618988037e-01 -7.134310603141784668e-01 -3.520533815026283264e-02 -5.151447057723999023e-01 -1.501639932394027710e-01 -3.240104019641876221e-01 1.001394093036651611e-01 -2.085391134023666382e-01 6.820272207260131836e-01 9.436653926968574524e-03 2.021316438913345337e-01
6.639922857284545898e-01 -4.542763233184814453e-01 1.077478885650634766e+00 -1.203138008713722229e-01 5.641505718231201172e-01 3.583934530615806580e-02 1.898008435964584351e-01 1.492484658956527710e-01 4.135671555995941162e-01 -5.644301772117614746e-01 -2.916489243507385254e-01 5.890309810638427734e-02 -7.749029994010925293e-01 -2.159623354673385620e-01 -3.835852444171905518e-01 6.492640376091003418e-01 1.247051805257797241e-01 -1.186260022222995758e-02 3.763656318187713623e-02 1.091536998748779297e+00 7.066180109977722168e-01 5.031514167785644531e-01 -2.493697404861450195e-01 -8.288946151733398438e-01 -6.670738011598587036e-02 -1.123215304687619209e-03 -7.047044485807418823e-02 1.393949389457702637e-01 5.618572831153869629e-01 -3.227130770683288574e-01 5.522510781884193420e-02 5.210637673735618591e-02 -5.653811246156692505e-02 -2.965459525585174561e-01 -1.596312522888183594e-01 -5.481160283088684082e-01 -1.201424077153205872e-01 7.594507932662963867e-01 5.027637481689453125e-01 -5.354002118110656738e-01 4.458753466606140137e-01 1.308049857616424561e-01 8.426712453365325928e-02 2.169438153505325317e-01 3.307844102382659912e-01 -1.446904093027114868e-01 4.161387681961059570e-01 -2.907327711582183838e-01 5.384882912039756775e-02 -1.417583823204040527e-01 -3.325615823268890381e-01 -2.041910737752914429e-01 -9.364519268274307251e-02 1.544754058122634888e-01 -1.813591420650482178e-01 3.519293963909149170e-01 5.609658360481262207e-02 1.710355877876281738e-01 -2.512851953506469727e-01 -3.357428312301635742e-01 3.498920500278472900e-01 5.659463405609130859e-01 1.014625355601310730e-01 1.747730672359466553e-01
5.015966668725013733e-02 4.716046154499053955e-01 -5.292869210243225098e-01 -4.404510259628295898e-01 -3.010283410549163818e-01 -3.236713111400604248e-01 3.973803669214248657e-02 -4.536344707012176514e-01 -4.240162968635559082e-01 2.298559993505477905e-01 3.999909758567810059e-01 -9.156108647584915161e-02 -9.888578057289123535e-01 -1.935031414031982422e-01 -5.101367235183715820e-01 1.020209550857543945e+00 1.897144466638565063e-01 -4.924488812685012817e-02 3.894420564174652100e-01 1.004301756620407104e-01 1.995832920074462891e+00 2.110979259014129639e-01 -4.736816287040710449e-01 -4.818454384803771973e-01 -4.298173785209655762e-01 4.956556856632232666e-01 -1.820355355739593506e-01 -1.744628101587295532e-01 1.791468709707260132e-01 -4.493904858827590942e-02 9.625026583671569824e-02 -3.031639456748962402e-01 -2.634947299957275391e-01 -1.217583939433097839e-02 3.566503897309303284e-02 -3.278253972530364990e-01 5.625957250595092773e-01 -5.154671669006347656e-01 1.570335030555725098e-01 -2.748952805995941162e-01 1.047240018844604492e+00 2.038544565439224243e-01 -6.287337541580200195e-01 -5.404275059700012207e-01 4.312856793403625488e-01 4.365933835506439209e-01 5.216511711478233337e-02 -4.405369460582733154e-01 -1.257659196853637695e-01 5.919870734214782715e-01 4.246922135353088379e-01 2.175451256334781647e-02 4.931471049785614014e-01 -6.351824402809143066e-01 -6.035662442445755005e-02 -2.435011565685272217e-01 1.800999790430068970e-01 4.174085855484008789e-01 -8.960096240043640137e-01 -2.159982323646545410e-01 -5.315702557563781738e-01 2.794743888080120087e-02 2.812626063823699951e-01 -5.462204292416572571e-02
9.029023647308349609e-01 -1.783627867698669434e-01 1.105537891387939453e+00 1.713086292147636414e-02 5.986464619636535645e-01 7.911521792411804199e-01 4.318475425243377686e-01 6.684897840023040771e-02 -1.097690239548683167e-01 -2.295064479112625122e-01 -2.090071886777877808e-01 -1.427820473909378052e-01 -9.265728294849395752e-03 -2.334407716989517212e-01 -8.159109354019165039e-01 6.077261567115783691e-01 -2.890908718109130859e-01 4.958861470222473145e-01 1.375823318958282471e-01 1.765900105237960815e-01 5.412235856056213379e-01 7.227382659912109375e-01 -2.217594832181930542e-01 -1.040012240409851074e+00 -6.493372321128845215e-01 -4.287280142307281494e-03 -4.107751846313476562e-01 2.192095220088958740e-01 4.190500080585479736e-01 -1.169570721685886383e-02 -4.284019768238067627e-01 3.192329704761505127e-01 3.267911672592163086e-01 3.244356215000152588e-01 -3.181738033890724182e-02 -3.206335008144378662e-01 -1.804976016283035278e-01 6.485778838396072388e-02 -2.818103134632110596e-01 1.792222112417221069e-01 -1.527063846588134766e-01 -2.508947253227233887e-01 -1.048425585031509399e-01 -5.087671875953674316e-01 6.051451563835144043e-01 -6.164715066552162170e-02 4.204130172729492188e-01 -3.849442899227142334e-01 -8.271710574626922607e-02 3.042038083076477051e-01 4.647060930728912354e-01 -5.634607672691345215e-01 -3.204073309898376465e-01 1.754100918769836426e-01 -7.521675229072570801e-01 7.415022701025009155e-02 -2.915521860122680664e-01 -2.488041818141937256e-01 -2.571613192558288574e-01 -1.436360925436019897e-01 -3.714609146118164062e-01 6.542118191719055176e-01 1.537426412105560303e-01 -1.071294653229415417e-03
5.013009309768676758e-01 -8.565700054168701172e-02 9.447943568229675293e-01 -4.805175587534904480e-03 -1.784656643867492676e-01 6.061387658119201660e-01 -3.179884254932403564e-01 -5.604112893342971802e-02 3.522625267505645752e-01 -5.827183723449707031e-01 -4.571385085582733154e-01 -8.135618567466735840e-01 -9.064840078353881836e-01 -2.777128219604492188e-01 -7.250940799713134766e-01 6.652635931968688965e-01 -1.139468789100646973e+00 -1.477346867322921753e-01 -2.010987699031829834e-01 -6.003203988075256348e-02 6.039085984230041504e-02 4.251395761966705322e-01 5.832178592681884766e-01 -3.690097630023956299e-01 -3.271357715129852295e-01 2.630423009395599365e-01 -5.787853598594665527e-01 -7.380639016628265381e-02 5.786001086235046387e-01 -2.708752751350402832e-01 3.043661639094352722e-02 1.434402465820312500e-01 -6.150154769420623779e-02 -1.397365033626556396e-01 1.053812950849533081e-01 -8.480326533317565918e-01 6.397116184234619141e-02 2.667749524116516113e-01 -4.012978076934814453e-02 3.617940843105316162e-02 2.427082061767578125e-01 -3.166022002696990967e-01 -1.240128129720687866e-01 -2.172441482543945312e-01 1.105341315269470215e+00 -3.171336948871612549e-01 6.095990538597106934e-01 -3.313345015048980713e-01 -4.355713129043579102e-01 2.619092166423797607e-01 -6.922153234481811523e-01 -4.943650364875793457e-01 1.606775820255279541e-01 -2.979106009006500244e-01 -5.571228861808776855e-01 1.372353285551071167e-01 -4.027850031852722168e-01 -2.189007550477981567e-01 -1.634141057729721069e-01 -1.871443986892700195e-01 2.499967813491821289e-01 1.797223091125488281e-01 -9.427115321159362793e-02 4.067995250225067139e-01
2.764317393302917480e-01 1.436557173728942871e-01 9.485103487968444824e-01 8.347628116607666016e-01 6.772729754447937012e-01 -1.646345853805541992e-01 3.433981537818908691e-01 2.958126366138458252e-01 -1.008081078529357910e+00 2.623097896575927734e-01 8.584361523389816284e-02 -1.588827848434448242e+00 1.293508857488632202e-01 -6.840259432792663574e-01 5.541927646845579147e-03 2.965107560157775879e-01 1.226493045687675476e-01 -2.496074587106704712e-01 1.109896898269653320e+00 2.870247066020965576e-01 5.220912098884582520e-01 3.699271380901336670e-01 1.448980718851089478e-01 3.087868690490722656e-01 1.660540001466870308e-03 -6.727648526430130005e-02 -2.551507353782653809e-01 5.480476021766662598e-01 -3.680045008659362793e-01 -2.093494683504104614e-01 6.712188124656677246e-01 -2.991775274276733398e-01 -4.889588654041290283e-01 1.514989435672760010e-01 8.877155184745788574e-02 -5.002050399780273438e-01 2.320670988410711288e-03 -2.494411319494247437e-01 5.772319808602333069e-02 3.130536675453186035e-01 1.470501273870468140e-01 -2.807801365852355957e-01 1.359065473079681396e-01 3.762415349483489990e-01 -1.413469910621643066e-01 -4.285812675952911377e-01 1.965959966182708740e-01 -6.512184739112854004e-01 -2.902986109256744385e-01 4.637632668018341064e-01 3.275904357433319092e-01 2.714176289737224579e-02 -4.772121012210845947e-01 1.197577565908432007e-01 4.097975492477416992e-01 -1.000352859497070312e+00 -1.467440277338027954e-01 3.073555529117584229e-01 -2.239305973052978516e-01 8.219868689775466919e-02 -4.808101058006286621e-01 5.769477486610412598e-01 4.119568169116973877e-01 4.287005662918090820e-01
1.263947337865829468e-01 9.623991847038269043e-01 1.118504762649536133e+00 -2.055301815271377563e-01 -1.855672150850296021e-01 -9.201756119728088379e-01 5.172966122627258301e-01 7.492376863956451416e-02 -8.064549565315246582e-01 -6.188516616821289062e-01 5.239680409431457520e-01 -1.596713066101074219e-01 6.000269949436187744e-02 -6.821743249893188477e-01 -3.162272274494171143e-02 -9.869529865682125092e-03 -4.176087081432342529e-01 -2.749178111553192139e-01 6.870370507240295410e-01 6.675972342491149902e-01 6.044891476631164551e-01 -7.067249715328216553e-02 -2.878460884094238281e-01 -5.575850605964660645e-01 -6.669027358293533325e-02 2.053111940622329712e-01 -1.753070652484893799e-01 -2.291074097156524658e-01 7.974354028701782227e-01 -3.656665682792663574e-01 -7.214938402175903320e-01 5.989396572113037109e-01 1.141072437167167664e-01 -2.417090088129043579e-01 1.870656735263764858e-03 -2.512536942958831787e-01 -5.096281412988901138e-03 1.470388472080230713e-01 3.116439580917358398e-01 1.550786644220352173e-01 9.308267235755920410e-01 2.173721939325332642e-01 -2.372685670852661133e-01 3.809293508529663086e-01 6.032320857048034668e-01 -3.483030200004577637e-01 -2.955137789249420166e-01 -4.018342792987823486e-01 2.096143364906311035e-01 5.263528227806091309e-01 9.777209162712097168e-02 -5.142883062362670898e-01 4.312112927436828613e-01 2.687296271324157715e-01 -2.358792573213577271e-01 4.029311835765838623e-01 -6.556169390678405762e-01 1.108961626887321472e-01 -3.652399480342864990e-01 -6.685232520103454590e-01 -2.983612418174743652e-01 -3.122153282165527344e-01 6.947399377822875977e-01 2.297986894845962524e-01
5.308038592338562012e-01 -2.017796225845813751e-02 2.055866420269012451e-01 3.672169148921966553e-01 -1.459163427352905273e-01 -6.169560551643371582e-01 2.527426481246948242e-01 -2.609167434275150299e-02 9.518896043300628662e-02 -1.077830493450164795e-01 8.482528477907180786e-02 -2.766823470592498779e-01 -4.372399151325225830e-01 -5.647355914115905762e-01 -5.571142435073852539e-01 1.339723020792007446e-01 -4.017015397548675537e-01 1.498285382986068726e-01 7.202618718147277832e-01 -3.899723589420318604e-01 1.432126283645629883e+00 2.865175902843475342e-01 -3.011392652988433838e-01 -9.786682128906250000e-01 3.754299879074096680e-01 -1.652753502130508423e-01 -9.013199806213378906e-01 2.366839163005352020e-02 -5.947472900152206421e-02 7.535564899444580078e-01 -2.484560906887054443e-01 5.270869657397270203e-02 -3.866061270236968994e-01 -1.247909516096115112e-01 -3.425962626934051514e-01 -6.842113137245178223e-01 3.707970678806304932e-01 -5.453308820724487305e-01 -1.041841730475425720e-01 -8.209494948387145996e-01 9.463129043579101562e-01 -3.190153837203979492e-01 -1.105100154876708984e+00 9.150168858468532562e-03 9.234073758125305176e-01 -9.608162194490432739e-02 1.757349520921707153e-01 -7.450256943702697754e-01 -7.236508131027221680e-01 2.265555262565612793e-01 2.234527170658111572e-01 -5.444058775901794434e-01 1.525868661701679230e-02 -7.338616251945495605e-01 -1.461746990680694580e-01 -9.178155660629272461e-01 -5.259253382682800293e-01 -2.562347352504730225e-01 4.304201155900955200e-02 4.502952098846435547e-01 1.955062150955200195e-01 2.809850871562957764e-02 1.369304060935974121e-01 -6.481051445007324219e-01
3.180249035358428955e-01 -2.212855368852615356e-01 -2.507444024085998535e-01 -1.375816017389297485e-01 3.404269516468048096e-01 -1.873101890087127686e-01 -5.767058134078979492e-01 -3.707282841205596924e-01 -2.777022719383239746e-01 6.365889310836791992e-02 3.730030953884124756e-01 -1.423046737909317017e-01 -7.973382622003555298e-02 -7.231827378273010254e-01 -4.078449308872222900e-01 5.340871587395668030e-02 -1.236744001507759094e-01 -4.786756932735443115e-01 2.635253369808197021e-01 -3.382409811019897461e-01 1.194255709648132324e+00 1.176171600818634033e-01 -1.997052878141403198e-01 -1.061521172523498535e+00 1.712146252393722534e-01 -1.497889459133148193e-01 8.475485444068908691e-02 -3.467786014080047607e-01 2.451749891042709351e-01 -2.484755963087081909e-01 6.851760298013687134e-02 -5.834345221519470215e-01 -3.778046071529388428e-01 1.596882343292236328e-01 -3.503282368183135986e-01 -3.853929340839385986e-01 6.059325337409973145e-01 -1.957450211048126221e-01 -7.796822488307952881e-02 -5.754515528678894043e-01 5.177676081657409668e-01 -7.571056485176086426e-02 -4.180926382541656494e-01 1.841456741094589233e-01 4.253192543983459473e-01 -4.991321265697479248e-01 1.007039323449134827e-01 -4.627931714057922363e-01 1.700793951749801636e-01 6.251582503318786621e-01 3.762922883033752441e-01 6.628331542015075684e-01 7.371250391006469727e-01 -1.439529210329055786e-01 -4.663603305816650391e-01 -8.793240785598754883e-02 -1.520144492387771606e-01 3.840562105178833008e-01 -8.715345263481140137e-01 7.135029435157775879e-01 -7.538359165191650391e-01 -2.258463948965072632e-01 5.436152815818786621e-01 -4.338720440864562988e-01
5.852727890014648438e-01 -7.463142275810241699e-01 1.194010376930236816e-01 -4.621772468090057373e-01 -1.376188993453979492e-01 -5.281545519828796387e-01 -3.039787113666534424e-01 -3.997758626937866211e-01 8.049867115914821625e-03 -4.923931658267974854e-01 5.536238551139831543e-01 -4.497151970863342285e-01 -4.743338227272033691e-01 5.265888571739196777e-01 -4.989342391490936279e-02 5.242743492126464844e-01 -6.455268263816833496e-01 -6.241270899772644043e-01 5.698187351226806641e-01 3.449061214923858643e-01 3.586570024490356445e-01 2.426429688930511475e-01 3.781504184007644653e-02 -5.380861163139343262e-01 1.099715754389762878e-01 -1.703376173973083496e-01 -6.465585827827453613e-01 5.723433941602706909e-02 6.283548474311828613e-01 9.415910392999649048e-02 -4.458026885986328125e-01 2.627045214176177979e-01 2.819989249110221863e-02 4.817206561565399170e-01 -3.911593258380889893e-01 4.141029715538024902e-01 -2.228756397962570190e-01 1.738601177930831909e-01 3.217722177505493164e-01 1.675712019205093384e-01 -2.071674317121505737e-01 2.269993275403976440e-01 2.701362073421478271e-01 -1.450477540493011475e-01 3.388879597187042236e-01 -7.966364920139312744e-02 2.879515886306762695e-01 -3.621962666511535645e-01 -2.000010758638381958e-01 2.306813895702362061e-01 -1.402242034673690796e-01 -4.855491220951080322e-01 -3.114359080791473389e-01 4.115853607654571533e-01 -4.384494125843048096e-01 -7.680223882198333740e-02 8.639058796688914299e-04 3.066803216934204102e-01 -2.736507952213287354e-01 8.363233506679534912e-02 -5.220275521278381348e-01 2.770355343818664551e-01 5.557885766029357910e-01 -5.957883000373840332e-01
-4.539385139942169189e-01 1.342002987861633301e+00 6.214450597763061523e-01 -4.810572564601898193e-01 -3.543315529823303223e-01 8.602675795555114746e-02 4.447803199291229248e-01 -1.865362077951431274e-01 -3.847961425781250000e-01 3.291381001472473145e-01 -3.545369505882263184e-01 -1.236767649650573730e+00 -9.654661417007446289e-01 2.499248981475830078e-01 -7.842330336570739746e-01 2.009249478578567505e-02 -6.691745519638061523e-01 -3.575071990489959717e-01 1.270881772041320801e+00 1.091235876083374023e+00 2.182229042053222656e+00 2.643108181655406952e-02 9.299296885728836060e-02 -2.582235932350158691e-01 5.943065881729125977e-01 -2.689579725265502930e-01 -3.553563356399536133e-01 -6.931532025337219238e-01 3.936094939708709717e-01 -2.393984049558639526e-01 1.857938468456268311e-01 -4.309994280338287354e-01 3.067483901977539062e-01 -4.871969521045684814e-01 -2.608562707901000977e-01 -1.371345520019531250e+00 1.750704497098922729e-01 6.751664280891418457e-01 2.544947862625122070e-01 6.071247458457946777e-01 1.561855673789978027e-01 -6.272549033164978027e-01 -1.051286697387695312e+00 -3.850893378257751465e-01 3.821662068367004395e-01 6.985189914703369141e-01 5.979514718055725098e-01 -8.246235251426696777e-01 -4.199041426181793213e-01 -5.678757429122924805e-01 8.273118734359741211e-01 -8.411839008331298828e-01 -1.227871924638748169e-01 -6.149196252226829529e-02 -1.062793564051389694e-02 -1.594920605421066284e-01 -2.151151932775974274e-02 -3.739283978939056396e-01 -1.063546299934387207e+00 -4.642838239669799805e-01 -9.475288987159729004e-01 8.428995609283447266e-01 1.082315146923065186e-01 4.953940510749816895e-01
7.402814030647277832e-01 -3.599857389926910400e-01 8.563753962516784668e-01 3.010714650154113770e-01 2.475368529558181763e-01 1.224170565605163574e+00 -3.699972331523895264e-01 3.537016510963439941e-01 -2.532906830310821533e-01 -2.728500366210937500e-01 -1.808809190988540649e-01 -4.630175530910491943e-01 -1.768664270639419556e-01 -3.003165721893310547e-01 -6.518017649650573730e-01 2.639615535736083984e-02 -6.592345833778381348e-01 -5.047547221183776855e-01 -3.694244325160980225e-01 -1.405833959579467773e-01 3.865503966808319092e-01 1.401112973690032959e-01 6.638846397399902344e-01 -6.126058101654052734e-01 -4.890520274639129639e-01 1.007453128695487976e-01 -3.204019367694854736e-01 -2.230570018291473389e-01 -6.468737721443176270e-01 -4.109933972358703613e-01 -8.849427103996276855e-02 -2.303699404001235962e-01 6.222577020525932312e-02 1.711768507957458496e-01 -1.430377811193466187e-01 -4.701797962188720703e-01 7.040518522262573242e-01 7.832007855176925659e-02 2.428438216447830200e-01 4.920831918716430664e-01 9.380110502243041992e-01 -1.555863171815872192e-01 -3.429454565048217773e-01 1.613260656595230103e-01 4.798310995101928711e-01 -2.371309250593185425e-01 1.003427803516387939e-02 -6.066150665283203125e-01 -9.457658529281616211e-01 1.602838188409805298e-01 1.712938249111175537e-01 -7.963989377021789551e-01 1.740568876266479492e-01 9.318740107119083405e-03 -1.837020516395568848e-01 1.047960594296455383e-01 1.513991132378578186e-02 -1.259721964597702026e-01 -1.400483399629592896e-01 -1.855493634939193726e-01 -3.093372881412506104e-01 1.602668166160583496e-01 4.290264248847961426e-01 -1.332799047231674194e-01
6.031706929206848145e-01 -8.275423943996429443e-02 7.375819683074951172e-01 2.602468430995941162e-01 3.727087378501892090e-01 4.209932386875152588e-01 -6.699881516396999359e-03 8.814705908298492432e-02 -3.008999824523925781e-01 -3.236598372459411621e-01 -1.201163977384567261e-01 -2.464334070682525635e-01 -3.551331758499145508e-01 -3.029644787311553955e-01 -2.383449673652648926e-01 3.297555148601531982e-01 -8.644475340843200684e-01 -5.256149172782897949e-01 -6.261409521102905273e-01 1.434806287288665771e-01 6.381673216819763184e-01 -5.145159550011157990e-03 2.736302018165588379e-01 -4.473581314086914062e-01 2.101427018642425537e-01 1.400519162416458130e-01 -2.855221331119537354e-01 3.742687404155731201e-01 -9.763916730880737305e-01 1.975323557853698730e-01 2.513722777366638184e-01 3.985879942774772644e-02 -9.868973493576049805e-01 -1.770873814821243286e-01 4.258941113948822021e-01 4.834025353193283081e-02 1.984082907438278198e-01 6.187831982970237732e-02 5.291905403137207031e-01 3.687514066696166992e-01 9.362857937812805176e-01 5.468049645423889160e-01 -6.033512949943542480e-01 5.925511568784713745e-02 9.433996677398681641e-01 -4.229783117771148682e-01 4.214326441287994385e-01 -8.645577430725097656e-01 -1.031596660614013672e+00 5.363180041313171387e-01 3.306757509708404541e-01 1.764755845069885254e-01 2.454329133033752441e-01 -7.768751382827758789e-01 -2.203976735472679138e-02 -6.088816523551940918e-01 2.419982999563217163e-01 5.929335355758666992e-01 -1.147079229354858398e+00 1.064616814255714417e-01 -8.641343712806701660e-01 -2.219856083393096924e-01 8.964005112648010254e-01 -2.425216734409332275e-01
7.825794219970703125e-01 -6.080718636512756348e-01 8.924119472503662109e-01 2.743396759033203125e-01 3.714456260204315186e-01 1.148017525672912598e+00 -4.531086683273315430e-01 2.710833549499511719e-01 -9.167671203613281250e-02 -1.071360111236572266e-01 -1.822119504213333130e-01 -5.996490716934204102e-01 -1.588632017374038696e-01 -2.530514001846313477e-01 -4.843460023403167725e-01 -8.352556824684143066e-02 -6.274579167366027832e-01 -1.229195371270179749e-01 1.211686152964830399e-02 2.450196892023086548e-01 2.783570587635040283e-01 8.828986436128616333e-02 1.025637984275817871e+00 -5.973204970359802246e-01 -3.354062139987945557e-01 1.799857914447784424e-01 -1.994707249104976654e-02 -1.709766536951065063e-01 -5.401753187179565430e-01 -1.716201305389404297e-01 7.647362351417541504e-02 7.770776003599166870e-02 8.192946016788482666e-02 2.572819888591766357e-01 -1.789567321538925171e-01 -3.930824697017669678e-01 7.144193053245544434e-01 3.862797841429710388e-02 2.325871884822845459e-01 6.241148114204406738e-01 1.121127367019653320e+00 -1.032753363251686096e-01 -1.677526682615280151e-01 -7.351200282573699951e-02 5.588952898979187012e-01 -3.178551793098449707e-01 1.516823023557662964e-01 -7.148851752281188965e-01 -1.020145416259765625e+00 4.949173331260681152e-01 1.110451370477676392e-01 -7.821533083915710449e-01 1.895385533571243286e-01 -1.077968701720237732e-01 -2.738505005836486816e-01 -3.969670832157135010e-02 -1.203824058175086975e-01 2.210631407797336578e-02 -2.261161506175994873e-01 -1.834133639931678772e-02 -4.722279310226440430e-02 9.164738655090332031e-02 4.544498324394226074e-01 -4.190848469734191895e-01
6.202043294906616211e-01 1.607798933982849121e-01 9.426122903823852539e-01 7.859967947006225586e-01 4.540169835090637207e-01 -1.136330142617225647e-01 6.886881589889526367e-01 4.780740439891815186e-01 -9.918174743652343750e-01 5.969772115349769592e-02 -1.292040050029754639e-01 -1.073316097259521484e+00 5.652227997779846191e-02 -7.519726753234863281e-01 -3.102127909660339355e-01 7.731750011444091797e-01 2.078096866607666016e-01 -9.383957087993621826e-02 1.055308699607849121e+00 2.408465892076492310e-01 5.498776435852050781e-01 3.158027827739715576e-01 1.131834983825683594e-01 4.838167130947113037e-02 1.227224841713905334e-01 -1.092602163553237915e-01 -2.349291741847991943e-01 2.170259952545166016e-01 -4.518903195858001709e-01 -3.512809872627258301e-01 1.047174930572509766e+00 -2.156839668750762939e-01 -3.646698892116546631e-01 2.295402884483337402e-01 -3.279369771480560303e-01 -5.648310184478759766e-01 -1.433291565626859665e-02 -1.805379241704940796e-01 8.271308615803718567e-03 5.509763360023498535e-01 1.926644146442413330e-01 3.146148622035980225e-01 2.585130333900451660e-01 4.287973344326019287e-01 -6.369461417198181152e-01 -6.356623768806457520e-01 -8.398324251174926758e-02 -1.171984970569610596e-01 -2.361456155776977539e-01 4.029696583747863770e-01 6.185500025749206543e-01 -2.335452586412429810e-01 -3.148249685764312744e-01 8.966987580060958862e-02 1.047831252217292786e-01 -8.704938888549804688e-01 6.487389653921127319e-02 1.463703960180282593e-01 -5.800290703773498535e-01 -3.451162949204444885e-02 -3.938845694065093994e-01 3.936998844146728516e-01 4.512085616588592529e-01 6.236883997917175293e-01
7.919946312904357910e-01 7.520226836204528809e-01 4.443712532520294189e-01 8.379834294319152832e-01 5.591560900211334229e-02 4.297491014003753662e-01 -1.812968850135803223e-01 9.868458658456802368e-02 5.104500800371170044e-02 3.674328699707984924e-02 4.358529672026634216e-02 -9.057570695877075195e-01 -3.296780884265899658e-01 -6.236305236816406250e-01 -3.489624857902526855e-01 2.230713069438934326e-01 -3.025312721729278564e-01 2.086689919233322144e-01 1.332184791564941406e+00 4.203850030899047852e-01 1.215812683105468750e+00 -7.812854647636413574e-02 -2.068239450454711914e-01 1.536452472209930420e-01 -1.048146337270736694e-01 -3.792836889624595642e-02 -5.766139626502990723e-01 3.775849193334579468e-02 2.280953228473663330e-01 -5.674301385879516602e-01 7.510717511177062988e-01 2.845658063888549805e-01 4.057538807392120361e-01 2.634966075420379639e-01 -4.277563467621803284e-02 -9.228996932506561279e-03 -1.922432929277420044e-01 2.634419500827789307e-01 2.252924628555774689e-02 1.260692179203033447e-01 2.940282225608825684e-02 2.519251108169555664e-01 -4.414548352360725403e-02 2.052590847015380859e-01 -2.230777442455291748e-01 -4.926411807537078857e-01 -8.440143615007400513e-02 -6.925045698881149292e-02 -4.377313256263732910e-01 2.494124472141265869e-01 8.375096917152404785e-01 -2.995948493480682373e-01 2.565625011920928955e-01 4.079537466168403625e-02 1.383081674575805664e-01 -5.840678811073303223e-01 -3.286104798316955566e-01 1.979182362556457520e-01 -1.503146886825561523e-01 9.239578843116760254e-01 -2.841471135616302490e-01 6.285950541496276855e-01 1.060525178909301758e+00 9.044735431671142578e-01
6.273182630538940430e-01 5.349918603897094727e-01 6.388715505599975586e-01 7.188004255294799805e-01 -1.579173952341079712e-01 3.903673887252807617e-01 -4.861901979893445969e-03 -1.479936093091964722e-01 -5.067131295800209045e-02 1.999784633517265320e-02 -3.545997738838195801e-01 -5.734744071960449219e-01 -7.054953575134277344e-01 -2.118276953697204590e-01 7.974193245172500610e-02 4.685895144939422607e-01 -8.861886858940124512e-01 5.802865028381347656e-01 1.155016541481018066e+00 2.313818633556365967e-01 6.564971804618835449e-01 -2.728057503700256348e-01 1.809485852718353271e-01 -1.991679072380065918e-01 2.460941970348358154e-01 -9.231404960155487061e-02 9.534344822168350220e-02 1.743055880069732666e-01 4.040252789855003357e-02 -7.713651657104492188e-01 4.503513276576995850e-01 8.813449530862271786e-04 3.230732083320617676e-01 -3.971769660711288452e-02 -1.285376250743865967e-01 1.285943537950515747e-01 -6.473450660705566406e-01 6.317196488380432129e-01 -2.749382853507995605e-01 -1.374621242284774780e-01 7.831930518150329590e-01 6.418092846870422363e-01 -1.721093803644180298e-02 -1.944846063852310181e-01 -1.994720250368118286e-01 -4.802860319614410400e-01 -2.251127809286117554e-01 -6.451070904731750488e-01 -5.588953942060470581e-02 -2.282081395387649536e-01 8.675714135169982910e-01 -1.759645938873291016e-01 5.149845480918884277e-01 4.485246539115905762e-02 1.914518177509307861e-01 -6.891894340515136719e-01 -3.504477739334106445e-01 1.631893366575241089e-01 -7.021771669387817383e-01 4.954324662685394287e-01 -2.521083950996398926e-01 -4.638062790036201477e-02 1.268812060356140137e+00 8.434761166572570801e-01
4.223238229751586914e-01 5.802620053291320801e-01 1.189167141914367676e+00 5.554697513580322266e-01 8.230014890432357788e-02 5.736237764358520508e-01 -1.620800979435443878e-02 5.066258832812309265e-03 -3.454839587211608887e-01 4.918980598449707031e-01 -3.988523483276367188e-01 -1.087389588356018066e-01 -6.742759346961975098e-01 -8.792223036289215088e-02 -1.254224963486194611e-02 9.817783236503601074e-01 -1.110895752906799316e+00 4.852234125137329102e-01 9.398939013481140137e-01 3.264092803001403809e-01 1.133037805557250977e+00 -2.398875951766967773e-01 5.264242738485336304e-02 2.850289046764373779e-01 -1.017825026065111160e-02 -6.063501536846160889e-02 -4.589670598506927490e-01 1.108962774276733398e+00 6.435667276382446289e-01 -9.212553501129150391e-01 5.340439677238464355e-01 1.939546763896942139e-01 2.918806672096252441e-01 2.182493209838867188e-01 9.426487982273101807e-02 -1.572242528200149536e-01 -5.799589306116104126e-02 -9.685164690017700195e-02 2.266153097152709961e-01 -2.504217028617858887e-01 3.241921365261077881e-01 -2.330297380685806274e-01 -4.342813193798065186e-01 3.985262215137481689e-01 -3.263638019561767578e-01 -3.215062022209167480e-01 -1.099604889750480652e-01 -5.838006138801574707e-01 -4.573801159858703613e-01 -1.816634982824325562e-01 5.547278523445129395e-01 -1.966932266950607300e-01 3.643048927187919617e-02 -1.405338943004608154e-02 4.907689392566680908e-01 -2.738797068595886230e-01 2.287718504667282104e-01 -1.935816258192062378e-01 -8.883904814720153809e-01 6.837147474288940430e-01 -3.601577281951904297e-01 -4.200917780399322510e-01 1.037278294563293457e+00 5.996866822242736816e-01
3.972289562225341797e-01 7.995688319206237793e-01 1.229389667510986328e+00 5.301311016082763672e-01 -5.673655271530151367e-01 -1.390681415796279907e-01 7.023099660873413086e-01 6.435962915420532227e-01 -7.195451855659484863e-01 -4.337638616561889648e-02 3.540535271167755127e-01 -7.715271115303039551e-01 -7.030915617942810059e-01 4.618337452411651611e-01 -2.883221209049224854e-01 4.489717781543731689e-01 -3.809913992881774902e-01 -7.009092718362808228e-02 4.342835545539855957e-01 4.903622716665267944e-02 9.271023869514465332e-01 3.794615566730499268e-01 4.990609884262084961e-01 -4.137433692812919617e-02 4.241850078105926514e-01 -4.427448511123657227e-01 -3.894617855548858643e-01 5.785090327262878418e-01 -3.178066313266754150e-01 -4.960834383964538574e-01 -1.030619814991950989e-01 -1.580172032117843628e-01 -4.766311030834913254e-03 -4.241613149642944336e-01 -3.518349826335906982e-01 -1.471427530050277710e-01 1.053117141127586365e-01 -4.686437249183654785e-01 3.323624283075332642e-02 2.376984059810638428e-02 2.440249472856521606e-01 4.664877355098724365e-01 -4.310016632080078125e-01 1.129328384995460510e-01 -2.521004760637879372e-03 -3.709295392036437988e-01 1.705262809991836548e-01 -5.347100496292114258e-01 -3.838097453117370605e-01 3.861902356147766113e-01 3.809481859207153320e-01 -1.142617538571357727e-01 -2.255600690841674805e-01 -2.380154468119144440e-02 6.474668383598327637e-01 -5.996782779693603516e-01 2.269403636455535889e-01 -4.734126031398773193e-01 -1.011886000633239746e-01 3.450258672237396240e-01 -4.972711950540542603e-02 1.081788018345832825e-01 3.007282614707946777e-01 2.031455747783184052e-02
2.217998653650283813e-01 -7.921318709850311279e-02 5.808995962142944336e-01 2.816503345966339111e-01 2.757195197045803070e-02 -2.607358694076538086e-01 1.099059209227561951e-01 8.232153952121734619e-02 1.787320226430892944e-01 1.426056325435638428e-01 5.029934048652648926e-01 2.152992337942123413e-01 5.408987402915954590e-01 -4.784061312675476074e-01 -1.141319513320922852e+00 3.663955628871917725e-01 -5.605390071868896484e-01 6.147845387458801270e-01 9.586802124977111816e-01 7.683441042900085449e-02 8.979359269142150879e-01 5.656179785728454590e-01 2.344027757644653320e-01 -1.502108573913574219e+00 3.195022940635681152e-01 -6.894656270742416382e-02 -6.079038977622985840e-01 4.700343608856201172e-01 6.394950747489929199e-01 3.928720653057098389e-01 1.638716906309127808e-01 3.681832849979400635e-01 -2.495664060115814209e-01 4.466972053050994873e-01 -3.176318705081939697e-01 -7.361689805984497070e-01 2.474279999732971191e-01 2.973997592926025391e-01 -4.832255840301513672e-02 -7.314043641090393066e-01 4.287393391132354736e-01 4.559263288974761963e-01 -4.704757630825042725e-01 -2.382932603359222412e-01 3.617680072784423828e-01 -2.495781481266021729e-01 2.966743409633636475e-01 -1.156489372253417969e+00 -7.896709442138671875e-01 -6.406084168702363968e-03 8.767366409301757812e-01 -5.910281538963317871e-01 -4.044218361377716064e-01 2.399851828813552856e-01 4.857268333435058594e-01 -1.149857267737388611e-01 -5.329739451408386230e-01 2.258709967136383057e-01 -4.705127179622650146e-01 -4.926916211843490601e-02 1.757667064666748047e-01 4.205800592899322510e-01 4.009153246879577637e-01 -3.031978607177734375e-01
-2.668192088603973389e-01 4.678267240524291992e-01 8.012421131134033203e-01 6.514374613761901855e-01 2.803248465061187744e-01 -2.048053592443466187e-01 2.687771916389465332e-01 4.654765725135803223e-01 -9.350740909576416016e-01 1.315243691205978394e-01 8.329717069864273071e-02 -1.362137198448181152e+00 -7.949139690026640892e-04 -4.561991095542907715e-01 -8.800248801708221436e-02 1.429917961359024048e-01 -4.345172941684722900e-01 3.982659429311752319e-02 9.700097441673278809e-01 7.134522795677185059e-01 7.341526746749877930e-01 6.883530020713806152e-01 -1.016973480582237244e-01 7.152604404836893082e-03 -2.969569861888885498e-01 -3.192650973796844482e-01 3.071296513080596924e-01 1.777185648679733276e-01 -2.956198751926422119e-01 3.627710938453674316e-01 1.582436412572860718e-01 1.255726665258407593e-01 -6.781515479087829590e-01 -6.341387629508972168e-01 -5.242030620574951172e-01 -2.602212429046630859e-01 3.028184920549392700e-02 1.098680570721626282e-01 1.001163274049758911e-01 3.643471300601959229e-01 6.750906109809875488e-01 -3.309246897697448730e-01 1.970856934785842896e-01 2.136628925800323486e-01 8.887252211570739746e-02 4.532981514930725098e-01 9.289537668228149414e-01 -6.438764929771423340e-01 -5.299061536788940430e-01 3.395334780216217041e-01 9.554210901260375977e-01 6.001348495483398438e-01 7.300105690956115723e-02 5.142196416854858398e-01 4.637987613677978516e-01 -7.236123681068420410e-01 5.882553756237030029e-02 1.336537301540374756e-01 -6.548556685447692871e-02 2.732411026954650879e-01 -5.236628651618957520e-01 4.874550700187683105e-01 8.896943926811218262e-01 4.808880984783172607e-01
1.847758740186691284e-01 2.225465327501296997e-01 3.993433415889739990e-01 4.108510315418243408e-01 -4.233294352889060974e-02 2.086194157600402832e-01 -5.208737682551145554e-03 -2.698322832584381104e-01 -4.181194901466369629e-01 -8.355151414871215820e-01 1.027831435203552246e-01 -7.846401333808898926e-01 -4.166948795318603516e-01 4.148946702480316162e-01 -9.721377491950988770e-02 5.344536304473876953e-01 -3.969610929489135742e-01 -2.544052302837371826e-01 1.994187682867050171e-01 -8.050892502069473267e-02 7.930358648300170898e-01 4.878281354904174805e-01 -3.900847733020782471e-01 -8.685193061828613281e-01 -1.971401721239089966e-01 -4.477562308311462402e-01 -2.577368319034576416e-01 -2.294442849233746529e-03 1.667393893003463745e-01 -4.285850003361701965e-02 1.275249123573303223e-01 7.726790308952331543e-01 -3.011385165154933929e-02 -7.582150697708129883e-01 -9.247505664825439453e-01 -6.502342820167541504e-01 1.227755904197692871e+00 2.520434558391571045e-01 4.745692610740661621e-01 3.326713144779205322e-01 -1.261729449033737183e-01 -8.037245869636535645e-01 8.426690846681594849e-02 8.572891354560852051e-02 1.157280206680297852e+00 2.740927338600158691e-01 -7.337719798088073730e-01 -1.158280819654464722e-01 -6.938271224498748779e-02 5.884712934494018555e-01 -1.171838492155075073e-01 1.957346349954605103e-01 9.401610493659973145e-02 -7.726278901100158691e-02 -5.800464153289794922e-01 -2.429011315107345581e-01 -5.200877785682678223e-01 -2.219529002904891968e-01 -7.688710093498229980e-01 2.749180495738983154e-01 4.708894491195678711e-01 4.085493981838226318e-01 -2.655189633369445801e-01 8.146677017211914062e-01
3.675975799560546875e-01 9.858841449022293091e-02 -3.761304616928100586e-01 -4.679218679666519165e-02 2.102908045053482056e-01 -4.646468162536621094e-01 2.300799638032913208e-01 -6.675654649734497070e-01 -2.939152121543884277e-01 -9.604223072528839111e-02 -9.658531285822391510e-03 -3.317094147205352783e-01 -9.685891866683959961e-01 -1.457865536212921143e-01 -6.699058413505554199e-01 3.232722282409667969e-01 5.919411182403564453e-01 -3.033373355865478516e-01 3.027723431587219238e-01 -3.130467236042022705e-02 1.591758012771606445e+00 3.351984620094299316e-01 -5.798987746238708496e-01 -9.369531869888305664e-01 -3.091023266315460205e-01 1.797029674053192139e-01 -1.197578758001327515e-01 -1.371282897889614105e-02 5.936513543128967285e-01 -1.175845712423324585e-01 7.433050125837326050e-02 -3.391739428043365479e-01 8.879049122333526611e-02 9.077768027782440186e-02 2.640807032585144043e-01 -5.729235410690307617e-01 4.957894086837768555e-01 -5.041161179542541504e-01 -2.245475724339485168e-02 -4.602666795253753662e-01 1.224247097969055176e+00 -3.106164745986461639e-03 -6.660978794097900391e-01 -1.271347999572753906e-01 6.646826863288879395e-01 8.558544516563415527e-02 4.948765933513641357e-01 -7.203961014747619629e-01 -5.154662206768989563e-02 4.716649353504180908e-01 3.642118573188781738e-01 -8.714230358600616455e-02 5.037795305252075195e-01 -6.895545125007629395e-01 1.871059387922286987e-01 -7.921033501625061035e-01 -9.877604432404041290e-03 2.553090155124664307e-01 -2.894825935363769531e-01 3.513248562812805176e-01 -6.525171995162963867e-01 -1.725731603801250458e-02 4.161087870597839355e-01 -1.345803588628768921e-01
5.422433614730834961e-01 -5.380552411079406738e-01 9.739190340042114258e-01 -1.412243545055389404e-01 6.501046419143676758e-01 8.707997798919677734e-01 5.607358217239379883e-01 -2.822247743606567383e-01 -2.976297438144683838e-01 -4.602603912353515625e-01 -3.702821135520935059e-01 -6.388427317142486572e-02 -8.972081542015075684e-02 -4.436192512512207031e-01 -6.855155229568481445e-01 3.952147364616394043e-01 -7.155769467353820801e-01 2.711068093776702881e-01 1.709033548831939697e-01 5.562750101089477539e-01 4.891721606254577637e-01 7.115736603736877441e-01 -1.588098853826522827e-01 -9.583277106285095215e-01 -1.925452649593353271e-01 -5.054857581853866577e-02 -1.068501397967338562e-01 -1.859914958477020264e-01 2.768044173717498779e-01 -5.702631473541259766e-01 -3.900071382522583008e-01 4.330323040485382080e-01 -4.931306093931198120e-02 -1.562362760305404663e-01 -4.188437014818191528e-02 -3.285563290119171143e-01 -2.974196374416351318e-01 2.946559190750122070e-01 -3.737642168998718262e-01 -9.017461538314819336e-02 -4.317697882652282715e-01 -2.677220106124877930e-02 1.266316473484039307e-01 -2.138915956020355225e-01 5.791832208633422852e-01 -3.631172776222229004e-01 5.203071832656860352e-01 -2.663942277431488037e-01 -5.978133529424667358e-02 3.232398927211761475e-01 -2.124338038265705109e-02 -3.736817836761474609e-01 -3.013136982917785645e-01 2.993201315402984619e-01 -6.968325376510620117e-01 -3.529764711856842041e-02 -1.860473304986953735e-02 -1.004673540592193604e-01 -9.382432699203491211e-02 -1.089761704206466675e-01 -4.072495698928833008e-01 7.421038746833801270e-01 1.614112257957458496e-01 2.327139973640441895e-01
3.224445581436157227e-01 2.951409202069044113e-03 9.783732704818248749e-03 2.850353419780731201e-01 -1.906857937574386597e-01 -5.729715824127197266e-01 2.543593943119049072e-01 1.585193425416946411e-01 -7.905995845794677734e-02 -1.580103337764739990e-01 7.830336689949035645e-03 -1.528679281473159790e-01 -3.531032204627990723e-01 -4.660953581333160400e-01 -5.602265000343322754e-01 1.051386743783950806e-01 -4.633019566535949707e-01 2.301287949085235596e-01 4.532467126846313477e-01 -2.153778374195098877e-01 1.632147312164306641e+00 3.944690525531768799e-01 -2.744459807872772217e-01 -1.197764754295349121e+00 1.599791944026947021e-01 -1.663583368062973022e-01 -9.332525134086608887e-01 1.129012927412986755e-02 1.702339947223663330e-01 5.186740159988403320e-01 -1.961750984191894531e-01 1.662110164761543274e-02 -5.063669681549072266e-01 3.981370478868484497e-02 -5.167362093925476074e-01 -8.393769264221191406e-01 3.803437352180480957e-01 -5.627072453498840332e-01 -2.911951541900634766e-01 -8.193615078926086426e-01 8.611947894096374512e-01 -2.247719019651412964e-01 -1.275680184364318848e+00 -4.535684362053871155e-02 6.565549373626708984e-01 -3.000710308551788330e-01 2.199276387691497803e-01 -6.619739532470703125e-01 -9.175739288330078125e-01 3.393973410129547119e-01 2.425935119390487671e-01 -3.726024329662322998e-01 2.647197544574737549e-01 -5.070404410362243652e-01 -2.717075943946838379e-01 -8.349857330322265625e-01 -3.336069285869598389e-01 -2.819608449935913086e-01 2.723862528800964355e-01 2.994037270545959473e-01 2.672095298767089844e-01 -1.182859018445014954e-01 1.703781187534332275e-01 -5.343891978263854980e-01
3.488241732120513916e-01 9.460312724113464355e-01 1.033437013626098633e+00 -1.077711954712867737e-01 -2.534009702503681183e-02 -1.001160621643066406e+00 3.778198361396789551e-01 1.747114807367324829e-01 -6.123347878456115723e-01 -5.180171728134155273e-01 5.824534296989440918e-01 -1.414747089147567749e-01 -1.178790256381034851e-01 -7.270874381065368652e-01 2.136336266994476318e-02 -1.226198598742485046e-01 -3.267715275287628174e-01 -4.099023342132568359e-02 5.570541024208068848e-01 6.287368535995483398e-01 5.981089472770690918e-01 2.054112032055854797e-02 -2.995965480804443359e-01 -5.220706462860107422e-01 -3.539425879716873169e-02 2.717193663120269775e-01 -2.825262844562530518e-01 -1.696681082248687744e-01 8.976055979728698730e-01 -2.927237153053283691e-01 -6.895083785057067871e-01 3.085802793502807617e-01 6.190577149391174316e-02 -1.411802917718887329e-01 4.453610256314277649e-02 -2.453979104757308960e-01 -1.819242238998413086e-01 2.784449756145477295e-01 1.625453978776931763e-01 1.438533514738082886e-01 9.025692939758300781e-01 1.658957451581954956e-01 -1.645965278148651123e-01 3.231400549411773682e-01 5.087811350822448730e-01 -3.382707238197326660e-01 -3.146174252033233643e-01 -4.968499243259429932e-01 3.118327260017395020e-01 6.613481044769287109e-01 1.922769993543624878e-01 -6.578416228294372559e-01 3.244582116603851318e-01 3.045827448368072510e-01 -9.956615418195724487e-02 5.619314312934875488e-01 -6.727239489555358887e-01 1.094153001904487610e-01 -4.520180523395538330e-01 -5.957234501838684082e-01 -4.079733490943908691e-01 -2.768245637416839600e-01 6.688706874847412109e-01 4.068392217159271240e-01
6.778527498245239258e-01 -8.525443673133850098e-01 -1.492826789617538452e-01 -3.792786598205566406e-01 -2.250006943941116333e-01 2.566887065768241882e-02 -1.619515717029571533e-01 -1.646391749382019043e-01 -4.737332165241241455e-01 -3.523598313331604004e-01 5.277780294418334961e-01 -7.493827939033508301e-01 -8.209270834922790527e-01 7.585689425468444824e-01 -2.775052785873413086e-01 9.957402944564819336e-01 -4.393538236618041992e-01 -4.021055996417999268e-01 4.495154321193695068e-01 1.449468135833740234e-01 4.754077792167663574e-01 4.217028021812438965e-01 9.466012567281723022e-02 -2.565896213054656982e-01 3.272745907306671143e-01 -2.328701466321945190e-01 -7.941830754280090332e-01 -5.687068700790405273e-01 7.150074243545532227e-01 -2.712859511375427246e-01 -4.065766632556915283e-01 -1.635383367538452148e-01 1.563505381345748901e-01 -8.373970165848731995e-03 -3.652095794677734375e-01 2.266017198562622070e-01 -1.485527455806732178e-01 1.622583419084548950e-01 4.766645729541778564e-01 -2.377829700708389282e-01 -1.868010014295578003e-01 -4.802149832248687744e-01 1.052369363605976105e-02 1.074471771717071533e-01 6.161184236407279968e-02 3.455196321010589600e-01 1.311390697956085205e-01 -9.153086543083190918e-01 -2.705076932907104492e-01 3.049719035625457764e-01 3.795817494392395020e-02 -6.453049778938293457e-01 -2.837775051593780518e-01 2.811733186244964600e-01 3.429250419139862061e-02 -2.445460706949234009e-01 1.458923667669296265e-01 -2.760384380817413330e-01 -2.084539979696273804e-01 5.772677659988403320e-01 -5.356656312942504883e-01 -2.501439452171325684e-01 5.231734737753868103e-02 3.548926115036010742e-02
2.168970704078674316e-01 3.705468177795410156e-01 -2.359686195850372314e-01 -3.221161663532257080e-01 -4.926302284002304077e-02 1.272658407688140869e-01 -6.533264517784118652e-01 -7.455596327781677246e-02 -2.247477918863296509e-01 -2.258396446704864502e-01 8.012329041957855225e-02 -4.259853661060333252e-01 -2.644743919372558594e-01 -1.012617468833923340e+00 -1.158103227615356445e+00 6.872718781232833862e-02 7.196189463138580322e-02 -2.800632715225219727e-01 -5.443518981337547302e-02 -1.691487431526184082e-01 1.025482654571533203e+00 4.330026358366012573e-02 -3.808913230895996094e-01 -1.334795355796813965e+00 -2.921768128871917725e-01 -1.202059015631675720e-01 -1.944210678339004517e-01 1.329953074455261230e-01 1.308381408452987671e-01 -2.082930803298950195e-01 -1.197492554783821106e-01 -1.389291137456893921e-01 9.191556274890899658e-02 -2.571480572223663330e-01 -2.452800571918487549e-01 -2.986336052417755127e-01 7.438588738441467285e-01 -9.270963817834854126e-02 -5.741660594940185547e-01 -5.046628713607788086e-01 3.774218857288360596e-01 1.388014554977416992e-01 -2.979422807693481445e-01 2.079026401042938232e-01 6.461228728294372559e-01 -9.228415489196777344e-01 3.405766189098358154e-01 -5.931892991065979004e-01 3.957085609436035156e-01 2.893432788550853729e-02 4.364305436611175537e-01 1.383060961961746216e-01 9.392476081848144531e-02 -2.773047089576721191e-01 -4.328475296497344971e-01 -7.039758563041687012e-02 1.082117408514022827e-01 4.866864383220672607e-01 -6.346166729927062988e-01 5.731652975082397461e-01 -5.611695051193237305e-01 -2.993326447904109955e-02 4.617692232131958008e-01 -5.629627108573913574e-01
7.094939947128295898e-01 -3.958681821823120117e-01 8.508661389350891113e-01 1.816923171281814575e-01 8.188367486000061035e-01 5.354225635528564453e-01 8.412080258131027222e-02 -4.656997323036193848e-02 -5.456772446632385254e-01 4.320288449525833130e-02 -9.748850949108600616e-03 9.624204598367214203e-03 -3.825588226318359375e-01 3.649207204580307007e-02 -2.244762480258941650e-01 4.139769673347473145e-01 -6.308820843696594238e-01 2.172272652387619019e-01 -2.499395422637462616e-02 3.423160016536712646e-01 2.571069598197937012e-01 4.933047294616699219e-01 3.296445012092590332e-01 -6.224696636199951172e-01 -6.893047690391540527e-01 1.304472088813781738e-01 1.738603413105010986e-02 -2.552493512630462646e-01 4.553669318556785583e-02 -4.443735182285308838e-01 -5.580333471298217773e-01 4.418315291404724121e-01 1.848730891942977905e-01 6.502196788787841797e-01 -5.016769170761108398e-01 -2.534443140029907227e-01 4.246432781219482422e-01 2.540439367294311523e-01 1.703983396291732788e-01 5.816375017166137695e-01 2.095204442739486694e-01 -2.073725163936614990e-01 -2.508741617202758789e-01 2.151911519467830658e-02 7.730116248130798340e-01 -4.175359904766082764e-01 -5.887171998620033264e-02 -3.249527513980865479e-01 -8.737519383430480957e-01 2.499234378337860107e-01 2.744956016540527344e-01 -7.871975898742675781e-01 -2.801028788089752197e-01 3.786981105804443359e-01 -9.299178719520568848e-01 2.012610286474227905e-01 -9.501401335000991821e-03 5.645103007555007935e-02 -2.256868928670883179e-01 -3.572715222835540771e-01 -4.137587919831275940e-02 4.845443367958068848e-01 5.895210504531860352e-01 2.814853489398956299e-01
2.731093168258666992e-01 -2.107965350151062012e-01 -6.128687858581542969e-01 -3.641453757882118225e-02 2.373930662870407104e-01 -1.914999336004257202e-01 -2.164141535758972168e-01 -4.834206998348236084e-01 -3.384990990161895752e-01 -2.778540179133415222e-02 4.256892800331115723e-01 -6.639380007982254028e-02 -3.832707107067108154e-01 -5.096667408943176270e-01 -6.402969956398010254e-01 2.191908210515975952e-01 4.359245300292968750e-01 -3.556645810604095459e-01 2.157585322856903076e-01 -7.113349437713623047e-02 1.467517375946044922e+00 1.370578110218048096e-01 -4.381760358810424805e-01 -9.865084290504455566e-01 -5.263205990195274353e-02 -1.773153841495513916e-01 3.814965952187776566e-03 -3.563050180673599243e-02 3.648933470249176025e-01 -4.375603497028350830e-01 -2.901264727115631104e-01 -8.099674582481384277e-01 -2.093776762485504150e-01 7.944616675376892090e-02 -1.342367678880691528e-01 -5.933642983436584473e-01 3.475777804851531982e-01 -2.127555571496486664e-02 -9.550689160823822021e-02 -4.864916205406188965e-01 1.102167606353759766e+00 -1.811141707003116608e-02 -5.003345012664794922e-01 3.617265820503234863e-02 6.217595934867858887e-01 -2.111279219388961792e-01 1.709024012088775635e-01 -5.361194610595703125e-01 1.016086190938949585e-01 2.888471484184265137e-01 6.969405412673950195e-01 3.821602463722229004e-01 5.411997437477111816e-01 -5.485266447067260742e-01 -5.403473973274230957e-02 -2.734642028808593750e-01 8.006484806537628174e-02 -2.422936726361513138e-03 -9.477567672729492188e-01 4.507202804088592529e-01 -5.715126395225524902e-01 -1.342770159244537354e-01 5.946109890937805176e-01 -3.468978703022003174e-01
2.958877980709075928e-01 2.078869938850402832e-01 7.426078319549560547e-01 -1.713239252567291260e-01 -2.495425790548324585e-01 6.638332456350326538e-02 4.633598625659942627e-01 3.501017764210700989e-02 -6.820611953735351562e-01 -6.103985756635665894e-02 5.898376181721687317e-02 -4.659879803657531738e-01 -9.483551979064941406e-02 -1.256862729787826538e-01 -1.766980253159999847e-02 7.334816455841064453e-01 -2.370561659336090088e-01 -6.754243969917297363e-01 5.092371106147766113e-01 -2.248695790767669678e-01 -5.795283243060112000e-02 9.343856573104858398e-01 2.709557414054870605e-01 3.440726101398468018e-01 8.160716295242309570e-02 -3.019377291202545166e-01 -6.474204361438751221e-02 1.561914756894111633e-02 -3.590061068534851074e-01 -7.144334912300109863e-01 1.320672035217285156e+00 -1.152932923287153244e-02 -6.977554559707641602e-01 1.931830197572708130e-01 -4.036270380020141602e-01 2.711541652679443359e-01 2.463323064148426056e-02 3.629024624824523926e-01 -3.261610865592956543e-01 -1.347582638263702393e-01 7.915382385253906250e-01 7.865387797355651855e-01 -1.106592342257499695e-01 -1.510659456253051758e-01 -1.337894946336746216e-01 -2.831670045852661133e-01 1.304332166910171509e-01 -8.853539228439331055e-01 1.246251538395881653e-01 2.482325732707977295e-01 5.330598950386047363e-01 -3.215188533067703247e-02 2.884685993194580078e-01 -1.899068206548690796e-01 3.526655212044715881e-02 -1.092593550682067871e+00 1.981985867023468018e-01 -2.260057628154754639e-01 -7.683234810829162598e-01 4.678689539432525635e-01 -8.499789834022521973e-01 1.302915066480636597e-01 6.422512531280517578e-01 1.935715526342391968e-01
3.447232544422149658e-01 -4.504217505455017090e-01 4.250314831733703613e-01 1.969587057828903198e-01 8.678157329559326172e-01 -3.758245706558227539e-01 4.629626572132110596e-01 4.379676282405853271e-01 -2.550250887870788574e-01 -4.223041832447052002e-01 1.780453920364379883e-01 -1.309460401535034180e-01 -3.852429389953613281e-01 -5.234761908650398254e-02 -7.018196582794189453e-01 6.378520727157592773e-01 -5.460481643676757812e-01 -1.803631782531738281e-01 4.348900616168975830e-01 -1.396612636744976044e-02 4.747121632099151611e-01 2.601192295551300049e-01 3.872731626033782959e-01 -2.150477021932601929e-01 2.731337547302246094e-01 1.980836689472198486e-01 -2.890332937240600586e-01 1.436663419008255005e-01 -9.626434184610843658e-03 1.778608858585357666e-01 2.563692629337310791e-01 2.298332452774047852e-01 2.217060625553131104e-01 -6.499851942062377930e-01 3.427443653345108032e-02 -9.505382180213928223e-01 2.983008325099945068e-01 1.907017529010772705e-01 3.873750865459442139e-01 1.848610788583755493e-01 -2.149986475706100464e-01 -7.397164702415466309e-01 3.192792832851409912e-01 -1.111228093504905701e-01 -2.110131783410906792e-03 -7.505543231964111328e-01 -4.972870647907257080e-02 -9.330035187304019928e-03 1.811878085136413574e-01 5.722626447677612305e-01 -1.410757005214691162e-01 -4.237937033176422119e-01 8.791732788085937500e-01 2.552029490470886230e-01 -4.653371870517730713e-01 4.813108444213867188e-01 -1.645129919052124023e-01 7.467535734176635742e-01 -5.654587149620056152e-01 -8.716790676116943359e-01 -2.856687009334564209e-01 5.907141566276550293e-01 6.817272305488586426e-01 2.506242990493774414e-01
7.064319849014282227e-01 2.757891118526458740e-01 9.562973976135253906e-01 3.387539386749267578e-01 2.268800884485244751e-01 -2.774240970611572266e-01 1.197820752859115601e-01 4.887505471706390381e-01 -1.991767436265945435e-01 -2.449623197317123413e-01 3.606527447700500488e-01 -3.811881244182586670e-01 3.657356649637222290e-02 -3.707901239395141602e-01 -1.338990181684494019e-01 4.185868203639984131e-01 1.900394856929779053e-01 3.280671238899230957e-01 3.015892505645751953e-01 7.132406234741210938e-01 6.684865355491638184e-01 3.234746754169464111e-01 4.211295545101165771e-01 -7.426328063011169434e-01 2.283307909965515137e-01 9.139722585678100586e-02 3.895188495516777039e-02 -5.508290976285934448e-02 7.225815653800964355e-01 -2.666599154472351074e-01 -9.826904535293579102e-02 7.758307456970214844e-01 -1.977794468402862549e-01 1.312568876892328262e-02 -1.309771388769149780e-01 -7.825552225112915039e-01 8.566894382238388062e-02 3.446699678897857666e-01 3.223708570003509521e-01 5.848645418882369995e-02 7.760812044143676758e-01 3.394911885261535645e-01 -2.104515284299850464e-01 4.928524196147918701e-01 5.912206172943115234e-01 -4.597286283969879150e-01 -1.434216946363449097e-01 -4.115485548973083496e-01 6.337065100669860840e-01 2.798032462596893311e-01 1.854754984378814697e-01 -9.810845851898193359e-01 -3.136202692985534668e-01 2.683441638946533203e-01 -5.569398403167724609e-01 6.238363385200500488e-01 -8.604701608419418335e-02 4.359029531478881836e-01 -1.095982342958450317e-01 -6.085488796234130859e-01 4.739177227020263672e-01 1.476752310991287231e-01 5.910694003105163574e-01 -2.260565161705017090e-01
5.245203971862792969e-01 -4.035100042819976807e-01 -7.891833037137985229e-02 4.345930516719818115e-01 -1.537662148475646973e-01 -3.458007872104644775e-01 -1.087431311607360840e+00 -2.762843966484069824e-01 -6.408705711364746094e-01 -2.770773470401763916e-01 -5.601550936698913574e-01 -1.069532871246337891e+00 -2.156105339527130127e-01 1.726711988449096680e-01 4.332800954580307007e-02 3.275416493415832520e-01 -2.748331129550933838e-01 -3.891438245773315430e-01 4.203571975231170654e-01 -7.045795023441314697e-02 -4.016703739762306213e-02 5.840348005294799805e-01 -6.005405634641647339e-02 -7.538333535194396973e-01 4.793276190757751465e-01 3.540328517556190491e-02 -2.412427365779876709e-01 1.578266471624374390e-01 7.593523859977722168e-01 -2.221461236476898193e-01 -7.680338025093078613e-01 9.380523115396499634e-02 -2.870924174785614014e-01 -3.567817509174346924e-01 -2.621232271194458008e-01 -6.645024418830871582e-01 5.432356595993041992e-01 -1.388512086123228073e-02 4.492677152156829834e-01 -4.592848122119903564e-01 2.110171020030975342e-01 -3.167496919631958008e-01 4.172956943511962891e-01 -1.929673254489898682e-01 3.438068032264709473e-01 1.664823852479457855e-02 -7.958309650421142578e-01 -2.570412456989288330e-01 9.656618535518646240e-02 7.330842018127441406e-01 4.223345518112182617e-01 -2.592470347881317139e-01 1.675976514816284180e-01 -6.199882552027702332e-02 -3.984946385025978088e-02 1.843379586935043335e-01 -6.828290224075317383e-02 -5.133454501628875732e-02 -9.151899218559265137e-01 4.972161054611206055e-01 -3.677846789360046387e-01 6.519394367933273315e-02 -1.551949139684438705e-02 -3.994177281856536865e-01
3.534393608570098877e-01 5.610108971595764160e-01 1.051433205604553223e+00 -1.102669909596443176e-01 -2.286519668996334076e-02 -7.948767542839050293e-01 1.126460134983062744e-01 3.200836181640625000e-01 -7.896876335144042969e-01 -5.310479402542114258e-01 3.451816141605377197e-01 -3.262645900249481201e-01 -1.199463158845901489e-01 -7.862493991851806641e-01 2.704229056835174561e-01 -7.371798902750015259e-02 -4.585047364234924316e-01 8.861758559942245483e-02 3.576957285404205322e-01 6.824782490730285645e-01 2.319252490997314453e-01 -5.731409788131713867e-02 -2.526198327541351318e-01 -4.892687201499938965e-01 9.775848686695098877e-02 2.798618562519550323e-02 4.418586567044258118e-02 6.822452694177627563e-02 9.334865808486938477e-01 -2.129231840372085571e-01 -7.575405240058898926e-01 3.851972818374633789e-01 1.356848031282424927e-01 -3.458032310009002686e-01 5.463386327028274536e-02 -4.942940175533294678e-01 -1.368772387504577637e-01 5.032729506492614746e-01 6.799691319465637207e-01 1.791653037071228027e-01 9.135763049125671387e-01 6.691764295101165771e-02 -4.872066378593444824e-01 1.758802980184555054e-01 4.258952438831329346e-01 -7.790451645851135254e-01 -3.855673074722290039e-01 -5.016353726387023926e-01 3.178972005844116211e-01 6.762319803237915039e-01 5.136801004409790039e-01 -6.152396798133850098e-01 2.677316963672637939e-01 1.878224164247512817e-01 -2.305059134960174561e-01 5.050346255302429199e-01 -5.679251551628112793e-01 -1.172968652099370956e-03 -2.541756033897399902e-01 -2.458092868328094482e-01 -1.857500970363616943e-01 1.776155531406402588e-01 5.446044206619262695e-01 3.057051599025726318e-01
3.884194046258926392e-02 3.712774217128753662e-01 1.022943496704101562e+00 2.161044329404830933e-01 7.059841752052307129e-01 -2.634850144386291504e-01 2.008538991212844849e-01 -1.232140436768531799e-01 -1.160478711128234863e+00 -1.005703210830688477e-01 -6.059997528791427612e-02 -1.554427742958068848e+00 1.145193949341773987e-01 -8.810668587684631348e-01 -1.686479449272155762e-01 2.729353904724121094e-01 8.164131082594394684e-03 -9.256742894649505615e-02 1.441622257232666016e+00 8.535929322242736816e-01 8.182119727134704590e-01 6.933697462081909180e-01 -1.788126826286315918e-01 -8.883211761713027954e-03 -2.781547605991363525e-01 -1.813776791095733643e-01 -1.225594729185104370e-01 2.937736511230468750e-01 -2.012468427419662476e-01 3.653063774108886719e-01 4.166703820228576660e-01 -3.504972159862518311e-01 -6.062040328979492188e-01 -2.074544131755828857e-01 -2.360678464174270630e-01 -8.221413493156433105e-01 1.116075180470943451e-02 -8.396194875240325928e-02 6.092687696218490601e-02 2.089426070451736450e-01 -5.638129543513059616e-03 -5.144237875938415527e-01 7.279800623655319214e-02 3.202988505363464355e-01 2.673962414264678955e-01 2.188216596841812134e-01 6.551201939582824707e-01 -6.900097727775573730e-01 -5.533276796340942383e-01 1.111635565757751465e-01 6.528515815734863281e-01 4.707783460617065430e-01 -2.734112143516540527e-01 4.556901752948760986e-01 4.032680094242095947e-01 -9.208427667617797852e-01 -3.237692117691040039e-01 2.409752011299133301e-01 -8.656228333711624146e-02 1.613864004611968994e-01 -5.220075845718383789e-01 3.124578595161437988e-01 7.173619866371154785e-01 4.832637310028076172e-01
4.234853684902191162e-01 3.875996218994259834e-03 1.085180878639221191e+00 4.186840653419494629e-01 -1.348656713962554932e-01 6.521875262260437012e-01 7.557228952646255493e-02 2.940493226051330566e-01 -2.851051688194274902e-01 1.042689532041549683e-01 1.372250616550445557e-01 -7.043885588645935059e-01 -6.799551248550415039e-01 2.603990435600280762e-01 -3.857491910457611084e-01 4.459306001663208008e-01 2.691926062107086182e-01 -6.245632767677307129e-01 3.888376057147979736e-01 1.972912997007369995e-01 7.182208299636840820e-01 1.016013771295547485e-01 7.876176834106445312e-01 -1.988736391067504883e-01 -1.714994609355926514e-01 -6.729488372802734375e-01 -5.630573630332946777e-02 4.384855926036834717e-02 7.412733137607574463e-02 -7.174305915832519531e-01 3.101273775100708008e-01 -5.845508575439453125e-01 7.116680592298507690e-02 -6.056066751480102539e-01 7.812719792127609253e-02 -8.730642795562744141e-01 5.427962541580200195e-01 -3.686881661415100098e-01 -3.673579394817352295e-01 4.714601635932922363e-01 1.258662104606628418e+00 4.832114577293395996e-01 -1.488408297300338745e-01 -4.431014657020568848e-01 -1.276676356792449951e-01 -2.418209463357925415e-01 8.157438039779663086e-02 -9.411234855651855469e-01 -9.574268460273742676e-01 3.761834800243377686e-01 -7.507799565792083740e-02 -6.833352446556091309e-01 -1.157309338450431824e-01 -4.153269827365875244e-01 4.033764898777008057e-01 -1.024753972887992859e-01 -1.918426156044006348e-02 -7.383764982223510742e-01 -6.782705336809158325e-02 5.194644331932067871e-01 -3.549338281154632568e-01 2.019768506288528442e-01 3.950887322425842285e-01 6.711317300796508789e-01
8.763487935066223145e-01 5.714381933212280273e-01 4.014851152896881104e-01 9.488047361373901367e-01 -5.254433024674654007e-03 4.342262744903564453e-01 -4.321523755788803101e-02 -1.374756395816802979e-01 1.368632316589355469e-01 1.314865946769714355e-01 -2.462937086820602417e-01 -9.391636848449707031e-01 -5.904753208160400391e-01 -3.443843722343444824e-01 -1.506123989820480347e-01 1.830662041902542114e-01 -4.028921425342559814e-01 6.280989050865173340e-01 1.157498359680175781e+00 4.813589155673980713e-01 1.003537297248840332e+00 -1.290695965290069580e-01 8.790548145771026611e-02 1.420323401689529419e-01 -1.359306573867797852e-01 -3.257102519273757935e-02 -1.031900495290756226e-01 6.579902768135070801e-02 1.011572927236557007e-01 -7.321680784225463867e-01 4.931960999965667725e-01 4.751875996589660645e-02 2.756175696849822998e-01 1.115137711167335510e-01 1.740563511848449707e-01 5.150561034679412842e-02 -3.714203238487243652e-01 3.581176400184631348e-01 -3.705690801143646240e-02 1.916918307542800903e-01 3.298552930355072021e-01 4.408072233200073242e-01 -2.512427866458892822e-01 -2.433588057756423950e-01 -1.110911816358566284e-01 -3.529156744480133057e-01 -2.393985986709594727e-01 -3.761354386806488037e-01 -3.582833111286163330e-01 -1.921048760414123535e-01 9.480791687965393066e-01 -3.443595468997955322e-01 4.377050101757049561e-01 1.662107706069946289e-01 1.985561102628707886e-01 -7.526023983955383301e-01 -1.944280862808227539e-01 9.283518046140670776e-02 -3.615971207618713379e-01 5.532563328742980957e-01 -2.927854359149932861e-01 4.275639653205871582e-01 9.728124141693115234e-01 9.531117081642150879e-01
2.945999205112457275e-01 8.271906375885009766e-01 1.699897289276123047e+00 3.707167208194732666e-01 -4.426173567771911621e-01 -1.630912870168685913e-01 5.266543626785278320e-01 5.403115153312683105e-01 -7.034925818443298340e-01 6.799442321062088013e-02 5.341206192970275879e-01 -4.303343892097473145e-01 -6.250212788581848145e-01 1.702967733144760132e-01 -1.078918352723121643e-01 8.618493080139160156e-01 -2.773818075656890869e-01 1.446676254272460938e-01 5.846335887908935547e-01 -2.600564062595367432e-02 1.263640642166137695e+00 8.918611705303192139e-02 2.974436618387699127e-02 -1.420976966619491577e-01 3.330217003822326660e-01 -5.207809805870056152e-01 -2.343046367168426514e-01 8.376510739326477051e-01 1.931502483785152435e-02 -5.684546232223510742e-01 -1.357092261314392090e-01 1.469692885875701904e-01 9.428448230028152466e-02 -3.978707492351531982e-01 -1.467777639627456665e-01 -1.132411435246467590e-01 3.739728331565856934e-01 -4.994998574256896973e-01 -3.455043435096740723e-01 -6.180999428033828735e-02 -1.117998734116554260e-01 2.308154404163360596e-01 -4.809913337230682373e-01 2.566985189914703369e-01 -2.685558795928955078e-01 -2.593614757061004639e-01 3.175384104251861572e-01 -2.814156413078308105e-01 -7.572209835052490234e-01 9.806183725595474243e-02 3.794535100460052490e-01 -1.019894853234291077e-01 -8.401366323232650757e-02 -3.313903510570526123e-02 5.603393912315368652e-01 -4.206405282020568848e-01 3.543576002120971680e-01 -6.226702332496643066e-01 -7.720221877098083496e-01 4.838650524616241455e-01 -7.135166972875595093e-02 -1.514994800090789795e-01 4.888390302658081055e-01 -6.553670763969421387e-02
3.770257234573364258e-01 -7.740655541419982910e-01 1.469586640596389771e-01 2.838017344474792480e-01 4.018053710460662842e-01 3.864127770066261292e-02 -4.274554252624511719e-01 3.142376542091369629e-01 -4.602761566638946533e-01 8.400602638721466064e-02 2.017266303300857544e-01 -6.108781695365905762e-01 1.098007857799530029e-01 -9.013399481773376465e-02 -2.427360266447067261e-01 5.022839307785034180e-01 -8.729784488677978516e-01 -4.913294315338134766e-01 1.672146767377853394e-01 -1.486169695854187012e-01 6.828800439834594727e-01 4.724792838096618652e-01 2.770795226097106934e-01 -2.713140249252319336e-01 -1.350679695606231689e-01 4.849836230278015137e-02 1.287006437778472900e-01 -5.539634227752685547e-01 -2.730215489864349365e-01 -5.502567291259765625e-01 -6.332280039787292480e-01 6.015088781714439392e-02 5.247615575790405273e-01 3.210315108299255371e-01 -6.103246808052062988e-01 1.346652656793594360e-01 1.183320358395576477e-01 4.205277562141418457e-01 -2.710228972136974335e-02 4.150012135505676270e-01 -8.436822332441806793e-03 -5.290991663932800293e-01 -9.748316556215286255e-02 3.537285327911376953e-01 -1.598988771438598633e-01 -4.715098440647125244e-01 -2.081104815006256104e-01 -5.608851909637451172e-01 5.111827701330184937e-02 6.903988718986511230e-01 -3.222731053829193115e-01 -6.177538037300109863e-01 5.460306406021118164e-01 7.036925852298736572e-02 -1.504758149385452271e-01 -4.398987889289855957e-01 -4.603220820426940918e-01 -1.585506051778793335e-01 -5.778873562812805176e-01 -5.310042947530746460e-02 -6.654567122459411621e-01 -9.092140197753906250e-02 3.370826542377471924e-01 -3.768651187419891357e-01
5.411577820777893066e-01 -7.060016989707946777e-01 4.297044500708580017e-02 2.901501357555389404e-01 3.331279158592224121e-01 -1.429483201354742050e-02 -5.684895515441894531e-01 1.785732507705688477e-01 -6.258618831634521484e-01 4.213465154170989990e-01 1.695604920387268066e-01 -5.633248090744018555e-01 3.291396796703338623e-02 -5.182850360870361328e-02 -1.410687714815139771e-01 1.535114198923110962e-01 -7.855245471000671387e-01 -3.426867425441741943e-01 3.681030273437500000e-01 -2.920449674129486084e-01 6.270043849945068359e-01 6.455320715904235840e-01 2.947877347469329834e-01 -2.135612368583679199e-01 -1.976153105497360229e-01 4.371315985918045044e-02 1.755974143743515015e-01 -8.494040966033935547e-01 -8.757473528385162354e-02 -5.187758803367614746e-01 -7.730595767498016357e-02 -2.086053341627120972e-01 4.291878938674926758e-01 1.997700482606887817e-01 -5.645147562026977539e-01 -1.118109375238418579e-01 3.041055239737033844e-02 1.473584771156311035e-01 7.329617440700531006e-02 4.786156713962554932e-01 -1.329056769609451294e-01 -4.942673146724700928e-01 1.037225499749183655e-01 3.387856185436248779e-01 -9.432586282491683960e-02 -3.384475111961364746e-01 -9.855571389198303223e-02 -7.137249708175659180e-01 -1.505793910473585129e-02 6.478133201599121094e-01 -2.696278989315032959e-01 -6.730848550796508789e-01 7.014456987380981445e-01 -1.125171557068824768e-01 -4.462660849094390869e-01 -3.445814251899719238e-01 -2.665420174598693848e-01 -7.328839600086212158e-02 -5.958020687103271484e-01 -3.261810541152954102e-01 -7.891114354133605957e-01 1.003250628709793091e-01 4.016024470329284668e-01 -3.562276363372802734e-01
1.005278006196022034e-01 7.350831031799316406e-01 3.940536677837371826e-01 -7.342337816953659058e-02 -3.298011720180511475e-01 -8.893271684646606445e-01 -4.189130365848541260e-01 -1.057072639465332031e+00 -1.860519051551818848e-01 2.944417297840118408e-01 5.977966189384460449e-01 -5.076592043042182922e-02 -7.576332092285156250e-01 1.086722761392593384e-01 -2.008484750986099243e-01 1.148587390780448914e-01 -1.482997983694076538e-01 -1.254308670759201050e-01 -7.856564968824386597e-02 3.841557502746582031e-01 6.350740194320678711e-01 4.313623011112213135e-01 -2.836387753486633301e-01 -4.631160795688629150e-01 -1.760837063193321228e-02 3.566767871379852295e-01 -3.953292369842529297e-01 -1.629825085401535034e-01 -3.561145365238189697e-01 7.401707023382186890e-02 3.277625739574432373e-01 -1.461498141288757324e-01 -3.026213943958282471e-01 -3.493381440639495850e-01 -1.284608542919158936e-01 1.014914661645889282e-01 2.638047635555267334e-01 -1.852943897247314453e-01 2.703143060207366943e-01 -1.738128513097763062e-01 5.031781196594238281e-01 1.005554497241973877e-01 -9.908268600702285767e-02 -2.054487317800521851e-01 6.193986535072326660e-01 -5.395216122269630432e-02 2.574956119060516357e-01 -6.735169887542724609e-01 -3.899803161621093750e-01 1.003673553466796875e+00 -2.151287496089935303e-01 -1.784456968307495117e-01 3.920478224754333496e-01 -1.571478098630905151e-01 -3.994978219270706177e-02 -4.529387056827545166e-01 -3.310690820217132568e-01 5.672947168350219727e-01 -6.803708076477050781e-01 1.868559271097183228e-01 -8.806425333023071289e-01 -1.623944193124771118e-01 3.944946825504302979e-01 -3.947636485099792480e-01
-4.514660313725471497e-02 3.914694786071777344e-01 -5.479545518755912781e-02 -7.368888705968856812e-02 -7.416969630867242813e-03 -2.761265337467193604e-01 3.384422659873962402e-01 -1.070277690887451172e+00 -6.519366800785064697e-02 -6.191476806998252869e-02 6.358023285865783691e-01 3.021937906742095947e-01 -4.934464097023010254e-01 3.774876296520233154e-01 -3.356367647647857666e-01 2.460040599107742310e-01 -6.422862410545349121e-01 -1.289730370044708252e-01 3.031956553459167480e-01 6.452255249023437500e-01 6.361885666847229004e-01 5.579971075057983398e-01 1.033242419362068176e-01 -5.178431272506713867e-01 -2.106990069150924683e-01 7.089591771364212036e-02 -5.926774740219116211e-01 -2.766320705413818359e-01 5.847637057304382324e-01 -2.729883193969726562e-01 -1.507128626108169556e-01 1.996402144432067871e-01 -1.912335008382797241e-01 -3.727833032608032227e-01 -2.446561753749847412e-01 4.367641806602478027e-01 7.130122780799865723e-01 -2.852059602737426758e-01 2.248720526695251465e-01 2.222894132137298584e-01 2.158577442169189453e-01 -5.579639226198196411e-02 2.366682142019271851e-01 -3.897003233432769775e-01 5.430856347084045410e-01 5.847741663455963135e-02 -3.071183860301971436e-01 -7.117028832435607910e-01 1.048652175813913345e-02 7.884753942489624023e-01 -4.992085099220275879e-01 -1.804485172033309937e-01 8.036718964576721191e-01 -3.052974045276641846e-01 1.469599753618240356e-01 -4.754048585891723633e-01 -6.031444072723388672e-01 5.815863013267517090e-01 -5.145648121833801270e-01 6.969739198684692383e-01 -5.105993747711181641e-01 -2.572615444660186768e-01 4.380842670798301697e-02 -4.290638864040374756e-01
1.675418615341186523e-01 1.309593468904495239e-01 1.370748639106750488e+00 4.701716303825378418e-01 -5.993307754397392273e-02 -1.446573585271835327e-01 -5.453892052173614502e-02 2.134822905063629150e-01 -4.528163671493530273e-01 -6.363113969564437866e-02 -3.127427995204925537e-01 -7.666073441505432129e-01 -2.514417767524719238e-01 -1.181335598230361938e-01 9.456142783164978027e-02 6.080573201179504395e-01 1.191973835229873657e-01 -6.831710338592529297e-01 5.322680473327636719e-01 2.406702339649200439e-01 -2.387348562479019165e-02 4.300775825977325439e-01 4.115625321865081787e-01 -5.682286992669105530e-02 -1.714328676462173462e-01 -4.378046393394470215e-01 -4.573177397251129150e-01 6.465594172477722168e-01 -2.632775008678436279e-01 -3.270763158798217773e-01 7.865146398544311523e-01 2.843502759933471680e-01 -5.030449628829956055e-01 -6.933555006980895996e-01 -3.761788606643676758e-01 -4.473081231117248535e-01 5.601821541786193848e-01 -1.702612042427062988e-01 -4.469780623912811279e-01 1.880143284797668457e-01 8.209737539291381836e-01 3.008241951465606689e-01 4.933170974254608154e-02 -6.797626018524169922e-01 -3.219209313392639160e-01 -1.386685371398925781e-01 5.430002212524414062e-01 -5.833675861358642578e-01 -4.108017385005950928e-01 5.225371122360229492e-01 5.898066163063049316e-01 -5.525063872337341309e-01 -5.210822820663452148e-02 2.157494127750396729e-01 3.413663506507873535e-01 -8.890483528375625610e-02 4.276025295257568359e-01 -1.146163940429687500e-01 -6.259117722511291504e-01 6.218348741531372070e-01 -7.108315229415893555e-01 3.557478263974189758e-02 3.603621125221252441e-01 2.965772151947021484e-01
3.605142831802368164e-01 6.106373071670532227e-01 6.604360342025756836e-01 6.028765439987182617e-01 -4.797794520854949951e-01 -4.092094898223876953e-01 3.822793960571289062e-01 1.941561698913574219e-01 -6.948173642158508301e-01 -2.414188385009765625e-01 3.898534774780273438e-01 -3.618828356266021729e-01 -4.952749311923980713e-01 4.831174388527870178e-02 -2.446308284997940063e-01 8.342301845550537109e-02 -9.125598073005676270e-01 -6.201772764325141907e-02 -2.012616693973541260e-01 -3.780844062566757202e-02 1.622467756271362305e+00 3.004833161830902100e-01 -5.026693269610404968e-02 -2.505992054939270020e-01 5.145617127418518066e-01 -3.724585175514221191e-01 -6.203321814537048340e-01 4.708025157451629639e-01 -7.189139723777770996e-01 1.718223690986633301e-01 2.054156810045242310e-01 1.523165311664342880e-02 -5.571069717407226562e-01 -5.941355228424072266e-01 -2.160527855157852173e-01 -2.924032509326934814e-01 1.275185048580169678e-01 -7.208765745162963867e-01 2.570929229259490967e-01 -5.141342282295227051e-01 6.638103127479553223e-01 5.096722245216369629e-01 -9.425553083419799805e-01 2.331123799085617065e-01 5.732849836349487305e-01 -5.003679990768432617e-01 4.194218516349792480e-01 -6.623700261116027832e-01 -1.016967773437500000e+00 6.010816097259521484e-01 6.313873529434204102e-01 -3.870667219161987305e-01 -4.307752102613449097e-02 -5.255353450775146484e-01 5.160732269287109375e-01 -9.790095090866088867e-01 -8.617006987333297729e-02 1.685162335634231567e-01 -3.716267645359039307e-01 6.162459775805473328e-02 -2.143708914518356323e-01 -2.428082972764968872e-01 6.174474358558654785e-01 -6.950250267982482910e-01
5.041590332984924316e-01 -5.775948166847229004e-01 8.233521580696105957e-01 -2.961289584636688232e-01 2.822245359420776367e-01 5.132834315299987793e-01 3.109930157661437988e-01 -1.430303305387496948e-01 -2.805596292018890381e-01 -6.647180914878845215e-01 -2.558035962283611298e-02 -3.683593869209289551e-02 -2.581526637077331543e-01 -4.117325246334075928e-01 -6.670471429824829102e-01 2.903782129287719727e-01 -3.673098981380462646e-01 4.491881728172302246e-01 -5.245561525225639343e-02 6.990144252777099609e-01 4.055180549621582031e-01 8.797203898429870605e-01 6.411340832710266113e-02 -9.955388307571411133e-01 1.596945077180862427e-01 2.377048581838607788e-01 -7.535814493894577026e-02 -2.618726193904876709e-01 3.291090726852416992e-01 -7.254347205162048340e-01 -3.429565727710723877e-01 1.225169003009796143e-01 -2.038956433534622192e-01 -1.445696353912353516e-01 -4.168581962585449219e-01 -3.788726031780242920e-01 -3.296481072902679443e-01 4.137113690376281738e-01 -6.265091150999069214e-02 -5.375124812126159668e-01 -2.437215745449066162e-01 2.191541194915771484e-01 -2.104406058788299561e-01 1.480281054973602295e-01 4.865093827247619629e-01 -1.404450684785842896e-01 3.074702024459838867e-01 6.113920360803604126e-02 -2.826136648654937744e-01 1.271751970052719116e-01 -1.876642107963562012e-01 -5.080688595771789551e-01 -5.313385725021362305e-01 2.359214425086975098e-01 -5.081698894500732422e-01 -4.594096541404724121e-02 1.651896983385086060e-01 1.959805488586425781e-01 -3.842594623565673828e-01 2.673884034156799316e-01 3.348620608448982239e-02 4.784027338027954102e-01 2.909832596778869629e-01 2.021397091448307037e-02
8.209071755409240723e-01 -3.737170100212097168e-01 1.089285135269165039e+00 2.182982116937637329e-01 7.746075987815856934e-01 9.060361981391906738e-01 2.465278804302215576e-01 -2.982133626937866211e-02 -1.784163862466812134e-01 -2.732630968093872070e-01 -8.090770244598388672e-02 -4.695934802293777466e-02 -2.588488347828388214e-02 -1.899740844964981079e-01 -6.143901944160461426e-01 6.285731792449951172e-01 -4.140994846820831299e-01 1.130183339118957520e-01 -4.143101722002029419e-02 -3.100406611338257790e-03 2.859112322330474854e-01 5.256212353706359863e-01 2.991527915000915527e-01 -1.100940108299255371e+00 -7.597912549972534180e-01 -3.018759191036224365e-01 1.552157849073410034e-02 -2.184290736913681030e-01 6.747349351644515991e-02 -2.311230897903442383e-01 -5.185660123825073242e-01 7.691922038793563843e-02 2.028352767229080200e-01 5.231876969337463379e-01 -2.820478975772857666e-01 -5.962688010185956955e-03 -2.372656166553497314e-01 2.465683370828628540e-01 -2.760492265224456787e-01 2.120696604251861572e-01 -2.136556804180145264e-01 -4.865630567073822021e-01 -3.091558814048767090e-02 -1.878495812416076660e-01 4.580720663070678711e-01 -5.499302148818969727e-01 4.109646379947662354e-01 -1.823823153972625732e-01 -3.976763486862182617e-01 5.351099371910095215e-01 4.525546133518218994e-01 -7.614936828613281250e-01 5.160784721374511719e-02 2.311622053384780884e-01 -7.007641792297363281e-01 1.127920374274253845e-01 -3.648236691951751709e-01 -1.399302631616592407e-01 -5.372782945632934570e-01 -2.608602941036224365e-01 -3.528283238410949707e-01 4.160957336425781250e-01 2.115765511989593506e-01 1.858239024877548218e-01
3.178278207778930664e-01 3.634340763092041016e-01 1.035170912742614746e+00 6.259965896606445312e-01 7.359765172004699707e-01 -3.347080349922180176e-01 3.751589059829711914e-01 2.254605889320373535e-01 -9.855391979217529297e-01 1.153153702616691589e-01 1.559093594551086426e-01 -1.506896615028381348e+00 1.090336218476295471e-01 -7.941552400588989258e-01 -2.360174432396888733e-02 3.244760632514953613e-01 2.293619364500045776e-01 -4.082262888550758362e-02 1.233545780181884766e+00 4.516576230525970459e-01 4.536596834659576416e-01 4.456185698509216309e-01 7.072110474109649658e-02 1.960023790597915649e-01 1.544332504272460938e-01 -1.440059989690780640e-01 -2.508555054664611816e-01 5.312872529029846191e-01 -4.667940735816955566e-01 -9.743667393922805786e-02 6.872722506523132324e-01 -3.079495728015899658e-01 -4.726163744926452637e-01 1.091819405555725098e-01 1.419695317745208740e-01 -6.433050632476806641e-01 -4.257363267242908478e-03 -3.474628031253814697e-01 1.380466222763061523e-01 1.980880349874496460e-01 2.987420558929443359e-01 -2.796797454357147217e-01 1.834786087274551392e-01 4.296045899391174316e-01 -5.855160579085350037e-02 -3.133710622787475586e-01 1.758367568254470825e-01 -4.158382117748260498e-01 -4.256079196929931641e-01 3.898160159587860107e-01 4.681033194065093994e-01 -1.417758315801620483e-01 -4.598524868488311768e-01 1.409129351377487183e-01 2.465533465147018433e-01 -1.033816456794738770e+00 -1.615558415651321411e-01 2.011549621820449829e-01 -2.630192339420318604e-01 2.237109541893005371e-01 -4.075836241245269775e-01 5.232262015342712402e-01 4.001723825931549072e-01 5.538464188575744629e-01
6.574178934097290039e-01 6.417102217674255371e-01 4.793048799037933350e-01 8.412967920303344727e-01 -4.854015707969665527e-01 4.185023009777069092e-01 1.829889565706253052e-01 4.936555624008178711e-01 -4.318920150399208069e-02 2.183068692684173584e-01 -3.616085350513458252e-01 -7.566646337509155273e-01 -3.351113200187683105e-01 -3.333828449249267578e-01 8.991217613220214844e-02 -9.002591669559478760e-02 -7.023068070411682129e-01 4.215069711208343506e-01 7.506476640701293945e-01 4.794173836708068848e-01 1.163635373115539551e+00 1.211559772491455078e-01 1.571986973285675049e-01 3.774878680706024170e-01 2.606271803379058838e-01 -2.929177880287170410e-01 -2.797951102256774902e-01 5.829135775566101074e-01 -8.174530416727066040e-02 -7.594649791717529297e-01 5.843045115470886230e-01 8.521885424852371216e-02 3.012363910675048828e-01 8.276669308543205261e-03 -3.142169117927551270e-01 -1.800279319286346436e-01 -5.779791474342346191e-01 2.984442412853240967e-01 -2.010138183832168579e-01 -1.955919265747070312e-01 5.785267353057861328e-01 5.618669986724853516e-01 -2.579148709774017334e-01 -2.918203175067901611e-01 7.307608425617218018e-02 -2.776032686233520508e-01 2.790911123156547546e-02 -2.765670716762542725e-01 -4.267958700656890869e-01 2.284152954816818237e-01 6.116703152656555176e-01 -2.348632216453552246e-01 2.938740253448486328e-01 3.490108549594879150e-01 3.752647340297698975e-01 -6.991791129112243652e-01 -2.282853424549102783e-01 -1.123775988817214966e-01 -5.994741916656494141e-01 7.092707157135009766e-01 -4.089357554912567139e-01 1.807563751935958862e-01 7.078664898872375488e-01 1.130087018013000488e+00
7.454563975334167480e-01 -6.073737144470214844e-01 8.920076489448547363e-01 2.247696556150913239e-02 2.421750575304031372e-01 1.225468873977661133e+00 -4.277739226818084717e-01 7.190912961959838867e-01 -2.809833288192749023e-01 -6.996930390596389771e-02 -1.888877898454666138e-01 -5.747611522674560547e-01 -1.225009262561798096e-01 -2.970531880855560303e-01 -4.031281173229217529e-01 9.013672173023223877e-02 -5.611115097999572754e-01 -5.570179820060729980e-01 -1.202604323625564575e-01 9.349780529737472534e-02 4.574421644210815430e-01 1.422798633575439453e-01 9.038286209106445312e-01 -5.954087972640991211e-01 -2.560184895992279053e-01 2.379953414201736450e-01 -2.178254276514053345e-01 -2.770119011402130127e-01 -5.237864851951599121e-01 -2.386417239904403687e-01 -1.242143213748931885e-01 1.571269780397415161e-01 1.614814847707748413e-01 1.803570538759231567e-01 -1.953191310167312622e-01 -4.688574373722076416e-01 6.134490370750427246e-01 -1.368836015462875366e-01 4.072773158550262451e-01 5.732753872871398926e-01 1.025494337081909180e+00 -1.333231180906295776e-01 -2.333414852619171143e-01 2.048057019710540771e-01 5.607293248176574707e-01 -1.815068423748016357e-01 1.126891002058982849e-01 -6.923850178718566895e-01 -9.441745281219482422e-01 2.570204436779022217e-01 -8.698295801877975464e-02 -8.766695261001586914e-01 1.711336970329284668e-01 -1.078985556960105896e-01 -4.657637476921081543e-01 -1.017303690314292908e-01 -1.153372228145599365e-01 -2.151948660612106323e-01 -2.174229025840759277e-01 -5.831980705261230469e-02 -2.641253173351287842e-01 1.066163852810859680e-01 4.282297194004058838e-01 -1.013058274984359741e-01
3.537563681602478027e-01 8.228483796119689941e-02 4.663633182644844055e-02 6.015019118785858154e-02 -8.293118327856063843e-02 3.071903018280863762e-03 2.910983264446258545e-01 -4.880710244178771973e-01 -2.739811837673187256e-01 -5.622342824935913086e-01 7.401557266712188721e-02 -4.193615317344665527e-01 -2.945756018161773682e-01 5.561892390251159668e-01 -6.789895892143249512e-02 6.480388045310974121e-01 -3.981849849224090576e-01 -4.068870246410369873e-01 4.201716482639312744e-01 3.461415469646453857e-01 5.159049630165100098e-01 6.135305762290954590e-01 -3.501427471637725830e-01 -9.764009118080139160e-01 -9.263347089290618896e-02 -2.964669764041900635e-01 -1.322807818651199341e-01 -1.577902138233184814e-01 6.777188181877136230e-02 -5.975810289382934570e-01 3.834503591060638428e-01 2.368062436580657959e-01 -3.154375404119491577e-02 -6.633350253105163574e-02 -9.913254380226135254e-01 2.384226620197296143e-01 9.685789942741394043e-01 8.366356045007705688e-02 5.750706195831298828e-01 4.362492859363555908e-01 6.826040893793106079e-02 -4.168258309364318848e-01 4.635286033153533936e-01 -1.557982414960861206e-01 1.028407692909240723e+00 4.766618311405181885e-01 -4.044153094291687012e-01 -3.870172202587127686e-01 -1.521936058998107910e-01 5.699625015258789062e-01 -3.200960159301757812e-01 1.393186599016189575e-01 2.268241643905639648e-01 -1.772067546844482422e-01 3.990663960576057434e-02 -5.529096722602844238e-01 -6.395528912544250488e-01 4.442610591650009155e-02 -7.448130846023559570e-01 3.510157763957977295e-01 3.659263849258422852e-01 -8.353248238563537598e-02 -5.128872394561767578e-01 1.842540055513381958e-01
4.588712751865386963e-01 -6.650520563125610352e-01 -7.348465174436569214e-02 3.882944583892822266e-01 3.585110902786254883e-01 -5.481930077075958252e-02 -4.797825515270233154e-01 1.892342716455459595e-01 -6.172790527343750000e-01 3.179543614387512207e-01 1.014645118266344070e-02 -6.061767935752868652e-01 1.952808946371078491e-01 -2.960119545459747314e-01 -1.870437711477279663e-01 4.748416543006896973e-01 -7.519457340240478516e-01 -3.433986902236938477e-01 2.108287215232849121e-01 -2.264765799045562744e-01 6.461536288261413574e-01 5.694037079811096191e-01 3.687165677547454834e-01 -3.729788661003112793e-01 -2.444416284561157227e-01 1.282163802534341812e-02 6.044963747262954712e-02 -6.813137531280517578e-01 -3.582313656806945801e-01 -3.618974387645721436e-01 -2.272312492132186890e-01 -3.748963475227355957e-01 4.275958836078643799e-01 3.403000235557556152e-01 -6.424694657325744629e-01 -7.424444705247879028e-02 2.091870605945587158e-01 4.570797979831695557e-01 -8.762945979833602905e-02 1.513764411211013794e-01 -1.125132665038108826e-01 -1.280573159456253052e-01 -1.195950806140899658e-01 3.798887729644775391e-01 -2.130385786294937134e-01 -3.567243516445159912e-01 -3.038298189640045166e-01 -6.049387454986572266e-01 -1.189230531454086304e-01 6.882671713829040527e-01 -4.195622503757476807e-01 -6.602367758750915527e-01 3.207491636276245117e-01 -2.028131484985351562e-02 -3.568035960197448730e-01 -2.155489474534988403e-01 -2.172747254371643066e-01 -1.035926714539527893e-01 -4.442527294158935547e-01 -1.509518027305603027e-01 -6.189096570014953613e-01 1.359113007783889771e-01 5.737600922584533691e-01 -5.520070791244506836e-01
7.556278109550476074e-01 -2.834592461585998535e-01 1.038893938064575195e+00 2.084738165140151978e-01 1.569785028696060181e-01 1.093632936477661133e+00 -4.625015258789062500e-01 1.721894145011901855e-01 -1.888369470834732056e-01 -3.024391271173954010e-02 -2.118801623582839966e-01 -4.214064478874206543e-01 -5.494391545653343201e-02 -5.097658038139343262e-01 -5.333192944526672363e-01 2.191924601793289185e-01 -6.329970955848693848e-01 -3.316555619239807129e-01 -2.964177131652832031e-01 1.060883551836013794e-01 1.913292855024337769e-01 5.272853747010231018e-02 9.839723110198974609e-01 -6.751179695129394531e-01 -4.595799744129180908e-01 1.956647634506225586e-01 -2.719093263149261475e-01 -3.308341801166534424e-01 -4.284683167934417725e-01 -5.188133716583251953e-01 -1.976402699947357178e-01 -1.095765009522438049e-01 2.060084193944931030e-01 7.538463175296783447e-02 -4.599522426724433899e-02 -3.836351335048675537e-01 7.073231935501098633e-01 7.451291382312774658e-02 2.500146031379699707e-01 5.979095697402954102e-01 9.881643652915954590e-01 5.448398366570472717e-02 -3.228714466094970703e-01 1.413675248622894287e-01 2.932945489883422852e-01 -2.439391016960144043e-01 8.429771289229393005e-03 -7.438055276870727539e-01 -9.748166799545288086e-01 5.096206665039062500e-01 9.658102691173553467e-02 -7.147827148437500000e-01 -5.139418691396713257e-02 -2.997983060777187347e-02 -3.654408454895019531e-01 -2.029048949480056763e-01 2.473813295364379883e-02 1.160834915935993195e-02 -5.710570514202117920e-02 -1.913289874792098999e-01 -2.483080774545669556e-01 8.832785487174987793e-02 4.230829179286956787e-01 -9.606044739484786987e-02
3.448747396469116211e-01 5.114569067955017090e-01 3.690735995769500732e-01 -1.350477933883666992e-01 -5.291506648063659668e-01 -3.920028805732727051e-01 -9.093047678470611572e-02 -8.204886317253112793e-01 -4.000961482524871826e-01 1.209844574332237244e-01 5.165224671363830566e-01 -1.437216699123382568e-01 -5.042229294776916504e-01 3.621613606810569763e-02 -1.576229371130466461e-02 1.429413706064224243e-01 -2.956168949604034424e-01 -1.074756756424903870e-01 6.987080723047256470e-02 1.411673426628112793e-01 5.531826615333557129e-01 2.613307833671569824e-01 -3.301891386508941650e-01 -4.425815045833587646e-01 -1.197575032711029053e-02 7.953176647424697876e-02 -3.764370977878570557e-01 -4.333633929491043091e-02 -5.215204358100891113e-01 2.090452015399932861e-01 5.415720343589782715e-01 -2.733840346336364746e-01 -3.668620586395263672e-01 1.192130055278539658e-02 -3.135912120342254639e-01 1.925126016139984131e-01 4.493292570114135742e-01 2.639386802911758423e-02 1.247827932238578796e-01 -3.021112084388732910e-01 5.893965959548950195e-01 1.566031724214553833e-01 -3.107852637767791748e-01 -4.750920236110687256e-01 7.954766750335693359e-01 -6.000336259603500366e-02 4.679237604141235352e-01 -1.078100085258483887e+00 -1.881480067968368530e-01 1.061176538467407227e+00 -6.181682273745536804e-02 -1.619331836700439453e-01 2.417965084314346313e-01 -2.958686649799346924e-01 2.488306611776351929e-01 -5.405002236366271973e-01 -2.200914472341537476e-01 5.223862528800964355e-01 -8.164989352226257324e-01 2.067919224500656128e-01 -9.335415363311767578e-01 -2.245894670486450195e-01 6.278184056282043457e-01 -7.346002459526062012e-01
2.578731477260589600e-01 -5.479973554611206055e-02 7.601839900016784668e-01 4.097729921340942383e-01 1.980543136596679688e-01 1.924096606671810150e-02 3.457166254520416260e-01 3.274941071867942810e-02 -4.261519014835357666e-01 2.640151381492614746e-01 1.169026419520378113e-01 -1.129038333892822266e+00 -2.386678382754325867e-02 -2.997330576181411743e-02 2.333270162343978882e-01 4.575828909873962402e-01 1.443846803158521652e-02 -5.463554263114929199e-01 9.349773526191711426e-01 -4.189324378967285156e-02 1.004867032170295715e-01 8.186196088790893555e-01 4.013922512531280518e-01 4.987171292304992676e-01 -1.259645670652389526e-01 -4.500533640384674072e-01 -3.426889777183532715e-01 3.384530842304229736e-01 -5.084401965141296387e-01 -5.730658173561096191e-01 1.030953764915466309e+00 3.509199246764183044e-02 -6.832719445228576660e-01 -3.926327526569366455e-01 -9.088012389838695526e-03 -2.196553349494934082e-01 3.018599152565002441e-01 -6.731690466403961182e-02 -2.512433230876922607e-01 4.189041554927825928e-01 8.861299157142639160e-01 5.479478240013122559e-01 -2.088163793087005615e-01 -9.505770355463027954e-02 -2.066450715065002441e-01 -4.459965527057647705e-01 1.939405649900436401e-01 -3.564558029174804688e-01 -1.740300804376602173e-01 7.113978266716003418e-01 7.100197672843933105e-01 -2.553678750991821289e-01 -9.566992521286010742e-02 7.722980529069900513e-02 -1.976317465305328369e-01 -7.625757455825805664e-01 2.222614735364913940e-01 5.354925394058227539e-01 -8.370467424392700195e-01 3.052835464477539062e-01 -3.582351207733154297e-01 -7.139148656278848648e-03 2.080439329147338867e-01 3.203230798244476318e-01
2.457925826311111450e-01 7.722159624099731445e-01 1.081562876701354980e+00 4.011405706405639648e-01 -5.596917271614074707e-01 -1.888718828558921814e-02 6.960765719413757324e-01 6.799547672271728516e-01 -6.866065859794616699e-01 4.429176077246665955e-02 3.249494731426239014e-01 -7.770917415618896484e-01 -6.535734534263610840e-01 3.031485974788665771e-01 -3.629825115203857422e-01 4.122725427150726318e-01 -4.098858535289764404e-01 1.370252817869186401e-01 3.537741601467132568e-01 -1.361396396532654762e-03 1.004665851593017578e+00 4.175614118576049805e-01 3.798735141754150391e-01 -9.224909543991088867e-02 2.303534597158432007e-01 -6.224809288978576660e-01 -3.037922978401184082e-01 6.886234283447265625e-01 -2.074506133794784546e-01 -5.752215981483459473e-01 1.245360374450683594e-01 -1.260685771703720093e-01 4.109151363372802734e-01 -6.315364837646484375e-01 -1.855570971965789795e-01 -1.829238682985305786e-01 2.254736721515655518e-01 -3.292565345764160156e-01 1.685867607593536377e-01 -9.443452954292297363e-02 3.039317429065704346e-01 3.265804648399353027e-01 -5.479578971862792969e-01 1.543519645929336548e-01 -3.078128211200237274e-02 -4.408880770206451416e-01 2.857196331024169922e-01 -4.564607143402099609e-01 -2.975737154483795166e-01 4.488438665866851807e-01 4.852928519248962402e-01 1.249830275774002075e-01 -3.967712447047233582e-02 -1.635415554046630859e-01 6.234256625175476074e-01 -4.755762815475463867e-01 1.499576568603515625e-01 -5.852939486503601074e-01 -1.854085028171539307e-01 4.317612051963806152e-01 -2.826411426067352295e-01 1.851336956024169922e-01 2.260557264089584351e-01 2.564743347465991974e-02
4.442533850669860840e-01 4.221073687076568604e-01 4.872155487537384033e-01 2.716709077358245850e-01 -5.555693507194519043e-01 -3.826064169406890869e-01 3.189645409584045410e-01 4.718070328235626221e-01 -8.899240195751190186e-02 -1.201167255640029907e-01 1.738338321447372437e-01 -2.808186709880828857e-01 -4.244259297847747803e-01 -4.067611992359161377e-01 -3.784599900245666504e-01 8.843227475881576538e-02 -4.473837614059448242e-01 1.245974525809288025e-01 -4.101294279098510742e-02 -5.250803828239440918e-01 1.368560671806335449e+00 2.821228504180908203e-01 -1.096938773989677429e-01 -5.118857622146606445e-01 6.099124550819396973e-01 -2.934846580028533936e-01 -8.185057640075683594e-01 -1.563718616962432861e-01 -2.656240165233612061e-01 4.174993634223937988e-01 -2.971944957971572876e-02 9.630651772022247314e-02 -3.354144096374511719e-01 -7.621954381465911865e-02 -4.191430509090423584e-01 -5.239295363426208496e-01 1.529480069875717163e-01 -7.772523760795593262e-01 5.912781879305839539e-02 -8.329595327377319336e-01 9.789067506790161133e-01 9.983861446380615234e-02 -1.533980131149291992e+00 8.586375415325164795e-02 5.886631608009338379e-01 -1.362223178148269653e-01 4.020399749279022217e-01 -8.825156688690185547e-01 -6.057218909263610840e-01 7.360628843307495117e-01 4.405939579010009766e-01 -4.684574306011199951e-01 -1.859310567378997803e-01 -7.729683518409729004e-01 9.249673783779144287e-02 -1.000909805297851562e+00 -2.086080908775329590e-01 -5.724872946739196777e-01 -3.497062027454376221e-01 2.685272395610809326e-01 1.790888756513595581e-01 -7.348728924989700317e-02 3.754340112209320068e-01 -7.328622937202453613e-01
3.100484982132911682e-02 1.239790916442871094e-01 4.714358448982238770e-01 4.394331276416778564e-01 -2.847824990749359131e-01 -1.523997448384761810e-02 1.790176182985305786e-01 -4.209327101707458496e-01 -5.620005726814270020e-01 -2.486982345581054688e-01 7.088358998298645020e-01 -4.388347268104553223e-01 -1.049762845039367676e+00 -1.923823356628417969e-01 -4.214616715908050537e-01 -4.280487075448036194e-02 -4.489503800868988037e-02 -1.314094662666320801e-01 2.253991663455963135e-01 2.861962020397186279e-01 5.377330780029296875e-01 2.368376404047012329e-01 8.900347352027893066e-02 -9.381973147392272949e-01 5.647319555282592773e-01 6.526497006416320801e-01 -2.177561968564987183e-01 -4.656220600008964539e-02 1.136057004332542419e-01 3.729271590709686279e-01 -2.253176271915435791e-01 -1.682774424552917480e-01 -1.337302774190902710e-01 2.057347148656845093e-01 -2.283689826726913452e-01 -1.161440253257751465e+00 4.750242829322814941e-02 -4.371576905250549316e-01 2.988191843032836914e-01 -4.614442288875579834e-01 -3.559734523296356201e-01 -8.043591864407062531e-03 2.501862645149230957e-01 -2.503060400485992432e-01 2.176869511604309082e-01 -3.614280223846435547e-01 -1.705785244703292847e-01 -5.439835786819458008e-01 4.589835405349731445e-01 2.714985609054565430e-01 4.809598326683044434e-01 -1.019958615303039551e+00 1.075629472732543945e+00 2.825506031513214111e-01 3.742761611938476562e-01 5.771274566650390625e-01 -2.324452996253967285e-01 7.037729620933532715e-01 -1.160442829132080078e+00 2.188840061426162720e-01 -5.502214431762695312e-01 1.254676729440689087e-01 -4.513147287070751190e-03 4.406084716320037842e-01
2.396638393402099609e-01 -1.669292449951171875e-01 -3.166823089122772217e-01 8.223076164722442627e-02 3.406027853488922119e-01 -1.957750320434570312e-01 -4.150853455066680908e-01 -3.115370571613311768e-01 -2.244731336832046509e-01 -5.424189195036888123e-02 4.254739880561828613e-01 -9.607405215501785278e-02 5.377546697854995728e-02 -7.488431930541992188e-01 -5.556573271751403809e-01 6.933675706386566162e-02 -2.673801220953464508e-02 -4.636482894420623779e-01 3.448180481791496277e-02 -2.100435495376586914e-01 1.207116603851318359e+00 1.220064461231231689e-01 -2.196150571107864380e-01 -9.548470377922058105e-01 3.817479684948921204e-02 -6.968147307634353638e-02 -4.381876811385154724e-02 -4.518118202686309814e-01 4.794877469539642334e-01 -3.395077586174011230e-01 2.412513270974159241e-02 -3.834070861339569092e-01 -3.881230652332305908e-01 1.246640458703041077e-01 -3.614782691001892090e-01 -4.257867336273193359e-01 4.878692924976348877e-01 -1.088674813508987427e-01 -5.271258205175399780e-02 -3.230169415473937988e-01 3.944617509841918945e-01 -1.755491793155670166e-01 -5.486841201782226562e-01 -8.010503649711608887e-02 5.358924269676208496e-01 -4.684410989284515381e-01 -1.642475463449954987e-02 -3.908555507659912109e-01 -1.297626644372940063e-02 4.671666026115417480e-01 5.561648607254028320e-01 5.935000181198120117e-01 6.000134348869323730e-01 -1.081475615501403809e-01 -4.030099511146545410e-01 -1.509911268949508667e-01 3.167600836604833603e-03 2.055548876523971558e-01 -1.003176689147949219e+00 7.985561490058898926e-01 -8.987010717391967773e-01 -1.941526234149932861e-01 4.902695715427398682e-01 -4.972544610500335693e-01
2.918725907802581787e-01 -3.699410855770111084e-01 3.166181147098541260e-01 -1.647634506225585938e-01 2.068874835968017578e-01 2.936791479587554932e-01 -5.783203244209289551e-01 2.950718104839324951e-01 4.665880799293518066e-01 -6.292138695716857910e-01 6.771773099899291992e-01 2.246644645929336548e-01 -4.791557490825653076e-01 -1.245670914649963379e-01 -2.302841097116470337e-01 1.053411245346069336e+00 -3.596082329750061035e-01 8.626522868871688843e-02 -2.594727873802185059e-01 1.975623220205307007e-01 1.004608511924743652e+00 3.354016542434692383e-01 -5.416332483291625977e-01 -5.659461021423339844e-01 -4.771046936511993408e-01 3.966757357120513916e-01 -2.946473062038421631e-01 -4.409735798835754395e-01 -4.823573864996433258e-03 7.974834740161895752e-02 -2.017924487590789795e-01 2.194284461438655853e-02 -6.632035970687866211e-01 1.795781552791595459e-01 1.240093037486076355e-01 -3.235307931900024414e-01 5.784090161323547363e-01 -5.773198604583740234e-01 5.013667941093444824e-01 -3.635015189647674561e-01 3.652539253234863281e-01 3.856946527957916260e-02 -5.676757097244262695e-01 -4.387281537055969238e-01 9.965535402297973633e-01 -3.209846913814544678e-01 -1.198042035102844238e-01 -4.575550258159637451e-01 -4.259851276874542236e-01 2.699509263038635254e-01 3.306053346022963524e-03 4.548463523387908936e-01 -7.047547399997711182e-02 -2.377411425113677979e-01 -5.382296442985534668e-01 -2.481687664985656738e-01 4.584443271160125732e-01 8.629385232925415039e-01 -5.795857310295104980e-01 4.052225649356842041e-01 -8.583018183708190918e-01 8.019366860389709473e-01 1.020511984825134277e+00 2.735878229141235352e-01
3.853912353515625000e-01 -7.759258151054382324e-01 1.559717059135437012e-01 3.760780766606330872e-02 -2.094725370407104492e-01 -7.473298907279968262e-02 7.654738426208496094e-02 -4.895948469638824463e-01 -3.352029919624328613e-01 -3.555049002170562744e-01 -2.321116626262664795e-01 -3.874256610870361328e-01 -4.361164569854736328e-01 4.001794382929801941e-02 -3.631167113780975342e-01 7.361907362937927246e-01 -9.723124504089355469e-01 -3.311139941215515137e-01 2.993808500468730927e-02 8.452865481376647949e-01 5.876159071922302246e-01 8.272837996482849121e-01 -9.585186094045639038e-02 -6.588456630706787109e-01 1.231865659356117249e-01 5.246498584747314453e-01 -1.988710612058639526e-01 -9.220397472381591797e-01 3.410659730434417725e-01 -7.473863363265991211e-01 -5.005025267601013184e-01 3.429529368877410889e-01 -6.345812678337097168e-01 2.327568233013153076e-01 -9.735009074211120605e-01 -1.662769019603729248e-01 -2.875283360481262207e-01 3.984969258308410645e-01 -4.834473133087158203e-02 2.695874683558940887e-02 -7.114996314048767090e-01 -3.743411228060722351e-02 1.150486096739768982e-01 4.419546574354171753e-03 -4.037325829267501831e-02 -1.537419557571411133e-01 5.443989634513854980e-01 -6.506534814834594727e-01 1.143037993460893631e-02 3.602161109447479248e-01 -2.437036335468292236e-01 -5.191643238067626953e-01 -5.179819464683532715e-01 1.837559044361114502e-02 2.861351072788238525e-01 -8.234614133834838867e-02 2.227212190628051758e-01 -3.912102580070495605e-01 -2.546493113040924072e-01 2.829424440860748291e-01 -4.323155283927917480e-01 2.906474173069000244e-01 3.805634379386901855e-01 -3.043200373649597168e-01
2.750589847564697266e-01 7.478063106536865234e-01 1.114892482757568359e+00 6.471590697765350342e-02 2.044357508420944214e-01 -2.187922745943069458e-01 -4.131530225276947021e-01 6.863673925399780273e-01 -4.184200763702392578e-01 -9.680690616369247437e-02 -4.687376320362091064e-01 -9.717403650283813477e-01 -7.871742844581604004e-01 6.644753217697143555e-01 8.940373361110687256e-02 -6.163662672042846680e-01 -1.483591079711914062e+00 2.642684988677501678e-02 7.759072780609130859e-01 -4.106952846050262451e-01 1.468844890594482422e+00 -1.487500667572021484e-01 -2.672317437827587128e-02 -7.198039889335632324e-01 -6.848937869071960449e-01 2.894862741231918335e-02 3.884955644607543945e-01 4.748204350471496582e-01 6.930128484964370728e-02 9.504621475934982300e-02 -2.133585698902606964e-02 -2.780177295207977295e-01 -2.636158764362335205e-01 2.520533204078674316e-01 5.383029580116271973e-02 -4.967882335186004639e-01 1.422044783830642700e-01 9.335728287696838379e-01 2.336338758468627930e-01 3.781520947813987732e-02 3.893534839153289795e-02 6.603299379348754883e-01 -3.363552093505859375e-01 3.371739387512207031e-01 2.851697504520416260e-01 6.455138921737670898e-01 7.213891744613647461e-01 -1.396615028381347656e+00 -1.363184601068496704e-01 3.322477340698242188e-01 -1.681624725461006165e-02 -4.543226063251495361e-01 -3.690348193049430847e-02 6.251731514930725098e-01 7.346375584602355957e-01 5.715026259422302246e-01 -4.822719097137451172e-01 7.131842374801635742e-01 -1.105731248855590820e+00 3.140535354614257812e-01 -5.338898301124572754e-01 8.662175536155700684e-01 9.141933917999267578e-01 4.275443553924560547e-01
-3.397360444068908691e-02 -1.912800222635269165e-01 4.132538568228483200e-03 -2.769514024257659912e-01 1.387832760810852051e-01 1.163181588053703308e-01 -6.176864504814147949e-01 2.907062135636806488e-02 2.215003669261932373e-01 -3.650685250759124756e-01 4.991869330406188965e-01 8.652317337691783905e-03 -2.396393120288848877e-01 -2.851088345050811768e-01 -1.935133486986160278e-01 7.196946144104003906e-01 2.889080904424190521e-02 -2.371687591075897217e-01 -3.204040229320526123e-01 -3.183338344097137451e-01 8.411512970924377441e-01 1.454015821218490601e-01 -5.246345996856689453e-01 -1.140497684478759766e+00 -2.982734143733978271e-01 2.559120655059814453e-01 4.737298190593719482e-02 -1.260049194097518921e-01 2.182102799415588379e-01 -4.479506909847259521e-01 -1.314370334148406982e-01 1.316533386707305908e-01 -2.884455025196075439e-01 3.070428967475891113e-01 -1.551159918308258057e-01 -5.633365511894226074e-01 3.446516096591949463e-01 -5.611519813537597656e-01 5.152784585952758789e-01 -2.767845690250396729e-01 2.833472490310668945e-01 -2.572539150714874268e-01 -4.007495045661926270e-01 -1.509921401739120483e-01 9.121215343475341797e-01 -4.487649500370025635e-01 1.736312061548233032e-01 -3.161040842533111572e-01 -1.514758169651031494e-01 4.663610160350799561e-01 4.375478625297546387e-01 6.317924857139587402e-01 3.453216552734375000e-01 -2.903346419334411621e-01 -4.743848741054534912e-01 -6.260471940040588379e-01 1.059261485934257507e-01 4.056976437568664551e-01 -1.006277441978454590e+00 2.906500399112701416e-01 -1.023749828338623047e+00 6.302576512098312378e-02 7.851085066795349121e-01 -1.510107666254043579e-01
-1.947123259305953979e-01 -2.312805354595184326e-01 5.480664372444152832e-01 5.871009826660156250e-01 -4.615958631038665771e-01 -3.998960554599761963e-01 3.140273094177246094e-01 4.892173111438751221e-01 -8.522601127624511719e-01 -2.020491212606430054e-01 -9.862066805362701416e-02 -4.126940667629241943e-01 -1.016110420227050781e+00 -5.221254229545593262e-01 -5.021765232086181641e-01 -1.027175709605216980e-01 -1.393497228622436523e+00 -9.013787508010864258e-01 1.824180841445922852e+00 1.534408330917358398e+00 7.042420506477355957e-01 8.020499348640441895e-02 -2.283456549048423767e-02 -1.242375731468200684e+00 4.104199707508087158e-01 1.446754485368728638e-01 -5.194599628448486328e-01 -4.973213076591491699e-01 -3.014928996562957764e-01 -4.353055655956268311e-01 -3.107157051563262939e-01 2.661031903699040413e-03 4.195770621299743652e-01 2.892937660217285156e-01 7.128936052322387695e-01 -1.320231199264526367e+00 3.386458754539489746e-01 -3.205109238624572754e-01 -2.576687335968017578e-01 -6.411236524581909180e-01 4.646262526512145996e-01 1.635979562997817993e-01 -6.031562089920043945e-01 1.309568881988525391e-01 9.851269721984863281e-01 1.236221790313720703e-01 5.033376216888427734e-01 -7.130630612373352051e-01 -3.051087260246276855e-01 5.304869413375854492e-01 2.743748426437377930e-01 -1.004784703254699707e-01 -2.779779732227325439e-01 -1.074752584099769592e-01 5.847167372703552246e-01 1.598354279994964600e-01 3.277252316474914551e-01 -1.140882223844528198e-01 -1.983399987220764160e-01 7.083471417427062988e-01 -5.440931320190429688e-01 3.478258103132247925e-02 1.221763968467712402e+00 6.179136037826538086e-01
6.881645321846008301e-01 -2.224634140729904175e-01 7.966112494468688965e-01 9.839855432510375977e-01 8.868636190891265869e-02 5.509211421012878418e-01 -5.294715762138366699e-01 -2.275331169366836548e-01 -4.952382296323776245e-02 -8.757726550102233887e-01 -4.908503592014312744e-01 4.906944558024406433e-02 6.097428128123283386e-02 -3.197947442531585693e-01 -2.044928818941116333e-01 6.292812824249267578e-01 -9.403752535581588745e-02 1.437796652317047119e-01 -1.627432852983474731e-01 1.552959978580474854e-01 -2.027194201946258545e-01 6.699810624122619629e-01 -8.963994681835174561e-02 -6.069014668464660645e-01 2.267253845930099487e-01 -4.657250642776489258e-02 -4.498996734619140625e-01 5.736638903617858887e-01 6.826674938201904297e-02 -9.130197018384933472e-02 1.851328611373901367e-01 4.188496172428131104e-01 -5.979821830987930298e-02 -6.724491715431213379e-01 -3.096837997436523438e-01 -3.650315403938293457e-01 2.110137790441513062e-01 1.307825148105621338e-01 2.602426111698150635e-01 4.238830506801605225e-01 4.917138218879699707e-01 -4.270456265658140182e-04 8.189430832862854004e-02 -2.928097844123840332e-01 5.953294634819030762e-01 -1.031891703605651855e-01 4.357249736785888672e-01 -4.745630621910095215e-01 -2.375508099794387817e-01 9.395514428615570068e-02 7.891106605529785156e-01 -6.427293419837951660e-01 -2.894328832626342773e-01 -3.540199398994445801e-01 -4.898673892021179199e-01 2.135385386645793915e-02 3.968874514102935791e-01 2.221144884824752808e-01 -1.323604226112365723e+00 4.589066207408905029e-01 -7.002624124288558960e-02 9.587964415550231934e-02 3.398388922214508057e-01 3.369300663471221924e-01
5.831032395362854004e-01 -7.314466238021850586e-01 7.931451797485351562e-01 1.686379462480545044e-01 2.448130995035171509e-01 1.136999726295471191e+00 -2.596756219863891602e-01 4.566517770290374756e-01 -2.118499875068664551e-01 -4.135018214583396912e-02 -2.476944029331207275e-01 -6.124323010444641113e-01 -4.010709375143051147e-02 -5.845313072204589844e-01 -5.861904621124267578e-01 9.762647747993469238e-02 -7.500261664390563965e-01 -2.688628137111663818e-01 -3.614883124828338623e-01 2.415246963500976562e-01 3.619959354400634766e-01 2.935421168804168701e-01 1.120311498641967773e+00 -5.508893728256225586e-01 -3.585465550422668457e-01 2.215298712253570557e-01 -2.515648603439331055e-01 -3.097513318061828613e-01 -5.248357653617858887e-01 -3.995962738990783691e-01 -1.622213423252105713e-01 -6.702712271362543106e-03 1.204835548996925354e-01 2.033028602600097656e-01 -1.001199930906295776e-01 -3.506327867507934570e-01 7.718229889869689941e-01 -2.689364254474639893e-01 2.990927994251251221e-01 5.123295783996582031e-01 1.119017720222473145e+00 -1.481271684169769287e-01 -1.354567855596542358e-01 1.513906270265579224e-01 5.269432663917541504e-01 -1.486540287733078003e-01 -7.086768746376037598e-02 -6.536706686019897461e-01 -1.063925623893737793e+00 2.832392454147338867e-01 1.157458275556564331e-01 -7.262089252471923828e-01 -3.648563520982861519e-03 9.821858257055282593e-04 -2.494473457336425781e-01 -7.660833001136779785e-02 -3.431940674781799316e-01 -1.047289073467254639e-01 -1.369912028312683105e-01 -3.056668676435947418e-03 -1.726024150848388672e-01 4.230679571628570557e-01 4.855425059795379639e-01 -2.177941985428333282e-02
-6.168663036078214645e-03 1.675160825252532959e-01 -3.725461959838867188e-01 -2.514331042766571045e-01 5.335626006126403809e-01 -1.198637709021568298e-01 -6.369678974151611328e-01 -1.792512685060501099e-01 -2.078981399536132812e-01 -2.588604688644409180e-01 6.842032670974731445e-01 -1.135455220937728882e-01 7.689138501882553101e-02 -9.829540252685546875e-01 -7.922065854072570801e-01 2.121792584657669067e-01 -2.859748005867004395e-01 -3.445015251636505127e-01 -3.880567476153373718e-02 2.186766713857650757e-01 6.691182851791381836e-01 -1.807859539985656738e-02 -4.959233105182647705e-02 -1.040451645851135254e+00 2.571685910224914551e-01 -3.422360718250274658e-01 3.043116256594657898e-02 -2.410628050565719604e-01 1.903375536203384399e-01 -2.889999449253082275e-01 -3.511436283588409424e-01 -1.430194675922393799e-01 -4.555910229682922363e-01 -2.378568649291992188e-01 -1.137728616595268250e-01 -4.934342205524444580e-01 -2.181866168975830078e-01 -1.337240100838243961e-04 4.264895617961883545e-01 -4.057711958885192871e-01 7.006014585494995117e-01 8.519481122493743896e-02 -7.937959432601928711e-01 4.158448576927185059e-01 3.648320734500885010e-01 -2.324470579624176025e-01 7.851261645555496216e-02 -4.861483275890350342e-01 -4.325782880187034607e-02 4.478597939014434814e-01 2.750740051269531250e-01 7.070993185043334961e-01 6.603453159332275391e-01 -6.621448397636413574e-01 -9.467382729053497314e-02 -1.161764468997716904e-02 4.408638551831245422e-02 1.046028062701225281e-01 -1.149645328521728516e+00 8.062763214111328125e-01 -1.134251356124877930e+00 2.191296312958002090e-03 3.884021341800689697e-01 -3.221592307090759277e-01
3.481120467185974121e-01 -5.841354727745056152e-01 1.288089156150817871e-01 -1.486715488135814667e-02 -4.234911501407623291e-02 -7.974462956190109253e-02 2.115271091461181641e-01 -5.277653932571411133e-01 -1.354317665100097656e-01 -3.437846302986145020e-01 -2.864457964897155762e-01 -5.626577734947204590e-01 -2.564814984798431396e-01 7.289379835128784180e-02 -5.381649136543273926e-01 8.110101819038391113e-01 -1.229743719100952148e+00 -4.742051661014556885e-01 2.616919577121734619e-01 8.579489588737487793e-01 6.474760174751281738e-01 8.896452188491821289e-01 -1.010553762316703796e-01 -6.470743417739868164e-01 1.591538488864898682e-01 7.047960758209228516e-01 -2.899284362792968750e-01 -9.782675504684448242e-01 4.883646368980407715e-01 -8.828114271163940430e-01 -5.148296952247619629e-01 4.284715279936790466e-02 -4.188339412212371826e-01 2.563969194889068604e-01 -6.876204013824462891e-01 -3.696174919605255127e-01 -1.221856996417045593e-01 4.061841666698455811e-01 -4.137197881937026978e-02 1.621973887085914612e-02 -6.290428042411804199e-01 -5.798642709851264954e-02 2.753015160560607910e-01 5.905964225530624390e-02 -1.430991571396589279e-03 -2.069264352321624756e-01 5.289528369903564453e-01 -5.400810241699218750e-01 1.752415150403976440e-01 2.639122307300567627e-01 -4.376797378063201904e-01 -3.340735137462615967e-01 -6.427612304687500000e-01 -1.341230571269989014e-01 1.334546413272619247e-02 -1.522189080715179443e-01 2.612859606742858887e-01 -3.376932069659233093e-02 -2.069761902093887329e-01 1.452012211084365845e-01 -2.220656424760818481e-01 3.116606175899505615e-01 3.423800170421600342e-01 -2.799498736858367920e-01
3.044570386409759521e-01 -3.353925645351409912e-01 1.509425163269042969e+00 -4.239999949932098389e-01 4.771359264850616455e-01 -2.232753038406372070e-01 5.472802519798278809e-01 4.464927315711975098e-01 -8.170097321271896362e-02 -1.148900985717773438e-01 -4.294282495975494385e-01 -4.384517669677734375e-01 -7.973439693450927734e-01 2.680231332778930664e-01 -3.274703919887542725e-01 3.841796517372131348e-01 3.323177099227905273e-01 -5.593447089195251465e-01 1.117289423942565918e+00 3.144927918910980225e-01 6.793198585510253906e-01 3.858869373798370361e-01 -4.618901014328002930e-02 -2.484986484050750732e-01 2.751371860504150391e-01 -3.664602339267730713e-01 -5.943655222654342651e-02 6.117355823516845703e-01 2.669197618961334229e-01 -8.158822655677795410e-01 6.311472654342651367e-01 -8.453946709632873535e-01 -2.824817411601543427e-02 1.201801225543022156e-01 1.723497062921524048e-01 -1.426712125539779663e-01 3.980725109577178955e-01 7.517936825752258301e-02 1.932779401540756226e-01 5.680288672447204590e-01 1.093927145004272461e+00 1.187191247940063477e+00 -2.422881871461868286e-01 7.283490896224975586e-02 1.043816953897476196e-01 3.633188903331756592e-01 3.465034365653991699e-01 -1.173822164535522461e+00 -6.219866871833801270e-01 5.037026107311248779e-02 -3.527744710445404053e-01 -1.040331050753593445e-01 4.500527679920196533e-01 -6.201971769332885742e-01 3.245295286178588867e-01 -5.204324126243591309e-01 -9.719943255186080933e-02 -6.290817260742187500e-01 -1.091752767562866211e+00 2.575333416461944580e-01 -6.374356746673583984e-01 8.835524320602416992e-02 4.658134281635284424e-01 5.793973803520202637e-01
8.053054660558700562e-02 -3.410307168960571289e-01 2.465781867504119873e-01 8.325169235467910767e-02 -4.493850469589233398e-01 -3.707597851753234863e-01 -5.958499312400817871e-01 -5.673346668481826782e-02 -1.932013928890228271e-01 4.536222666501998901e-02 -1.560566723346710205e-01 -6.625216007232666016e-01 5.210313480347394943e-03 -5.824278667569160461e-02 -6.033108234405517578e-01 2.029669433832168579e-01 -8.694424629211425781e-01 1.420747302472591400e-02 7.298531532287597656e-01 -7.308434695005416870e-02 5.142300724983215332e-01 6.271380186080932617e-01 -3.435484468936920166e-01 1.645850837230682373e-01 -3.406785055994987488e-02 1.145550049841403961e-02 -4.471900463104248047e-01 -5.492623448371887207e-01 1.989106684923171997e-01 -4.702840745449066162e-01 -5.127062201499938965e-01 -4.518604576587677002e-01 -6.671405434608459473e-01 3.167549669742584229e-01 -2.627840638160705566e-01 -1.454110890626907349e-01 3.738120794296264648e-01 2.970416843891143799e-01 -2.911514341831207275e-01 1.584886908531188965e-01 5.754237771034240723e-01 -7.400429248809814453e-01 1.586185395717620850e-02 -7.145769149065017700e-02 6.525641679763793945e-01 -1.936230361461639404e-01 -6.636769175529479980e-01 -4.335181117057800293e-01 1.968199610710144043e-01 1.636283844709396362e-01 -7.462427020072937012e-02 -1.899574995040893555e-01 4.661529660224914551e-01 1.830647885799407959e-02 1.123999133706092834e-01 4.090293347835540771e-01 9.208746254444122314e-02 -6.425844430923461914e-01 -8.977996110916137695e-01 -1.813978105783462524e-01 -8.116016387939453125e-01 1.680161207914352417e-01 1.657644063234329224e-01 -3.360063582658767700e-02
3.679341673851013184e-01 -3.085297644138336182e-01 -1.007293164730072021e-02 3.319128751754760742e-01 -1.914250999689102173e-01 -8.101302981376647949e-01 1.620467603206634521e-01 1.225915178656578064e-01 2.088706195354461670e-02 -2.161257863044738770e-01 2.228857576847076416e-01 -2.866326868534088135e-01 -4.281799495220184326e-01 -4.734410643577575684e-01 -3.863136470317840576e-01 1.241463795304298401e-01 -4.359404444694519043e-01 -2.269324101507663727e-02 6.173366904258728027e-01 -4.387451112270355225e-01 1.441442608833312988e+00 5.241827368736267090e-01 -3.825911283493041992e-01 -1.074188947677612305e+00 1.439147293567657471e-01 5.056516081094741821e-02 -9.407343268394470215e-01 -2.243342064321041107e-02 2.620229721069335938e-01 6.341330409049987793e-01 -2.834800183773040771e-01 1.188091784715652466e-01 -4.387430846691131592e-01 -2.465569674968719482e-01 -2.697584033012390137e-01 -6.414600014686584473e-01 2.142064273357391357e-01 -6.431533098220825195e-01 -2.040860503911972046e-01 -8.473730087280273438e-01 1.031989574432373047e+00 -4.093930125236511230e-01 -1.128788948059082031e+00 -4.156873375177383423e-02 6.888310909271240234e-01 -4.308275878429412842e-01 3.393281400203704834e-01 -8.288812637329101562e-01 -7.538410425186157227e-01 3.044700622558593750e-01 1.270062327384948730e-01 -5.937367081642150879e-01 -1.190470457077026367e-01 -5.976208448410034180e-01 5.532723665237426758e-02 -1.088467001914978027e+00 -2.554392516613006592e-01 -5.240193009376525879e-01 8.841712772846221924e-02 4.939239621162414551e-01 1.925781816244125366e-01 -2.927816472947597504e-03 3.934171795845031738e-01 -7.124868631362915039e-01
7.800880074501037598e-01 -2.765652239322662354e-01 5.744553804397583008e-01 8.174586892127990723e-01 2.361879684031009674e-02 5.764061212539672852e-01 -5.425174236297607422e-01 -2.302892059087753296e-01 9.124024212360382080e-02 -9.727795124053955078e-01 -5.051378607749938965e-01 -1.856312155723571777e-01 -7.089710235595703125e-02 -2.164476960897445679e-01 -2.627532184123992920e-01 4.117841720581054688e-01 -2.473120689392089844e-01 -2.333874106407165527e-01 6.444363389164209366e-03 1.575129032135009766e-01 -5.679423734545707703e-02 7.080689668655395508e-01 2.925965785980224609e-01 -4.581660330295562744e-01 2.177694737911224365e-01 4.826214537024497986e-02 -5.568979382514953613e-01 6.140260696411132812e-01 1.538152694702148438e-01 -6.678123958408832550e-03 1.070039495825767517e-01 4.932546019554138184e-01 4.539480805397033691e-02 -8.791066408157348633e-01 -1.599435359239578247e-01 -3.613697588443756104e-01 3.743157982826232910e-01 1.068591512739658356e-02 1.520683020353317261e-01 4.382752180099487305e-01 3.900461792945861816e-01 1.771788857877254486e-02 2.023226469755172729e-01 -3.352967202663421631e-01 3.696159124374389648e-01 5.505068600177764893e-02 3.541286885738372803e-01 -4.836447238922119141e-01 -2.650268077850341797e-01 1.341768950223922729e-01 5.914663672447204590e-01 -7.481678724288940430e-01 -3.966545760631561279e-01 -3.162026107311248779e-01 -4.810633063316345215e-01 8.300467580556869507e-02 5.436313748359680176e-01 6.901818793267011642e-03 -1.329539537429809570e+00 5.675680637359619141e-01 8.959590643644332886e-02 -1.154506858438253403e-02 8.779272437095642090e-01 4.524512290954589844e-01
7.022888660430908203e-01 -5.270791053771972656e-01 8.838643431663513184e-01 2.252304106950759888e-01 3.368706107139587402e-01 1.105160474777221680e+00 -5.249632000923156738e-01 2.922413647174835205e-01 -2.822395265102386475e-01 -1.097951829433441162e-01 -1.590724289417266846e-01 -4.026379287242889404e-01 1.740969531238079071e-02 -2.206284552812576294e-01 -7.879025340080261230e-01 2.250824868679046631e-02 -5.380242466926574707e-01 -4.149269163608551025e-01 -3.177359402179718018e-01 2.318764664232730865e-02 3.680547773838043213e-01 1.816960424184799194e-01 9.813852906227111816e-01 -5.744691491127014160e-01 -4.029366374015808105e-01 4.983052909374237061e-01 -2.278301417827606201e-01 -2.753371298313140869e-01 -6.554626226425170898e-01 -3.210819363594055176e-01 -2.579445838928222656e-01 2.195454202592372894e-03 3.764737546443939209e-01 1.724863201379776001e-01 5.881405994296073914e-02 -6.014962196350097656e-01 6.768530011177062988e-01 6.932202726602554321e-02 3.048409819602966309e-01 5.115527510643005371e-01 1.233319282531738281e+00 -2.233058661222457886e-01 -4.615277647972106934e-01 1.122600659728050232e-01 5.577958226203918457e-01 -2.105112522840499878e-01 -9.816799312829971313e-02 -7.946888208389282227e-01 -6.916495561599731445e-01 3.265236020088195801e-01 9.690885990858078003e-02 -6.180739402770996094e-01 2.330948710441589355e-01 8.775797486305236816e-02 -1.549385040998458862e-01 -1.148145794868469238e-01 -5.571328848600387573e-02 3.914570435881614685e-02 -3.586316108703613281e-01 7.241311669349670410e-02 -1.246562749147415161e-01 -1.510907709598541260e-02 3.581363856792449951e-01 -9.882872924208641052e-03
8.417633175849914551e-01 -2.647015452384948730e-01 1.104177236557006836e+00 2.362783849239349365e-01 7.293890118598937988e-01 8.500397801399230957e-01 2.172301709651947021e-01 1.712073571979999542e-03 -2.885063886642456055e-01 -1.739399284124374390e-01 -3.610635995864868164e-01 8.630798012018203735e-02 -1.908831112086772919e-02 -1.951475739479064941e-01 -4.987519681453704834e-01 8.140282034873962402e-01 -3.787848651409149170e-01 -1.245863363146781921e-01 -1.331906765699386597e-01 -1.253043711185455322e-01 5.328406691551208496e-01 6.190237402915954590e-01 -2.757024206221103668e-02 -1.078872919082641602e+00 -5.642440319061279297e-01 -1.598171889781951904e-01 -7.019448280334472656e-02 -1.751950681209564209e-01 1.331994980573654175e-01 -1.244878247380256653e-01 -4.086496233940124512e-01 1.989271640777587891e-01 2.672837972640991211e-01 4.621961712837219238e-01 -2.799735367298126221e-01 2.540212869644165039e-02 -2.052293568849563599e-01 2.248974740505218506e-01 -9.772840142250061035e-02 2.687864601612091064e-01 -1.967954039573669434e-01 -4.891693592071533203e-01 -2.715511918067932129e-01 -7.988829165697097778e-02 4.609384536743164062e-01 -4.414201676845550537e-01 2.363002002239227295e-01 -2.688362896442413330e-01 -4.721798300743103027e-01 1.183281615376472473e-01 3.748258948326110840e-01 -9.236851334571838379e-01 -1.005297154188156128e-02 3.273022770881652832e-01 -7.899718880653381348e-01 2.177408486604690552e-01 -5.146812200546264648e-01 -3.833406418561935425e-02 -3.594667911529541016e-01 -3.252163827419281006e-01 -3.474527895450592041e-01 6.026058793067932129e-01 1.986036747694015503e-01 1.875010132789611816e-01
1.011577248573303223e+00 6.926633417606353760e-02 5.989087820053100586e-01 2.416874915361404419e-01 2.669396810233592987e-02 2.904454804956912994e-02 -1.481351703405380249e-01 -8.372673392295837402e-01 2.410355955362319946e-01 -1.272365748882293701e-01 -1.864687204360961914e-01 2.012930251657962799e-02 -7.951657772064208984e-01 5.142806097865104675e-02 -2.691365480422973633e-01 4.948289096355438232e-01 -6.610493063926696777e-01 7.953133434057235718e-02 -2.892994284629821777e-01 1.936113983392715454e-01 6.398340463638305664e-01 -7.890553027391433716e-02 -2.512750029563903809e-01 -1.044694423675537109e+00 -8.032114803791046143e-02 -1.169607192277908325e-01 2.126083970069885254e-01 -1.327147334814071655e-01 3.740958869457244873e-01 -5.278922989964485168e-02 6.104221940040588379e-01 -2.245185822248458862e-01 -8.726735711097717285e-01 -1.956252902746200562e-01 -5.806394219398498535e-01 -1.343370079994201660e-01 2.537094950675964355e-01 -1.722565293312072754e-01 3.289707303047180176e-01 1.824528910219669342e-02 7.187171280384063721e-02 -1.290903836488723755e-01 1.945862174034118652e-01 -2.443679124116897583e-01 6.375292539596557617e-01 2.515233457088470459e-01 7.149878144264221191e-02 -3.793947398662567139e-01 -8.505381941795349121e-01 1.510470867156982422e+00 2.774586677551269531e-01 -6.060791611671447754e-01 1.732648462057113647e-01 3.736701309680938721e-01 -1.061538696289062500e+00 3.340850472450256348e-01 -4.479529857635498047e-01 4.095359146595001221e-01 -6.716260910034179688e-01 -1.111343353986740112e-01 1.397084165364503860e-02 5.324429273605346680e-01 -6.644982099533081055e-02 7.934367656707763672e-01
-9.055656939744949341e-02 6.758116483688354492e-01 1.246214866638183594e+00 5.385622382164001465e-01 -5.606666803359985352e-01 2.405618131160736084e-02 1.418242901563644409e-01 1.934522837400436401e-01 -4.672121107578277588e-01 1.631999760866165161e-01 1.859408318996429443e-01 -4.022987782955169678e-01 -5.529270172119140625e-01 6.480223536491394043e-01 -2.520209848880767822e-01 1.715358793735504150e-01 -5.286811590194702148e-01 2.452491968870162964e-01 5.645364522933959961e-01 -1.895043649710714817e-03 9.170675277709960938e-01 3.255535662174224854e-01 6.261600852012634277e-01 2.332174777984619141e-01 1.758457273244857788e-01 -2.549889981746673584e-01 -2.202385663986206055e-01 3.468739390373229980e-01 -3.532190918922424316e-01 -7.116764187812805176e-01 -1.548250168561935425e-01 6.759115308523178101e-02 4.961682260036468506e-01 -4.474125802516937256e-01 -3.538070023059844971e-01 -2.903250753879547119e-01 -4.815075695514678955e-01 -2.192626148462295532e-02 -3.424080312252044678e-01 -2.039003521203994751e-01 1.074766755104064941e+00 1.713598817586898804e-01 -2.015025466680526733e-01 5.632606521248817444e-02 -2.970322966575622559e-01 -7.240608930587768555e-01 3.942073583602905273e-01 -5.816186070442199707e-01 -6.551955938339233398e-01 3.656861782073974609e-01 8.384452462196350098e-01 -7.801452279090881348e-02 1.917933523654937744e-01 -2.648084461688995361e-01 5.699419379234313965e-01 -6.114925146102905273e-01 2.819276787340641022e-02 -5.922699570655822754e-01 5.967417359352111816e-02 5.987379550933837891e-01 -5.085173249244689941e-01 5.488322973251342773e-01 5.926847457885742188e-01 5.601856112480163574e-01
1.107515022158622742e-01 5.310845375061035156e-01 9.222291707992553711e-01 7.230082154273986816e-01 -5.040985941886901855e-01 3.871358931064605713e-01 3.268745541572570801e-01 2.112936228513717651e-01 -3.764614164829254150e-01 1.898073405027389526e-01 -1.878845989704132080e-01 -3.453451693058013916e-01 -5.377484560012817383e-01 1.738181412220001221e-01 -2.009306550025939941e-01 1.887955367565155029e-01 -6.562872529029846191e-01 1.367757022380828857e-01 1.019837141036987305e+00 2.553500235080718994e-01 5.144933462142944336e-01 2.111171334981918335e-01 2.905648350715637207e-01 1.698805242776870728e-01 2.456032931804656982e-01 -1.032285913825035095e-01 -4.512367546558380127e-01 7.803180813789367676e-01 -3.175166249275207520e-02 -5.646104216575622559e-01 6.041225194931030273e-01 1.243068799376487732e-01 3.435789048671722412e-01 -3.323813676834106445e-01 -5.674859881401062012e-01 -1.871819198131561279e-01 -6.536806821823120117e-01 -1.395872887223958969e-02 3.910873085260391235e-02 -3.570274114608764648e-01 1.136234641075134277e+00 1.018141880631446838e-01 -4.632036387920379639e-02 1.229499951004981995e-01 -1.182939857244491577e-01 -4.120287597179412842e-01 4.781195521354675293e-01 -1.813952326774597168e-01 -5.959178209304809570e-01 6.330575942993164062e-01 1.202450469136238098e-01 1.774339079856872559e-01 4.084167778491973877e-01 2.997010350227355957e-01 3.508027791976928711e-01 -8.054111599922180176e-01 2.525973506271839142e-02 -3.670050799846649170e-01 -4.214566349983215332e-01 8.293265104293823242e-01 -7.298633456230163574e-01 3.903920650482177734e-01 5.698727369308471680e-01 4.920789897441864014e-01
1.846022158861160278e-01 3.272631466388702393e-01 1.149653673171997070e+00 4.346647486090660095e-02 2.022015750408172607e-01 3.489799425005912781e-02 6.500072479248046875e-01 4.610401988029479980e-01 -6.688697338104248047e-01 2.694428563117980957e-01 -7.073474526405334473e-01 -4.270932674407958984e-01 -6.105169057846069336e-01 6.796135902404785156e-01 -4.089260399341583252e-01 7.019529938697814941e-01 -5.048418641090393066e-01 1.624618023633956909e-01 8.856535553932189941e-01 2.348707765340805054e-01 8.697541356086730957e-01 9.162780642509460449e-02 3.238241672515869141e-01 6.536191701889038086e-02 2.977194190025329590e-01 4.717823863029479980e-02 -3.717866837978363037e-01 7.192913293838500977e-01 6.789752095937728882e-02 -5.961129665374755859e-01 2.388079613447189331e-01 -8.336448669433593750e-01 -1.728453785181045532e-01 2.859808504581451416e-01 -2.626360952854156494e-02 -7.503887414932250977e-01 -5.343313887715339661e-02 -4.852601289749145508e-01 4.809751212596893311e-01 -9.891565144062042236e-02 7.310991287231445312e-01 4.111442267894744873e-01 3.241658955812454224e-02 4.599658250808715820e-01 -2.254909574985504150e-01 -4.308183193206787109e-01 4.250474274158477783e-01 -6.236625909805297852e-01 -4.858497381210327148e-01 4.466747641563415527e-01 4.627092778682708740e-01 1.516905725002288818e-01 -6.612700223922729492e-02 -1.046153232455253601e-01 3.835311830043792725e-01 -5.814127922058105469e-01 4.120218008756637573e-02 -4.351812899112701416e-01 -4.391229152679443359e-01 3.194899857044219971e-01 -3.413863182067871094e-01 -3.739939332008361816e-01 4.673741161823272705e-01 4.571568071842193604e-01
1.164333596825599670e-01 5.831940174102783203e-01 9.049440622329711914e-01 5.496652722358703613e-01 -4.960371255874633789e-01 -6.800965406000614166e-03 7.539135217666625977e-01 4.230225682258605957e-01 -5.463830232620239258e-01 2.707048952579498291e-01 -3.984273672103881836e-01 -3.535019457340240479e-01 -5.118876695632934570e-01 5.614308714866638184e-01 1.096959784626960754e-02 6.569622755050659180e-01 -4.367470443248748779e-01 -1.771833002567291260e-01 8.076255321502685547e-01 6.193248033523559570e-01 7.104348540306091309e-01 5.901435017585754395e-02 2.623975276947021484e-02 -1.275846362113952637e-01 1.769483536481857300e-01 2.180347144603729248e-01 -7.439057528972625732e-02 4.689130485057830811e-01 -2.014649361371994019e-01 -6.963382363319396973e-01 7.024430632591247559e-01 -3.858026862144470215e-01 -1.764549165964126587e-01 9.300352632999420166e-02 -5.961320400238037109e-01 -5.487115979194641113e-01 -6.144803166389465332e-01 -3.554788231849670410e-01 5.122029185295104980e-01 1.374073177576065063e-01 1.086887359619140625e+00 4.726803302764892578e-01 -2.567308247089385986e-01 9.294396042823791504e-01 -2.771432399749755859e-01 -2.622938454151153564e-01 2.196821272373199463e-01 -3.948093950748443604e-01 -3.282435238361358643e-01 3.216894567012786865e-01 4.910946786403656006e-01 1.279029697179794312e-01 7.158693671226501465e-02 5.169296264648437500e-01 5.848420411348342896e-02 -7.601707577705383301e-01 1.080250144004821777e-01 -3.603384494781494141e-01 -3.768043816089630127e-01 7.498028278350830078e-01 -5.154724717140197754e-01 4.870718419551849365e-01 4.552408456802368164e-01 6.780942678451538086e-01
