-15.0201678356960056	22.5284552226844461	1.000000
-8.3656220408927293	22.5057478746632391	1.000000
15.4810658670780263	23.4202371318128471	1.000000
-22.2292009603375469	19.2460618492162041	1.000000
-18.8232521676354594	15.5660904823270680	1.000000
7.9981213376786640	-0.3622790587976309	1.000000
-5.1091015914657429	31.8455912938219363	1.000000
23.6060156936233057	3.9967172339554353	1.000000
17.8092421514364609	30.6731610155257819	1.000000
-17.5415034863251655	-69.0675148491031479	0.000000
-5.9166742621450608	14.1333116339478426	1.000000
35.4944548927230059	21.3446187471326461	1.000000
-22.8641604580521012	24.8987413119338648	1.000000
9.3063533936417642	13.6070004871766024	1.000000
47.4751639774064671	3.7950209371621755	1.000000
-18.1736347027492897	-66.2315802088129288	0.000000
-23.0946557249564393	14.0926433044511672	1.000000
6.8032256335289700	17.0043826297459653	1.000000
47.5792216560602128	3.8444621075341647	1.000000
-22.7911978226930501	12.0953163699221609	1.000000
-21.6763135307333776	15.6007973166752762	1.000000
8.9574290331509321	1.4292070497569487	1.000000
-17.3094727296048418	42.2435813850660580	1.000000
20.7848448235587746	7.3519867438622484	1.000000
-24.8299375990332507	16.6485811393713483	1.000000
-4.9824826448172699	-60.5039806421123245	0.000000
-7.4593438392584321	56.6033349504203755	1.000000
-24.3480350899551503	20.6758040361725435	1.000000
-15.6247787650213699	37.5080320307301136	1.000000
2.8604554991534328	40.4721467848763723	1.000000
-17.0169746955068035	40.7654436022288706	1.000000
-21.3942381192493087	12.8637454904982675	1.000000
21.0860965179581932	7.4394774852235459	1.000000
25.1262281796896829	12.4909434803104293	1.000000
-15.2174143646424191	14.0436889490913295	1.000000
-19.0171441598257047	-66.5502332333966393	0.000000
40.9872755052306701	6.8654167300078930	1.000000
-9.5352594397560768	14.7812466326608316	1.000000
0.0269225960454157	17.1260332456054165	1.000000
-1.9269278607580718	38.7114454347624033	1.000000
-9.8071698457523517	44.3742850653537602	1.000000
-4.2393804677079689	46.3701447525763015	1.000000
5.2647182243762494	36.5220645121694005	1.000000
-5.0641458983914962	58.3975916606714378	1.000000
-0.9465372207258196	47.9580688685970102	1.000000
-8.4013609195697789	-67.4111727416440232	0.000000
26.5353324930405883	6.7278957882961121	1.000000
14.0809135298611032	47.0427251235840629	1.000000
-10.9604646422207317	39.9823193652291664	1.000000
11.4198710055885311	52.2320757508322160	1.000000
1.6951222179845808	49.8612832104186552	1.000000
42.8577614447646482	6.9849888098349382	1.000000
35.1706812281106735	18.2199223235310122	1.000000
32.8429578527342301	19.4897677613835221	1.000000
-17.5681922117348783	43.9661045296436512	1.000000
-0.8732739450100552	48.4753828660325468	1.000000
-21.4814173518181484	24.9560513789516634	1.000000
8.1590788000509580	39.1372966051685367	1.000000
-6.3913747446788554	54.2063978499106724	1.000000
17.2134901137760927	45.4027608476871762	1.000000
15.9051040654733313	45.3114206017337366	1.000000
-9.3953449652008398	53.8217358845789420	1.000000
11.9838431878594331	43.7419536338148802	1.000000
3.9961124622757516	35.8130369948199032	1.000000
10.2383393845511996	9.6792291893237881	1.000000
15.6571753786134948	44.8493473903197497	1.000000
-12.1707957238370277	-49.0217284677306608	0.000000
48.1633543620474569	2.4038836162402490	1.000000
14.1779209833979305	47.6401105796621138	1.000000
-8.9107387362026760	44.1318755819085240	1.000000
16.1197333067602457	53.6797594438125358	1.000000
-7.0028311916764014	-58.3462041395881315	0.000000
14.6968268380638580	48.3983619850758728	1.000000
-31.6215146607991962	-63.8996359676655175	0.000000
-0.0484753929204765	48.7790698974226657	1.000000
-12.1841692608160539	-66.6826682351541393	0.000000
11.5967114546714871	51.2812667681051337	1.000000
-4.8048599135063554	37.9688691972402026	1.000000
22.2954106689365616	20.4771138852415753	1.000000
-20.0619981663237077	47.0269630146970670	1.000000
-12.0186764919407221	24.4450927623212237	1.000000
35.2832335649301143	19.3174567741278338	1.000000
22.1719173599274342	21.3174337489463745	1.000000
-4.1969438829955603	33.6401737144130450	1.000000
-24.2626542195708055	-62.1749781885713375	0.000000
14.3288271730953483	26.8544723290939622	1.000000
-4.7667682957000785	39.2208011786515129	1.000000
10.9542789373759692	13.5949763528611633	1.000000
38.9785169236222515	14.8633745396585404	1.000000
-24.7594862931422774	29.0982020294697179	1.000000
27.8981370711738101	8.4417589089524903	1.000000
50.4851992896226278	-0.7633403387333954	1.000000
23.0058692494268122	20.5869385612000997	1.000000
0.9408935682143237	39.5212970129392787	1.000000
-5.4125881681206458	50.1349184580627565	1.000000
-13.5396783426781706	34.8134044036457340	1.000000
50.1064253921580658	-1.8514317524564290	1.000000
-10.1838107824821087	43.8741855665205307	1.000000
-6.5884525896618458	19.7124798660025569	1.000000
12.0302103941322613	53.6868543471499038	1.000000
4.2144842909693336	21.0119594690728135	1.000000
-17.0590542418583624	-61.8676475859069441	0.000000
49.2075387853388975	-1.5225302513363554	1.000000
14.3988683934655999	26.9879456423285617	1.000000
12.8684463859096159	17.9712632206725118	1.000000
49.3860154236659810	0.9138717094991839	1.000000
-8.4120702818943940	20.7379506053763052	1.000000
-16.1574275539088710	33.7262575452827491	1.000000
40.3748149163124666	9.4978141125277080	1.000000
-20.8773491671898839	-70.0196577107709146	0.000000
-5.6585108264106143	33.6531566713053465	1.000000
9.5677052835382703	3.7851935271509962	1.000000
12.7076560905466902	46.9808410128189777	1.000000
-12.5021891976374828	29.4353613109554928	1.000000
45.4993602096199794	6.9553247088698171	1.000000
-19.2764801444299856	16.1412990165550454	1.000000
-12.0370696369179395	-74.0042022393238312	0.000000
52.6594862708351172	-4.0398310276257945	1.000000
19.4756706081660091	9.4372914780474524	1.000000
12.6374820131635417	4.7143065982404559	1.000000
-22.8024962795481372	11.9401910304902241	1.000000
-26.4579299053717101	27.8459951647470980	1.000000
-15.7027302049199111	48.5467216818157894	1.000000
-9.7688167388594582	-79.8704299971181229	0.000000
-6.2966851884818693	23.6681691119443549	1.000000
45.6038445890347148	3.1353539199865290	1.000000
-20.4651082147539363	25.9158285453929551	1.000000
-1.3040432247591924	38.2153649386474257	1.000000
-4.3309076124111936	37.1771656087926132	1.000000
28.2963747295884822	10.0081364324702733	1.000000
-5.3256285293781973	39.0204726050858213	1.000000
-24.7323045852542336	19.9697164184001181	1.000000
-27.5039485066829705	-63.8602443349523412	0.000000
27.6893054255745561	15.2099319144725769	1.000000
21.0760608452667171	8.1670431218949755	1.000000
-2.4960433276380467	44.5835861965693354	1.000000
27.8443172107490824	11.9048278628698103	1.000000
11.6029694328138291	19.5617845917123425	1.000000
44.4519900409713884	3.5081755158932695	1.000000
16.3944778252291989	45.9388010857569924	1.000000
14.5963692010410764	15.3694923291386552	1.000000
-13.4242805279192510	-75.4182550378711909	0.000000
35.2608883457307130	25.1635487964185209	1.000000
40.7522718158948081	8.8869470950200817	1.000000
8.0618967831324877	23.4160356536187599	1.000000
35.2173697990164314	25.0700046534730170	1.000000
-14.5443827882815029	-64.0451726373433274	0.000000
48.9845198267919244	0.1078952996921293	1.000000
-22.5689154862999786	14.8062036600492881	1.000000
3.2949539207270671	34.8628625984636429	1.000000
21.0280588103696076	14.4889389585288342	1.000000
-6.2154898978420086	37.5753808149643120	1.000000
-11.7731024516580653	47.2079290492691754	1.000000
44.3576655420022590	2.9615509315285000	1.000000
18.4917852859223046	11.4909407428293289	1.000000
49.5047452352934130	-0.3499736391784541	1.000000
16.0937610516681815	14.5041976696674677	1.000000
-21.9861038964799960	-75.8923366135138338	0.000000
28.3910305957492639	9.4276542711268139	1.000000
30.0815595735130330	16.4881237251788981	1.000000
26.8948210681338189	14.4179677925850029	1.000000
-14.1396582250162695	33.7266438854903683	1.000000
13.0265555119539851	28.5271259120422194	1.000000
19.5906121311753516	7.8967746861375563	1.000000
6.6193013768329232	36.9935460966623282	1.000000
-11.3286762664822511	-72.3151927706396123	0.000000
35.1985005880885069	20.6023875864880175	1.000000
20.4165456805292322	15.2524553785420469	1.000000
8.9773258062812804	13.6299423043733245	1.000000
-7.8362291495144918	58.0891554517389324	1.000000
52.6661232907567651	-4.0357293271489816	1.000000
39.7166664298839649	9.2935584886714580	1.000000
12.3334188356775893	27.6936021110981549	1.000000
0.3515130371159214	17.3057269540538741	1.000000
-12.5072959779049260	-70.7843656499897804	0.000000
-18.8296747519549257	15.3692896152281442	1.000000
2.1223336450262460	39.4436171118963941	1.000000
13.1269869959726009	22.5613474686834010	1.000000
4.7648667012428323	18.7184339833956486	1.000000
-23.1973180095128910	13.1704290202391547	1.000000
7.0705652245833459	12.8279508511702200	1.000000
-15.1544448322251224	47.8674356082301955	1.000000
16.1390849668231162	42.7438095041404580	1.000000
-7.6092678246055128	24.2583938276415303	1.000000
-20.9788838656843666	24.4185020541299380	1.000000
-4.6290348674256103	52.4751396151302885	1.000000
8.8723707512163390	10.1299826850441193	1.000000
-5.4007703548497705	29.8479442203562506	1.000000
18.3603575093669775	14.5782517137099461	1.000000
-10.2798398208734625	-53.7592865272278146	0.000000
12.2878667315101318	28.6223546378450600	1.000000
-24.8010876280144643	-69.9745156954113838	0.000000
-16.4382878052636023	47.9278560650299781	1.000000
40.1423686175156433	6.8075850813984342	1.000000
-18.0952362465589154	43.4950117699972054	1.000000
-21.4401027213620061	-67.6969787617218657	0.000000
-13.1133292359902800	29.3691462895947737	1.000000
12.7322606152693858	11.8054920059641546	1.000000
-3.4417812387527609	-73.6166877929205157	0.000000
-8.4285164015423533	22.6263936409275601	1.000000
7.4137505382633959	23.7389872974327858	1.000000
-14.4576828277275897	49.4050882848405521	1.000000
-15.1852286751539651	22.5649946578132479	1.000000
3.8742870602718771	36.7073987474081420	1.000000
8.2644562108751582	41.2816846173082723	1.000000
12.5747844311140629	16.6740619764337019	1.000000
-20.3420986370898653	13.7294033643201256	1.000000
2.0707928149349852	48.6760331746740391	1.000000
0.2331931348066014	40.8288480096848048	1.000000
3.6599208013970457	36.9440137373940942	1.000000
12.3637922772327471	28.3593801161091470	1.000000
8.3418966225543869	39.0859743209314416	1.000000
-6.3033217215470989	54.6116123670828060	1.000000
51.1579546970776562	-1.8825592931761219	1.000000
-17.4305467446994520	-58.6305812189657800	0.000000
-6.7582980156973935	23.3473905018646057	1.000000
10.0995623039169491	23.7564259933905646	1.000000
16.0292862177124746	27.4870764308547209	1.000000
9.4413304554317463	41.1825946465297221	1.000000
-14.0636526976675587	49.7034426599315111	1.000000
34.8585862459166975	17.1450436904538464	1.000000
14.1712864715010447	26.7312231376723410	1.000000
-22.9102288969939565	25.4307618010988925	1.000000
-16.6596497955384137	33.2005374766734676	1.000000
29.7303912526937850	15.4782594544745322	1.000000
28.2712155696010328	7.2649679447657896	1.000000
-15.3381026924544344	22.5361020187616532	1.000000
25.0303711656735501	58.9984656566429848	1.000000
2.9053764281125409	41.7539897124086608	1.000000
-23.2922729384383764	-65.7322128945542801	0.000000
28.8512548291552839	10.3667837609870794	1.000000
2.9872877333152457	46.4794940316029752	1.000000
18.8475377462408034	9.8475825843600102	1.000000
14.8339470912089322	8.5623706211764592	1.000000
-13.5367762780836447	-70.5721102302440926	0.000000
-17.5706390693958916	14.1125626570069134	1.000000
29.1776855510329582	10.5338043659557705	1.000000
-10.3108742578177122	-67.0203085276535404	0.000000
18.7984364054543214	25.9695063576888003	1.000000
-16.8581497254781993	40.3960741003402006	1.000000
14.2142637271816348	23.0306616916768014	1.000000
-1.0943356944759526	32.3466665692017301	1.000000
-8.5306229356234020	16.5333193931126416	1.000000
-8.7995037758572252	20.0749421207063570	1.000000
-30.7892451524168358	-69.3010766548545405	0.000000
-16.0661959970102153	-50.3508353653916387	0.000000
37.3881537917482660	14.1363400333931057	1.000000
19.1238386743560227	29.4754925380367681	1.000000
-19.3439110363922886	-72.3483838481038646	0.000000
26.8294972718073410	8.9034199624604682	1.000000
-16.3085649055534248	-57.0262580766859486	0.000000
29.6315431834674357	6.2634254529441424	1.000000
3.1343331628070001	42.7902197877828741	1.000000
-21.6677773016249375	-64.0980854560687732	0.000000
-3.1175522014318355	37.9399123607667264	1.000000
-23.2398334295598445	-49.6557135134331986	0.000000
-8.7705256572369166	23.3163359110595145	1.000000
27.9485803017027088	15.1157776319087915	1.000000
31.1853111837762036	16.7132535952402250	1.000000
20.1085057645391743	14.3339314022302009	1.000000
-17.9698180309076001	33.0703177420762628	1.000000
-26.7623936911288105	29.5843235397272935	1.000000
-17.3024148074925570	41.7430755749377767	1.000000
18.3979796991898006	27.6625034165189199	1.000000
11.7992932520603073	25.6612954005463152	1.000000
6.8717389909922160	14.0210187145431870	1.000000
-15.3113519912390732	33.2665167823415970	1.000000
46.1781623300782869	6.5231712998278812	1.000000
5.1162187280400797	15.1391864282296886	1.000000
8.3303835045247023	26.9274675229093177	1.000000
15.4030396113277579	15.1089545270063343	1.000000
38.4065689647896562	5.9448887834673378	1.000000
17.9621504302628630	14.1975289491042727	1.000000
-4.9875700976482547	35.8745742982519147	1.000000
12.8395606720393403	16.2592637617002289	1.000000
13.2011528922259220	9.1418893703121977	1.000000
-6.2850683297416534	23.4201579542310512	1.000000
11.6099399590178276	20.6489055673539781	1.000000
16.3056548560553658	52.8744817588880380	1.000000
-10.8083890044313957	18.2698759027632711	1.000000
-20.1071614783100827	28.2270588967289733	1.000000
18.0558484078550592	30.3023216045231010	1.000000
20.1547570087559613	9.3139046471230635	1.000000
38.4503362206372827	7.9665510690633976	1.000000
0.5179257263107785	17.2890581578773350	1.000000
26.7459839311192447	12.6015471998163378	1.000000
11.2573614803951259	23.1521117476387026	1.000000
19.6966965223157366	24.6626271250993803	1.000000
2.9140470172796467	37.2829314004196775	1.000000
-7.4119812567306766	22.4885827731211592	1.000000
-24.6596066563388732	22.8849562848719792	1.000000
26.4445710311204465	13.7424572059894601	1.000000
-2.6152840513304616	43.4992438159686898	1.000000
-9.5730639734216982	24.8859329363364878	1.000000
-26.5335495028256716	29.0212187215553357	1.000000
-4.2216465261184295	12.9219992340637297	1.000000
-21.2384389934165014	16.1216583078544957	1.000000
39.6885212813283630	9.3962511448979296	1.000000
-22.6729175331114980	-72.5680743355623861	0.000000
-6.2472042381014488	32.7257542789183447	1.000000
20.0436112938402253	14.7163897319762889	1.000000
47.2478960992202985	3.0109069221710576	1.000000
42.6880070568262440	6.2103242109317485	1.000000
-24.0817720565537243	17.2011698235905079	1.000000
7.0456534209554507	37.0684096425037310	1.000000
33.7522141145437189	23.7729003011101234	1.000000
20.4240550130243719	9.6376680366853424	1.000000
26.2015774698957209	13.3029137246497147	1.000000
-3.9493030022686679	-70.0178244780543935	0.000000
-10.5896931871511146	17.1024731837125401	1.000000
-1.1512498617763942	42.7820485207961241	1.000000
40.1737074842431383	8.1560317677263505	1.000000
-1.5348829682627587	48.4448180205407652	1.000000
4.3646028712367153	15.1432837714784139	1.000000
-20.1217780707113008	-49.7276668235701251	0.000000
18.7911319094325542	25.8488885280958947	1.000000
31.2912468083207145	16.7876964922202951	1.000000
-13.1624895905300328	19.8721828005250600	1.000000
24.0806739016167981	4.1240335054928696	1.000000
7.3928338764055850	24.1343786747329361	1.000000
4.0161173223290412	13.5369680487564743	1.000000
-25.2075915641464761	30.6535014366412177	1.000000
-20.1042113389051700	24.0640058200978544	1.000000
-3.9744101724972491	30.0200172836293007	1.000000
-5.3936961729858650	14.2687476259575341	1.000000
19.5497699608926325	9.3043672561547481	1.000000
41.1785962989551493	14.2627241782181926	1.000000
44.9720277217973603	5.6330707476126207	1.000000
-14.2099502360887673	31.1234871527940520	1.000000
-6.6495045587396362	22.9966353393855663	1.000000
35.8031599568245653	13.4138649067418623	1.000000
-8.1706018170807440	-79.2460054550464150	0.000000
-1.5532275447067785	43.0918469729042570	1.000000
11.5841591953147631	43.3620835210741689	1.000000
-24.2962529318697626	19.1608206921311286	1.000000
29.2432400698307546	12.8369039443318833	1.000000
-2.5371543820192377	38.6041209196831332	1.000000
11.4715139551642853	23.2690310098813633	1.000000
-7.6018481332181089	-63.8288128290735415	0.000000
1.3521333290737365	40.1137612719910237	1.000000
-22.7624354908432949	23.7111374072115062	1.000000
18.5592735702489762	12.8909474743636210	1.000000
-11.4216253325386745	24.2111546435494702	1.000000
7.8548789360920068	16.2593968080933244	1.000000
-11.9494878277068892	44.6232020303840855	1.000000
-6.3885512854868489	-64.9998984255593371	0.000000
-9.8308560324613126	24.1820899812345580	1.000000
3.1143038095611613	50.0744903906131071	1.000000
-10.9814659063729483	40.6536180409456591	1.000000
-3.0051490611432961	29.4047541204394882	1.000000
45.8954097909009988	5.7637233099441252	1.000000
19.5086210304608940	30.9869647198062559	1.000000
13.3301036205658860	25.2964432601006024	1.000000
-22.3717746478429191	13.9929191019621832	1.000000
35.2266568703179246	25.0365326740915677	1.000000
-17.4136584014619196	13.7805203205170432	1.000000
-6.7679804295213764	-54.0030182443358271	0.000000
44.3058776386034765	4.8051193428956633	1.000000
-11.6327732775604549	29.3785703225322656	1.000000
-12.2960645378629323	-61.7258234794041414	0.000000
-0.4033162505266261	48.4584330733751685	1.000000
12.2850078287135585	22.1128492723062777	1.000000
-19.2915573140008973	-56.2547007510522832	0.000000
18.8402962773467415	12.3593350462034408	1.000000
-13.1255947105642914	-80.6069138077613303	0.000000
32.9783132012136377	17.9167786888407221	1.000000
6.5799509189435899	14.8268727565374157	1.000000
42.6905855301819344	5.5399440200722436	1.000000
7.6524545504137063	9.9338503654468049	1.000000
-3.5787834670972440	28.8235880583472230	1.000000
41.5306623220112598	11.7168329443145041	1.000000
51.5868193199891039	-3.2342140882530126	1.000000
-4.2380286091878743	36.6803322334259718	1.000000
-12.2900781538668671	-63.3516657045640983	0.000000
40.3775868000055880	7.8297308574931064	1.000000
18.7900076335033894	8.0347218190980936	1.000000
6.8460410831842289	15.9103245145649339	1.000000
-1.7672724440860537	56.7279305182676978	1.000000
0.0547231441289021	-63.9255424161802779	0.000000
4.1356596316386618	38.5849885230918375	1.000000
10.9109128189542037	23.7553674006728031	1.000000
-1.3753907436683308	42.6412447803002976	1.000000
12.8284082139379532	25.7072422830604559	1.000000
-12.1912282997404589	33.8772776492854106	1.000000
17.8369136765171561	10.8831361432845419	1.000000
17.6627338389879753	32.8489516560006365	1.000000
-31.2688208998505601	-67.5536219864115992	0.000000
0.4486139493684634	39.0361517457773743	1.000000
29.7505699875368421	15.1991575888101966	1.000000
-10.3120302546720009	48.3446359443335965	1.000000
32.1589128177330892	16.9542972968445582	1.000000
49.7031928337261562	-0.6124068167401702	1.000000
-5.0657832907035276	13.7731954026852019	1.000000
-13.6120753632516553	31.5817143788923076	1.000000
3.5573081918657650	49.8731986539553134	1.000000
-8.0291303188401795	-53.2069589851958114	0.000000
-26.0467534075351743	-57.5316773001239667	0.000000
25.7784152586327764	56.9534916068511521	1.000000
-4.9515809966490654	54.9839906535875684	1.000000
-4.8173174554028577	54.2037936568287719	1.000000
7.4901197824436112	25.0871799726605680	1.000000
30.2388907359243539	15.5053203201714673	1.000000
4.5004655861340899	38.6588069145251012	1.000000
28.7533871671058563	10.4906843408996018	1.000000
15.5632736549584951	30.3803225469959912	1.000000
-11.5423072069311949	24.9744183663062458	1.000000
11.6104499354315926	4.0578073672047381	1.000000
0.1791386704834656	50.2453543550318216	1.000000
28.6469488231474259	10.6124714293908067	1.000000
8.7882705885302084	27.2451209538522576	1.000000
8.1997851693186465	0.0160188345043906	1.000000
16.0562487723718661	30.5699661256320958	1.000000
-11.5365253009898776	23.1660658572257034	1.000000
7.9434283209248511	26.0397353384349515	1.000000
-19.2241583408636174	22.4758991873560277	1.000000
-6.0894607816387971	30.4126002262681041	1.000000
39.5945445698269722	5.7333994817625715	1.000000
-13.2470955990682082	29.3735404624588341	1.000000
22.1534497940216966	20.7438305465447961	1.000000
7.7510250479028056	-0.8171500378948593	1.000000
-4.2859474612089148	39.0648756581574332	1.000000
9.3084478609148071	3.9813757448938372	1.000000
-20.4453162533489312	-61.6333106368552919	0.000000
7.1827015439382311	40.6687357243261118	1.000000
5.4022923288919689	16.8611837457036913	1.000000
34.0818875793881446	16.2710392606610696	1.000000
25.5426954106934012	6.9129976942850204	1.000000
26.6895342053447315	14.4093781655255224	1.000000
5.9087044770904766	36.8572447885957146	1.000000
41.0449040616468963	14.2668229995414535	1.000000
32.6999390196532573	17.1606891237120003	1.000000
19.7796631492910180	6.4397009126876705	1.000000
29.7218410974855374	12.9925810357365084	1.000000
33.4535543833275852	23.9078689127148643	1.000000
12.0891182046473968	20.9133086691897567	1.000000
-21.7779597501357074	-50.4926430671055968	0.000000
-0.5480408308245421	38.1757889316797332	1.000000
-8.6180450581969819	14.4419606968561300	1.000000
27.1432619596030626	12.0990035696475324	1.000000
34.7853113935271807	19.7581553635709710	1.000000
10.1399718531390377	9.7765590885166116	1.000000
29.1299287741822184	6.1400056118685615	1.000000
32.2428239699813659	15.6032787656199918	1.000000
31.9664704243221287	17.4516261873376024	1.000000
6.8672624927146169	23.3213185810829806	1.000000
6.8764296830459628	25.2556322974209309	1.000000
-26.0003897843065879	-76.5575377729151683	0.000000
26.2617061233222557	6.6732957417649654	1.000000
-13.0803346121693256	32.7075549462404780	1.000000
-20.8341639916577321	12.9399563615511202	1.000000
-10.0117464294331651	18.0933640414652608	1.000000
-7.2257595515591282	28.3071927316097884	1.000000
19.1779202328757279	25.4401499591290197	1.000000
-11.9997495431473542	32.5515916345627545	1.000000
-9.6623652337175834	20.6104304015831872	1.000000
9.4768556901681507	9.9086280128363011	1.000000
40.6072891273493326	13.8258011192405839	1.000000
12.8324667517834570	24.3025001425214739	1.000000
3.8544415841246225	15.0457369133250793	1.000000
20.0399232586282992	14.2725514842262928	1.000000
27.7828918040694504	56.2005059701906973	1.000000
26.7694992267721723	9.2206880535452473	1.000000
-7.2546204564655383	-62.9487757814129907	0.000000
-5.4355262600518026	-52.3085603281574549	0.000000
4.0101469100242522	35.4580577736533442	1.000000
-19.2263823595438197	-69.1386962855273879	0.000000
16.2828550662747524	14.1115261566067201	1.000000
18.3695895222000054	10.6583585883733143	1.000000
-22.6851121172039676	19.8770864952721524	1.000000
6.2528535321659655	15.0344328651561003	1.000000
38.6435530166507561	15.6676222545696611	1.000000
21.1975716716142735	7.0860249600048286	1.000000
12.4624419473952575	22.1496007272577238	1.000000
-7.8798572220703536	-61.0350998524198829	0.000000
17.9275916452631705	8.9971246821611039	1.000000
36.5280131123443184	17.0432086958632389	1.000000
40.7358388326581533	8.6433366804450635	1.000000
-12.3399624283185716	19.1597275992435847	1.000000
10.5503336558540415	3.9571282686660654	1.000000
-6.3957499615492708	-57.3921879240795363	0.000000
-2.3924778606465185	56.6734672520556089	1.000000
22.2193114196091024	4.8166688968624829	1.000000
26.7574720293838659	6.4605581633586953	1.000000
27.9824316658807319	6.8116248537003656	1.000000
-13.1189646029817890	21.9470870864328482	1.000000
34.8630683765256535	20.4335684796987280	1.000000
7.8863866533785334	23.5671877317285734	1.000000
36.0745874977032130	3.8925054628661493	1.000000
-6.2253962686662589	36.8198567623522379	1.000000
-14.0043067705909383	-64.8352620167582927	0.000000
-4.8088853853864526	14.4378094653367217	1.000000
19.8284132983850760	10.2908963108421787	1.000000
18.0265824523939813	13.6857530465228656	1.000000
7.4772662194979826	15.1491820851206871	1.000000
29.3705409650884910	15.2221644944550469	1.000000
46.9943847786922859	3.0043998688102835	1.000000
-15.0873417570740145	34.2867466002203543	1.000000
35.9534574774687101	3.8069885210902839	1.000000
8.4902677271239604	23.3143901613793858	1.000000
-12.2928175091653848	30.7562645883367090	1.000000
-12.1428888868112281	33.0286405069180873	1.000000
12.4284127012031078	20.3448689021830376	1.000000
46.5092603334876173	3.4810668915179797	1.000000
-8.1156298701068756	-58.3789913889155869	0.000000
21.5458635218019907	4.9236194284633248	1.000000
23.8530262340776993	4.6836736005326287	1.000000
8.2685418464208364	17.1609674077694017	1.000000
9.5717366455225630	24.8878012592343225	1.000000
16.8289528094652852	10.2653602069002172	1.000000
12.5432739671987257	27.1481838059556289	1.000000
13.6879578134931847	15.5336565114476688	1.000000
12.3373674645625435	9.7502193229601275	1.000000
2.5137354973636619	20.5655992124077365	1.000000
16.2875975877475874	42.8129333777701220	1.000000
-9.2459420776023205	-53.1337255215041040	0.000000
-27.4509122721013163	-69.9017526732093728	0.000000
45.7668898244104341	2.0253025933235875	1.000000
48.9371173255987344	1.0425748832165405	1.000000
38.8577910582565025	7.5992034703114566	1.000000
-22.6692847367213908	12.6648525801599074	1.000000
37.5048975600421599	17.9952266774965750	1.000000
-19.8388667214144512	27.4187807969098714	1.000000
-21.0444542591812969	-53.6389834754482848	0.000000
46.4809999890604004	1.9589525771783034	1.000000
-25.7864443337927192	-59.7036235184362667	0.000000
-20.2457030052556668	27.6698731979353916	1.000000
-26.6520901128863201	-68.8469459445512371	0.000000
-17.9599828412766698	15.5742148292393505	1.000000
15.1524783751390348	27.3438458328529492	1.000000
34.4827131964210096	13.8207259475296098	1.000000
21.8182610749850632	7.1401065841801623	1.000000
-8.6881822370911745	14.6261956366716994	1.000000
-21.8467035462102359	-73.2908679416815829	0.000000
-7.1852362324328229	25.6923148543065913	1.000000
3.8628158945234530	19.3504419446741593	1.000000
-6.0964305920794368	36.1470832086442755	1.000000
-5.6841715567641353	57.1949314533409847	1.000000
11.4063711604942970	14.2149343724046631	1.000000
-3.7151607030265641	38.3438908775163014	1.000000
-29.9935733437127183	-63.8998043244185396	0.000000
-6.9678395220520635	15.0853015671828281	1.000000
-8.2311255478391701	15.2954039645076545	1.000000
15.3285743355144337	14.5279775758129919	1.000000
27.3472830697015645	6.6358938195993531	1.000000
-11.7733579022807504	20.4762093105825684	1.000000
29.0582214324759676	14.2655431447658430	1.000000
33.5690659239181741	23.4890877562834248	1.000000
14.9656636403545527	23.7476254301359013	1.000000
-1.5932802402503086	43.8943355531096913	1.000000
3.5968096431918641	19.5091189786852688	1.000000
8.0745585441360266	14.8039250011785750	1.000000
48.6323548313931369	0.8993048003984562	1.000000
0.1058481182623945	38.3277306160697222	1.000000
-0.6839506723275092	37.0720695058523688	1.000000
15.9733469082723989	9.4033538782054524	1.000000
-13.6295209232433834	28.3235142601885066	1.000000
25.2053183092505151	2.1735166514036357	1.000000
4.9740480729235506	21.6530056406632703	1.000000
-10.7812117445857218	16.4363831561022025	1.000000
-9.2548651661326762	31.7135145699001946	1.000000
-9.8417365039561862	-66.2370878454840835	0.000000
7.1941752978590774	45.3160603582546386	1.000000
-9.3080847639450450	19.5735737298690466	1.000000
-9.7162544767711623	24.7276486156866042	1.000000
29.3717678684688259	7.3793347582090068	1.000000
9.3565989626073431	41.2384319436904292	1.000000
-24.4836439016116287	21.2570909730315698	1.000000
-11.8508668916669624	31.8860162587572376	1.000000
8.7781456033802225	25.5122674804756997	1.000000
-20.7736822612947627	-76.4517743205918805	0.000000
-6.9959342701620590	20.2157676626260674	1.000000
12.9976562949992100	12.2934736316502118	1.000000
3.8531609002875795	19.5113405993408406	1.000000
23.9304869954469126	3.5068460615812533	1.000000
-20.2712795535876147	16.3530824980784431	1.000000
12.4298722644051622	9.6222156389008369	1.000000
41.0049765695839170	12.4296525979978512	1.000000
-10.6142682761139557	24.6742700941558049	1.000000
-17.5770177979603055	45.3108049198825711	1.000000
33.9926603830955329	24.6232477949952546	1.000000
-9.1009759288304277	14.7685281448367967	1.000000
2.3134314059423815	47.7374702695721922	1.000000
-10.1810699845336678	-74.5179153227585545	0.000000
-8.1169673731741234	22.0698993504674128	1.000000
13.9644645355036392	13.9348242140380787	1.000000
-9.0524459567561006	15.2953784324026625	1.000000
-22.2437917386509518	18.7309382261036639	1.000000
17.2745420483166683	25.1335519877551050	1.000000
-4.0575752540308523	14.3579096731211102	1.000000
-5.0074532006922370	35.2201437424745976	1.000000
-10.0021638526455874	17.9350950602185719	1.000000
-17.4114451092409261	44.1246946359232268	1.000000
-13.7192286172072304	21.3503627514390786	1.000000
18.8558526468038394	9.6875356248461362	1.000000
27.7846579462882701	15.1061686580217636	1.000000
22.0372188752457170	4.7871342967186559	1.000000
0.6080898519187387	42.8394076346158599	1.000000
40.9745030164834176	6.8682323977697672	1.000000
-15.3858937855633719	34.6447519668099844	1.000000
18.5636748512835865	28.4700089960960447	1.000000
-7.0531717299753609	23.8720376144288977	1.000000
39.4008684303070282	5.0176387182886959	1.000000
-9.6259416899299737	24.1074593942573614	1.000000
36.7133282682862543	14.3983115139158127	1.000000
12.6716418274741844	11.9309385727334085	1.000000
-7.9914130591109149	28.3625481476299797	1.000000
30.5024869282914359	13.8208752224905993	1.000000
38.5063019091079610	8.4770907961966788	1.000000
27.2187667901556161	14.5330413034749384	1.000000
13.8695651612276389	26.0561557278857556	1.000000
8.9492473197208167	1.5433886838755755	1.000000
20.4219849244354705	8.4485612177058727	1.000000
-0.8234195217943352	16.3639476247824192	1.000000
11.8409691614999737	21.8510147151163743	1.000000
-2.9651792771358889	38.7920002219466937	1.000000
6.6606879365741900	15.9920790714324532	1.000000
-8.5195726876801139	-61.8992886703676959	0.000000
40.6671961073073902	14.0478699983667763	1.000000
4.5564663467883202	14.0753690736272237	1.000000
-22.2445113125175595	-58.7918345937958549	0.000000
37.6489464879199218	16.7130146651003670	1.000000
9.6630378212508958	42.0917595261964124	1.000000
-24.2952658642780079	26.8527464245770240	1.000000
-8.0227100685577870	-75.9224837030293997	0.000000
2.9945749171739866	20.1710192610303523	1.000000
10.0746365040543377	23.9087515511516848	1.000000
-5.8372651463346301	38.9186644871016583	1.000000
-6.3689179975811250	21.6655597048009838	1.000000
-12.8570164950846628	31.6807838521936134	1.000000
-13.2324642785626470	20.8392666807547577	1.000000
19.6619750196433429	25.0598463456912484	1.000000
25.7760021571461415	1.4117372459014736	1.000000
-8.2943517164868847	28.5589199868242822	1.000000
11.1225817765815371	19.0725800679776789	1.000000
41.2895175305006390	4.2074067358368286	1.000000
51.0481272631175784	-1.0174509673090539	1.000000
15.0583351995864891	23.8290249110224117	1.000000
35.0619197857114315	19.8239848620531802	1.000000
-8.5604730190549834	24.0402562919218141	1.000000
-25.0550555454494379	28.8965346136296333	1.000000
-4.6476787916220506	31.1488022201035335	1.000000
8.9863189639950960	1.8953794917109439	1.000000
-9.2412904469927817	-72.7837067968667384	0.000000
-8.2613590689758034	27.5898908175444717	1.000000
-4.7883009540013344	14.2804346769675128	1.000000
4.9618784211464684	14.1950232458234975	1.000000
7.6315086862222303	10.2396519234378260	1.000000
6.7076366800022669	17.1982274124443322	1.000000
-7.6378294288239683	20.2846015440860690	1.000000
-8.0173229641143493	44.7234189309164947	1.000000
2.5312082766476558	20.7295356142495528	1.000000
29.9325145590668278	14.5229777472585084	1.000000
2.3163827874720644	19.5489564996766205	1.000000
40.7223828414513562	10.6969358715407772	1.000000
13.0918968991753406	23.0621393263664025	1.000000
5.5775124555475761	14.9189446074890988	1.000000
-9.1869770023472910	20.7550849415004457	1.000000
-23.2298813915158853	13.4151434277684398	1.000000
-6.7552312768043112	34.3764617952136931	1.000000
40.0626504680826301	8.9944107586285256	1.000000
-20.0681746242056001	-65.0447656689162272	0.000000
-6.5691635728297681	-63.9998959638686387	0.000000
12.9926439965606999	22.3944618604655830	1.000000
7.7362640618035146	44.8465726302055216	1.000000
-11.2127977504052438	28.9819301251014920	1.000000
48.6152188679149617	-2.2537132241059927	1.000000
8.5453526078833058	0.4534201851608126	1.000000
34.1083430301768331	10.3037521490827526	1.000000
-16.6203929784682920	45.5454159179609093	1.000000
38.5487651731513594	18.3441952345653512	1.000000
-6.6054672488126300	31.0111480867635727	1.000000
-24.0956872167383729	27.9437080398893123	1.000000
-7.9476753441284078	15.3473002628838220	1.000000
13.6670555250783785	47.3591705985110352	1.000000
34.3389940627414205	17.3399867191446617	1.000000
9.2923315839745477	1.9424088770376244	1.000000
46.1865688197752107	2.6983774840051198	1.000000
-0.2326994330368554	16.6444068324359549	1.000000
26.2626527057674615	13.0274983292894948	1.000000
-24.8370699645962212	26.2278168175622461	1.000000
-5.3896564152362361	24.3005107198426629	1.000000
4.4720418583337613	19.0746742603241053	1.000000
24.2158625721634841	3.1065068783286236	1.000000
-12.4748032146110930	34.8687476548986695	1.000000
21.5815314951679404	4.9956411109771501	1.000000
7.5381720696365679	41.1857195119607979	1.000000
14.5998128732063623	25.6436860361823058	1.000000
46.4982195139858021	3.9413612123508499	1.000000
6.4901406311487593	18.1434758320849312	1.000000
-9.5136547454833238	-51.9574805568963711	0.000000
9.3604012689433347	10.1069875112710434	1.000000
-16.4682041389825287	-64.1854428998151008	0.000000
36.1803588793287787	20.4456047577851834	1.000000
43.4516192005417139	4.7003638453018288	1.000000
12.5723835497772587	27.9229168486081818	1.000000
17.7379326504440087	26.1895390261871057	1.000000
-18.8197393114441489	33.0259572010092910	1.000000
37.3595124907436684	16.3133591661235577	1.000000
7.7695219240742031	27.7869825104640036	1.000000
17.7105160121394043	31.1012287433886883	1.000000
21.4383019472317571	5.2471031449545054	1.000000
17.8086787884412061	9.7047098547144195	1.000000
-11.0896996097261376	19.3429875600544996	1.000000
4.6957991896422904	18.1563614571350342	1.000000
15.5694932883407144	27.4063857906216342	1.000000
-11.6706531598604197	25.0925749402848375	1.000000
-22.9621417040123852	-60.7218875768226454	0.000000
33.1973677694679594	23.2053023120241164	1.000000
3.4133473168069468	61.0496270848598002	1.000000
-14.3217307158948159	-56.9075567512208735	0.000000
10.1192010052086516	2.9045608245253702	1.000000
4.9577717195439526	35.1816811223433490	1.000000
27.9867068801947632	15.1465743607999173	1.000000
-6.3530022310655090	32.9794305109209205	1.000000
-16.8212911504064877	41.1427007198412582	1.000000
-29.9237607764408970	-62.4569440494306463	0.000000
-9.0729520904055807	15.4115135257878570	1.000000
-8.8551690918129857	-55.4185296268750207	0.000000
43.8041454559922769	2.0581108677868274	1.000000
4.7050026860644181	14.1196911303735462	1.000000
-6.2281506411872094	38.6517549863862584	1.000000
-15.4361487259583683	-49.0193298096151153	0.000000
40.8998615794943632	11.7377947829694609	1.000000
-8.1991045373045139	31.3726538136840141	1.000000
10.3774310308186539	2.6398781983013229	1.000000
-17.8199112551969456	-74.9312606376749386	0.000000
-23.7127055739450157	16.6309860802022662	1.000000
27.5018321022021333	5.8429921822450073	1.000000
43.9437529571189103	7.5247421711247000	1.000000
22.7637655754577608	4.0689123569833177	1.000000
17.9960201574676795	8.8715190846399654	1.000000
-5.3649741977950951	-72.0226737588161541	0.000000
0.4690009464051998	17.0482879678924952	1.000000
-23.0169173509619540	-58.1378608424289141	0.000000
34.9033585195553684	13.9207523367525994	1.000000
28.9137725453932113	14.1464686578047658	1.000000
-3.4172159530831547	-58.7172591777889039	0.000000
37.9254260912428691	15.9786964967977525	1.000000
9.5165723455244713	2.3157105400468816	1.000000
45.6675269838371918	3.8006302774943044	1.000000
-3.1885007562361385	28.8662546065733672	1.000000
37.7779676667351083	15.1732748199067906	1.000000
29.2154846624766016	6.0828818000051621	1.000000
27.0334960230826304	8.2134922330502320	1.000000
-26.0753411125586680	20.1685452213624750	1.000000
39.9533973956259985	6.9252982434227430	1.000000
-20.4219552823251860	-67.5731252329838412	0.000000
49.5641826720460017	-1.0009366462338749	1.000000
33.4749433748615672	18.6319093173464871	1.000000
29.9728244938445165	17.0892209452093340	1.000000
-23.2346633390702522	-76.6782794474789711	0.000000
-11.2144732041501101	-74.7585717898808753	0.000000
23.9293462682535285	3.1015210944815315	1.000000
11.5287336995218848	18.0327837986394037	1.000000
45.9201088081471624	4.9700866626337810	1.000000
-25.4795764611509377	29.9127229191181847	1.000000
11.4141721144861403	17.8637278320674930	1.000000
27.9384625577854635	15.9075008835680975	1.000000
45.4545740311777280	5.8314244187064830	1.000000
-6.5772567637127066	-71.7184344951780020	0.000000
34.7777573713379695	14.1538613886422109	1.000000
-7.6369226343632395	20.3192163463808093	1.000000
-21.9366772678412261	-77.4052165300319643	0.000000
49.5537607246221299	-0.4856316051743214	1.000000
-24.1924749894588373	-58.3575733798720577	0.000000
-16.5878882773447849	-78.9356389553318678	0.000000
39.5241848131326350	5.9097532284004171	1.000000
25.1261117111682246	2.2377078889647724	1.000000
-8.1759102153540884	28.2105976787525066	1.000000
37.1447010309994354	15.0786771915904989	1.000000
-10.9299562235878369	19.0470682079600699	1.000000
35.6487886681427995	14.2853554466337407	1.000000
50.3237242545013785	-1.2728271916830611	1.000000
3.6650927682442096	36.0795253205095605	1.000000
-7.5528657603296487	31.4626759628379098	1.000000
37.8678137002931408	8.3670476332975436	1.000000
-19.5522432366622887	13.2491375079189346	1.000000
0.4033193846456968	51.2416325200235150	1.000000
3.3455291342189120	46.3064400566411010	1.000000
16.3147491881698627	16.2852340987626789	1.000000
8.6476620778327877	16.8786104916228545	1.000000
12.7103086225975250	9.2441762284910336	1.000000
8.5939951043985428	26.0457461940318424	1.000000
-4.4046632204539069	14.6320309411963425	1.000000
-14.3140108627138964	42.1636901539626621	1.000000
11.4081889471127749	18.4656246069110068	1.000000
-10.6524605017362290	20.0738103410311517	1.000000
-7.8487033230028151	14.2199859375865429	1.000000
39.1518967704331118	12.5494809594489922	1.000000
-20.5357299580086590	-59.0322175092669568	0.000000
-8.4662823829084317	-50.4690765531520427	0.000000
-20.5223882667778952	21.5613812208094302	1.000000
15.2289813007374732	8.7202375351709449	1.000000
-11.0491008912540334	47.4063098968983425	1.000000
7.4809924240189236	14.4668671121683108	1.000000
-10.6236468836453373	23.9959630520131668	1.000000
26.2060689395106614	6.6386941662241012	1.000000
11.9175010043243930	17.0658827830170594	1.000000
46.3755574727796116	5.7989933437575214	1.000000
-15.7701925319332705	-56.0751758342473181	0.000000
-14.2614742268461718	22.4520329233512328	1.000000
18.4156496452837537	30.6427450204703540	1.000000
6.7246487129984738	18.4803914694702449	1.000000
-28.2931688616880024	-71.1020822572939437	0.000000
43.3427624229058992	5.2711946500059845	1.000000
10.2714537328303841	13.2081130757644036	1.000000
7.6440432425626357	40.6841576981563975	1.000000
16.7665200417492457	30.4966554780210792	1.000000
-10.4247433473711446	-56.6825074518846463	0.000000
-25.8585299234813633	26.9815048254653789	1.000000
37.0070270751172572	16.3441404381474236	1.000000
12.1149836704191234	25.7092263466426800	1.000000
6.9161723055983488	18.3372614709282686	1.000000
-5.4034884779899546	13.9610081925876326	1.000000
18.0466681352275202	28.8163597021869720	1.000000
-23.6967964680796044	19.8318518433026370	1.000000
-10.5111903230000348	46.0526029470736873	1.000000
7.2255262795588511	25.9359991464422848	1.000000
8.2283737400195331	15.0976007894193085	1.000000
34.3192353775429879	17.6319671325284020	1.000000
52.0699897028419230	-3.2048280075668787	1.000000
35.2997785210806541	18.7924798183774620	1.000000
15.8348843390835050	44.7917648416874243	1.000000
39.5535265692825746	11.2043108237557654	1.000000
-25.2993930810190761	31.5447462648236794	1.000000
-9.2323454254738451	-58.3894935715548513	0.000000
7.2418707370675603	63.1507223930065535	1.000000
-4.7894742528797982	39.2153657372074775	1.000000
-12.2752427119274063	19.6738350567076807	1.000000
-18.2542694047921934	-80.3455047341937814	0.000000
-5.8455199694472562	-58.3998829097229120	0.000000
-0.4093116299905943	49.5292236041355807	1.000000
-13.9134176927582480	-76.5322997496162429	0.000000
-21.2450767449714064	13.5651026304430999	1.000000
-4.6678580804220120	-56.2670613844240251	0.000000
-3.9799792793878823	36.5044832481813586	1.000000
10.1832972903691221	41.7238359692061138	1.000000
9.3790065120874733	9.7910790858998116	1.000000
-11.4787330399784295	-53.5403805042508623	0.000000
1.6269796622345425	39.4635328566560659	1.000000
17.1878634812277085	8.4267174681168786	1.000000
-25.2751489936729214	20.8138450481935990	1.000000
44.0809165743060731	4.8333342887130799	1.000000
-8.3309228783626530	15.9455179932742279	1.000000
-1.6842585251823461	-60.4067246951258525	0.000000
-10.8992924036057417	-55.6634873601361875	0.000000
26.3826497364938248	8.1919031061803089	1.000000
-16.2992122510670931	-55.2223814794588321	0.000000
-25.4154104368328966	28.6926021476676176	1.000000
27.0862836158849305	64.4554004019573057	1.000000
40.1409877044855605	14.1991972377611457	1.000000
-25.1532378705184172	25.2986849932580995	1.000000
38.0836331600638616	15.5114365750953009	1.000000
-17.1493375477453291	33.4566249743230131	1.000000
1.9798109033605782	34.9878343222944466	1.000000
28.7434190261061886	63.6916893094508012	1.000000
-13.8254070556334039	49.3159510287168956	1.000000
27.9676779218769695	64.7758838168208229	1.000000
-20.5016761149576183	42.0981824882457687	1.000000
26.4309775676392320	63.7819906531883518	1.000000
38.0647034286594916	19.0772473723993627	1.000000
-18.3254078948800867	15.6222171473639850	1.000000
-2.8157135279825347	34.2436884841671585	1.000000
-8.2126321012035408	-56.5000618260031544	0.000000
-21.4589375279884464	24.0290681039750531	1.000000
-11.4445012097271022	-76.0806170389172536	0.000000
-9.3801148364012725	44.0642146878589500	1.000000
8.3627082857745414	37.7685330841683893	1.000000
-6.7467900212890362	33.3099740814880505	1.000000
-24.9920382612354608	28.0358188611007790	1.000000
-12.7756346954849871	22.1226485377783888	1.000000
-11.2798471114020966	45.2491631091201683	1.000000
-14.1274348882189518	-55.0975685199316771	0.000000
-5.1644852226111881	46.5317274877800315	1.000000
11.5357196129611523	22.5267704559473820	1.000000
-20.0783447808620963	42.1166835323035826	1.000000
-1.9375869236000163	43.7494918684626626	1.000000
-0.1043036051954802	42.8639360470403332	1.000000
-20.7370401094389223	27.4030397346110028	1.000000
-18.7765612925214782	23.0116670965765415	1.000000
51.7131450124204761	-3.2083862926771718	1.000000
-2.1594580706809361	33.8094682583854365	1.000000
-5.2819805245069009	35.1213103135229190	1.000000
-11.4686158180165521	-68.4747000744409888	0.000000
39.7232426227988142	13.7817370246274429	1.000000
45.5090178489599424	2.1982830510348883	1.000000
-19.8534634709036695	42.0628807941864480	1.000000
16.0207158882451211	42.9376096285465110	1.000000
-11.1096905302908233	46.8499156033762674	1.000000
-24.3978483365119168	-63.2078805876497327	0.000000
-17.3173657524736413	48.9304783105306669	1.000000
15.4666180295010616	46.3743472454217169	1.000000
-18.4758547210103821	-49.2949868758272132	0.000000
35.6543410205460347	19.8424462848246321	1.000000
-7.0690104557385469	58.1057571047029242	1.000000
-1.4151810137114191	-61.7962198928897593	0.000000
47.4909380698357282	4.1132019153350141	1.000000
4.2350874491829478	51.5797207320070044	1.000000
-4.7655484332634837	32.0494153121863476	1.000000
26.4338070409823089	54.9986524897124411	1.000000
-5.3248600900499063	45.8062382322645476	1.000000
5.4490998578674947	49.2685952148208841	1.000000
-17.5423025619886239	46.8917022226024258	1.000000
4.2397590630993571	50.2849963057640750	1.000000
15.1764936738202998	30.4889553000801996	1.000000
2.1059096253022385	50.6175553805872838	1.000000
17.0617632533222476	27.4645190831458201	1.000000
3.7901259300261603	56.1638007624921798	1.000000
-27.0679035072099836	-67.6387407460027390	0.000000
-4.7950539785713300	46.6019165498158330	1.000000
-5.3475137628332181	51.0784468833773957	1.000000
45.7033062054389845	4.7069864213309911	1.000000
7.1928378463046077	45.0084312064972565	1.000000
-4.7957981386908584	50.6078147562723615	1.000000
8.4562854620270311	41.7719528303531504	1.000000
19.6299225334516549	30.0995632318121018	1.000000
19.5448612849434156	25.4289433832475851	1.000000
-10.9338561154343612	-62.6336751075785614	0.000000
8.4653430507892953	38.5038554875567698	1.000000
3.9954594032435748	50.9263741887294685	1.000000
18.6333391578991616	12.4623318101710208	1.000000
29.3866476945923374	10.3891363258857634	1.000000
7.2712727881108101	37.2170846391191361	1.000000
-12.4412233276600297	32.7704869347560930	1.000000
7.1724652245093381	27.4177076994230760	1.000000
4.5709873739878404	56.6323845599999345	1.000000
39.4578510087061360	14.7525894171456713	1.000000
22.7175325732055597	21.5933948271738849	1.000000
-25.1813310682578688	27.9058535070313631	1.000000
23.7740391242983549	63.1994091399435334	1.000000
36.9641823615309590	7.1741665058867374	1.000000
-30.6415858892568416	-58.3917592552967619	0.000000
2.3965899721452408	51.4167408157996988	1.000000
-9.4073277062691751	53.6775768808058800	1.000000
-3.9573875109416532	29.8483787937202756	1.000000
14.8991473239540131	48.5150557866676309	1.000000
0.4156150134436143	51.4799536227367796	1.000000
-7.3723197840662618	55.8645222083271520	1.000000
-2.0668928419438428	48.6672692165231027	1.000000
-11.2185474346309046	45.9178082694956231	1.000000
-6.4656342692792634	30.9607533899059568	1.000000
-24.7719146579184972	-52.4362295776220719	0.000000
24.5306332522135122	2.4903760484176720	1.000000
48.8731113408713256	0.1739079664130113	1.000000
12.0916905352195201	63.4104138050013759	1.000000
36.9885082571942121	7.0437847047005535	1.000000
16.3350968014659408	26.3355649054420482	1.000000
-16.7495357529212789	-75.1564228540461272	0.000000
4.0247613977132453	38.6080732767002885	1.000000
13.2151524058180332	44.3186776057220513	1.000000
16.8682930601695453	10.4073273420295305	1.000000
35.6551921592304168	17.6158832071954734	1.000000
34.0847168362455548	15.1766982608233647	1.000000
-23.4410619494395753	-71.7555306645521398	0.000000
-19.4799050785300523	46.7789286367565325	1.000000
48.2871470008264154	0.5848081401217019	1.000000
7.9015182606185217	10.0570750476734201	1.000000
21.2294985379939760	63.3830323220184937	1.000000
16.6069554342559975	30.3870529438537851	1.000000
4.6854476236095870	57.6957062906632743	1.000000
-2.0934176694210151	-59.0229024729708058	0.000000
47.7883379993337556	3.9557634189255331	1.000000
1.6402262296961660	60.7109979059449572	1.000000
48.7747614143949875	1.2362762213644443	1.000000
-13.0277415398442624	46.9301159586858176	1.000000
-16.8424588967677735	47.0815351945694189	1.000000
4.9699867280815706	58.1988871220945398	1.000000
38.5739060726476666	16.3295713591114655	1.000000
19.6153739367141995	11.2856322458791265	1.000000
11.6107761890111565	44.3466426250993919	1.000000
-20.1130136304054261	22.3607019729439678	1.000000
7.3596678524845016	38.6808796598281361	1.000000
50.1136576323352116	0.3729995860076871	1.000000
24.9165155121969377	64.4911870551595428	1.000000
-22.3419163409711992	25.3845979557447059	1.000000
28.7072653596305543	63.8421025819334673	1.000000
52.0735444042787989	-3.1296594994377127	1.000000
49.7871688968434185	-1.3545372112331631	1.000000
-31.1805620541305863	-60.2035744542746158	0.000000
47.9943587460010477	-0.7581304550964763	1.000000
-0.1198237524041481	17.9550580156771495	1.000000
-0.8653043151851616	52.3937984708725111	1.000000
-7.2397061149962205	25.3160940722539003	1.000000
-2.8305469147807254	30.7198081955837488	1.000000
-26.1230968013671934	23.5048076527560141	1.000000
-17.6489560109067121	-66.9161949158312268	0.000000
17.1541731136701188	10.6562493375201246	1.000000
-10.8175765348106836	-70.3477057493669662	0.000000
-13.0130145533603230	-74.3309522230468218	0.000000
-23.1143594279411957	17.4096352539612660	1.000000
32.7484418635605579	19.6565324598848683	1.000000
7.5608939095880592	16.1941339548699546	1.000000
-15.9818936141109784	47.6729907103479391	1.000000
-21.7110808791198409	23.5104698348991086	1.000000
-5.5793092032131320	36.8038603140538143	1.000000
-11.5737763454790130	46.8500132437636623	1.000000
-10.4059829642926598	-61.8183021909250385	0.000000
8.0610693338484083	27.1869758615403505	1.000000
-13.3260574608015752	29.3922358630819289	1.000000
-16.8731503598642298	41.5633141066211493	1.000000
-5.8563325181058685	36.6438593483432484	1.000000
12.2675325774949684	51.5617114922556254	1.000000
-25.1791123423179748	-61.5791881050062955	0.000000
-8.5951051785143022	57.1843840832386974	1.000000
3.2596186734336241	59.1335801101384604	1.000000
17.9710157793508110	52.4282501969582668	1.000000
-10.8999547521712312	16.9583419459204450	1.000000
32.3795507105204408	18.7286794180917546	1.000000
24.2310298381064690	58.9967915737157114	1.000000
17.0791566056935196	63.7282098127485241	1.000000
23.7089691972362786	59.5757867652825794	1.000000
14.4777806256864920	52.0347878868680382	1.000000
-6.3081434548076745	-63.0770161793653941	0.000000
26.4151950656924228	55.1335202233476238	1.000000
41.1642863502135015	3.7569989303822031	1.000000
-17.4133883906152995	-64.3322697819525899	0.000000
7.0151028469292260	61.8003709304739033	1.000000
13.3701652781910152	52.8356498703985977	1.000000
18.0200032901966374	45.6752757224546428	1.000000
13.4358901964568407	53.8901257411786574	1.000000
12.3128991938574632	50.8335722207853777	1.000000
3.4535183032693073	57.8431740923115569	1.000000
18.6224212029948895	54.1167370852816418	1.000000
26.0278946542867260	63.6895592155407044	1.000000
26.4962769352890106	62.4264449055192117	1.000000
6.8760208329609069	46.1598649934002978	1.000000
-4.6606133231445694	59.2931091835096638	1.000000
-8.1753040052725776	58.5078900501112358	1.000000
-7.1659358181276369	49.4066959900754554	1.000000
-2.5367903014470694	29.7874917428055603	1.000000
12.5647652170631918	49.7835873842398868	1.000000
15.9000706751131133	51.7990960466049444	1.000000
27.7924120879487013	55.2740176182807943	1.000000
46.5648621724595557	2.5289911421699296	1.000000
-24.5031609911608506	29.6963206132536683	1.000000
-15.3285421349924125	42.4570357092549955	1.000000
22.0608202309837829	63.0580115924663360	1.000000
5.6292208722159920	59.8478941065224959	1.000000
27.0473914632089354	56.1770338803250766	1.000000
-25.3061993897027513	-56.3053877947048065	0.000000
46.5708222230740532	2.7997328613556545	1.000000
32.2746416056115990	16.0339220228528703	1.000000
-12.4424507708590202	-51.3765642028248664	0.000000
1.4838680615945001	51.6005791640211839	1.000000
-22.3997454563435312	-66.0455945023033877	0.000000
-1.2526344968936503	43.1329109278667744	1.000000
7.3658792241998166	44.9514630433501452	1.000000
-10.5793890636464774	43.1405453885779764	1.000000
33.2537656589950146	18.9060016168856535	1.000000
23.2930463111737325	62.3586233996587325	1.000000
-5.5791955104260893	57.9545587527310815	1.000000
-5.2970207960582014	54.0206804658713935	1.000000
4.2757981646737591	51.9822068034950320	1.000000
25.9882873721897099	63.1669463359936856	1.000000
1.3022482068914911	39.0622481460442970	1.000000
-14.1991651559110643	48.8923170797942177	1.000000
22.0125520482679988	21.5215470362832555	1.000000
25.9536899424581300	56.1660317693207958	1.000000
-11.3303543927064414	42.0632197416879023	1.000000
-12.5607065548594896	46.9393967324158083	1.000000
38.2808825602657237	13.8387356189908228	1.000000
-20.5734834586752022	44.9236452731113687	1.000000
13.3655418984781083	49.2264754703649459	1.000000
-18.3160628385683744	47.7782331877119049	1.000000
4.3288282440097650	50.4291320628885273	1.000000
12.4395920710657979	42.2061672762535380	1.000000
20.8983716168214322	14.5497241887141229	1.000000
12.6540223887044689	51.6049073190105787	1.000000
-11.9262696596200062	33.8580447421442727	1.000000
29.9674148840217462	9.2679304757069740	1.000000
42.7556290799049066	7.3704987415274195	1.000000
-15.3269122703579423	35.7212451629263228	1.000000
-17.6907590189296862	-53.5855636330838934	0.000000
10.0974465406443965	13.9436254119484033	1.000000
17.2073716404552854	26.0802802845755153	1.000000
7.7753964926613044	46.8764372992483587	1.000000
-4.4019345302779902	36.9803611861831385	1.000000
-9.4771741333377335	-65.4057093722045124	0.000000
35.5121612371214397	14.0103563344183524	1.000000
4.9580679588192540	57.9827931094434845	1.000000
35.2685209799744612	16.7802262950534811	1.000000
15.1144554739865651	48.0986779576105548	1.000000
-23.7930386650430279	-60.1331846241016805	0.000000
9.3719374872933230	25.3301703443059267	1.000000
-6.9354885422752712	57.3169640257082946	1.000000
28.3112318669466951	16.0959731421281376	1.000000
28.1782309793290224	64.1165625649625639	1.000000
-5.8545008311958151	54.1576805283632225	1.000000
-12.7906126873584789	46.1964934118945791	1.000000
29.5718555969805692	65.4223374161643960	1.000000
-25.3799530851793200	27.1281319371745440	1.000000
30.5921319634233271	66.0959069949252580	1.000000
-14.7646193941391530	35.2955907521430703	1.000000
-20.8769781196696549	-75.1138871546879585	0.000000
45.5698223294359508	7.6751141089949781	1.000000
-3.0880996440744184	58.2255233590273136	1.000000
-11.3562859782599226	29.2184864450414601	1.000000
-13.1891421334646637	44.9727815922952416	1.000000
-23.2899362826010083	18.9488418029213932	1.000000
12.4033609604147284	19.9441684684424523	1.000000
-18.4159817141978905	41.9678238597299185	1.000000
-18.9299346823128332	22.7497786044778962	1.000000
-16.4599456692030586	44.5138598029974943	1.000000
-22.7819432599626204	19.6282229355919462	1.000000
-7.6770329532038675	57.6464425014124942	1.000000
50.7059802550605738	-0.2667197025505377	1.000000
25.9435407172489398	55.5303529577271391	1.000000
-13.4401411412153760	44.7368671090056793	1.000000
51.0968651738137112	-0.8040160074275128	1.000000
-10.5323344912969539	58.5330078989892826	1.000000
-22.0138930387764731	-51.9361763630685118	0.000000
-23.7382517385089464	17.5755960587567905	1.000000
13.4596573524366576	53.5355357313282312	1.000000
-14.2497594755348658	35.0709476913510230	1.000000
-24.3696903140328054	21.4680459349670798	1.000000
-20.8683102033213004	26.9127739603343912	1.000000
-16.0913849439181575	40.3764579380520416	1.000000
40.2913085008460996	3.8865899873739540	1.000000
25.9112033698653050	55.9001480763059249	1.000000
13.4827629531922906	26.3806525765993314	1.000000
1.9664225731995566	35.2330877548279986	1.000000
24.5571639752702566	63.8853016645907488	1.000000
10.3130712584862234	40.5731852905539867	1.000000
-12.6030674683426582	-65.7913656457606919	0.000000
3.9094034914266533	59.1578676949129019	1.000000
-13.5236063901794079	-65.6708188807214839	0.000000
24.9897266655990471	63.2515376726941128	1.000000
39.5740321943483337	14.0242447892983009	1.000000
15.7636481688844121	50.5805047377384440	1.000000
10.3041449507599445	43.4461472218366609	1.000000
17.0843495274786612	26.3674583199470014	1.000000
-6.6055868828368887	48.5418392671459813	1.000000
18.5065924715739705	54.1127706723704733	1.000000
16.8509278627894403	49.6458601710694651	1.000000
6.9220470258720717	46.7392495968249548	1.000000
18.8221325920786455	29.2600542123838814	1.000000
-22.2322657394520391	16.2655619135658576	1.000000
16.2117120320827688	48.7745948663378783	1.000000
10.9190079751486824	63.3592693808261771	1.000000
14.6869357822758264	55.0350360509618710	1.000000
-13.0313310022610942	45.6026865946818774	1.000000
11.5464018746671329	52.1006004216617669	1.000000
-15.0231432606318762	-68.7918200534828799	0.000000
15.1361867872417797	43.8743385348824262	1.000000
-20.0436123336702252	-66.5806588282029566	0.000000
16.1299341969901775	45.3366049254455632	1.000000
-27.3698291982397386	-57.7339881280947438	0.000000
5.8651765656523205	48.9544975690064419	1.000000
-18.4562351842248447	46.4948636690313890	1.000000
20.9776509705235341	9.1916826969926895	1.000000
38.9713657650059346	6.4778119406684445	1.000000
-15.9755330206582329	41.7857574783584269	1.000000
14.8938500603778401	23.4684431744379332	1.000000
22.8872087890539611	18.9454954265045679	1.000000
-5.2213642106231841	46.2015769084005257	1.000000
7.3254154208663120	62.9388631089922441	1.000000
13.1767146024117032	44.8298858162987770	1.000000
-13.8703515580924961	45.8327327994610130	1.000000
36.5469340880785509	3.7523283946813120	1.000000
-6.3985084787318689	-69.7676032089246263	0.000000
20.9347278558321435	63.2765853515381664	1.000000
25.6636955546434571	55.7342323490281402	1.000000
16.6257122675694688	54.3073273650986437	1.000000
20.9051850724363426	14.4127745449722742	1.000000
-13.7213412513020181	47.2648736065131061	1.000000
3.3224702221865599	56.9794396630904814	1.000000
11.7721200376966930	43.4231149379940220	1.000000
-3.9653136054041456	52.0882999471155657	1.000000
38.8744723711059876	12.3514621951225898	1.000000
-13.2704253391908384	33.1851022480535178	1.000000
-14.2679382205248686	34.5211662075299159	1.000000
4.5301861342236105	56.6500378034096457	1.000000
-12.5626235445301919	29.9698874601988869	1.000000
15.5867900384038656	48.4234901448793167	1.000000
-4.3821351754471527	45.0962522243774302	1.000000
16.0648182312258676	52.9677830660497975	1.000000
35.6170606706156363	21.0635918788189578	1.000000
10.8194640122802053	43.7208303755931453	1.000000
30.8751155481911397	10.1992671863995525	1.000000
25.6369229811227513	55.7339767667914785	1.000000
13.8378793152370623	47.8320288380000918	1.000000
-12.4335155491101723	-68.2833635363667213	0.000000
-15.1015738148118874	-74.3018526716285237	0.000000
24.7196590768075168	59.5372882121624301	1.000000
-0.1438616915518340	51.3910942240541289	1.000000
-8.2056041493623244	-51.9133271720161886	0.000000
36.7192342726666112	20.3717456168875799	1.000000
-5.6368203824017344	50.1542714207455873	1.000000
34.2155059972922473	18.4527459524091064	1.000000
19.7859140328572778	29.9547227084552858	1.000000
18.4083517808522039	32.4984427643289990	1.000000
-16.3919817147910365	45.1967612258777933	1.000000
9.0150913331096838	24.0601913047699796	1.000000
-7.1102102813026891	47.8547964411713878	1.000000
-15.6018055391206119	-62.5723071569118119	0.000000
9.8272480020255966	63.6217202937781039	1.000000
5.0081589977158218	35.1473410474140593	1.000000
17.0463627431514340	52.5247798371211800	1.000000
8.3502336627047029	26.5772735056276268	1.000000
23.7509519428626277	60.1494668387016205	1.000000
-5.3770940814944694	46.5937529842410427	1.000000
-11.0260258260003638	45.8147340304577284	1.000000
-0.3164156960710373	45.1140738893640076	1.000000
-7.1270085408148454	58.1776910059344203	1.000000
6.4436143745929737	60.7902473282812821	1.000000
24.1651832183069217	58.9909264985319552	1.000000
-9.2827289948485738	-60.1106790114851677	0.000000
-1.8458208301654264	61.8569394508066424	1.000000
-18.6189944695125504	33.0683049041061494	1.000000
-0.7530429767046790	50.6997074702408810	1.000000
18.0275320504631225	31.9539042042223862	1.000000
-17.3981504413307242	41.6314145193162730	1.000000
18.2891817262417824	53.1244760232533508	1.000000
-24.5073408742632033	27.1826581020773510	1.000000
45.8647463241281486	6.4292336787874413	1.000000
9.0186819254974555	64.6548790940263274	1.000000
-26.1512758625790696	32.8558777594516869	1.000000
13.4360192720536187	63.1180600565962635	1.000000
6.4380323257634338	36.9667101693107512	1.000000
-22.5803686481540389	-67.6882134460500566	0.000000
0.0547959982903105	61.9668592157514979	1.000000
-11.8099041314937985	-70.0926964888215878	0.000000
-18.8831881281994782	-62.1322074869047682	0.000000
-19.4218534536056389	21.9986160723143271	1.000000
-26.0013708093243814	25.3765649052767515	1.000000
26.6011792461462271	64.2604134112371668	1.000000
16.8617713313402717	49.5560840513043459	1.000000
-19.7529699420740243	-75.5476367502571691	0.000000
-5.8320259745535425	24.0184518784788672	1.000000
-1.0511160836346978	61.4863769717996078	1.000000
22.6952489070461070	61.7923289706314804	1.000000
22.1533922972370299	62.3465706811773472	1.000000
-17.9951398261987663	47.6771435956762062	1.000000
18.8305017149263847	54.3471489210347869	1.000000
-5.5141654414441090	34.2303762860644767	1.000000
-21.6108149312444766	45.7512638812712993	1.000000
-7.0010874711823456	47.6782281652349340	1.000000
8.6345359658622183	27.4084304692243634	1.000000
38.4087682206039887	5.2745001998988288	1.000000
-4.8094289185329497	28.9472738536046670	1.000000
23.2108739471940169	59.3394362407442202	1.000000
12.5681338887463063	42.1181103058592683	1.000000
25.4747921286615764	64.2048754957683769	1.000000
28.7919268084318851	63.9216768766561785	1.000000
45.7089185326347831	7.6375353231691294	1.000000
-22.2331875024772927	24.0848171486865397	1.000000
-15.3504167445001425	43.9193004375926748	1.000000
-16.3730006650570239	42.1448638115335257	1.000000
-12.2896925532169643	-58.5694801303026082	0.000000
-9.6842763582093969	53.1661572880042144	1.000000
33.6268522089504245	24.6406934658577974	1.000000
3.8882186464973052	50.1140141464750641	1.000000
-14.7415112297809365	-56.0135940813187148	0.000000
-25.2710153816669418	21.9543163464809723	1.000000
10.7806438803321178	51.3260475604370470	1.000000
-16.3681385069646197	44.2108366793410781	1.000000
16.4004463998951131	43.1236707869116032	1.000000
4.1079558050952576	59.7312237845970486	1.000000
18.1677796843462822	49.5431955926940262	1.000000
4.7570167657352407	59.9538612370673860	1.000000
12.5403733996851443	53.9994670114217428	1.000000
-20.5602635142321724	46.3485062652310660	1.000000
-25.3712003991264119	28.6755359599238524	1.000000
-23.1683275274565936	16.8088156633109200	1.000000
36.5727109997710116	15.3782073098299072	1.000000
3.7654323695623866	57.4729025916007430	1.000000
-7.1446703514194647	58.2450875596563407	1.000000
-1.9625272725428433	58.4677695186780397	1.000000
51.2917921755531339	-1.9186793885635203	1.000000
-25.7770664583128415	32.7028651083321549	1.000000
-2.5381044885664061	-72.4301394136964802	0.000000
26.1704976492664514	64.5661027038497650	1.000000
-26.9972297819028597	-60.0530914959052637	0.000000
-10.3644945362895537	-49.4520432500880105	0.000000
2.2823877785571338	57.2645951667390207	1.000000
-1.3626460275727761	47.7624627202864360	1.000000
3.4092574381783516	42.4563331546804150	1.000000
13.4685751906835449	62.5416578570343731	1.000000
26.1480100662449964	55.8844395621203560	1.000000
-14.7584845247334826	-60.9871129246398951	0.000000
26.5651052124431715	61.9902203861531902	1.000000
17.1154040662052900	42.9809416623857103	1.000000
27.0929236421482358	63.7092557115156737	1.000000
-3.5951612569622906	-62.0482737459565996	0.000000
-6.0271358025764226	59.6110734955167771	1.000000
2.7743313409104968	42.8497797468664814	1.000000
26.0163740078135639	54.4727046989950026	1.000000
22.3852672270785327	62.0908975781672368	1.000000
23.3994278576205161	62.7581073406998371	1.000000
40.3270286294500835	5.5673074344304441	1.000000
-1.6034156360998191	49.1563498995678643	1.000000
-7.2584227388419338	57.1337974575126495	1.000000
23.7161183635252186	60.0130699523317617	1.000000
-10.6844611022613893	44.9188098103942792	1.000000
-12.7166802275190847	-64.1371981474553081	0.000000
24.2669761684374343	60.0207274515168052	1.000000
-23.0131864378138999	16.9693105156681909	1.000000
-2.8488573577225536	60.0433581341166800	1.000000
19.8624591641185333	64.1427036983525909	1.000000
2.9577673516447893	58.5113282324672213	1.000000
-14.3555792941985398	32.4535787953953232	1.000000
-14.8423372831779563	-72.3454750742862984	0.000000
13.0923461708759046	53.9345884659903447	1.000000
-15.2391093414966328	-47.4341892158924026	0.000000
15.7551605079307517	50.2991539089203670	1.000000
17.0329776370109656	49.3466435770478000	1.000000
5.5934551888701467	62.8139800209445056	1.000000
1.0861667655220366	62.6141859128387992	1.000000
37.8200164912014500	7.4391831736212444	1.000000
15.2030177196526921	62.7833923908588218	1.000000
24.9374736138517896	59.2071085551665277	1.000000
-16.1780961627891564	41.9502940116774283	1.000000
1.9711567325698638	51.3551879102488869	1.000000
-7.3345179697232812	59.6636759181198855	1.000000
-12.5712115201660186	45.6419305858062643	1.000000
11.9843710108243275	51.2659471554956738	1.000000
-14.7984929729541257	46.1478769924555650	1.000000
-8.0100489753870061	31.8628619011278289	1.000000
19.2197604190214619	15.2298704674347753	1.000000
-2.3171454756975454	59.1766197696390961	1.000000
41.3684791915212600	12.8277467917075221	1.000000
51.1399752797028668	-1.3912045519819989	1.000000
6.7336889760074810	46.9797014721128718	1.000000
12.0641951801235159	63.5971436826415797	1.000000
-9.8328949929469029	-55.8231584363828333	0.000000
18.0057343397184013	32.3405756313457999	1.000000
17.1853977000107179	49.5230203088582286	1.000000
-8.8055424813479561	59.0303921300311600	1.000000
-3.7697111010631876	56.9168311136602583	1.000000
3.0228258976921576	59.4221950874951474	1.000000
3.7266616212751615	61.7412000042147042	1.000000
-4.4916710892322369	59.0286065436132077	1.000000
3.8534686734312609	60.4950163827533345	1.000000
-16.9716616872537820	37.8794948972487404	1.000000
-2.8922990628021941	59.2815088570250950	1.000000
48.5402026620338987	-0.9310717019697879	1.000000
18.4384427130882962	54.5441058641029741	1.000000
-26.3644016018274492	28.4419222594997372	1.000000
23.4371462667805339	62.0030182555647329	1.000000
5.1677777777336029	50.4281971581613320	1.000000
23.1558067210278757	62.5076266075661593	1.000000
-6.5304989571724210	60.0969787874316026	1.000000
-1.4898016957321758	62.2256506848516580	1.000000
-21.9115047525298650	24.2800661496849131	1.000000
16.9095838642119460	45.6062468815340409	1.000000
15.5367559822512753	53.7937257474234656	1.000000
-24.0948654370102240	16.7782242779768787	1.000000
16.3155644675704394	54.3016636301361260	1.000000
18.4181473804114049	31.3416848927552714	1.000000
16.3066759254523319	62.0382953865463094	1.000000
-14.1246976989715876	47.1369248704482899	1.000000
0.0973645783935378	47.8842274490357056	1.000000
15.7005928631788407	54.1982989813581213	1.000000
7.1633888921317430	9.8226850450876526	1.000000
-13.1566748236256981	31.4202305374210979	1.000000
-24.5666385286587676	24.8339737647259327	1.000000
39.6181645655637098	4.2829732677390870	1.000000
6.0150736732622514	47.6046679396237664	1.000000
-6.4569812857994204	45.1331498613338340	1.000000
39.3551894477526076	15.6853889521113672	1.000000
15.9222676506970959	63.6915525320453639	1.000000
8.5897770990163149	39.5458391526440636	1.000000
-15.4120152950785165	-65.5563501423220742	0.000000
4.2029295556058868	57.3639363562446931	1.000000
2.2700984207517276	59.6521791356746931	1.000000
-0.3531209642379628	38.9988316256427936	1.000000
-3.1965902856280248	30.0114969044175623	1.000000
-9.8457683720058338	58.2529188132609406	1.000000
10.2733267606450713	64.3422931345222082	1.000000
20.4878207419743283	64.1508778905570693	1.000000
-20.1377803017864103	48.0560636483430557	1.000000
12.4983594814893308	54.4693952012708991	1.000000
16.6212649669512302	55.6489714131143458	1.000000
-19.6395081073962743	49.6443765743163041	1.000000
-15.6766653938734137	34.1274449874102288	1.000000
44.7760238369445958	6.7889364449151408	1.000000
11.4741961177326282	64.3913150835127084	1.000000
-9.1479827228736941	27.1598532201905059	1.000000
12.2780548280229151	64.2314571376848988	1.000000
-19.5018674776741570	49.1037146764997772	1.000000
-21.8754611951205256	12.6266767289941839	1.000000
2.6368745095185968	40.3331673026468351	1.000000
-19.9864927021357879	46.9309794206636397	1.000000
41.3861647319757324	13.4450421164870768	1.000000
-21.1856310245675132	45.9960426798218407	1.000000
-23.8244360574814458	14.7836833138684458	1.000000
9.8471153912413758	42.6810447306497522	1.000000
10.0073612722148635	64.7256919880689310	1.000000
-19.9847298445245194	48.6272008858975653	1.000000
1.7849869796078290	63.1933449067865638	1.000000
19.3280024201044149	63.7447974650696452	1.000000
12.2556585273654406	52.2586117188530679	1.000000
-9.0419321512784574	59.4463693477731852	1.000000
-26.0965065999016410	19.1120236111879152	1.000000
-9.6119797448094015	15.1952265956007420	1.000000
-4.9954313457683659	45.9156625944130141	1.000000
-26.7047028257396590	26.8893305504822706	1.000000
-21.9356251586509288	15.6720342133049311	1.000000
33.9155718534912296	23.5649684454396677	1.000000
-9.7433282231323872	58.2688326571042410	1.000000
-6.6783142994190978	48.0449065549295682	1.000000
-26.0964888098755736	19.1120847013036048	1.000000
-15.4021085289299027	34.2396309586280765	1.000000
7.7444602961611881	64.0639940400665608	1.000000
-26.0202043977872997	24.3700369955275171	1.000000
8.4492349035330161	64.6944223159118508	1.000000
9.9407765772939864	41.1180310524494743	1.000000
-26.7744368250882729	27.5450313227569374	1.000000
-25.2214139963692112	32.8967777889016091	1.000000
-21.0339969699184586	44.4047967272124922	1.000000
-2.9882220617077837	48.7835686842379559	1.000000
15.0863244537983707	30.3146251724197384	1.000000
13.9962816021566923	53.7136535916149285	1.000000
-25.6374527021802798	32.7717452448526743	1.000000
-24.8147348379782287	16.0853115787503818	1.000000
-22.6282634676427428	16.7925654536214246	1.000000
-25.9498914943963399	26.9943966256895322	1.000000
30.7271767642372247	66.1804801573902211	1.000000
-2.0723467224468139	60.5631118642291852	1.000000
29.5443269667553778	65.3965225087809472	1.000000
25.9685402915499921	64.3225210088147747	1.000000
3.5134150380762414	58.0609229280928005	1.000000
-3.0563174390713987	60.0002604823581791	1.000000
50.7336381767647140	-0.3958927948481299	1.000000
-21.8293924904478374	44.9860321132870169	1.000000
-20.7213356014382661	45.6602127590608404	1.000000
-17.5555254308332316	40.9611616663299074	1.000000
-16.7883416947703772	37.9884580447219378	1.000000
-21.0571656759737245	44.7431469150585812	1.000000
-26.8807458185276040	25.5598684852234150	1.000000
-21.3748999480490269	18.0258051486782982	1.000000
-25.9522207322746574	21.6734891381319059	1.000000
-15.9797379386974026	37.9962671839830364	1.000000
3.5149323128716952	63.6543813142937012	1.000000
-23.3788784742934297	17.7206020271451621	1.000000
29.5187273391496205	65.4376868815976422	1.000000
-17.5865670148634941	48.9455153505667937	1.000000
9.0285220256897478	63.9963086694422003	1.000000
-15.9808031416536167	43.7834300377237824	1.000000
12.6786902538669093	53.9354119123069111	1.000000
-3.0748054232724984	29.6245450926825562	1.000000
-24.5162986825402776	15.6078541640695203	1.000000
-25.6954783752156715	31.5064235287009069	1.000000
-27.0021694307201621	25.3388749389536514	1.000000
-18.4818101428017165	41.5417097833435207	1.000000
-15.8743292540658469	39.9398763235826166	1.000000
-26.2245564949274694	32.2135443571892708	1.000000
-23.2131901190186127	18.5660438869882256	1.000000
-23.5466873224707314	12.5687145017899446	1.000000
-25.2592315569203194	27.8286322951183323	1.000000
10.4636021640063888	44.8038610436030993	1.000000
-23.5698644848290186	13.3696673627520930	1.000000
-25.0365636317241886	24.4251262319639437	1.000000
28.2423119094334503	64.7810487927371383	1.000000
-14.5455864741651162	49.1635539540112561	1.000000
21.3481308225221582	64.2709927900395002	1.000000
-24.1067698135540525	14.7823606000216241	1.000000
-1.5447939586917485	61.0811628181283552	1.000000
-25.8384107375693546	31.4886680490112276	1.000000
-24.8617269692089806	20.0572045330873046	1.000000
25.4273390685330654	64.6748600691346240	1.000000
-26.0599193950863857	19.6862044937062706	1.000000
-25.1112560657788606	16.0423580981979619	1.000000
17.4772104224285272	64.5484106465641787	1.000000
7.6384922584145443	28.0222809808764488	1.000000
-19.1123025230999346	49.6484483223805100	1.000000
40.4613145475756752	12.9046357538394734	1.000000
-10.0595439019327522	58.9480246696241537	1.000000
-3.4643524109986923	54.7867899996359782	1.000000
16.6773659383005537	64.6279443093196022	1.000000
9.5243999829714578	64.5952902432017169	1.000000
8.6383741178563440	63.1308611033714229	1.000000
3.6775118749861204	59.9765448944962642	1.000000
-26.4343178652882926	29.9445915561000611	1.000000
31.9430554454993754	19.0617910611446355	1.000000
20.8370182921369427	64.4325866411838888	1.000000
-1.5646172514870238	60.7436448269035623	1.000000
16.3079230356661000	64.5924584834840232	1.000000
30.4865691073826106	10.2295937699301760	1.000000
13.1827944004559079	63.0851640333107540	1.000000
8.4581250586045709	64.6611158470390137	1.000000
16.9505698843963692	64.6210222679015658	1.000000
15.6907870232194906	54.1544151423121747	1.000000
4.9424378825326931	60.2748268752464611	1.000000
8.2382636010985610	63.5266504690187617	1.000000
-26.6839385456900651	26.8905332070623508	1.000000
1.3399690121194689	52.0493765405259552	1.000000
-26.3714064731515521	31.5400242309911008	1.000000
3.1577961147971414	56.0787557263541672	1.000000
16.9503229063657237	64.6182605624487962	1.000000
-7.3850926266068120	60.0269185634618907	1.000000
-4.9138413890968256	52.2191443355724445	1.000000
4.6601521889368005	62.4708844886236108	1.000000
1.7862926820064642	63.2255913858652505	1.000000
-26.5080406505792965	26.2638225436134114	1.000000
-26.7653507423178212	27.5629075010350952	1.000000
-25.9709509213490826	21.6579508202331006	1.000000
26.1414528053317667	62.4796160861965930	1.000000
10.6138448955436306	64.7106345642208822	1.000000
2.8723458852589898	63.5182064320612696	1.000000
-25.0442869163063158	16.0400308680991763	1.000000
13.6305916468994557	54.7348401215210032	1.000000
16.3369733904575050	64.6684615098791085	1.000000
-21.7382697959814486	45.9405700585460721	1.000000
16.7843754103599636	62.9487957872396962	1.000000
-26.0358374728308455	22.1603629924608825	1.000000
8.4658824749943840	64.6375397700540333	1.000000
-14.5562048330084188	46.6106400047336322	1.000000
2.3636585692205823	63.3689527005080109	1.000000
7.8495914651718772	-0.6339292032109713	1.000000
-0.9352831580609097	62.3194058670523390	1.000000
17.7556572697852104	64.5349117543022857	1.000000
16.2929494730504736	64.5829190142534628	1.000000
-4.6344817441298796	61.1935781921891149	1.000000
-10.8926152644213516	48.2200640079537521	1.000000
-9.8339581227220147	58.3856099055603437	1.000000
8.1331031614034686	63.2669577814455337	1.000000
-26.2031489330709029	22.7952775684407349	1.000000
7.2450444128780926	64.5584991793090097	1.000000
9.4615679801449897	64.7353927133554379	1.000000
12.3639530519036906	63.9544664502798383	1.000000
0.6592594414788067	63.2526899415582378	1.000000
-7.1942432890171117	56.1684108533453426	1.000000
-25.9421992714284109	30.7886203023164562	1.000000
29.7579199974663524	65.6039217967904023	1.000000
21.3995937540420336	63.9226237963579678	1.000000
22.9539709147058986	64.1925463789141446	1.000000
-2.6182782993310960	58.4979702133892800	1.000000
19.3428854983719987	63.7051954666683216	1.000000
-20.4329552848855194	47.4359845388166335	1.000000
1.4939950007937775	40.4496768438684668	1.000000
-23.7808708039688526	25.6970227678655760	1.000000
-4.3327335682086767	47.6837141462408596	1.000000
14.0752959448438517	64.2882611493552503	1.000000
-8.7982754078545895	58.4174063827330983	1.000000
11.9429971290293278	42.9654976094866186	1.000000
-24.6775678984653979	20.6334640760229462	1.000000
-10.1288355263868990	57.4569194374546868	1.000000
8.8076967250287179	63.7197615716429482	1.000000
-17.6643279905623629	46.9892616971707469	1.000000
8.9836201267463700	41.9513687489681146	1.000000
13.0665130486827987	63.9580249258751579	1.000000
19.5900243490359607	64.0214210269122219	1.000000
13.4746871321676949	53.9933569391650963	1.000000
17.0326705003336833	53.9970197618192600	1.000000
1.8438033710287192	62.7921272355813613	1.000000
-8.9603682710633752	59.3341709532560557	1.000000
-19.8405684717025110	49.1192125170046552	1.000000
39.9214697964432830	5.6962312726558171	1.000000
16.4868594416993766	62.4389227964398685	1.000000
20.7446124053165448	63.4332750472174425	1.000000
12.1531495049595382	62.9281223167381327	1.000000
-3.7677746549262792	58.2689144213350261	1.000000
-10.3885581407340428	56.8778300416484015	1.000000
18.1404245114409477	63.4009516996057272	1.000000
18.3101803064225415	26.9601151896365963	1.000000
-16.9003732944156546	42.6703291517811465	1.000000
-5.6307637968764999	60.3287027972452066	1.000000
17.8253970276642306	54.2037308373785649	1.000000
23.0637091026445553	21.6032305527723381	1.000000
-6.0833745104259620	59.6618250832933583	1.000000
12.9629606739419767	63.7515788925177347	1.000000
-22.6963803849419001	19.0549407348406170	1.000000
4.4691593653589479	57.7798804040466507	1.000000
4.5389162983794362	62.8703808177068595	1.000000
2.9333294649761128	42.1474184517818173	1.000000
-15.6806407438529920	41.4252992607536896	1.000000
14.4411232960218658	52.8061838508674271	1.000000
14.5720945546051031	55.2686971136041691	1.000000
6.5644093223343010	63.2651831172717678	1.000000
-25.7437307315330166	31.7959227742780648	1.000000
13.1465978100997862	54.7173674175899407	1.000000
32.7442974315171611	18.1490649958616075	1.000000
-9.4412990764630074	56.3740581598621944	1.000000
-5.0074533411726128	59.6673942088138745	1.000000
22.0813522626254191	62.1667281672654468	1.000000
27.0924631679126300	64.9159571564012339	1.000000
4.6852041968043503	62.1493758077933833	1.000000
12.4965489868883406	64.6526681332689463	1.000000
-21.5517608630321078	45.5496013371387392	1.000000
-0.0921145629613961	42.3304007482359950	1.000000
-3.4594613929065750	59.0631364876929652	1.000000
47.1477862078193795	3.4621325048900786	1.000000
7.1074177760466020	62.2114768032529639	1.000000
-2.7159228379905080	61.1281434521214138	1.000000
17.4318285305995886	48.9824305062832650	1.000000
4.7606391610898822	61.0870809207435101	1.000000
-4.8809276765203533	58.2586604257383627	1.000000
15.4350058079369443	63.8174280286590871	1.000000
1.1627792590453188	-60.0687310065958116	0.000000
2.9887266732197482	63.3049307738491862	1.000000
-15.3608494847635431	47.2494110213004106	1.000000
-15.5196089758202103	47.6533646892850342	1.000000
-25.3085547654980765	19.2705263008704684	1.000000
19.1128175204331825	63.4428340301698341	1.000000
19.4222816335129274	63.4851237102062171	1.000000
3.2144340830506155	63.1474703165924254	1.000000
16.7203778235231688	32.1165080258646469	1.000000
16.7958662307412787	30.3763258167777686	1.000000
-8.1583418738611826	59.4576243519858139	1.000000
23.0588003801083339	64.0919439803441833	1.000000
-11.2806803172144203	-65.1585713839102283	0.000000
-21.9600832384270177	44.8551426418269727	1.000000
1.9574320660393478	59.1897283884963414	1.000000
36.4008324404487738	21.0725012063010126	1.000000
-21.2842710366701198	-72.3947059150787453	0.000000
-29.4491724999081725	-68.2726967959574580	0.000000
-21.0490435311003061	-55.8900108168538523	0.000000
-1.7399134299827652	-71.1535597330739762	0.000000
-24.6842687555035205	-72.0205526449790057	0.000000
-23.3429931346631285	-54.2147045099861273	0.000000
-22.1164315968663026	-55.6367423484438604	0.000000
-2.6502231004752579	-57.6525718327924892	0.000000
-11.7748907677978565	-57.7111340786997715	0.000000
-4.5839671652468459	-64.9918170984663277	0.000000
-10.9460492165497953	-64.3366819411524062	0.000000
-28.5209841142690976	-61.8409458850634763	0.000000
-6.6805105328936394	13.4963144566684043	1.000000
20.1944250964472793	5.1137212102759877	1.000000
-10.0834562696885737	20.3222048358838556	1.000000
20.8997273625890756	6.0296595699892119	1.000000
7.9343504859983200	-0.4812240080970248	1.000000
-9.4999943898745709	-68.9467834890003672	0.000000
-22.4596125003448002	13.4513152799342866	1.000000
8.8326212217100881	1.5405985564478901	1.000000
17.0928972349906196	8.6893055476882903	1.000000
-19.1719873026950189	-64.7902744228411080	0.000000
-13.8869571220192896	-48.9232995157882371	0.000000
10.4316397631633446	8.5570045628329865	1.000000
39.3549794753943161	12.5388625840707988	1.000000
-15.7420274318912643	-60.9933764554544169	0.000000
-15.4031923177512233	13.9423020442455989	1.000000
12.5170470881042224	4.6898907288963620	1.000000
0.8783981875695370	17.2117157196788568	1.000000
-16.2080299875807228	-67.6986091156487646	0.000000
-8.7882361888815552	14.4901986677067640	1.000000
41.3464123666259766	11.9876600147693413	1.000000
20.1552114538594722	6.5586077171597896	1.000000
8.5734194472545759	10.7762349241538846	1.000000
-17.1915083617133995	13.8281614479298760	1.000000
-14.0596751554211803	-74.3552586834455838	0.000000
-23.8732052511106474	-72.9466620454976322	0.000000
-20.6106177789777369	-77.9606722980452105	0.000000
-22.3915718095179912	-69.7431405003696483	0.000000
-7.0286557903273605	-56.4238771479326573	0.000000
-20.0449828147735225	-55.4841981464333358	0.000000
-12.2582183937165503	-75.2242849350453753	0.000000
-13.3325139546802305	-58.6220897435111823	0.000000
-10.5868201378466793	-52.6656968936290539	0.000000
-13.8789128715352366	-72.4162053301279229	0.000000
-18.3079519729643110	-77.2189213207089864	0.000000
-8.2635923043216390	-60.1290879571085242	0.000000
-16.9885064307103164	-63.4767383201755777	0.000000
-8.8749912874100456	-60.9913946804972582	0.000000
-12.2758813458309533	-60.1562466580712893	0.000000
-27.9755998614626726	-68.6148623968054068	0.000000
-6.9157944592683220	-51.2481523122732341	0.000000
-1.2606431354070886	-64.5983370038555904	0.000000
-19.2823423002160901	-78.3874100906894711	0.000000
-11.3797400745917638	-63.4352497463153640	0.000000
-4.6372170640553039	-68.9775628471207511	0.000000
-15.3173629852937641	-58.6456031397718078	0.000000
-14.8125604101107218	-59.4406640485649760	0.000000
-26.0972460182332568	-69.9922278626906120	0.000000
-10.7680900259838790	-66.0892569965180030	0.000000
-15.1617968758533959	-71.3579654260057765	0.000000
-26.6379429556089242	-56.3826193328336629	0.000000
-14.5738230530353938	-50.2488866780617514	0.000000
-16.9137885052263357	-68.4342010745610594	0.000000
-13.6944386236666702	-67.2641765492185186	0.000000
-14.5556999635349928	-75.4071533053580509	0.000000
-22.1750392609306921	-61.3092106573161999	0.000000
-5.3345923722034811	-50.5761803736553475	0.000000
-26.3499835029448874	-65.5972413963050087	0.000000
-16.1321347501382810	-61.8116272354988538	0.000000
-14.1391716566316994	-63.2650311776698047	0.000000
-15.2611319006439672	-67.9508192564195781	0.000000
-18.3513302710964190	-69.7123484496373891	0.000000
-26.0606607377816104	-53.6822237815022660	0.000000
-7.3509867213669757	-72.5263318874594631	0.000000
-28.3368018597286664	-73.9758776961636357	0.000000
-7.0336716192804900	-49.5120374597291786	0.000000
-9.1421743831378350	-75.2290715938077170	0.000000
-3.9790036600950422	-57.4821311879823966	0.000000
-27.4346542580741648	-62.5888931878822703	0.000000
-14.0769618577578672	-68.8435863479593593	0.000000
-13.0258082247853721	-55.1562364405391889	0.000000
-7.0659730945083048	-73.7837541931422294	0.000000
-19.5252085498144581	-65.7946551924649015	0.000000
-16.5671492886635363	-80.6130281499056167	0.000000
-7.9654921174274733	-66.5772751499836204	0.000000
-14.4533255437379342	-65.5831496848361724	0.000000
-19.5446465705790082	-76.8826224632011872	0.000000
-17.9762243463721205	-61.9566909431246984	0.000000
-15.7870959020093871	-77.6498537397459501	0.000000
-21.1446546893455611	-61.0044493350277079	0.000000
-13.0842004472156876	-64.9175451495263047	0.000000
-16.6809287670158533	-61.0376510355842186	0.000000
-10.1225350026044758	-73.4334628029562992	0.000000
-0.1759464962055672	-56.4999269122027883	0.000000
-20.1337586856820856	-60.7086855890081125	0.000000
-8.5834071151004654	-63.7116011890327485	0.000000
-23.2194892585882364	-61.7136380851398627	0.000000
-11.8201199252979823	-77.4040454305098677	0.000000
-19.4564081323259543	-71.2509347595652685	0.000000
-12.7902014122145324	-59.3828751674923296	0.000000
-12.7724935667125727	-62.5086240827638591	0.000000
-7.5639844328930721	-57.4159901780069717	0.000000
-19.1901871681930416	-60.4691637608505772	0.000000
-22.6224010564226958	-59.7607859413519478	0.000000
-4.6598111333530383	-58.5079921090718216	0.000000
-16.9277648187505534	-54.3901118948076032	0.000000
-26.1780902105035373	-66.7605473650884704	0.000000
-2.6015947822488736	-66.4714147338228543	0.000000
-12.2910407402099455	-56.9489825221018720	0.000000
-27.4728117954913991	-65.1311007781796434	0.000000
-18.9560545139954080	-68.0679877490534153	0.000000
-11.4486748661887585	-56.5392410617594763	0.000000
-13.1980700663654549	-52.3787166278954288	0.000000
-11.7689975153359150	-59.3579068724855290	0.000000
-15.2886589607728247	-60.2308212734210571	0.000000
-24.6240396307166662	-77.6601869083432206	0.000000
-14.6303374684808478	-67.1696266852210186	0.000000
-24.8066910342165876	-57.3937931563032677	0.000000
-14.0264439114428789	-66.4182670655723086	0.000000
-20.9571112163760596	-66.7732410556573939	0.000000
-16.6134195751516565	-69.3482232494379929	0.000000
-21.8542469675910631	-60.3590531785649489	0.000000
-7.0254975996363225	-70.5861202488718504	0.000000
-23.4287900886326135	-59.1451161220510571	0.000000
-5.2224424685195894	-77.5249074731862748	0.000000
-4.1514214029087118	-67.9406260278304615	0.000000
-26.4346454011788765	-51.9858390568386284	0.000000
8.5064060994149209	10.1034505786726836	1.000000
-10.7617084961640987	17.1763435898659935	1.000000
11.2597251212462304	11.4959739749723102	1.000000
10.2498107182185709	3.8262768744609432	1.000000
14.3419468846954867	8.6553979813172273	1.000000
-9.7693552457292228	20.0366268146586570	1.000000
-20.9171604242248321	-73.8495402940449850	0.000000
-16.0274967321100767	12.8574363783714567	1.000000
-11.8955780082509079	-55.4752752624166234	0.000000
-14.8495185682488184	-80.7067937839337333	0.000000
10.1145168211877738	9.3630857683316755	1.000000
12.1829547749539540	16.8119685487251509	1.000000
23.6806972347033557	2.7551031613154131	1.000000
-15.9556225365884767	-64.8887578677046548	0.000000
23.5493142063589715	4.6159946343954994	1.000000
-8.0242948305124173	21.4775870984935082	1.000000
0.8867094537531183	16.5939874684675814	1.000000
-5.3511963480482541	14.5853883295172757	1.000000
-1.2853499575264160	-63.1997700559030378	0.000000
-19.4704467027056474	-51.9613305339034710	0.000000
-22.3251524752941073	12.6596595690338969	1.000000
-20.9882269409522308	12.2404865481790726	1.000000
11.9788429597471140	9.6931081015975860	1.000000
-23.1992471464593386	-55.4503305398297428	0.000000
-2.9071897805461986	-67.7311168439856601	0.000000
-0.2400559038075621	-60.9444201791867570	0.000000
-10.6201037863210672	-71.4240863403981905	0.000000
-23.3950158783108400	-52.8825101940659081	0.000000
-19.8464833372213754	-59.7420118321397098	0.000000
0.5936447598260514	-58.2551378895904790	0.000000
-14.1957120336840070	-71.4549863914800198	0.000000
-12.1245213838351464	-69.1757317249656012	0.000000
-14.8331429137254833	-57.7899715402463130	0.000000
-14.2934172059090123	-60.2113887289529188	0.000000
-3.4558497387926503	-63.2680234720381307	0.000000
-5.5373964037180796	-75.7412168213140831	0.000000
44.5545014156214307	6.5514591872817638	1.000000
-10.4660876831856395	-63.5282224782514859	0.000000
-17.8677005662672386	-68.0108437088229181	0.000000
-31.5046875655700482	-62.0484107152114248	0.000000
-21.6530002870780045	-62.9691289226528212	0.000000
-26.4313477346960717	-64.4149712656372913	0.000000
-20.3207209717228565	-56.6091812550517375	0.000000
-19.2420374675348533	-73.4231345327922185	0.000000
-16.4312918957562282	-65.6991056923711483	0.000000
-4.6546347708179754	-66.0610656587121241	0.000000
-4.9706535817328961	-67.0510560995237626	0.000000
-4.8995351332345072	-73.2925015684286194	0.000000
-18.0982244523154741	-51.6544794898762589	0.000000
-21.4496891862197145	-48.7350288332912100	0.000000
1.3107563036466208	-67.5485080200644035	0.000000
-24.9438734649390277	-60.4892596353619396	0.000000
-21.4935349473215993	-59.4048313861627193	0.000000
-8.5329464409987459	-69.2717221980765743	0.000000
-5.8406122390522688	-68.9023900635712891	0.000000
-22.5040228911138058	-63.3200155082821325	0.000000
-17.4676842631954017	-76.1653239644561353	0.000000
-8.8279944038331024	-48.7379098255314176	0.000000
-9.4399676707019129	-78.0465767347232315	0.000000
-13.7615850997148712	-79.0345872006818695	0.000000
-17.6276309657981862	-61.0962141811359842	0.000000
-1.1435381208694286	-54.7940690683007716	0.000000
0.8145234462976214	-69.3132549312814490	0.000000
-18.7834387659428934	-63.8910954171818730	0.000000
-23.1507990575299907	-75.1631285930243678	0.000000
-10.5246167656046943	-77.0529314804658014	0.000000
-15.1946465051442861	-79.0555865275956933	0.000000
-15.3829919692840384	-73.2647080648688842	0.000000
-8.1820592125761262	-73.2864387221440552	0.000000
-18.3712859109160611	-72.6576688427561805	0.000000
-20.8918806926692682	-57.4433749478398497	0.000000
-16.3980858524204116	-73.1181611920951298	0.000000
-11.1202580951165633	-73.4707394530516069	0.000000
-25.8574927466052920	-67.9050353466591758	0.000000
-25.4248023370279519	-71.0377628645373136	0.000000
1.5154081704420330	-61.9321069128371491	0.000000
-20.8298425580492470	-52.4342131962650697	0.000000
-9.1044904403308280	-62.7765582018132235	0.000000
-18.5674480629726837	-61.2126345796078937	0.000000
-26.0901241025064010	-60.8728450424335392	0.000000
-3.2647154792605391	-71.1553318383060969	0.000000
-15.9814680975566414	-68.5942940590124266	0.000000
-10.7392995682610550	-59.3180520487935325	0.000000
-9.1625689496135507	-64.5380603790942899	0.000000
-19.9152388866995231	-79.9366826628261862	0.000000
-26.6024520174368710	-58.7902205404781171	0.000000
-10.0209101463666741	-62.7073228128195765	0.000000
-22.4070676856033302	-62.2963631627590289	0.000000
-18.4632660139791156	-67.2880754069704494	0.000000
-6.5199023470681086	-59.3042968743856562	0.000000
-23.9549394227515364	-67.2725733546880633	0.000000
-5.9378426304341172	-66.7174706016999863	0.000000
-15.2565839964021244	-51.3677523591522629	0.000000
-20.0587173515051234	-63.2692718168989998	0.000000
-22.1213190121013845	-57.6375854345177743	0.000000
-21.4517658487391358	-65.9342341700339176	0.000000
-20.1628134939122887	-58.1256476230598054	0.000000
-15.3115619368640150	-56.9366287585610138	0.000000
-11.6872187525580902	-65.9399900619887660	0.000000
-8.7926609624088368	-71.0031183601074645	0.000000
-2.4288279722640271	-65.1926408177545795	0.000000
-25.3886698001580058	-64.8859290430140589	0.000000
-4.4403583924029943	-74.7208969774933678	0.000000
-13.1008805213908790	-68.9850161459889364	0.000000
-14.9435719326259040	-66.3408916621979330	0.000000
-10.8647946282018832	-57.5281959858895178	0.000000
-7.7120294870580084	-71.3602749373605292	0.000000
-11.2664340945293979	-60.1446598636459484	0.000000
-28.5763244945134254	-65.9278762162177259	0.000000
-10.3824269164534613	-65.2847700708071841	0.000000
-1.6187828112839679	-67.3723509312553261	0.000000
-13.2572367423312460	-61.7124315204946754	0.000000
-19.7786175824790753	-62.3357044626510799	0.000000
-18.4149807396193239	-58.7436175499613569	0.000000
-26.5921611147195307	-73.6194571447589112	0.000000
-13.8503853948548592	-57.7893219501575643	0.000000
-21.1266334001767966	-71.2795216502885722	0.000000
-0.1783491099693419	-66.8841711183077336	0.000000
-13.0918935393304299	-50.2049925052751362	0.000000
-15.4653376145742438	-70.4159426868820191	0.000000
-8.4530145420549783	-72.0895684785302819	0.000000
-17.0560579460975923	-71.0065307815227698	0.000000
-10.0594987986988240	-64.4391919308009165	0.000000
-15.1242255419002873	-76.4912841647948198	0.000000
-13.6181281807445291	-64.0645154049281160	0.000000
-17.8501508074402402	-56.4214012534289964	0.000000
-4.1029118359849424	-53.5378472150529845	0.000000
-9.8418582334007532	-60.9879274532916327	0.000000
-28.9374852596919929	-54.9769937971871698	0.000000
-23.4843022184320169	-63.7479208432490054	0.000000
1.5947817180700614	-65.7010761121957785	0.000000
-9.3620677599960533	-67.2071330769629895	0.000000
-27.7751469583520922	-53.4181094668129148	0.000000
-26.4049164013515743	-63.2335961248215739	0.000000
-28.1084087341423832	-56.4942621070592494	0.000000
-21.9521544282925021	-66.9030943932484945	0.000000
-12.8978978793848214	-72.3935462588475929	0.000000
-13.7947109922620559	-69.6970774474383887	0.000000
-14.5452559344370158	-52.3249536171019258	0.000000
-19.8165662914206919	-53.1462856996553796	0.000000
-3.7886030371071540	-51.8254479265288168	0.000000
-19.1470157063720308	-54.9631504122238042	0.000000
-16.4193136266472628	-70.2611575130671184	0.000000
-9.0536791303508046	-54.2851410440935283	0.000000
-23.3328388495190069	-51.4160251747110237	0.000000
-17.0923105994621203	-67.5637026827016456	0.000000
-7.9179080799070602	-54.3982844568237098	0.000000
-12.7759130671077745	-60.9363179159812276	0.000000
-14.5019903831297565	-70.5421752831971389	0.000000
-18.0604897894371561	-54.6259266708654891	0.000000
-5.8386849017143767	-74.2557426906991793	0.000000
-14.3316809534585747	-68.0014726411286148	0.000000
-11.8932364763231728	-52.4639220256702075	0.000000
-12.6668109928393626	-76.4057433542288749	0.000000
-12.8444849802344692	-57.7991656373679490	0.000000
-15.5094997626656550	-64.1034771832661932	0.000000
-18.8473908284834586	-59.5861856287138494	0.000000
-13.2187345722268841	-71.4638541465658506	0.000000
-25.3989127098204470	-63.7868372887772779	0.000000
-11.7889296549682658	-60.9423192701539094	0.000000
-13.8162752662642756	-59.4249067035991203	0.000000
-22.7633867409166406	-56.6249742173347101	0.000000
-31.5497273262660549	-65.7423554508065564	0.000000
-29.7864314838546065	-66.8068142804164893	0.000000
-5.5106623444236460	-53.7530702620040373	0.000000
-24.6236023303582598	-53.8710405490338715	0.000000
-5.4990997057369695	-62.3573544878847059	0.000000
-7.5495992001087311	-61.9681654551015484	0.000000
-29.8879981012141940	-56.6436904249512594	0.000000
-21.2748978821627013	-65.0020989294440739	0.000000
-20.5608694242250252	-65.7729149583991131	0.000000
-17.1716264422768354	-73.9909844289037437	0.000000
-25.5860094906399098	-74.7523283262194553	0.000000
-14.6665182909916965	-62.5129059337555333	0.000000
-5.8627134960039875	-70.8598559332875766	0.000000
-10.8625263987340155	-78.5257242971654108	0.000000
-24.6095251209983026	-59.4161949000867580	0.000000
-7.9581254163088575	-68.5018752456040829	0.000000
-9.4639578599227328	-61.8639357486130805	0.000000
-16.1104103429626697	-71.2175815586788161	0.000000
-6.8673281067880705	-75.1474588952128215	0.000000
-24.1475041425470778	-70.8929812075946018	0.000000
-19.4588284565927623	-48.0015435472329983	0.000000
-7.6327964397887831	-65.6956759466755926	0.000000
-18.6618032916375078	-65.5125040978393542	0.000000
-25.0539034504863167	-67.0548079029069015	0.000000
-1.1828233142322280	-57.8994762651578085	0.000000
-11.5549098319539922	-50.3561320081141162	0.000000
-13.4366395677900421	-54.2115796136771664	0.000000
-7.7683541157301743	-55.5064789625519452	0.000000
-1.6406568199144471	-73.9347090399505191	0.000000
-12.1774588948605302	-65.0306337140050488	0.000000
-16.3215967827716604	-58.6982101439663779	0.000000
-7.3283914472922485	-64.7846434735669590	0.000000
-24.1341456529246940	-69.0555618152702380	0.000000
-10.2670350883654589	-60.1426539715369444	0.000000
-8.0912074370827742	-70.2596828105176741	0.000000
-7.4456028452120142	-69.4664934087368948	0.000000
-21.6594885050561849	-56.7486860594470031	0.000000
-25.3760237820339611	-58.5428074163160943	0.000000
-9.1728325194510631	-70.0043890793621699	0.000000
-27.2730801006710948	-61.3168288090516711	0.000000
-27.1906849926129190	-55.0482077738745588	0.000000
-14.3328414837119809	-58.6259523883551381	0.000000
-23.3708176373390444	-62.7367314509803009	0.000000
-16.8329475257250536	-57.9384498234716574	0.000000
-25.2546431118088890	-65.9851766980468142	0.000000
-7.6281702067708537	-59.2626060454498500	0.000000
-12.1208435505733245	-72.9842772491285245	0.000000
-9.8944298664093129	-67.9693187187279477	0.000000
-6.8469867065482699	-61.1038429516517922	0.000000
-15.5657234742982382	-67.1131837412231249	0.000000
-11.2557074796513437	-58.5237437870957891	0.000000
-2.7181227935768852	-75.2416078462421751	0.000000
-16.6971686225101408	-51.4767787922348745	0.000000
-18.6088585554378270	-57.0260756324036322	0.000000
-2.4114425695235409	-53.2309677287151430	0.000000
-13.2486713936218123	-73.3568154929031095	0.000000
-0.5403911122162239	-68.3554837964434370	0.000000
-8.0324134920122194	-74.5742173132739623	0.000000
-28.8411396526354551	-57.9901331428586815	0.000000
-15.2161556189902623	-55.1246537551776683	0.000000
-14.3397532040673745	-73.3497403227954550	0.000000
-16.9231949820333583	-49.1237526480404867	0.000000
-13.0746435089402642	-47.4907158331602517	0.000000
-0.0275373070361965	-62.4480064969213657	0.000000
-24.0762000647205419	-61.1423441549793409	0.000000
-5.2144685933715325	-69.9464210367689390	0.000000
-24.4254735572781598	-55.1483795389224341	0.000000
-12.2513346304533819	-54.4264294879387194	0.000000
-22.1791850136572997	-54.4709586769269478	0.000000
-25.3965755983514150	-68.9957193990943978	0.000000
-7.2063508548721158	-60.1706462620735749	0.000000
-2.6639929343017683	-61.2673857003394318	0.000000
-27.3412904109409212	-66.3913344263662566	0.000000
-1.9144012077760879	-56.3867134232488780	0.000000
-20.2850821280265166	-72.9928081272879012	0.000000
-28.6401435886465272	-63.2035374079487653	0.000000
-13.1061550309627464	-66.5314793362308592	0.000000
-30.1300873473366941	-70.9630298433688438	0.000000
-4.6184027557934293	-71.0518555280293498	0.000000
-10.3109605966466269	-75.7194606783804147	0.000000
-9.5455667851517898	-71.7105891123826638	0.000000
-9.2580031461825865	-76.5533268438649799	0.000000
-13.3303282702192689	-56.9304701666809336	0.000000
-15.1979182647836790	-61.7607024998624681	0.000000
-28.3513831627549422	-67.2836760811689487	0.000000
-13.2839060923422529	-60.1730541276672497	0.000000
-23.3937547940725352	-64.7944857961270912	0.000000
-11.8156326998959234	-67.5749555499324828	0.000000
-3.8338421759594818	-60.8286550207130503	0.000000
-16.8581138953973841	-59.4221538852363480	0.000000
-18.2277156026922640	-60.3395694107669271	0.000000
-12.1414977426728168	-71.7570262283796581	0.000000
-5.5215537297196331	-64.5160552854040361	0.000000
-24.4655700081394691	-75.7849364985069371	0.000000
-17.5548345540792852	-50.4660758132301197	0.000000
-21.7780492737234930	-70.5139580997265654	0.000000
-21.9743903286305944	-74.5538855145098864	0.000000
-8.9203685037637594	-68.1991098263048769	0.000000
-7.4458677304782936	-67.6940593427812587	0.000000
-21.4472668115328418	-61.9555359662520857	0.000000
-17.3814684691494996	-70.0019291574498794	0.000000
-10.2796461815284310	-58.3847919076871236	0.000000
-15.2059797168318500	-53.2795793358178855	0.000000
-22.2427259166823923	-65.1241994439232599	0.000000
-20.0458450282455090	-54.2990399487713802	0.000000
-16.3057220561627751	-76.3691743686556777	0.000000
-6.6522005586674773	-78.4587425367362528	0.000000
-18.5551013522706363	-71.5660333412846370	0.000000
-14.2288193382879093	-61.7306932497657996	0.000000
-10.3567428119727918	-72.4123946862195282	0.000000
-17.9761668689099317	-70.7404803068289283	0.000000
-17.8304650653134047	-59.5018605267338216	0.000000
-8.1850674284699831	-62.8441262998806494	0.000000
-10.0422495515042183	-54.8159083437728754	0.000000
-18.4596821576179089	-55.7010787334741693	0.000000
0.1455074483187152	-70.9746069249637088	0.000000
-27.9119953358982187	-59.1060474404611682	0.000000
-8.7126685491820108	-59.2483898055242690	0.000000
-8.5643745238928659	-65.5445853807063088	0.000000
-16.2962912423233526	-60.2109554133112610	0.000000
-25.3425980410140355	-62.6729233119873612	0.000000
-22.1737108554655187	-53.2420365045200796	0.000000
-16.7283624312320178	-72.0551395398838253	0.000000
-21.0798360745506237	-54.8069088779996818	0.000000
-4.2374186855645339	-54.9811644197815355	0.000000
-6.6901189868158299	-65.9366294907540578	0.000000
-17.3804832421021906	-55.4043686764486054	0.000000
-4.4375068283517995	-63.9070343225528390	0.000000
-29.7278179657105497	-60.9928664824128077	0.000000
-13.7131559338410689	-62.4887567265287203	0.000000
-17.0567072421289794	-77.4758348241210086	0.000000
-20.8022400895214510	-60.0553748827834895	0.000000
-23.0712207837928425	-66.8101159077285160	0.000000
-21.4740672436778084	-69.2776926000043716	0.000000
-12.6495670032963137	-56.0863160303315027	0.000000
-16.9226135597333283	-65.0240913152627229	0.000000
-10.8589941431410413	-67.7641616936526958	0.000000
-22.9858284306262846	-73.8132067667951617	0.000000
-9.8717795043265433	-50.7393331064988899	0.000000
-19.6671224535572868	-69.9447019436655779	0.000000
-24.0466301122866639	-56.3039483754332437	0.000000
-18.0081962203430699	-57.8260911433063001	0.000000
-5.3552745240677702	-67.9990714995413157	0.000000
-29.9606163480552112	-65.3442556890906019	0.000000
-15.7911527986282252	-72.2292063228503309	0.000000
-13.2056036008335660	-63.2871589824349954	0.000000
-3.4656954763079484	-64.5013344258582038	0.000000
-11.8496924718329275	-62.5629614003532168	0.000000
-20.2970694157594664	-71.9103592171724273	0.000000
-9.7828461566620017	-57.5148476270304343	0.000000
-3.9068999015463661	-76.4452511030283119	0.000000
-6.1079290212911852	-60.2865950825411971	0.000000
-15.6941026795465621	-69.5031500232250465	0.000000
-18.8922757615329502	-70.4414152853929494	0.000000
-13.3874988298327064	-68.1216382920632810	0.000000
-28.6588661035601788	-64.5674475695558527	0.000000
-14.4906298505972746	-77.7187435284810419	0.000000
-13.9433054939300423	-53.2720536578998747	0.000000
-8.0678895009478104	-77.4156661545498110	0.000000
-13.8278279413804146	-51.3343481482969608	0.000000
-18.5432223395205753	-52.7793085401563502	0.000000
-8.6705569348043525	-57.5233739466479435	0.000000
-9.0893763205589924	-73.9930474077930569	0.000000
-0.6836299098855038	-72.5131088229664726	0.000000
-26.0130782985556586	-72.2381550125652012	0.000000
-19.4877882828086015	-58.8440045299443000	0.000000
-27.2339929202413913	-75.3189339941761773	0.000000
-20.2992000180433010	-69.2117378370509755	0.000000
-4.6756558367657481	-61.6100557803806979	0.000000
-26.2989055081701011	-62.0463173388823321	0.000000
-28.2870691425725767	-60.4744332316481206	0.000000
-18.2040956398043292	-73.7412820977810384	0.000000
-4.0400155004485754	-72.2605477119123378	0.000000
-3.3616670010680254	-56.3068298640385265	0.000000
-6.5459281623001697	-62.0642504914569102	0.000000
-9.7561136870864100	-59.2505782924376589	0.000000
-7.0191374848860084	-66.8387814263353732	0.000000
-16.0378351190741562	-63.3817944575939194	0.000000
-23.5303091300127747	-69.9442182849030587	0.000000
-15.0875015400686063	-63.3137179949501032	0.000000
-26.7873926064027721	-71.1156900572265016	0.000000
-6.1815167681414129	-72.9324606135193960	0.000000
-18.3261392027291627	-62.8691860132273490	0.000000
-11.4271826044405547	-80.3241483398010701	0.000000
-17.2406809671591041	-52.5428600808934050	0.000000
-17.3497579210523725	-47.5920090151651465	0.000000
-8.2557035209151657	-64.6541580841669941	0.000000
-23.5933067776408585	-57.3049660143873325	0.000000
-17.9218479567472961	-63.6327744601216807	0.000000
-14.9570196190281113	-64.8069489276937247	0.000000
-1.3625216699126115	-65.9987568559024425	0.000000
-15.6631299356292111	-75.3166409646019304	0.000000
-29.3079391787873398	-72.5244101801725094	0.000000
-16.6208936571817780	-66.7890322660900750	0.000000
-22.0434806148142002	-68.5053371581402217	0.000000
-15.8184138581448828	-57.8400123390058951	0.000000
-24.1565305439176683	-66.2912589534694376	0.000000
-17.9446911068970429	-78.7034446450548302	0.000000
-2.8379557366122383	-54.9108235069437072	0.000000
-10.4874534473126122	-68.6956195981288715	0.000000
-6.8163535078959141	-52.6915081503019067	0.000000
-11.1578027405067992	-54.6043829490172286	0.000000
-19.0085944526419084	-58.0014715188153005	0.000000
-19.5100092063942832	-67.3443891049748515	0.000000
-5.4203509347015419	-63.5079332694121348	0.000000
-11.2519901004479497	-66.8498811806222619	0.000000
-6.3496014367275855	-67.7004926322657496	0.000000
-19.4891484019106436	-61.4033252715136442	0.000000
-16.1384941243244242	-74.1783263766317162	0.000000
-20.2563654172181558	-70.7352215640854212	0.000000
-17.4404894969839397	-62.7268227871879844	0.000000
-12.7598837128076124	-67.4046153745906054	0.000000
-6.6644414509307452	-55.2202394916809141	0.000000
-18.8944155600485146	-53.8680597522545739	0.000000
-20.9292533703987509	-63.5334895713208567	0.000000
-15.9024001099405563	-52.3863063821969490	0.000000
-16.4566705078042510	-53.3873624133947473	0.000000
-19.6307221111759773	-57.2883585580818036	0.000000
-22.1483056716156526	-71.6232830659740500	0.000000
-5.7653298983186536	-61.3000557410054370	0.000000
-20.8878078945126511	-68.4637225677681300	0.000000
-24.9045086978916430	-50.7087500593347400	0.000000
1.6621722429128558	-63.8170673696159980	0.000000
-20.6212236260008019	-64.3733775738093073	0.000000
-15.8868669003492506	-66.3359221178302931	0.000000
-11.8283744510392737	-64.2308087354368098	0.000000
-9.2348667430808273	-56.6265348122560965	0.000000
-11.3482232453119494	-61.7693658325302977	0.000000
-2.0265504646920802	-68.7110661131564058	0.000000
-4.5092188462947833	-62.7707863733885958	0.000000
-2.3991619237991340	-63.8907656979418448	0.000000
-15.7767143758008199	-54.2444812998886690	0.000000
-17.3917620150914800	-72.9147224210657470	0.000000
-3.5637609582635510	-65.6625382305661844	0.000000
-9.8691211952405471	-70.7127610784232132	0.000000
-13.7101973601011924	-56.0166266480856621	0.000000
-21.5453007690331191	-79.3582604296283023	0.000000
-11.5019866835795437	-71.0712613303063421	0.000000
-14.6155759589937269	-54.1848004998786692	0.000000
-18.3817285983180057	-68.7566288193403778	0.000000
-19.7108211041195318	-64.0676449739984832	0.000000
-10.8667284522724881	-47.8640831445558703	0.000000
-23.4825555180746584	-68.1331009120006996	0.000000
-13.1561780985904981	-77.6499026507063377	0.000000
-25.7398939719318030	-55.0831452975940508	0.000000
-18.8763519832454634	-74.6458564071268285	0.000000
-3.7689490949256275	-66.8456975139739313	0.000000
-27.5004906864046319	-72.4066392525149354	0.000000
-9.5370609108411699	-63.6176534751294298	0.000000
-24.3517050141472211	-65.2849856776540207	0.000000
-24.6805396860041029	-68.1198285274112578	0.000000
-5.8813121020255892	-56.2880844014542348	0.000000
-12.3061778895296303	-78.8503884685448497	0.000000
-17.2088298161886009	-66.0946714844615286	0.000000
-5.4967215751000582	-55.0634406839435755	0.000000
-16.5300634592566240	-62.6387947174044442	0.000000
-2.9759857191703398	-59.9774878602101325	0.000000
-12.8060247702258003	-69.8734138862808010	0.000000
-6.8626782382453291	-68.6155165961382920	0.000000
-17.7304620012905829	-65.3638782437760568	0.000000
-19.9146820384063972	-74.2883349262021966	0.000000
-10.8149106356460667	-60.9662424834569094	0.000000
-12.6706898806529367	-53.3957012710075318	0.000000
-19.1766500508983597	-63.1011577871906866	0.000000
-3.3736026232165086	-68.9099434939184619	0.000000
-19.0317156445539375	-50.6999820159430143	0.000000
-22.8684008950279605	-70.7933171743350727	0.000000
-20.7242256786307095	-62.5510285113816664	0.000000
-16.8004407592427469	-56.2058429935885826	0.000000
-21.2922605545944812	-58.3382617695011092	0.000000
-28.9488730726494339	-69.7151769681001099	0.000000
-2.5877915057833025	-69.9726477715060327	0.000000
-8.9105362322293544	-66.4006354640300174	0.000000
-2.4652945363105156	-62.5696965339975719	0.000000
-17.2495556427217842	-60.2640566676694718	0.000000
-18.2471995097081816	-64.6226032907424610	0.000000
-15.8089158940800036	-59.4646893719094294	0.000000
-4.1974791674563052	-59.6527200998143741	0.000000
-6.7551871602923885	-76.6466715882285996	0.000000
-10.9993345606406798	-51.5328054280571877	0.000000
-22.5713322032521653	-64.2739746576529143	0.000000
-17.6496230720141760	-71.8331478477541623	0.000000
-0.6253365789940766	-59.4244296146877033	0.000000
-1.0631233791993480	-69.7937215989669966	0.000000
-5.2195227535711650	-57.3883803469552163	0.000000
-5.3740968443136596	-59.4366476544851849	0.000000
-25.1551243957834423	-73.2934239200799880	0.000000
-24.2114673435624752	-74.2801247760816921	0.000000
-5.6035349999636495	-65.6914392662945659	0.000000
-20.5187411180529402	-51.1528632464854169	0.000000
0.0100272323964193	-65.3997266352016027	0.000000
-22.9615244233592293	-68.9529656863463600	0.000000
-13.7655879788769937	-60.9536538967917423	0.000000
-10.1375539041207663	-69.6587698679402081	0.000000
-14.7441281290221617	-69.6574095985234436	0.000000
-11.1370991578520933	-69.3909919023171113	0.000000
-17.3331032247881929	-57.1759875688334489	0.000000
-19.8429030009405984	-68.3551501217701230	0.000000
-18.6154806706038336	-75.8922378670306728	0.000000
-29.3776700692214838	-59.4990552938266148	0.000000
-24.4013704955174369	-64.2679051802893895	0.000000
-23.1291316208126787	-78.6031368762791942	0.000000
18.9552284513203233	13.4517226511255679	1.000000
