id,x_hybrid,y_hybrid
W2100564243,8.499267,12.552493
W1588740028,8.535526,12.308458
W2100363191,8.76053,12.052601
W2030911594,8.747363,12.046571
W4245217443,8.270407,10.0207615
W4241306103,9.069312,11.097193
W4249776044,8.953485,11.933729
W2051390054,8.964748,10.82254
W2124174101,8.8729515,11.925835
W4252526595,8.74984,11.890626
W4255131244,9.01014,11.550643
W2058462165,9.048298,10.752851
W4232108933,8.486228,12.53207
W4255904985,8.933838,11.860041
W2155399968,2.428562,-2.6897457
W4249437572,8.848102,12.224883
W2142111080,8.839131,12.018191
W2163035873,9.066132,11.289654
W1979983982,8.978994,11.9185
W4230981185,8.440061,12.526194
W4250305371,8.2146435,9.982241
W4239445310,8.620501,12.146964
W3041520455,3.1405683,-1.7910475
W4251595020,8.775281,11.994463
W1978819622,8.573149,12.409417
W4248207135,8.470885,12.427018
W2042503542,8.545874,12.339647
W2015489438,9.68477,12.110842
W2033034731,2.9664865,-2.1707706
W4255692800,5.8409104,8.485393
W4234610156,8.423344,12.531867
W2168819638,8.710083,12.1193695
W1523882855,8.948848,12.02951
W4230241830,8.683693,12.120901
W4246423046,8.850269,12.172145
W2015237589,8.688662,12.108752
W3085563693,2.442079,-2.6865559
W4242274056,8.978197,11.877409
W4234789860,8.798598,12.078553
W1994321834,8.385928,12.485252
W2085224306,8.998839,11.408509
W4237685258,8.577013,12.411652
W1970826919,8.399632,12.505276
W4246631248,8.482923,12.567485
W1587413890,8.56544,12.318315
W2108458429,5.39693,7.578245
W2054901814,5.063894,7.791634
W1977817023,8.661169,12.169669
W2143119138,8.90809,11.825016
W4230801050,8.41266,12.48497
W2059861094,8.729996,12.28107
W2168272469,8.478704,12.372485
W4246272943,8.911211,11.895333
W2019520294,8.39713,12.476494
W2078186475,8.41507,12.4687
W4242572228,8.789695,10.442306
W1880711490,9.354607,12.1334915
W2153280911,9.0930395,10.966797
W2125975474,3.067802,-1.7987261
W2113864904,9.149059,12.023798
W4237375676,9.038642,11.901822
W4245792728,9.166918,12.29751
W4250947857,9.011396,11.138256
W2082128359,9.3271265,12.844793
W2104658797,8.769616,9.930989
W4234263330,9.301318,12.64934
W2105714444,9.391039,12.829307
W4241978124,9.244021,12.05194
W2056784831,9.292031,12.179735
W2146918884,9.201125,11.381287
W2115973673,9.319419,12.912238
W2154632537,8.8181095,9.866621
W2160614291,8.706875,10.369727
W2137958167,9.258212,12.588692
W4238820340,9.363521,12.726091
W2118733287,9.407047,12.877462
W4242483164,8.239292,9.933758
W2131275470,9.134905,11.011024
W2029604820,9.215947,11.359235
W2171846534,9.142528,11.809435
W2167551756,9.310414,12.627184
W4244354616,9.08094,11.959332
W4252643390,8.463145,10.147015
W4239607958,7.776538,9.587112
W2159144288,9.264971,12.588337
W2294034237,9.178561,12.452587
W2083909211,8.771495,10.385282
W4242926086,2.7506232,-2.3050547
W2114975239,2.7365608,-2.2900887
W4230767085,9.098842,12.142806
W4245891287,5.7095757,8.312252
W2143892331,9.259467,12.603613
W1969387177,9.078087,11.036005
W4253616902,9.254545,11.702987
W4237490481,9.237163,11.915912
W2139254730,9.259185,12.381961
W4234169579,9.293123,12.664235
W4251435944,9.315221,12.941666
W2131008464,9.349326,12.956488
W4239411099,9.157379,12.2884035
W2172049659,3.1134698,-1.788442
W4243983522,9.373734,12.744185
W2011317649,7.9840593,9.804289
W2050824808,9.25087,12.013023
W2104082080,5.3687844,-0.41438556
W2010783983,5.50173,-0.18790607
W2079380280,2.6958146,-2.2817442
W2098819183,2.6822891,-2.3512974
W2092640130,2.4724026,-2.621762
W2117616757,8.6378145,10.108666
W2121925785,8.752794,10.162884
W2151631470,9.4365425,11.764675
W2158328065,9.036827,10.235789
W2185062867,5.738965,-0.014728414
W4248054006,8.364073,9.998619
W4246560761,9.20534,10.785171
W4230598405,9.570055,10.612181
W4237402756,8.766729,10.321345
W4239641686,5.452829,-0.3087907
W2120835680,8.976903,10.163231
W2160946550,2.7668862,-2.346114
W2133861655,9.318645,11.124806
W2171555216,9.553198,11.044539
W2294748468,9.476682,10.686827
W2159756583,5.6300573,-0.12352131
W4256306493,9.550278,11.073201
W2126485681,9.477975,10.676569
W2096125052,8.930178,9.90995
W2124294125,9.442197,10.652853
W2101990964,2.6576157,-2.3987522
W2153797770,9.54299,10.989724
W2121801675,9.127328,10.796538
W2170100090,8.91199,10.259106
W2125944019,2.5944405,-2.543433
W2129129667,2.883782,-2.1515658
W2143967859,9.545328,10.8997345
W2141495476,5.360292,-0.35295677
W2113623008,8.195852,9.070514
W2122089115,8.918744,10.452239
W2039900864,5.6199956,-0.11398325
W2120683899,8.399191,9.955383
W4241437704,5.3590846,-0.3864318
W4254180709,9.425377,10.563446
W2140793785,5.468177,-0.26403385
W2051717600,8.93792,10.34852
W2127831599,9.541844,10.973504
W2107666439,2.629388,-2.4325645
W2163426841,5.429509,-0.3039259
W2116749829,9.513703,10.764963
W2113841613,5.5059314,-0.22450092
W2024607104,5.535469,-0.18237703
W2095363539,9.927926,11.090354
W2169569824,5.447282,-0.23304076
W2123762540,9.592651,10.879306
W1775037830,5.396238,-0.36744523
W4247702446,5.604352,-0.11881535
W4239468530,5.48815,-0.18193999
W2110004896,9.52398,11.253244
W1984245013,3.211819,-1.604781
W2109241830,2.7761135,-2.2825396
W2140624418,5.4628453,-0.16333021
W4236083265,7.8722143,9.72468
W2151228210,9.601176,10.916306
W1966856516,5.4918995,-0.12073631
W2118865530,9.141084,10.2042265
W2151475658,9.545933,11.099575
W4244318278,8.622529,12.1761875
W4240916208,9.3278,11.438888
W4253820780,9.7296715,12.3527775
W2161483986,9.559947,11.764401
W2086724838,9.380702,11.096159
W2139000476,9.782469,12.091698
W4236153089,9.69305,11.823412
W4232266193,9.711294,11.928223
W2121760846,9.211616,10.960381
W4255374521,9.415103,11.201205
W2145644730,9.54904,11.73385
W2160319726,9.518145,11.520083
W2127929713,9.723349,11.820546
W4248940208,8.839706,10.040906
W2308940062,9.622374,11.820617
W4236801884,9.352119,11.228434
W4238374365,9.419717,11.513551
W2171631271,9.70737,11.901459
W2031158084,9.762184,12.011184
W4242239012,9.706392,12.011019
W2097436991,9.456047,11.473794
W2130773579,9.047018,10.200679
W4245815701,9.20106,10.876554
W2140297088,8.891431,10.544101
W2154321927,9.688453,11.869567
W2159610182,9.560847,11.719317
W2141817145,9.849578,12.031715
W4236424686,9.764719,12.300414
W4249050198,9.06028,11.929621
W2138969213,9.761391,12.2064295
W1962218371,9.709532,12.251018
W4253862801,9.455555,11.797775
W4233044874,9.59305,12.026274
W2115280429,9.8677,12.074984
W2179066627,9.640614,11.73434
W2110592240,9.400315,11.334165
W2963782415,9.791193,11.303638
W2145535795,8.936517,10.072893
W2087072557,9.791148,12.047281
W2016592912,4.6063814,3.7860036
W2110080554,5.1477427,7.8477645
W1974269654,4.5211935,4.0208883
W2166261239,5.1057653,4.1179433
W1983247393,9.76393,12.005815
W629657614,9.772587,12.171437
W2038031450,11.140695,10.001022
W3141878869,10.000545,9.78122
W2145519405,8.8744335,9.211297
W2141018272,5.737667,8.349877
W2102063583,11.837953,10.621124
W2121752185,11.759444,10.571734
W3141399024,11.727613,10.48145
W2163114021,10.759637,10.040206
W3145849712,10.327763,10.014847
W3140252619,11.814295,10.582513
W2535916385,10.694398,9.9802
W2119268352,11.824746,10.603988
W2534553188,10.411241,9.917643
W2096697416,8.37173,9.182216
W2535433266,8.149061,9.467588
W2026506423,6.018224,8.448287
W2040688751,7.8152533,9.511469
W3145314891,7.6449976,9.282068
W4233757823,3.067705,-1.5777512
W2144721880,8.564021,9.344904
W2040662088,9.7471895,9.593046
W2157498311,11.259186,10.022125
W2129192474,9.065167,9.804817
W3140985161,8.767962,9.538353
W4241550040,9.060299,9.65526
W4244566377,10.184111,10.209264
W4247037113,11.86517,10.613654
W2122295916,10.845256,9.896985
W2142326513,9.574004,9.3784895
W2111452541,9.410885,9.79381
W3152112910,9.291526,9.361763
W4214876992,10.202985,10.204343
W2127254672,11.894079,10.591849
W1976651297,9.5870905,9.440712
W2103210990,9.117071,9.62559
W2105109486,10.9886055,9.948067
W3140720226,9.938039,9.739882
W4252181141,10.024926,10.241886
W3143189107,2.4455147,-2.6806536
W2156760499,9.611138,9.512869
W2165204255,9.7736025,9.992124
W2103061687,11.157648,10.029487
W2128136904,2.881308,-1.9024326
W2135009558,2.8240085,-2.048233
W2116680597,2.4191055,-2.6524837
W3147402658,11.890909,10.579829
W1992002931,10.42623,9.97727
W2106935574,9.911136,10.066813
W3147963387,7.588907,9.414139
W4245386255,2.9894104,-1.8495731
W4255461560,7.439303,8.552814
W4255574753,8.325228,9.064339
W4252716334,8.310524,9.078599
W4247863596,7.409988,8.569545
W3152441428,9.617693,8.889729
W3140899032,2.9824195,-1.7343524
W2122969187,8.892851,9.449772
W2138812339,2.6752834,-2.0751183
W2137833347,2.520202,-2.5394351
W2099090501,8.185176,8.9795885
W2167845088,8.940965,9.418526
W2163073181,9.784894,9.9305935
W2017018978,6.087683,8.501855
W3148212283,8.512837,9.187771
W4245628801,9.237632,10.0798025
W2134859956,8.782295,9.342317
W2147957982,11.585445,10.319312
W2011571639,10.978102,9.845838
W2100309672,9.526547,9.837621
W2541142058,11.767249,10.556611
W2124219491,11.30029,10.030257
W1507773414,9.783091,10.462091
W2107578535,9.88227,9.607619
W2110517841,8.9775305,9.66762
W2165401058,9.352398,9.659396
W2538431414,11.732581,10.503549
W2112829430,9.65384,9.597073
W4254064697,10.727922,10.072529
W2070648725,11.238962,9.997225
W1995483959,9.586727,9.554612
W2101654639,9.5280285,9.565575
W1998671030,11.430947,10.24436
W3141943630,9.593988,9.53385
W2121372454,9.059563,9.482197
W2170378348,9.747459,9.70373
W2096127266,11.653901,10.453363
W2045625914,8.622796,9.2366495
W2013043910,11.141829,10.044882
W3152088239,8.406809,9.115498
W4250585725,8.298247,9.722024
W2106297084,8.750375,9.38661
W2169704965,9.847414,9.717138
W1651915441,10.592483,9.981885
W2152819341,9.942491,9.682729
W1970929543,9.995187,10.211712
W2147036980,11.807815,10.603145
W2144373617,8.69589,9.147527
W2104733168,9.861265,10.388838
W2153587307,8.203057,9.388516
W2120686223,9.949582,10.131873
W2156613165,10.051151,9.747279
W2541915565,7.474089,9.294259
W2119664536,8.272964,8.968843
W2165580095,8.732549,9.344858
W2019046028,9.013368,9.50422
W2034718992,4.190346,5.196939
W1966359569,4.239079,6.4118586
W2058878000,4.1919,5.8569384
W1979594474,4.5726533,5.3316097
W2099182613,8.731022,9.309066
W1519168681,9.076643,9.635643
W2167428947,8.6225395,9.280777
W2126806883,9.91779,9.578005
W2025095868,8.796456,9.33877
W2128938146,6.0695047,8.47777
W3150094105,9.63421,9.244885
W4256596898,8.125828,9.650362
W1966887380,9.07767,9.13824
W1989077545,11.225053,9.930924
W3151445111,10.524609,9.560271
W3148642751,9.843134,9.254495
W3148572220,11.697208,9.959062
W4236158674,10.148139,10.160903
W3139588915,9.1643915,8.812447
W2136502070,9.933684,9.287294
W3146719946,8.815079,9.327425
W4235311325,10.388651,10.197583
W4246866241,11.941487,10.143125
W2054150189,11.037492,9.545553
W2546101664,11.433378,9.863407
W2152071441,11.075313,9.496288
W2532205969,11.986526,10.205694
W1990145455,5.6430197,-0.39626613
W2107047260,11.912171,10.168461
W2136626147,11.054725,9.682578
W2135577168,7.2698054,8.325698
W2105912313,9.505808,3.97242
W2119828234,5.1774983,8.037457
W2097546366,6.1608353,5.9970756
W2155565025,6.405887,5.9144816
W2132317457,5.867881,5.544876
W2115517714,5.629582,6.4518347
W2147588728,11.971881,7.7148285
W1997901969,6.257419,6.128074
W2158711339,4.1128383,6.9596295
W2093903345,4.6056194,6.791543
W1978254098,11.677197,9.917601
W3145373705,8.527043,9.105835
W3149516640,10.542156,9.247189
W3141304108,11.04776,9.720525
W2143477558,10.48365,9.552408
W2009981255,11.057374,9.62214
W2538055499,8.329519,9.572338
W3151945894,8.671407,9.113684
W2094565799,11.149963,9.580004
W4235137911,11.72949,10.0112705
W2039466918,8.946901,9.308908
W1991484114,2.5299742,-2.5188348
W2058045376,11.9634285,10.225466
W2047286432,8.263419,9.019383
W2137812155,2.7282104,-1.9589858
W2100506742,2.6781354,-2.1602137
W1991775252,11.1278,9.597502
W4254821833,2.785818,-1.9012122
W2025482973,11.71075,9.884309
W2078241570,12.086217,10.253095
W2139127829,12.047197,10.311713
W2077207492,10.974883,9.553643
W3152424931,11.985571,10.13543
W3149652069,10.124181,9.909551
W2155151793,8.609331,9.163041
W4237729466,8.308848,9.012862
W3141009312,8.649744,9.100351
W3143284373,11.651264,9.914527
W2069231485,8.728825,9.131057
W2077202066,9.358473,9.12914
W2141871926,9.695566,9.182406
W3140868492,11.9732,10.192703
W1982473353,9.590448,9.235736
W3146523492,11.039432,9.652756
W2532506824,7.476873,9.047899
W4238211142,10.300631,10.098541
W2027549499,9.882769,9.38272
W1993631717,9.741759,8.984814
W3150714937,11.424831,9.726431
W2097405194,9.233987,9.029935
W2032501254,2.4712589,-2.1617467
W2011658854,6.617921,8.716834
W2066241849,8.75092,9.184709
W2046715323,9.320543,8.90922
W2088906910,9.767592,9.313461
W2029200786,10.931127,9.690402
W2146224627,8.687381,9.380549
W2071148027,8.3306875,8.927522
W3145474826,12.127698,10.231732
W2055722602,11.340112,9.804157
W1979829173,9.780034,9.282133
W3150888061,9.006305,9.045733
W1977532084,2.781392,-1.902902
W3151029127,10.900299,9.601445
W2024484720,11.200311,9.902164
W3142817669,11.003671,9.316611
W4248244060,9.642063,10.371506
W2042862761,10.080385,9.092929
W2097312718,8.71059,9.201843
W1973531220,11.166506,9.724336
W2129302988,2.5781088,-2.357481
W2076506581,11.026754,9.362254
W2107938227,9.984556,10.200907
W2087894568,9.217438,8.861058
W1560004219,10.062586,10.23501
W1977760787,11.502683,9.849551
W1485251065,10.764759,9.484237
W1894932800,9.964296,9.447483
W2108870690,10.117256,9.086574
W1987831789,9.401305,8.611757
W1968305696,7.1956053,9.050431
W1571662292,9.578425,9.295662
W1581117166,11.602355,9.965229
W2060435553,9.551181,9.266521
W2913872186,7.9725194,9.267378
W2161752583,8.260687,8.853763
W1508297260,11.011122,9.700578
W1617242785,7.460174,9.167176
W1599608124,10.023137,9.180197
W2078812389,10.679022,9.41343
W2036218614,11.956245,10.268345
W2497389229,12.030694,10.160588
W2168256496,9.58428,10.268651
W4254940009,5.937987,-0.62340415
W2152993231,5.779295,-0.8552122
W4235911537,6.135884,-0.15250562
W4248958904,9.801329,10.57729
W2164008124,9.52156,9.792908
W2112395146,8.9538,9.738028
W2145996257,6.019263,-0.61738575
W4242550951,5.735074,-0.9189677
W2106016501,10.053269,10.152718
W4249906271,10.0877695,10.299654
W4235231243,8.878312,9.623899
W4246881331,2.7140229,-2.3147032
W4251618144,10.19304,10.283948
W4233881202,7.7834845,9.364964
W4231573989,5.912492,-0.6733919
W1521533704,5.883393,-0.74779373
W1978073473,9.248656,10.094911
W4254368221,9.947171,10.315909
W4252472948,5.8968134,-0.77780384
W4234760559,5.9750333,-0.45585364
W4231087268,5.7300534,-0.86750436
W4252221791,5.704707,-0.90582997
W2149042946,10.118846,10.324814
W4248807401,9.583281,9.824907
W2141760871,10.969051,10.203555
W4233658351,8.2470875,9.092651
W2534789118,10.273082,10.218965
W2164688389,9.132991,9.718642
W4234465630,5.879024,-0.7638374
W2124524076,2.929121,-1.7945535
W2105975314,2.942222,-2.0421116
W2114077326,6.050171,-0.52616984
W4253389832,5.6908474,-0.9379857
W1848420981,5.7473407,-0.8742473
W4230044098,5.8293366,-0.80852354
W4251628277,6.034951,-0.2763688
W2536544029,5.8044605,-0.86822873
W2111566296,6.0487595,-0.47574228
W2542414764,8.891402,9.64219
W2533630667,5.863234,-0.8865527
W1598970763,5.9941683,-0.5630051
W2013088214,7.320207,9.144386
W4234440215,6.12205,0.19777696
W2122067202,5.96085,-0.7291561
W2020477716,10.209765,10.202127
W2104473840,5.8400235,-0.8215639
W2063169555,5.998298,-0.4912453
W1965757645,6.0301247,-0.5502104
W2066165316,9.966941,10.1777935
W2137173216,2.8860173,-2.098738
W2067228187,5.88092,-0.16327113
W2997110958,6.073974,0.117270425
W2140037506,9.830134,10.454886
W2121353044,9.230457,10.049021
W2158897662,5.9554563,-0.15577501
W2152600964,5.8884444,-0.21240114
W4236518093,5.9997215,0.058542814
W2101237372,5.9055333,2.0826945e-05
W2171588697,5.8193183,-0.3302738
W1685939864,5.934081,-0.20013006
W2143863458,5.8079677,-0.3344843
W2112251789,9.798907,10.487334
W2122283653,6.0158377,0.0350262
W2134554272,6.083054,0.0623621
W1902262656,5.9116096,-0.118963026
W2002384378,5.9143667,0.11075995
W2152773509,8.949819,9.721701
W4243890921,9.58791,10.44491
W1948193081,5.701635,-0.43081725
W2138673011,5.9899697,-0.16701946
W4249870102,9.848215,10.445568
W2157255966,9.001785,9.847213
W2108818630,9.2999735,9.875846
W1605161096,5.7028985,-0.6299717
W4232485286,5.744283,-0.5805469
W1845209682,9.807256,10.529297
W2157428799,5.743659,-0.61425817
W1842298366,9.694424,10.468257
W2170047987,5.8464055,-0.26531574
W4254549134,5.955581,-0.08062075
W2113606855,3.378144,-1.4697385
W4251815471,5.949805,-0.078126095
W2166175381,10.064797,10.566089
W2097057472,7.9414797,3.8616083
W2167112218,9.937486,6.4785204
W2108896137,8.483759,5.032706
W2104284394,5.932451,6.1907024
W2145347746,6.3694882,7.257358
W2150049246,8.020627,5.047348
W2131493622,5.4519405,6.7445965
W2027947870,9.396301,8.796457
W2142822968,7.711946,7.006267
W1996994046,9.641682,8.003189
W2295335535,8.68727,8.734709
W2122250746,7.9722586,3.7189183
W2112996167,7.5019794,6.6941957
W2160677642,8.584945,4.2198696
W2148461967,7.1274905,6.6543403
W2128968800,7.563482,7.282733
W2101793629,7.6756334,4.0288677
W2157451822,7.3653727,4.915451
W2121698026,7.817323,7.2927413
W2112704855,8.341041,4.317319
W1607158209,8.177314,5.785066
W2145947258,8.050143,6.5363784
W2152459663,8.572533,5.708755
W2108682302,8.427452,8.057147
W2162205142,6.297395,5.4438405
W2037434898,9.750091,6.5765195
W1781211963,9.470189,8.250596
W2142115640,6.221469,7.730181
W3150164464,10.863516,8.944319
W2004187107,8.415196,2.9905527
W2146310032,2.5484679,-1.8862582
W2140504904,5.038012,6.377571
W2135779886,7.888507,4.7567887
W2158870854,6.0534306,6.0357122
W3141978729,9.444586,7.5981193
W1993766194,6.835368,5.377185
W1990028735,9.659212,8.072702
W2293090538,5.7335973,7.07084
W2109968850,7.2267756,6.20624
W2138953494,6.359008,5.9520025
W2145800914,5.752819,8.112802
W2047752816,7.3758736,4.3809958
W2158707602,6.324179,5.97094
W3144372682,8.988465,8.112191
W2102063402,10.090416,5.53137
W2150415161,6.6208053,5.9148893
W3151224251,5.9730062,7.910903
W2159891107,6.0872936,7.5616865
W2117764062,8.987552,7.2673717
W2097754443,8.743853,6.69872
W2141364561,5.685757,6.9132094
W2125723408,7.8947845,6.7320247
W2141898977,8.004436,3.7996945
W3139817559,9.645022,8.071448
W2152844617,11.288731,5.45332
W2159860516,8.543961,6.3667603
W3147868835,8.292977,7.693306
W2156038957,7.2343965,5.487335
W2148715821,7.392553,5.183393
W2163702697,9.80796,6.5639553
W2113539651,7.5239267,4.253935
W2119570434,7.7668457,7.6599383
W2132933030,5.589591,6.1726785
W1598669012,8.002227,4.9604383
W2142079034,8.185321,3.1659641
W2154127478,8.120242,3.665233
W2109650788,7.7679534,5.1631184
W2114039576,6.7090464,7.360077
W2113171990,8.150213,4.8634768
W2165471068,7.393434,4.437006
W2130190685,8.732585,5.489526
W2102495072,6.5533996,5.6673837
W1601859143,6.291892,6.3377585
W4233422246,6.7611246,7.2612944
W4245245049,9.195996,8.420532
W3151348532,9.7999525,7.9945517
W2164038168,5.8960214,6.041041
W2129086861,5.2836976,7.2236395
W2097216370,7.400892,5.5164194
W2166947480,6.1836753,7.2069435
W2165260332,6.9604654,6.1830416
W2148511263,8.280708,8.747663
W2141003035,7.7947903,6.586693
W2112269749,6.2033043,6.0871434
W2127798199,2.705477,-1.7613868
W1488041740,7.4769797,6.785015
W2140037310,8.151501,3.2077563
W2111400107,6.7796626,5.184883
W2167889627,8.405773,5.515944
W2124431309,7.8780603,6.069994
W2131361270,5.755897,6.483121
W2154503164,6.1985493,6.8036118
W2097621063,7.971029,6.949112
W2099984385,7.5558357,7.0570498
W2119622165,9.760281,7.3681464
W2132545161,8.097226,3.3016853
W2119584770,8.1462345,4.8993783
W2164042211,9.147186,6.1415663
W2149309906,7.7326555,7.161976
W2155222639,4.506436,6.9403744
W4253983956,7.9413714,8.035052
W1973733286,6.104398,7.665157
W2098491773,5.5304,6.149696
W2107593895,2.528653,-2.3078148
W2142856765,8.1022215,4.8396006
W2142501961,9.635047,6.2347336
W3141149520,5.972286,8.004877
W2150801751,9.280544,4.892844
W2108805659,9.370965,5.0453143
W2054342044,8.205116,7.116327
W2142125191,8.481557,6.0203223
W1567502308,7.5980835,8.021883
W2039236219,8.0283785,7.1517644
W2101950132,5.2218404,6.1589556
W2099551238,11.593434,5.3937597
W2141439248,9.373172,4.8929567
W3142947634,5.811524,7.9403057
W2113315656,8.72928,5.5225353
W2123958742,8.160429,3.1426263
W2041424614,7.130203,8.265015
W2165003530,8.902832,5.2615595
W2157025482,7.452783,6.2187443
W2144716277,7.5025187,4.4396763
W2118708089,9.528468,6.6656723
W2544794140,8.355645,8.086634
W2152298929,2.5296679,-1.9358891
W2107160002,6.2319365,6.4990354
W2123421747,7.677464,5.4079633
W2149359100,2.579866,-1.8026729
W2095105262,2.4712017,-2.6282887
W2133729338,2.4959745,-2.2030942
W2146694638,8.594293,2.8003018
W2128492388,7.882353,4.075777
W4241766871,8.3172655,7.71032
W2113048824,8.567536,5.5250497
W1755843160,8.212948,7.972428
W2132523665,7.4972568,3.855101
W2140700264,7.7971873,5.3935294
W2150085383,4.8890166,7.521296
W2130218153,7.0331135,7.2167454
W2144916034,9.033818,3.6676457
W2154047670,7.186265,5.7124906
W2139982105,7.1783123,5.383933
W2116154101,5.7987657,6.002096
W2161133721,5.145847,8.033545
W2018246367,9.24091,8.470725
W2152935971,6.5551405,6.849609
W2097284091,6.0012336,7.2154975
W2128769229,6.7143493,6.740741
W2138979757,8.426587,8.081335
W2109515884,8.4879,2.931445
W2098376727,10.584558,5.860137
W2143308114,9.017643,6.1287026
W1496931487,7.624059,6.809401
W1544805436,10.291802,7.466652
W2163363303,5.9742546,6.136017
W2540198878,9.316433,8.372202
W2104441030,5.7915764,7.769195
W2170839387,7.71101,6.6759706
W2107679877,9.855677,6.177116
W1551898434,7.073763,7.2409897
W2136365714,7.6177454,7.0727243
W2123415944,6.5777225,5.191633
W2106877482,7.262102,3.534972
W2167302705,8.606811,5.2986217
W2135704815,5.2151403,6.0296593
W2125141584,7.4617515,4.8391356
W2159181935,4.5447993,6.777752
W1504523017,7.535302,5.881416
W2097778683,7.8341174,3.2775767
W3142743534,9.322528,7.556559
W2122140178,7.871289,3.8873832
W2128681085,8.329678,3.3241026
W2090088512,2.8879967,-1.7698371
W2156846700,7.6330647,4.0993447
W1613201427,6.827355,8.765716
W2127020419,6.9138646,4.9867835
W2120573711,7.866738,6.02616
W2121158180,8.516694,2.8797271
W3140513714,10.795491,6.4340105
W2146856698,8.12158,3.5170527
W2147394532,8.877039,4.674907
W2130875484,4.062125,7.216726
W2145195334,9.335654,4.830569
W2151886579,7.727741,3.4408712
W2102098109,5.893881,5.904218
W2153620664,7.843431,6.4401836
W2165293022,8.154823,3.3825333
W3146761106,7.351747,7.536938
W2100381092,7.179824,5.6801114
W1520796046,8.867641,4.706848
W2103750759,7.9720154,3.874903
W4229549269,7.0092645,8.321872
W1998404833,8.660223,6.489742
W3140388725,10.425607,6.7004404
W2134865795,8.799459,4.782467
W2162683368,8.460408,2.8682997
W2124199658,6.1661835,6.485955
W2121976441,5.8269825,5.429662
W2137531922,9.182685,6.2238874
W2107135270,8.470694,5.119035
W1518163708,7.350012,7.1797857
W2141763411,8.020823,7.5264406
W4232452729,9.007634,7.6641498
W2119386067,9.479107,5.8320603
W2092324702,7.061135,6.0795937
W2145640629,5.305734,8.101036
W2007038549,9.300394,2.2569299
W2111263072,5.992219,8.365844
W2152476202,6.947174,6.3831344
W2138447434,8.044676,9.138496
W1997148655,7.9761796,3.841044
W2001650796,7.0093284,8.174297
W2147823926,6.0136414,7.2064633
W2136614128,5.853627,7.415718
W2095510307,9.497478,2.028669
W2007063660,9.40206,2.1526315
W2096837091,9.388468,2.1932743
W2013996050,5.3509846,7.217152
W2156186295,5.2125344,7.4177837
W2164244016,7.7237997,8.733068
W1512287614,5.416917,8.080947
W2143275883,9.0107,6.5687523
W2149028520,8.189469,6.4158254
W1755209849,7.097742,8.708816
W2152922709,5.370524,8.062167
W2041992301,8.412276,2.986364
W2077290111,6.767569,5.497899
W2000176158,9.140972,2.441409
W2162857739,9.624678,4.18733
W4248481136,5.2962723,8.02297
W2017340207,9.298175,2.2381754
W2059580911,9.494988,2.0063133
W2142675951,9.398694,2.1095352
W2098964580,9.442209,2.0781338
W2145262290,7.8016148,4.970076
W4236983726,8.887783,3.8923702
W2082471240,7.6013603,4.9437647
W1502600718,8.089158,5.7098536
W2057950304,8.677035,2.7445307
W2164223342,6.8916335,5.4895916
W2096500864,7.1204295,5.9916887
W4250128948,7.694515,5.13744
W2044145621,5.752647,8.088655
W2118801256,8.897897,2.633053
W2127990234,7.069954,8.221587
W4242137558,9.057709,3.433336
W2103196512,9.462985,1.9838434
W2047544886,9.488795,2.0113585
W2066585363,9.342802,2.1811812
W2059907446,6.902187,5.099599
W2101246814,9.022043,3.775887
W1990621772,9.461662,2.0782454
W2090239678,7.6454186,4.11817
W2131263624,8.046923,5.443593
W2060669545,7.26128,4.620084
W2096080031,5.627395,7.681036
W2166775858,7.870146,6.78888
W2114005694,6.7355094,7.3094583
W4233070958,8.06948,6.7534037
W2063340904,8.007269,3.5766103
W2069469539,6.115071,6.158105
W2124091279,8.447072,3.7526965
W2142495500,7.4933944,5.0241556
W2094584087,7.848607,5.1284766
W2102165283,8.644876,3.858064
W2170061697,7.9021225,5.156792
W2155540629,8.989694,5.3986516
W2013194483,7.2524743,4.453722
W1961992291,9.378307,8.313779
W1977282698,8.943817,3.7241182
W2163183712,10.539416,7.5697446
W1967818433,9.487693,2.0797548
W2152245018,5.99986,7.3218493
W2123540349,9.360426,2.1916199
W2027356845,7.9634495,5.0455575
W2122863437,7.3351617,4.36505
W2114313114,5.946364,8.2341585
W1510645397,7.549934,6.899709
W2144241057,7.610785,5.7569737
W2054376631,9.498894,2.0385275
W1975411458,5.768453,5.8876357
W2082571637,8.635405,2.8294191
W2108808118,9.022507,3.6418598
W2168543113,8.954376,4.5009084
W2145598348,7.477624,5.0057836
W2142068257,5.4558654,6.7262025
W2130438374,6.6697683,5.2449503
W2068884506,10.118051,5.5957136
W2055583132,7.851364,3.8663955
W2146695947,6.3495398,6.3127646
W2083455719,8.689015,2.748592
W2097236039,6.1665897,8.099888
W2113386367,4.101794,7.1136174
W2131548207,6.2542357,6.793463
W2119193164,8.150805,4.896969
W1546650522,6.1981015,7.2685084
W2140293566,8.422757,4.8789926
W2165467901,6.8586965,5.6854515
W4253932798,10.440746,5.239733
W2105552354,5.5780067,7.6836205
W2143193594,8.675911,5.932149
W2139562235,9.143551,5.171599
W2138658268,9.977315,7.682582
W2110139872,10.504726,6.1439743
W2157169664,7.7289953,4.294334
W2104706725,6.5860114,7.1766024
W2135361094,8.237072,7.957945
W2156136663,6.169969,7.8253417
W2121955354,6.247918,7.714558
W2168047527,7.9500413,6.812791
W2157348185,5.7107854,5.7537684
W2158378644,7.0206914,6.3507366
W2167306162,5.499882,7.611184
W2166530471,6.8513494,4.974048
W2108230739,5.3386955,7.9012656
W2125215841,5.271223,8.085065
W4249393364,9.512323,8.349287
W2137561086,6.954833,4.783727
W2124832696,10.1897745,6.03973
W3147073592,10.272949,5.415353
W2104389146,8.284568,3.199467
W2096070028,5.784406,6.19257
W3145400876,8.82453,6.2446322
W2146055051,7.0624795,4.967148
W2106669190,9.63035,3.9282503
W2100112610,6.6465983,5.6950226
W2142244001,8.463433,6.85443
W2114989451,6.9201484,6.9041615
W2148056538,5.745821,6.8425694
W2150770193,6.3200946,5.581529
W2131898753,6.1516676,7.602681
W1593641494,6.2338505,7.190823
W2105535124,6.6661735,4.9958086
W2137215532,8.230252,4.3128724
W2056273964,7.7848616,6.242097
W2162260630,6.7088084,4.804666
W2104075446,7.8047023,6.804778
W2128712108,5.9855847,7.2605805
W2111347866,5.3334384,7.858641
W1547867168,12.430601,4.120364
W2126585434,6.72503,5.688619
W2157437154,10.485924,7.1652713
W2671739255,9.171901,6.3078575
W1735790193,5.8549595,8.33951
W2143938010,7.683594,4.463388
W2045273912,8.828193,2.7052941
W2151249461,7.750263,3.7871797
W2146279766,7.567296,5.6231303
W2140975946,8.562449,5.375428
W2115085978,6.0525384,6.300297
W2138350120,8.398104,5.2635956
W2132774043,6.7859473,5.1613555
W2122814890,7.614432,4.092446
W2138434937,8.327195,6.033884
W1602782632,8.020188,6.0551353
W3151130557,5.1422787,6.3157105
W2034746304,9.161518,4.3347216
W2118908268,5.830206,7.905193
W2046252734,5.7321258,6.49321
W2098241120,7.291806,7.706499
W4230696817,8.331919,8.468112
W2112426855,6.15011,6.56834
W2147997165,5.4470615,7.819221
W2001084593,6.4861426,6.5498657
W2139262486,6.7312326,5.167333
W2123697491,8.45059,7.837247
W2158943277,5.7825036,5.947605
W2105894416,7.167503,5.3700366
W2156333468,8.456715,2.8793187
W2132781340,8.954921,3.6666605
W2100045884,8.427061,3.212197
W2029155494,7.659977,4.1892996
W2169444167,7.4877086,3.8307016
W2069798399,9.56831,4.0213327
W1910357707,9.289325,8.661939
W1838945765,9.541318,7.6972456
W2114870486,7.168893,6.5072646
W2099166093,6.3123274,8.058426
W2113384415,6.922111,6.4186344
W2129130427,5.0241194,6.325257
W2136645720,7.8861,5.2673244
W2133177881,8.455063,5.337771
W2089657241,8.23091,6.822214
W2116938231,7.935161,6.576293
W2171559156,8.997164,5.035338
W2040355224,8.43477,2.943837
W2150014546,7.317281,5.595304
W2148870222,8.803807,5.6719975
W2088806764,7.9798617,3.744042
W2100973677,7.0923257,7.280365
W2166137283,7.7051415,6.8288283
W2024475066,5.427889,5.7568383
W1990419021,6.1322575,6.5825562
W2096484428,6.4499907,6.977942
W2115890908,7.2672935,4.7910576
W2111122424,7.316781,6.800976
W2090279383,8.488168,2.865361
W2146481568,9.339301,6.430845
W1978876370,8.629946,2.7854266
W2155417171,8.5364685,5.0229416
W2154806583,9.493868,5.959875
W3140097997,10.722255,7.410383
W2138147496,9.095129,8.796834
W2150111840,9.380988,2.185921
W2144469028,7.327747,4.6938376
W2168318855,7.9557843,4.9503617
W2285670967,6.361006,6.3866143
W2111421274,8.162129,5.024879
W2153917784,7.996921,3.7827914
W2167196980,9.022131,6.020061
W2108107042,8.794778,3.9755356
W1981690550,8.020737,8.27877
W2146731997,7.328289,4.8552165
W2163713174,7.84306,6.0174217
W2134582901,7.90593,5.9558306
W2135208092,7.567393,3.8017914
W3146575037,2.579509,-2.435005
W1968607212,8.373901,2.977957
W1983948426,5.083168,6.614892
W2042724135,7.0424733,4.6883726
W2070784608,4.7250705,6.736429
W1597839571,9.215072,3.4276917
W2097345819,7.328266,6.1814394
W2094436977,8.367351,3.0874875
W1994232674,10.001263,8.404461
W2134674390,9.166157,4.6291633
W2164235114,10.271059,4.409585
W2136496323,8.542185,2.8901858
W2144034286,6.936542,5.6329546
W2144304411,11.307884,8.717726
W2158733641,9.057937,4.9188557
W2156700256,7.88633,6.6682835
W2167121457,6.976751,6.494593
W2019428499,6.822775,5.832632
W2133420504,8.339054,6.2823296
W2148420597,5.8781157,7.2543063
W2072589092,8.355049,3.148541
W2134573799,8.556604,2.9515796
W1665560634,11.496395,8.70561
W2007672091,8.107732,3.5776017
W2170656593,8.139016,6.5501356
W2117914897,7.1444845,5.0537047
W2131556053,7.1291647,5.301877
W2103963076,8.499288,2.9814415
W2105893525,5.844255,7.1197653
W2130134933,7.5685744,4.0400043
W2099042970,8.266343,7.387615
W3145047290,9.9242325,7.852594
W2164539143,9.450486,5.7617106
W2099757839,9.323542,6.1947374
W2027322876,7.8234124,3.74053
W2095497903,8.03891,8.484984
W2115304611,7.1414633,7.862649
W2084627572,8.523358,2.9091609
W2099439276,7.324521,5.0705233
W1971988872,7.661464,4.5843377
W1725473968,7.0283203,8.291346
W2100786833,6.285353,5.72376
W2110202581,8.997783,6.397302
W1798643589,7.695085,7.1604037
W2150925050,7.6987696,6.58246
W2118877187,7.638324,6.5837336
W2083209915,8.153151,3.5716004
W2112751416,10.446454,4.2385926
W1500473479,7.625733,5.910404
W2128596167,9.526398,7.18005
W2126152274,7.881956,3.760447
W2098519781,8.219924,4.304571
W3141795233,10.843187,6.617255
W2154069299,5.7349687,6.564441
W1967471690,2.9012952,-1.729317
W2104290891,8.828856,5.910336
W2107792420,9.069122,5.436697
W4242777928,8.990295,6.0980315
W2116153763,5.996622,6.098664
W1775412516,8.018488,6.3767815
W2064854394,6.4965014,5.804797
W2129543445,8.249821,7.7304296
W2159521238,7.373359,4.832263
W2020248080,8.285154,5.4414606
W2153039146,5.9365,7.245769
W2166761942,8.915146,5.428882
W2147053292,8.515567,2.8754394
W2037909550,7.557788,3.6438782
W2045020574,9.382396,2.203866
W2055948336,6.98202,4.9357095
W2118632343,9.278971,2.262319
W3092216788,-2.135051,3.774439
W1518156650,3.7048655,4.37131
W2960741261,-1.269577,4.68232
W2026662997,4.146706,3.4485838
W2753396776,-0.8985226,0.7763253
W2117161218,7.3274703,3.5446672
W2943864384,-1.181265,1.3395216
W1939177925,2.6773446,4.5783
W3118966158,-1.7786834,0.78715473
W2943863288,-1.0045716,1.400239
W2469514293,1.9834595,3.123531
W2751305043,3.247169,6.576754
W2052209137,4.015928,6.546053
W2161307069,3.1464944,5.322425
W2032161135,3.9502616,4.4051037
W2517066960,3.2487977,7.4376726
W2503325364,1.6386733,3.8451662
W2751731070,-0.9473354,0.6376865
W1999976769,2.617376,3.9365551
W2500960910,1.6015165,2.3936982
W2402245555,2.7772865,5.3707848
W2412593044,-0.8947709,0.48839492
W1983359980,5.3735704,5.518209
W2135415614,5.071266,8.070417
W2510750606,2.3695388,4.088119
W2080526455,5.782999,3.6581013
W2506678472,2.8318646,4.9521346
W2542889218,3.4063501,7.4063206
W3091850269,-1.5367801,1.4681587
W2892051885,1.6373905,4.5986705
W2956281901,1.1227133,4.421038
W2751722336,1.1983856,3.893424
W2753713840,2.2851703,5.2518315
W2343061342,3.64978,6.4917893
W2752332392,2.072679,5.0008545
W2512274390,3.2448134,5.6483393
W2965446359,-1.1419724,0.4423654
W2752194699,2.468558,5.3087664
W2804604520,-0.9942459,0.31637418
W2607223307,3.1049743,5.6302752
W1966087765,3.4665952,7.3404956
W2888723145,1.0763389,4.488895
W2883424428,1.7830597,4.8120813
W2010058478,3.2416606,7.7196712
W2512304460,2.7032337,5.5882783
W2013172302,5.358422,2.074139
W2751298778,2.099947,4.9594345
W2073800769,3.6124876,7.820715
W3006437051,0.76946694,4.1600556
W2157530472,4.441178,5.2399282
W2037894060,3.4679644,5.359132
W2886614482,1.3989887,4.814349
W2891130433,-0.016711038,2.6402383
W2514121275,1.4668168,2.2689347
W1928219753,2.503533,3.3368742
W2969670093,-0.5629864,2.8841493
W2964200170,1.9383733,4.8394394
W2971236179,-1.1368285,1.2635307
W2625478334,3.1967473,7.5695252
W2969980980,-0.94281554,1.3400989
W2751746637,-0.8187345,0.7708975
W3091859708,-1.863766,3.4976857
W2507539066,1.9679312,3.4631767
W2751378044,0.47254467,2.8174748
W1912056476,2.4751244,4.0380383
W1920629946,2.4719706,3.624986
W2888090831,-0.14286134,2.4893157
W3080703107,-1.8174957,1.0835359
W2163965546,4.382044,5.5075626
W2037133710,4.896371,5.674477
W2050469140,5.3294153,4.9840393
W1993503217,4.559921,4.5862026
W1991676464,4.5882564,4.5649633
W1990293817,3.938466,6.266411
W2087382273,3.8299441,5.786111
W2969832087,-0.04813432,3.2151902
W2028678069,4.217317,5.3612022
W2005948381,5.6512733,6.2838297
W2062052951,3.0952199,3.613704
W1915551841,2.5136147,4.4533434
W3110854011,-2.3043673,2.6205642
W2750605487,1.0097542,3.6091058
W2511469011,2.3479419,4.6224384
W2069228960,3.5391142,5.7795067
W1965102791,4.927746,4.024042
W3087570533,-2.0486953,3.8104343
W2889883176,0.40861195,3.6394813
W3092613110,-2.099718,3.5879345
W2169870976,4.295422,5.443191
W2941265453,-1.2434062,0.41331854
W2751642492,0.7117038,3.1929398
W2753426599,1.5986724,4.1041503
W2115556748,3.9662113,6.413389
W2969282122,-1.5348866,1.3338518
W2969225252,-1.0967937,1.0133678
W2890481183,0.07666596,2.8128192
W2969869240,-0.74855274,3.245884
W3041984699,-2.1371772,3.4235466
W2795875919,2.440799,5.44462
W3029785311,0.5692756,5.733562
W2959752065,-1.0440444,2.8716629
W1964473154,3.4575934,7.637744
W2784241156,1.228186,4.3259783
W3091991901,-2.4082992,2.031815
W2896774728,-0.86665624,1.2307825
W1600949175,3.4250169,2.1651974
W2960145016,-1.0389273,2.0511394
W2058190445,4.7542343,2.3798962
W3082563116,-1.5644002,4.962131
W2970313859,-0.5723903,3.085228
W2752586131,3.2780194,6.9712386
W2888355804,0.9031712,3.7524247
W2969407555,-0.84586257,2.3678226
W2861262756,-0.14517961,4.7575006
W1970569592,3.3018544,7.8290195
W3021941048,-1.5591005,2.1344173
W2956950611,2.5578296,6.152916
W3088448997,-1.015305,5.333331
W3096817374,-1.4758745,3.8981493
W2888491142,2.699399,6.080342
W2905165600,0.22914356,3.606685
W2044222306,3.6679883,5.7376204
W3147420708,2.499541,5.895827
W2510476599,3.5646255,6.8982925
W2974506216,-0.9678788,2.4557283
W2510507909,1.9609972,3.669509
W2752648449,2.5041869,5.358932
W2155123448,4.688814,5.5545306
W2110890346,3.846658,7.070438
W2099223662,4.7511473,7.093716
W2021001446,4.3736224,5.8433146
W2064459199,3.547806,2.1122847
W1979246995,3.809918,1.1692153
W2001542951,3.6531813,5.3930087
W2094755907,3.4345136,5.1628356
W2905653271,0.8904423,3.5417345
W2969436429,-1.2352594,2.7577953
W2752202880,3.3506413,7.069601
W2075038621,5.536776,7.065983
W2052791563,4.337233,4.8159757
W2020098460,4.794126,4.8028746
W2009878817,3.0564153,4.5253644
W2849321328,-0.285093,2.9503958
W2597405392,1.5768465,3.2935765
W2115408412,4.0971065,4.2285366
W2969936214,-0.895265,3.1775672
W3085029443,-0.7642,5.054309
W2959136619,-0.39982948,3.3063767
W2054054049,3.5639691,5.355897
W2476149316,2.262738,4.0078807
W1959365993,3.3301709,7.7404523
W2513374982,2.3486028,4.3434906
W2891451635,1.9712626,4.8842025
W2470432365,2.5357764,4.6448245
W2020369652,6.4336057,3.9167209
W2001487069,6.1135287,4.4126744
W2049652219,3.8156643,7.222635
W2486648592,2.7050288,5.4283156
W2042044826,5.9560504,5.4973087
W2854669374,0.61142254,4.7179
W3035461111,-1.146394,-0.03891586
W3120502058,-2.1966088,3.220509
W2753739212,0.93133396,3.092509
W2105832013,5.8507695,5.4937725
W2513655887,1.9091115,1.4695894
W2488113179,3.3944926,6.8979254
W2752870980,1.3563485,3.3441343
W3118244215,-1.702704,1.6836641
W3092732263,-0.41137883,4.508022
W2889730816,0.2782791,3.7187784
W2973221207,0.13524278,3.6471205
W1984811500,5.9071484,3.3626697
W2149482703,8.656591,5.255525
W3092806605,-1.4609065,2.5918834
W2904982178,-0.036712088,2.5683393
W2753615759,1.0053993,3.564968
W2972458663,-0.19194154,2.7031207
W1988424866,3.5601642,2.1566443
W2961401069,-1.0405124,4.2360544
W2460847700,2.742015,4.294592
W2969826675,-0.9800367,2.1809025
W1513214262,2.679655,3.7224
W2958296246,-0.19381835,4.4955554
W2507350365,1.5810453,3.1910894
W2968865716,-1.1215049,1.148323
W2969700220,0.23035851,4.8677917
W2888449044,0.7022157,4.103229
W2969838481,-0.12321806,4.1699457
W2509053658,1.6770664,3.4019268
W2969631174,0.241065,4.4485927
W2015755066,3.7467494,5.9517922
W2057753721,6.132236,2.9084456
W1582500501,3.5224204,7.195386
W1963992598,4.5855737,3.3913448
W3023454035,-2.1467674,2.226185
W2007241592,4.570608,4.3773823
W73593153,4.1973386,5.881625
W2080417696,5.1909995,6.3665814
W1966457016,5.9241486,4.3259645
W2612821743,1.2828169,2.3370929
W3083353120,-2.3778074,2.2614522
W2129795311,7.2780066,3.6532614
W3083082685,-2.0619638,2.90532
W1973012451,3.7453697,6.0926237
W3092064176,-1.2213507,4.847351
W2168629730,3.9728465,6.7526927
W3119510601,-2.2280254,4.3870573
W2752209909,1.1090442,2.4071448
W2905087913,0.44771573,3.5822086
W3022243791,-2.288528,4.088877
W2090687959,3.655206,5.854531
W1995750887,4.227802,1.124299
W2169705202,6.9133377,2.2404313
W3112583104,-1.8578848,1.4720532
W2073156145,4.5509815,5.9166327
W2728808607,1.3004798,4.8084326
W2512158941,1.5058378,2.6790257
W2007546607,4.4814887,5.146576
W2888564181,0.7052307,4.077224
W2045317751,5.2677045,3.736275
W2183210971,2.5906878,2.7206697
W1988711344,4.0123487,6.78472
W2142493242,4.8209047,7.993299
W3044025250,-1.9071654,4.938298
W1987331903,5.945937,1.9642876
W3097287971,-2.1401746,2.3611684
W2727360418,2.3435025,5.132691
W2888660171,2.4823403,5.371867
W2134823802,10.958224,8.484146
W2039113609,4.214748,3.1547608
W3022483867,2.5279238,6.365745
W2750703340,2.4904606,5.3622026
W2189401668,2.678544,3.0505383
W2051088039,4.1297474,5.889636
W2888207115,0.22600847,2.8021927
W3046185690,-1.5284531,4.397684
W1949897911,3.3030536,5.0343337
W2057828920,3.8680043,5.7189445
W2401233234,2.8371015,5.4320383
W4289373910,2.7141328,6.423538
W2043523210,3.685457,6.076124
W2108713782,4.943103,7.2176456
W2513302583,2.7447815,5.3717737
W2753766497,2.9551785,5.9513807
W2904287913,-0.012589453,2.806458
W2963939966,-0.52874625,2.172273
W3061888862,-2.347236,2.362621
W2129488645,4.7491984,4.280681
W2049919446,7.7981763,2.7871118
W2167976873,3.9977672,6.9566326
W2956831428,-1.032792,0.24643818
W2039163945,3.4849346,4.911713
W3081721168,-2.2930472,1.6836671
W2959416902,0.58333635,5.4806476
W2184850861,2.9163127,2.0874057
W1953652583,3.2435348,7.665201
W3083133858,-2.1975522,3.0244865
W2905178843,0.5899601,3.754437
W1980209219,3.8830135,6.2038174
W2108982845,4.89854,7.5111384
W1893161884,2.8201473,4.2189302
W2969737323,-0.3390462,3.3115604
W2795407300,0.40757698,3.539106
W2752840441,0.981351,2.620124
W2157900633,5.256488,8.036808
W2728678699,1.2574105,3.4311748
W2236479588,2.0802364,4.3182015
W3034069517,-1.1715053,-0.09914511
W3097594373,-1.6489435,3.2205725
W2161768947,3.3540587,7.656243
W2002544066,3.858682,6.545628
W2969683715,0.383961,5.19445
W2469097875,1.9687929,4.635218
W2731005363,1.3720945,3.0007956
W1896226795,3.7835948,6.2819552
W2516678343,5.1507993,8.006502
W3092406696,0.5597349,5.012115
W2752032879,1.4016519,5.7730227
W2626706700,1.8017102,4.816224
W2978679454,0.34115592,4.533844
W2753693229,1.775187,4.481751
W2888032845,0.9501941,4.1682253
W2077385168,3.302105,4.164362
W2962972423,0.38922992,4.530412
W2827348279,1.196089,5.732499
W3092052003,0.5261408,4.4461145
W3118521601,0.30428675,5.1973743
W3021220825,-2.2206473,4.197054
W2753676244,0.93805104,3.1753037
W2081459780,3.648569,5.2032475
W1588659438,9.468555,4.25415
W3092277776,-1.8635592,1.1927029
W2857341988,-0.41123834,3.070554
W1982785963,3.8038223,3.7364557
W2172232043,4.443032,6.089482
W2888650943,-1.0800843,1.2615317
W2888104250,-0.22629647,2.4627366
W2893883473,0.41048118,3.2989812
W2810117028,-1.0886327,0.085372455
W1596335340,10.06746,4.7393517
W3092024845,-2.148186,3.7807138
W2142865875,4.413833,6.3828917
W2114854118,10.349569,7.750962
W2600662290,3.2999454,7.3083906
W1899382931,3.215074,6.3298793
W1987332428,6.7166605,4.6035986
W2014700278,5.505922,1.8972555
W2903837810,2.2532382,5.2119875
W3093457167,-1.9479663,3.0627441
W2753539354,0.9500104,2.5230882
W2015981675,3.2038777,3.3635814
W2753409831,0.9575262,2.4877443
W3011868693,-1.6299968,3.1532824
W2416356973,1.8022451,1.9850733
W2473098174,1.5744699,2.5648208
W2103927771,3.961317,3.8948748
W2969522460,-0.94355047,1.3323979
W2095759957,6.4215,4.753236
W3046069880,-1.4063308,4.614748
W2900172775,2.11716,5.008179
W2969710575,3.1401844,7.643037
W3120938471,-1.8400996,3.4102457
W2888276855,-0.21355864,2.4653294
W3118784483,-2.193422,3.7431083
W2467197661,2.3351755,4.584301
W2904619680,0.47095475,3.8056202
W2129117379,5.6435027,3.8368077
W2992843368,-1.2907172,5.146797
W3118443911,-2.184062,2.919024
W2081315591,3.9666436,5.715522
W2969927592,0.5704931,5.3618827
W2063910672,3.3340142,2.8763006
W2009662901,4.549247,4.398219
W3094695682,-2.1481946,2.6170168
W2168573280,5.8150077,5.0438175
W2751793149,0.8109703,2.5902152
W2513057949,1.8322649,2.6273625
W2135638333,3.2830722,7.6240344
W3083437808,-1.8431581,4.91424
W2752703512,0.92841035,2.9321828
W2087665966,4.636306,3.985446
W2112837953,3.3521454,4.928453
W2797127638,0.23070963,3.638493
W3046252510,2.420537,6.0762787
W2152670036,4.2624097,6.6044693
W2495571292,1.9418912,4.2479854
W2958763127,0.21248452,4.9294853
W2056638635,3.8753433,6.128649
W3042697744,-1.1576195,-0.09219847
W2140381488,5.418305,6.149209
W2081139127,3.3979833,3.0182874
W2161587450,5.2254744,6.2342515
W3080570305,2.2304277,5.9751697
W1980799317,3.9888775,5.9830174
W2144296370,3.6896162,3.8626702
W1897729025,2.4752142,3.7255595
W2009658718,5.149628,3.773434
W1963502684,6.359048,3.349059
W2067686570,3.8673038,3.2090225
W1901365844,2.8884342,4.8455334
W1978447965,3.5498748,2.1289997
W3118541802,-2.102859,3.1812277
W3092997279,-1.6213126,2.6361177
W2883244140,2.884537,6.53337
W1988234697,5.0713267,2.4423497
W2507517175,2.1862855,5.0047717
W2006284054,6.2114086,4.1214337
W2751503718,1.4008301,4.093991
W2142304282,2.777227,4.440802
W2518340594,1.8975812,3.6536107
W3087133919,-2.1927087,3.4688814
W2008795456,4.7148,3.291577
W2888018391,2.5258193,5.6612463
W2969940513,3.0878372,7.3648357
W2960380130,-0.58192736,3.3642323
W2146266364,4.017838,7.0944114
W2090747210,3.7348106,3.689168
W2514496145,2.045361,3.5063074
W2295609766,6.580427,3.6133838
W3091887724,-2.2625442,4.185924
W1568893727,2.8740919,2.3277562
W2073965571,4.814368,3.1337502
W2470422954,2.040776,3.6717787
W2729788219,0.95131284,2.8171916
W3049654111,-2.0022602,3.5282624
W1605018553,3.5003977,2.1741004
W2156017999,5.529292,6.096741
W2064759589,4.1629,5.189712
W2167797188,6.998595,6.1433787
W2170083989,6.153069,5.1932774
W2853934102,1.7669393,4.758757
W3081850804,-1.3701388,2.4243674
W2906577465,0.95216334,3.0208983
W2753739056,1.0557703,3.6557627
W3034223044,-2.1040344,3.402418
W2083739891,3.8568985,3.0892596
W2972845140,-0.59415174,2.5509973
W2882288661,0.18283267,3.9135797
W2888128203,0.77784246,3.9059935
W2515839014,1.5816107,2.5296612
W3016600593,-2.027486,3.979056
W3085113638,-1.9784168,3.123515
W1933214722,2.540661,2.0655897
W2011735049,5.493058,5.026846
W2147512934,4.4662013,5.3874235
W2016016887,5.453658,6.7790494
W1974584593,3.7359517,6.9299126
W2070626686,3.789628,5.3210473
W2033074184,3.6312141,4.216085
W3055273286,-2.3135715,1.7131346
W1987269142,3.4490132,7.4570007
W2145459236,3.6749818,1.2580426
W2888652842,1.4410492,4.379452
W2888611489,3.6887116,6.5656505
W2058199791,3.2836714,4.5178556
W2171892642,3.1471548,4.946813
W2999308857,2.9082644,6.400818
W3091859806,-1.8167583,1.4058036
W2966925760,-1.0641025,1.4187388
W2815772147,0.28982234,3.7296603
W2957108464,-0.5938051,4.796314
W2966331853,-0.6811833,3.1712978
W2116697164,4.070096,3.373134
W2962530235,0.05962383,4.255695
W2965010363,-0.92846,0.9287539
W3091891110,-1.5163184,4.965613
W2030987040,3.418709,2.470481
W2060747124,5.274922,3.1368232
W2145728221,8.160384,4.497107
W3088309128,-2.013241,2.7688928
W2132706063,3.4441068,2.5502267
W2515158665,1.6804659,3.4553142
W2475195788,3.213563,7.7699804
W2124113885,9.752152,6.814055
W3092497721,-2.1583848,3.5728612
W151364726,9.236156,8.405949
W1505871258,2.497094,-2.6105387
W2135100707,5.476934,5.4605417
W2086054417,4.768635,2.9550846
W3144229920,2.6001623,-2.2553272
W2131621291,2.5417922,-2.1504862
W2091115823,2.5386243,-2.497413
W2144801457,2.5610926,-1.9239672
W3092118452,-1.4536655,4.449184
W2110457937,6.5689797,3.518437
W2960831429,-1.0777501,3.274562
W2119026951,3.7994874,7.4075174
W1529159576,2.7274284,1.6607822
W2127980861,7.865328,6.5561914
W3082697491,-2.3481035,1.6818826
W3092052697,-1.1741604,5.2458906
W1982271317,3.6886747,6.779664
W2888322672,0.2409883,3.8277051
W2042180810,2.7534184,3.8765612
W2109657057,3.744274,5.9931865
W3074752377,-1.8500584,3.2085977
W2753621178,0.9742178,2.7363355
W2415961718,-0.990044,0.25626445
W2747440553,0.99353915,3.0485115
W2000388747,3.258985,4.311002
W1909985801,2.4604132,3.481235
W2503311723,2.2297163,3.4502041
W2120831453,5.3583174,4.6134663
W2095995627,6.4376864,6.0747843
W2510494910,1.7681032,3.764526
W2120294815,6.213692,5.7788935
W3082110595,-0.9619545,3.8766932
W2099057501,6.822038,3.1866255
W2904304629,0.7494766,5.2336454
W2165453175,3.847101,4.6546893
W2884740671,-1.0226927,1.0305295
W2046933226,5.1191335,2.663793
W1604082823,2.963864,4.5856805
W1958729953,2.5251606,4.862908
W1869447506,2.4652321,3.9795861
W1965305253,5.832266,5.4274487
W2127094813,4.9569283,5.5695662
W1990779238,4.516525,5.235846
W1480146631,9.285884,4.253337
W3092185942,-1.821761,1.5432723
W2100247557,5.633844,4.3252387
W1969625450,6.15613,6.792125
W2904724310,-0.31529665,2.6939442
W2080083696,4.8829355,3.7713745
W2162609414,7.0599346,5.788342
W2001749563,4.6426334,4.693149
W2147855158,9.705594,5.538806
W2102530643,6.780282,7.0895443
W2946419593,-0.6696899,4.2611127
W2142265837,7.585037,5.7148013
W2052440657,3.153302,3.35363
W2099272828,5.840303,2.9544165
W3147279153,7.7881145,8.986615
W2122281356,9.232578,5.25709
W3084071921,-0.89847577,5.395332
W2107917848,5.195711,3.2824004
W2512894878,2.1461565,4.171947
W2126846369,5.3676105,3.7287738
W2106692000,7.6187515,5.706201
W3083286350,-2.054358,4.6462154
W3083399682,-1.95937,3.0441363
W2888068719,1.3497132,4.606031
W2614596590,-1.002053,0.3732848
W2753527800,1.1068177,2.9239466
W2902125368,0.92838335,5.231467
W1930589737,2.3774416,3.502848
W2142345929,6.258425,6.65789
W2753142777,0.7727538,2.4073524
W2905361879,-0.12608786,3.2056317
W2753153359,0.95576465,3.126654
W2171233110,7.211549,3.7313442
W2969415319,-1.2968392,2.5930886
W3092843706,-2.1797342,4.5635743
W3093866627,-1.5516925,4.6281886
W3092208342,-2.3232355,2.889741
W2888217455,-0.2292191,4.583109
W2751374042,0.21280831,2.2646418
W2969264976,-0.5101543,5.1119885
W3080320770,-1.6313002,4.908616
W2036249405,4.5904293,3.510148
W2626618469,0.88181883,3.1060913
W1964056524,6.458732,4.686101
W2060829018,5.6771717,3.902781
W2888083538,0.34097666,3.6526809
W2147062644,4.226887,6.7577915
W2097798402,6.7934194,3.985396
W2019310659,3.408125,2.6187348
W3091564511,-1.1852905,4.1435356
W2096510084,5.2709126,4.7907944
W1920826835,2.8074577,4.985823
W2157514509,3.569917,5.087837
W2067332575,5.257744,5.0965304
W2058218763,3.6872437,2.8839018
W3092738373,-0.36699054,5.2368107
W2890022542,0.89836574,5.1131163
W2889079460,0.32050404,3.7635937
W2969585390,-0.27078065,4.5168114
W2147905049,4.800791,4.336902
W2120290740,7.890962,6.8542876
W3020934283,-1.9103438,1.1230603
W2169113748,5.7956595,4.9084883
W2751857862,0.83424133,2.312993
W2969277937,-1.0501746,3.1512265
W2006329201,4.014943,3.249989
W2152013121,3.5929222,3.3905716
W2753862885,1.0190877,2.5960958
W2093301923,5.1139407,3.4574993
W3092384685,-1.7210394,1.7944736
W2155132021,2.5479949,-1.9776957
W2888342609,0.6044808,4.150942
W2147109806,8.280809,6.6579103
W1898490363,2.7126374,4.520681
W1843439656,2.9568193,4.1938095
W2969947299,0.013328107,3.9813616
W2104832179,7.9234543,7.028899
W3083496109,-2.3201606,1.7788873
W3083323878,-1.0729321,5.2922482
W3043300615,-0.3115748,5.2244015
W2110606751,5.6207924,4.020254
W2897118863,0.4806944,3.782365
W3097912744,-2.005491,3.5911343
W2509421351,1.9962782,4.2032127
W2167117443,4.8199763,2.4878974
W2969331663,-0.30636674,4.215252
W1990559478,5.2508774,2.456395
W3090266290,-1.8571109,2.3683991
W2055061536,6.190517,4.5023904
W2162825485,4.3701124,6.4516797
W1967994289,3.2185571,3.6046915
W2144968255,4.016624,7.1274695
W3092380299,0.112981774,5.38013
W2838323285,0.20653501,4.368355
W2020226548,4.953069,5.3687882
W2888740403,0.5526999,4.451897
W2969779351,-1.1323639,2.207087
W2961802533,-1.276251,0.41846308
W2029681577,4.4036307,1.8944553
W3043201388,-1.7674954,4.730958
W2904442985,1.1372871,3.8313856
W2293337239,2.9699538,2.4698427
W2967241380,-1.1047426,1.2156272
W2514026717,1.7556416,3.6665902
W2078077326,4.1215463,2.4581993
W2151583791,4.4941134,6.107829
W1932275522,3.2530882,5.191408
W2518571988,1.790541,4.202743
W2475286089,2.1129987,5.188325
W2156204145,4.4875154,6.857022
W2049885731,4.1824303,6.629298
W1507345447,3.1637428,4.0228686
W3092668837,-1.0402527,3.5193326
W2888450098,0.26353377,4.31331
W2125100130,7.6949034,5.0076804
W3112434596,9.379493,4.2949247
W2163213996,3.6679854,3.3308644
W1959248679,2.7173023,3.428757
W3092226997,-2.2699823,4.0977783
W2969885416,-1.3663331,2.676623
W3080778113,-1.7935101,3.4715254
W2009886804,3.3184278,2.3663158
W2104814434,8.161223,6.054923
W2171111395,3.3083048,2.7570732
W2751671543,0.95314413,3.8285732
W2888277127,-0.27174705,2.5241992
W2096544239,4.647408,5.7762976
W2149431522,5.8280587,5.9759674
W2134166817,10.06143,5.8777766
W2509745984,1.6256258,3.3702455
W3088769641,-2.3129718,2.5963078
W2047681559,6.969496,2.5843992
W1980602368,3.3065093,2.767292
W1893631399,2.5117972,3.6110659
W1893627485,2.261531,2.3742511
W2969663977,-0.6045002,4.125146
W1906437785,2.3466446,3.65587
W2152620919,6.2716923,1.8842796
W2171511904,5.1529713,5.5993667
W2732758306,1.4099698,4.8853073
W2518604289,2.7840996,5.213137
W3092187089,-1.3519769,2.665639
W2044988964,4.329722,5.0626097
W2908972697,-0.13435896,2.947582
W2751777857,1.3157103,3.80998
W2888554701,2.0761373,5.1134725
W2799246381,2.0505295,5.0804653
W2112179747,5.435749,6.6269307
W1988061708,3.740305,5.9223156
W2129815685,4.1919355,6.6448607
W2891628559,2.5825415,5.8556256
W3086902523,-2.1223023,1.5630795
W2035955531,4.041331,6.853448
W2941752661,-0.46719497,4.6714573
W2108843124,4.484759,4.888252
W2017521531,3.7004886,5.8513203
W2960937667,-0.8733151,3.1619754
W2081341882,4.1657853,2.3965795
W1952173784,3.5870245,6.30899
W2972323357,-0.45224926,4.787207
W2891592782,1.0071189,3.9890811
W3023951087,-2.085286,4.2965527
W2950237981,0.8966518,2.96444
W2969366381,-0.78857666,2.6341057
W2120098605,5.0401063,3.8978956
W2144721682,4.3460684,5.347848
W2075121582,3.1216693,4.5456576
W3091838988,-1.6358985,4.8152294
W2516530101,2.0910509,3.3489861
W2727320571,0.99159575,4.7065053
W2098839872,6.1935186,3.2906961
W2139907264,5.6139417,2.895545
W1494305179,2.5967643,4.0392737
W3091841891,-1.1453549,-0.14188226
W2507341542,3.3780806,7.0891256
W1990401068,3.587383,5.440393
W1974399269,10.225539,6.428464
W2126952686,10.608145,5.8414273
W2156440763,4.4547243,6.826996
W2960572238,-1.351073,4.2697697
W2065873970,5.933886,1.474069
W2847848426,0.7487961,5.1246176
W1992743299,3.2268393,7.7570257
W2856718477,3.104123,7.662667
W2113534353,3.8614604,7.3371687
W2401893145,1.8746531,1.3397018
W2961269636,3.159311,7.780331
W2819013036,2.70334,6.1869855
W2969977939,-0.6270063,4.647834
W1937626386,2.9481413,5.1297393
W3091852516,-1.7751561,0.7679639
W2906105753,0.61403525,2.8095324
W1995073788,3.7918084,4.570428
W2113958639,12.075026,7.833242
W3092585760,-1.2866588,2.3831675
W2888847922,2.518105,5.9399877
W2990372444,-0.39589205,5.2737927
W3092234597,2.8107803,6.1808906
W2969696778,1.6000073,4.9206204
W1530372876,4.1576724,5.3153396
W2518599754,3.4581785,5.613901
W2888545965,1.4179106,4.329545
W2969478830,2.8323255,5.9822054
W2967623726,2.8348556,6.2585382
W3090030562,-2.4015641,2.3915646
W3111386272,-1.4345196,4.571022
W2959442326,1.0530567,4.0473576
W2966386095,1.5607147,4.748738
W2725765016,3.121318,5.600651
W2753584194,2.6208851,5.384361
W3084735977,-2.3664155,2.497281
W2795391948,0.8102865,3.9891102
W2102848110,2.5918722,5.3559747
W2087878135,3.6977823,5.8823347
W3086983493,-1.8839501,1.9887155
W2114651926,3.8941123,7.244426
W2141562432,11.930563,9.482168
W2610687266,1.2415872,3.8533094
W2103484089,3.8821046,6.151484
W2407529156,1.9853144,2.6168523
W2513780624,3.4567344,6.203785
W2883568341,1.2340771,4.4892244
W2023468127,3.6608603,6.2671723
W2050674259,3.7435918,6.040706
W2148269024,8.8106985,4.661627
W3092587559,1.3661581,4.9403133
W2007209104,3.8661273,3.919571
W2097089704,5.382328,5.5738435
W1948184167,2.695788,2.588015
W2955103500,-1.3627467,1.4286523
W2183028069,2.1578598,2.3610175
W2750652038,1.6073397,5.3006644
W2473729840,2.040271,4.4640594
W3092695393,-1.9261627,3.112963
W2117088188,5.200467,7.291693
W1912392752,2.4555564,3.9611816
W3092626593,-2.0928674,2.2289727
W2112250557,6.603034,4.5628963
W3029953967,-0.6343922,4.6673083
W2048389037,4.116963,2.3911266
W1989510471,3.4851787,5.2535925
W3043404646,-0.619238,3.3255446
W2789066399,1.2486539,4.5874453
W2904142705,0.1294795,2.847551
W2148713609,4.4700494,4.202857
W3082457272,-2.026065,3.3447025
W2060804491,3.5806165,5.660419
W3144047545,11.911003,7.012054
W2507514876,2.1191833,4.778785
W2888011329,-1.0392767,0.76848537
W3081678230,-2.3305042,2.4269133
W2969072564,-0.26223624,4.2603617
W2028822613,3.6046965,5.695496
W3108305122,-1.8970419,2.0421534
W1916693793,2.809775,4.205535
W2732947513,0.86216664,3.2971501
W1930745793,2.6835701,2.5729775
W2507878054,1.6751062,3.8016028
W2805488309,0.11060355,3.4769027
W1966218348,4.35721,3.6007502
W3081384039,-1.8308191,2.1919098
W2870728449,0.2682334,3.725553
W2973158165,-0.6394911,2.376941
W2888433281,0.52176166,3.300009
W2828930575,0.28895223,4.000228
W2978716154,-0.6128577,2.5610356
W2940968358,-1.2455544,2.7832403
W3093562151,-1.9483294,2.24076
W2888705264,0.24336733,3.4850872
W1998703808,4.9316645,2.5811481
W1952025886,2.7512965,2.2679963
W2149406594,6.2612104,4.922474
W2043105435,4.3598566,3.9692647
W3094221028,3.2359564,6.8520455
W3043084199,0.78047,5.88594
W2958798669,1.0957768,5.97917
W2098417174,5.125993,7.3191266
W2141752259,2.617668,4.1042466
W3026065740,1.0673295,5.9804764
W1591017069,3.804885,6.0989056
W3030168100,0.89896166,5.788533
W3023650436,-1.9541358,4.161922
W2112439337,6.9540453,4.095972
W2084776154,2.923244,4.860709
W3092104329,-2.280945,2.4491055
W1907813777,2.9347124,1.3820736
W2013728941,3.7009556,5.577986
W3083020428,-1.4831336,4.169455
W2975462711,-0.75343454,4.0652723
W1540016502,3.477921,7.1177516
W2887976008,0.079660445,3.2727187
W2027714334,5.293285,5.9652967
W1945230793,2.773147,4.478526
W2795850430,0.0690118,2.9464111
W3080901655,-1.969452,1.881797
W3030528496,-0.8937794,4.643096
W2088378580,4.063197,3.7776341
W2468565665,2.0557554,3.4608686
W1918045654,2.5436265,3.9024918
W3092179955,-2.237612,2.2088172
W1581627361,5.0013313,4.783287
W1989505216,3.4085188,7.603796
W2952342347,2.7558553,6.1722736
W3093260338,-1.9563783,3.6108394
W2127775323,5.3760347,5.272488
W2837370974,1.4107755,5.3125925
W2109911343,4.04219,7.1831183
W3043605787,-1.8160719,1.0218917
W3091837150,-1.0481629,4.7626705
W2140425659,9.566462,6.302603
W2795959502,0.30971307,3.200209
W2109761310,9.200658,8.684591
W3092206318,-0.27218124,3.9061239
W2065488074,3.5523045,4.5370574
W2517256332,3.2511747,6.0606694
W2796075754,1.0767348,3.9591153
W2517444746,2.4335744,4.642956
W2957174347,0.41732457,5.2944403
W2888476620,3.231649,5.782264
W2067022444,3.7845483,6.884235
W3093344826,-1.5156053,1.4325355
W1960941941,2.586839,3.8484306
W1992613028,5.987381,5.879191
W2117006370,5.363586,5.858944
W2472155683,1.6924938,2.827123
W2149489806,2.6148224,3.023721
W2012812717,3.501769,5.251879
W2071584957,5.0244155,5.1395774
W2117616434,4.2850666,5.884246
W2152621157,5.172968,7.6367197
W1998947504,3.6084986,4.9751267
W2143430250,5.768008,4.2802563
W3042623940,-0.46070442,5.575548
W3093051694,2.248015,5.7353215
W2969709530,2.5416894,5.528036
W2888029456,-0.11461861,2.4633021
W2960815402,2.2998114,5.438519
W2884662498,0.9017967,4.8186874
W3045930541,-1.878567,1.7178042
W2852446814,3.1077223,7.6018624
W2960826148,-0.36931103,3.6709487
W2002008002,3.281218,2.391352
W2752257752,0.51444614,2.713951
W2412995228,1.8710997,2.8121107
W2118573876,4.043219,2.7742596
W3081277912,2.4237885,5.698659
W2965346190,1.3336519,4.5460606
W2752843814,1.4091237,4.015148
W2753472863,1.8868927,4.7442193
W3028632643,0.2129997,4.480689
W3110873875,-1.4503415,4.570938
W2070664725,3.358011,4.7086315
W2969684696,0.3391107,5.012691
W3087243598,-1.8967407,3.8360877
W3091971410,0.24045102,5.3505826
W1977400967,3.8109622,6.1055427
W2128086789,6.9603724,3.9577143
W1909247982,2.815931,4.403252
W2611374796,1.347067,3.9576232
W3083351516,-1.1820607,0.9565268
W2095459940,4.0498476,3.237877
W3023339987,0.4221606,5.7772655
W2888655950,-0.047086798,2.5277996
W2626368339,3.1064954,7.1603036
W2037205988,3.9836788,6.3977346
W2046305401,4.1163836,2.609636
W2013060577,4.5247626,4.408254
W2753821824,2.7404072,6.205783
W2118302132,7.6533804,4.6652946
W2145817751,4.580973,4.0663853
W3001260385,-0.26944298,4.335596
W2076608101,3.8774803,2.8401606
W3092167326,-0.9152466,3.0961454
W2048905912,3.8020706,5.809825
W3092324668,-1.5641385,3.8374338
W2161114148,4.074581,6.5343432
W3083459580,-1.164366,3.021931
W2515064928,1.6701077,3.3719969
W2169112940,5.7231812,5.7330756
W2082844358,5.0162334,3.2700264
W2171522901,3.2310119,7.780937
W3084014464,-1.792433,1.9710228
W2604749705,2.5490057,5.3652287
W2143597141,3.5980709,1.4176589
W2018614013,3.4874516,4.80893
W3002194360,-0.6068892,4.9085355
W1921464710,2.1395385,3.6934803
W2751110224,0.61304575,2.9910603
W2161555761,7.284303,3.7324607
W2132035930,8.617763,7.7648177
W3148950651,8.514615,6.1164236
W3094084711,-1.2577149,4.166068
W3094137687,-1.5432758,3.7594054
W3092811950,-2.2642612,2.5779808
W2294831722,4.12397,6.830629
W2753303513,0.7231751,2.5450902
W2130434120,5.8684125,3.1167188
W3046847925,-2.2461202,3.964673
W3070599041,-2.260263,2.4176173
W2098226206,4.7251925,4.83944
W2141026840,6.2427626,4.3711424
W3083692547,-0.94291276,5.1445074
W2969297115,-0.57362986,3.418911
W3092753924,-1.2479893,2.6024067
W3043619756,-1.6258327,5.0700054
W2610721480,1.2949383,3.1368291
W4249894953,8.23565,5.72301
W3082667172,-1.3273965,3.5396204
W3092649770,0.12972528,5.6775565
W2462558827,6.3365326,7.488903
W1990995255,3.894855,6.1299233
W2109857088,5.118148,6.014856
W2074930186,3.9177606,6.5759554
W3093204258,-1.4692013,4.368393
W2099864932,6.502222,5.274458
W2106268337,4.2873087,6.5189085
W3083048827,0.17885208,5.4815087
W2888602375,0.23601954,3.9010398
W2747835641,0.71210814,2.8050797
W3023866933,0.45248577,5.58864
W2512402302,2.4274883,4.6892824
W3083318759,-2.1042745,4.6726933
W2968484890,-0.6649939,3.4261801
W2077776889,5.069148,4.546813
W2044102377,4.0941896,6.466619
W3082188805,-2.005092,2.7108867
W2088915428,4.5341573,2.0477185
W2098572691,4.479843,5.320839
W3093393391,-1.3734257,0.07731555
W2066055496,3.7240615,3.839975
W1969581814,4.4740677,6.5546126
W1954569224,3.2049701,5.1285105
W2815307792,-1.1420101,-0.1843351
W2165915693,9.732895,6.1860714
W2022536831,4.354049,3.8210332
W2133571633,5.3710275,4.636753
W3092317220,-2.0810094,2.3774717
W3092428543,-1.5604548,4.5310097
W2181825148,2.7676735,1.581391
W2888308855,0.007023907,2.628307
W2116107155,6.853111,3.4200335
W3092273406,-1.7137458,1.9370731
W2508572344,2.146274,3.2089257
W2133498673,4.9191566,5.652558
W3086090046,-2.0873137,3.3108356
W2953580430,0.23067354,5.4137473
W3091888427,-0.08784077,4.922811
W2728218263,1.7745328,4.985559
W2941245438,0.63455665,5.4672475
W3082436447,-2.1123338,4.6982517
W2055687013,5.3786707,2.01267
W3042484367,0.6760713,6.0242586
W2915013291,2.809626,1.4087847
W2159936057,3.527637,7.5307007
W2466107176,2.163738,4.036767
W2114070688,8.958736,5.3988767
W3043739579,-1.4884783,0.3496455
W2830610540,0.73437774,5.2548704
W2126565921,7.3468184,6.7063107
W2143153559,4.868504,3.9145265
W2119690161,6.1142445,4.6957793
W2129012257,5.319577,3.286188
W2128205813,7.674132,6.790702
W2145496215,6.068984,3.880859
W1904449686,3.0994153,3.4381223
W2987443893,8.928874,8.660401
W2167129696,5.7867618,3.6082923
W2137197875,4.9770656,5.3228927
W2117698763,7.564773,6.938719
W1498164374,7.0577064,8.180182
W2134263360,10.168964,8.786247
W2115792722,9.556852,6.510517
W2532599107,7.698195,6.4731126
W3043764417,-1.9442683,4.8217635
W3043313873,-1.7891252,4.6603355
W2417648990,-0.9282558,0.596607
W2122993881,7.9515243,4.820214
W3042301112,-2.1002712,4.3876953
W2489062581,1.6764982,1.9886773
W3016769623,-1.78017,2.6157973
W2012457675,3.0935721,4.548578
W2960217013,0.045528322,4.4918814
W2971280235,-0.999566,3.3198314
W2869198903,0.1506408,2.8226993
W1590507653,3.440411,2.1848052
W1992765891,4.8861957,6.445522
W2473636904,2.1613712,2.5606782
W2824561939,0.15681803,3.2874494
W1992492534,3.8157322,5.656486
W2007185493,4.676004,1.751708
W2752257308,-0.67786545,1.2395668
W3043686233,-1.2162454,5.2372837
W1966320996,3.6380882,1.5380983
W2126053368,7.9005146,8.999693
W3042463260,-1.2408547,5.160077
W2750749591,-0.4205505,1.7177765
W2014964183,3.0979695,4.495176
W2971603282,-2.2047102,3.2845466
W2112397756,3.80083,4.995921
W3041357671,-0.82812697,4.009579
W2157379557,3.459474,7.6112113
W2109727435,5.1529884,5.9947844
W1976606085,6.0777597,3.5242114
W2098072631,5.3973303,6.8724704
W2127397139,5.444971,4.644134
W2121995598,5.4500356,4.8355513
W2093219811,5.744399,4.446952
W3042607521,0.48242897,5.865472
W2463618446,2.0756838,4.8922005
W3143721798,2.4740827,-2.6202652
W3042617135,-2.1079245,2.923004
W2888584406,0.61376834,3.4031973
W2126519777,5.5474567,2.8742304
W2012737385,4.6925926,3.6242094
W2969516123,-1.1205705,2.1256697
W1898018073,2.8480473,2.3757598
W2064815440,3.9788785,6.8005686
W2016966772,7.7202353,8.237929
W3042484395,-0.93690497,5.3369107
W2135446434,5.6623354,4.051534
W2513074232,1.460665,2.9443104
W2509962701,2.0348415,3.7598867
W2515389849,1.9294357,3.084562
W3042840297,0.07026929,5.337333
W2621632289,3.2010815,7.7131314
W2515800447,1.6342435,2.9913125
W1941024310,2.9580998,4.4042444
W2172119539,4.720323,4.4218793
W3042270325,-1.9517894,4.5367084
W2906483945,1.0067254,1.9388515
W1899829068,3.109894,4.9169626
W2163769869,4.8995886,3.933769
W3023783025,11.875573,8.679735
W1994984331,4.076427,3.5318234
W1920440479,3.369499,7.3033123
W2508837977,1.6060306,3.3659942
W1992399362,4.7316084,5.0958366
W2147353820,4.7682486,4.85586
W3043174888,-0.8395319,5.344212
W2084848678,4.7358937,2.5559912
W2507200127,1.5086775,2.5174916
W3042314864,0.35088122,5.761706
W1898893341,2.3940108,3.1168964
W2057592763,3.5108984,1.7453842
W3043354947,-2.1563463,4.648434
W2905763413,-0.676518,1.203198
W2972912546,-1.1486218,5.234724
W3043219927,-1.0679301,5.318754
W2752991534,-0.7649468,1.1335996
W2007738535,7.937694,5.3850846
W2086478402,3.0803595,3.1874716
W2092874619,3.5617456,2.9664817
W2093954317,4.191066,3.2042427
W1968158766,5.1576257,3.9307578
W3022912868,-2.1065462,2.326549
W2133946031,6.0755935,4.191816
W2059745921,3.4596715,2.5509226
W2090659086,3.195736,3.2953339
W2398597748,1.9065692,1.5113813
W2510576630,1.8537368,3.925003
W3042318688,-1.961974,4.484762
W2188077114,3.051403,2.9180744
W2133013573,7.9033203,6.601931
W2025406665,3.2111297,3.3082037
W3027987631,-1.5877622,4.659134
W2057444996,3.9110925,6.7544184
W3042222499,3.1544688,7.55758
W2015449696,3.3128805,3.4280572
W2082229705,3.501987,7.629059
W2750934719,-0.8313799,1.0192517
W1606918473,10.12632,8.3751545
W2118660081,5.508007,3.8664885
W2510911826,2.5585492,4.7676983
W1934088123,2.722384,3.702693
W2113942092,4.2119303,6.5305696
W2963015399,0.7701067,2.967666
W3147941106,10.7744465,8.96258
W2933142358,-2.3171754,2.4051335
W2598209472,3.3437464,7.158793
W2965907370,-1.0854514,3.2038333
W2969874558,-1.0880033,3.1703255
W3042278267,-1.5881681,4.614407
W2843420784,0.7533783,5.180769
W2148329479,5.5050697,5.0887704
W1602622301,2.1900833,5.112969
W2517155002,1.4271178,3.4075022
W2840275391,0.86463374,5.255505
W2050488527,4.819086,5.145414
W1951518548,2.9458966,5.2864647
W2013068388,7.496684,2.956128
W2149203023,5.05816,3.015543
W2941261692,-1.5676157,4.386062
W2949668660,-1.2933338,4.773451
W2052606569,7.9206886,6.2843637
W2133706996,8.296852,4.991294
W2905015557,1.0514132,4.736583
W3042939456,-1.241399,2.9788685
W2051767208,6.045545,5.811593
W2119452648,5.632427,6.896575
W2121887149,5.9268723,2.803771
W2148725305,8.9283695,3.687677
W3042778898,-2.0661304,2.5859895
W2582491743,-0.6280546,1.2607548
W2025394193,5.25774,7.3146586
W3043230740,-1.3322212,4.8978868
W2012118336,3.3299732,4.608765
W2162920501,8.832149,5.6556444
W3043349321,0.5557867,5.7641625
W2047828610,4.4757586,6.363251
W3042711664,0.102995865,5.4699135
W2091416594,5.561915,5.2001143
W2042215831,6.1107984,4.6156197
W2044135788,6.366563,5.8839283
W1995144346,5.493001,4.777733
W2509947681,1.9756403,3.7580907
W2752059862,0.9381756,3.956169
W2752026712,1.0687057,3.1744442
W2102452998,7.8035283,5.4164577
W2062037128,5.3684235,5.2285976
W2134378585,3.4993007,3.2893271
W1988726303,3.7698982,5.859107
W3043544011,-1.9068891,4.814124
W2602387228,1.6131393,2.380669
W3043681421,-1.7266309,4.8527193
W2005996634,3.612315,3.1459663
W3035772872,-1.3952554,0.38150224
W2165201154,4.1741905,3.7727597
W2888702736,0.16939428,3.6390538
W2142531915,2.4764323,-2.455736
W1590482746,2.5584931,-2.0819802
W3032168557,-1.4262815,2.6190856
W2795622273,2.4488025,5.447569
W2731051489,1.5303806,3.3310792
W3043416358,-1.8572432,4.894012
W3043624535,-1.6831263,3.504821
W2170910862,5.151108,4.049391
W2468849742,1.9287496,1.59574
W4252428966,12.302012,6.943856
W2115596386,6.6591325,4.9303465
W3043559324,-1.2071137,0.034361284
W2904955348,1.0130662,4.0212374
W1821624969,3.5474055,2.5015357
W1973842198,4.074006,11.250336
W1992679763,4.1195626,2.1867177
W2036093426,6.3874483,4.4756217
W1994533969,6.937796,8.195446
W2165786600,6.7089896,4.674357
W2126190393,9.387618,4.765484
W2600599059,1.4355927,2.43036
W1983592716,4.0327115,3.6074195
W2948894190,-0.5730109,2.2559304
W2906640975,0.62956154,2.9918854
W2465068522,2.0269482,2.2200105
W2105242901,5.12906,5.735625
W2941320055,-0.6777178,2.4402678
W2055794105,4.6662445,3.9847114
W2064831393,4.3841114,3.4978817
W1973864947,4.6228404,1.4245424
W2055621060,6.840145,4.6804934
W2626561790,1.3630387,5.879924
W2877520197,-0.09503468,4.2253847
W2109115793,2.948205,2.2371964
W2590252985,1.4436136,2.606509
W2968697710,-1.1426018,3.38616
W2537595510,1.8843442,2.55651
W1955833269,2.632065,3.5311925
W2753596100,0.96622694,1.9479673
W1976310069,2.7119782,3.5788236
W2100828567,7.05721,3.9996305
W2752985888,2.5941827,5.268562
W2950879328,1.7457002,2.7262208
W2133645177,2.8149076,1.3231997
W1974061452,3.44313,2.1806693
W2011437534,7.366328,3.5034587
W2091236139,3.908458,3.6560552
W2044240216,4.6533437,4.5077477
W2121065592,9.08916,4.510995
W2046193218,5.587797,1.8625982
W2186022498,2.4385045,2.9204345
W2611375157,3.1890926,7.485404
W2750714283,-0.6755667,1.235773
W2063535907,7.3487864,3.038798
W2873704094,-0.15288733,4.686136
W2960559969,-0.799841,4.16684
W2812765312,-0.31153134,4.1163588
W2002552801,5.097474,2.6451683
W2045585337,6.6509395,3.0472698
W2942992140,-1.1886777,2.860012
W2936427306,-1.1317551,2.2039878
W2958997391,-0.44772562,5.0057693
W1981325128,5.577265,5.4854007
W2042368861,5.39446,1.8567123
W2969653330,-1.1624397,3.2460983
W2751627669,0.4629494,2.7877362
W1494010375,3.2620502,4.36122
W2147055032,3.54278,4.450846
W2612492565,-1.0506762,0.72729015
W2147394386,5.744787,2.8411357
W1979686514,5.5258455,5.73746
W2470789023,1.9080728,2.2234457
W2732575184,1.2034911,2.9891443
W3005629424,-1.2719215,1.9650049
W2168161935,7.4636636,3.2449193
W2728444372,1.1635268,2.992874
W2602830283,1.8776733,2.7266514
W2905064480,-0.95846605,1.1223966
W2165966087,5.270358,6.0178514
W2752242122,1.2306824,4.8814874
W2158778465,3.5684142,2.9126434
W2056911178,4.723491,5.698322
W2046945904,5.429971,2.3599987
W2958874938,-0.49302226,3.2363522
W2724102281,1.3793622,1.3621268
W2137345765,6.0634656,2.3838968
W2602887839,1.5358034,3.2886562
W2079647943,6.608312,4.6967688
W2130154693,4.939281,6.0624156
W2106080720,4.960723,5.463362
W2753405889,1.055819,3.3410723
W3152038503,7.7110896,7.4687285
W2398936633,-0.98686486,0.4511028
W2115977463,7.026514,3.8875363
W2030010027,3.6422997,1.2460414
W2171025235,4.455374,3.1372836
W2169530138,10.605369,6.517315
W3043316363,-0.19175169,5.6952443
W2805216990,0.34190512,3.6202192
W1925684990,2.3518457,3.4520266
W1482531518,8.90382,3.7482321
W3016306020,0.29603234,5.221764
W3043560476,-1.5215725,4.5064907
W2969396217,-0.11392044,2.480054
W2969821795,0.095889084,3.4121883
W3031998758,-2.2745907,4.396046
W2161240651,5.8397326,3.0048866
W3029575993,-2.316979,3.8788164
W3032016899,-0.6787241,4.638562
W2293034963,5.190851,3.6732914
W3031502651,-2.0674238,4.594336
W1601004891,2.7277296,1.9347763
W2940562782,0.75784695,4.2313967
W3031494326,0.39573586,4.52166
W2626677187,1.4038283,3.274095
W2068562326,4.5551977,4.652261
W3028689275,-2.3617594,2.2954252
W3016163547,-1.4028898,4.0929213
W2168270139,4.044841,3.605512
W3031879675,-2.1463678,4.501275
W2752126964,0.31443882,2.6922672
W2907579355,-0.7172461,4.170598
W3021858709,-2.0245762,2.6314967
W1977294046,4.193303,2.3656557
W2051863373,3.4838765,2.2894669
W2969859207,-1.0709809,2.92501
W2097924927,8.528034,5.892927
W3028354098,-1.0249331,5.246998
W2100108891,6.62329,4.51411
W1999287341,5.8341556,3.83415
W3032387036,-0.68021095,5.371317
W2143349559,3.584138,4.380066
W2125986575,5.785013,4.9196916
W2890729396,0.55827284,3.6262357
W2008196074,4.604812,3.214894
W3022406118,-1.2890102,5.1317086
W1916757608,8.001062,9.167002
W3032272023,-1.8924413,4.8526006
W3031292202,-2.120119,4.706546
W2408574227,1.9811134,3.5848594
W3029417713,-1.9125496,1.3465683
W3029488110,-0.5216459,3.781605
W2041284908,5.053136,3.9625762
W2004707992,3.5755942,3.184367
W2110746712,8.198298,6.7668138
W2888508568,0.5704406,4.705397
W2888571777,-0.4230512,2.4918268
W3032609318,-2.1625032,4.6894984
W3003182440,2.3026466,5.9607058
W4234439578,4.2604885,3.469033
W2129892540,6.807356,2.7460198
W2159729957,4.8310795,6.00084
W2135576300,6.035054,5.4192104
W2016268421,5.6677346,7.0549035
W2171240564,5.9142156,5.8026886
W2166753226,5.8718843,4.0293117
W3016099278,-2.2130153,3.002799
W3032174600,-2.1844387,4.512043
W3028703486,-2.3030286,4.0769353
W3030700920,-2.021716,4.6172266
W3030519117,-2.1138659,3.8812735
W3029609338,-1.9465171,4.801852
W3030160601,-0.92028105,5.3160267
W2127184512,3.5051744,2.992618
W2948959398,0.40877977,5.060168
W3031300292,-2.2630205,2.3686574
W2035818959,3.5252209,1.700676
W3030648396,-2.0354607,4.6918263
W1912832475,2.3786333,3.0275452
W1986016493,3.499559,3.005368
W2509007087,1.5774204,2.7020745
W3028958483,-2.252982,2.7071202
W2513716122,-0.7439988,1.015733
W2956771728,-1.3317004,0.5412954
W2915459242,4.422768,6.758094
W3140504487,10.61803,8.454372
W2126178791,4.582917,5.9354696
W2110004056,4.9642615,3.6531768
W2116980792,5.7267346,4.8058896
W3032086959,-1.2781991,4.145167
W2936109192,-2.250233,4.4721837
W2113992429,6.2034655,5.8131933
W3030797149,-2.3882246,2.5091686
W3030031737,-2.0911353,4.6407895
W3204624404,2.9382694,6.8628397
W2136304024,5.621646,2.945402
W2081280292,2.8952785,1.4094543
W2068963126,3.2665277,4.5919943
W1996908850,9.239596,4.3747787
W2053709073,4.0767684,2.566404
W2513899057,1.5201523,2.618131
W1515560749,3.705605,4.540975
W2966541941,2.8293257,6.545561
W2888349491,-1.0375513,0.84812135
W2041520323,4.701772,3.7897708
W2414613417,2.031108,2.7855573
W2069914666,6.659878,3.6279685
W2940866906,-1.34439,4.2672114
W1968279602,9.205962,0.5839489
W2164498220,6.4024696,1.8873283
W2136827748,6.403666,1.7858683
W2028390721,4.6742597,5.9475646
W2888001458,-0.86188257,1.2445638
W2752320267,1.2982235,1.3525873
W2052681721,3.6365201,1.8628463
W2159437973,4.8801017,2.3783476
W2101253294,5.722021,1.4020007
W2516587692,2.0319135,4.085002
W2166069449,4.0717206,3.4372065
W2160269501,9.384223,4.068164
W2145005733,2.798652,2.6727924
W2941629559,-0.43560344,4.5052357
W2058072323,4.3309264,3.609801
W3204503550,-0.20124352,5.55892
W3162684935,0.38519308,5.7703342
W3160238711,-1.2282972,5.4031
W3202271651,-2.7595356,2.4996908
W2956257765,-1.2131486,1.0572886
W3173682628,-1.3020966,-0.06787111
W3203678462,-1.4634941,5.769888
W2103504243,8.354764,4.389033
W2101875746,6.9967394,2.8929257
W2115597229,5.077106,3.5240285
W1983220274,4.9497294,2.8212423
W3204002628,0.47729227,6.0802083
W3204641023,-2.524617,3.011185
W2293398899,4.1257925,4.6550636
W2066431640,3.5819066,2.9949932
W2969493429,-1.1737607,2.1855254
W3203033952,-2.554352,2.8989742
W1948868775,2.5188992,2.830826
W3202687543,2.7444332,6.3698444
W3123633262,2.3130538,5.8442698
W3128915501,0.8490099,6.084298
W3159989291,-2.1561296,3.654357
W3185328781,-2.2255354,0.87833863
W2969302812,-1.5208833,1.1550423
W2062874539,4.831391,2.495115
W3200480869,-1.6947603,2.2080867
W2116787255,9.852998,5.976337
W3174001829,-1.1101096,4.8913994
W3202931891,-1.9100924,5.216187
W2849310602,-0.12294576,4.4453855
W3202569757,0.22604679,5.934919
W3202214644,-2.4790516,3.384538
W1893905004,2.4106612,2.9840934
W3202963651,-0.24272221,4.508286
W3123834806,-2.7389772,5.2413383
W2162662955,5.6270747,1.2515997
W2965507238,-0.49354532,2.9610226
W3201979036,-1.2556847,5.514343
W2070042076,3.8717253,3.5173612
W1961478032,1.9650937,3.488429
W3184786179,-3.1901689,3.429102
W2958977657,-0.6424934,4.0613494
W4226074878,-1.3920451,2.4939008
W3204415071,-1.7745439,1.5263234
W3202061481,-2.5344124,2.885258
W1927636871,2.5808504,3.288058
W2897061464,-0.75551856,2.007602
W1978977691,2.953236,2.3414986
W2185329967,2.8733995,3.0760262
W3203717592,-1.8629688,1.9145956
W3190418017,-2.2388504,5.7293234
W3201793071,-1.9760987,5.47862
W2969525524,-0.9261282,3.949836
W3202353378,-3.0844898,2.6978498
W1951374550,2.4306202,3.034335
W3204044065,-3.101646,2.8121061
W3204141329,-2.4569356,5.238759
W2517458416,1.9545382,3.7116601
W3186729042,-3.1706157,2.9604158
W2469706823,2.0402727,2.4440827
W2157791576,5.0228825,4.52266
W3203244351,-1.443524,5.7078495
W3189322482,-1.4018325,5.306754
W2005773722,6.0995884,2.2418084
W2068261792,5.530634,5.486867
W2163220482,3.7701507,7.223945
W2132907133,6.448682,6.7189527
W3204733936,-3.053716,4.8962426
W2957959844,-1.0928463,3.922244
W2969233156,-1.0852311,3.2053602
W2726944048,1.625235,2.956905
W3204044260,-2.8806875,5.0973926
W2107416618,5.927598,4.2098694
W3204797703,2.4998841,6.3608885
W2969292277,-1.509955,1.2550921
W2795973510,0.16651732,3.413253
W3118982518,-2.2785652,2.9047265
W3185658694,-2.87657,2.5350273
W2752686866,-0.3589038,1.8653477
W3189041781,-1.9043068,0.40408343
W2013177059,3.1798165,4.449394
W2080752813,4.7215977,5.459608
W3202266209,-2.5914025,5.446912
W2141558464,6.073776,4.9577208
W3202194199,-2.4439378,5.0766296
W3201703124,0.6727067,6.1695065
W2508146850,2.1076505,4.228493
W3147583786,2.4448078,-2.6539903
W3186438032,-2.9016156,5.0352807
W2039603596,5.9907756,1.830079
W3202919483,-2.648188,5.125045
W3183593425,-2.3108783,5.277318
W2098469281,9.105142,7.9269733
W3204602149,-2.631531,1.4629124
W3201489464,-2.7590232,2.5184286
W2503210624,1.6495774,2.801438
W3176125472,-2.2602684,5.2567887
W2133136052,5.509582,4.760149
W2145441016,5.292976,5.6414433
W2086388157,5.385456,3.3615327
W3203255635,-1.910489,1.5108259
W2514992200,1.9602172,1.3526822
W2023357311,3.9969647,4.494124
W2147377564,6.9584284,3.1980813
W2024290096,5.3866324,6.2116337
W3202452289,-2.5319412,2.402348
W3183154333,-2.9401588,2.501478
W2126927905,5.4612427,7.4624896
W3202651992,-2.4229264,3.4941657
W3177269615,-1.769295,0.39717552
W2041420722,4.5396667,4.025087
W3203548116,0.07354968,5.7467437
W3204913924,-2.762181,2.7446074
W3202786858,-2.5644915,2.8415549
W2161660422,4.1226707,4.3584747
W3204630330,-2.8654182,4.8862734
W3203269606,-1.9992503,5.0863876
W3183781629,2.3150222,6.1478944
W3203186943,-1.9055746,1.0969383
W3184196480,-3.1557148,4.755657
W3190864528,-1.833605,5.047895
W3175903777,0.11685328,5.85711
W3203109225,-2.278069,5.6124516
W2168705291,6.114347,4.5978975
W2155405213,5.6789374,5.398176
W1926682734,2.5678446,3.9022558
W3188587036,-2.252748,5.6201134
W3123806947,0.037023768,5.759494
W2751787250,3.241212,7.219841
W3184094520,-2.2734115,1.0237826
W3202176017,-2.7332935,5.2460465
W2066668609,3.3524656,1.9876089
W3186838184,-2.3160343,2.0239515
W2059972655,5.5256057,4.9007106
W3204039195,-3.1413333,3.1761723
W2599169839,1.8948145,1.8369672
W2149209690,5.400183,3.5836277
W1935970548,2.6784108,3.6200068
W1928454594,2.7364035,4.0118437
W3203907581,-2.3811066,5.1326113
W3187846328,2.0719569,5.8739414
W3213578841,-1.8393089,1.9135225
W3198179172,-2.8184059,1.9489388
W3187365692,-2.0095847,0.5888809
W2168247174,8.325964,5.301862
W3203383150,-2.2489262,5.662967
W2752885354,1.0170662,2.4429846
W2295965681,2.5771477,4.009209
W3189737287,-3.0890813,2.7220876
W2750871462,-0.41847992,1.6701446
W3183273995,-1.7072339,5.7062154
W2507337634,2.15913,3.769208
W3118726655,-2.1202765,5.4625874
W3204753948,-1.4946471,5.4920373
W2153312812,4.5266237,5.7182527
W3203985984,-1.9790444,5.2539043
W3193148830,-2.1670113,2.042191
W2598010724,1.5458065,2.7614713
W2024783975,5.4094095,5.4136863
W2032112442,5.322093,4.2295604
W1995613787,1.3644137,2.966391
W2753044861,0.92083514,2.9598796
W2512177572,1.5877779,3.214903
W4206685062,-2.5117495,2.3663983
W2142223224,3.9551222,3.7987025
W3204809439,-2.1683412,2.2730703
W1515529865,9.86675,6.480654
W3203467118,-1.296483,5.714948
W3161116921,-3.155134,4.7781076
W3204857299,-2.5081217,3.5990486
W2134198474,4.8507648,3.8863199
W2156473689,5.1363764,5.212187
W2160615355,4.5981755,4.714435
W1961342963,2.2233002,2.9191926
W3202360802,-1.7881122,2.1267242
W1997015401,3.5192173,2.4282815
W3006044141,-1.0227575,3.923427
W3199487740,-1.1867762,5.583505
W2046885375,4.381512,2.6463292
W3188110715,-1.3035725,5.5352583
W2070736848,3.6029434,4.2932634
W3199145056,-1.5743542,5.6742783
W3190348040,-2.3659344,2.553317
W2029143245,3.8524468,3.8889022
W2004038202,5.144234,4.198701
W2016428601,3.1721733,5.958462
W2033525277,6.617147,7.5605774
W3203914472,-1.7837356,5.662876
W2125115238,7.77393,5.1798496
W2485962973,1.8136989,3.517475
W3193210022,-2.3152788,5.611945
W3202983506,-2.483468,3.3383195
W3204059120,-2.614656,2.4571216
W2516807252,1.9379903,2.9826186
W3203151582,-0.48129553,4.117602
W3192730383,-2.0093641,0.6434958
W2969355467,-1.1989499,2.4949174
W3190684581,-2.0230098,1.5051306
W2751344272,1.1529927,4.620729
W3122041410,2.749411,1.8372335
W3202949724,-1.0773568,5.8772917
W3153272110,-2.184263,2.9158669
W3200547949,-2.2475853,5.666448
W2004885493,5.313725,3.0578723
W3202733979,-1.9770691,1.641845
W3204925778,-2.130154,1.8819606
W3195811527,-2.639373,1.3661817
W3175885103,-2.6155467,1.4272991
W3128733580,-1.5729967,5.4282084
W3199432283,-2.8109663,1.7041876
W2136771689,8.054777,5.3195806
W2076866895,4.4584136,1.9311225
W3147788876,-2.472286,1.1708531
W3192226879,-2.7763126,1.8804123
W3204328103,-2.3975282,2.2923055
W2156830495,7.55967,4.8317466
W3211221870,-2.1412504,5.0229397
W2345524169,-3.1923058,3.5152497
W3202443572,-2.1899643,0.95472527
W3191638286,-1.7705308,0.34899187
W2159201721,1.526677,2.6070464
W2753907577,1.3501525,3.8813975
W2753137392,1.2327169,4.827525
W2166103069,6.16864,3.0087142
W3204181713,-1.0572278,2.8970585
W1486120306,8.722331,3.8676128
W3204150480,2.1051857,5.979996
W2070034612,5.957162,1.4456716
W3194707655,-1.5801363,0.3397908
W3124353981,-1.219081,-0.015644448
W3162512224,-2.6022742,3.9792006
W3202567403,-2.6355321,2.8831627
W2966777976,-1.1082168,2.8905509
W3176119096,-3.1111238,4.7223935
W2121322496,11.86087,6.205606
W2948156707,-1.4936763,0.8003636
W3175245570,-2.632654,4.48353
W2127302825,6.4251175,3.7809777
W3173924498,-1.5554774,0.21086079
W2892093980,-0.13495773,2.4220057
W2905485741,1.6061691,3.5893888
W3164435399,-0.256815,5.6858387
W2084767266,6.6544933,3.317362
W3173728943,0.73820287,6.1678696
W3177194702,-2.4779763,3.2058342
W3177034858,-2.7198646,5.128378
W3175790308,-1.4832646,5.739859
W3177269583,-1.6435611,4.87052
W3166710803,-2.3362653,5.5809627
W3174969004,-1.1588584,5.1953955
W3177238829,-3.1096115,4.78063
W2906237435,-0.43039775,1.8613496
W2092646559,3.5680392,2.6174946
W2144936117,5.943118,1.7054499
W2888693151,-0.35551608,2.2984784
W3129669023,-1.4589009,0.040605336
W2817309376,-0.48009497,3.3823845
W2509765316,1.8989521,2.5018883
W1992370075,1.9276799,5.5936146
W2113323428,7.439056,2.176053
W2464003720,1.9497758,4.959489
W2143239689,3.0421507,4.161571
W3174026001,-1.8167824,5.7611647
W2102427929,5.492674,5.350736
W3175670154,-2.4482894,3.9677746
W2085466647,5.6046953,5.3514442
W1977810187,4.4829082,4.505397
W2031281270,3.899704,5.1486316
W3176479810,-2.0323105,5.2740097
W3175422631,-0.72544646,5.8696775
W1594608399,2.8839185,2.448343
W3175832078,-3.1858027,4.0757008
W2092809252,4.0166216,2.2130463
W2008424396,4.1626863,3.4954362
W3175968294,-2.260645,5.5848374
W2157524260,8.538647,7.3239827
W2025804044,5.206199,3.6906211
W3177462152,-1.3952146,5.744969
W3174089522,-3.0881305,4.8559403
W2109895332,5.179829,3.7582316
W2977818912,-0.5403842,4.6692963
W3174115277,-2.8097093,5.1262646
W2112905000,6.760264,3.9725633
W2074618668,7.755425,5.0381474
W3175589871,0.5445314,6.1839223
W2960323354,0.68159014,5.629463
W2114689182,6.452573,5.8375177
W3175005221,-0.33321142,5.9797044
W1947468339,2.339292,3.7648566
W2888575471,0.84277457,5.3453054
W2080674886,3.0300574,4.1267595
W2728178741,1.1825541,4.771607
W3175070691,-2.1917725,5.167452
W2509774955,2.0908096,1.527911
W3173804777,-2.4034815,5.3656654
W2165544866,7.2575016,6.1890316
W3173236064,3.1199944,7.6440053
W3176764654,-2.9570332,2.5063915
W1990982370,4.847543,5.37147
W2084257270,3.8666718,3.409482
W2471526151,1.892985,5.1727557
W2128182604,5.2355595,3.5167422
W2730123855,2.6220558,5.22532
W2063709346,4.087979,3.7789283
W2018326905,3.3128736,3.9017549
W2292987839,2.6929893,3.3678997
W3175873654,-2.9341164,5.055354
W2167983404,6.5690885,7.671511
W3176125641,-3.128192,4.8110766
W1998785512,6.980494,4.040768
W2508354510,1.793214,2.1388464
W2960736607,-1.2859997,3.7554832
W2105208377,9.251892,6.0400844
W3174698231,-2.9283261,2.2707918
W2464824038,2.020552,3.0823276
W2750682442,0.9087709,2.769884
W2155813900,11.380284,8.731633
W3170434561,-1.6891158,5.7045107
W2111967893,8.763899,6.7242794
W2860633713,-1.100304,0.3772546
W2011711938,3.4094253,2.2554884
W2141069751,6.207929,5.1422873
W4252100329,9.840795,7.5820436
W3176868711,-3.074316,4.741484
W3176674548,-1.6244775,5.7862525
W3173942473,-1.4280907,-0.024683373
W1942319121,1.9605787,3.2888215
W2958512644,0.8119779,5.8510036
W2101099609,5.693321,3.904902
W2170854835,5.493735,3.456866
W2171615968,5.8321357,4.315177
W2951676754,-1.2000668,0.025785575
W2294953330,2.7806947,1.631183
W2098300754,9.370231,6.409167
W3176424344,-2.4310997,5.3138313
W2139205907,4.7890787,3.4541137
W1923010118,2.7882617,3.7007728
W2137159670,7.07815,3.177944
W2102074734,10.006709,5.6103673
W2048202762,3.394644,2.339341
W2848131078,0.021418417,4.212972
W3173995966,-3.1138744,2.9842634
W3177118302,-0.42265868,5.881717
W2109418048,3.9311576,5.314555
W1971452799,3.2695007,3.1538775
W3110515458,-2.1820571,1.052504
W3175951774,-2.63505,5.3454447
W1971117671,2.8053107,3.774338
W2959611248,-1.5371219,4.8446827
W2005989959,5.190532,5.1904106
W3169838319,-2.6964204,4.2722807
W2963333474,-1.1085432,2.9549696
W3175639423,-1.6816531,5.4012322
W2114784448,4.857265,4.598631
W2081581186,3.2230864,3.0356905
W1990840721,4.0098305,4.635925
W2171366071,5.7952952,5.2524986
W2061348418,5.234248,2.4538414
W3159189449,-2.7274466,4.204011
W2125514447,2.5729597,2.9229655
W2157525828,4.5172324,1.5533342
W3160564742,-3.1725636,4.0252957
W3127986451,-1.4038438,5.3733463
W2147699512,6.134332,3.1696498
W2965735116,-1.1522964,3.050161
W3160709389,-3.0085535,4.8140936
W3011148851,-2.2083776,5.5020943
W1931908328,2.2708502,2.8209493
W1946609513,3.4953465,3.4850624
W3160639812,0.68660814,6.033406
W1990088789,3.6141398,2.8983102
W3123885984,-1.7828195,5.44476
W3163249945,-2.299354,5.006671
W3081741799,-2.8773463,5.0328383
W3125061134,-3.1478026,3.019067
W3134414351,-1.4524472,5.328857
W3160735296,-3.1432302,3.1472826
W2017586516,4.7658086,4.164861
W2727031703,1.2660022,2.9718678
W2795392050,0.19169536,3.798504
W3161188800,-3.130532,2.8167808
W3119210614,-3.1846185,4.6170855
W3160895163,-2.8189197,5.0214562
W3134694665,-2.9715738,5.0259438
W3162582515,-2.6101737,3.7196214
W2103573098,5.90332,2.8977284
W3162858660,-2.4028451,5.2186947
W2099622307,6.8169994,4.068832
W2102160824,6.797512,3.3321779
W2099544624,8.320156,4.41841
W2013499551,3.2845013,3.7047575
W2042696669,5.844213,2.818309
W3122707191,-1.6787586,1.3525282
W3161840223,-2.211003,1.2433203
W2752614053,-0.5778507,1.50082
W3161716008,-2.6180274,5.018593
W3163283793,-2.9702003,4.981788
W3126330904,-2.3240037,5.0689616
W3162294411,-1.4565519,0.20086741
W2510934748,1.5117075,2.5220695
W3161685366,-1.7948391,1.4149375
W2892078924,-0.12576489,2.9976752
W2153096151,10.175146,5.5037932
W1953027184,3.635496,1.4475367
W2941010912,-1.0358425,3.698152
W3160816838,-2.632785,3.0136511
W3127102982,-2.5001721,5.4324236
W2024351142,6.7703943,3.4974966
W2941232686,-0.1027808,4.346874
W2146679896,9.614688,4.103596
W3160709058,-3.1461601,4.602165
W3135622058,0.39335743,5.992482
W1941357433,2.2002184,3.50552
W3162095327,-1.9402001,5.528569
W3122206733,-3.2097895,4.7542825
W2007167676,2.4799137,4.5464463
W3123112062,-1.7178974,2.042319
W2598138014,1.6844894,2.4579842
W3127701756,-2.3386388,5.3129163
W2752812934,1.0439558,2.5222554
W3160863731,-2.5583568,5.0278344
W2346679226,1.869401,1.2547987
W3162399395,-2.085252,5.188993
W2796218495,-0.612318,3.774558
W3160589153,-1.7786701,5.713987
W2905848697,1.3754032,1.7861108
W2157931324,5.291597,5.527905
W4250776769,7.75905,8.147044
W1546610148,9.303636,8.411463
W3139661953,7.7391214,6.7548676
W2071392461,9.276898,8.090405
W2146983132,6.8958254,4.2809324
W2161730051,7.302333,3.2101462
W2097788635,6.468223,4.54419
W3144131567,9.946139,6.766326
W4231966649,8.964091,7.475438
W2115876851,6.302285,5.658537
W2117160391,9.115291,8.7534485
W2158213074,4.7964406,6.463432
W2085106745,7.1966596,3.736543
W2137394710,8.8663225,4.7372475
W2102841927,8.39757,6.2756634
W2126560733,5.7978897,8.121896
W2156509965,6.690235,6.476992
W2159223614,8.068286,4.6708803
W2159859907,8.097236,5.333221
W4253173415,8.025952,7.9452486
W4232696329,9.069738,8.326332
W2031478518,10.279182,7.7750382
W2112993386,8.055045,2.4441848
W3145343953,12.578166,7.679447
W2052661379,10.233578,8.222149
W2122337603,6.8497267,4.2143164
W2116114453,10.359862,5.2990727
W2133665342,7.6651907,3.0089066
W2122412388,9.207287,4.371292
W2096677581,7.2807345,3.3486924
W2163925811,8.517267,6.055942
W2153717767,4.1965184,7.0438695
W1567563068,12.455441,4.4704933
W2137259724,6.4535694,5.8537927
W2007488329,6.719543,6.703526
W2103589474,6.576979,4.677175
W2152595737,7.5182567,2.9432867
W2156980556,6.566602,6.235661
W2167915891,7.757507,6.9025183
W1573951906,8.024185,6.621947
W2151564521,7.390698,2.941164
W2130655139,10.806696,4.8849864
W2120514074,7.6994433,4.9376526
W2124201433,5.3309517,5.874991
W2140276851,9.608752,4.0913224
W2136108450,10.431529,5.534997
W2109230659,9.008767,4.4607916
W2156595342,7.1602483,3.277658
W2098866624,6.645956,5.8735223
W2107290000,8.29097,5.396239
W2167490281,7.2956743,6.7357454
W3144437408,7.770061,9.050799
W2145567229,8.9732685,7.0577316
W2116866329,7.803099,7.812365
W3145589230,8.418299,8.782154
W1565752327,8.603604,7.3077884
W2534349997,8.072017,8.770064
W2168877346,7.3941703,3.481404
W2109354433,6.540344,5.4238777
W2163630648,6.620093,5.806463
W4231419987,10.08037,7.4960685
W2139455833,7.0175276,3.3158388
W2119828687,9.350085,7.1796203
W2103827262,11.673933,6.0590377
W2151007029,4.4737816,6.747139
W2110673924,9.812856,6.441613
W2147798083,9.092236,7.953605
W1490855529,8.635487,5.4774146
W2171242795,2.5756302,-1.9070135
W2119427423,2.749585,-1.8212792
W2113022204,10.823385,7.3173127
W2169627453,5.210338,5.7224846
W2114911182,8.893696,5.935557
W2151433221,6.939161,4.048114
W2167433674,2.4485943,-2.0964098
W2095620196,6.9246645,3.3347847
W2099840845,11.119207,8.992151
W2107876242,5.0482306,5.9702725
W1585297471,2.5332284,-2.3829188
W2538195457,10.04718,8.340495
W1543577391,7.79317,6.4542003
W2122753588,10.0746,8.681994
W2128357383,8.581578,7.6199636
W2141967029,8.18327,6.414614
W2129676055,8.927712,7.490087
W2166928043,5.6545825,5.4777565
W2136536668,9.711135,5.933401
W1582174515,7.280395,6.942239
W2104814323,7.3716,3.0467348
W2096417185,9.16853,6.8441896
W2011060348,5.687604,5.5360575
W2124196561,6.805113,4.4702477
W2165729714,9.782353,7.94578
W2138827267,7.1673017,3.768005
W2139384265,10.333921,8.556125
W2154729433,6.7331247,3.416749
W2116422120,8.197779,4.656989
W2029883763,9.819022,8.151159
W2112478953,10.553602,5.96451
W2103652205,6.2432632,4.3955917
W1998180971,6.9822125,4.1645164
W2171712884,8.56544,6.283121
W2126524240,5.659783,6.0375457
W2026314180,6.7234955,6.590819
W2067497598,8.095284,2.5118484
W1996261192,4.0052314,11.345196
W2072634266,6.9357553,8.099742
W2062037513,3.996844,11.347938
W2089598288,4.0503807,11.307327
W2095102238,6.971025,8.063464
W2153431389,9.533095,4.089041
W2096183185,6.8849454,4.4501905
W2081381250,3.9796207,11.382217
W2001655373,9.915259,2.5120122
W2051548998,8.051469,2.53827
W2120036382,10.422101,8.346543
W2086096184,7.021305,3.7594104
W1969338043,4.0535607,11.291668
W2073270119,6.586448,4.7890215
W2086415960,4.0047503,11.353956
W2020466600,7.6508007,2.6848853
W2029630402,7.854126,3.082988
W2004469333,6.8390417,6.3546405
W1494068537,8.4048815,7.010321
W2078062707,9.909868,2.5353014
W2011751385,6.7948236,4.64435
W2139257416,9.2689495,5.3788114
W2138293015,9.486908,4.716961
W2003918207,4.013071,11.332432
W2096351806,4.0072374,11.3544035
W1992346463,3.9607496,11.37818
W2007926133,6.712952,6.663006
W1982178625,4.0615287,11.2509775
W2114237164,8.891258,3.850272
W1967299324,3.9979875,11.191821
W2019557011,4.0240536,11.333221
W2114818341,10.883847,4.91734
W1983362611,6.977252,4.0859475
W2112499754,7.9559937,2.6330042
W2019870870,4.0454693,11.30593
W2086541472,3.9783804,11.36596
W1986725403,6.835782,4.353656
W2026870040,4.0568695,11.294514
W2056747920,6.643355,5.4235206
W2125227611,8.007731,4.5530987
W2160583131,4.763013,6.6358166
W2169816546,10.132363,8.352721
W1487602974,8.730068,5.8036027
W1971132461,6.2639856,5.2822857
W3144020896,10.426617,5.488047
W2101284865,8.833092,5.4537997
W2101579010,8.1651,5.7063513
W2105837702,9.150321,7.261639
W2164429073,10.062684,6.358733
W1487235154,8.511022,6.1606655
W2102389916,7.643542,2.7330174
W1515517258,10.439909,8.431952
W2097546690,7.4990625,2.9680476
W2126056608,6.488269,4.381083
W2049802678,11.159264,7.2893815
W2132773990,8.992617,4.382375
W2137120870,10.607329,5.6904597
W2155987906,7.2786183,3.4473085
W2083841057,7.650123,2.7486248
W2157825025,10.7178335,7.031121
W2129449371,7.01499,3.9600356
W1987522255,9.845298,4.236261
W2131682312,9.267519,5.038962
W2169366593,7.177503,3.0788486
W2099306854,7.4314804,3.2324128
W1521358531,8.645124,3.937328
W1479726876,10.182467,5.4723067
W2163576504,7.8629704,2.5436502
W2081517917,7.1633368,3.2313251
W2024091567,4.077238,11.213013
W2017394040,7.049904,3.9517434
W2111871057,8.0532465,6.707903
W2132844538,7.018621,8.2317505
W2108317718,7.8529396,2.6624978
W2096682770,7.946867,2.5916102
W2295799513,9.76169,3.8253748
W2103940511,7.5015135,3.2086997
W2165753219,6.779111,4.4779396
W2047137530,7.5499783,3.1350672
W2111456437,6.564728,4.9820495
W3141392912,9.646439,7.2438803
W2108190542,8.455627,5.036946
W1595783446,9.445126,5.4499135
W2142424251,7.517816,2.9995973
W3149175271,2.7727344,-1.9596981
W4244065811,8.471274,9.105567
W1971635125,7.2912674,3.0555317
W2101851599,7.915006,5.5222144
W1498053278,9.497377,6.5013986
W2108809375,4.036638,11.302007
W2039709915,6.5211244,5.242419
W2027818378,7.8624682,2.4832864
W2151328143,9.997852,5.8136516
W2101788159,6.5922546,5.7026935
W2089214779,8.01012,2.534338
W2026430486,6.712548,4.3955455
W2034280257,7.9905915,2.7112708
W2063834797,7.044236,3.8886638
W2059134729,7.8885922,2.5412083
W2123068886,11.643306,6.9486747
W2157624985,8.124743,4.3649035
W2122991194,8.570461,4.265412
W2058318782,6.9572,4.3246174
W2111414025,6.9471765,4.2758245
W2170492055,6.638281,3.491766
W2116391482,6.8554344,3.372215
W4387886012,4.7491407,-3.9309134
W4302275167,-0.8141442,5.9289665
W4387917806,4.750741,-3.7600522
W4320560534,-0.08809617,6.38485
W4388052644,4.5012093,-3.840847
W4297094601,-3.4362981,2.3861797
W4224988179,-1.6835316,0.329907
W4301391789,-3.1800346,3.8714814
W4225016353,-2.2000053,1.5395224
W4388286177,6.6905203,-2.458836
W4388035076,6.393759,-3.0150638
W4288804665,-3.0471501,1.7171986
W4288762839,-0.91702545,6.018785
W4304481137,-1.1506306,5.9971924
W4388430484,7.522425,-2.6406157
W2107703031,5.7663827,3.984742
W4387886076,5.243083,-3.4364684
W4378946118,6.297207,-2.1352134
W4297461125,-1.8667089,0.6129807
W4388069518,6.1665745,-3.066683
W2967771917,-0.922972,3.8284278
W4387948674,-0.39845398,6.1377707
W4298326737,-2.4217222,1.4362557
W4298326407,-2.7536123,4.2121854
W4297462939,-0.76173246,5.645953
W4387934861,7.3748555,-2.5999942
W4366550890,-0.56767535,5.16032
W4387951911,7.658636,-2.621235
W4388018862,2.1991928,6.057861
W4297965116,-1.0851398,4.4270635
W4283716867,8.379712,-2.2504735
W4297489900,-2.6192706,3.0561688
W4297094587,-2.9253428,4.223861
W4387885672,4.5203257,-4.0094414
W4366548422,2.956246,7.122433
W4297252763,-3.084241,2.1545112
W4297459708,-3.0712714,1.608944
W4302275297,-3.5811174,4.5801725
W4298326701,-3.541911,2.5656943
W4387966251,4.9281726,-3.0612392
W4297459110,-2.7909234,1.3098731
W4387948506,7.5169616,-2.4524322
W2141827635,5.4825835,3.75334
W4297458048,-3.2288737,4.180107
W4387885705,-0.9879753,6.3933883
W4387917972,5.7039533,-2.8995435
W4388034505,7.0919404,-2.5763223
W4297094586,-3.2658653,3.669638
W4388469749,-1.5917912,-0.16805954
W4297964630,-3.7063048,3.7861087
W4291337679,-3.2939255,2.170192
W4382132409,2.26524,6.159926
W4297094534,-3.0928535,3.9209619
W4225099269,-2.005788,5.6378193
W2018151443,12.650488,4.0935326
W4387885711,6.300978,-3.4211054
W4387917704,6.274075,-2.9000366
W2101474491,5.2738104,3.1520405
W4387885653,5.8466325,-2.5780678
W4297459897,-3.1827145,2.2235317
W4288761943,-3.2438662,5.4351025
W4297457669,-2.7542272,3.9798708
W4301392542,-2.5561583,1.13989
W4385261545,3.9844244,-4.269762
W4387885999,5.300925,-3.579441
W4297459242,-3.334669,3.5198586
W4304479239,0.47645774,6.2372775
W4388018897,-0.03913922,6.4057026
W4291138602,-1.8413645,2.4406195
W4366547878,5.2273164,-3.5340009
W4225166214,-2.781837,3.6821709
W4366549553,0.6660534,6.227238
W4280523692,-0.9946601,5.626241
W4388286232,-0.49923906,5.9903607
W4366547526,-1.0677607,6.126133
W4225004658,-1.1226693,4.5321755
W4302770601,0.5096619,6.305348
W4221017055,3.0500717,7.3901916
W4324314555,5.3609743,-3.6715493
W4366548996,3.2059853,7.7289243
W4302275696,-1.906696,1.9540784
W4298326708,2.54662,6.3765144
W4388286248,5.623754,-3.0703428
W4247730801,9.857126,7.991912
W1490039277,2.7762825,2.8164184
W2886794935,0.3920844,3.729734
W4288762114,-3.466414,3.9319575
W2600770019,2.0517395,4.2428045
W4387885669,6.6741047,-2.6255538
W4302276022,-0.7448314,5.8889313
W1930475914,2.7495804,3.3370855
W4388018843,7.044589,-2.6696215
W4288762604,-1.2032467,6.1379447
W4224991060,-0.96337026,6.0219836
W4387965421,6.8332067,-2.4751723
W4297262023,-2.6567075,3.9710937
W4387966851,-1.6665387,-0.080566816
W4225149225,-0.6714203,5.676534
W4322717243,5.814389,-3.5119383
W4366547494,4.920504,-3.7448444
W4297461613,-2.2426925,1.4372523
W4387891525,5.941061,-2.4780903
W4297094530,-1.8943198,1.9892544
W4387934963,6.372916,-3.3611565
W2126014629,7.0784626,6.7460113
W2011316786,4.5547075,4.0068617
W1935090356,2.235197,4.7221694
W2137760010,5.089484,4.343258
W2054501662,7.7012796,7.3628235
W4387986842,0.24716157,6.4455633
W4366549398,2.9664934,7.4749045
W4387885727,6.5030956,-2.0890503
W4387885772,-0.65947443,6.3838477
W4220714728,0.34991604,6.211801
W4388145422,4.9456,-3.178279
W4291137729,-1.7327479,0.14347091
W4366548874,-0.7837782,6.3619757
W2079004857,6.2041335,1.0183773
W2047503975,4.4997845,3.2344232
W4387917687,7.118415,-2.7935944
W4388286199,5.736296,-2.8476882
W4296938090,-0.80953825,4.452808
W4387885925,5.1177807,-3.370766
W4322825098,5.0422626,-3.4192455
W4297460104,-2.3231003,1.3757069
W4388286255,7.189529,-2.7326348
W4387917710,6.370076,-3.2839794
W2888572030,-0.533075,2.4900727
W2963227949,-1.3080685,3.990814
W4387885994,-1.1702038,6.39382
W4387891535,6.739995,-2.779295
W2888579198,0.33776313,3.6081567
W4298724002,-1.193485,-0.13677017
W2752101027,0.8919134,3.2402346
W4291138169,-0.74154544,5.988817
W4384648014,4.083218,-4.236972
W2099505330,12.47099,8.76143
W4388286204,6.6751657,-2.1495087
W2958321497,-0.8823636,4.3189645
W4387949423,4.9686356,-3.0970528
W2134685109,9.403188,4.0597863
W4297094747,-3.7049174,3.3644
W4387964951,5.0985503,-3.0087924
W4387965650,6.022219,-2.7929723
W4366549637,5.664455,-3.5297341
W4387917698,-0.6759467,6.4657445
W2958331515,-0.54892105,5.13312
W2153623993,8.090262,6.7645416
W4387885708,7.1423774,-2.6126838
W4306830987,-3.1333988,4.0423427
W2956470231,-0.7020289,4.9848413
W2028377123,5.2889915,4.0063014
W4388286192,-1.190111,6.35084
W4387949403,4.1829557,-4.2348685
W4387965551,4.137556,-4.209879
W4288762736,-1.3243022,5.9569883
W4297964964,-3.251183,2.199224
W4387885609,0.11493497,6.435938
W4366587891,5.2419853,-3.21261
W4225102742,-1.4201612,5.962947
W4297094615,-0.94357884,5.8500786
W4387917684,5.1646476,-3.5013766
W4387934945,6.470775,-3.0561137
W4323651262,5.150132,-3.6373599
W4366550631,5.683887,-2.7430897
W4221164056,-3.1893563,3.8926833
W4387934855,4.901429,-3.2494004
W2893486522,-0.02191388,3.1505048
W2969221854,-1.1549267,2.084419
W4298326929,2.583787,6.4516892
W4387917708,7.991647,-2.4686012
W2750925845,1.3344084,1.3123678
W4387885677,6.2451224,-2.776001
W4387885660,5.0956874,-3.7949638
W4300113520,-1.5008172,5.9750032
W4297461362,-2.8684697,4.0357566
W2184914077,1.9349432,5.514644
W4387934915,5.739573,-3.4490776
W4382457877,5.3309526,-3.0021348
W4382240729,7.3235035,-2.6994107
W4387918100,4.898535,-3.1262581
W4387917669,5.993297,-2.7745063
W4297487924,-1.4864998,-0.117493786
W4387917813,4.5608172,-3.768207
W4297094702,-3.6828768,2.9048529
W4291138383,-3.0973723,5.508904
W4387886971,5.878376,-2.8036366
W4385722007,7.7685823,-2.3930483
W4387950171,-0.4596414,6.0453444
W4387885838,5.9784575,-3.4096906
W2063359332,4.157378,3.2935386
W4283206968,5.1449013,-3.3571827
W4387917947,6.0910935,-3.5120943
W4224993644,-2.3777738,1.4038781
W4388505086,6.5317473,-2.1079297
W2957249560,-0.18130776,4.6716256
W2890117963,0.19126542,3.7220707
W2152460728,4.819511,5.806511
W4297094596,-2.542771,5.7717047
W4387951978,-0.8475365,6.406499
W4387965369,0.11810325,6.4113116
W4297256565,-2.8288624,3.4080517
W4379533921,3.8962245,-4.142023
W4387885584,6.7853518,-2.5112069
W4387917747,5.0393248,-3.12362
W4387885644,5.3534875,-3.3322499
W4297460532,-3.2148585,4.0714917
W4387885616,6.7342105,-2.582067
W2097173901,4.219812,4.397186
W1892242977,3.1585603,3.128174
W2038866112,4.105868,3.413077
W2508575143,1.4211658,2.3874247
W4387885673,6.121536,-2.275446
W4387951794,6.440398,-3.0936272
W4297094558,-3.239861,4.171434
W1993495183,5.1071053,5.0427184
W2109263937,5.259743,4.46779
W4387885642,4.762305,-3.5380826
W4297094772,-3.1664631,3.806407
W4302763110,-3.5908775,2.743104
W4297461654,-2.0336082,1.2906777
W4387934929,4.206626,-4.104762
W4387885961,4.3195806,-4.123425
W4301393026,-3.408791,4.3151903
W4302276590,-3.6126487,4.4487705
W4297460875,-3.1791306,2.1216846
W4388430563,7.1945014,-2.651349
W4297094541,-2.479331,4.3279443
W4301393088,-3.1463554,5.5694675
W2091800485,5.319415,4.7338777
W4387966326,7.351456,-2.3307161
W4297462966,-2.1822104,5.9021425
W1964287761,4.3814716,2.7824578
W4387935020,4.430368,-3.9953814
W2122580360,5.739421,4.471665
W4297964677,-3.5871546,2.788747
W4387885924,-1.1510952,6.362518
W2158368697,4.999758,3.017793
W2023923148,4.2738585,3.2742343
W4387966989,4.8664694,-3.5975149
W1966406768,3.568042,1.824792
W2045675422,5.2507772,2.6965003
W4387986913,6.1639705,-2.4163923
W4387885617,5.6365075,-2.6752934
W4389104801,4.6445136,-3.8477845
W2154731820,2.6250775,2.374244
W4382240299,5.077604,-3.4497526
W4387885675,6.3171244,-3.1989474
W4387917707,4.8749456,-3.1013043
W4388286211,5.176939,-3.7120667
W4225086367,-0.6975816,6.233531
W4297094715,-0.88413477,5.5275335
W4387885639,5.096102,-2.8959997
W4387951806,5.1210513,-3.6177573
W4298326528,-2.0264363,1.4915781
W4324314288,4.9314528,-3.8117645
W2023764148,5.2827773,1.8536235
W4388286254,6.333134,-3.2526855
W4225150333,-3.7147574,2.9923859
W4366548861,5.651332,-3.0002806
W4366729095,7.3516936,-2.648766
W4225163156,-3.1060474,3.773363
W4291138601,-2.6174145,5.5033455
W4387885897,-1.0256785,6.4586835
W4387885690,5.715028,-3.559511
W2961516880,-1.3333665,4.620134
W2961931474,-1.1219399,3.796734
W1513550834,2.7568078,2.3554797
W4297459490,-2.6090002,1.3813559
W4225161585,-3.467883,5.1127
W4366547507,4.967509,-3.0418227
W4388286207,5.1382895,-3.4641244
W2293188682,7.0729394,2.1693952
W2940664027,-1.3307776,2.592491
W4387966134,5.7178674,-2.6364954
W4387885729,-0.6884739,6.156834
W4225088773,-3.6787171,3.2812483
W4366583080,3.9469068,-4.1639185
W4388430640,6.355491,-2.8857841
W4387951950,6.042826,-2.4881723
W4297094736,-3.0984018,3.7345552
W4387934902,5.6763234,-2.9628563
W4366548472,3.1627035,7.7146935
W4388430399,6.29673,-2.465397
W4387950524,4.7270217,-3.954069
W4366547397,4.6662126,-3.9381182
W4366550332,6.3082123,-3.0737288
W4297965161,-3.177833,3.749674
W2962547268,-1.6402495,4.6737776
W2510932841,1.9728051,2.0124357
W2149644520,5.4964013,3.447527
W4387952169,5.7597218,-2.6456685
W2625554823,1.3247399,3.6728756
W4387948601,6.32447,-2.7899027
W4225166773,-2.151252,1.2408291
W4387964902,7.712306,-2.6900432
W4387885773,4.7576,-3.3814487
W2896663798,-0.31871304,2.457242
W4388286213,5.5146294,-2.7029295
W4387950183,5.9583983,-2.3364089
W2624934786,-0.45600057,1.662855
W1994178293,4.3023334,6.2191486
W2888314393,-0.25939497,3.061151
W4387917730,6.5502667,-2.223298
W4387885803,7.882689,-2.583694
W4387934893,8.096301,-3.0139287
W4387885988,6.3522453,-2.2850738
W4387966643,4.8697414,-3.4864829
W4292082847,-1.9119467,5.5685577
W2075872298,3.4329584,2.1560926
W4301392379,-3.5131032,3.2637289
W4387917695,0.39731833,6.336436
W2533610325,8.4877205,6.1823254
W4387986677,0.40929997,6.355485
W4225099728,-0.9092804,5.9022346
W4366549575,5.1238003,-3.4188993
W4302042384,0.661631,6.1590414
W4387917735,5.0267115,-3.7300823
W4382451443,6.63092,-3.0200775
W1921146390,2.3411078,2.8828685
W1994354817,3.6223109,7.2673473
W4382240716,-0.52534777,6.158311
W2969793285,-0.13695283,4.509862
W4382469273,6.3440447,-3.0558867
W4288762523,-1.4328976,-0.014236595
W2958382460,-1.4852518,4.291342
W2888445355,0.23092775,3.4198196
W2464150467,2.214612,2.7677455
W4382240710,7.499533,-2.6511505
W4382240231,6.5393395,-2.9733636
W4225009239,-2.4711092,3.256847
W4382461849,5.9670796,-2.6085207
W2025806111,3.5581675,2.7935467
W2187050927,-0.713357,8.172118
W2905441667,-0.6676436,3.8374548
W2500109981,1.7014668,2.814312
W2752320387,0.6044108,2.720209
W2462631981,1.932298,2.9558334
W4304757966,-1.9391569,0.35796085
W4297964933,-2.1218944,0.5613539
W4382240479,8.185091,-2.4304597
W4382240225,6.2321367,-2.3486986
W1538591984,8.555932,4.1929197
W4382240654,8.074323,-2.3924444
W4302029319,-2.6173759,4.214047
W4297461942,-3.052444,5.5783386
W4366587430,5.8014727,-2.7490735
W4382465196,8.356804,-2.4908376
W2010462968,4.0552893,3.5844717
W4382240600,6.42369,-2.073177
W4382465120,-0.14773057,6.373792
W4382461989,8.485788,-2.593084
W4382240585,6.6085663,-2.8901415
W2048107685,3.9841664,6.235045
W4297094607,-1.5152651,5.9520445
W3006490141,-1.1507839,3.4337096
W4382240185,6.375542,-2.1061606
W1966660375,4.92728,2.4908035
W2037954726,3.2030568,3.3822439
W4382240477,6.5760055,-2.1230397
W4382240050,-1.1848328,6.3796167
W2398042895,2.170843,3.2089097
W3208416788,-1.5256386,5.8615046
W4367555109,5.8905725,-2.3962312
W2964632295,-1.1902895,2.3970845
W4382240153,-1.1129615,6.437706
W4382469260,4.0819387,-4.2990417
W1951251367,2.44441,2.0596976
W4382240514,4.6230025,-3.8942187
W2398553357,1.8622841,2.9377255
W2091955691,4.0254254,5.012035
W2000998233,3.8564003,4.452891
W2055193574,5.7890587,3.2477407
W2969585985,-1.0856774,3.1026676
W2751720498,1.5421664,3.094719
W4382240490,0.004271329,6.440919
W4382464066,3.8727617,-4.246893
W2185441041,2.7525456,2.6754282
W2899968964,0.100142114,3.3242779
W4382240083,5.781818,-3.351864
W2059542885,6.059011,3.4469752
W4382240291,-1.2335483,-0.17939363
W4221015417,-3.0544953,3.6227622
W4298444108,8.461298,-2.2931616
W2859799790,-0.27133873,2.891462
W4297094733,-2.5570323,1.2975965
W4300445011,-3.0652688,5.2175527
W2732587176,0.81722045,2.2472198
W4288761543,-3.4797134,3.9047248
W4225092321,-3.1472025,5.5231524
W4382240045,7.2794538,-2.5457115
W2730545416,0.9492107,2.2310493
W4382240072,8.179663,-2.408682
W4382463483,6.1486087,-2.2148619
W4382462257,8.283275,-2.4342096
W4382240137,7.942733,-2.3590336
W1986257701,4.855906,3.6947
W1898220558,2.6309102,2.3879917
W4382469435,8.373618,-2.6847124
W4280596375,-2.2284248,1.4832996
W4366547374,7.2837887,-2.2938237
W4366596612,6.159509,-2.181354
W2167885413,2.79444,1.2966958
W4224992944,-3.4893656,4.882598
W4366588413,6.2745366,-2.1564085
W4225017028,-3.6235654,3.3128357
W4366547500,5.1033063,-2.8257134
W4365597197,-1.5748588,-0.20491196
W4321593465,-1.6250298,-0.16345689
W4225139609,-2.643827,4.195696
W4366547529,7.7767854,-2.432916
W4323650772,6.1762996,-2.267316
W4362508491,5.783587,-2.5015886
W4363671822,6.796645,-2.1248062
W4366549232,7.7369227,-2.3311923
W4366551192,5.374359,-3.0184517
W4323322885,3.8414018,-4.3134947
W4323322894,5.210796,-2.8185663
W4366549833,6.610419,-2.2086978
W4225103617,-3.6040983,2.628389
W4366547425,5.622661,-2.7381043
W4297094730,-3.4954188,2.5088716
W4366549052,5.804447,-2.8134296
W4366590841,6.430732,-2.0405066
W4366548469,6.050521,-2.7811227
W4288762507,-3.4168391,3.9646733
W4322825422,4.1270123,-4.295048
W2041380214,4.37243,1.7924576
W2788934476,0.08081148,2.6879873
W2142653560,4.790931,4.7482324
W4366590603,6.908779,-2.5371706
W4366547323,7.573696,-2.2640278
W4366549959,4.8074985,-3.2650294
W2395927087,2.011928,1.3937854
W4366551383,6.286237,-2.1197271
W4366547701,4.196283,-4.2089353
W4366549029,6.779216,-2.7342086
W4225098379,-1.1647701,6.1937776
W1496109512,3.7344158,1.6171902
W2414646049,-0.5317382,1.4210154
W1919652261,2.8711066,2.5418541
W2168579301,4.3034015,4.025922
W4366550614,7.775921,-2.6180408
W4297459698,-3.6520236,4.1024804
W4366547383,5.192524,-3.4182453
W4225083500,-3.1706307,1.798356
W2752455899,0.75341123,2.7951653
W4297461829,-3.0476816,1.8254018
W4366547371,8.12672,-2.4610815
W4366547541,5.972843,-2.3755827
W4366550150,7.4729805,-2.5020216
W4366547456,6.5934668,-2.07562
W4366548417,4.5068264,-3.7679865
W2587972759,0.9276771,1.935195
W4366548691,8.071134,-2.382421
W4366547315,5.2123637,-2.8132076
W4366547579,4.0588,-4.3058653
W2135482287,4.7419953,4.0472245
W4366547680,6.3198614,-2.1251051
W4366550200,4.919767,-3.7114496
W2137725097,7.077184,2.8947973
W4318751986,5.520079,-3.1080997
W3044726217,-1.5820793,4.9649477
W4302933549,-1.8987073,5.813367
W4366581728,6.5279284,-2.1207907
W4366588062,6.0619135,-2.2622054
W4366549944,8.285945,-2.432239
W4366548640,5.019155,-2.9355493
W4366547568,5.7689614,-2.6012518
W2143221729,11.241757,7.848727
W4224994168,8.391737,-2.0440016
W2888081003,-0.7283152,2.1996527
W1993156565,7.2892647,0.8729067
W4319165451,4.7560315,-3.4126704
W4366488544,4.850511,-3.5392678
W2604192544,0.78345907,2.5257442
W4297094749,-3.0061421,2.7484345
W2890311315,-0.23687205,3.0137959
W4320342906,5.4099765,-2.9899
W2110487094,3.8107586,7.185354
W4302029168,-3.0587971,1.5971453
W4302275605,-2.0874293,5.990999
W4297094750,-3.0166879,1.4520855
W2005542222,3.6244133,1.2702742
W1911577401,2.1174471,2.4744003
W2117174931,3.9289198,7.13398
W4297461828,-3.4150178,3.667188
W2025861473,5.612007,5.009496
W1994285494,3.5477827,1.2123907
W2116904179,6.0405607,4.9378724
W2024761969,5.2985506,2.594133
W4297964751,-3.7492156,4.441823
W2466552579,2.0804791,2.0275755
W4291138228,-1.5302515,6.09875
W2023283825,3.5980017,3.0626438
W4297964788,-3.4479392,3.8326173
W2164616135,6.744266,3.2242835
W2123580097,6.371422,3.177779
W2108443799,9.078822,6.100784
W2752795311,-1.0423669,0.6312998
W2148660185,9.644838,4.8881726
W4302275628,8.419094,-2.068167
W4297462941,-2.8108642,4.2941365
W2166365305,4.233828,3.244829
W2169620084,8.280983,5.275913
W2969575913,-0.9989694,3.7607944
W2888634162,-0.24257404,3.0943892
W4301392884,-2.8771858,3.7553384
W2961556342,-0.4872486,4.7673955
W4297458793,-2.888244,3.7195249
W4297094631,-3.64063,3.5354567
W4297094635,-3.4408448,4.356861
W4301391075,-3.1389444,3.3401926
W4296955332,-2.6867177,1.086499
W4297463073,-3.5454485,4.837883
W4302275219,8.472689,-2.1380663
W2171575586,5.1535053,5.8237925
W4297094643,-3.22231,1.8376259
W4297461882,-3.7475495,4.1201115
W2011487317,10.45471,5.180274
W4288762474,0.059875358,6.2378407
W4291138375,8.370872,-2.047608
W4297458729,-2.9967337,1.5024047
W2611573943,1.1598992,2.2967403
W4297461946,-3.6773424,3.158977
W2085103832,4.0646787,3.6507468
W4297094545,-3.1232634,1.7025348
W4224241337,-1.3439642,5.894484
W2072770403,4.2155757,2.1848948
W4297965474,-3.119036,5.319041
W4297459204,-3.29858,3.688637
W4297459229,-3.2790854,5.4323797
W4297094644,-3.597794,4.9606023
W1838084296,11.412101,7.1193266
W4298326903,-3.5712276,2.5732198
W2156478224,9.832166,3.706175
W1964997616,2.866358,4.4384837
W4297094759,-1.367516,5.8932514
W1962105748,3.586876,2.5092204
W4297457505,8.294656,-2.0787823
W1968016814,10.176851,5.1823716
W4297458042,-0.6637317,6.213122
W2831787316,0.21434823,4.286969
W4302275890,-2.6783273,4.09697
W4297336528,-3.6608658,3.6636763
W4297462892,-1.4714177,6.099139
W2955313235,-1.2094144,2.1848168
W2156358318,5.4297476,3.337023
W4297094725,5.1084433,-3.307956
W4297489894,-3.618643,2.5933058
W2155542779,10.771486,5.7028484
W4255459720,10.738249,6.7157817
W2151620113,9.450833,4.054577
W4302763196,-3.5767486,4.9501076
W4297965210,-3.385566,4.06902
W4297463254,-1.3554496,5.6686597
W2131433745,6.056728,3.9058633
W1964131408,3.329134,2.6780798
W2151882909,5.52859,3.8578305
W2186401311,2.9870095,3.0766363
W2296725420,2.9063284,3.0354247
W4297460118,-2.4869788,1.0384914
W2084057287,4.9985137,5.194763
W2139421427,4.677806,5.803984
W2098623081,9.69044,3.9360824
W4297965159,-2.1061273,0.47134268
W4297460624,-3.6379552,4.920371
W4300947936,-1.3725833,6.032835
W2154393589,5.5726743,4.755564
W2132385828,6.609349,2.8256133
W2947115013,-0.38511163,4.5052147
W2462029449,-1.1065307,0.3509695
W2159147775,5.0823736,3.552478
W4288762686,8.38941,-2.0502627
W2511119594,1.8017063,2.0362298
W2753075873,0.96923417,2.5725884
W2051740204,3.401678,2.6484957
W4225542651,0.049379278,6.336366
W4291138180,-2.9471629,1.4325364
W1948809746,2.8178627,1.2122669
W2957149544,-1.5255474,1.5833467
W2507622548,1.5619115,1.9804233
W4288762235,-3.6021414,4.9675975
W4291138188,-1.8646629,6.03622
W2761632364,-1.4991409,1.366034
W4293153821,-3.194006,5.4372797
W4283207599,-3.6979804,3.2301269
W2146714630,8.561566,4.010582
W4300061240,8.222189,-2.0999546
W4291138481,-0.7987602,6.2820134
W4224921450,-3.7124481,3.2883508
W3140955151,10.119575,8.747467
W4302060739,-1.6704174,6.023338
W3141857971,8.590109,6.768225
W2896091756,0.26642537,3.6603587
W4291138177,8.374071,-2.1367424
W2163727044,9.469492,5.923494
W4282813491,-3.1737096,5.4853663
W4291138222,-0.9978452,6.3178926
W2152518342,5.681113,4.0866966
W2065959678,4.973397,4.1511965
W4302059841,-2.4173195,5.683823
W4288762502,-1.1339891,-0.14760308
W1879416943,2.456932,4.317218
W2160715766,2.232848,4.750788
W2957945053,-1.5592191,4.40695
W1983884684,4.7907596,1.3111345
W2515351726,2.004258,3.1321623
W2513636825,0.62780815,2.1666105
W2028753963,5.7831864,4.466357
W2969417939,-0.9439749,3.744003
W2625121673,0.92031556,2.0197806
W1891775677,2.305769,2.769263
W2467187082,-0.9823354,0.39691687
W4281750094,-3.6786406,3.0905912
W2167538453,6.4478645,4.180992
W2181446242,2.83957,1.1543025
W2052321311,3.9770536,4.029928
W2019882835,3.6811564,2.8556802
W2079180302,4.6187243,3.9505637
W3148237475,7.954573,8.180402
W2170383706,10.4602995,5.8519535
W4288762689,-2.0359385,5.9855394
W1922703282,2.574145,3.6388965
W4224993601,-3.0340438,1.4898093
W4225130532,-3.2371192,1.880515
W2796184738,-0.45774618,2.8366787
W4224982662,-1.8214691,0.10970085
W2143091899,7.0887537,2.1992357
W2130247386,5.8152456,5.3588457
W4224992965,-3.7237475,4.6247926
W4224998981,-2.8199306,1.2778218
W4224999635,-3.6729403,2.8790507
W4220881245,-1.90091,0.24172446
W2408366251,1.8911576,1.2133261
W4225015622,-3.6622703,4.81062
W4221086478,-3.6527197,4.8342905
W4225006043,8.360641,-2.0453284
W4225009063,-3.5690424,4.807681
W2402649561,2.3313177,1.789738
W1983015303,2.8780723,1.3871274
W4293241656,-3.4490592,4.98033
W4225002666,8.486344,-2.1917129
W4224991332,-3.702361,4.3837047
W4224982849,8.33824,-1.9303168
W4225013582,-3.441884,4.270857
W4224983903,8.327463,-1.9566857
W4224984058,-3.5974138,2.5539322
W4224979390,-1.8955137,0.25074005
W4225094277,8.445485,-2.1143174
W4225091092,-2.7349536,1.2057108
W4224980307,-1.5098578,6.063496
W2039488353,7.486324,2.2738516
W4224988064,-3.6307912,2.764591
W4413020905,7.543182,-3.8772058
W4401237114,4.0056896,-4.4475102
W4409736055,7.3417864,-3.6469994
W4402451589,7.289066,-3.7986858
W4411991347,6.5400343,-5.4952197
W4412561833,5.2447815,-4.943956
W4402742912,5.005958,-4.566729
W4409584256,8.567214,-4.7980347
W4410673418,8.85346,-3.3326228
W4410695867,8.402852,-4.3064137
W4402401766,5.826771,-4.771157
W4402401986,6.03069,-4.8350463
W4402474109,8.220228,-3.2973135
W4402581036,7.836108,-3.8370364
W4410680288,6.9196258,-5.400543
W2015474346,4.0101595,0.9800853
W4401157363,6.5848956,-3.770323
W4410705993,7.6303387,-3.440542
W4410607064,7.576045,-4.050267
W4402451532,7.261549,-3.7415364
W4402389404,6.323212,-3.7837865
W4410681938,7.348224,-5.583042
W4410680389,-0.11865277,6.348292
W4410682195,6.596233,-5.493926
W4410678585,8.827734,-4.515511
W4410622232,7.609897,-4.1960597
W1980659580,4.1373706,3.574818
W2726278595,1.0346822,3.507516
W4410790098,-1.4140589,-0.3809872
W2131706088,5.5918617,6.379329
W2123966170,5.000073,3.4435322
W2856623871,-0.0924213,4.6319237
W4402351798,7.3100586,-4.596889
W2076191571,10.686429,7.464297
W2051499661,3.7567809,7.240624
W2515673694,1.418378,2.3684986
W4410675573,8.480629,-4.7709036
W4410680987,8.703675,-4.1873207
W1942817077,2.2961357,2.37173
W4410674910,8.328524,-3.633595
W4410680164,7.2734838,-5.040944
W4403241623,8.711943,-2.9261622
W4410705969,7.1884756,-5.1182404
W4396832280,7.537812,-3.554026
W4410681738,8.800226,-4.37629
W4410673503,7.935837,-4.448049
W4396832230,6.3139505,-3.9954662
W4402402086,6.081546,-4.8103395
W4410706013,7.6053624,-5.458007
W2107050715,5.0952215,2.4490213
W4410606919,8.594631,-4.220974
W4409017810,8.709904,-4.378703
W4396832923,7.617285,-3.0763206
W4410606827,6.8865547,-4.96771
W4410622323,7.3547745,-5.5746436
W4396832750,7.923211,-3.6361296
W2801850293,0.06127622,3.486629
W4410606900,6.7276115,-5.4046283
W4385959199,8.704389,-2.8145308
W4385946384,8.697395,-2.804172
W4410696441,7.4636703,-3.629572
W4401656284,5.0447116,-4.4929986
W4399387634,7.6097937,-3.1834707
W4402401979,7.254649,-3.7253861
W4402436606,7.4216604,-4.3192124
W4410674582,0.009349852,6.487469
W4410672045,7.602488,-3.9253278
W4399387800,0.107229665,6.4820166
W4410790091,7.0261903,-5.4819283
W4410606908,8.287834,-4.9199357
W4410677838,8.7116995,-4.6419153
W4410696251,6.822776,-5.577342
W2466740066,2.1346087,4.040485
W2120568174,4.9832463,4.7919335
W4410707930,8.8053875,-4.4979444
W4410677678,6.7209992,-5.4256697
W4410790099,-1.4088546,-0.41321257
W1969954768,2.9250982,3.6480548
W4410679042,8.003997,-4.346412
W4399491731,7.7337317,-3.6385217
W4399386579,7.7592416,-3.4879253
W4410606817,8.46064,-4.7367682
W4410680499,7.584621,-3.3995416
W4402436605,7.593304,-4.781161
W2815781823,0.19472235,4.006546
W4409883877,6.031216,-5.435441
W4409735412,7.96742,-5.349242
W2161071682,2.9913273,1.5895244
W4409735988,5.888967,-5.0308933
W4396832723,7.7658825,-3.1843941
W4392019880,4.509256,-4.441733
W4409747619,4.31854,-4.643271
W4409735444,4.2119265,-4.647971
W2115392693,6.4799314,1.7796272
W4409736279,5.9247813,-5.325394
W4409750020,6.345166,-5.614336
W4409746516,8.765568,-4.571703
W4409736098,8.543183,-4.850859
W4409735425,8.855785,-3.5266602
W4407570401,8.671976,-4.711783
W4402402204,8.299321,-3.5405805
W4396833041,6.995572,-3.710955
W4409748819,5.112486,-4.9842834
W4407570398,8.809948,-4.486861
W4409884014,4.5688605,-4.7201743
W4409767214,6.5395947,-5.5328064
W4396827183,7.2805357,-4.7351527
W4409749132,4.455871,-4.6771016
W4409767185,6.684418,-5.4772563
W4402389403,6.4062743,-4.4879813
W4409735450,7.1284385,-5.6775017
W4409749630,4.3832474,-4.6515937
W4402351093,5.109784,-4.4093037
W4409747765,6.5150704,-5.5377226
W4409735933,6.9456463,-5.469795
W4396832621,7.2766123,-4.653835
W4409883740,-1.369867,-0.5179299
W4396600643,4.962011,-4.4228106
W4407683709,7.2011566,-5.446661
W4409735445,5.1891675,-5.002573
W4394906525,6.406383,-4.908394
W4409735905,7.668569,-4.103278
W4396832147,7.187073,-3.7463975
W4409746857,6.799931,-5.669114
W4409747472,6.753929,-5.707512
W4407425719,8.848431,-4.379786
W4409746675,7.230473,-5.657303
W4409749609,7.127412,-5.6963973
W4407244872,7.517365,-3.9436278
W4409735396,6.1378775,-5.4337935
W4409736085,7.6108265,-3.9807703
W4409766894,5.2684474,-5.109611
W4396832076,5.1681867,-4.529593
W4409746630,4.19081,-4.63268
W4402401617,6.0403056,-4.631139
W4402401978,6.540032,-4.2597036
W4409748878,4.1343155,-4.632154
W4396827151,6.706814,-4.7736235
W4392619076,7.2950315,-4.775071
W4409736285,8.535653,-3.5447903
W4402401807,7.341037,-4.7282925
W4409735379,5.289511,-5.0579047
W4409749361,7.39443,-4.031122
W4409748564,8.856917,-3.3718257
W4409749145,6.684705,-5.3533916
W4407764226,4.1305037,-4.628621
W4396832314,4.252823,-4.507679
W4409750211,5.0040755,-4.9457817
W4409766956,6.3350315,-5.4914193
W4409750012,7.2267284,-5.6714396
W4409748895,8.236044,-5.157231
W4409736261,6.5279493,-5.078958
W4409749884,7.7934575,-5.348078
W4409885628,4.1702685,-4.6012797
W4409884133,6.741455,-5.3725057
W4409736059,4.2097425,-4.2737255
W4402402014,6.448509,-3.8638246
W4394907091,6.408481,-3.9007642
W4409735432,6.7218328,-5.664596
W4409736102,7.544453,-3.8847287
W4409747636,7.8823247,-5.3756304
W4409735907,6.9429502,-5.432133
W2141088087,6.0410924,2.8757463
W1542393085,7.78601,5.569534
W2114882952,9.539282,3.9185472
W2138326161,5.4796963,2.4602475
W4394006923,8.69864,-2.891837
W4409736299,6.074312,-5.401641
W4409735447,8.475753,-4.8587627
W2045292629,5.4483933,1.776935
W4409884738,7.8575244,-5.3924646
W4409749299,8.800528,-4.4924536
W4392822212,5.39741,-4.835717
W4409906203,7.022376,-5.684282
W2940523565,-1.0854509,4.9318523
W4409736110,8.01427,-5.2859426
W4409749318,7.1689186,-5.6118608
W2753545800,1.1926413,4.59088
W4409735409,6.841486,-5.108091
W4392737463,6.083481,-5.0188136
W4402401630,4.9347024,-4.500583
W1677681477,2.8738136,1.3276669
W4409736219,6.6937294,-5.2041373
W4401237113,2.5140235,6.561404
W4393100112,4.0142274,-4.4760838
W4409746304,6.8863506,-5.6967945
W2123989303,6.050063,3.4006746
W4409766719,4.7813535,-4.8152666
W4396832570,6.9359045,-4.8602
W4407571772,6.705132,-4.996962
W4396831903,7.866173,-3.171799
W4409748904,5.0506663,-4.924428
W4396832669,6.531128,-4.2615213
W4393027185,8.076974,-3.8403938
W4409746633,-1.402757,-0.47004595
W4402401841,6.5019355,-4.1401544
W4409884051,6.510511,-5.3619795
W4409766525,7.8943295,-4.300742
W4409749277,6.153511,-4.968306
W2136436991,4.8340993,4.02442
W4409736327,7.9709315,-5.3479204
W4392617722,8.42162,-3.8408809
W4409748645,-1.2359458,-0.20986427
W2101275184,11.708473,6.8299947
W4396831882,7.1212635,-4.729089
W4399491619,4.4792647,-4.456709
W4402401726,6.439335,-4.008045
W4392223457,4.7156854,-4.250623
W4409749898,7.479323,-4.0271397
W2154946200,4.3354545,2.0158813
W1565761017,2.8549042,3.089822
W4409746578,8.3757925,-4.8553467
W2969392396,-1.5695869,1.2906466
W2890529371,-0.013265573,3.2548056
W2465468597,1.7008293,1.9759823
W2103691842,5.6810336,2.6288717
W2888392760,0.15726033,3.9999926
W2965022010,-1.1209033,2.8386078
W2151575822,12.665011,4.132952
W2969112173,-0.932073,3.954277
W2059018062,4.3824925,5.082735
W2007556336,6.1496797,1.952246
W2753236855,0.9742089,2.3912354
W2969269317,-1.1887934,2.9851153
W2969476787,-1.2736014,4.200377
W2963812694,-0.8485338,4.050785
W2188492872,2.8158824,1.7428697
W2894279555,-0.39210248,3.041509
W2969930448,0.25371996,5.0998583
W2464199704,1.9165137,4.71265
W2905170538,-0.978868,3.755761
W2086512465,11.0411215,3.8849528
W2149827033,7.4285226,6.0384893
W2183845744,1.9432867,5.695768
W2971102824,-0.94693935,4.2271943
W2165418521,5.046696,3.253222
W1597510378,2.6924753,2.1074102
W2933118384,-1.0695685,3.0711803
W2965312352,-1.5503393,2.2950075
W1964311319,5.0874567,3.9602215
W2515205715,1.847793,2.2414415
W2888387191,-0.77023053,3.6827576
W2037147154,3.659565,1.5239199
W2963915654,-1.5130819,0.90141165
W2063560027,9.506079,2.993575
W1884010341,9.452567,7.619388
W2110576593,8.799988,3.9857461
W2009244452,3.947089,1.080696
W2888101535,-0.38413575,2.6407714
W2017797123,4.933683,1.3451802
W2871209700,0.8518441,5.369073
W2293979047,1.914137,5.706497
W2751173104,0.9745421,2.4853811
W2894589585,-0.3707902,3.0145826
W1834939163,11.538056,7.7557693
W2072965894,5.4908366,3.4387462
W2116144762,5.143093,2.7634168
W2845084436,-0.039749876,4.063217
W4239966611,10.101012,5.6093264
W2009647363,3.917629,2.7663097
W2097797019,8.590489,5.162953
W2098942126,6.1622553,3.3580549
W2960629244,-1.0999265,2.4781172
W2745393158,1.3685212,2.206376
W2618377817,1.2529082,2.796009
W2100632417,8.822437,4.395925
W2904709255,-0.82299453,1.7865417
W2165146539,6.239962,2.4003706
W2155351266,10.565481,6.6222763
W2119019944,6.0415215,3.2425518
W2750717372,0.8241414,2.4339266
W2155054845,6.32296,3.9263442
W1608724638,8.901944,5.117167
W2965685441,-1.5591145,1.2633421
W2155052436,7.32805,7.29875
W2961935936,-1.5661421,2.2286751
W2066746378,12.647286,4.095079
W2964756597,-1.1690848,3.3914149
W2965177120,-1.1836624,2.8845375
W2966125884,-0.90547436,4.0536566
W2725532460,1.1322576,2.1789656
W3146052257,7.882125,8.98688
W2110712827,8.175714,5.138471
W2965878986,0.26296857,5.1483817
W2100768746,6.5275044,3.175498
W2969393091,-1.8613062,1.8448237
W2041272668,3.6472943,1.4639914
W4254785762,-0.36207595,5.2680383
W1987108654,4.15839,3.4398406
W2969812514,-0.4524148,4.889591
W2117500970,5.3321323,5.0197015
W2097257601,8.952614,3.7063174
W1596371655,8.759187,6.5971227
W1589110483,8.537394,8.950073
W2078745407,6.7991147,1.7658126
W2014817353,3.1136072,2.4760356
W2965677775,-1.1364138,3.431707
W2957877363,-1.1690257,3.6844656
W1498317890,11.627658,7.125672
W2961194601,-0.76351243,5.0565
W2956481573,-1.5148448,4.654591
W2042361756,4.5914006,5.649791
W2788416704,-1.178249,0.51532614
W1974822867,4.9573884,3.244643
W2171633249,9.958479,2.6326618
W1998174419,6.999397,8.2932415
W2960589637,-0.6313751,5.0210543
W2020384885,5.911398,3.6447115
W2958389541,-0.85283285,4.1084967
W2042688733,3.5034606,2.190739
W1991092611,5.108922,2.8767552
W2962531065,-0.9840126,4.444816
W2734073034,1.3198237,2.52346
W2957966040,-1.3284081,4.085184
W2729724836,0.8924326,2.161718
W2914812423,-1.5717671,0.9720537
W2048732798,6.4338527,1.9298848
W2116414418,9.24893,5.6114326
W2903590505,-1.5586231,0.82480747
W2466884089,-1.0774791,0.18772972
W2022901213,4.4693666,1.5663295
W2958906681,-1.1033398,4.842032
W1993068330,6.4046674,1.8908411
W2868705019,-0.11650499,4.673838
W1980089050,3.1106467,3.9215908
W2853151676,0.8274889,5.0304375
W2105482543,5.6686087,4.250227
W2185760327,3.0298467,2.3729815
W1735274207,2.7102416,2.5326648
W2166090580,5.0042295,5.2768483
W2161238782,3.142352,2.1141741
W2182022528,3.1899505,4.45009
W2000830796,5.289249,3.6095457
W2044459325,5.844481,2.7482762
W1993405976,5.6248956,2.4233375
W2110881692,5.9864397,3.7452948
W2043624449,5.4000545,2.3838449
W2158142242,4.3977523,2.85296
W2133934472,5.0298204,5.1480284
W2957435157,-0.87333304,4.0151005
W2148822886,3.3657312,2.5457325
W2726468885,1.2985588,1.6054024
W2957653962,0.5995065,5.5896244
W2956385572,-0.5254697,5.088643
W2126003552,8.709666,5.7832375
W2941241294,-1.5151676,4.202762
W2941448646,-1.6094787,4.3523083
W3125971892,-0.8693903,8.087139
W2942459217,-1.6729232,2.3229976
W2732612316,1.1637405,2.2768314
W2940645605,-1.2131628,3.2206368
W2941334943,-1.669673,4.5309486
W2952802876,-1.5277281,4.2263875
W2942089250,-1.1745743,3.0403328
W2949319156,-1.1656611,3.4930828
W2952642069,-1.0299426,3.1608589
W2030846749,4.4487395,1.6814749
W2029661605,6.5947595,6.5390267
W2795648615,-0.25451663,3.0559573
W1952261887,2.2427535,3.0250432
W2480523931,1.9227943,1.2964749
W1999250125,4.242547,2.0650132
W2040100465,4.3640947,2.7699506
W2157689946,6.353179,3.7857754
W2888139811,-0.5708011,3.8865845
W1965769239,9.1838875,0.6212665
W2139421711,6.179821,2.8369951
W1894548183,2.6355557,2.1855454
W2799118206,-0.57745445,2.7527142
W2969714936,-0.74408334,2.2203822
W2969295151,-0.68656665,3.7476017
W2506550404,1.8877203,1.916746
W1954141760,2.1861973,2.376141
W2001585088,3.8138773,7.1226497
W1490291137,8.01677,6.0814643
W2106370129,7.4230795,7.024091
W3145994861,10.250195,6.837236
W2888447552,-0.5662632,3.627074
W4245586321,9.142341,5.0153503
W2108465154,5.240161,3.2069802
W2888240117,-0.26298067,3.0904996
W2084834254,5.335486,2.573283
W2025981716,4.2238507,2.892772
W2888011137,-0.37984097,3.0659404
W2145764059,10.013391,5.269417
W2126741784,6.849997,2.7517264
W173854146,10.825774,7.794408
W1707007212,10.300551,6.5170727
W2888619565,-0.6104367,2.7690773
W2473527129,1.8997058,5.186631
W2041339073,3.929946,4.3807387
W1968005998,2.7874677,4.7668014
W4243797169,7.8547482,8.241929
W2036304985,10.2707405,8.527655
W3142924357,9.299057,7.35797
W2131106504,2.6396587,-2.0018733
W1969548384,4.19974,3.4981468
W2008686486,3.6083436,2.9263294
W1973062532,6.437131,3.9936123
W2061520750,4.95914,1.2587719
W2151933245,8.543894,7.6979337
W2949734647,4.5431437,1.7576538
W2733660482,1.1653826,2.5131514
W2460386965,1.9819165,1.2200701
W2098451207,4.013169,3.9645004
W2038984635,3.3687913,2.1660411
W1532402181,11.438548,8.745059
W1956752899,2.5415232,3.5258
W2155755997,5.805846,4.11887
W2510291843,2.0124252,2.5391588
W2040104816,6.957267,2.760845
W2135981746,6.7353225,2.9566524
W2826348633,0.961938,5.5797997
W2468448042,2.2931464,3.5845187
W1799206395,3.6846275,1.3352026
W2003910996,5.008343,2.1414902
W1967103979,4.570832,3.6527846
W1982130806,4.457503,3.70781
W2780408520,-0.07138321,4.394291
W2838866624,-0.68545204,2.6744053
W2834516606,-0.5247103,3.8710291
W2099147981,4.2918863,2.4795768
W2110658290,6.9218655,1.0943898
W2026902063,6.328997,6.6951075
W2030391899,5.2555814,3.8301253
W2008096689,5.767096,3.9217029
W2338785550,3.1402192,2.770633
W2039706813,3.6272368,1.6978134
W2170176070,10.750652,7.7707496
W2807255900,-0.08238344,4.5939775
W2509480913,1.5247672,2.183278
W2148893894,3.478943,2.3462427
W2014312008,3.3856459,2.4325151
W2761151971,-0.24401835,4.060527
W2061884704,5.088103,2.4788735
W1907619767,3.5811312,2.1513207
W2833270954,-0.7099877,3.8478198
W2859716810,-0.4173048,3.0122426
W2186021299,1.9069797,5.5459595
W3022307797,4.463941,1.6017195
W2868148645,-0.48386464,3.9845266
W2771019872,-0.26702568,5.0078406
W2116361347,6.024242,3.5857105
W2796334804,-1.3787632,4.772232
W2795449503,-0.22405493,4.985371
W4402401737,7.468467,-4.427144
W4394687614,6.239647,-4.88393
W4402571460,5.8302436,-4.421917
W4402592851,-0.3222227,6.231037
W4402351084,5.5129514,-4.132432
W4402389463,7.9999576,-4.6986876
W4402581611,6.7340255,-3.8825107
W4396833573,6.3859544,-4.2994375
W4402351072,7.885371,-4.804981
W4402742934,6.188037,-4.9278255
W4402401804,7.617604,-4.1427693
W4402401975,6.2312665,-4.489121
W4402580876,8.388856,-3.543307
W4402389389,7.992122,-3.702459
W4403296873,7.604317,-3.8290179
W4402351306,6.451233,-3.8022635
W4402401619,6.488097,-4.926833
W4394007133,6.620774,-4.5588737
W4402389445,7.3779764,-4.750766
W4402402085,6.327062,-4.647323
W4399491597,-1.2140502,-0.25934887
W4402401869,8.158711,-3.7203074
W4402509789,8.063412,-3.1996872
W4393924740,8.730912,-3.0157123
W2733524988,1.4568425,1.7725408
W4402509853,7.7232676,-3.8451757
W4402402047,6.131743,-4.849963
W4402581130,7.7875338,-3.8183002
W4402351142,6.2631607,-4.4833922
W4402473802,5.5644093,-4.642922
W4402402203,6.4816403,-4.617303
W4402401751,8.128455,-4.617756
W4402351051,8.689119,-4.025706
W4402401987,5.7884154,-4.939802
W4402401890,6.460231,-4.6423154
W4402352481,8.695994,-3.9610894
W4402402199,8.014085,-4.3744645
W4402351724,8.131708,-3.0995812
W4401410990,6.1845446,-4.1653423
W1986345088,4.1090837,2.2273924
W4401982073,6.3869834,-3.7584121
W2149791793,10.16986,5.681618
W2107198446,5.2261953,3.96119
W2020374487,5.5797796,4.9976006
W4402742926,7.5264277,-4.372901
W4402401992,0.3704771,6.358077
W4402451552,6.338438,-4.477646
W4392224055,6.4169507,-4.753824
W4402352001,7.497167,-4.335438
W1983438351,5.014549,2.8309994
W4402402072,8.303934,-3.6082876
W4399492313,7.919823,-3.9935055
W4402352242,0.53541803,6.369292
W4402352320,7.118954,-3.7463725
W4402402017,6.44984,-4.5971084
W4402401980,5.205782,-4.631275
W2067634031,10.225064,8.550697
W4402810583,8.056333,-4.8239894
W4402352034,8.185698,-3.3423011
W4388134951,4.571063,-4.436043
W4402401901,7.5338244,-4.626263
W4402401820,6.732212,-4.8130593
W4402627310,7.529624,-4.4909873
W4402389390,7.6763477,-4.6379557
W4402401748,5.4622846,-4.659301
W4402580345,6.768157,-3.844727
W4402389379,6.521421,-3.7593362
W4401237112,5.247436,-4.523192
W4402402002,7.3886905,-3.9093747
W4402509727,6.199475,-4.3765492
W4402389385,0.04636914,6.494407
W4402742954,5.945176,-5.055101
W4402401838,7.2225485,-4.661132
W4402351435,8.356287,-3.2204196
W4402351160,7.2461505,-3.8237422
W4402389374,-0.26684082,6.176421
W4402401999,8.19951,-3.395503
W4402351701,8.745337,-3.856081
W4402402059,7.491308,-3.979104
W4402401880,6.2905974,-4.4848413
W2296723699,2.8448925,2.8426068
W4391899459,6.708239,-4.8566346
W1969962089,3.6154563,1.3082498
W4402351822,8.2353945,-4.556931
W4402673382,6.4257927,-4.559358
W4402451520,5.7357416,-4.6236773
W4402351138,5.824446,-4.637764
W4393375892,5.4876637,-4.448829
W4402351071,6.840884,-4.7301745
W4402570537,6.1916466,-4.789294
W4402509895,7.3561783,-4.6946855
W4402436772,8.643554,-3.9242468
W4402401822,6.5182357,-4.5952325
W4402389431,8.082973,-4.770688
W4402401887,7.5916185,-3.037549
W4402979365,7.4684815,-4.508887
W4402351047,6.781907,-4.6624556
W4392428556,7.166281,-3.6875753
W4402593107,8.845241,-3.1535463
W4399492333,8.052568,-3.9501646
W4399491594,-1.2062912,-0.21757334
W4399492342,8.469648,-3.464473
W2725232701,0.9393108,2.0339715
W4399487622,7.9057045,-3.1524675
W4399492331,8.872001,-3.1167667
W4399491736,7.6557593,-3.5382636
W4399491710,7.746514,-3.0575447
W4399491727,7.734481,-3.2262192
W4399492300,8.2328415,-3.7400558
W4399491759,7.74383,-3.1270142
W4399386923,7.952343,-3.777836
W4399491768,8.57522,-3.9356678
W4399491729,7.6122274,-3.2439203
W4399491737,8.736379,-3.0824223
W4399492344,7.502999,-3.5699925
W4399388333,7.249055,-3.7686806
W4399492268,8.067227,-4.5918145
W4396987413,7.633736,-3.610879
W4392222756,3.8960888,-4.446594
W4389395831,8.088154,-3.0594928
W4399387379,7.270103,-4.661412
W4394810629,5.361289,-4.5704355
W4399491703,8.468928,-3.6072598
W4399491739,7.677081,-3.11554
W4399387847,8.543464,-4.1080947
W1922827449,2.7731895,1.518263
W2004114956,4.527776,3.74856
W4399491682,8.621242,-3.6407
W4393178535,5.3294826,-4.6267076
W2133062512,8.606877,6.9904733
W4396833123,6.1825957,-4.925771
W4396833374,7.958489,-4.822407
W4396832697,7.994144,-4.894704
W4396833306,6.0016475,-5.015039
W4396833071,8.165471,-4.673008
W4392271925,8.045374,-4.8459196
W4396832326,6.1573386,-5.0002027
W4396833732,8.764187,-3.5844948
W4392677774,8.48874,-3.3030612
W4396833173,5.7443233,-4.9781513
W4396827167,7.9947786,-4.8517885
W2115770648,9.3390465,4.3102627
W4396833211,5.6820617,-4.7939725
W4396832910,4.09475,-4.5357366
W4396832001,8.869391,-3.0939238
W4396833613,8.537984,-4.199024
W4396832312,8.647495,-4.1323915
W4396833299,4.564645,-4.547901
W4396832867,7.5252023,-3.6557195
W4396832320,6.406817,-5.000095
W4393119212,8.059919,-4.8688006
W4392120600,4.2772975,-4.4732647
W4396833083,7.3155866,-4.6579957
W4391377027,8.1226845,-4.731429
W4396832664,8.886321,-3.1189198
W2001882214,3.7221127,1.3437041
W4396833137,8.752417,-3.777395
W4396833612,6.015937,-4.9700527
W4396832276,8.739593,-3.8716798
W4396832584,8.914263,-3.1466532
W4396832926,8.688742,-4.0551033
W4396832364,4.992558,-4.700486
W4392575671,7.3387003,-4.665465
W4396832145,8.114503,-4.729395
W4396833074,8.722263,-3.7481477
W4396832411,7.588284,-4.8042407
W4396832414,8.848935,-3.0745707
W4396833581,8.769379,-3.377749
W2182048075,-0.85835963,8.350517
W2188775453,-0.85894865,8.360271
W1979863690,5.638982,5.498957
W1548468326,8.538647,6.898466
W2139079167,6.014216,4.2040124
W2184961335,2.7583487,1.2295136
W2099718964,5.474041,2.056542
W2110707424,8.609003,5.5170703
W2078064773,6.521542,6.7092123
W2183651863,2.746599,1.6491878
W2186958605,1.9825313,5.49356
W1963504939,7.2946157,0.85055864
W2182594610,6.39011,7.440293
W1991352880,6.8434157,2.5124376
W2138843309,10.6741905,5.656568
W2026425042,3.806164,2.363967
W2188707815,-0.8230516,8.310157
W2182379715,-0.85416555,8.3547325
W2183544714,-0.8048785,8.300315
W1996401972,6.2751465,2.917602
W2185343719,-0.85906523,8.363014
W2007027649,3.6806703,1.8187145
W2184248000,-0.8381094,8.332402
W2186178002,2.973852,2.6737099
W1960686809,2.4198508,1.8309873
W2186032312,1.9276867,5.5557513
W2184971113,-0.8412453,8.367472
W3169341918,2.7726166,1.1088454
W2296182817,-0.8129549,8.306121
W2295117553,-0.8667996,8.374318
W2296189388,-0.7513768,8.229693
W2135152215,6.2076974,2.090242
W2143725990,5.136333,4.0779343
W2293193342,-0.86775964,8.371655
W2152167878,5.5889206,4.4513884
W2128934301,4.935316,4.0419087
W3150224893,10.3298235,6.50923
W2018053651,3.276508,2.2785454
W2047598129,5.77506,1.873833
W2110072667,5.169524,4.08598
W2294756768,2.7581182,1.2559814
W2296170268,-0.75498605,8.204469
W2124700014,8.474034,5.4828043
W2295544297,-0.8909923,8.400582
W2147936406,2.473574,-2.6473796
W2129824539,9.042439,3.7480402
W2087918579,3.544704,2.9211705
W1870211974,2.8085756,-1.8797219
W2294211097,2.1687405,2.4068844
W2144995353,6.9203544,7.2954473
W2538618819,9.566639,7.5142803
W1549178298,10.732394,5.774591
W2008125147,9.39373,8.336417
W2296349324,2.8389087,2.074796
W2294877860,1.9101402,5.6836586
W2156876700,5.810651,4.231414
W1498299056,7.4832954,7.4631314
W1899193873,2.8038979,1.4744891
W1557878963,11.10442,8.323677
W2116781100,8.699892,4.8333764
W1899867657,2.490955,1.8926034
W2104744826,8.458068,6.840576
W2295684505,-0.84441805,8.357839
W2051591260,4.819446,1.290135
W2294442616,-0.7647551,8.296654
W2537228944,10.241738,5.0697856
W2293896636,6.6120253,7.6564713
W3147534036,12.053749,6.911779
W2106366041,5.55521,3.2415903
W2142106840,7.4988546,8.256176
W3152296259,8.022512,8.446807
W2146350882,2.6829553,-1.8101066
W4241193301,12.73695,7.6825943
W3146906819,2.7448354,-1.9212538
W1637589710,9.73643,2.7316232
W2293582509,1.9322754,5.6458397
W2294928768,-0.824069,8.279936
W2008440833,5.648057,2.884033
W2083099147,5.3982296,1.8211704
W1855183634,3.533772,2.906142
W2071954097,6.969916,8.341807
W1544426692,2.7001412,1.45319
W2041419971,4.877159,1.420015
W2113083397,9.293247,3.2135117
W1530064153,2.95567,2.4523327
W1971573671,5.6540318,1.6433811
W1895706529,2.715098,3.7404282
W2007701319,10.059959,8.691944
W2128470028,6.2000723,3.1348197
W1564135880,2.3684974,3.1832619
W1990402145,4.879159,2.2153702
W1960161170,2.7400868,1.4464148
W3148770521,10.461974,7.4115367
W2035714779,9.460208,7.9588513
W1975938380,5.571732,3.641847
W1590377173,2.7506802,1.2371752
W2145901259,6.133194,2.6489413
W2115689933,-0.6546244,8.117201
W2161070121,11.1392765,7.222164
W4248668455,11.276149,7.0722475
W2123445511,9.487964,7.9420767
W2539415427,9.714364,7.486497
W3149522800,8.18408,7.9503856
W4237318250,11.469136,6.627811
W3148091194,9.946607,8.087926
W3149528450,12.596663,6.886935
W4238341951,12.142432,7.805897
W2109538757,11.337758,6.887632
W2149465539,11.043031,7.76139
W3150574965,9.40298,8.33507
W3148126172,12.306102,6.8679175
W4248724511,12.625869,6.7735605
W3146491315,11.61855,7.124645
W2145548519,12.345213,6.862884
W2139123466,11.359995,7.2749844
W2000493547,9.400021,8.130707
W4235415395,7.7336726,8.270918
W2122508669,8.158013,7.953816
W1722283283,11.055467,7.179398
W4240234068,11.573825,7.194484
W3141546424,11.505319,6.7683997
W2106528248,9.404631,7.5392437
W2136838646,11.115922,9.024847
W2045648984,10.310214,8.338928
W2101160790,10.936714,6.3370223
W2538614451,10.263791,7.330923
W2019033702,11.292391,6.607358
W2044296999,11.333258,7.654274
W3143780549,10.865464,7.02566
W3140286667,11.669078,7.007487
W2133917555,12.550333,6.7664146
W2533408896,9.477862,7.675521
W2121768666,7.793455,8.181764
W4237979131,9.586353,7.635843
W2170968305,10.10652,6.846604
W3144589906,9.669855,8.421179
W2147155707,10.835754,8.593302
W2085938780,8.139127,8.5128765
W3151546419,11.46051,6.98242
W3143041962,12.618206,7.651617
W1870642593,9.164256,8.348528
W2293805306,11.794423,7.057022
W3148952111,11.460293,6.693837
W2064874826,12.680462,6.877352
W3141241810,10.033554,8.432965
W4238716399,8.0002365,8.253829
W4241943820,10.331959,6.9643846
W4245536886,11.241574,9.18102
W2150898819,10.316104,6.968197
W2546111618,10.715958,8.54059
W1601529119,9.559432,8.557693
W3148097423,10.110388,8.10385
W2088219806,12.47546,6.8868937
W2031740700,10.27235,7.002559
W2153706538,11.210495,6.5147424
W3151439136,12.658815,6.8254066
W4255556671,9.41813,7.5696883
W1492116730,11.474715,8.665159
W2105110338,12.558419,6.784478
W3144733542,11.777322,6.9559374
W1812018636,11.961506,8.803342
W1964853704,9.25326,8.522372
W4253750821,11.302199,6.6752906
W3144823663,10.695937,7.9160028
W1985423506,11.343368,6.7280593
W2087316595,11.360183,7.7689886
W2012276876,11.396081,7.288831
W2148605237,11.2629595,7.150747
W1965280172,12.208071,6.9442496
W2105079573,9.525769,7.7487416
W2030542475,9.656345,7.9207764
W2031874710,11.08389,7.2256837
W2119752738,8.816799,8.798242
W2069238584,9.155677,8.6363
W3143470795,11.52474,6.814846
W3145234024,12.410507,6.809575
W3144847243,11.489832,9.142489
W2146680453,11.379325,9.063715
W2119510843,11.8619995,9.296082
W2161200279,11.180537,7.8597817
W2137919730,12.046555,7.699201
W2099236231,12.536708,6.94324
W2131189186,12.021157,7.930809
W2163322081,10.025889,7.6187353
W1927747672,11.370723,6.574885
W1997010704,11.167633,6.459485
W2136744329,11.546181,7.1421714
W3146226471,9.929003,8.402343
W395227168,12.5828705,6.7525897
W1818387095,10.226595,8.447699
W2111916870,9.75271,7.844226
W2137080072,12.654406,6.8195033
W2152429567,11.591061,6.6096463
W4233616858,8.054571,8.108897
W1523163839,11.898551,7.0182166
W1885351356,11.838656,6.9548674
W1521028952,10.3101225,8.294147
W2143981714,11.450824,9.147207
W205495933,12.524615,6.8310537
W159592745,10.686086,7.425548
W2128490637,8.760902,8.151567
W2123807564,12.621543,6.7823677
W1596753297,10.307132,6.883134
W1877567052,10.117271,7.8933163
W1569739370,11.793273,7.0919747
W1486870421,11.648035,7.133197
W2154515611,12.661399,6.8263507
W3147851429,10.346525,8.801095
W1562450177,9.687464,8.311189
W2120602507,11.101092,7.158845
W2110576406,11.401082,9.155464
W1587245653,10.586498,7.3945317
W1599005630,10.284315,8.509763
W1507654555,11.468662,7.767855
W1494920329,7.894372,8.112517
W56227424,11.989551,6.891577
W26748518,7.7061377,8.229778
W2139319629,11.2954235,6.516026
W4251086218,12.4080925,6.8593674
W4235639805,7.3196177,8.356353
W2146762185,9.048139,5.837508
W2029195583,10.502978,7.85871
W1582295676,9.557548,7.6315384
W2134056613,10.0268955,8.198539
W1917719640,9.448745,8.810207
W2121015075,10.66717,7.406049
W129049144,12.545443,6.819069
W262030973,11.319141,7.2040386
W2142743673,12.793865,7.756052
W2065380250,8.628015,8.228985
W2046918726,8.948497,8.5640745
W2541114472,8.207946,8.859791
W2161834650,10.2064705,8.68171
W3142733079,2.8114092,-1.9620392
W2066735886,9.59262,8.039859
W2059105389,12.346792,7.6794844
W2045869782,11.833496,7.7822413
W1989850389,11.038636,6.5428443
W1967207248,11.479804,7.7964106
W2066999414,12.380724,7.649366
W2038580508,12.061317,7.8775163
W1990393485,10.601974,8.564508
W2001868274,11.9784975,8.782209
W3145638986,11.529958,7.799767
W3147959344,10.583801,7.8772635
W1992101144,9.775529,8.322152
W2158822401,8.6878395,8.885577
W2054912309,11.588038,8.189775
W2094651304,11.288592,7.9886966
W3151127622,9.871984,8.064057
W3139567395,10.806314,7.799063
W3149702595,10.535819,8.224142
W2025644016,12.073635,7.5950108
W1992169996,10.638592,7.8293643
W2014411553,10.772797,7.8321137
W2008507659,9.848298,8.420308
W1558370006,12.197269,7.6679416
W3150197758,7.5060534,8.472176
W1575664806,10.39642,8.448543
W4237542197,7.143357,8.401878
W3149323146,11.44016,7.444296
W2094190691,11.525775,7.617493
W2039714977,8.054189,8.125425
W2150797568,8.399648,8.812527
W1964889829,11.699435,7.805169
W3140181753,10.709168,8.935892
W2124447435,10.840411,8.941748
W2119344278,11.199306,8.50664
W2188323376,11.213824,7.640181
W2080298943,10.170311,8.554204
W3143382524,2.9606783,-1.7415427
W1985567439,10.1326065,8.5628195
W2072575084,12.214271,7.6943936
W2020079884,2.729489,-1.8072321
W3144824943,10.880268,8.10955
W3145946429,11.799768,9.531375
W3140748940,12.838329,7.7053647
W3140266035,11.555147,9.227867
W2030092646,11.367209,7.834936
W4239870187,12.732499,7.7678537
W2294268804,12.764011,7.7027617
W2027281090,9.821824,8.022102
W1910134712,11.293492,8.991123
W2094558743,12.721013,7.7251773
W2109257417,9.835215,8.429312
W2140837893,11.5386,7.756949
W2151708804,11.98561,7.5703206
W2128599810,11.591496,7.79092
W1891064324,9.55999,8.336802
W2143079781,9.923691,8.043259
W2145370300,11.999037,10.2501545
W3148859042,11.680596,10.396656
W2079034398,8.901421,9.081806
W1607834925,10.465125,7.8872724
W1515902347,12.239528,7.6763864
W377952018,11.21512,7.6223407
W1556770399,11.892863,7.4581623
W1579688851,11.903126,7.7788525
W1530141775,12.756645,7.7357535
W101951706,12.235029,7.674885
W1853857691,12.624078,7.751163
W1990159131,5.3198786,-0.3461714
W1582946688,12.199915,7.713394
W1545210537,11.250663,7.5553207
W1593947456,12.232277,7.6616244
W1497770810,12.12788,7.6813107
W2110965284,10.681096,7.8286657
W4249034000,9.5190115,8.809689
W1560978621,12.075916,7.7964272
W3143239431,10.700331,8.249648
W165961000,10.520412,8.14347
W341111016,12.420237,7.7877655
W8289804,9.487664,7.9982824
W1030542543,10.286266,8.342913
W2000371847,11.065915,8.597937
W108066403,12.712781,7.7240014
W2226205584,12.772505,7.7332497
W2069422636,5.2854085,2.4371672
W2023883777,6.174543,2.4329436
W1990325394,4.371295,2.678213
W2049807624,6.9151025,2.7968397
W2027553120,4.137432,2.1034956
W2146354725,10.224344,4.586046
W2138362088,9.721729,3.8947892
W2107712839,9.048406,3.594923
W2072566697,6.2411203,3.9758809
W2163724382,8.958476,6.2131343
W1947395582,10.855648,9.000428
W1979320228,4.0252514,2.391263
W2150927108,4.5719266,2.521242
W2100790492,5.302724,2.5456567
W2148387638,11.998817,4.17987
W2096087071,4.5297875,4.408197
W2056618433,6.64986,5.9974427
W1986471197,4.3587193,1.7209057
W2102474741,10.487583,6.5619273
W1585101387,10.549851,5.671009
W2112777640,4.081391,3.4209816
W1972735890,5.8656883,3.1470578
W2002101280,3.3825808,3.66754
W3149428818,3.7641926,1.5741433
W2147010257,5.6271286,1.9484291
W2151412705,7.932086,6.771165
W2023982588,3.394131,2.1162364
W4244592403,12.609438,7.6625314
W2044095403,3.8281815,1.2023263
W1589311664,3.6730657,1.4171544
W2002128633,6.181715,1.8039852
W2150652604,4.092251,1.0157416
W1977204088,3.7405934,1.3650186
W3150414374,10.400122,6.584386
W2072628086,4.101591,1.0291888
W2105955555,6.584237,3.4899178
W1602086553,3.7606502,1.0923733
W2129592894,9.501718,5.2563705
W1574542371,9.708652,3.8716254
W2104927667,8.558675,4.2512493
W2120755977,3.5920618,2.662138
W2046714461,5.1322203,3.9408634
W1583384137,3.655012,2.936011
W1954578919,3.6658912,1.3509423
W2150349645,9.231233,5.996845
W2152122225,8.006057,6.745538
W2155589278,4.174782,1.0126717
W2107589135,8.155451,4.3180423
W1892359373,4.0167937,1.0763541
W2058144194,4.9795413,1.2751477
W2294064788,-0.8010156,8.3314085
W2139526041,3.7697732,1.4842848
W2078781040,4.008275,1.0390059
W2171897506,11.699375,6.33391
W2120675156,9.100473,7.3028636
W1528577414,9.162259,7.4518523
W2112871220,8.107974,7.900286
W2096048786,9.847633,6.6005287
W3144058794,8.5630665,7.49964
W2129671512,10.9561405,6.208368
W2087702673,11.877606,6.3119807
W3141892842,7.3133173,8.3160515
W3150644761,11.958899,6.1061635
W2109467529,12.456616,6.348044
W3147856832,11.0843315,6.6093554
W2142640963,12.477154,6.3463545
W3143028360,8.391222,7.6554
W3149823826,11.918853,6.2051625
W3141582870,10.791614,6.6380787
W3144561551,12.155018,6.199926
W2005806411,9.947248,8.676396
W3141310258,10.970731,8.501549
W1571246069,11.418173,8.395099
W2159009096,10.265857,6.619875
W2084584372,11.14981,8.503176
W2109213053,10.81651,6.126455
W2127139088,10.633002,6.5083165
W3142483748,12.097496,6.089031
W2121462281,12.083564,6.0982084
W1984595605,9.375908,7.255294
W2142527436,9.290344,7.2907968
W2167211965,11.86788,6.210359
W2165706283,12.031935,6.100115
W3142777835,10.461011,6.741125
W2127193713,10.855745,6.5078073
W2157677944,9.0124035,7.3366942
W2170832107,10.452343,7.082063
W1544549545,11.9841175,8.768433
W2140384758,10.848103,6.2977133
W2167384469,9.35643,6.5945644
W3142178858,10.507929,6.681253
W3141226869,10.793079,6.980638
W2156990842,11.411172,6.3301363
W2162439623,12.49362,6.3859134
W2157829706,7.9956565,7.968682
W2127097426,10.698931,6.246212
W3142238787,12.444717,6.278378
W3142663068,10.367266,6.662317
W2031447753,11.328348,6.220934
W3149285339,12.398272,7.7682276
W2122513521,9.8012905,7.033405
W2097122245,8.853827,7.3537645
W3147531414,10.587553,6.728752
W2129601507,10.412527,8.221074
W2149896152,11.696515,6.1109333
W2144606593,9.556892,7.1434646
W2105573319,9.086868,7.351798
W2136112144,11.505004,6.1510234
W2144655566,10.724862,6.992667
W2160876813,10.741288,6.9026413
W2111887035,10.584162,6.761515
W2134830172,12.067273,6.076522
W2162624759,11.622782,6.1962543
W2124772261,10.805486,6.535754
W2100274294,11.712092,6.048442
W2149162697,10.007327,6.966848
W2126253746,7.7670593,8.115325
W2118554350,11.534846,6.1340876
W2111731533,11.593705,6.5254164
W1497635473,11.702929,6.0188894
W2107668088,10.616342,6.4650297
W2123981765,11.372142,8.503413
W2080049289,11.062142,8.194336
W1587493046,8.886116,7.4928975
W1561234899,10.510474,6.602162
W1553466281,10.25666,6.6801505
W1596646296,11.81183,8.54804
W1596861285,10.056677,6.7877684
W1600971871,11.832856,6.0850186
W1529285077,7.283915,8.316475
W1567550435,9.752847,6.989619
W2147434114,9.816538,8.188096
W2112130306,10.214139,6.6267753
W2103377744,11.352369,6.210901
W1972380482,5.007979,1.2570611
W2478084619,1.5924585,1.8136425
W2048854235,5.429362,2.2589703
W2598183173,1.8593098,1.1302874
W1999549234,6.328664,3.010338
W2144769479,10.244901,6.183822
W2148151237,9.378137,4.1106777
W1614123336,10.696183,8.546883
W1866493243,7.650193,5.405289
W2509771627,1.5055643,1.8882328
W2471495076,1.8541638,5.2335267
W2118627609,9.39266,4.244707
W2110605989,10.007036,4.4914856
W2534656178,10.222129,5.320815
W2134430772,4.6674104,3.6962087
W1551627518,8.699304,5.7492886
W2516774589,1.5032661,2.0630708
W2507605663,1.5576901,1.8250693
W2510401802,1.9254973,1.3681467
W2515356731,1.9043467,1.3440115
W2470801513,1.7839711,1.7954836
W2062196125,5.4855285,1.8146487
W2044943238,5.9643292,2.5398064
W2158247504,9.42797,4.165224
W1591753261,8.557373,4.0784707
W1982006972,5.2401013,2.7146869
W2000685870,6.232054,4.4312177
W2132209717,4.923175,1.3103759
W1494144822,12.587762,8.702355
W1981081706,-0.8072156,0.929206
W2465295955,1.9262838,1.2334183
W2333796783,2.071048,1.3842261
W1561591250,2.6226943,-1.8728503
W2137301032,9.562569,5.279705
W2463393788,1.9957514,1.4133137
W2473175929,1.8904548,1.194295
W2468977341,1.8859816,1.3906697
W2147842609,9.619608,4.9117727
W2083433035,6.906869,2.7512963
W2461675496,2.5293124,2.1768322
W2105881826,8.371182,4.2076406
W2464335845,1.4587818,1.9511117
W2467557970,1.8859612,1.5703987
W2395429780,1.9304507,1.1419263
W2406854312,1.9396373,1.1655726
W2400139010,1.6833247,1.690436
W2399596426,1.9152709,1.2329793
W2395061281,1.9511417,1.244245
W2136345490,5.9960446,1.6779219
W2109125615,9.465751,4.673216
W2905763651,0.9180777,2.5084205
W2752551804,-0.019021977,2.3027902
W2789892966,1.0720322,2.8909369
W2906583754,0.9953987,1.8244584
W2038430224,6.9969287,2.573973
W1997955001,9.176536,0.6176249
W1974302557,4.9484186,2.3789663
W2147591526,8.417206,6.656697
W1550754177,7.0545597,8.2544
W1519653033,10.239981,4.3139234
W2138504198,3.8503604,7.145196
W2138233612,8.800281,6.3509765
W2099096003,9.692352,5.861942
W2145173015,8.128822,6.644865
W2113270839,7.7761097,7.0184417
W2726040086,1.4048061,1.4231193
W2167011559,6.4047446,2.9225237
W2732816132,1.3773149,1.2977288
W1638998264,9.71258,6.3128405
W2038404944,4.5739007,1.5233979
W1972316918,6.765185,2.8258777
W2725161279,1.4204549,1.4267808
W2102012787,6.4210706,1.9275261
W2038257133,4.9596176,2.161677
W1546822656,7.4483595,6.659125
W2151545585,10.193286,5.3874917
W2913249000,4.803193,1.3149096
W2727077865,1.2417816,1.994962
W2724789010,1.2081417,2.418076
W2728086044,1.3990906,1.2641296
W2594228112,1.2926818,1.3541912
W2610954667,1.4544504,1.2499729
W2611091280,-0.0014683534,2.267756
W2611083268,1.4812751,1.2401596
W2610498266,1.464187,1.2636113
W2610639908,1.4136714,1.2209404
W1555801887,11.923081,8.802884
W2108718742,10.215284,5.5804443
W2101092654,8.278333,7.009256
W2111170876,10.05288,6.0475655
W3140682674,11.68765,5.4264836
W2159222039,10.509466,5.794796
W2167357397,10.158414,5.7015977
W2150455688,9.753993,5.7180843
W2142902249,8.877415,6.9970593
W2144562866,9.82742,6.5761623
W2103630381,11.035151,5.4552503
W2089387771,11.564202,5.407472
W2103557243,9.164537,5.975008
W2155731050,9.167719,6.838264
W2128975270,10.494242,6.01453
W2103104537,11.856969,5.262853
W2171720509,11.366661,5.441848
W1520840400,10.492663,6.100217
W2134618356,10.299465,5.79377
W2141835663,10.860748,5.6440215
W2104113200,11.27975,5.4784374
W2138420135,11.352627,5.377268
W2165276788,9.91163,5.884439
W2143803155,11.831172,5.301992
W2160982935,11.38968,5.412569
W1559315090,11.144599,5.409754
W2145836830,11.618436,5.4409947
W2168982004,10.464117,6.087272
W1618986003,9.903482,6.056227
W1766487623,11.611177,5.2985506
W1544600485,11.379002,5.623363
W2152278782,11.229054,9.10868
W2143503010,11.673734,5.449022
W2685613036,9.675992,5.856828
W2100120619,10.511861,6.114097
W2110837831,11.570593,8.411981
W2120569467,8.63354,7.2090364
W1611477933,10.217967,6.227701
W1511869409,11.298517,5.5577893
W2128445041,12.453414,4.5391917
W1496776335,11.691623,5.370016
W1549953997,10.298177,6.138243
W1546867816,10.509134,6.119182
W2172221034,8.111625,7.594397
W1541754999,12.049284,4.949911
W1488984862,7.8677344,7.907289
W2118603691,9.595116,6.6158586
W2154553889,11.746795,5.330891
W2132353937,9.401516,3.2300603
W2171602937,8.322,5.2327657
W2108056409,9.828651,4.6074615
W2099647480,9.763988,4.6740065
W2169177915,8.946798,5.024687
W2138750422,8.907737,3.9656544
W2096195713,8.820666,4.6880755
W2136011578,8.547662,4.670273
W1934974415,9.414717,4.3970256
W2115123363,8.57453,5.3437524
W2117037870,8.900216,5.2736416
W2159786075,9.196442,3.3870857
W2127295009,8.758673,4.190651
W2294163059,8.034045,6.640567
W2104344888,9.840615,4.718335
W2156984914,8.822827,3.7889354
W2116810721,9.833999,5.4699326
W2124866764,8.681321,4.367864
W2891971966,8.9885645,3.472636
W2155963272,8.870811,3.7594895
W2115309634,5.202169,6.2146606
W2150544036,9.359884,3.270886
W1964661732,8.559726,6.3254404
W2129803757,9.1115055,5.8339767
W2116994965,8.685805,3.8797367
W2160449451,7.063765,8.220237
W2134732931,9.369693,4.4038086
W2101562177,9.928923,2.7472298
W2113470086,9.981112,2.69603
W2107174460,9.377419,3.147309
W2124659512,9.954012,2.5352762
W2131814648,9.973017,2.608123
W2125118583,9.625641,2.97129
W2127880520,9.956126,2.6261914
W4251748585,9.998846,2.6449077
W2137763384,9.956018,2.648532
W2133974090,9.981547,2.55326
W2104131857,9.984566,2.6488338
W2071075488,8.558575,3.95417
W1975668676,6.966233,8.365053
W4242633956,12.59673,4.008517
W2126751313,10.497921,4.2088184
W1505764933,7.960872,5.175836
W2150643931,9.596161,5.0254235
W1538594196,9.438338,3.169631
W2100707094,9.050839,3.3730404
W2104386376,9.219135,5.2544103
W1504007998,9.224939,2.9778113
W2134725295,10.297283,5.3713355
W1495123920,8.534926,4.194415
W2397068132,9.663502,3.0019188
W2119138987,10.4592905,4.3162384
W2107182924,8.716997,4.1083574
W1496474480,8.580958,4.1159744
W2093771294,9.432189,4.188076
W2089444016,9.333109,3.2544403
W2084421948,5.9601564,3.315997
W1977235654,9.140664,0.64993435
W2123909791,6.429896,4.0099173
W2132680323,6.972891,2.9987755
W2109119561,6.9548798,2.5847452
W2065140986,4.477194,1.5477756
W1981176562,6.75414,3.0301855
W2101825150,9.826743,5.0373893
W2051153227,5.845105,1.9834741
W1977495668,5.93794,3.9851897
W2046773501,5.876953,1.9774084
W1986911973,4.326431,2.7235262
W2054451783,5.3310757,2.234516
W2020314144,4.383938,1.8971052
W1600963972,9.103044,5.4400454
W2034427182,5.7569613,2.303737
W2154164376,4.8742776,1.2666883
W2166055070,4.8681893,1.2430985
W2113329720,10.449833,5.270969
W2040488623,4.771125,1.2917794
W1976652235,4.3268924,2.8956149
W2117156208,4.665985,1.4396715
W2010203414,4.4132996,2.7299075
W2127985233,4.543364,1.4626577
W2104015790,5.5160184,1.1023288
W2062586105,6.33227,1.9466711
W2056920069,6.0953197,1.0969936
W2050676085,6.5750837,2.1137218
W2088762548,6.182153,0.97799236
W2064335723,6.4041066,0.7296879
W1966802858,6.445884,0.7325318
W2025907089,6.229745,2.6323037
W2043626579,6.4102063,0.7094937
W1992155089,6.3981457,0.7506364
W2033220208,6.217351,0.9372289
W1988761558,7.3058696,0.8796967
W1985772331,6.4647145,3.9195542
W1937495871,8.779653,5.2949443
W2059627703,5.0696335,2.9884222
W1831124275,10.213556,8.455818
W2084943040,5.576187,1.5796062
W2077313665,6.3748617,0.75438505
W2061453604,6.2261343,0.9652962
W1968305741,6.2761464,0.863343
W1992447652,6.197851,0.96402913
W2003401169,6.2897534,0.8771069
W2016281502,6.3184433,2.337752
W1989302176,6.2019534,0.9982569
W2035260523,6.27602,0.89816165
W2142972337,6.770348,2.7379687
W2042548049,5.5809574,1.6801429
W2097161744,6.8607125,3.1137784
W2143138025,9.720085,5.795154
W2171023167,11.124806,9.132369
W1989935269,5.4349566,3.8501601
W2096641506,9.473128,5.0550976
W2046927964,6.346951,2.8436077
W2089547033,5.8320203,1.2970407
W2091803576,5.3489995,2.4358244
W2134273059,9.479711,5.191722
W1988114823,5.4959235,2.0913043
W2157541444,9.247296,5.619146
W225841453,6.4740205,0.6757919
W2019522722,5.0638833,1.9211407
W2067848584,5.5718856,1.5189868
W1983329549,5.0663495,1.8664463
W2133020820,6.192036,2.387996
W2133113332,11.53566,8.67621
W2059551110,12.451561,4.151163
W2142206213,5.677453,1.6734924
W2149097938,5.5352635,2.349866
W1981486582,5.5144334,1.8323268
W1999685907,5.3327513,1.7381848
W2105892710,5.595524,2.0070755
W4244194807,12.445939,4.1554527
W2112362145,5.7023973,1.3578335
W2144190941,6.144432,1.6753987
W1997206769,10.035921,4.4167533
W1810950831,12.020395,8.742171
W75109031,12.558003,4.0861983
W2122964275,10.079616,3.5136971
W2154928623,10.441891,4.899078
W1604175472,11.737546,3.9159927
W2144129085,9.390951,4.4114866
W2103416281,9.899914,3.6451957
W2100321998,8.913578,5.2977486
W2157452704,9.56485,4.2943764
W2120432848,10.4927,4.3299294
W2138291113,9.33782,4.2722206
W2096270637,10.942722,4.9239354
W2160564403,9.00426,4.3977003
W2154596435,7.0283237,8.28652
W2151469952,10.05894,5.414433
W2142472794,9.836045,5.483259
W2124238918,9.701813,5.1784124
W2158918873,9.632757,5.259118
W2158001958,9.264904,5.8391824
W2125698698,9.019644,4.4375844
W2135129760,9.841483,5.434294
W1486615185,9.805381,3.7624621
W2103517561,10.9057865,3.8583877
W2161538188,9.449003,4.5582366
W1830192980,10.67336,4.1506205
W2067483552,9.814999,3.7624521
W2168498708,10.349831,3.1787415
W2098629557,8.203197,5.878172
W2122000670,9.702218,3.9282382
W1579764669,9.668697,3.9705777
W2138919026,10.224684,3.4957151
W1481928537,9.182335,4.5081
W1484344574,9.007092,5.425013
W1525921960,9.998898,3.5282383
W1569838522,10.3000555,3.4529347
W2102060881,8.175104,6.536116
W2161014167,8.028188,6.6744843
W2146284469,9.484616,4.3023353
W2133443864,9.188868,4.2911253
W2096575928,9.47344,4.582744
W2001659964,8.1198225,6.9905267
W2164023515,8.754319,5.39257
W1530130015,7.8184233,7.8096776
W2096141783,8.378608,5.690427
W2163021939,9.389585,4.4942765
W2169576231,10.770766,4.8944087
W2152391571,6.5336523,2.7632058
W2163339655,7.155431,2.2596307
W1969539460,6.782521,2.3113937
W2158764709,6.3952446,4.1431575
W2117299321,6.5395846,2.8199675
W2122118920,6.896627,2.222476
W2155138741,6.5498466,2.6532528
W2134142311,6.9176464,2.4519703
W2158438371,6.898989,2.4837282
W2018707464,9.145757,0.66086245
W2014973761,9.214311,0.58948976
W2029945175,9.190921,0.61198384
W2026971181,9.018025,0.74328744
W1996937933,9.172509,0.6394323
W2010458723,9.112472,0.6767337
W1973260888,9.189983,0.6155459
W1993113287,9.071766,0.6980687
W2073498395,9.05643,0.7191103
W2052795114,7.1508036,2.659515
W2057272667,7.0447288,2.1868796
W339572299,7.389365,2.2198956
W2003933781,9.189972,0.6134434
W1963824676,9.106171,0.690087
W2141466899,6.8465867,2.6766899
W3145415595,10.323928,5.449177
W2144705142,6.2905235,4.2563987
W2119981497,7.681026,1.9756733
W2161171934,3.9675753,7.1620016
W2105329815,6.72865,2.2789674
W2025941560,6.851692,2.620552
W2150625481,6.926546,2.3209145
W2016759698,6.7972403,2.6937654
W1991906508,6.2801166,5.15312
W2131617079,6.142813,4.5893655
W2141672427,6.8076696,2.6377807
W1969759634,7.114674,2.1471624
W2052507190,10.147174,5.378663
W2535314327,8.71621,6.376086
W2056169174,12.645041,4.135368
W2168410573,11.45719,4.4335303
W2003058526,11.65937,4.3057404
W2111137294,10.123032,5.2177153
W1552438934,10.842364,4.8375072
W2024302236,12.719295,4.1654534
W2008416644,12.72259,4.091162
W2009321732,10.841316,4.804847
W2006648158,9.885426,5.1619267
W2536806727,12.514984,4.17474
W2020807118,11.7968445,4.2464385
W2011351610,11.969867,4.2214727
W2545232098,9.3305435,5.3417892
W2018042885,10.803201,4.8922853
W2028970260,12.720185,4.1279073
W2538209500,9.779441,5.268774
W2107191029,10.383728,4.850351
W2014153345,9.6336155,8.524901
W1987649389,12.691397,4.1259117
W2293174806,10.933923,4.814296
W2052666129,8.536636,6.9892592
W2135405287,9.907161,5.3568163
W2000157392,11.563089,4.309042
W2104600729,10.238492,5.4457917
W2113267084,10.851296,4.830546
W1596605409,10.231674,5.477917
W2097523702,10.452766,5.0480223
W2104765430,11.879581,9.364009
W2128385218,10.670975,5.0226126
W2039885734,11.774446,4.289319
W2091009813,10.773719,4.8950396
W1964562193,11.670297,4.298716
W1967395280,11.173547,4.6730185
W2092670629,11.926592,4.2413936
W2106095074,10.769439,4.9272704
W2089502316,11.950784,4.203839
W2044199066,10.93068,4.7761717
W2113818989,9.022884,6.0861425
W1576834602,12.4816265,4.1472116
W1510724574,11.914756,4.245165
W1559663063,11.802669,4.2645607
W2042007306,9.832414,5.042336
W1483880256,12.676142,4.1203227
W1535408033,10.321005,5.480996
W1563779426,11.511153,4.356438
W4252351601,8.395763,7.1695023
W2746949165,9.827508,5.030117
W1513932733,7.167725,8.350529
W1597742004,7.06561,8.264317
W1516558836,12.510704,4.166903
W4230592322,12.716381,4.166237
W1496986638,10.4209585,5.3101883
W1484060107,11.0827875,4.6996403
W1514648211,12.657735,4.1311126
W4229719457,11.524375,4.3489327
W1496111058,7.130437,8.346036
W1506635950,11.631286,4.3048625
W1484977826,12.703178,4.0861797
W2073140027,8.84959,6.464195
W2031235848,10.636492,5.045516
W2051626292,8.358136,7.175684
W2091662199,10.797282,4.757746
W2171101309,10.849097,4.767674
W2171213991,11.56898,4.303345
W2146795709,10.933451,3.789219
W2098144479,9.9905405,4.5918317
W2142336067,10.214779,4.2359333
W2106838422,10.913253,3.8403842
W2150709242,11.249739,9.116916
W2118196384,10.615914,4.1464543
W1998509299,12.58562,4.119803
W2145636793,11.04355,3.7705045
W2106828149,9.958218,4.488609
W2097707083,10.062074,4.7285886
W2157950870,9.89766,4.5043063
W2118228930,10.097739,4.3599997
W1618473628,11.208437,3.800539
W2133844731,10.937255,3.7822318
W1543786708,10.150681,4.972211
W1569159205,10.921271,3.8054066
W2150876197,10.801901,3.910123
W1734083974,8.281281,6.3329296
W1567089930,10.2706785,4.4956717
W2132249528,10.476265,4.7585897
W1490562473,10.005855,5.0117054
W2146985695,8.412788,6.35553
W2163980400,11.036444,3.7670772
W1760700887,9.637242,4.8355236
W1489989728,11.070763,3.78223
W2162241392,10.811888,4.0548396
W1585559941,10.869883,3.798771
W2130781176,5.881673,3.587707
W2098156964,6.514673,1.8503196
W2164489322,6.5095983,1.8138146
W2124483770,6.541798,1.8641235
W2117018323,5.391083,3.0347898
W1969106975,7.263733,0.7839763
W2033897810,6.2982016,3.6589985
W1964555341,6.410332,1.715539
W2005913349,7.2711396,0.87788874
W3098736671,6.430614,1.6766943
W2051001151,7.253345,0.8867358
W2025535820,7.2371016,0.89907134
W2032175255,7.150343,0.96745676
W2033157373,7.30143,0.7991591
W2083844287,7.24569,0.83247626
W2000850157,6.435489,3.0988538
W1979736705,7.3174863,0.8193056
W2009172267,6.542968,2.4355278
W2017707727,7.191915,0.9514569
W2041306544,6.381666,3.2738588
W1513618424,-0.8751231,8.371394
W2015614425,5.8691716,4.719987
W2003767009,7.3005285,0.8517667
W2170426611,6.3024096,2.0616622
W2140480245,5.502555,2.3385081
W3146744246,11.90331,9.43143
W1994754807,5.8236384,3.8412228
W2143814147,6.365822,2.036661
W2043667991,5.941709,3.6655402
W1974267095,6.5362706,1.7999213
W2034031595,6.3360863,2.4000094
W1983870877,7.2097015,0.9247318
W2983616417,11.603671,8.775949
W2159989065,11.245585,9.041339
W1984448916,12.354165,8.805718
W1573066866,12.497923,8.8003235
W1514176954,12.173235,8.935138
W2539788439,12.105684,8.548582
W3147765321,11.915657,9.427739
W1577857261,12.66754,8.632894
W1902011139,9.812608,8.858667
W3140413643,10.476678,10.019843
W2148512665,11.262955,8.683792
W3141489401,12.420015,8.780379
W2100016455,11.334997,9.159653
W2075035638,12.1387,8.922416
W2055085171,12.11315,8.87286
W1505843728,9.855784,8.618378
W2149107096,12.210818,8.665386
W1866723569,12.168078,8.888589
W1823091351,11.588035,8.417224
W149886838,11.9281435,8.440302
W110856825,11.979451,8.824778
W84958033,12.577733,8.766177
W37104576,12.603185,8.73664
W944476109,12.22998,9.012325
W2135784738,12.221374,8.86426
W2130721282,12.64282,8.777781
W134241713,12.577879,8.759602
W1551658936,12.510367,8.757019
W61687866,12.116726,8.919798
W1995092906,12.157645,8.862028
W2152311362,12.170746,8.939944
W2153925181,12.160534,9.581179
W2099681745,11.222614,9.032241
W3144951789,12.316605,9.83827
W2162139769,12.326719,9.743137
W2101254795,11.41372,9.183453
W4241594251,12.361354,9.839323
W2110762494,12.05868,9.540828
W3143038240,12.355211,9.7723675
W2125576094,12.208973,9.633826
W1990025747,12.333629,9.777393
W2145534756,6.965568,8.315434
W2004785295,12.354497,9.74603
W3139635191,12.065951,9.50286
W2135427450,12.044579,9.480864
W4246614047,9.853995,8.841619
W1986963462,12.381225,9.781804
W3149079273,11.9300585,9.420133
W2151269096,12.360462,9.866779
W1893162284,11.91095,9.438394
W2114809086,11.788749,9.430543
W2127169217,11.928327,9.470306
W2207799946,8.69218,12.061681
