67.6517348703916639	14.4334089660980371	0.000000
58.0668660929104519	-9.8560439591041131	0.000000
58.0910829435950191	-3.2763591372700240	0.000000
60.9039237621073397	-3.8162516011779331	0.000000
48.3032832780267896	-9.1686914995818327	0.000000
-42.1817367518977520	-22.5204865851638019	1.000000
65.7675486514654608	-9.8437071544241324	0.000000
-22.3511628049340310	-28.9639564934152460	1.000000
-26.8673691672727735	-5.5564633327719219	1.000000
-64.3232048031332226	-12.3577093147739170	1.000000
73.2344553086546881	-11.9715840364554360	0.000000
63.4764441677517368	-17.2972039062040182	0.000000
58.3690593182405024	6.4606893297176944	0.000000
-33.6273532445621086	-19.8714242855316421	1.000000
48.9813494386449477	-14.1748762026966215	0.000000
-67.7333514485576842	-6.7290948557500991	1.000000
59.4827631666514307	-11.1604622955206061	0.000000
-35.0358664993069553	-16.4911153921074423	1.000000
0.9264601633817039	-29.8410949323641397	1.000000
56.4921722663648609	-1.0503205647422789	0.000000
64.5323551010220910	3.5099653826608468	0.000000
76.0700213950580633	-10.3874241365526139	0.000000
57.5374667744308042	7.3300118213580605	0.000000
-24.4803013645822531	-25.8008262743143248	1.000000
61.0396437741379927	-13.6156761991265789	0.000000
-54.2977949427743027	-16.5968816738039351	1.000000
66.7069635285436533	-2.1278860229987275	0.000000
-65.4865999314048395	-15.3866370128001329	1.000000
49.7578665204324082	-9.5916492708940400	0.000000
-41.4504870718719047	0.7584938362489885	1.000000
68.7411763228290198	-12.6387370164999400	0.000000
52.1402004905554080	-6.5932495371768498	0.000000
57.4245118030560135	10.6404537637842083	0.000000
-19.9506007590623966	-21.3039463570363274	1.000000
66.2035068053789502	4.0691564957859141	0.000000
-23.5822703215713503	-28.9917568489634405	1.000000
63.5755847654910298	-5.0818654948919626	0.000000
61.7395338738081705	-15.8882431305366456	0.000000
61.8117868337289238	-19.3521121619577094	0.000000
49.1427837884586722	3.8686968292266135	0.000000
69.9087436253623906	-9.4171058209268566	0.000000
65.8588881755708826	0.2742560350023659	0.000000
-39.1122215430665676	1.3477070127397841	1.000000
76.1803839101648634	-5.9887651646856899	0.000000
57.2551224529194300	-16.5246880449757221	0.000000
-62.2152043522759115	6.7175718180170891	1.000000
-18.8204440009238283	-26.7367648131197662	1.000000
-31.2155531781522200	11.3412269869738385	1.000000
-55.1332739946605344	-0.7511655147476270	1.000000
-35.2190826398264392	16.6780493489504131	1.000000
-48.2208212692898286	14.8025325386869131	1.000000
-3.5443637723728898	-27.0798275254371212	1.000000
52.0598003490033534	-3.9441232355359266	0.000000
-12.6964603873402879	-20.5293883184054415	1.000000
56.8466142245116899	-20.8989252321111607	0.000000
59.1522605004986275	-14.0444664880490606	0.000000
57.4602521026849118	-17.8948552661122022	0.000000
-36.4683598620097698	4.0337780736890272	1.000000
82.8804685038030584	-5.8455203522570294	0.000000
61.8562840594536070	6.9969987687857493	0.000000
66.8185618628630209	-4.0072813642058316	0.000000
74.2837525982946829	9.9144334342773188	0.000000
-32.8828576371195211	8.6804049809830843	1.000000
71.2247202593307094	-5.0634622464404710	0.000000
80.6444463314016247	-12.9743316697409696	0.000000
-29.5589563705487848	9.5692519217545886	1.000000
-45.0808900080618287	-2.7114232144050949	1.000000
71.1942641728807502	-6.0214800712692949	0.000000
60.8319423879297645	-2.9315568097882836	0.000000
-53.1239379930000197	3.8144488720454808	1.000000
-30.2786360399194159	19.0035015022542488	1.000000
-69.8315158339627402	-12.8229945382776958	1.000000
82.6130018761947866	-7.6850086112107254	0.000000
-53.9114581377498041	6.6153087779129187	1.000000
-44.9465804813189251	10.5325826412873553	1.000000
-26.3688081295676611	-6.1768757322724115	1.000000
-35.0086174244488078	15.4548694283694310	1.000000
73.8868458390041241	7.0884930887254711	0.000000
-23.0141509111992733	-14.7501043678056227	1.000000
62.6016638130861125	-2.8541196264653244	0.000000
65.9210371371865165	-2.6629971769543639	0.000000
-11.4236459912353698	-18.6391247660508590	1.000000
-22.8224880998558142	-13.5962701594522724	1.000000
-48.1056734591123103	-3.7652072887342780	1.000000
-30.8338996145627391	14.9247557241843225	1.000000
-30.5663199131844827	-7.4966117160813708	1.000000
55.9589156292029841	-15.7963905717602842	0.000000
-32.1327337369888966	-19.9343807087324159	1.000000
78.1565496043707810	-0.0743522969647940	0.000000
61.7947292176812439	-4.2254623963598155	0.000000
-17.3354351231659649	-25.4266463215912992	1.000000
3.2265962822986056	-33.5939719944389594	1.000000
-22.3553004298705105	-14.6709885444619026	1.000000
66.3273464419829679	6.9689335129060144	0.000000
67.9882157329037824	-7.3631130489328021	0.000000
67.4989400469928285	-1.5969583443961903	0.000000
3.3698642571377619	-34.5495395890831603	1.000000
-54.6434370856990270	3.1006956656152824	1.000000
77.3492967881433628	-3.2532396041523390	0.000000
-34.9098707418683318	18.8748828453700845	1.000000
70.9669539661801565	-9.7857250190746559	0.000000
-52.9613274704719430	7.5161679053213595	1.000000
2.5542206906900580	-34.3934573344684580	1.000000
58.2284124735334103	-1.3466915129241204	0.000000
61.6289013222925419	5.0570665461475466	0.000000
48.8285720757652584	-3.2271101955890624	0.000000
64.1218611847126709	4.3800502639221026	0.000000
71.2240059932913852	-4.1202143180592188	0.000000
-5.9800211967042483	-24.7542381317166438	1.000000
-59.1559468886826352	-6.1841933061107444	1.000000
63.3435548361927374	6.1910517172961148	0.000000
60.9197679180187635	-16.7634002835774396	0.000000
-30.4444108823220390	11.6339055159505556	1.000000
71.2960094628432870	4.8812534998631554	0.000000
-0.9119656925188719	-27.5614121240594194	1.000000
68.6889031295252579	-15.1095807789825010	0.000000
-70.8382334072832407	-4.7026393140490006	1.000000
5.7824226263265084	-36.3833240306736982	1.000000
-25.4701438853574693	-24.1388387744237320	1.000000
56.2236074688299539	-3.0725575716842650	0.000000
65.3611668532655017	-16.2556681665952105	0.000000
58.4157059373439225	-7.1742539727209103	0.000000
59.4985735616087581	4.6834736935693160	0.000000
-29.5889240076357112	-10.8172514274894080	1.000000
50.0641588783465963	5.5005773500851038	0.000000
-0.7528423118442419	-30.4828932697376231	1.000000
56.6098100944816238	-7.3940664596354102	0.000000
74.1261945331949192	-3.6635632367441562	0.000000
-46.2653997080579558	-1.3332857027471823	1.000000
-16.9311722033752758	-23.9946288497922566	1.000000
70.9641586363446635	-1.3055831441200032	0.000000
59.1796374973773425	-5.7142330973504665	0.000000
-34.1039688755566033	-20.3237681163430892	1.000000
67.5233872061117637	11.2868246211000205	0.000000
-24.1547247712527344	-25.1034932336503473	1.000000
68.9021405425680626	10.9620447844483273	0.000000
68.5587075624090119	12.4979164526924293	0.000000
65.3454353507036245	-5.9906216985956071	0.000000
-1.8136088366282084	-30.1796698887872878	1.000000
58.7744650494648724	-9.1960915873304607	0.000000
72.6542333732887613	-9.5363511889956101	0.000000
-45.3986313996659803	-2.1228266006759355	1.000000
63.3082872303283182	11.5773093310766022	0.000000
51.1369400728934593	7.0135720532669632	0.000000
73.2917070854779809	-18.1444514090541880	0.000000
55.8512242746755021	-10.1612957667892445	0.000000
-43.1267850252716514	-3.9643287055307854	1.000000
2.1982997170671719	-32.9895889412592922	1.000000
77.3690623692475299	-4.4311090806004252	0.000000
-40.8198156726362811	-2.8926820755518432	1.000000
-23.6295573931672429	-19.5167850483745795	1.000000
47.9661190124191705	-12.4205970040017561	0.000000
52.4524325758233800	-7.8873505042424457	0.000000
-1.8891912427803412	-30.7297509819927441	1.000000
69.5743597503544038	-7.2304040489973769	0.000000
2.6670030851996631	-33.3420792541357969	1.000000
-28.5128448852871017	-20.3893114732984095	1.000000
-65.2187048644468774	-11.1789787035488626	1.000000
55.2716475883013203	-9.2361410691490207	0.000000
-15.2990253132613727	-19.9265412576259671	1.000000
79.6801646141064452	-1.8558006906413929	0.000000
-58.4862551829219086	-7.3049976610374880	1.000000
-31.4934701892221121	-6.2609197644148100	1.000000
-25.4970052030265002	-25.3673162264649079	1.000000
-37.8704863726134136	1.8913893465860345	1.000000
-61.8067543829542032	-19.1284836516437373	1.000000
56.0588937567455332	-17.2023306429461051	0.000000
65.5847406285384977	12.9472074885161454	0.000000
-33.8887929246865056	-19.8356747919411056	1.000000
72.8398178069358551	-10.8384622021936643	0.000000
5.7892557258180375	-36.3748282130912486	1.000000
-6.4552874224285439	-24.9651452330612607	1.000000
52.0044364461442257	-5.2511075088989845	0.000000
68.4630011362520463	6.4049778103281190	0.000000
1.3527289377982157	-30.1491135846314400	1.000000
60.9354301216118870	-4.7262883566818479	0.000000
64.7226318197912605	11.5765869644130550	0.000000
-30.9085649497433046	-11.5461440248649243	1.000000
69.4319694847900877	-5.1984888664858637	0.000000
67.8696339815526812	-6.3299910683416449	0.000000
-34.3680948236561150	-18.6145098432943961	1.000000
60.7408203720179429	1.1574816255132816	0.000000
-28.6808936462191220	7.9606701087989906	1.000000
-49.8285585808962352	-12.5487478883587666	1.000000
66.5781180965650776	-16.0169847391245312	0.000000
68.3536292969738497	-17.7179208351340627	0.000000
-33.0684275100940610	-22.6551435811967750	1.000000
-49.8516118222509235	-8.4677785434229573	1.000000
-26.2610792094517116	-19.6911400862617469	1.000000
0.9721347417889930	-29.4420993336744736	1.000000
81.1699220109804855	-2.4520839450734515	0.000000
-70.8470005156157470	-7.2175173347002559	1.000000
56.2926753525878496	3.7520796854363887	0.000000
-5.7252152850083950	-27.0392033814334773	1.000000
54.4394336158061947	-1.8594995046201939	0.000000
-66.5018001187622048	-2.5764148266791231	1.000000
64.0979669486720525	12.9982927103173136	0.000000
74.4814716798498324	-12.3349890455542894	0.000000
-51.8760412704015437	-6.1341506537630437	1.000000
62.4925095765610692	8.1284985798194445	0.000000
-34.5185633471304740	-11.3520998466557081	1.000000
62.8213002715259066	-13.0449518559662145	0.000000
55.6249647615367948	4.5754068710936835	0.000000
-40.7706779357786857	-1.2135004469454720	1.000000
58.0143244981933108	13.7902293802657141	0.000000
-31.5721138106167949	-17.8418744815341377	1.000000
69.3927302333075318	-11.0203837072191497	0.000000
73.9549086379426228	-1.6512351053996368	0.000000
-43.8167211592206627	0.2451436535551714	1.000000
71.2545104988555380	2.4256971010760164	0.000000
59.2178863430227409	-4.7169405954142558	0.000000
-36.2973739989370614	4.0098669901382795	1.000000
72.4760869791253697	-20.5938911277593952	0.000000
4.0734161731277805	-34.5564520201398153	1.000000
-47.3940367787942947	-1.2777398421125601	1.000000
71.9794827666635939	-1.7023036593252840	0.000000
58.6060089571774725	-17.1296697797001016	0.000000
-29.6503346341360228	-6.3888810877250624	1.000000
73.0814064881130747	-6.1328799958224600	0.000000
48.2541390899732434	5.4260192849662525	0.000000
60.9706509004667652	-5.6177400711842838	0.000000
-30.6886796073278845	-7.6299265950452018	1.000000
59.9027723321478831	9.9569166943201264	0.000000
65.6888511842608693	2.2929894411076521	0.000000
-15.5653471097784468	-19.7269203562945776	1.000000
-17.3458653743850384	-26.2632547875572371	1.000000
-64.0220082103713395	-13.7313204580762456	1.000000
55.4751531088640490	-1.4289541093095104	0.000000
82.9683831042465698	-4.0069389593519880	0.000000
-66.4826617131290618	-19.5424952621365371	1.000000
-16.4398454474691675	-23.6547348423523864	1.000000
75.1476039385343029	-3.1921922707796311	0.000000
75.2961723939404379	7.5006782027718710	0.000000
-29.3065763144901652	-24.7526903245730416	1.000000
-44.8010337826182834	-1.6794988366355490	1.000000
79.7873798927671913	-4.5805044828340407	0.000000
-16.1436906792509518	-23.5093698786663765	1.000000
-29.9676162935508650	-4.3078992880930462	1.000000
-27.1247859767033788	-8.7738115928684834	1.000000
60.0593999065533524	-5.2215696045430251	0.000000
47.4481886560950201	-3.9543326415535258	0.000000
-46.1173056364977469	-6.1790635535965945	1.000000
51.9577342460439553	-15.5104374443493498	0.000000
48.5414492402243951	2.2539689791302582	0.000000
-53.3169833336596000	-12.0595731031845848	1.000000
-53.2846153248640206	-15.4499687463142887	1.000000
54.7076556880099787	-10.2592482529311013	0.000000
76.5981179824581346	1.4765048494983877	0.000000
-9.4028506807777656	-18.7932070199050223	1.000000
-18.1704786079640357	-24.9412651998206876	1.000000
-57.6591270386370098	-16.9224004964662065	1.000000
70.5876421770328193	0.6554680056807850	0.000000
68.9263638757564934	1.6776197625330527	0.000000
-23.4674519408403306	-28.6551365157372153	1.000000
-45.5977982421176122	-1.7803588897385170	1.000000
-63.3865411671305381	-21.5290473252519945	1.000000
53.6093385377475968	-13.8524351405865787	0.000000
57.1047384440125541	-15.2540019108979017	0.000000
-14.2758719581985130	-19.6696609736454420	1.000000
-24.5438272537435900	-19.7445374103643800	1.000000
61.6080146500424561	1.4408938908111042	0.000000
53.8285334310740140	8.8293833490138383	0.000000
66.9947853414920900	-13.5379176842354632	0.000000
-27.0584464470488193	-7.5876753541478150	1.000000
-32.2967539063625040	-8.9547823114486231	1.000000
-35.5842752726752778	-19.3649680455884514	1.000000
74.8785109273236884	-7.3475015687524623	0.000000
-0.3568526062522424	-27.8661908023629330	1.000000
-35.8869263716109757	-17.3096240695963708	1.000000
72.6156437330432425	6.5938693533590964	0.000000
79.5334226290782453	-7.3442318570882135	0.000000
-7.2693894854969159	-27.8489217578899790	1.000000
-26.6334765659255694	-19.9653734306143207	1.000000
-47.3957840317999342	-1.7552594185292163	1.000000
-31.3987529741090299	-18.2214955483424355	1.000000
69.0222675184464407	-8.8955649578991380	0.000000
66.8246666042871595	-12.4911044929343600	0.000000
-32.7179623709510849	-13.2083521013274883	1.000000
53.8619440881343081	-4.9821908867712565	0.000000
66.7137968286993868	-10.4140571811310014	0.000000
63.9272495866326622	10.3671639334662125	0.000000
79.7139514544011405	-5.9552319430912046	0.000000
-24.8800716133982327	-24.1615625222360819	1.000000
-7.4107783744943250	-26.2344727308963357	1.000000
-34.4691479007792694	-13.0872720394899069	1.000000
-19.0068362373949284	-20.8652616022066795	1.000000
70.0375928562435917	12.0597385211839274	0.000000
-26.7365488770439157	-10.0452634814692594	1.000000
-41.4031317494480717	-0.5276680446402926	1.000000
77.2449623773354972	-12.7666541762141570	0.000000
55.4106962200948701	-7.4210764976419181	0.000000
70.4574924545923125	7.8559204898168646	0.000000
70.4812419956076894	-12.7759770996432636	0.000000
-45.5901366937253911	-3.9407710889057124	1.000000
60.8293407227212484	-2.0479413778497477	0.000000
71.5937752959730176	8.5385618742838894	0.000000
62.6379082400866523	-3.7527149150081351	0.000000
54.8000649655163770	-5.2967601814121457	0.000000
-58.9549375247611778	4.3010429038083240	1.000000
-50.4177474443006517	-4.6988612065214532	1.000000
-24.5894551964256252	-19.4083704232462786	1.000000
0.7655006091201469	-30.6112527917165309	1.000000
-3.4069598513000137	-27.8523622146506895	1.000000
81.0119387999735352	-0.9886567320564321	0.000000
72.0951251777568842	-2.6547231357171190	0.000000
78.9103053013368907	5.0078873409145981	0.000000
-24.6348434406133379	-23.7816996091859316	1.000000
70.4158158887497194	2.9974397132105572	0.000000
-53.8779201905388376	-17.0031313882540935	1.000000
73.0225334700278950	3.6272280350574606	0.000000
58.3613372537127830	-15.8871267803408340	0.000000
-5.8785773265323771	-25.9860741104924209	1.000000
-48.6553143151297718	8.0302902840928692	1.000000
78.7227604892711241	-10.1477243095993170	0.000000
-68.3762365644310961	-3.4412108248624498	1.000000
-27.2345134016483748	-8.8254714093660223	1.000000
-14.2284197843815186	-19.6672925848466598	1.000000
56.6080957059818033	-10.9168468935955207	0.000000
-21.8478062458564608	-28.8389368943513666	1.000000
-34.5662061953468296	-11.1398964370667599	1.000000
52.4051539347014170	8.2420542950901368	0.000000
82.1514307053331976	-9.5087408260248587	0.000000
64.8695194303863758	8.1625615707697694	0.000000
-48.7072621726990462	-8.3309256074142581	1.000000
69.7344532871004503	1.1648621246260491	0.000000
-25.3796183130249311	-24.3166208031674635	1.000000
58.9311828001775950	-10.3499976647612826	0.000000
-1.4073287750906396	-28.3440573633348016	1.000000
54.8336530980006600	-13.5969808173123976	0.000000
67.0167340294593572	-18.1214904406965722	0.000000
-9.4813220540616001	-22.3143230358693394	1.000000
-25.5900934904049286	-4.8966008817508824	1.000000
72.9046191596736719	10.7508166616551577	0.000000
-33.2746625738278965	8.2912546011222954	1.000000
76.6357801784240991	-9.2045907715381059	0.000000
-18.0142486435874503	-21.2690650185456107	1.000000
52.9719486778723265	-4.5054963996237367	0.000000
82.8951585648174785	-2.1754838007642792	0.000000
-54.6804858158227987	-16.6805460506192595	1.000000
67.4130854798186192	0.4540572429813224	0.000000
61.3448265411734539	-14.7473495447619101	0.000000
-26.0630063145118349	-21.0897503644901718	1.000000
78.2067521195322257	-7.7162757596570888	0.000000
60.1406751966603252	-10.4687470139487679	0.000000
64.3820850124859447	-4.6169372530157586	0.000000
-50.7373278763583500	-4.5195027471380511	1.000000
-56.7481597835813218	-14.8992198155234199	1.000000
67.4568379498722948	-0.5988934550836899	0.000000
60.4330546211492390	11.2987015218961986	0.000000
-47.8256480505081711	-8.9130683972013713	1.000000
54.9403437563492503	5.5088949979716730	0.000000
60.0766432654724838	-0.6412773785318503	0.000000
-30.9505933009035772	-9.1288108695092962	1.000000
57.0362394963270916	1.1153874173607392	0.000000
57.6666139349332028	-8.9430814894688364	0.000000
68.8516088471174186	2.8691759550760279	0.000000
-58.1829795923811659	-8.4410396114551851	1.000000
-1.9686376625345809	-29.0279769908782690	1.000000
65.6565027565146693	-7.8572530062075430	0.000000
-54.4347423680910936	-17.3875785951282857	1.000000
52.9189622472113115	5.1474074086922741	0.000000
-31.6216916139131214	-11.9828043872534575	1.000000
-30.2544819566330929	-6.2512210424438646	1.000000
-25.7771390153848614	-21.5712421851056817	1.000000
-27.4854786670295503	-5.4789361696155439	1.000000
62.7402998758541912	-5.5432452381884714	0.000000
-34.8146243738252821	-17.6730478608990893	1.000000
-3.6340470984511177	-28.3907271484651318	1.000000
56.3111942561923939	-2.0714407302768336	0.000000
-48.4794295193374722	-9.3435536547190114	1.000000
-5.9261550680908055	-23.3183520902099808	1.000000
4.6923743579901380	-35.6548978371051817	1.000000
47.5385042791132690	-5.6776447526175176	0.000000
-34.1370325794263607	-12.5284675117822299	1.000000
-5.6227952443718907	-26.2488386173910762	1.000000
57.3851576027131642	4.1155448060233155	0.000000
-35.1785676763448834	-17.3017439048181707	1.000000
50.6409535642021424	4.0344812455095864	0.000000
-60.9574102275192473	-5.9166484325929982	1.000000
-40.2016607496997338	0.6380650867045332	1.000000
-32.2738164999044059	-10.9055858277766653	1.000000
63.0839489199924657	2.5202435313057485	0.000000
61.5649519106624865	0.4842283491611743	0.000000
72.5209966417137792	-8.3447245569013990	0.000000
-26.5877732040790207	-22.6514547223127707	1.000000
60.0986768450623572	-6.1331860840105277	0.000000
-8.9870323104590355	-19.4280253785135066	1.000000
74.0910117217846675	-5.7037214095387228	0.000000
65.9636163496986967	-3.6024364418933228	0.000000
66.4950036634894843	-19.4192330476650312	0.000000
73.9769584183921296	-6.7484453962455193	0.000000
2.8729586465930756	-33.5572903715982562	1.000000
60.7060423790599728	6.8894907712910625	0.000000
-57.9281119429361553	-8.9891273858048280	1.000000
55.1412761102248155	8.0947158852633621	0.000000
-57.5060853073359439	-16.5346201974925862	1.000000
-55.1141410158403176	-13.3666052699817950	1.000000
-18.2345706307401230	22.7326361557135783	1.000000
51.6039746485520041	-17.3381056638988369	0.000000
60.7063682117605907	-20.4883446119701702	0.000000
57.6963663214927962	-19.4564440375481631	0.000000
60.0734614514070273	5.8244580020256729	0.000000
-39.8594822124397368	0.7048807543422114	1.000000
-16.5438357603011212	-23.5371031507765629	1.000000
-27.7877280873040995	-6.2018247343260455	1.000000
68.2835098027967717	-1.0549920532992754	0.000000
72.6695582406345437	-0.1992899114346297	0.000000
66.4137723125168549	-7.3924357346652920	0.000000
-16.6273649956222727	-23.4219973457397757	1.000000
73.5958207429426352	-13.1423478941744776	0.000000
67.5293651395927412	-20.5682887098834399	0.000000
68.2129134514813416	-0.0247247415994680	0.000000
-56.4030423545818991	-13.2795714315460351	1.000000
65.8259437539792458	-15.1644844454601806	0.000000
51.6008303746904318	-0.8095087093211062	0.000000
60.8973421567399598	-1.1473471305025276	0.000000
-6.1801417340131861	-28.0236336916534761	1.000000
-57.4198218106352840	-10.8536734039077043	1.000000
-23.1422559360413196	-14.5260558029247857	1.000000
62.5093305056782853	1.7422514480882731	0.000000
54.7127485260328612	-8.2957108768618362	0.000000
75.0663102305178711	-6.3019502870551172	0.000000
-55.7540507993193941	3.0414874805907601	1.000000
67.3116127694429593	2.6208498190415233	0.000000
56.0635804480335267	0.7058870300898581	0.000000
69.5248702192141934	4.7742984096006245	0.000000
61.7146918808616149	-2.4391948813205437	0.000000
54.7247573471484827	2.2429124642316278	0.000000
-38.5769793463714521	1.7124360704420045	1.000000
56.2750219784943226	-4.0517039618177897	0.000000
-13.0954973996973916	-19.4865269138807342	1.000000
63.7189274937209333	5.2686605019239581	0.000000
62.2592426482299928	-10.9844147969776209	0.000000
61.9907897032486943	2.5124696662072101	0.000000
78.5333379558578599	-3.8760073635500709	0.000000
-67.7500293085412437	2.4290613212466439	1.000000
60.0591001408114309	-4.2786152441931957	0.000000
53.5881482633800275	-8.1513242629897942	0.000000
56.8990626422105166	-8.3724385336941474	0.000000
63.5148740605911399	-4.1741977387023121	0.000000
66.0859928200045914	-13.9191425516479370	0.000000
-16.7408542916277412	-27.2389565788206554	1.000000
64.2081597108244182	0.1037995223138343	0.000000
48.7793852379100770	-4.7739724563037251	0.000000
57.1774967304831421	-2.6979631101748551	0.000000
71.7312992901722311	-9.0906715667578997	0.000000
-29.3138803695529653	-25.1549728746810430	1.000000
-19.0837882330416413	-26.7908561660201734	1.000000
60.5123849431093959	3.0127301202693548	0.000000
59.0973231617959200	-3.7876898171202340	0.000000
51.3152064307496900	-7.4773324764385958	0.000000
63.8927581431620055	14.7139349926820842	0.000000
57.9261844524106664	3.2873718313914773	0.000000
53.4247168544209856	-15.2531802961183995	0.000000
-56.1002501966009604	-14.8409278418312454	1.000000
74.7520469360492683	-0.1346478778934676	0.000000
-6.7036546621364854	-21.7405805352104764	1.000000
-31.0319901175074122	-10.5599332609335530	1.000000
63.3576511991266855	0.4896073092641844	0.000000
-24.6035490058667108	-19.8284875999714210	1.000000
-16.5974846983811446	22.2871959119958483	1.000000
-18.0691572574111206	-24.6945204725681187	1.000000
-57.7915954408724488	-9.5614575086885676	1.000000
-49.3483179375878791	-8.8416847893946748	1.000000
-40.7012858796122998	-3.1395990900957336	1.000000
-33.8184129373497626	-17.4589925682518832	1.000000
-28.3366151494696652	-20.7649866171899120	1.000000
-26.3247190873671002	-22.7290820225917010	1.000000
66.0236122117662489	-4.5382304374900304	0.000000
64.2364679888332404	-0.8538226358044058	0.000000
67.8820353245345274	-13.1156657997841304	0.000000
-24.1058233358556713	-26.0602160676493995	1.000000
-31.5614293173131983	-11.9723974386921590	1.000000
-31.3145831165279134	-12.1579174127844247	1.000000
-26.9195569975858362	-24.3718368331659931	1.000000
57.0027924696027171	9.3953315128385064	0.000000
-5.4317389365990829	-25.5233656900671946	1.000000
66.8363974491945356	-14.7670413073119757	0.000000
66.2518647348561558	-6.4297037311354188	0.000000
-65.8200889473906301	-10.3334152020222607	1.000000
71.1021642719103397	-2.2472951311375224	0.000000
-23.4251408169151958	-28.1991838957123413	1.000000
-18.6673951699853866	-27.0013157852853709	1.000000
-17.6161779422430591	-26.6870537360171625	1.000000
75.6661399746039933	-18.6120690537843174	0.000000
-11.9520745545502010	-17.7359937970388444	1.000000
54.1007546241342325	-9.2541252807081218	0.000000
-9.6837820979874127	-29.6773890978217487	1.000000
57.6436055288853026	-7.7399736476970453	0.000000
-11.2631715581872580	-20.0211327606136464	1.000000
71.7116932739443484	-14.5965731945753969	0.000000
-25.0314405091818735	-23.4025666279109572	1.000000
-26.5519777349952868	-20.5088449136034576	1.000000
57.7115299078103021	0.3815941999849133	0.000000
-15.8580053274878647	-19.6749243761186570	1.000000
0.5241560135549429	-30.6157732071997302	1.000000
58.6108345070684962	-11.5527628311657775	0.000000
66.9379628640755300	-22.2980907902493684	0.000000
59.9775542704248821	-17.6168091848233672	0.000000
70.3950875332941877	4.2326202459606135	0.000000
51.7476714296103353	-8.8631400905124096	0.000000
-31.6519831205787163	-13.0571597128345207	1.000000
0.0284370051491022	-30.1687033650043901	1.000000
-33.0638876582356573	-22.7979629551821716	1.000000
69.2922981911998335	-2.4116604342983012	0.000000
-22.0256767776618609	-28.3031603903693600	1.000000
54.3350864656252455	10.2106499277599578	0.000000
68.5537020921573372	-4.7964757143404224	0.000000
-27.4939816244011546	-23.2242396069190740	1.000000
68.2819329642828023	-9.4467951062383957	0.000000
-30.7823000516972627	-19.0207804005358092	1.000000
-30.8009438433363698	-23.1933255503773310	1.000000
70.3883829124495435	9.1286583016689917	0.000000
-28.5116256069687708	8.0780381128429166	1.000000
-46.7428763616528329	-1.3002280620863640	1.000000
-58.8474541540114799	-18.0348435076421580	1.000000
76.3095973775139527	-13.9015178773083647	0.000000
59.3996702017346365	12.4968356879573168	0.000000
69.1434365170363492	-20.1530539750729893	0.000000
76.8548574500490815	7.7561412481481362	0.000000
-9.7108893952947746	-18.9978873421329872	1.000000
64.9282322266252550	-19.5803270748927609	0.000000
-56.7932741398453231	-15.2447467527825840	1.000000
0.1021620477915620	-31.5927192487280450	1.000000
-30.3175770779176297	-10.9369639649838781	1.000000
71.3460591070731454	1.2482523118629134	0.000000
-30.6835898247016203	-22.9979679664842642	1.000000
72.1573809943000271	-3.6042291530622985	0.000000
-29.9119168499657810	-6.9247344228111034	1.000000
66.5703514484965808	10.1943353404889052	0.000000
72.8874191803595437	12.6634285080423137	0.000000
50.7778886159386644	-14.0660400437468827	0.000000
-63.5855179517733262	3.3878652669732254	1.000000
59.5394024033699623	2.7327389578524026	0.000000
-35.9047778049548256	-15.3074352406310954	1.000000
64.8880684238458230	1.6623185625724091	0.000000
-58.0100998167690136	18.7874764891430708	1.000000
72.7572571422262797	7.8503838661870988	0.000000
55.7309994331016227	2.7182452201843814	0.000000
-37.6542800283855499	0.9449287468542485	1.000000
59.1701412556911777	-20.0143398275090121	0.000000
-53.8942616122925600	-13.4966138452014306	1.000000
-29.0964323109309113	-20.3252495861561719	1.000000
-18.2244416327689507	-26.8592225892049044	1.000000
80.7434580307141943	0.4999520212686728	0.000000
-16.2570127466880336	-19.4894254774953772	1.000000
60.0372629260629296	14.2660073306924158	0.000000
71.1669642696513733	-10.9159871949053144	0.000000
-44.9852939864680152	2.5575813967299879	1.000000
51.3788722552344126	-2.0824502988862625	0.000000
64.6540496552115798	-15.2986281226106815	0.000000
72.1618457177789878	4.2661609759990844	0.000000
-43.5812746287748851	-2.5272265134514869	1.000000
65.8323648975071052	-20.8178218441273337	0.000000
-28.2369575314978221	-23.9646446971435338	1.000000
49.9685200033252244	-5.4573535919227201	0.000000
-20.9208270480085403	-30.7744065830583722	1.000000
-34.4948717759882584	-11.9861761681093419	1.000000
53.8924162368267616	-12.5604932489271217	0.000000
62.5896026441850069	10.3185230563449384	0.000000
-31.2798000430003853	-11.4764196110195087	1.000000
64.7997512272217904	-12.3212125620266058	0.000000
-55.4621486910523913	-14.7206215165270589	1.000000
59.9572630864249447	-3.3767723000909613	0.000000
60.9966314208213092	4.0921169612269273	0.000000
62.4996267963131444	-0.0695517150086718	0.000000
65.2480460162659170	-5.0551722508517702	0.000000
-56.5094634393642465	-8.7110343964940515	1.000000
61.4936138497994520	3.2903226469527458	0.000000
-30.2705213112410512	-6.2594941739144261	1.000000
57.2931559867657327	-11.6960795118935241	0.000000
52.9811418195240122	-5.7750114212625894	0.000000
61.2455935740919344	10.1824055730733853	0.000000
-22.0479243716082713	-29.4428426269755228	1.000000
-62.4027434680982438	-19.1084838035991531	1.000000
49.6679338036108504	1.1227594385320532	0.000000
-6.4465260382523040	-22.8177973919437989	1.000000
58.0872301898000316	-12.4028767403615543	0.000000
58.2937844537733767	-6.2118006835417043	0.000000
50.9986278898707326	1.4410748158646347	0.000000
68.3741476965116988	-10.5398551947408166	0.000000
78.1539095940259756	3.6853552458229606	0.000000
-28.8987044486981617	-25.8024109968414059	1.000000
60.0910142693107119	7.8121954753112064	0.000000
61.9776829233042292	14.5828247501040096	0.000000
58.1151456395437407	-2.3245291625319160	0.000000
55.3138073790297753	-2.4748536870856581	0.000000
62.8117045346073795	-6.4295267062866612	0.000000
46.5292399690975103	-8.6871678779712891	0.000000
-47.2507875268425295	-2.3555252390677213	1.000000
54.9882236608404682	0.3455824736476771	0.000000
76.6572295919386733	-11.5217522900765577	0.000000
72.4181420503840769	0.7945815492258343	0.000000
-25.9337006234654268	-23.7032377764677378	1.000000
51.1081345896662000	-3.3087444645279502	0.000000
-23.5394084935265901	-28.2558523687819978	1.000000
71.9266440499751525	-17.3173226182595457	0.000000
72.1320484251656779	1.8215904506874074	0.000000
67.7111742028102555	-12.0533083829805676	0.000000
-26.5935096610257240	-7.1074349090018449	1.000000
53.2180199001037408	-6.9988464716532386	0.000000
-6.3276812610085793	-28.7166086747939602	1.000000
69.4575013136270911	5.9729423598277922	0.000000
71.5267699210736225	-13.3644469660978533	0.000000
64.2815463955230797	-1.8238504832635309	0.000000
66.9223063248568906	8.9951598841949227	0.000000
-15.7308712679058385	-19.1605035977564420	1.000000
64.1517942634698386	-18.4289384500012616	0.000000
73.5581137242696457	0.3449388381374577	0.000000
52.6952620793793258	2.8305511706196955	0.000000
63.1177799414429188	-14.0457905880562279	0.000000
64.4461848753939108	9.2420678384685679	0.000000
65.1705922094922272	-4.1208633217652091	0.000000
62.9012797868795630	-7.3217685763538700	0.000000
71.2184165521911012	13.4202888284870347	0.000000
-35.1992282750340664	-17.2011967462587982	1.000000
-62.6236116441895732	-21.4308527453167024	1.000000
79.2141485965476306	0.8883524613234434	0.000000
74.9833064246347050	6.2184132373118199	0.000000
-14.9777404033907970	-19.1070076691934609	1.000000
67.6364268227328864	5.6274359779002747	0.000000
70.7870984113420860	-0.3476207213579522	0.000000
55.4375333341125796	-11.2065361159882322	0.000000
-65.4497802237795412	-19.4104594199475535	1.000000
74.1222897604035467	-19.6696793346355001	0.000000
58.7069755545860588	0.6913713712770012	0.000000
67.5514884145191132	-11.0398891755526734	0.000000
62.4605196486419061	0.8144127410038867	0.000000
-57.4018343615453333	-8.9536045907938018	1.000000
68.6077497288991793	-5.7552081047099835	0.000000
60.7550867571306767	-12.5257639050886205	0.000000
-20.4471226264081949	-31.5707570158486810	1.000000
67.8398795329635504	4.4928022049912366	0.000000
-33.3432172210985343	-14.5978011087126571	1.000000
-4.5037296866335792	-29.3368652768855220	1.000000
77.3585441052812683	5.0472869176424622	0.000000
74.0671567214893685	-2.6551109982196248	0.000000
-11.7212816044146937	-18.2736971244007194	1.000000
52.3336791633446836	-10.1790247534312019	0.000000
81.2244552734379823	-3.9056101769382066	0.000000
-49.2971836505060921	-7.2323604415208651	1.000000
77.1919924885619366	-6.8060584199840113	0.000000
-57.5410520617598777	-15.3863397760202609	1.000000
70.2306389248037419	-2.7961682278506399	0.000000
68.3218175752077173	7.5534360197943009	0.000000
64.2876306445780870	-2.7633090389485808	0.000000
76.2521815002454844	-3.7856190203319806	0.000000
-35.0724883246941630	-16.4580984879806422	1.000000
54.2712708522724299	-11.3658262539380512	0.000000
-53.2602142089966435	2.9533320678176564	1.000000
68.3773723963624462	-2.0144896149597793	0.000000
74.5076365562516827	0.8750646832882788	0.000000
54.3153582204742236	-7.2488189638523988	0.000000
-6.0910270349226128	-23.8502026421911353	1.000000
82.2442302710662432	1.4618287847557618	0.000000
53.3193754136295439	-3.4780724652572590	0.000000
63.3504245495989124	-19.5605265863321947	0.000000
57.9718274132240978	8.4803182045912493	0.000000
64.1132677685187389	-16.2969177600235433	0.000000
68.7123513951297724	-6.7852606410466487	0.000000
-25.7625183363993067	-25.3433923551541369	1.000000
-27.9966736545343551	-5.2165822562115940	1.000000
-31.0526615749569075	-11.7551620101255807	1.000000
-36.8762911624323309	9.2035040102895245	1.000000
-55.2268910597986320	-10.8150819307888622	1.000000
2.2159511044730098	-35.2906883371545277	1.000000
69.1450117771710921	9.6047623872461276	0.000000
-11.4688038326508241	-24.2753720129732535	1.000000
74.2074973869603980	-15.7556335644649774	0.000000
47.2853730743027256	3.4819175144451040	0.000000
-50.8230905489154168	-7.2273309077393435	1.000000
55.9749919512807281	-13.2415332367001835	0.000000
-53.8844749290598202	-14.0070114530117049	1.000000
-31.6112803546986676	11.6375048743823708	1.000000
-11.8459132319256337	-19.8229093809322627	1.000000
53.1816232744405468	-18.7141508417749272	0.000000
-0.2192218807492263	-30.9008218546175044	1.000000
55.2528356343367548	-3.5074943684175377	0.000000
-19.2394340658352903	-21.0541628068017523	1.000000
61.3168170289931567	7.9697727760520785	0.000000
60.4850140545692270	-11.5478475687231334	0.000000
-35.6394545339328204	-15.4703929789707555	1.000000
-21.8114554980943822	-29.8397683415159847	1.000000
72.0166803024955868	-18.9060290642627997	0.000000
76.3990032626497850	6.3420089629721890	0.000000
-35.5682981504457985	2.1674539386371365	1.000000
67.5673436008065664	-2.5449532608540175	0.000000
70.3123794004380329	-4.6555017060912949	0.000000
49.2549374860998270	-7.9832548276152000	0.000000
-38.6262264155158661	-21.5820467081053522	1.000000
-32.7375154542232352	-22.7897944019919514	1.000000
-62.0402624354154568	-18.1779291410610995	1.000000
62.2837721845277912	-8.6230440252581584	0.000000
-2.8015369499903833	-29.1028912857309372	1.000000
69.4132138291784742	7.1483008183019949	0.000000
57.4292613004126693	-6.7476306381702527	0.000000
72.6717869921773314	-13.8938190172168206	0.000000
70.6303969726274232	-8.8019658851884284	0.000000
61.5474345168042802	-11.7638728328502573	0.000000
80.3224835057942386	2.0130232610740233	0.000000
-24.0018353158768782	-27.8219630891686371	1.000000
62.7167201820471476	-18.3076566271482797	0.000000
61.5032391102202212	-9.1782364422643070	0.000000
70.2878745040261208	-3.7230735779598518	0.000000
-29.7118914066012891	-6.7931459105989909	1.000000
65.0641694757210303	-1.2782873362206284	0.000000
-55.9325964903995683	12.8907396094479889	1.000000
71.2367835400060443	3.6448259152985947	0.000000
70.7366272134598120	-16.5739508497318617	0.000000
-43.9709468610193071	-2.3029508690607399	1.000000
57.2825035704951802	-1.7092766684850822	0.000000
58.9871155087211605	-12.9117318613828296	0.000000
50.6691978362968811	0.1024919570136044	0.000000
60.8911147178575263	-22.1842681443393097	0.000000
64.8752121415344476	-8.2836264332396166	0.000000
-44.6661584520282631	-4.1145952166593984	1.000000
55.9345356629660984	10.9630207507050326	0.000000
-44.6386380906744549	-3.2162772985240573	1.000000
-2.4428497499921464	-31.3881448257061741	1.000000
67.3770057816220458	-8.9292117273016967	0.000000
70.6209114259749100	-13.9945731185294786	0.000000
-58.5515467159806988	-17.5154622777688758	1.000000
69.3654837408982132	-3.3349163731961986	0.000000
54.0189330637731828	3.0650946079149519	0.000000
69.4087738551452702	-18.6090550638178307	0.000000
-51.0979071897120107	-4.6879424668752980	1.000000
73.2822378959002236	1.3471708266783993	0.000000
-18.1259219227553885	-27.5298452942695278	1.000000
74.8323930279526621	-10.3884325978263252	0.000000
-22.9735626527330830	-28.9035008224057606	1.000000
-26.8712249368570539	-24.4880968161524919	1.000000
-60.6547760740146202	-17.2285076152242915	1.000000
66.5586413579034968	1.9376009860194559	0.000000
0.8504120789886100	-29.4438858521676039	1.000000
50.5317556502224434	-8.4712639552291300	0.000000
61.3384317095090310	-18.0137881980745931	0.000000
-62.9285294800425135	2.7374150661303522	1.000000
-8.9850157096028394	-20.1833464774690086	1.000000
-38.7198937278163910	-21.3528219321277355	1.000000
-0.7327496284635667	-29.8106155684800207	1.000000
-48.0854345487563819	-9.3367314272773410	1.000000
-8.7989877603900695	-21.0020147140346864	1.000000
45.8839681253324585	-2.6138409958895190	0.000000
-18.1176112417163679	-25.6028682620816497	1.000000
58.5077548958897324	9.6754852214974605	0.000000
-5.9483839665717380	-26.9129214702385404	1.000000
-12.6524651818379272	-19.0495071435552710	1.000000
2.7453640580043941	-33.9096204763964906	1.000000
-12.1694871223348855	-20.8721101151114290	1.000000
64.0890068494602900	7.1776186986407495	0.000000
-47.1954454012677331	-2.5314756743478517	1.000000
-27.6705938461890213	-6.2985346450627606	1.000000
-22.0879522448474788	-29.8366335725431675	1.000000
64.1653735080609948	-11.5835203149919952	0.000000
-0.5814670877935554	-28.9614321849805698	1.000000
79.8504028810332613	6.5520425621798211	0.000000
70.3029963229142822	-6.5973343601601240	0.000000
70.1911128895532244	-10.4285351928322623	0.000000
62.5836492532539097	3.3551650433908313	0.000000
-51.0854805952563567	16.8397800493331964	1.000000
55.0750079442919258	-12.3557102818371014	0.000000
56.0507370556304991	-6.6168019822446462	0.000000
-19.0888319537294606	-21.9240123564161316	1.000000
81.6240762572156626	3.2377429043288761	0.000000
-27.2141135584035965	-8.4025861353103561	1.000000
-59.3353197503371064	-8.3074218980819570	1.000000
-6.1492421218361919	-27.8142630232936980	1.000000
-20.9825348674697523	-30.7108771293650307	1.000000
63.5476324378018802	-15.1687814167979855	0.000000
-9.2671740819563837	-21.0233423716250201	1.000000
54.3138283401410291	-4.0536831559267918	0.000000
57.0056927814817556	-14.0471285141833118	0.000000
75.8253123095051507	-12.6197896975987138	0.000000
-41.0723204841758900	-2.2032208968814824	1.000000
56.2592614812121852	7.0255769067907758	0.000000
-7.9705533389367540	-25.9583276257943716	1.000000
57.5625280345768573	-5.5690216267375874	0.000000
67.7454124503491926	-5.3468489927538023	0.000000
62.9572816114149276	7.1475231639777332	0.000000
-28.0667150375787173	-17.8657375305173325	1.000000
69.6762928349130846	-14.5779324823675367	0.000000
-30.8148279783077008	-23.9074167700929543	1.000000
60.5470862318196481	-15.5813746210579538	0.000000
63.6502741881382548	3.2750112456820881	0.000000
72.0869286616866276	-11.5222809507164232	0.000000
66.7665303350753589	-3.0751870151698029	0.000000
-56.1362080494018585	-15.2140131885821468	1.000000
62.6247048659922427	-1.0404263932611069	0.000000
-7.7915269729344878	-23.0767569241084871	1.000000
-57.1831851701656717	-15.5523472296966467	1.000000
-26.0013937520947245	-6.9214698606603609	1.000000
-63.3800270991546242	-15.1405096287105145	1.000000
50.3964869584359789	-1.2524336378666072	0.000000
-54.5913214877033468	6.9524908398892924	1.000000
65.0362386336537099	-11.2197703313451953	0.000000
65.9039659504898907	-12.8795419304576360	0.000000
-19.1374432444511413	-26.8231532959981216	1.000000
68.7404997416224575	4.0631652223099781	0.000000
58.9954971096682783	-2.8833746594565390	0.000000
-30.2602323909161157	-24.0310072637877568	1.000000
60.6645185354675647	8.9489440952208934	0.000000
77.1152277132391362	-17.4205778900410628	0.000000
63.1054942128490097	-8.1929037409109675	0.000000
-9.7422015050355295	-17.0626183374451017	1.000000
-2.9214175669564639	-28.5937156252579605	1.000000
-32.7804477489110013	-20.2322940914140652	1.000000
78.7190227207767776	8.0661079783238474	0.000000
59.6393028459446555	-16.3768290609062959	0.000000
-8.6685903116669127	-19.7249203035978731	1.000000
62.5866503289949918	12.9450510204481546	0.000000
68.8539113881408440	-7.8301325222564762	0.000000
64.4624244450539976	-5.5365213759126410	0.000000
-34.8131590261209851	-15.6978831969076307	1.000000
71.4558972839432869	6.0575985791909455	0.000000
65.8658170285690687	-0.7198112099669088	0.000000
56.4324971566590534	-9.2585173365376878	0.000000
71.1623601943794029	-7.0232369548159603	0.000000
67.6318193623323793	-3.4759046086692464	0.000000
71.8409700055136540	-15.9016019701050446	0.000000
66.0415310682971182	8.0480793468739709	0.000000
5.1819861752947363	-35.5394231082512704	1.000000
-11.3214420763426133	-18.9575392443346793	1.000000
52.3472405621433126	-2.8169617566439400	0.000000
65.7715094166381391	1.2934607334690398	0.000000
51.4147508629335945	2.7571102860835199	0.000000
-28.8210053560357160	-10.9357988913728548	1.000000
69.8244857166752837	0.0691468898103565	0.000000
76.9714336565437378	-8.0003198142235519	0.000000
70.4508310422990860	-7.6851009468788725	0.000000
-60.1270299879112713	-8.3378054970280040	1.000000
-58.3031581773756002	-7.5566033671176411	1.000000
52.2724622361133058	-13.9974103230485998	0.000000
-58.5895066637578950	-11.6834301527941253	1.000000
47.1538768271675437	-10.5854207634618582	0.000000
-66.7019884940197869	-18.4409738505792440	1.000000
-46.7953570088324398	-1.1465348778989277	1.000000
-33.7181282513804561	7.2036246286530092	1.000000
77.9571220410710879	6.4254722501176094	0.000000
-68.5113717423314625	3.8903822293078423	1.000000
77.3235300458383819	-5.6143535625708081	0.000000
-27.7160627426172255	-24.9714595745600931	1.000000
78.0558195618657038	-11.5010827439346155	0.000000
-2.1764855896973305	-28.9927636153476307	1.000000
69.6649078595871316	-15.8478329433141880	0.000000
-68.8639744079381160	-4.8637254533219627	1.000000
-57.4540897881877797	-10.8290940642386051	1.000000
-18.7749829329208815	-25.5810012830017399	1.000000
-55.0889018811926050	-12.8181793264964483	1.000000
64.7139387769180416	-7.3525956539656478	0.000000
-12.9670466760764374	31.8536142326139959	1.000000
66.5893972807870682	-9.4097054772095046	0.000000
56.5355138371972643	8.1922588263148111	0.000000
-8.6466375391045354	-20.6839683149942815	1.000000
72.1780684150818530	-4.5540822661717710	0.000000
76.0228832454351249	-7.0994411076404065	0.000000
-11.0995124264096159	31.3379973909748557	1.000000
74.0916637822481192	8.4177668587046011	0.000000
57.0525675781606623	-12.8604456141021455	0.000000
72.3976173102387719	-12.6904499778501361	0.000000
69.6559490287162362	2.3368132272449187	0.000000
63.1642336073803321	4.1900866566306627	0.000000
-62.2819993692980987	-20.3543131926626870	1.000000
77.4387439989373831	9.4683392534888995	0.000000
-44.5665655177368336	-4.6086253731613036	1.000000
67.1324833725931711	3.7396867026565848	0.000000
-64.6482071874027042	5.1423166760911823	1.000000
69.7377886004365166	-8.3038698461222857	0.000000
59.0682876237056220	1.7583912457410209	0.000000
58.4633314178868488	4.4012692005109466	0.000000
64.4422229452429889	6.1908072181711491	0.000000
-57.2781238697480646	-14.5320572174994815	1.000000
-56.5497618601237164	4.5009685129131851	1.000000
-68.8708642889664304	-4.2649981204651128	1.000000
54.7087815837689320	-16.3327395476501458	0.000000
-32.1382917337315490	-11.7135961138397082	1.000000
61.7482877958707306	-1.5421563584898135	0.000000
75.9678873946829754	5.0851360721220837	0.000000
71.4934592048871593	11.4751020325073032	0.000000
55.0242906780862100	6.7886193867440543	0.000000
47.8312664604795827	-7.4311807840145363	0.000000
4.8127061196026117	-35.5642612765979109	1.000000
-47.1591170098970025	-4.5672647119641683	1.000000
-47.6693237123475697	-2.3975717958925240	1.000000
-49.8601780394687637	14.8205765367825055	1.000000
73.1392454193554045	-5.1226247125778395	0.000000
-0.8168329408159243	-31.3301651751770365	1.000000
72.8496113689232203	9.2134977560487474	0.000000
-28.8128994983090898	8.1264499102099137	1.000000
78.4099945301633312	-6.4273213457573641	0.000000
-53.5311281927920959	7.2614998510385202	1.000000
75.0227242412765776	2.8443302494664318	0.000000
69.4080957244628536	-4.2596213249792916	0.000000
-60.8259311257254822	-6.3851666067141162	1.000000
-11.1978477445183291	-18.3157830176103040	1.000000
62.6001716366657135	-1.9579625285526521	0.000000
-54.4661575459709297	1.9705456590023516	1.000000
51.0801055452384389	-9.9417724553537283	0.000000
78.3603525141973876	-1.3448438967173852	0.000000
-49.7186922833511602	-5.7998364317932412	1.000000
-18.0251364379280368	20.9183469314809329	1.000000
-50.4985228590436819	5.0551496088301553	1.000000
61.7806052475215211	-12.7986479276292613	0.000000
75.7948275292613545	-8.2097162426755155	0.000000
-46.2627916866190603	15.8201742815050075	1.000000
52.5047416622652818	-1.6050774586773811	0.000000
-47.9078558456104062	15.2550777915059097	1.000000
-28.4393980729346225	-7.2475945085288132	1.000000
67.8693189685264713	9.9605785413356411	0.000000
-59.7667393975553551	4.0628571468103347	1.000000
-50.2471174951816266	6.0019249842273510	1.000000
50.1585140772370508	-6.9551102511109848	0.000000
-0.7949562690198919	-29.2108160730637074	1.000000
-37.4450100629816447	9.3134707681130493	1.000000
-51.6755904332801848	9.7803581367023149	1.000000
77.8618606046176467	-14.1957651825810274	0.000000
66.8795903923419104	-4.9457268853851826	0.000000
75.4570414240556744	-9.3246359441913569	0.000000
-60.9362752058539883	-7.1992620804344343	1.000000
-36.1392896500692373	3.5308596631235889	1.000000
-46.2701346856685163	16.2730241081328479	1.000000
-25.9777397735400086	-21.4790132566941061	1.000000
62.4539695824678134	-14.9791765273003215	0.000000
-37.2864284483426971	2.1720936784230003	1.000000
65.0466193928744900	-0.3166054763135046	0.000000
-43.8220677586402374	-4.2470899633391488	1.000000
56.3773413640831151	1.8908920290734319	0.000000
-7.7553453070776035	-21.3253073890611908	1.000000
65.6012729554351921	-18.3646357274440177	0.000000
73.3527234351135604	4.7270783365644160	0.000000
-16.8269319229457999	27.4869796129826121	1.000000
-8.6497811496162473	-26.7910871009926943	1.000000
-53.0367517618444708	7.5179407869785901	1.000000
62.4847005661994288	-9.5753264416113044	0.000000
60.5382480529380231	4.9405943111112460	0.000000
-48.6642155165132095	-8.4975668805115649	1.000000
-30.9747105556881444	13.5647135762244755	1.000000
-49.4715930337680021	15.6096480476554156	1.000000
69.9827788348195838	-0.9174168115938433	0.000000
63.2611976944879757	-9.1311573130445325	0.000000
66.1132457625670469	-5.4848766309853785	0.000000
-50.6778632066171184	-7.2679954202144730	1.000000
-28.9851779721792084	-5.2178482847915726	1.000000
-21.5320022197719751	-30.4551623816231256	1.000000
2.1245831437409888	-32.9045449966573642	1.000000
52.5639891586567671	6.6050195317366525	0.000000
-8.6382384937526133	-26.9051968554226590	1.000000
-29.6128505370355484	-7.8695801652649555	1.000000
-47.8187054460923093	5.0363344681433837	1.000000
72.9654198435084282	2.3754938389562397	0.000000
-31.7316468685355737	9.2125965350644510	1.000000
-27.4536176853721159	-23.0817257991337321	1.000000
-10.8097378228497796	-19.7276567411968848	1.000000
71.3019822802436636	-12.1684960065927505	0.000000
-32.7198001467538973	-23.1206457868883248	1.000000
46.0996593546919371	-6.7225920957928995	0.000000
1.5695847148150535	-32.5110993043406680	1.000000
59.9092726473679065	-2.4866514369474735	0.000000
63.7358680495145862	-6.8773365412683285	0.000000
63.4611932794513933	-1.4180238397383187	0.000000
-46.6270754091219857	20.9352292143316490	1.000000
-57.7999091726596887	6.6524464402888253	1.000000
66.8925495868437991	4.8449662550910100	0.000000
66.6126587269088759	0.9029597305509780	0.000000
1.8579380205254930	-32.0549965620794026	1.000000
60.2838094137003964	-7.9737410345872819	0.000000
49.0520543313528492	-1.7457283166620894	0.000000
-46.3466369441466597	21.4570632210593146	1.000000
75.3955863668860786	1.7092294787369586	0.000000
-25.0850175909433304	-22.5658663435914981	1.000000
-33.2868851377691826	9.2418931525148125	1.000000
-63.2407535308982816	-14.7323152902157410	1.000000
-37.2127238706877606	3.5017092297485366	1.000000
78.4815212458610176	-2.6102756798584710	0.000000
-14.1451970937952360	29.1348478724460911	1.000000
57.2228846500213066	6.1588696513837373	0.000000
-11.1405895970799023	31.4827395344878411	1.000000
5.1673086984193262	-35.4496559398439715	1.000000
54.2762885765505771	4.5279088102499205	0.000000
-52.4032869643782107	6.3100982531430834	1.000000
56.7841569154828463	-6.0243977467818919	0.000000
-52.1540464895018872	-12.0714183026154736	1.000000
59.9854332241046748	3.8252148566479560	0.000000
-49.4770350551331006	-11.8963817863278596	1.000000
-47.6109450238550096	-7.6888192973852822	1.000000
70.7109725402810625	-15.2496047457735884	0.000000
-67.9114069075605329	2.4845064302905806	1.000000
-27.1917981533928312	-22.8489537008580363	1.000000
-29.3881331584454699	12.2244919199462210	1.000000
-45.4825662060320397	-3.5222060506130108	1.000000
60.1347574948550445	-7.0663950993616860	0.000000
66.1280745457816153	11.4847264754158545	0.000000
82.6531166294708441	-0.3523571387503763	0.000000
66.1441332686057706	-17.1884009548872356	0.000000
-64.6303695807548024	-13.8564618952774516	1.000000
52.4543408390414925	10.2452931980661290	0.000000
63.3905766713903631	-0.4507838348589701	0.000000
-10.5016706567822613	-19.4181617298003850	1.000000
59.1449414761598362	-0.9844954813691442	0.000000
-57.7372549526923962	-10.8139000953451667	1.000000
61.8130833354735003	-10.1659680715979004	0.000000
-48.4184661057684025	-1.9578484750107334	1.000000
-34.4238433841141500	16.2217860312192030	1.000000
-67.1140766942991149	-18.5484939747743312	1.000000
-61.2565969436368647	15.6250220947804515	1.000000
-48.4704955770682773	22.5784641348078985	1.000000
-27.3033744205497797	17.0567136859658888	1.000000
-55.4309133291806262	-12.1646300687528832	1.000000
-12.9199606535545222	-21.2579491639354217	1.000000
65.6925074980077284	9.1611582342798652	0.000000
56.8835028515659857	2.9339372526562424	0.000000
76.2463484404154457	-4.8841930060509569	0.000000
-32.2762869287335903	16.7829769206692063	1.000000
-61.3895992608935046	11.0401781242139023	1.000000
-18.0223156923724019	21.0569469890885763	1.000000
-4.7867238532381373	-29.8453919071250517	1.000000
-65.0689512464385871	-14.2507930444232329	1.000000
76.0160175882968900	10.7246999222531052	0.000000
-33.4321145272476272	17.9732231842910011	1.000000
-27.2287190789199371	10.3606690203108052	1.000000
63.0737826510888553	-10.2711741256343938	0.000000
-34.3414901412480376	15.1386820867655949	1.000000
-47.9320988907025978	20.7154562783613052	1.000000
-27.1212208061997266	19.2053535898285332	1.000000
-15.3964079880172182	30.7866125153444408	1.000000
-16.6852611553924994	29.4954111569487516	1.000000
-37.7206181309125554	10.2749680308274769	1.000000
58.1772568630871731	-14.7052710320239317	0.000000
63.9111669750465836	-7.7564180951861017	0.000000
61.1051074861660766	-7.3987929146462923	0.000000
-47.3339412548756471	-8.5661213023125047	1.000000
72.0367626266400833	-7.4962098574802694	0.000000
-30.6237367559324483	17.0177157188713473	1.000000
-16.6933557546139291	21.2941932825690969	1.000000
0.1357241553055367	-31.0679198606154969	1.000000
68.5132862110604037	-3.8670404635714180	0.000000
58.8376053967928812	-21.6569785323023751	0.000000
60.4254092585636755	-8.9477477732735391	0.000000
63.1877555451990531	-11.2438659803418854	0.000000
-16.8607623914752338	22.6044994520102058	1.000000
-46.3488430183183624	15.9843535700902262	1.000000
0.1273705368375478	-30.8073389991515256	1.000000
-13.8715566551970166	-19.6604193069237212	1.000000
-31.4401630873574014	27.5830698443439708	1.000000
-48.3601584868484693	16.0408127593707412	1.000000
-44.4822410835563389	-0.5668811563490698	1.000000
-44.7404494054830053	2.0667375880063594	1.000000
-37.2534825346620693	9.3613625392102655	1.000000
-54.7883091639929773	2.3739421005872305	1.000000
-12.2835383088339398	-20.8580272709046852	1.000000
-17.8491087343247479	26.7917129824214371	1.000000
70.4582075308404256	6.6447583604140794	0.000000
-54.9300805673477228	13.6982995164524421	1.000000
-45.7637028127974830	17.4611175951972584	1.000000
-16.3767012834200401	30.2970134308602326	1.000000
-42.9483065244020707	-0.3863648505737315	1.000000
-62.1038200670176863	6.9376697744677829	1.000000
63.9704611278209470	2.2053052080711164	0.000000
-18.2202721867683692	22.1274756567190316	1.000000
70.1289829304242431	-1.8655035492074632	0.000000
55.0322909695844658	3.5748611752026016	0.000000
-8.3531863837040934	-21.7348429236785314	1.000000
65.8788276917864550	5.0987663758705439	0.000000
67.3876206946887351	1.5277160593370744	0.000000
62.2942505888645073	6.0335710667479825	0.000000
64.0713089513872234	-8.6796216883495756	0.000000
-32.3167142758971622	7.2152398452914994	1.000000
-23.7703367887314556	-19.4829408881405683	1.000000
71.5726764222865341	9.9168613330608064	0.000000
-52.6564658926543032	-4.7223402052193473	1.000000
-15.5749929801871243	-24.6701256188734241	1.000000
-3.6746150387332484	-26.7218414685082060	1.000000
51.5571606686869259	5.4263768446146985	0.000000
-23.9393343544390618	31.6886412361263154	1.000000
-32.9095414676872835	-19.5899939653042203	1.000000
-28.8598967022830060	-8.0945363666136352	1.000000
-36.9424253490495431	11.3853000036614596	1.000000
73.1451257449979408	-4.1295793405795997	0.000000
-65.1820307524987044	-20.7955088778606232	1.000000
-9.7386457306656649	-21.7525865569521422	1.000000
56.0738795874696763	5.8348875233579722	0.000000
-10.9904819593000589	-20.2344054450056490	1.000000
70.2545169741563029	10.5045007071578240	0.000000
-54.7181504347640058	7.3644807665440082	1.000000
69.3120879172305990	8.3469593336435501	0.000000
73.6451479237462081	5.8674595659580904	0.000000
-16.8203877092717953	-20.0398117388198429	1.000000
-11.6982225014795631	31.7556258666848237	1.000000
54.2606147436388540	1.1192090449499315	0.000000
52.9358896398017009	-9.1236635216526132	0.000000
-10.2961330601804235	33.0639685898307008	1.000000
-69.3949508807986462	-10.2474570847536128	1.000000
-9.5629060128546612	35.0387362887283942	1.000000
64.3207253096533975	-3.6916168603074500	0.000000
-68.0999260411833660	1.1681328820183716	1.000000
72.0899488782331161	3.0350619786004613	0.000000
48.9208655436055366	-6.3668357421551152	0.000000
-55.2788800431042020	-10.7103690000042810	1.000000
-58.0185644233023865	4.3303863601418575	1.000000
69.1581692343925596	-9.9977917466110835	0.000000
-31.5219255707657346	-13.2295907573479745	1.000000
-65.8972144111076403	0.9473781030140922	1.000000
68.1298956709213570	-8.4012260001219961	0.000000
52.2563342986895947	1.6623954639606771	0.000000
-65.1903686483004776	-16.7541587142239337	1.000000
81.0308713639495721	-6.8630254712084131	0.000000
62.0662587814110509	-13.8752780229762429	0.000000
-18.3958902714099466	21.4693630666028845	1.000000
-57.7200939773698636	3.7292347873868397	1.000000
57.1872163721049134	-3.6635659997974677	0.000000
58.9672530122536642	11.0073602205715986	0.000000
-13.0117190102236968	31.7241899858504652	1.000000
59.2408042444641723	-6.6494668920476494	0.000000
73.0894986451021680	-16.5659902246056170	0.000000
-58.5692707086987454	-6.1179687445343793	1.000000
-66.4503575551393624	-15.3835577267156562	1.000000
-66.1289568321997621	-11.0869469476234173	1.000000
64.1876161081238337	1.0893598167287246	0.000000
57.8728267913060606	-10.8421836712453388	0.000000
-18.3181342103274893	21.8273024433102378	1.000000
-31.0789800158752243	-8.0896112389054142	1.000000
-42.1186600574778680	-2.1158851431327328	1.000000
-15.2480748368253050	29.0689862069098091	1.000000
-34.2711492086479197	5.7160878208189505	1.000000
-49.4472293579837014	17.2826016882299776	1.000000
64.9664804980915846	-13.2669747428486495	0.000000
-17.6647642990737168	25.7907441366274348	1.000000
59.2859265328737663	-7.6403703525227691	0.000000
-7.5347809456412644	-21.9518537903816942	1.000000
-30.7634961462180030	15.6752455249811327	1.000000
-34.5255136278140782	8.3810051188266250	1.000000
-28.9636174917304423	-7.8444418456196168	1.000000
75.3371609170801264	-11.4599525632311590	0.000000
-27.2521469502471696	19.2300731037484276	1.000000
55.7295789311237897	-0.3710265054040228	0.000000
-37.7031247919326020	10.9269561438526175	1.000000
67.9996885013863022	-19.0897322356596000	0.000000
68.7345457675438780	-13.8667457493190369	0.000000
68.1301491716196637	8.7279724415315609	0.000000
57.4698031518735206	2.1482068529257412	0.000000
-32.2992739921333438	21.0987914677160369	1.000000
60.8093435383140744	-9.8146324715194542	0.000000
-35.1014747065500075	16.5422419360221937	1.000000
-16.0257421087405838	25.8744533539373087	1.000000
-29.7974799894536027	8.8345563701053891	1.000000
-67.0013869424934825	4.7660340225707092	1.000000
-28.9976853665106233	9.8298447692288597	1.000000
-49.0872842376818284	18.2115055464300539	1.000000
-38.3800736385920658	11.9009110221921866	1.000000
73.7862040973278823	-0.6518182807568889	0.000000
-24.1707918895336427	-24.1852043314652363	1.000000
-6.7046979577123462	-27.2457242396098067	1.000000
56.0411592691753953	12.7555468562159806	0.000000
-29.6729228980945692	-10.9056313943816594	1.000000
-22.2863680391608519	-15.4688094957228284	1.000000
-50.5225176005344352	5.4124191816890592	1.000000
-43.5592733249553206	30.2292253168751621	1.000000
-31.8386962046019022	9.6579644821970838	1.000000
67.4162312177494414	-16.8638652128765791	0.000000
-9.3410804723168610	-29.7856585276465076	1.000000
-56.7377941217680331	26.9868657062519581	1.000000
54.6697124587801966	-0.7553402819640719	0.000000
-18.6114653342835012	21.6785037783937682	1.000000
-29.5846461663431839	19.6783849810531031	1.000000
-23.7823440448756891	-19.6067159685757666	1.000000
65.0271803185341213	0.6508720638198400	0.000000
-48.0192430474222149	19.7681209765571637	1.000000
-33.0729906489625165	8.3737034887324437	1.000000
-51.3796887075712903	14.5831006319759808	1.000000
-8.0887548265656317	-23.3312218076744671	1.000000
79.6076615993806627	-11.4255040032198405	0.000000
67.0712816139682104	12.7905359402064693	0.000000
68.1781315003841968	1.0508683016919658	0.000000
65.6950149139805433	-8.8670433095866237	0.000000
-30.3619829688014100	13.5238754246694359	1.000000
-49.0637137696060890	5.6444076239547893	1.000000
-30.4089019619964596	18.3031522694039737	1.000000
-11.0712135528429290	-17.4287742528853400	1.000000
-34.0523576492366544	8.6300604408713131	1.000000
-14.6608734806872736	-23.7252993386077300	1.000000
-18.6510492919678654	21.6789088467264257	1.000000
-31.4926627865747761	12.1750189266378115	1.000000
-63.3370325828161072	10.4613426731693853	1.000000
-60.5335302197221097	16.1916010890155277	1.000000
58.9819264322650270	3.5448061519676868	0.000000
-49.9769723460912161	15.3219714431695806	1.000000
-55.7325024574049337	25.2151668212499800	1.000000
-10.0890220275000235	-17.8534023543257518	1.000000
-53.5787816925365519	9.3710456351412841	1.000000
-12.3980196497916619	-19.2227549853910524	1.000000
-25.4085362993133934	-5.7617543221137071	1.000000
-26.7419012679524322	-4.2009600081502700	1.000000
76.1975134450134561	2.6949342605566238	0.000000
-33.7391456666603773	-11.2129207364316557	1.000000
73.4004378310620638	-8.8020810120107598	0.000000
-23.7834579522477583	29.2398402937858108	1.000000
55.3910978588696850	1.4541826951444696	0.000000
-39.7428537051357083	-3.1257918204517710	1.000000
58.4032527174295382	-0.3228804959393673	0.000000
-43.3406563995508023	-4.1041737564028695	1.000000
-17.3108931797431502	25.5899393784346252	1.000000
51.7953546828831293	-11.3372918319130083	0.000000
78.7901676612001438	2.2801864426124192	0.000000
-43.1568689484776158	1.4027589389488169	1.000000
65.5355047035930625	6.0962468984887765	0.000000
-44.7855651390721761	23.5681050590069923	1.000000
65.2562457749958611	10.3263782741988912	0.000000
-65.0852271199708099	-15.1562628195538487	1.000000
65.1209947610321507	-3.1878667007256287	0.000000
69.6261056937973137	-13.3431583977523278	0.000000
-50.3195111687135537	14.6290088994701843	1.000000
-27.5208791894133533	-4.4162088918734188	1.000000
58.9839069038279575	5.5680471572948500	0.000000
-27.1082496252510694	17.5586544745747268	1.000000
57.8972591854345069	5.2739627350386673	0.000000
-0.6209034929260049	-27.9351792296177415	1.000000
77.4411688042135324	2.5047678743165194	0.000000
62.6897296440826395	-4.6493630075030064	0.000000
-33.3252822563616107	27.0221786880385721	1.000000
-38.0167440089313189	1.8373177580112936	1.000000
-47.4806113159927676	30.1957691282191334	1.000000
74.5035879834229178	-17.3167087928745644	0.000000
-58.3559130562336534	7.0985076612864360	1.000000
-50.7433147687062274	-3.7767312007348659	1.000000
-62.3053580805482667	-14.7874072909453993	1.000000
53.0942991732627334	0.7870521082406042	0.000000
71.5572281181154892	7.2644971607280056	0.000000
-30.2277785376023331	14.6449678193177455	1.000000
-58.3576019186244110	-10.7631805440071560	1.000000
66.6108266423118636	5.9128048744756958	0.000000
64.5541292506440669	-6.4520474313534750	0.000000
-19.3725529270191110	26.6629225556345482	1.000000
-20.0060655042403326	27.3037791414544806	1.000000
76.7840859723613107	3.8211568721914064	0.000000
-26.9144349054928860	19.4535483720150673	1.000000
-48.3770863986234190	-3.0655508228397030	1.000000
49.4137438272511247	7.2545254516973863	0.000000
-52.9444952561350490	6.9747852307741978	1.000000
54.1277539613628136	11.8774518564467257	0.000000
-7.2805328248195584	-28.5060047707839388	1.000000
-49.4332949816820459	-9.4702597134451452	1.000000
61.0052314445030888	-6.5150223695923799	0.000000
-32.1550967190923274	7.1453589954296701	1.000000
61.1433920662355632	-10.8311661671236870	0.000000
-11.0546545894391119	31.5683806158621607	1.000000
74.0406067676121324	-11.2060522101706450	0.000000
62.1913338645950802	-17.0756742765301937	0.000000
-58.1264362933677106	3.0141732339690757	1.000000
58.8170576486342682	7.6042651198742748	0.000000
-63.5029707125537541	-20.0923088312114118	1.000000
78.5151320166146292	-5.1470530690220491	0.000000
-33.4394528932388084	-11.9118573300950814	1.000000
68.4560161390914033	-2.9439728395779676	0.000000
-57.1402765637964052	5.5433316248063180	1.000000
61.1932821822839657	5.9630899783996920	0.000000
59.5275044075153161	6.7205098253984872	0.000000
-64.2553722185354843	-0.2650068174389796	1.000000
-28.4208316492392505	8.3399665073694234	1.000000
-47.3226920817313470	22.6344215579713683	1.000000
56.7729060309622824	4.9510278389802922	0.000000
80.7371523049568367	-8.3863392691337033	0.000000
-34.4209084344619214	19.1207589864223380	1.000000
61.8394341125164715	-5.1145278856348497	0.000000
-70.0769882716527945	-8.1610556910225078	1.000000
47.5611929230351720	-2.3160117602180139	0.000000
-9.7475993434520714	-20.8842076250179893	1.000000
-47.6068224312401327	20.4282380486425552	1.000000
67.2572187416995462	-7.9093465818778270	0.000000
66.6736742457873390	-1.1536546307855120	0.000000
4.1978987126906233	-34.6075222438025065	1.000000
64.8586621639339853	-9.2913876536630706	0.000000
-68.2712458040135601	-9.6590853801401675	1.000000
-13.9787522819018246	31.2178311720954511	1.000000
-59.8317866836508543	4.5889107372205675	1.000000
-35.6037391131877143	30.7451910423042456	1.000000
58.8990394694121662	-18.4716581943265972	0.000000
-48.2497319469885824	7.4102474830739054	1.000000
56.7594820080402371	-0.0034581776353013	0.000000
62.9206453693548156	-16.1291312249043024	0.000000
63.5399505479416931	-12.2852835027402847	0.000000
-41.9307188968511113	30.5783532840058569	1.000000
-16.8527704465491190	28.9631692632877780	1.000000
-27.7255187694909324	8.1906516267737217	1.000000
-12.9547470327424676	31.1330928626019556	1.000000
-66.9271910177198208	-1.5610550922291364	1.000000
68.6041889698325775	5.2411731650884041	0.000000
-29.0480796842744518	12.1529262447277571	1.000000
-18.5146005678981638	20.3460495486677218	1.000000
-19.7253695129092286	27.0294496001145852	1.000000
-17.9483592538142354	27.7251910483773898	1.000000
-5.3342833987393901	-28.1152888793250391	1.000000
-49.7788572866801999	8.9228603889096298	1.000000
46.1609457295401597	-0.5516076022874471	0.000000
48.9514419010067670	-10.8753008492091467	0.000000
-55.8630158429686361	4.0666085331312525	1.000000
-31.2951227152733189	28.4461740087748609	1.000000
53.7902505997771314	7.3811134896733561	0.000000
-64.8404890859702618	-18.7556900580665733	1.000000
69.5935508095480913	3.5561538974338700	0.000000
65.5357048807564269	3.3056337486607537	0.000000
60.2469715264325743	-14.4257026995659494	0.000000
-58.5971348666647600	-8.2681919912506618	1.000000
-43.3163215340130350	30.1004345376822293	1.000000
75.9314400849383588	-0.4985948843528279	0.000000
-22.3850259386359518	31.1441488993091298	1.000000
64.7547074590802794	2.6138382443444090	0.000000
-30.1470697911429859	14.4887191884539615	1.000000
53.5353150417739272	-10.2943575523471420	0.000000
72.1586575485209210	-5.5080248928640803	0.000000
-7.8728237611800491	-26.5771831833585068	1.000000
79.6917855740734780	3.5259139348357320	0.000000
-18.2439650734167849	24.8050251376042397	1.000000
69.4679926353251886	14.0145656441144908	0.000000
66.4461730895408209	2.9922213373773570	0.000000
74.9406569372898019	-1.1486375833246314	0.000000
-57.6486265555218864	4.9581647819710444	1.000000
-34.6630080468114699	15.5847336592734305	1.000000
62.3631939440098861	-20.7899566625891339	0.000000
-51.4629962190009849	-5.5138359879912802	1.000000
-25.3726944694440668	-18.9429676271565270	1.000000
-55.1252493721517709	22.5214576867413037	1.000000
-6.1761081412155585	-22.6104160311080769	1.000000
74.8919936900208540	-13.5460716325038781	0.000000
-37.8680484389386862	11.0874222795443558	1.000000
75.6196371973045416	8.9492172279897098	0.000000
-61.5249515200027872	12.1956024993814669	1.000000
-27.5896277924913278	-4.3032655147563199	1.000000
75.1504718101554943	-5.2588826642877704	0.000000
68.8608375482697284	-21.9288073658504565	0.000000
68.9793392607277411	0.5552403184407925	0.000000
76.9013644869987871	0.2830658073633922	0.000000
71.8094136898581183	-0.7455217084483303	0.000000
-56.9777883816255510	19.9109606711636360	1.000000
80.2611509575470166	-9.9214851037133318	0.000000
64.1206909304261643	-14.1876203689581661	0.000000
-54.8095687085514527	20.9074594661055855	1.000000
2.0349793495419624	-33.8342703681474433	1.000000
-27.3470428018310088	19.6882866702663968	1.000000
75.5107836901185578	3.9313478945455143	0.000000
-17.7931951438884823	26.4397443330255335	1.000000
-45.8208547923303300	15.8947440680272276	1.000000
-18.0134877903781891	26.9946369224001472	1.000000
66.6596822859354461	-0.1458201709868229	0.000000
79.7729499412704826	-3.2163626913901484	0.000000
-64.7987593896147018	-12.4495575119856206	1.000000
-28.3866996133522207	10.1348506790629447	1.000000
-31.0006892257805191	19.0614264386833803	1.000000
53.2934961899523785	-16.8104416124035296	0.000000
-30.0158726058679015	19.6582194095419425	1.000000
-26.7391132771303006	-4.9216084864257743	1.000000
-28.9376733697319644	27.3482542751656830	1.000000
69.4501854704827792	-6.1801359916906087	0.000000
-44.1865655861582169	10.9454417902639616	1.000000
-30.7299339704296912	19.5321831608988639	1.000000
65.2154812490808524	7.1150384119373484	0.000000
-57.5408472781091263	-9.1520339904592962	1.000000
67.6589793967959707	-15.5874191555127943	0.000000
-6.1800785651558288	-29.3967198242667038	1.000000
-38.5517435858774036	11.6005597760883301	1.000000
-51.7068567236912600	3.9564148425390133	1.000000
59.3576652674130258	0.0014353042215572	0.000000
74.2759052452582154	3.9595130347896905	0.000000
-36.0765613347684706	4.4664945659907032	1.000000
-62.8602102416296518	1.9575851856729021	1.000000
-47.0230195881250808	20.4254534637359306	1.000000
73.7006762109559759	-7.8197124861409009	0.000000
-43.9862114083157181	-0.7735163620131275	1.000000
-47.9633284197868974	-8.3448362337524777	1.000000
65.7711643691615251	-11.9135676061468025	0.000000
77.2694472353761199	-2.0770486117038405	0.000000
-21.5771333029610446	31.3943356564322578	1.000000
51.2796056565597453	-12.6157988745875365	0.000000
59.6492635500135222	-12.1838477726964580	0.000000
-28.8072471280054536	21.2530453004666491	1.000000
45.8726329654042217	-4.6918007288436891	0.000000
-60.4555156155558819	-6.9396555616235016	1.000000
73.9163145129920736	-14.3907641261198282	0.000000
59.6651468362142978	1.0402686465404862	0.000000
-54.0369809824032998	-10.1363976761298069	1.000000
-34.6404905352203727	29.9855514246476531	1.000000
75.0707045274995863	-2.1676093702089974	0.000000
60.9919969763228167	-0.1857055785877322	0.000000
-41.6272128459040758	0.6498561273514856	1.000000
68.1362390954872978	2.1814261949443217	0.000000
-6.1731839816181422	-22.0792072191603737	1.000000
48.1579143340464526	0.7055334953603503	0.000000
51.8958855182273666	0.4456652497371322	0.000000
-34.8747094210484008	7.7420780022150550	1.000000
72.4114816754539561	5.4100637098698172	0.000000
81.1868498464473163	-5.3705236946308910	0.000000
58.4660482237418364	-8.2589637088783796	0.000000
-23.9442339861399525	30.1017639312419831	1.000000
-34.4338541556854238	16.6917300113364178	1.000000
53.9962973014739163	-6.1511362190996346	0.000000
55.8649206703769750	-8.3051396324004045	0.000000
-54.1461549932062525	-12.8959630311166311	1.000000
-50.1722764862004027	5.4198460034123084	1.000000
54.3067760811653812	-2.9637849101662321	0.000000
-63.0734215882809366	-18.4412931892871548	1.000000
67.8041651694460228	-14.3405111887538759	0.000000
65.2016717138957347	4.2984972824898549	0.000000
-52.5624483630345622	7.2636108439256866	1.000000
67.5134157831953416	-9.9543301046486796	0.000000
-60.1504079826024096	-6.5404838051360024	1.000000
77.8569625597998964	1.2038200732955708	0.000000
62.9493676904809050	-22.4410919852777475	0.000000
59.3580451091401073	8.7330071412820001	0.000000
-30.3608243388611996	8.3091550400670489	1.000000
49.3609736982510725	-0.3194363350566071	0.000000
51.0031005536282720	-4.6575107615551303	0.000000
65.0983720404031772	-2.2450030742442819	0.000000
-49.8704893804406240	8.1673883613159965	1.000000
-28.0921936879712355	-6.2390886893441087	1.000000
-32.7730541750731348	19.1083093355179834	1.000000
50.1985727944179771	-15.8210377354123892	0.000000
-66.6748904724752407	-19.9509676287246798	1.000000
-64.4420166278213173	-18.7029681894866613	1.000000
-70.3983775085579424	-10.1680751871345763	1.000000
-9.4080208459523167	35.2508814813631162	1.000000
60.0165817494987337	-13.2882056654785519	0.000000
-10.3741365721826480	33.1197774320032394	1.000000
-14.2499286210001816	30.8973654467243648	1.000000
72.8723643956714682	-1.1810878121986059	0.000000
-54.9254488048566500	21.4237904891455386	1.000000
79.6328459911470645	-14.5806623742107977	0.000000
61.9569200357179284	-6.8765955168507471	0.000000
61.2230792368110244	-8.3151466712505577	0.000000
-62.1949195266204669	2.1636788967133218	1.000000
68.5699626426732607	-16.3872084318119633	0.000000
70.6434994832241898	-19.5884931424915543	0.000000
61.7504307964396659	-3.3268404827992706	0.000000
56.5352537339753241	-4.9772823704489779	0.000000
47.8349543414440816	-0.7840911413394270	0.000000
65.7855829554408871	14.6625847892530299	0.000000
49.9518313670526553	-3.9914103627396793	0.000000
-65.4221321320335107	-18.7995870129266862	1.000000
-10.4571380973236518	33.4369076170661614	1.000000
55.7871423468181362	-5.5561832112612617	0.000000
63.3799063267925646	1.4547826980590077	0.000000
61.0497704194993815	2.2222069700081057	0.000000
-34.2393166926646586	19.2849479876916696	1.000000
-47.8725701860709663	-8.7178308961179276	1.000000
69.1843579694365474	-1.4741053352748414	0.000000
-69.8795693457849296	-3.7974145545209135	1.000000
70.4792442404149142	1.7983800439862621	0.000000
55.6103057346977820	9.3993964145183160	0.000000
-59.9422569593228332	-4.7023327471061140	1.000000
72.1012308465171259	-6.4752816144735625	0.000000
60.1239585542674035	1.9441746955144270	0.000000
46.6260605563394464	1.4660046912291411	0.000000
76.8071588767515294	-15.3839820710745148	0.000000
-34.3880809574788771	9.6522112444985826	1.000000
67.1930854170055056	7.8502245258466701	0.000000
70.4016548914508178	5.4611804121263683	0.000000
-11.7704244627312633	32.5703423875585401	1.000000
-62.2984557277845141	6.9295559718747786	1.000000
65.8875847961503780	-10.8313611951812430	0.000000
71.9207414783967209	-10.2479343961484144	0.000000
59.6706916928974991	-9.6231049582640438	0.000000
-70.0010250961359759	-3.7147973481018433	1.000000
61.7845628525102768	-0.6004295084048575	0.000000
73.5685899819313818	-10.1229738019598692	0.000000
74.3019385247014696	-9.3723597884353875	0.000000
66.4942730034044445	-8.4111099689081961	0.000000
81.4873703711139399	-11.2794681054723309	0.000000
56.2080531539825614	-12.0414614378563396	0.000000
75.2826371948688120	-14.8754609129093538	0.000000
63.4688372875518851	-3.2620832239087498	0.000000
58.3881786274364671	-5.1515999541138795	0.000000
60.2976184255655525	0.3564356434959283	0.000000
65.8810174593330942	-1.6973834826810603	0.000000
52.7588584846142155	-0.3986002967762573	0.000000
-42.0701298834690505	30.0749847400862329	1.000000
-48.1069231466106402	23.2331125984860911	1.000000
62.5222294517390225	-12.0219257754907414	0.000000
63.6491127650267927	-5.9801526328022341	0.000000
65.4939817319041282	-6.9131961262319495	0.000000
53.5972636189571929	-1.1640454561193547	0.000000
71.1843432926478528	-3.1835392029460108	0.000000
-14.9700455089063471	-23.7437720531075165	1.000000
-33.4019785649600607	27.4218210194654120	1.000000
75.6963066831948339	0.6008234875927692	0.000000
74.1361504256071271	-4.6778947766881647	0.000000
-30.7486134094984038	19.4842606434677030	1.000000
-46.1150059659465512	23.2451337397939319	1.000000
-42.6346942542215928	31.0559296131429790	1.000000
63.9461431768679134	-13.1471394865179363	0.000000
-48.6834571175119208	16.4596448323500368	1.000000
67.6807076788432624	-4.4042229668785735	0.000000
-48.3301499543617439	18.5806815835596666	1.000000
72.8995538569342898	-15.1729613317998258	0.000000
68.0138000415078778	3.3418040873994634	0.000000
-53.6879270640326141	13.9035962413604963	1.000000
74.4745531046011706	11.7545249204143332	0.000000
50.1124661094308621	-2.5815858200655941	0.000000
52.6347757582920295	-12.6492097276332949	0.000000
70.7071559660154634	-18.0038651789048707	0.000000
59.0431433877933500	-1.9493320755630921	0.000000
-16.9503897154921113	29.5428243383668381	1.000000
70.3850876625122197	-11.5381379997935287	0.000000
79.2214835596094389	-8.7472569282837629	0.000000
80.8187302366781068	4.9345460247058641	0.000000
-33.5325074408823198	20.8050259033170342	1.000000
74.6391996259810924	-8.3621179609162741	0.000000
69.5791374973784116	-17.1827342194202863	0.000000
-28.4005677674550867	28.4698530524161626	1.000000
53.2694891959326782	3.9441856749762350	0.000000
57.0839207991714943	-9.9911701923992435	0.000000
64.9174283480991221	-10.2489277577900850	0.000000
58.0455483638809397	-13.5659883270433834	0.000000
-42.2111799425586725	-22.5440124819634882	1.000000
75.6735407235574229	-16.4060060512687862	0.000000
69.0522546837459146	-0.4983305389653697	0.000000
50.8288088590768865	8.9465815523889347	0.000000
76.0986435531059158	-1.5945563006309198	0.000000
61.9220039458070701	9.1340461736955518	0.000000
68.5656992955807567	-11.5615356024623601	0.000000
53.0623901667750317	-11.4234537313955293	0.000000
53.3989362264051834	-2.3229280126961540	0.000000
61.0291514837780795	12.7762510166461958	0.000000
57.3965987434898750	-4.5899922330075871	0.000000
-34.5677256149812351	29.3486835025219612	1.000000
73.1060121662526399	-3.1446037272009697	0.000000
64.8059407885362617	5.2356489231622287	0.000000
58.2470559026946972	-4.1918801879878851	0.000000
-10.2686239523390821	34.0240739261784881	1.000000
-20.5239849029475039	30.2407659677320559	1.000000
-15.2357789743018248	27.7744760398761947	1.000000
77.1244388126274032	-0.8990588722298894	0.000000
-23.9477917952696018	29.9907786040508633	1.000000
66.9941508218310275	-5.9005018813538941	0.000000
-42.7450832889775256	0.3563370194959742	1.000000
58.4847164690054129	2.5016667008924038	0.000000
-50.4446432222320951	7.0672654730246327	1.000000
75.1755745556959880	-4.2224248782461276	0.000000
78.4536422629020223	-16.0764990344302419	0.000000
-32.8896664312945717	7.9188460961346436	1.000000
63.4522606686120483	-2.3466352298398134	0.000000
62.0872916915885753	4.1911839232516597	0.000000
50.0668493452098389	2.5699738613750407	0.000000
71.3430173131413738	-8.1657147545400264	0.000000
-31.0304596014447540	10.2088615955798634	1.000000
-33.7852453500761385	29.3934626248826767	1.000000
61.8793852182996176	-6.0005340525239772	0.000000
-33.3744809602636749	19.4974641177675707	1.000000
-29.1289965150955830	19.2259432142931743	1.000000
59.3628985388687909	-15.1926003737893449	0.000000
79.4997140282236359	-0.4887882685487931	0.000000
55.3811862091062324	-4.5013798094530042	0.000000
-5.7735546525756840	-28.0251675070200719	1.000000
-28.7305411534037489	27.7891258003746593	1.000000
-21.8752538902400708	29.9871206091718498	1.000000
-34.5901115137289565	26.9332977755964329	1.000000
54.7286787761614661	-17.9224736914801106	0.000000
-60.6634172848553419	13.9816750076208365	1.000000
-25.8256918619679752	29.5727755165450361	1.000000
-27.2697509823421598	-8.0528598509256248	1.000000
-59.4886538969181728	4.0963764142528500	1.000000
54.7240371670695751	-14.9178613704746006	0.000000
-28.0799285402297158	19.3306916744492909	1.000000
-22.2383349247320794	-13.8858790996744030	1.000000
53.8852412586945491	-0.0149086026157483	0.000000
-33.7031493206316313	28.6500217607303078	1.000000
-65.1397207848079631	-17.2844975780023020	1.000000
-46.7979277898697532	20.9547235044797020	1.000000
-47.5706147978708245	30.0943816514132010	1.000000
-28.9803868316179596	11.8612537055712828	1.000000
54.9384495827328365	-19.9205432048962230	0.000000
-32.2512099738108517	17.9043965645669445	1.000000
-32.4540454058562702	21.3652874773019192	1.000000
67.4160759245420991	6.7389403320197587	0.000000
77.3512799360030101	-10.3026681116851613	0.000000
-34.0046414012403133	20.9346227826764100	1.000000
-12.5475636016846650	-21.5946886646207759	1.000000
56.2134682283639435	-18.7959152447676878	0.000000
-58.6167723071684108	21.3211209199396876	1.000000
-20.1525294006588815	27.1335911319134020	1.000000
63.9798253874734115	-9.7049581266506202	0.000000
70.3056592245621772	-5.6074609055181099	0.000000
51.9790246866070831	4.0399865942606432	0.000000
63.6841521739086005	8.1924943283420433	0.000000
-44.0468084732967213	1.5557383816158112	1.000000
-55.4667866998039258	20.2714613778410104	1.000000
0.6577574262786900	-30.1739227707555067	1.000000
-43.2529224019236338	29.4730986294907673	1.000000
63.1867666752573101	9.2330374946129705	0.000000
73.0173181323942657	-2.1620824452803249	0.000000
64.0935956813584653	-20.8961106711042675	0.000000
-56.8610622785306177	19.0581429142354715	1.000000
-30.5496071741205704	29.9168516882620956	1.000000
-21.5839431899101655	30.9676297587475311	1.000000
58.0811811858425955	1.4057865473253510	0.000000
-62.5772418923365663	8.6962735111118725	1.000000
-62.6010050729011667	8.5792534510271938	1.000000
66.6877489849774463	-11.4960194414234280	0.000000
-24.4427649414034782	29.2985813575650269	1.000000
-23.9230454844031648	29.4375478383415654	1.000000
65.1458319841207327	-14.2921652799064915	0.000000
49.7745130851699997	-12.5152806517517661	0.000000
50.4412135277659459	-11.1465795107688308	0.000000
70.7169332075458641	-21.3575750930643373	0.000000
69.5758263271948749	-12.1124488268423995	0.000000
-31.2154423116857949	12.2096639130956639	1.000000
78.8024129522453904	-12.8623566185141929	0.000000
-49.8782491418125034	22.5192103766032758	1.000000
61.8804071479649593	11.4836121011405030	0.000000
-18.1477323361658804	27.7107456160406933	1.000000
-27.9150111125188580	20.1014810672671373	1.000000
-8.8141798166626728	-22.0909141114913545	1.000000
-57.0228138460560103	-8.0271953537250447	1.000000
-63.6817657375862964	8.7793892835411622	1.000000
-11.0942733271413765	32.3707081975473940	1.000000
-65.3353290511833222	-15.5244789979585800	1.000000
-62.4582242551051223	6.5837769597033660	1.000000
-53.8610062827273168	2.7385759001822665	1.000000
-52.4829840952421947	-11.8119131037978295	1.000000
-34.6943258641005841	-10.7213570663272435	1.000000
-33.8829060374117574	-15.0894402883177534	1.000000
-52.8172379707770716	-15.3595899237675333	1.000000
55.0290768454525434	-6.3763086166125289	0.000000
57.7022030003539967	12.0585232645010709	0.000000
74.2147617485835411	1.8857468810347093	0.000000
51.0776171340627272	-6.0591831189313208	0.000000
-59.6384425520298720	-17.6636094798802326	1.000000
-65.0905291054185682	-21.4727869958157882	1.000000
-38.9674363634592424	-21.3592689058290475	1.000000
-27.7722516635274452	-24.6694043010683615	1.000000
-63.7483260267442304	-21.7777228592875041	1.000000
-58.4882494689320183	-17.5518808836890869	1.000000
71.5951307202202969	0.2294710835944446	0.000000
-7.5877930667345241	-23.0910365072279617	1.000000
-42.2130636976507603	-22.5410038491606706	1.000000
67.1462295322231881	-6.8782791844157369	0.000000
59.5060985967660940	-8.5697586338120502	0.000000
64.0229460515238316	-10.6197979396403337	0.000000
-51.9539636809389407	-15.7336969998002107	1.000000
53.8387551726362119	5.9803295811712589	0.000000
53.5096982045399798	1.9407989796973575	0.000000
64.9665982162896967	-22.4700101610498919	0.000000
73.8761474540544327	2.9171584607930590	0.000000
62.7111580084742428	5.0985405018504517	0.000000
-31.5110627658459777	-8.8242595698749611	1.000000
-34.5575631631224738	14.8901372295172383	1.000000
-44.3813384025685664	10.3350234163186574	1.000000
-54.6589295516713491	6.5687442176637374	1.000000
-67.0469041350861090	-10.2637518687757279	1.000000
-48.8058307485287628	4.2482461690336555	1.000000
-68.2933093785675851	-12.4683695781071595	1.000000
-20.0533871798740186	27.2838210622963011	1.000000
-22.8725385791410325	31.3253258602291709	1.000000
-60.5270948338004970	-5.2906378022128013	1.000000
-13.4302327197640405	31.3230218553651163	1.000000
-55.6243164981055216	18.9224055225960726	1.000000
-51.8733127085536410	16.1896116706411846	1.000000
-46.7457947644792355	7.7604487181147155	1.000000
-57.1671787575867327	11.7776460731656911	1.000000
-11.8900830543196427	32.7360129469463033	1.000000
-52.2716322421325970	-6.2325286162956992	1.000000
-50.5396221877931637	14.6202921072693286	1.000000
-68.2996535842789854	2.5925440862213436	1.000000
-51.3575220860825326	7.5710019650001250	1.000000
-61.1262723894360533	11.8001393574354001	1.000000
-65.0958415622961439	-15.3161604475460784	1.000000
-59.3827484201290048	-5.1043651919900208	1.000000
-61.8885518534233512	11.4292932564243177	1.000000
-41.1186690623398263	31.0445447581075733	1.000000
-70.4318164267033779	-6.9604833065866405	1.000000
-46.6815200187080777	23.2050116922416088	1.000000
-56.1131381798843805	24.4471869487882216	1.000000
-14.3220585310139867	28.8532779738818164	1.000000
-29.9079418882845545	30.0810875139688285	1.000000
-12.6982306386498447	-21.3545688722891178	1.000000
-14.4652587713046881	28.2741785810949438	1.000000
-21.0999453696278998	28.3596800424584856	1.000000
-15.5408962296850515	29.2867005221938754	1.000000
-15.1162545761144624	30.5732903566510466	1.000000
-29.8003638898624743	19.5284079795203986	1.000000
-60.5748028863081061	11.3777167736573084	1.000000
-48.5682891684168681	22.8543944035374409	1.000000
-40.3001381808157291	30.9842319601983824	1.000000
-28.9192469273469612	21.6446466843475420	1.000000
-20.8791703076493818	30.9721999952000040	1.000000
-32.8499785310193531	20.4983072589301898	1.000000
-45.6272074430293202	17.7804807287972579	1.000000
-4.4515396529393643	-28.5291285963361680	1.000000
-30.2700292913153639	14.1679138616565066	1.000000
-61.0089753956150105	-8.1573043812046642	1.000000
-37.1855413607827572	9.7994431841629943	1.000000
-47.1610012105272389	20.8984019721305252	1.000000
-34.0432285821285632	15.5301409120580125	1.000000
-17.2838955972085273	27.1924595608628472	1.000000
-20.6730562891381702	26.7950184869079848	1.000000
-60.5060874735175744	-5.3287940560062061	1.000000
-59.3475294381174479	13.5200308134134204	1.000000
-24.4868494418271929	-4.6704135537466174	1.000000
-62.6104630681025114	11.6955465722229999	1.000000
-66.8177853977557277	-19.0397451482192537	1.000000
-57.4845192945216965	2.2480537280140451	1.000000
-34.5514113232299351	25.0118096537644732	1.000000
-25.9878742820063877	16.9612779010650954	1.000000
-32.0022235168011164	22.3388513629438954	1.000000
-23.6895971344227476	-4.4002255270525721	1.000000
-48.8028397423392803	14.6756284274526418	1.000000
-33.7913210160208308	25.4657067562298813	1.000000
-49.9452473952630527	16.2947410823587759	1.000000
-28.9602716930886857	28.6037543293211769	1.000000
-57.5387317763713568	4.2629112166859269	1.000000
-28.9101225140357414	20.9128663488878814	1.000000
-56.9461729456022923	-7.3800426719445298	1.000000
-48.6449046382896171	22.9805406269641708	1.000000
2.4559825155191906	-32.5989597169477889	1.000000
-54.9331278923660804	18.3646695659796393	1.000000
-66.4672420688686998	7.5311814251868103	1.000000
-54.7663868065071995	27.8112542287416886	1.000000
-15.7141320508627089	29.7083388710433667	1.000000
-59.6154776063288097	-5.3587171956527451	1.000000
-61.8847209002369496	2.5176476325222135	1.000000
-25.6131122890848317	30.4262406856176035	1.000000
-25.6757305236576485	31.8351490345502874	1.000000
-25.9291649690332378	-7.3127014244959119	1.000000
-35.3283394075968857	14.3612757475189081	1.000000
-62.9093039639916682	12.6588718503674400	1.000000
-25.5018311795470609	28.2948613200144230	1.000000
-33.2483132618068282	29.7942155174769034	1.000000
-51.0335867159218850	-4.8631250502448102	1.000000
-59.6730354816061919	-5.7644495934655566	1.000000
-54.6745792458447184	20.2172373801917402	1.000000
-48.0839521063663824	19.3542012115299755	1.000000
-50.0306060763447533	27.9923324376514415	1.000000
-66.8138933160185076	1.3045928649093530	1.000000
-50.3678250004193657	15.1916748626093145	1.000000
-48.5873200451176004	7.2256790551713470	1.000000
-21.2863635659568438	29.3453910467282704	1.000000
-26.3439659882213952	17.2300511617945524	1.000000
77.8781357400786476	-9.0136186899750452	0.000000
55.9050795856289753	-14.4929675592129019	0.000000
59.9652206616496244	-1.5743954077879596	0.000000
-38.4386907803217781	-21.2006871908444445	1.000000
-29.6885101213490223	-24.5447178100785592	1.000000
-55.8405619432033973	-14.8037724557631378	1.000000
-43.8190678917409926	-5.6039284810589747	1.000000
62.0550573062061090	-7.7664957569767852	0.000000
-31.5259638196778340	-23.6239738842471851	1.000000
-51.6924664541461425	-15.7587329519228732	1.000000
-32.5359286554164839	-23.5278697309267386	1.000000
-31.9097203691646492	-17.7254430801455598	1.000000
-22.3935610304216794	-30.1687284492735124	1.000000
-54.1039219577502664	-16.4656239314722761	1.000000
57.4740912765197223	-0.6913845855556101	0.000000
76.2026349794833351	-2.6897693272913274	0.000000
72.9623052058600194	-7.1887989909164238	0.000000
-52.6398587434482508	-14.3329497935216033	1.000000
-52.6615798300342419	-14.9970324770662469	1.000000
-31.8838545816607777	-23.5094385047708201	1.000000
74.6505664913613884	5.0463223163875952	0.000000
60.3428810247308718	-18.9678373503635811	0.000000
64.8131168371040616	-17.3367584724608967	0.000000
-48.7605477112858523	5.0159899189212105	1.000000
-25.1469686857850974	28.6410676324574140	1.000000
-61.3584698074000272	-7.1027537868605171	1.000000
-34.5060854363764733	23.1172081363597570	1.000000
-65.9816886765541994	-20.0223132588541155	1.000000
-67.4192874659676278	1.0611694126422153	1.000000
-59.0153896970314449	18.9957019205020323	1.000000
-64.3135567373595478	-0.2862970289059683	1.000000
-9.6847085956147154	34.9172668059588673	1.000000
-12.7108453786372326	32.3671828430556161	1.000000
-64.2753665267175194	-15.0433627226041260	1.000000
-58.5360081316872680	3.9467706339719513	1.000000
-29.0520608904617603	27.6747999158003921	1.000000
-1.8816881469772262	-27.5639550565254083	1.000000
-14.7231163182226776	29.9119763347766501	1.000000
-57.9317955070856812	3.3671297017134165	1.000000
-26.8293345196667232	30.7637938390819414	1.000000
-68.1566313378052371	-9.3490974240805862	1.000000
-64.8061793767542582	-11.7476170329333129	1.000000
-65.6747531344894924	-15.0288243317374395	1.000000
-28.4396511426843652	17.1609560060055806	1.000000
-34.8262483085470151	25.7754123247376654	1.000000
-61.9859963491146004	14.5272749461334030	1.000000
-30.3622919370309496	10.0658051763874870	1.000000
-28.3976293027468039	19.6038625196319813	1.000000
-51.9102202526159289	15.1921200441943007	1.000000
-61.2560872101481735	17.0021799703047094	1.000000
-51.2673265187870797	18.6521147467863067	1.000000
-44.7600773079265863	2.1895838462381216	1.000000
-52.5919199112078459	3.5955668516569559	1.000000
-61.7343753004697646	10.8319344855889170	1.000000
-69.5399200093556829	0.6020602344012193	1.000000
-45.1356890613972581	23.5185771963208765	1.000000
-41.7010708318462306	31.4834691827226330	1.000000
-41.9306263035176059	30.7903874244811391	1.000000
-25.0870455307507179	31.7406787662297880	1.000000
-50.4311188227292604	25.7444934819250548	1.000000
-41.0804051202013696	31.5707848425910242	1.000000
-53.6605738238526939	22.3592058074266333	1.000000
-32.0745516811916644	20.5801338113982339	1.000000
-46.0244557251767361	19.7298217591645226	1.000000
-58.5415598365748693	24.8438100668724999	1.000000
-50.2573845872281595	23.2664861843825115	1.000000
-60.4376028998803463	15.7565518243949096	1.000000
-27.3669912292380779	30.4769565499479356	1.000000
-46.5624275215499281	22.7930049708959359	1.000000
-25.6825890271408355	30.7424538661617852	1.000000
-70.5337377373619034	-3.4971530042077559	1.000000
-49.3070115457513367	23.8916843540667365	1.000000
-26.2965557589011105	31.0046269647259223	1.000000
-34.3052198076832155	25.3710529404636347	1.000000
-55.9686479689746221	12.9061769555873074	1.000000
-34.3574323753308164	28.8727923888067863	1.000000
-16.3810320579009421	27.9060260700860745	1.000000
-54.0638806070559497	23.5929118782333305	1.000000
-25.8129064325912516	29.5387921198241941	1.000000
-19.9974759047279029	27.1592284273282374	1.000000
-30.1069835103534373	28.7532500369463406	1.000000
-51.3022640669753898	25.2367349062159789	1.000000
-68.0910612893174658	-0.3422362528020936	1.000000
-45.0159616172120067	23.1137834047913096	1.000000
-57.2105671483086979	18.3078630460290519	1.000000
-68.7023355385766052	7.5534226402554125	1.000000
-56.4873517951639386	12.8078874891048340	1.000000
-13.2943282870508259	32.0961627564439809	1.000000
-43.0237433214728782	31.8244719287441029	1.000000
-30.2477956786167432	13.0768775096334355	1.000000
-19.6601707294628341	30.6601916372594019	1.000000
-34.6550378075311158	25.2769178761320674	1.000000
-27.2620155038589012	-5.0632336999580430	1.000000
-53.2650995193718160	25.0569036189626857	1.000000
-54.8792160716688713	19.2551472218748430	1.000000
-23.7734224241783991	-4.3643678908543677	1.000000
-42.7190448715439572	30.1298420972956933	1.000000
-1.8687659030986616	-27.7561948308173072	1.000000
-25.7055430261894422	30.8733009094428148	1.000000
-42.8671477779072418	32.6705591963051418	1.000000
-2.3274852881811352	-27.5635499821115388	1.000000
-66.9426816368686417	6.5734278750644428	1.000000
-46.8676788144532779	22.9387345243722898	1.000000
-49.3461125366057445	24.0661060011009766	1.000000
-55.6582352980691368	7.0369774067081057	1.000000
-30.5647242267014647	30.5664909967494118	1.000000
-55.0578396633667282	-11.9216410182607842	1.000000
-68.4239739105928066	4.4843620333254703	1.000000
-60.2465350368555690	12.9515376808269913	1.000000
-28.4494430901934656	20.2890244871282839	1.000000
-51.2496431997319277	26.0251146223048160	1.000000
-52.8871262328613980	15.3749894442298523	1.000000
-59.5008730174453859	3.6375477090614643	1.000000
-56.9645586200958149	2.2529507229138659	1.000000
-58.1364082516278771	3.8236450735927145	1.000000
-15.3642604024352849	27.8228587677825949	1.000000
-59.5916558315695113	20.7551398724158069	1.000000
-48.4749410265625684	29.8326380483504252	1.000000
-47.3348815116592903	22.6520442608128363	1.000000
-66.2521634939206763	-1.7636024856793560	1.000000
-13.9430195964952670	30.6810094926217118	1.000000
-35.4405284270785543	26.2868912397436141	1.000000
-35.4259584725658172	27.5920973572418831	1.000000
-29.4894591536334048	28.6294278528383153	1.000000
-67.6559196428954124	2.4159077086241338	1.000000
-13.8647402021089512	31.7005527876899045	1.000000
-35.3723018691017117	30.1281478565100187	1.000000
-69.5400539929069197	0.4502445240437078	1.000000
-42.5681004984545552	31.2316909766815165	1.000000
-27.4744058682501162	30.8547862293669688	1.000000
-53.4897132160075159	25.4530494905453111	1.000000
-30.4662777071103221	28.3729802184012740	1.000000
-43.3521082227755130	30.1963235637424461	1.000000
-57.3443230291926866	3.7618392175793485	1.000000
-58.4642378494282724	20.1294759640828644	1.000000
-56.2697204422240347	19.3623957761333187	1.000000
-20.4874132147804637	31.3144980652273155	1.000000
-22.3774433944438513	31.3877751880809086	1.000000
-33.4900636841710764	20.7470689863256510	1.000000
1.5815794809701411	-31.8116276587265041	1.000000
4.5100535295602704	-34.9381429471280569	1.000000
-69.3535255979626299	-12.2998386272530098	1.000000
-51.2571204126516662	25.6529159974854082	1.000000
-65.2970383758980404	-10.4368521502714469	1.000000
4.3895296914795985	-34.8217332011517655	1.000000
-63.9952069426100678	9.3092911066493418	1.000000
-57.1749887460615298	24.7646272946284149	1.000000
2.7759874445476140	-32.8698606314842721	1.000000
-62.1337542468865891	-19.6177403189462218	1.000000
-32.2522660966604988	19.3758603228620743	1.000000
-44.8067079068205487	23.4367967134082065	1.000000
-67.9034976897751079	9.2711309699658742	1.000000
-69.9635163276571461	-3.7283753974633567	1.000000
-33.8368903687590716	29.4358304305192071	1.000000
-59.7091687594454683	19.1117301565278694	1.000000
-52.5453124254984161	23.8376765814737652	1.000000
-10.1940756796446479	-18.6377163068840090	1.000000
-48.8812603850970362	30.3330536786718383	1.000000
-15.0695908606364295	28.1999059618129309	1.000000
-52.1238935301584263	16.3231820180749274	1.000000
-46.0691108367910829	20.2942573958646300	1.000000
-68.2135818831095690	8.2921566340675419	1.000000
-60.8125522140356551	-6.8244466050036294	1.000000
-15.6935433632716901	27.9087851174199670	1.000000
-7.4018237508508031	-22.7503523049220497	1.000000
-69.2954476097446985	0.1953833944511474	1.000000
-68.5253867764718194	-10.2335210755519732	1.000000
-70.1380021726940157	-9.2778404343051761	1.000000
-68.2783468868672685	-9.5798358806573933	1.000000
-10.3858861196093688	34.1357963204523145	1.000000
-41.8507607577414262	31.4732203291173285	1.000000
-60.7908359819912292	13.8522162445963968	1.000000
-69.2681014271395554	-4.0678755975629519	1.000000
-63.5138197765619452	9.1906348644039699	1.000000
-46.3160330366898805	19.6994360492141389	1.000000
-15.2694168180239522	27.9370053245900181	1.000000
-66.4546488322999807	-1.8360901223027073	1.000000
-60.2764892888404731	21.3328338755540550	1.000000
-20.8274945839079493	31.5959920759109316	1.000000
-20.5326902770801496	30.6640715857872230	1.000000
-64.2637127527592611	-22.7198250475605761	1.000000
-65.3174230771130340	8.8883592173354629	1.000000
-65.6420843546818844	-9.1427404851590826	1.000000
-55.2312009805565509	27.7650698371786291	1.000000
-34.8510890929587092	30.7026229402211968	1.000000
-59.0027584862591752	23.5550749335988101	1.000000
-31.1557093098157303	29.7984984387626284	1.000000
-65.5011900336325823	13.2040649623261768	1.000000
-22.8975056481485559	31.8603274237804719	1.000000
-56.2062902303481025	18.5420334228210066	1.000000
-62.4984024433691587	18.6555556548991710	1.000000
-47.3785590421306111	31.1391078662950420	1.000000
-68.7577380202882722	-11.6929547885593568	1.000000
-66.8567797537929636	1.4446369119139695	1.000000
-60.0150648060915088	22.2900041127375417	1.000000
-61.1125789580440255	12.4994004174869975	1.000000
-67.2414345328834031	-9.3892521695852693	1.000000
-35.5205969496084109	30.6136130635165600	1.000000
-52.1429055701147703	25.7641497528247960	1.000000
-69.0549614191142354	-11.0960981967454995	1.000000
-33.0851184909007401	19.9599525989791786	1.000000
-64.0838510133317385	13.9393114205140840	1.000000
-34.4849337195963983	23.8036959010505456	1.000000
-42.4085681804580830	32.1613144965564217	1.000000
-59.0396151133524754	22.1464689450156698	1.000000
-68.7749662706089993	3.3915937856103677	1.000000
-59.6143946139412364	13.4782708149674608	1.000000
-60.4343066097420447	19.8286970819333561	1.000000
-43.0570556572463303	32.0561060779592211	1.000000
-67.7499160912167042	10.0242938671863939	1.000000
-32.9183547106889804	29.2438219810915889	1.000000
-31.6453907247584070	31.0072743387016594	1.000000
-41.9687277657334761	30.5103845168119960	1.000000
-59.5322516699105293	-8.8865982837308923	1.000000
-53.7689703491713615	27.4611100128256282	1.000000
-46.2762649373496231	22.5277206498594076	1.000000
-24.4757631091458805	29.5080373929764903	1.000000
-61.1214649339027005	15.5361317998121233	1.000000
-27.0310170506455485	31.9075992147202427	1.000000
-61.3374198607762438	17.0588059139476442	1.000000
-55.5062544099779345	23.4183389664792045	1.000000
-23.4571450075831400	31.8138541283149188	1.000000
-45.2199324860300251	31.4101926021294062	1.000000
-26.2893336474353312	31.2246880652896621	1.000000
-68.4619170436742763	-11.2005512490323298	1.000000
-60.0778757247818618	18.1191046408553866	1.000000
-57.4851857039058345	25.1142592129935842	1.000000
-69.4655977005938325	-11.9823417012664386	1.000000
-65.9109409839156655	-1.7386229923119541	1.000000
-21.5154612255948443	30.5186351218005889	1.000000
-56.1700010687198841	18.6847551571605557	1.000000
-44.4406197669625627	30.6994279469091609	1.000000
-14.3830739553522253	30.6581701912237001	1.000000
-34.7426096851057125	30.6123020619666484	1.000000
-63.6169330732304985	-20.0246508620736705	1.000000
-65.4890660744947724	-9.2118394393063578	1.000000
-63.3399000551185267	16.4255553108909140	1.000000
-56.9206767111111844	4.0799232295354368	1.000000
-11.5586496014491207	-21.9487241244994458	1.000000
-64.9266948931466175	-8.8123740011791849	1.000000
-68.8180640403523114	2.8589286918559900	1.000000
-29.9142595363658685	30.4652854366355790	1.000000
-24.5124222815343806	32.2292395217658267	1.000000
-55.0102381034337284	27.3325790248652254	1.000000
-34.4890314533078595	23.2375049782465233	1.000000
-34.6006990338172642	29.3484372537630804	1.000000
-52.0601696324076499	24.8842064602747541	1.000000
-49.1927249612757009	24.7939940215050179	1.000000
-64.1541810185638042	16.6187905815499484	1.000000
-67.4273544355984455	0.7184147557126257	1.000000
-59.9933942184175919	17.8317144036737574	1.000000
-14.0294094571946122	31.1623024297665623	1.000000
-30.0922849957942162	31.2847544075439821	1.000000
-65.5310303729062866	-21.0707450245478505	1.000000
-68.5436090009983303	10.2949362454940836	1.000000
-58.6691845347510323	24.7036467092321637	1.000000
-23.3529001203958657	31.2221379192564683	1.000000
-21.1563534119394063	31.8737730278871467	1.000000
-14.0856760868331872	28.8788321073814522	1.000000
-23.9208803767336633	29.5014726737011017	1.000000
-54.1808645320596085	27.8970231067386507	1.000000
-65.9725881203250708	16.0306891693995013	1.000000
-66.7365976261610143	7.6038239281886622	1.000000
-64.1813280431152720	17.7896346503401084	1.000000
-69.9643258216667761	-2.6716928813799159	1.000000
-62.0970411947929719	18.3024604845280159	1.000000
-67.8102272936741457	-17.8286619518336380	1.000000
-48.9274248179523070	30.2520166411066533	1.000000
-34.8026918273352450	30.1257333334060995	1.000000
-69.8234616006225650	-0.8867579899642423	1.000000
-16.0831967680171282	25.8616924589091965	1.000000
-65.9725883896671093	16.0306891555763116	1.000000
-34.2087774573650520	31.2249779502746740	1.000000
-34.7674215523443877	31.3491549421526905	1.000000
-64.2610877009824435	-22.7307949620876180	1.000000
-58.2394760423558040	24.4475440687962049	1.000000
-51.0301805741578391	30.1540460457737609	1.000000
-34.8790032631137379	31.2459196488461686	1.000000
-55.4009877615844388	27.9508852140815840	1.000000
-52.9652139706979810	26.5249324374111239	1.000000
-27.7830546342469127	31.3655106498701635	1.000000
-57.6876493286372636	25.4999237361600777	1.000000
-65.9241091297544557	16.0045316993189672	1.000000
-63.0039708391552011	18.4694538954633778	1.000000
-59.6596070293712160	21.3865345560798410	1.000000
-66.2910514529794312	-18.6336517347964836	1.000000
-66.5251756442362421	-20.6421789432996690	1.000000
-32.3611445209101376	30.4206318839532770	1.000000
-68.5436090469083155	10.2949301314742385	1.000000
-65.8236211729520733	10.8161752124442216	1.000000
-50.0851065470241323	26.5153838822447021	1.000000
-71.3616506057264388	-8.6035559358758924	1.000000
-65.8616049959611018	0.8804222224973355	1.000000
-70.9477252649022603	-1.0462706053747604	1.000000
-20.8607623203013581	31.2193641131598163	1.000000
-56.9362344781511283	27.5325228460356151	1.000000
-51.0311841909912829	30.6120868477022583	1.000000
-30.1848373615658581	31.6859038591422788	1.000000
-65.1085403005485261	16.8554858854295020	1.000000
-67.4914387292749183	-19.5218360066356702	1.000000
-58.5950312914038633	21.7810196648965260	1.000000
-67.4914378729496889	-19.5218362355053614	1.000000
-62.7449727369744963	18.5535733822719173	1.000000
-67.4914378729483246	-19.5218362355101789	1.000000
-56.9690541510915551	25.2851568190915685	1.000000
-64.6763771166274637	17.8560224211297118	1.000000
-68.3299166086521552	-14.8689113243198356	1.000000
-69.0579558126351287	-4.1939409400410872	1.000000
-69.4666029949934654	3.1176738159928914	1.000000
-19.7213722929296154	31.3623309769448184	1.000000
-65.9601882190668078	-17.4158460472265553	1.000000
-71.2118426272936489	-2.0799585624285877	1.000000
-61.3938799407079117	14.2187371622589129	1.000000
-68.6856309459659684	9.5957761185468637	1.000000
-70.9891125733565360	-10.2307705492407131	1.000000
-63.2176147093765906	17.6175145223672232	1.000000
-51.0242157870059216	30.2680367914941719	1.000000
-71.2315955859228751	-9.4230041465141667	1.000000
-41.1362776965476016	32.8398146583801207	1.000000
-41.1555486088309266	32.7438177086717346	1.000000
-25.0261514394390012	32.3163136546847198	1.000000
-46.7015743206502592	31.6610867980580331	1.000000
-64.6763771803330201	17.8560224466121227	1.000000
-52.6064937169304159	27.9977868651639987	1.000000
-70.0079107350391752	-13.3524053623004626	1.000000
-49.6057839882347125	30.9214981667849180	1.000000
-70.3556082142825545	0.9804985213515135	1.000000
-70.5190190468474754	-12.2157996559099669	1.000000
-69.6660659374668683	-1.0737438888544388	1.000000
-69.0779793461115617	-8.8482366220723900	1.000000
-69.8882582742658229	0.0310767635824124	1.000000
-63.6562197243889401	18.7442974352851053	1.000000
-66.3697147903553599	-10.0199864632401319	1.000000
-64.2512526154772132	-20.6276570344639154	1.000000
-70.5445844455961719	0.1610171570100071	1.000000
-66.6476130269062566	11.6456563416265428	1.000000
-67.6030163930447401	-17.2411208661090534	1.000000
-9.8096312868664892	34.7715449445084204	1.000000
-10.3750095085547205	34.1480567981098062	1.000000
-24.5168021743355311	32.1687909313379876	1.000000
-70.8156067380952408	-10.3174982591575812	1.000000
-71.0040886293602966	-8.6557701500316782	1.000000
-68.2097298085702590	-15.7723060349547968	1.000000
-69.5741941199547540	-11.2897918524056013	1.000000
-68.4558586770926354	-7.9365043848704238	1.000000
-68.5333885333390214	0.1668741267546222	1.000000
-70.2231695376317901	-2.8963854166025924	1.000000
-66.6763443063587005	-20.3550415682090104	1.000000
-67.6390207979295752	-16.8655748071098159	1.000000
-68.1952281163681846	-15.7785958533425195	1.000000
-71.0140275044464460	-2.1029248105762108	1.000000
-68.4853087623950643	9.5365528014584982	1.000000
-70.5615962205916389	-2.1064214371142707	1.000000
-68.0131866845853637	6.5693686988909281	1.000000
-67.3699431183834605	-19.3309150070734823	1.000000
-69.9005017586911492	1.3477681646827540	1.000000
-70.0317663228528460	-12.8291922507782932	1.000000
-68.2505535080608041	-0.8216385784936754	1.000000
-60.6747500039807761	21.6481741683316748	1.000000
-32.7155743664517900	31.3212942961489986	1.000000
0.1703627170457138	-29.1339365835433632	1.000000
-14.7682912755687568	27.9333877826951920	1.000000
-47.7395437462559471	31.5332958644257069	1.000000
-30.0342312429276852	31.0124199416421860	1.000000
-54.1451849981915245	26.4902795531487918	1.000000
-58.6043668864839873	25.3060959216858414	1.000000
-71.2844675346753434	-2.0685053739591961	1.000000
-58.6379669738268419	25.3706509254766566	1.000000
-66.2987231556832626	14.9966764546449980	1.000000
-33.3563171938824397	30.9086731065573197	1.000000
-30.4985071285814975	29.9168233296755268	1.000000
-42.4884074022218741	32.8425471530616520	1.000000
-50.1852902197709980	30.2650725594561827	1.000000
-66.4419101949511486	12.5084348028298713	1.000000
-54.9440116596840795	26.1733208918395199	1.000000
-67.4719435325394414	-18.6426732958418562	1.000000
-71.2461466239399783	-8.6223223787102778	1.000000
-65.7147398851682567	-20.9515402661271288	1.000000
-64.4824489292284966	16.6311771137510540	1.000000
-68.8530415434735943	8.8914837352201967	1.000000
-65.8111521301344737	14.3348778263584666	1.000000
-70.0315869104667286	-12.0865871596385279	1.000000
-66.4477337661441823	-8.2719877256766825	1.000000
-66.5981543344823308	11.6213541233723987	1.000000
-71.4090029171987197	-3.0303397855066896	1.000000
-56.3432352805984280	23.4808286672964002	1.000000
-56.7941651277038773	23.4670009990909314	1.000000
-67.1428946828695103	-8.5288742905921566	1.000000
-70.2709660695303597	-2.0635184329453700	1.000000
-66.6058475099699336	13.9202848503646681	1.000000
-54.9709968697926854	26.9752468669016991	1.000000
-50.5803806802097569	26.4001730502143666	1.000000
-66.4654574876111184	15.1781197031586501	1.000000
-63.9112066982589155	18.5319357660863666	1.000000
-68.2793052823637794	10.3494739927697861	1.000000
-47.2714221950866857	31.2608621592775826	1.000000
-56.0382015247691925	27.9749712920508422	1.000000
-28.6988976257732737	31.3715749085039661	1.000000
-54.8915571479650097	26.2630176556430222	1.000000
-65.2648335367168073	15.4467310712955115	1.000000
-35.5060596221048002	31.2400266700796685	1.000000
-68.5467469968672276	8.5959373163803185	1.000000
-42.6745446997374458	31.5195212811557433	1.000000
-67.4396686271733898	10.7472262129524463	1.000000
-61.6852966214524656	17.3488048301909608	1.000000
-57.8483850183153052	26.2675114386547541	1.000000
-56.4390565373683870	26.9423887673753697	1.000000
-63.7174255555778970	18.6709546292400788	1.000000
-56.6327436726096067	24.8307692990409627	1.000000
-70.7962210484442664	-3.0252643257439193	1.000000
-51.2250778252700414	29.8027105974798872	1.000000
-68.4681904919977455	-15.2941090188317759	1.000000
-55.8046619043116578	27.5304959393546582	1.000000
-66.0454843936280440	14.7235108396422980	1.000000
-49.1779479462438687	30.9589111050453809	1.000000
-58.1194419276806826	24.4346501900660371	1.000000
-66.2214660224561982	8.8932361549960550	1.000000
-32.6733601572745727	31.3476296959769165	1.000000
-46.6585550936627058	30.8118284617369511	1.000000
-42.8052736962822209	32.8340559341508964	1.000000
-65.1987455048710132	-1.2179688847891785	1.000000
-70.1983699338348828	-11.3469526172327786	1.000000
-66.8281959025104442	11.7375579368441816	1.000000
-55.6874771424755011	25.6734369651308612	1.000000
-55.7078971360535036	27.3167917509365061	1.000000
-49.4560089783191543	30.7849963680835614	1.000000
-67.1881122688495509	10.8455152195796281	1.000000
-70.9060350632028360	-8.6645756866021326	1.000000
-51.1303401472351808	29.9220016668625988	1.000000
-49.5390448782934385	29.6888214244939270	1.000000
-68.7705415845817356	7.8408235075501302	1.000000
-55.7818793623637177	27.4780265445709979	1.000000
-69.8028568742777225	-9.4247952222186679	1.000000
-63.7934218577955292	14.9794189257793580	1.000000
-64.2422333979629627	13.7718793079762882	1.000000
-71.3435329449606712	-4.1939811527674058	1.000000
-41.8733692828367197	32.7698119227061255	1.000000
-66.0423616703463239	10.0167818222961618	1.000000
-52.1900893635205847	29.3233838224269405	1.000000
-66.0138939414783579	9.9625706674539085	1.000000
-40.3619035689871950	32.5921993529834211	1.000000
-66.9587691946692303	-16.2109794344837219	1.000000
-48.3315750753253539	31.2368905552094347	1.000000
-67.4434885157336907	-17.9623819315756350	1.000000
-68.3089673125118821	7.3811969743857340	1.000000
-64.8886299132227009	16.7118528664587060	1.000000
-50.2269959020109624	30.4722491934962392	1.000000
-41.8184864798147089	32.7992270354401327	1.000000
-62.1899634526953875	20.4194952373141625	1.000000
-70.8374077494060117	-9.4505686412306140	1.000000
-68.3844411977944304	2.8638764135013681	1.000000
-69.7346539700166090	1.6069039552193385	1.000000
-62.2103490484185784	20.3930631724033375	1.000000
-51.2057091717060118	27.7742505614958226	1.000000
-67.3699432003185024	-19.3309150148440310	1.000000
-66.4082373760967926	13.5281312434125223	1.000000
-52.0846447787164948	29.5017844828265154	1.000000
-29.4159272913803882	31.3921444275568007	1.000000
-65.8287877256412628	14.3813737737391119	1.000000
-51.0251321802767066	30.3976994406714951	1.000000
-43.6522377263385408	32.6505685137938926	1.000000
-66.8856806596253222	14.2608032591353115	1.000000
-65.3045580903411320	15.5087144860392403	1.000000
-67.9418083089056637	8.0990311671337523	1.000000
-25.6638836592662933	-20.5769721034812605	1.000000
