2.099145583203992	-0.06711116667867707	0.28755078599714695	-0.20815058119632696	0.23633147912345442	1
1.8027439515335533	-0.06711116667885607	1.109326504799793	-0.2081078595903792	0.04399302358535247	1
4.025756189061843	-0.06711116667866823	3.5080126487432057	-0.023828574380914253	0.5692290500580005	1
1.7286435436159435	-0.06711116667866594	-0.03584303830677243	0.06675345938925223	0.060324492327934985	1
0.765338240687018	-0.06711116667866703	-0.016429614796262176	1.0746339919638035	-0.06380841717699817	1
1.209940688192676	16.689862503097444	0.46971966570391427	0.02798882352100058	3.533710305342988	1
3.0624508861329174	-0.06711116667866626	-0.05025133317072306	0.028620855627547945	1.2319181273135056	1
7.730776584942325	-0.0671111666945603	2.7449353200101525	-0.0952844967343466	11.632174146016142	1
4.766760268237939	-0.06711116667866904	2.1904510295739854	-0.21158852321974336	0.6047798933323238	1
0.0	0.0	0.0	0.0	0.0	0
1.5063423198631145	-0.06711116667874854	0.23836047427853205	0.10648721115421059	1.8267478825127357	1
3.5070533336385754	-0.0671111666786688	3.995222046699352	-0.20693407863419536	0.8151560763611129	1
2.1732459911216013	-0.06711116667866582	-0.07237643015281954	-0.2066201424891286	-0.0033647971146839356	1
3.2106517019681364	-0.06711116667866683	0.5177303147523168	0.35297771558402463	3.04305020801075	1
3.803454965309014	-0.06711116667866796	16.54152834805834	-0.023550521894743683	0.6318216413036881	1
0.0	0.0	0.0	0.0	0.0	0
1.0617398723574567	-0.06711116667866576	-0.07237643015281954	-0.10666728002134858	-0.08857345214660664	1
3.136551294050527	-0.06711116667865541	1.185611986092403	-0.003195909565890147	2.099751135795675	1
3.7293545573914044	-0.06711116667866772	16.528651040368477	-0.04645689763507438	0.3812141587553656	1
0.32073579318136	-0.0671111666786659	-0.05618733480006602	-0.32089289929326703	-0.28355072015928195	1
1.3581415040278952	-0.0671111666786683	0.05154901081036973	-0.1941991906625919	0.2946225733445283	1
0.5430370169341889	7.949099074967903	2.054611317422859	0.09538642906466582	0.5069397097830635	1
3.136551294050527	-0.06711116667866572	-0.07237643015281954	-0.19805006326534808	0.08430738328140391	1
5.655965163249255	-0.06711116667867456	1.0369970343332275	0.2317050609744704	6.798582155012654	1
1.5063423198631145	-0.06711116667866594	-0.043236058517863205	-0.18352072093514918	-0.30183263190342446	1
0.0	0.0	0.0	0.0	0.0	0
3.803454965309014	-0.06711116667866618	0.018282503822600164	-0.2435838811696513	0.03348450985190146	1
1.8768443594511628	-0.06711116667866579	-0.07237643015281954	-0.16299384370922376	-0.04970003853463753	1
2.691948846544869	-0.06711116667866478	-0.07237643015281954	0.33804681803429	0.39420742031644357	1
4.173957004897062	-0.06711116667866455	1.1582589474346054	0.20957890055957412	1.0162594949892974	1
3.0624508861329174	-0.06711116667866603	0.08650096882853209	-0.2102872806474398	0.19413252457471591	1
0.6171374248517987	-0.06711116667873052	0.09449595419743638	0.03134345547113763	0.2182827454979297	1
5.433663939496426	-0.0671111667308194	2.6713931513609612	-0.07539483385140922	6.686590077779422	1
3.951655781144233	-0.06711116675356037	3.054049786366901	-0.06880844213277677	5.43272293184894	1
1.0617398723574567	-0.06711116667886596	0.8148399588292489	-0.2941146968842775	0.8262125722886282	1
0.0	0.0	0.0	0.0	0.0	0
5.285463123661207	-0.06711116672420459	10.778172090714344	-0.05578869544426794	5.811935854179798	1
1.5804427277807243	-0.06711116667874623	0.2329281825743138	0.3835798102355423	1.1435212488869457	1
1.6545431356983338	-0.06711116668935774	1.7687490252669147	0.39662560115274226	1.814824011063976	1
3.4329529257209654	-0.06711116667866479	1.38838753220247	-0.205967155307391	0.20805841156145347	1
3.358852517803356	-0.06711116667866522	-0.07237643015281954	0.12393129729492394	0.5100633838323652	1
3.6552541494737945	-0.06711116667866494	-0.07237643015281954	-0.02010126720234993	1.0815012636493413	1
3.6552541494737945	-0.06711116667866594	0.5450712486450364	-0.04890046601956525	1.6124869537819941	1
4.0998565969794525	-0.06711116667866582	-0.07237643015281954	-0.27432605917187125	0.010491807677093307	1
4.0998565969794525	-0.06711116667866603	-0.025967690141592788	-0.12017376083897459	1.1023692881644125	1
0.0	0.0	0.0	0.0	0.0	0
7.137973321601448	-0.06711116667866672	4.18384642180246	0.06719483890656405	6.915252407733448	1
5.137262307825988	-0.06711116667866959	0.7706660993852585	-0.24121262800076404	1.167348368969989	1
2.988350478215308	-0.06711116667866711	0.23236060151135265	-0.2052597525271748	0.5231481878552207	1
5.063161899908377	-0.06711116667866547	-0.07237643015281954	0.215771622958132	0.8185007437109872	1
4.2480574128146715	-0.06711116667866598	0.3451175213775413	-0.1780238965940083	0.5644067718484606	1
6.100567610754912	-0.06711116667867584	11.204077548049215	-0.21073076749044634	1.6925225231994614	1
4.5444590444851105	-0.06711116667866762	5.2546635999097315	-0.22269367311652408	1.1199934506822544	1
5.804165979084474	-0.0671111666792666	4.578650406686792	-0.17335879225403578	0.44896895623480265	1
3.136551294050527	-0.06711116667866568	-0.07237643015281954	-0.02004561657661618	-0.07843896929042488	1
4.0998565969794525	-0.06711116667866598	0.07862157493022004	-0.05442709193194626	0.918968247402601	1
2.1732459911216013	-0.06711116667866576	0.07143670023080753	-0.29640587997809453	0.17227926430029095	1
4.2480574128146715	-0.06711116667866479	0.5311459779292252	-0.0496839450167083	1.7969515158428377	1
3.803454965309014	-0.06711116667866585	-0.07237643015281954	-0.00273655547684722	0.16706194665973612	1
6.100567610754912	-0.06711116667866993	1.2383454173934005	-0.21685088592393603	1.323346755615567	1
5.433663939496426	-0.06711116667866926	1.2050646124519688	-0.17908345776474077	1.2155178806186646	1
4.0998565969794525	-0.06711116667866535	0.3973387045669349	-0.08805869868628782	-0.2147111239863969	1
5.359563531578816	-0.06711116667867018	0.08249658204861138	-0.032940281181012755	1.7981394875067491	1
3.4329529257209654	-0.0671111666786693	0.3857282534250446	0.020292903164803335	1.4931641434737892	1
1.8768443594511628	-0.06711116672923456	1.1041347099610965	-0.1314140325924152	4.44029938643309	1
5.211362715743597	-0.0671111666786663	1.2711740487988772	-0.2185856913869212	1.322384571049368	1
0.0	0.0	0.0	0.0	0.0	0
4.0998565969794525	-0.06711116667926008	19.11926575552344	-0.20581392657947295	0.4247959070777885	1
5.137262307825988	-0.06711116667867092	0.7000969003248829	-0.24968925260634958	0.9960071801996705	1
3.358852517803356	-0.06711116667866436	0.005331227540397346	0.34447438635965716	0.7198057066223228	1
5.730065571166865	-0.06711116667867606	0.08840204195047513	-0.11544820818256187	0.8593460806891392	1
0.0	0.0	0.0	0.0	0.0	0
4.989061491990768	-0.0671111666786664	0.7530432892019492	-0.172198444367292	0.6732402352208169	1
0.0	0.0	0.0	0.0	0.0	0
4.173957004897062	-0.0671111666786673	0.24592658944796555	-0.15324379273600117	0.8751068517429347	1
0.0	0.0	0.0	0.0	0.0	0
4.989061491990768	-0.06711116667866489	-0.07237643015281954	-0.2187774302477181	0.9516898357688804	1
3.2847521098857464	-0.06711116667866751	0.6156428712219459	-0.17682343786326818	0.2990898563596538	1
5.730065571166865	-0.06711116667866643	2.6297978255415844	0.06379883775295242	2.4988879435906157	1
3.2847521098857464	-0.0671111666786658	-0.07237643015281954	-0.2157611301416466	-0.27755768490844157	1
2.3955472148744303	-0.06711116667866546	0.5145292004672575	0.01600583641983448	0.14851729707100464	1
3.8775553732266235	-0.06711116667866626	4.854127526825891	0.12381653357031402	1.5960992182967746	1
6.619270466178181	-0.06711116667866975	2.3142250063615153	-0.18994252718341628	1.908118490145978	1
3.136551294050527	-0.06711116667866557	0.46591991267827954	0.1492986455032511	1.1526221333682305	1
0.0	0.0	0.0	0.0	0.0	0
4.025756189061843	-0.0671111666786696	1.8689095646429486	0.04307780510384988	1.4225220457491758	1
3.2847521098857464	-0.06711116667866979	0.7806946276067904	-0.16903589940759273	0.002650996745389036	1
3.8775553732266235	-0.06711116667866562	0.4826615646209846	-0.056936332690367325	3.3698224204240206	1
3.2847521098857464	-0.06711116667866768	7.209738674808922	0.12689056190808085	1.3526683142334328	1
2.4696476227920403	-0.06711116667866578	-0.07237643015281954	-0.15153886243641268	-0.11835067517567671	1
8.101278624530373	-0.06711116667866958	5.58056770837228	-0.10832610671925036	5.301923380087695	1
5.063161899908377	-0.0671111666786739	28.623544593064036	-0.075212062808049	1.8585806397569828	1
5.581864755331645	-0.06711116667866361	3.202400335698822	-0.12236981453522766	2.3491892195992365	1
3.7293545573914044	-0.06711116667866726	1.44890888286986	-0.05570754937636167	0.7787344670458762	1
3.803454965309014	-0.06711116667866557	-0.07237643015281954	0.2975792456956616	0.5792862351307284	1
2.8401496623800884	-0.0671111666786661	-0.03460187432972799	-0.031848448705865444	0.4572184665735697	1
10.99119453331715	-0.067111166678669	31.069565556300244	-0.16770582963007535	3.8906472083970733	1
3.2106517019681364	-0.06711116667866625	0.06409904532416989	0.04039917735781102	0.5104067785429058	1
2.099145583203992	-0.0671111666808254	1.0577014436728833	-0.2775304692559827	1.1953924212378368	1
5.063161899908377	-0.06711116667866678	0.027841779173749873	-0.1152876602489001	0.5509423341142852	1
2.4696476227920403	-0.067111166679138	1.8406154347947465	-0.04732099360142531	1.3877780607406762	1
0.0	0.0	0.0	0.0	0.0	0
9.879688414553007	-0.06711116667867441	26.647716614719343	-0.11744314820751156	6.667284962307514	1
4.025756189061843	-0.06711116667867606	1.891035218576351	-0.21116643693825415	1.1449545934665748	1
3.951655781144233	-0.06711116668069951	2.1501195220375733	-0.12421161953068686	2.470066634661116	1
3.358852517803356	-0.06711116667867292	22.39966053070155	-0.006899348760426512	1.835580545538921	1
1.9509447673687725	-0.06711116667867072	1.1504171523632194	0.023768480099859844	0.6654128055579974	1
2.6178484386272594	-0.06711116667866646	0.015044684752049453	-0.2915398697295667	0.17957463452441333	1
4.2480574128146715	-0.06711116667875987	9.24671393284126	-0.0835850643012782	3.0465469452738665	1
0.0	0.0	0.0	0.0	0.0	0
3.0624508861329174	-0.0671111666789331	0.3644199704814819	0.0064997318983825835	0.9461392230402398	1
1.8027439515335533	3.044628679156169	1.2764633728054646	-0.15171533973893503	3.0772153930107233	1
4.766760268237939	-0.0671111666786691	0.8821606916176582	-0.16864751833371625	0.9472640291301955	1
2.2473463990392113	-0.06711116667866525	0.0750882406270397	0.010031676023207332	0.9589036757350695	1
3.5070533336385754	-0.06711116667870619	12.387628883342803	-0.20693407863419536	0.5989242509790152	1
1.209940688192676	-0.06711116667866582	-0.07237643015281954	0.6167267307700768	0.03350097640821105	1
0.0	0.0	0.0	0.0	0.0	0
19.068138996336604	-0.06711116667943784	91.61535626417351	-0.2251356263987881	18.373327236560247	1
5.359563531578816	-0.06711116667866858	1.2052512660501145	-0.06736939856399969	5.331915547330601	1
3.6552541494737945	2.6676204167972895	0.9459349690525716	0.011897842594556316	6.520949445455138	1
0.17253497734614068	-0.06711116667866573	-0.07237643015281954	-0.32089289929326703	-0.3275198749869691	1
2.3955472148744303	-0.06711116667866608	0.018282503822600164	-0.2796399928794179	-0.3316778405295944	1
3.4329529257209654	-0.06711116667867055	0.16959658171966968	-0.19519286680871503	-0.1383695242025824	1
0.0	0.0	0.0	0.0	0.0	0
2.4696476227920403	-0.06711116669548962	1.555601079246936	-0.18410694644734643	0.2584636788339472	1
6.396969242425351	-0.067111166678683	15.454201531709897	-0.0927779266839383	2.8665978177882985	1
2.1732459911216013	-0.06711116667866765	0.23332765375834272	0.005600691575699903	-0.00787959414052867	1
3.2106517019681364	-0.06711116667871213	1.2849494662502419	-0.20722797630191697	0.5542957948194412	1
3.2847521098857464	-0.06711116667907437	0.6996480402856079	-0.23564420704975436	0.5281819214850924	1
6.322868834507742	-0.06711116667865925	4.399835268942334	-0.05563825610489166	4.526342324223654	1
3.0624508861329174	-0.06711116667866808	0.7885513586064313	-0.21913573013910576	0.03885757481751183	1
1.8027439515335533	-0.06711116667866548	0.027348397220142137	-0.21938636356066793	-0.11665487250965728	1
0.0	0.0	0.0	0.0	0.0	0
3.7293545573914044	-0.06711116667884115	3.6155922804035745	0.1015535302255239	2.991525600516018	1
6.248768426590132	-0.06711116667866426	1.6516189831312642	0.020549695876722906	6.234943174058918	1
3.7293545573914044	-0.06711116667866632	0.3954113346115059	-0.17904957259352727	0.5883600375111019	1
5.507764347414035	-0.06711116667870935	3.9708680690819067	-0.13808668985857617	3.968503544925387	1
3.2106517019681364	-0.06711116667908054	2.185821096309713	0.11346948499510755	2.1737386066635773	1
6.989772505766228	-0.06711116667866561	14.460953807279925	-0.09057054981631589	3.9347836039841853	1
5.581864755331645	-0.06711116667894261	1.4834151087967677	-0.20641608399483546	0.8431814194608895	1
4.5444590444851105	-0.0671111666789661	1.110397994810907	-0.02629522076303774	2.6505902844073543	1
0.0	0.0	0.0	0.0	0.0	0
2.4696476227920403	-0.06711116667866937	3.658172780306883	-0.2231886472604667	-0.10351447625505639	1
4.5444590444851105	-0.06711116667872943	9.941967764248009	-0.009217094471430395	3.1090640396868316	1
2.321446806956821	-0.06711116667870447	2.7007001951315854	-0.24820920704029495	1.1516480138442233	1
1.9509447673687725	-0.06711116667866464	4.188925556347328	-0.28150302736262395	-0.018042242621156297	1
0.0	0.0	0.0	0.0	0.0	0
6.841571689931009	-0.06711116667866342	22.840673502488652	-0.1527181964063961	3.427251013282034	1
1.209940688192676	-0.06711116667866562	-0.07237643015281954	-0.14645203788613323	0.0687516197188217	1
3.136551294050527	-0.06711116667879327	0.6177503584015187	-0.20652198299141133	1.588627522929054	1
7.063872913683838	-0.06711116667864803	2.0353896363166935	-0.23393677292516588	3.6539980383342705	1
2.988350478215308	-0.06711116667867095	0.5785166609042152	-0.24226235949232447	0.2939996304629062	1
3.358852517803356	-0.06711116667866653	0.23179791192291066	-0.24239451166005702	0.2364658646106968	1
5.211362715743597	-0.06711116667959345	15.52014231976653	-0.002420461778351356	6.263818530743824	1
5.285463123661207	-0.06711116667870183	1.1860370660105297	-0.1184496890813042	4.3046926253743285	1
6.100567610754912	-0.06711116667867319	25.024917404591562	-0.18625029375648613	4.240305354458978	1
4.989061491990768	-0.06711116667866593	0.7921516596639585	-0.04858498183846899	2.956662450268116	1
0.0	0.0	0.0	0.0	0.0	0
7.063872913683838	-0.06711116667909323	4.707245158122968	-0.09147673610933958	4.631263240492069	1
5.359563531578816	-0.06711116667866945	3.8935316823746655	-0.0986685961848972	2.7662159516594156	1
3.8775553732266235	-0.06711116667909707	3.1609366884159216	0.16685293029904763	3.723691290337764	1
2.691948846544869	-0.06711116667866605	0.1040847091921938	-0.24271361079677725	0.470869363779289	1
4.0998565969794525	-0.06711116667866489	1.4283958844528766	0.35619966109254675	1.8041107399614982	1
4.840860676155549	-0.06711116668327302	1.7159344432056152	0.13417021742099486	6.131361729348118	1
3.803454965309014	-0.06711116668127041	0.5412317492926586	-0.06815187850452248	1.8953511038702948	1
0.0	0.0	0.0	0.0	0.0	0
3.581153741556185	-0.0671111666834152	4.425822824214206	-0.1912965046157975	1.3259856604418725	1
6.174668018672523	-0.06711116667906582	2.2819534510858683	-0.1360653226018674	2.9703723429689433	1
3.0624508861329174	-0.06711116668022751	0.4956295439380753	0.1215295752900433	2.9421965850593756	1
3.8775553732266235	-0.06711116667866576	-0.07237643015281954	-0.2807255956797823	-0.12368134096288444	1
9.286885151212127	-0.06711116667867678	96.35324266085613	-0.21604114717735157	4.021963863053743	1
4.61855945240272	-0.06711116668033323	8.60523614022101	-0.19455937178165594	3.312433590976796	1
3.6552541494737945	-0.06711116667867442	1.4569586833894672	-0.09689913071492466	1.8234652073325572	1
1.9509447673687725	-0.06711116667937007	1.6425061336208202	0.07300582001316369	1.6159469454891464	1
0.0	0.0	0.0	0.0	0.0	0
0.02433416151092137	-0.06711116667866579	-0.07237643015281954	2.42655066786909	-0.3275198749869691	1
3.8775553732266235	-0.06711116667867273	1.1220321046119273	-0.17170005730032373	1.0319837026836858	1
3.5070533336385754	-0.06711116667866424	3.18546086329896	-0.03426919884772204	1.5506089493551742	1
2.914250070297698	-0.06711116667869396	1.3643232120078586	0.0130986548543764	1.644751307542753	1
0.8394386486046277	-0.06711116667866579	-0.07237643015281954	-0.2445750224276463	-0.2507812557122316	1
2.321446806956821	-0.06711116667998036	1.0891864716987887	0.26057663873051184	2.9421071397910907	1
3.5070533336385754	-0.06711116667866643	0.09588994330649048	-0.19657418584700664	0.0025571735942617915	1
5.359563531578816	-0.06711116667893845	1.3732592804053023	-0.07988907761235861	2.1718595925138655	1
2.3955472148744303	-0.06711116667866886	1.1861644830057276	-0.03212255439632286	0.6013892070772374	1
2.2473463990392113	-0.06711116667866614	0.00338993775134424	0.048511277804192655	0.0928198842260131	1
4.0998565969794525	-0.06711116667866607	-0.07237643015281954	0.1758200620016222	0.26145659239965624	1
2.2473463990392113	-0.0671111666891649	0.14908408683310073	0.19473376457193714	3.7244672151984797	1
2.4696476227920403	-0.06711116667867513	0.160442997388967	-0.027780143194865138	1.4194950235122423	1
5.581864755331645	-0.06711116668274494	1.4841460178008514	0.0065977368769293285	2.8714991885473724	1
0.0	0.0	0.0	0.0	0.0	0
3.951655781144233	-0.067111166678672	1.157746496286354	-0.03556653569403078	1.8390518022305422	1
0.0	0.0	0.0	0.0	0.0	0
3.5070533336385754	-0.0671111666786661	0.02152032289315086	-0.14822801950679418	-0.1130145369068486	1
6.471069650342961	-0.0671111666786663	10.047053303798325	-0.13930521329671058	4.88008455046185	1
3.2106517019681364	-0.0671111666786657	0.0765632470925128	-0.18287120708948434	-0.0020327380507129023	1
0.0	0.0	0.0	0.0	0.0	0
2.1732459911216013	-0.06711116667866711	0.09640022967521572	-0.05969802659809346	0.7620014513206113	1
3.7293545573914044	-0.06711116667902431	1.1639368382069173	-0.18213312317395605	4.065058820073741	1
0.0	0.0	0.0	0.0	0.0	0
1.9509447673687725	-0.06711116667866703	1.1275959803146	-0.06485873174408704	0.23884602133911267	1
2.099145583203992	-0.06711116667874424	2.5600821510716387	-0.008683403024817756	0.8214044996996478	1
3.358852517803356	-0.06711116667866479	0.3232670274599666	-0.0667076441000152	-0.07389160533691577	1
2.099145583203992	-0.0671111666786667	0.24296051590655032	-0.2515130112336118	0.2563832792211378	1
3.6552541494737945	-0.06711116667866866	0.4091952328901598	-0.04570055503987483	1.292017962479654	1
4.5444590444851105	-0.06711116667897661	1.1273829607380355	-0.06111858765451864	1.3311530125301776	1
3.951655781144233	-0.0671111666814017	1.6074107286102253	-0.04941733004350831	2.6635126994054024	1
1.0617398723574567	-0.06711116667866683	0.09331650788937743	0.027223732023600376	0.479996706233526	1
4.173957004897062	-0.06711116667866818	0.5129608006581078	-0.19077717480106107	0.6048327118438314	1
3.803454965309014	-0.06711116667866641	1.0266617499243174	-0.14248747285415322	0.5195521537133053	1
3.6552541494737945	-0.06711116667871911	0.41636606907697515	-0.18009681618688025	1.1817143636083058	1
3.951655781144233	-0.06711116668151623	1.2940578115336696	-0.17130432031891038	1.8405945795532888	1
4.2480574128146715	-0.0671111666806779	0.6575004924590598	0.0719564996543557	1.8622610774862904	1
3.803454965309014	-0.06711116667866576	-0.07237643015281954	-0.20195594833385797	0.1877017852081548	1
6.69337087409579	-0.06711116667867525	36.57811485856551	-0.18859718441310902	2.965845991485296	1
0.0	0.0	0.0	0.0	0.0	0
2.2473463990392113	-0.06711116667887398	1.4160411151865515	-0.15927857181312846	0.12313386409547052	1
2.914250070297698	-0.06711116667899567	2.1027110206951476	0.0760245998387153	1.4455989971678618	1
4.61855945240272	-0.06711116667866594	1.5569348398687293	-0.07236792713927767	1.636486278999143	1
4.61855945240272	-0.06711116667867134	0.9003772397494912	0.004260605941536265	1.6999339976622705	1
3.2106517019681364	-0.06711116667866472	0.37562795999288023	0.011982946609973616	0.02299162610543952	1
4.914961084073158	-0.06711116667866746	5.79275923422815	-0.042647440781183946	1.6419922413135803	1
3.951655781144233	-0.06711116667867156	1.9202159095605027	-0.11590114292100026	1.2899027097590154	1
2.2473463990392113	-0.06711116667866589	-0.07237643015281954	-0.2439336957312964	0.023577668178214453	1
2.4696476227920403	-0.06711116667866705	0.11559566992753652	-0.2492431144692134	0.15430628240792185	1
4.840860676155549	-0.06711116667865792	4.2480225741604105	-0.14265984524684808	3.206337237336511	1
5.581864755331645	-0.06711116667874346	4.859761998124284	0.0529680924408509	5.56955812070173	1
2.0250451752863823	-0.06711116667866603	0.23996798615952625	-0.25626889065705594	0.11794926927231072	1
7.582575769107105	-0.06711116667867181	1.4815986472065494	-0.22561330694472245	1.5068923495662019	1
4.322157820732281	-0.06711116667866597	1.4451623356236272	-0.19662723189302417	0.7241744224256919	1
0.0	0.0	0.0	0.0	0.0	0
6.69337087409579	-0.06711116667867528	4.399685445446345	-0.07578688490289646	3.606667094054458	1
4.2480574128146715	-0.0671111666786673	0.7695117766903766	-0.21434652439890456	0.8983036770989783	1
5.137262307825988	-0.06711116668199815	1.772394062507292	-0.036078312545595896	4.821864947693146	1
2.914250070297698	-0.06711116669983756	0.3909173916106627	0.10022688637115347	6.128570182899027	1
0.0	0.0	0.0	0.0	0.0	0
0.9135390565222373	-0.06711116667890303	0.07946485191300574	0.655526995899237	0.8209119496058794	1
6.841571689931009	-0.06711116667866471	4.234078672946759	-0.14878428522775597	3.056013086913382	1
0.0	0.0	0.0	0.0	0.0	0
4.914961084073158	-0.06711116667866832	2.615110889345363	-0.15873660559086128	1.864412305499382	1
2.988350478215308	-0.06711116667866565	0.14131962850352686	-0.1405051903381632	0.20672930312574941	1
3.581153741556185	-0.06711116667944327	3.376259271573437	-0.11154487712197003	1.126799167678779	1
3.358852517803356	-0.06711116667866518	0.31361942040075275	0.4491389032039377	1.650765867002729	1
1.9509447673687725	-0.06711116667917753	0.5288413579995115	-0.03531632779610475	1.1067033554558359	1
2.1732459911216013	-0.06711116667867427	0.8978721118564992	-0.07602270614154183	0.8467651227850032	1
0.0	0.0	0.0	0.0	0.0	0
0.0	0.0	0.0	0.0	0.0	0
4.173957004897062	-0.06711116668178294	7.10739165469593	-0.0006080390047592174	2.2668947700512114	1
5.137262307825988	-0.06711116667867262	3.1923155699448365	-0.23443132831629568	0.23809286298623766	1
0.0	0.0	0.0	0.0	0.0	0
8.84228270370647	-0.06711116667867655	3.589223604553673	-0.17077905809416996	4.858395558047333	1
0.0	0.0	0.0	0.0	0.0	0
4.025756189061843	-0.06711116668057818	7.0947219463200515	0.048430315462631074	6.926295281011242	1
4.61855945240272	-0.06711116667866608	1.1049798323924267	-0.20698562038935533	0.5441433934838964	1
0.0	0.0	0.0	0.0	0.0	0
3.2847521098857464	-0.06711116667866854	1.0111398346640648	-0.0677978994838096	0.4800385654928727	1
0.0	0.0	0.0	0.0	0.0	0
2.1732459911216013	-0.06711116667881702	1.030897451532313	-0.1413214243153352	0.09827841798755019	1
3.8775553732266235	-0.067111166678825	3.760440581260834	-0.12005638122584333	3.137564806933904	1
4.989061491990768	-0.06711116667867897	4.26013982109248	-0.09158096880501629	2.3311344281583772	1
6.100567610754912	-0.06711116667867033	1.9750327005470472	-0.06996804352017479	3.6114203298957896	1
2.691948846544869	-0.06711116667866567	0.3598724157656994	-0.2538820805819901	0.16506696469494742	1
2.54374803070965	-0.06711116667866585	0.08789561383944029	-0.30853372895065667	-0.3340436192621559	1
3.0624508861329174	-0.06711116667866582	-0.07237643015281954	-0.15277235895160923	0.09193376971184682	1
4.61855945240272	-0.0671111666786731	2.5796785065424603	-0.10964667296237587	1.2896988648484022	1
3.358852517803356	-0.06711116667867732	1.8258898583071907	-0.08913575485236111	1.318858592981966	1
2.988350478215308	-0.06711116667869234	0.32267977871577974	0.3174020708555635	2.450595611264767	1
2.4696476227920403	-0.06711116667866582	-0.07237643015281954	-0.262270348073587	0.34775561316428866	1
1.9509447673687725	-0.06711116667866356	13.076827961520461	0.11239569194380676	1.5202221404889937	1
2.6178484386272594	-0.06711116667866537	0.8276606717957568	-0.20348078103846565	2.070632010544364	1
3.2847521098857464	-0.06711116667866997	2.2298762675713313	-0.10673559176218758	0.3549152000867799	1
4.69265986032033	-0.06711116667998547	1.438066074657756	0.0007276529060136345	3.0243197129552617	1
8.249479440365592	-0.06711116667867338	8.289092466734367	-0.17535116110275775	3.415609168219739	1
5.804165979084474	-0.06711116667867106	0.8592010228264103	-0.07061152820295552	2.99629995495769	1
3.0624508861329174	-0.06711116667866596	0.6535027201838897	-0.15277235895160923	0.7431241496580302	1
4.025756189061843	-0.06711116667868121	1.3502490782655971	-0.0746774227893348	2.587584353375804	1
2.766049254462479	-0.0671111667767045	2.0504998701917794	-0.18793492565978112	5.339712414143088	1
2.321446806956821	-0.06711116667867977	1.5624400651625625	0.057062300422189315	0.04141652898532092	1
2.54374803070965	-0.06711116667867892	2.798385939840024	0.018984285128526818	2.406115126342204	1
5.655965163249255	-0.06711116667866605	0.30740211243114884	-0.11313867893685456	1.0013198427651107	1
2.0250451752863823	-0.0671111666786702	0.41816464128201075	0.1314751611602122	0.6937250037342841	1
2.4696476227920403	-0.0671111666786669	0.38424462351504945	-0.27529758167796015	-0.12158480051371048	1
4.766760268237939	-0.06711116667866521	2.287981410097022	-0.23501088952121277	0.9266259152259377	1
5.804165979084474	-0.06711116667866629	1.6560076403871862	0.057220354880805756	5.3459887848906	1
5.878266387002084	-0.06711116667869164	8.155553888431083	-0.16851985770269864	4.177223153193378	1
2.0250451752863823	-0.067111166681347	2.0316111727208304	0.2976511833676131	1.8411475417013892	1
5.137262307825988	-0.06711116667894429	3.2664788306873356	0.15888405338286954	4.21820217495753	1
3.0624508861329174	-0.06711116667879755	2.6135495344128348	-0.09968166200161212	1.4946022687148177	1
4.5444590444851105	-0.06711116667925068	2.907885744549426	-0.1992112494655639	2.556094786216238	1
3.5070533336385754	-0.06711116668173096	0.7832123273445054	-0.18966759065554767	1.180058986585833	1
1.7286435436159435	-0.0671111666786712	1.590713151149791	-0.11495577124317886	0.09500587551460268	1
2.0250451752863823	-0.06711116667866708	0.14000791464485862	-0.21010888448833362	-0.19874983942009852	1
4.173957004897062	-0.06711116668168346	3.0356016480455894	-0.16575492009102114	4.120496951221505	1
3.581153741556185	-0.06711116667866719	0.5619514498328874	-0.21123441148925423	0.47370068955888545	1
2.6178484386272594	-0.06711116667866589	0.9220387518900651	-0.17999835738750544	0.242894675357292	1
2.4696476227920403	-0.06711116667866576	-0.07237643015281954	-0.13851162883203905	-0.3517520293740641	1
1.5804427277807243	0.4144284539880767	0.25909304556460816	0.5667427147130328	2.3132703063959745	1
1.5804427277807243	-0.06711116667866693	0.12917780698896172	-0.2504456283403865	0.38708270159081376	1
4.61855945240272	-0.06711116667869454	8.538695677454582	0.03739726889540123	3.2445330240021013	1
0.0	0.0	0.0	0.0	0.0	0
2.988350478215308	-0.06711116667866641	0.25032620387873394	-0.2885156181987614	1.0653180419679118	1
5.730065571166865	-0.06711116667867022	2.4976321497767255	-0.15957055795130404	3.5973587799120685	1
5.137262307825988	-0.06711116667867423	17.05803297927853	-0.2700331516597546	1.2004809076588532	1
4.3962582286498915	-0.06711116667866605	11.447357772524905	0.3764162732586869	3.932849882371421	1
1.5804427277807243	-0.0671111666786688	0.12106988520423081	-0.20817726576865758	-0.08935076891617945	1
3.803454965309014	-0.06711116667890256	0.320809874561128	0.10133327661263629	2.0272590767404304	1
2.4696476227920403	-0.06711116667866966	4.288004142558029	0.3109279305188445	1.4296587105826253	1
6.100567610754912	-0.06711116667865973	1.8911611203820655	-0.10424070674771918	5.020400401609084	1
4.5444590444851105	-0.06711116667974039	2.852423467536439	0.0206696265388826	4.234640824803595	1
0.0	0.0	0.0	0.0	0.0	0
2.0250451752863823	-0.06711116667878472	0.2811096995078266	0.4545952043412692	0.8920929234946611	1
3.8775553732266235	-0.0671111666786669	0.767286481064684	-0.2491655714120443	-0.07749523477048728	1
5.507764347414035	-0.06711116667953684	9.637089447138663	-0.19604963431347838	3.443455366029848	1
4.025756189061843	-0.0671111666786658	-0.07237643015281954	-0.10411622976263143	0.9103861076234084	1
2.321446806956821	-0.06711116668112822	1.1325042370369065	-0.05196323795726924	2.072222037727715	1
0.0	0.0	0.0	0.0	0.0	0
4.69265986032033	-0.06711116668364585	2.6353740916939232	-0.11585979726622578	1.9174963330413495	1
5.211362715743597	-0.06711116667867222	4.351964554944997	0.020681165813404408	2.3369149737433954	1
1.432241911945505	-0.06711116667876142	0.5285208766862086	-0.23793868530889636	0.41381820486930027	1
9.731487598717788	-0.06711116667866172	3.1197041580642626	-0.12486070577569175	10.354199724182246	1
2.2473463990392113	-0.06711116667881258	2.5035090573871175	0.13316640172236055	0.6413270187698689	1
2.2473463990392113	-0.06711116667867048	0.3174667705595555	-0.2824132975122817	2.358135220343005	1
2.6178484386272594	-0.06711116667866579	-0.07237643015281954	-0.2210925987766861	-0.13905509298207713	1
2.1732459911216013	-0.06711116667867001	0.13923379322025273	0.10354876883639001	0.22344684342612325	1
2.766049254462479	-0.06711116667868616	0.2623652193898349	-0.1666616498784234	1.7620817323869287	1
1.6545431356983338	-0.06711116668082139	0.4629736844888158	0.07048082822273796	1.8585653106781592	1
5.359563531578816	-0.06711116667870218	0.7562465397683555	-0.08771387701758297	5.589305989428643	1
2.3955472148744303	-0.06711116667867646	8.208310852914934	-0.19025869564941136	0.36826371064920294	1
4.3962582286498915	-0.06711116667868373	13.034052097562448	-0.07331407255657983	2.3435450751692724	1
2.321446806956821	-0.06711116667866625	0.26531928466289434	-0.284551053166781	0.5015128314993996	1
2.099145583203992	-0.06711116667867065	1.6790688259018498	-0.18213312317395605	0.2068052105479715	1
4.470358636567501	-0.06711116667866156	6.888327284294095	0.03574640990569242	3.1976343591519263	1
0.0	0.0	0.0	0.0	0.0	0
3.803454965309014	-0.06711116667879041	0.6151058892014948	-0.28223839023145914	0.14529359379259046	1
5.063161899908377	-0.0671111666786621	0.3422483600346499	-0.13968150216941802	1.8678209821587897	1
1.7286435436159435	-0.06711116667866537	0.0656934259270926	-0.05438602769903487	-0.2513712171491361	1
3.803454965309014	-0.06711116667873808	4.640575402088278	0.4997720623266577	5.223160540372476	1
3.0624508861329174	-0.06711116667866748	1.2927748916406447	-0.17489348268077504	0.23785834117896976	1
3.2106517019681364	-0.06711116667905787	2.525480609315996	-0.15851443787705216	1.5945578752342395	1
0.0	0.0	0.0	0.0	0.0	0
3.951655781144233	-0.06711116667987224	1.5206726021564452	-0.14637289048985055	0.67237207093523	1
2.099145583203992	-0.0671111666786658	-0.07237643015281954	-0.043373347054645114	-0.04715913024630493	1
5.730065571166865	-0.0671111666786729	0.8549043725213483	-0.04926468352944885	3.724832438337305	1
2.3955472148744303	-0.06711116667867734	0.5809015513506487	0.009130352017526305	0.3184510208368932	1
3.358852517803356	-0.06711116667872756	1.0634868200103467	0.0678610204140594	2.421059871428133	1
3.358852517803356	-0.06711116667866958	0.1933270217075884	0.011790743533194807	0.3047252596307577	1
0.0	0.0	0.0	0.0	0.0	0
2.321446806956821	-0.0671111666826361	0.8401489112307203	-0.2990877916173756	0.33842360017713674	1
4.3962582286498915	-0.0671111666786672	0.47637044126705197	-0.2800083224009702	0.4727319187154373	1
3.0624508861329174	-0.06711116667866672	0.32303485286327516	-0.23240840437660515	0.3478160343689847	1
2.54374803070965	-0.06711116667868511	-0.012735258702003217	0.35268188437901554	1.9862195680742598	1
3.4329529257209654	-0.06711116667873535	13.656910861165647	0.515910174103895	1.7310910253354295	1
5.730065571166865	-0.06711116667893836	2.256496222988863	-0.2946952541180766	0.05961158910638129	1
3.7293545573914044	-0.06711116667866852	2.3284325104481005	-0.06804175169807823	1.8614412920117427	1
1.0617398723574567	-0.06711116667866479	0.03298764619635083	-0.26733649447528757	0.09239322870942293	1
2.3955472148744303	-0.0671111666786652	4.106577761494302	-0.08025094521248023	-0.024044303084204865	1
0.987639464439847	-0.06711116667930939	0.03725201205974721	0.3076072631294943	0.9157050248264968	1
0.0	0.0	0.0	0.0	0.0	0
5.359563531578816	-0.06711116667867205	13.425647622956818	0.07191203084899266	3.301380717660197	1
2.321446806956821	-0.06711116667866379	-0.027046963165109694	0.31872359253288984	0.8467798702756545	1
0.0	0.0	0.0	0.0	0.0	0
4.025756189061843	-0.06711116667869886	0.2826109510324213	-0.18975639550312934	0.9522347520780048	1
3.2106517019681364	-0.06711116667866152	3.021423160198898	-0.10980089945218778	1.8729303802091561	1
0.0	0.0	0.0	0.0	0.0	0
5.730065571166865	-0.06711116667864853	1.1433259218700842	-0.02673095618463921	4.091001708352609	1
0.0	0.0	0.0	0.0	0.0	0
5.730065571166865	-0.06711116667894211	5.369578265667684	-0.09476585672846405	1.7439804558653724	1
2.691948846544869	-0.06711116667866723	1.0765240301793049	0.13701436190045918	2.4633413960527726	1
6.248768426590132	-0.06711116667897925	11.860645112567695	-0.1338010663234099	3.0745609449866196	1
1.6545431356983338	0.5076095126288307	0.7693510633397531	0.46185455573874334	3.1423447903514514	1
2.54374803070965	-0.06711116667891147	0.40273092076980604	0.29706561783726765	1.5698387506238622	1
4.025756189061843	-0.06711116667868285	9.977684186119014	-0.2593390301672841	0.9394737230697586	1
18.771737364666166	-0.06711116667867859	50.06436559210218	-0.19506612194355985	16.482113119637784	1
3.2106517019681364	-0.06711116667905467	0.7994940717322423	-0.15039551480624175	0.6582973145752639	1
0.0	0.0	0.0	0.0	0.0	0
5.507764347414035	-0.06711116668041447	10.004741972025188	-0.02981036141892294	3.844469150183822	1
4.322157820732281	-0.06711116670789588	2.219532198671219	-0.004367142707742173	5.820015798247494	1
3.136551294050527	-0.06711116667867026	0.7815545390550561	0.08152328769474373	2.2063978471359	1
4.3962582286498915	-0.067111166678667	0.17319672816240103	-0.20732463014799765	0.22933394242665955	1
0.0	0.0	0.0	0.0	0.0	0
3.8775553732266235	-0.06711116667869747	0.7838147633669136	-0.028245401537878252	1.256669492172629	1
3.136551294050527	-0.06711116667879755	2.48454397316508	-0.08367914696349237	1.282191640690937	1
3.7293545573914044	-0.06711116667866666	0.8299819012103024	-0.23763703362168082	0.1624362598013723	1
3.581153741556185	-0.06711116667878253	2.1106628504995686	-0.19794247357361655	1.5083543544193552	1
2.8401496623800884	-0.0671111666786659	-0.07237643015281954	-0.016635582885475515	0.6676763053656528	1
4.840860676155549	-0.0671111666792747	1.101036999347811	-0.04216674030578154	4.311058861420661	1
4.766760268237939	-0.06711116667902021	1.490197643605173	-0.28575934984106316	0.7514053825922324	1
0.0	0.0	0.0	0.0	0.0	0
3.581153741556185	-0.06711116667866623	1.3589595488160424	-0.15474367534779354	0.7691637219048736	1
4.69265986032033	-0.06711116667867516	4.401390838793274	0.07108214869960619	3.284733227162462	1
3.6552541494737945	-0.06711116667866611	0.3279844739064743	-0.24729494676038322	0.26544911282948247	1
4.840860676155549	-0.06711116667926036	4.467819516076152	-0.04216674030578154	1.9916070935745058	1
5.730065571166865	-0.06711116667898821	26.067116327761966	-0.06581056469272709	5.086370635165972	1
1.2840410961102855	-0.06711116667987195	0.7979344489810312	-0.16231029801405467	1.9956936831181555	1
2.4696476227920403	-0.06711116667866412	0.23809853110093443	-0.07988907761235861	0.5267765448717694	1
4.470358636567501	-0.06711116667866625	0.624708908844443	-0.2394382422539986	0.544189701605863	1
0.0	0.0	0.0	0.0	0.0	0
0.0	0.0	0.0	0.0	0.0	0
7.360274545354277	-0.0671111666786673	1.3217783525216498	-0.14733954973701918	2.181099271796013	1
3.951655781144233	-0.06711116667866904	0.18415025702819876	-0.2627195630254617	0.26098965314462863	1
4.025756189061843	-0.06711116667866597	-0.07237643015281954	-0.1763751196061768	0.28843865176453004	1
2.54374803070965	-0.06711116667866815	2.388218908446297	-0.061350322098442656	0.41717086420168176	1
5.507764347414035	-0.06711116667927146	4.39492103389254	-0.002839819463804507	3.311001357104252	1
3.8775553732266235	-0.06711116667893234	0.9049286978787787	-0.194652802222315	1.4018278704173048	1
6.619270466178181	-0.06711116667867104	4.068083159301356	-0.04118290446662582	3.6153823426667553	1
4.0998565969794525	-0.06711116667866723	2.221369740619901	-0.04666595191171354	0.4842472112434871	1
2.4696476227920403	-0.06711116667866689	0.5929234373104488	-0.2166750304582797	0.11683331606613427	1
3.5070533336385754	4.080512498051383	2.7217645066460734	-0.05844228201782829	5.261325740399189	1
4.173957004897062	-0.0671111666786723	0.18306763775886928	-0.08818593048989817	0.6263846892043571	1
6.322868834507742	-0.06711116667866969	4.283544610531252	-0.05906827304267244	3.6789162052673987	1
3.5070533336385754	-0.06711116667867541	2.451003622769541	-0.04117579403918103	0.32200980423145503	1
0.987639464439847	13.097874276691622	0.022176757789604207	0.6068930547593807	2.5866794342647093	1
4.322157820732281	-0.06711116667866719	2.100104607424431	-0.16849160908542168	0.5737973827870986	1
2.321446806956821	-0.06711116667867242	0.5716852583734259	0.311455223307593	0.5156988999894554	1
2.988350478215308	-0.06711116667866505	2.54660255126107	-0.1497558420794505	0.38393111341651975	1
1.9509447673687725	-0.06711116667866635	-0.056461789293708604	0.16163303185711111	0.37505231169977077	1
2.54374803070965	-0.06711116667866572	-0.07237643015281954	-0.14786451449671775	1.3108763291331593	1
7.953077808695154	-0.06711116668051097	9.988508986810528	-0.17650772684479496	4.512435495262225	1
2.1732459911216013	-0.06711116667866551	0.1377471063108022	-0.05969802659809346	0.7002754809930104	1
5.655965163249255	-0.06711116668121293	2.4224226700746643	-0.053371617193719516	2.305947138425393	1
4.2480574128146715	29.088949560056083	3.7741189863230105	0.22878953482083045	5.839813697680158	1
3.2847521098857464	-0.06711116667866943	0.9478364955633143	-0.09894805330651218	0.08541905462062589	1
1.7286435436159435	2.3294484273557523	0.27124149391049457	0.7087927409571751	2.789443186232671	1
0.0	0.0	0.0	0.0	0.0	0
4.173957004897062	-0.06711116667882495	1.0457875203889535	-0.14573711632298963	1.4489608596781196	1
2.8401496623800884	-0.06711116667868207	1.1787347567421282	0.525956631375086	2.001009931523507	1
4.69265986032033	-0.06711116668192042	5.542306486989507	-0.1982750637672915	2.3886090837186225	1
7.508475361189496	-0.06711116668628332	2.8135106995971437	-0.1357551926111679	6.557375528116984	1
3.358852517803356	-0.06711116667929515	3.1812621495899682	0.10150318654257802	3.9870297093901734	1
3.803454965309014	-0.06711116667866147	0.3023243867464925	0.012130563393079151	1.6634927735937308	1
2.6178484386272594	-0.0671111666786779	8.110406236002575	-0.021491997743523342	0.3932330993150592	1
5.211362715743597	-0.06711116668056655	4.879142264057654	0.0718347697665771	2.0359524690768063	1
3.7293545573914044	-0.06711116668554393	1.4963065453791424	-0.20680152781738917	7.146242393952355	1
4.2480574128146715	-0.06711116667922166	5.067658155459867	-0.11022165802486848	4.697217321193584	1
1.8027439515335533	-0.06711116668048438	4.20620162076163	0.10769025157770783	1.7492310678503835	1
2.8401496623800884	-0.06711116668025784	3.2199517547237915	0.2673379124284628	2.4706792624358496	1
0.0	0.0	0.0	0.0	0.0	0
3.2847521098857464	-0.06711116667867047	1.3558289625795135	-0.17292966863543047	0.7441711515307815	1
1.5063423198631145	-0.06711116667891247	0.026319152436676346	-0.015621391830783222	1.333156863415727	1
5.285463123661207	-0.06711116668071232	3.7919875131421366	0.08238682898611946	4.67897244971371	1
4.5444590444851105	-0.0671111666786721	4.236483786483031	-0.2483108625539354	1.1482578728201844	1
1.9509447673687725	-0.0671111667276633	1.1829827903739667	-0.015621391830783222	4.21005803556881	1
5.952366794919693	-0.0671111666807396	6.798767272158048	0.07929495922898074	6.7058098749369375	1
4.173957004897062	-0.06711116667866171	4.823803516690385	-0.06066145030885466	2.577545064619179	1
5.804165979084474	-0.06711116667870975	4.68498117146785	-0.22939218298068034	2.1372558820716314	1
1.3581415040278952	-0.06711116667902219	2.6799047711291473	-0.1580009881966849	0.9070857329223377	1
2.2473463990392113	-0.06711116667866956	2.5441954982559287	-0.2208459346627051	-0.02541515533022529	1
0.0	0.0	0.0	0.0	0.0	0
6.989772505766228	-0.06711116669220307	3.7533530485223427	0.02175879275645999	6.934265595079095	1
2.54374803070965	-0.06711116667866572	-0.07237643015281954	-0.1664032700106337	0.6044507858877705	1
0.765338240687018	-0.06711116667921886	0.3974773715422383	0.11520925422456729	0.2215488729790707	1
2.2473463990392113	-0.06711116667868909	0.4590144900157635	0.1793419238595431	0.9080513234899062	1
2.6178484386272594	-0.06711116667870884	0.7290374090400555	-0.050845027307223734	1.2456006885937232	1
4.470358636567501	-0.06711116668611322	2.820857773064366	-0.039997910935402316	2.019632870127059	1
2.6178484386272594	-0.06711116667866597	-0.07237643015281954	0.08417890868579815	0.7176770210368838	1
2.0250451752863823	-0.06711116667867499	0.8355390984898842	-0.07162886598216626	0.5940082562065789	1
2.099145583203992	-0.0671111666953274	0.7551722870638089	-0.04393286228093279	3.9364216759749002	1
2.914250070297698	-0.06711116667889083	8.041016237067378	-0.04982729012996196	1.8256931855685747	1
3.581153741556185	-0.06711116667868658	2.612687315989767	-0.12815979951651726	1.2354938406349225	1
2.4696476227920403	-0.06711116667892264	0.5885254621419413	0.14808751046417626	1.853495601492652	1
5.952366794919693	-0.06711116667866691	2.089407435951533	-0.13234285056643902	3.7553628057580215	1
8.545881072036032	-0.06711116667866848	1.2172162918319873	-0.11887498994309385	3.777347866361148	1
8.323579848283202	-0.06711116667864986	3.0629729966195227	-0.21495207994841764	4.30316372048082	1
0.0	0.0	0.0	0.0	0.0	0
0.0	0.0	0.0	0.0	0.0	0
3.358852517803356	-0.0671111666786733	0.2002275141018202	-0.07418368101746381	1.5741105682663443	1
0.0	0.0	0.0	0.0	0.0	0
4.989061491990768	-0.06711116667865756	0.39114695175179787	0.21655693778857105	3.284241457564506	1
4.61855945240272	-0.06711116669109536	1.9956590785061945	-0.13449917017777469	4.110926811083937	1
1.8768443594511628	-0.06711116667866579	-0.07237643015281954	0.14227766375326054	-0.07785762158860712	1
2.8401496623800884	-0.0671111666789458	0.7400270227987921	0.10506734367764067	2.3324457356730752	1
3.136551294050527	-0.06711116667908934	6.756495544741772	-0.19381410340231647	1.1591435661680736	1
5.878266387002084	-0.06711116670604272	1.565414407455018	-0.17114697910943244	7.104982899444467	1
3.0624508861329174	-0.0671111666786789	3.2279625367782976	0.06843887834004571	1.7572818283411227	1
0.0	0.0	0.0	0.0	0.0	0
4.322157820732281	-0.0671111666811341	1.7279442611750264	-0.11690963393815092	5.062157695371822	1
4.766760268237939	-0.06711116667940846	6.075197348002909	-0.2311071618043011	0.7384454380559304	1
5.063161899908377	-0.0671111666786915	9.908225041662623	-0.05604547272764154	2.8531144273519264	1
1.6545431356983338	-0.06711116667866533	0.40445055167199473	0.16180136464313946	0.48548303746621135	1
4.470358636567501	2.3294484273566365	1.9185560662617573	0.033544932688415026	3.633373597635405	1
0.0	0.0	0.0	0.0	0.0	0
4.2480574128146715	-0.06711116667866535	0.20866939642846316	-0.15865182843139716	0.21697029638925852	1
6.026467202837303	-0.06711116668833637	1.4291872845400515	-0.07533934746297888	9.772050157703212	1
6.619270466178181	-0.06711116669667798	4.407543302936521	-0.20460896885971963	7.314380307297782	1
6.100567610754912	-0.06711116668258998	5.265187679543491	-0.035695380292630426	6.221942622077638	1
2.0250451752863823	-0.0671111666786641	0.5930344544427089	-0.14548487585212205	0.2816019321626392	1
3.8775553732266235	-0.06711116667866428	4.13330745817905	-0.23768919895104865	1.6246791371220999	1
2.321446806956821	-0.06711116676042171	2.5421339165719687	-0.1173785609849445	1.0573206267460589	1
9.360985559129738	-0.06711116667865724	8.896725184717058	-0.15741220944841394	7.922384904622618	1
2.914250070297698	-0.06711116667866687	0.5999733553855805	-0.21924329585702798	0.45845899334806195	1
0.0	0.0	0.0	0.0	0.0	0
1.8027439515335533	-0.06711116667988302	0.6526682658307155	-0.11787982782806834	1.8767628979509376	1
5.878266387002084	-0.06711116667866594	0.7321391072915533	0.14936183251210852	5.104798693932642	1
5.211362715743597	-0.06711116668274984	1.3744704648629373	0.002529886991310625	3.4007198880209377	1
2.8401496623800884	-0.06711116668949359	1.2647623284318485	-0.1636932858159082	2.5315980742707866	1
4.61855945240272	-0.06711116669614339	4.186225064486412	-0.10343354865852637	3.3305300088342293	1
4.989061491990768	-0.06711116667951154	17.04099890375009	-0.06470847695092422	1.9796647369281406	1
2.6178484386272594	-0.06711116667867435	-0.04226471279669799	-0.00388018000530285	0.3256195873293474	1
9.657387190800177	-0.06711116668447893	8.993003535737191	-0.1416787804844458	10.55923761657382	1
2.4696476227920403	-0.06711116667970582	2.7967467217774677	-0.11245716162329233	1.2602615981001857	1
2.3955472148744303	-0.06711116667866567	-0.07237643015281954	-0.15588127363787035	0.8467687676303984	1
2.691948846544869	-0.06711116667866586	-0.07237643015281954	-0.013759980199914203	0.6986406994005628	1
3.2847521098857464	-0.06711116669367588	2.9762485164684347	-0.2352299762808356	2.7267306403618043	1
4.470358636567501	-0.06711116667888979	16.361909023293475	-0.025894952178078134	2.887005159685991	1
0.0	0.0	0.0	0.0	0.0	0
4.173957004897062	-0.06711116669939751	0.27209358166380787	-0.16075046914901311	9.804968589086188	1
8.249479440365592	-0.06711116668280692	2.313064077690046	-0.07237351615664245	9.215631355577953	1
3.581153741556185	-0.0671111666788591	0.9885127055088844	-0.18465053565797843	2.1122543910653406	1
2.988350478215308	-0.06711116668217114	2.023575580591172	-0.22838638188039306	1.0409836368194971	1
4.322157820732281	-0.06711116667875808	0.6164654737160888	0.11051998375663345	4.553397226431933	1
3.6552541494737945	-0.06711116667973371	1.6232462898155084	-0.29209370047605165	1.6915892037223903	1
4.173957004897062	-0.06711116667866329	0.910245995642583	-0.07067035219287021	2.6521899883359636	1
2.691948846544869	-0.06711116668087508	2.0974194307749943	0.14818283168567198	4.143497179700372	1
2.321446806956821	-0.06711116667903369	1.5102564557072986	-0.14645203788613323	1.0971716024461995	1
5.581864755331645	-0.067111166678674	1.2637421236748607	-0.10643000481012983	2.2183369000254887	1
0.0	0.0	0.0	0.0	0.0	0
0.0	0.0	0.0	0.0	0.0	0
8.175379032447983	-0.06711116667977667	16.99426748989875	-0.22449137062090396	3.3998004868474565	1
4.2480574128146715	-0.06711116667950846	21.28813129973411	-0.1731808795533555	3.2377809244499147	1
6.248768426590132	-0.06711116667868755	8.649647497532765	-0.11976917885067068	3.943772513603506	1
0.6171374248517987	-0.0671111666786659	0.005331227540397346	-0.2621868401658663	-0.1357578009759508	1
3.4329529257209654	-0.06711116667952244	5.561365525142354	-0.1054071293197491	0.8575688050565431	1
2.3955472148744303	-0.06711116667868293	0.40575649562572835	-0.018371585591706454	-0.007520658423734357	1
0.0	0.0	0.0	0.0	0.0	0
7.137973321601448	-0.06711116667872732	17.858878546140303	-0.1703728886830524	2.919322084014764	1
0.0	0.0	0.0	0.0	0.0	0
2.3955472148744303	-0.06711116667866583	0.4536518522293515	0.0022548676152181306	-0.2569673280823377	1
0.0	0.0	0.0	0.0	0.0	0
1.432241911945505	-0.06711116667873339	0.27125619377288473	0.8736477820816708	0.5430135398987119	1
4.2480574128146715	-0.06711116667866832	1.6670986615995278	-0.15865182843139716	1.4384052432839756	1
4.3962582286498915	-0.06711116668634576	5.804612178055334	-0.08467089947110709	3.4110263288420035	1
6.619270466178181	-0.06711116667867346	1.9054046093268586	-0.17422848253023446	7.209229913452963	1
1.5063423198631145	-0.06711116667890459	0.2151134289089774	0.07596006040796204	1.254919275274125	1
0.0	0.0	0.0	0.0	0.0	0
2.766049254462479	-0.06711116667923701	1.074848509543901	-0.028385357299597746	0.6881254223403556	1
2.691948846544869	-0.06711116667920122	1.3376493770896933	-0.25946631547459675	1.5168409480339107	1
2.914250070297698	-0.06711116667867212	0.5404808719515679	-0.11759369242078847	0.5698827333930866	1
4.025756189061843	-0.067111166678666	0.1477952666446283	-0.28877783714058025	0.007633549582344801	1
3.803454965309014	-0.06711116668465428	0.9436991195765745	0.3481274498534108	3.0431344047968243	1
3.4329529257209654	-0.06711116667866555	0.8739741953776676	-0.07308426382372123	0.3452368498968461	1
0.0	0.0	0.0	0.0	0.0	0
1.8768443594511628	-0.06711116668028659	0.5259088872928648	0.12122445634205468	1.5136049307728827	1
1.8027439515335533	-0.06711116667866612	0.4003547275310784	0.16408277142915195	1.3126590328793373	1
4.5444590444851105	-0.06711116668049243	0.9463788238440429	0.03798283120578393	3.2655132253629326	1
5.655965163249255	-0.06711116668090088	4.432805470029008	0.16386694820502906	6.715923546539291	1
1.8027439515335533	-0.06711116667867689	0.6513853648789998	-0.14043683576864627	0.4568568883244531	1
3.951655781144233	-0.06711116667880887	4.381785747269424	-0.027256059084344204	3.802285300521699	1
2.3955472148744303	-0.06711116667875018	4.688545891702146	0.32540263452370366	1.797344995752365	1
3.7293545573914044	-0.06711116668230596	2.9684265741534466	-0.2499712359433974	0.5515575381529787	1
3.951655781144233	-0.06711116667866535	0.524643742177991	-0.20454622675765635	0.40069932396353586	1
2.766049254462479	-0.06711116667867949	1.1802717380796834	-0.13475173620638667	1.352922324212661	1
2.988350478215308	-0.06711116668397107	1.1508926395003956	-0.13125453859687541	2.8265533007295716	1
5.581864755331645	-0.06711116667929995	21.019556648364667	-0.1368605506489531	2.949644310262241	1
3.4329529257209654	-0.06711116667926019	1.6430740693426167	-0.2562471683012117	0.7495595949288117	1
3.0624508861329174	-0.06711116667866641	1.2059216055692044	-0.22355995488493918	0.9640586463647975	1
4.025756189061843	-0.06711116667925222	0.1478948963392775	0.147451757100082	5.259324882990347	1
2.0250451752863823	-0.06711116667866622	-0.04596122290224338	0.1314751611602122	0.6476448926952012	1
13.36240758668066	-0.06711116672047586	9.386693870623658	-0.23291659235416728	15.82803538523699	1
2.4696476227920403	-0.0671111666786678	2.0479352534756963	-0.11245716162329233	1.2886555989799724	1
1.8027439515335533	-0.06711116667866694	0.045041232930553315	0.27686781113204023	0.8316737433341422	1
2.766049254462479	-0.0671111666786681	-0.07237643015281954	0.39708015832755794	0.8791724427258761	1
0.0	0.0	0.0	0.0	0.0	0
4.322157820732281	-0.06711116667866729	-0.07237643015281954	0.08107751508091847	1.4374171463176055	1
2.0250451752863823	-0.06711116667891442	0.7359051716616745	-0.27473289312454474	0.8796398493988096	1
2.54374803070965	-0.06711116667867627	0.8458487673752735	-0.23437870689499238	0.4312831665816697	1
4.322157820732281	-0.06711116672959723	5.4335943202438015	-0.15911306814955448	5.751558341592156	1
4.61855945240272	-0.06711116667989152	0.8796001583817707	0.06224976611080048	1.6374492306011343	1
1.9509447673687725	-0.06711116667866587	-0.07237643015281954	-0.06485873174408704	-0.12628764608518112	1
2.6178484386272594	-0.06711116667866687	0.1813571761501216	-0.1447747219110649	0.7757958495982822	1
2.914250070297698	-0.06711116667882618	2.128718474497478	-0.11275323511430083	0.7398760410871121	1
0.0	0.0	0.0	0.0	0.0	0
2.1732459911216013	-0.06711116667885539	1.1335561516733443	-0.07602270614154183	0.9672994348992978	1
3.7293545573914044	1.007150625353519	1.69173762833219	0.13547258661024433	3.6625208582234516	1
2.691948846544869	-0.06711116667872338	1.4403311723581125	-0.23712937590417107	1.4686291672006693	1
8.990483519541689	-0.06711116669620641	3.1062609880369774	-0.07725716286130353	12.863946675140909	1
1.432241911945505	-0.06711116667866877	0.028915795997476908	0.25978659859732756	0.3462954054179136	1
2.54374803070965	-0.06711116667955071	2.35240898303468	0.21673101061029768	4.442470312756679	1
3.951655781144233	-0.0671111666786793	9.168213213693088	-0.14914304935974623	0.6318128646946948	1
2.4696476227920403	-0.06711116667868622	0.6824799709832762	-0.23621588086483986	0.3089952610139542	1
3.2847521098857464	-0.06711116667866585	-0.07237643015281954	-0.16124836095191733	-0.012467944111636141	1
2.1732459911216013	-0.06711116667866844	3.761109410302127	0.3729059813032877	0.83574060679039	1
1.5804427277807243	-0.06711116668087452	0.39559104943589946	0.2708641767109329	1.171207276489513	1
4.173957004897062	-0.0671111666786654	0.5905290150035644	-0.1507415672649976	0.7600172203579247	1
0.0	0.0	0.0	0.0	0.0	0
1.5063423198631145	-0.06711116668748617	1.2324652752411402	-0.22931144705452178	0.16310167826504599	1
4.173957004897062	-0.06711116667866635	1.6694497053233006	0.4122591637108955	3.4311328131528236	1
1.6545431356983338	-0.06711116667866572	0.11109998384505367	-0.11216024461806458	0.9977525604061414	1
1.6545431356983338	-0.06711116667866616	-0.0141804869061832	0.26616769198074086	-0.049068756587395554	1
4.69265986032033	-0.06711116667920124	1.8195331139412159	-0.18822442151106406	2.407244294833095	1
1.7286435436159435	-0.06711116667928298	0.9869873555261494	0.1030953055157383	1.9806324794635668	1
2.8401496623800884	-0.0671111666790526	0.8889860155448599	-0.1636932858159082	0.7677914112214185	1
2.1732459911216013	-0.06711116667867188	0.5336050924543578	0.291282583586046	0.9449709833260193	1
3.2106517019681364	-0.06711116667866579	-0.07237643015281954	-0.05702789949191775	-0.01921471026769947	1
1.8768443594511628	-0.06711116667866766	0.39543446189058123	-0.24720667335404675	0.3415201065347088	1
5.063161899908377	-0.06711116668205083	2.0032991323935483	-0.0839241492082337	4.8639306294349245	1
3.7293545573914044	-0.06711116667986984	3.706393557481481	0.024697486513318573	3.0944719920018633	1
5.433663939496426	-0.06711116674550933	1.2591844328400488	-0.166650453417486	10.1560712090117	1
4.2480574128146715	-0.06711116667866564	1.4229777281272826	-0.07147752169964582	-0.1964103151371022	1
5.211362715743597	-0.06711116669556288	10.667803196012866	0.033882095865835765	6.404297817929914	1
2.691948846544869	-0.06711116667866437	0.14470738083837245	-0.00817574530730797	0.2864917443929662	1
4.69265986032033	-0.06711116667868103	2.8637550803148524	-0.17616365080359092	1.0337039472964054	1
2.3955472148744303	-0.0671111666789426	1.368328440896632	-0.16963224244248673	0.46293605429426254	1
9.286885151212127	-0.0671111666787314	10.088309601205108	-0.23733915932589664	3.6991784665423206	1
2.321446806956821	-0.0671111666786682	0.8965396418606408	-0.2772826839414837	0.2567808454636167	1
3.5070533336385754	-0.06711116668005755	6.708948028447533	-0.10333515076231148	2.5202208230751713	1
3.4329529257209654	-0.06711116668182604	1.6043349009927084	-0.06590140482460391	3.7848088042307055	1
2.54374803070965	-0.06711116667866794	0.5339552999124629	-0.24673787723760318	0.9940066305533649	1
3.7293545573914044	-0.06711116667993944	5.227617384569652	0.05221672093865767	3.735838894251171	1
5.359563531578816	-0.06711116667873154	7.893917105154114	-0.054849719515640764	3.782194501382378	1
3.803454965309014	-0.06711116668097256	3.4507923114704937	-0.08896584492241894	3.7170241065671603	1
3.8775553732266235	-0.06711116667873154	2.2032029922004037	-0.054067239575118414	1.3857368491564022	1
1.3581415040278952	7.675908601554587	-0.0200774499576771	0.42117025125783053	1.572562628930688	1
5.433663939496426	-0.06711116672089056	2.6952362067235787	-0.07082033573758577	5.620111000507134	1
1.0617398723574567	-0.0671111666788916	1.4663298123633988	0.18789294647753982	1.8876324396882953	1
3.0624508861329174	-0.06711116667869259	2.776999011453612	0.11268112579837687	1.941231288419615	1
3.0624508861329174	-0.06711116667866361	1.1955026524711914	-0.16162080844327567	0.13874752229052395	1
3.0624508861329174	-0.06711116667873207	0.8503084813419286	-0.1394996847141098	2.18547528963976	1
0.0	0.0	0.0	0.0	0.0	0
2.914250070297698	-0.06711116667931276	8.03832819082183	-0.07887003396888781	1.196150454037352	1
2.1732459911216013	-0.06711116668015288	0.7908497854519071	-0.010723987967748405	2.34588178525067	1
0.0	0.0	0.0	0.0	0.0	0
3.5070533336385754	-0.06711116668106185	5.933663151619952	-0.13786812671960594	1.3455362414928738	1
4.61855945240272	-0.06711116667908527	0.5663054408484623	-0.09722042435467647	1.6796832091362353	1
2.321446806956821	-0.06711116667866611	0.11774603351618405	-0.2772826839414837	-0.16481981929706818	1
0.0	0.0	0.0	0.0	0.0	0
2.6178484386272594	-0.06711116667868616	1.3641626048096647	-0.20348078103846565	1.123572512777874	1
2.914250070297698	-0.0671111666791269	2.1620346036721436	-0.1756791800986397	1.391481229525755	1
2.914250070297698	-0.06711116667866743	0.7284167786825365	-0.21924329585702798	0.009638570034864123	1
2.1732459911216013	-0.06711116667937805	1.489058446204364	-0.051535686826369304	0.7386584462819265	1
2.4696476227920403	-0.06711116667866587	0.058267776844998655	-0.027780143194865138	0.6290365306111942	1
1.6545431356983338	-0.06711116668376904	0.6419441765489324	-0.13825182645246495	0.038559153428014845	1
4.470358636567501	-0.0671111666786622	3.2323150559139027	0.06216413651302294	2.1822099854228343	1
24.922071221827768	-0.06711116668091804	19.133356391528682	-0.23337155283774744	40.012049546831435	1
2.3955472148744303	-0.06711116667866415	0.39496955279251533	-0.03212255439632286	1.0096807567793489	1
2.54374803070965	-0.0671111666879724	2.249730729139615	-0.048991151755831845	2.6521602613699704	1
8.545881072036032	-0.06711116667868865	12.798370740169295	-0.1958341935050645	2.9044963197314555	1
3.358852517803356	-0.06711116667867152	31.333052210681778	-0.10034981022853381	1.6497380796276921	1
3.951655781144233	-0.06711116667911365	2.983916947690708	-0.06326812439298585	0.8142896106213381	1
3.951655781144233	-0.06711116667867202	4.561119591627923	-0.09373987196183611	1.5804182481211568	1
2.321446806956821	-0.06711116668038698	1.0558011522421913	-0.1755255147873224	0.46995914113352727	1
2.4696476227920403	-0.0671111666786658	-0.032443328282694195	-0.19713418005171954	-0.15918397360048087	1
2.988350478215308	-0.0671111666786661	0.08303443767994585	-0.15438116795009416	1.4580283112220038	1
1.209940688192676	5.781756620925587	0.12570676169232078	0.5513114077424016	3.8929805021687094	1
0.0	0.0	0.0	0.0	0.0	0
2.4696476227920403	-0.0671111666790018	0.7136286781557164	-0.034293759997051754	0.8382450360543717	1
1.6545431356983338	-0.06711116668157874	0.7813263760469026	-0.04693129003206347	1.8225340402016525	1
2.321446806956821	-0.06711116668001167	0.7925769933113928	0.2486052070653165	2.3405719972534267	1
1.8027439515335533	-0.06711116668048837	0.1597672109514416	0.2543108031914627	2.9399682021369618	1
3.0624508861329174	-0.06711116667920806	1.2748314973717325	-0.13065123522244387	2.127878108992272	1
1.6545431356983338	-0.06711116668035765	1.2529782883303728	-0.20348078103846565	0.9262032826810923	1
3.2106517019681364	-0.06711116667866582	-0.07237643015281954	-0.25594151472678134	0.710755886738367	1
2.3955472148744303	-0.06711116668129383	1.5620794509002194	-0.17650772684479496	0.9822698898900538	1
4.173957004897062	-0.067111166678889	4.722614328978079	-0.2007860766850766	3.3737632808241727	1
2.321446806956821	-0.06711116668575486	1.082049453780551	-0.25547757626559225	1.3765481751066466	1
4.0998565969794525	-0.06711116667874915	9.209700352901267	-0.10099393205334202	2.2260868448266495	1
2.914250070297698	-0.06711116669387164	3.2716064976035306	-0.26764786892190395	1.014545841192027	1
2.691948846544869	-0.06711116667936087	0.6948516305831202	0.10350895254482022	2.1841175999754254	1
1.8768443594511628	-0.06711116667867367	0.9943951816714673	0.04753823040283438	0.5959128887124395	1
0.9135390565222373	-0.06711116667866582	-0.07237643015281954	-0.2872232477349052	-0.21510698866636074	1
2.766049254462479	-0.06711116667866578	0.43434396208759135	0.06734438371651211	0.6828051805240875	1
4.322157820732281	-0.06711116668641459	9.17317741856346	-0.18255942048922316	3.8171051406170067	1
0.0	0.0	0.0	0.0	0.0	0
0.0	0.0	0.0	0.0	0.0	0
3.2847521098857464	-0.06711116667867038	3.3875572652628323	-0.12620443790137706	1.6146593521422172	1
4.470358636567501	-0.06711116667866898	0.08454215837351275	0.05335822764391291	1.6135718522265894	1
2.321446806956821	-0.06711116667866182	0.09179312192344538	0.6830748926288064	0.724310722189277	1
15.51131941629134	-0.06711116668059997	27.052260340771248	-0.1941150124900373	17.36432238571791	1
4.2480574128146715	11.860251902209312	5.552760396755829	0.1795668192527688	2.5937656498137236	1
4.766760268237939	-0.06711116668251486	6.442876730698724	-0.13351396888151237	4.737371048865057	1
3.358852517803356	-0.06711116667866561	-0.07237643015281954	0.07907507579023255	-0.06424581623347006	1
2.1732459911216013	-0.0671111666786665	6.092874374468946	0.038250050662596645	0.5127855805194741	1
2.691948846544869	-0.06711116667866568	0.22270594946033792	-0.013759980199914203	1.1626524597806323	1
2.3955472148744303	-0.0671111666786657	-0.038703111819092216	-0.2521380552701851	-0.037514961539069525	1
1.7286435436159435	-0.06711116667869513	0.43820900696488246	-0.1755255147873224	1.2921557732267706	1
5.063161899908377	-0.06711116667866708	0.5834897537683786	-0.16059050952986212	1.159295568698816	1
4.840860676155549	-0.06711116667866858	5.397426596526965	-0.18058177163970324	1.7737455352240672	1
1.9509447673687725	5.279349007519373	1.3122668686250623	0.26995517966637955	0.5902680338240498	1
6.619270466178181	-0.0671111666788205	16.456440765206402	-0.15956204085393108	2.075433686612187	1
1.3581415040278952	-0.06711116668080232	1.8272875854911896	-0.2122982918955456	1.7623250267083694	1
4.322157820732281	-0.06711116667998501	3.3766189653017533	0.19492685217944009	4.744710989196699	1
2.2473463990392113	-0.06711116667866608	0.06511276927353944	-0.29010921786847893	-0.19194261216572892	1
2.8401496623800884	-0.06711116667866557	1.4553504270685707	-0.016635582885475515	0.11269258936385378	1
2.914250070297698	-0.06711116667912977	1.3790538767828626	-0.253126497002441	1.6186673700517542	1
9.509186374964958	-0.06711116669708715	4.634376056126061	-0.032418627887331325	14.248843391016722	1
2.988350478215308	-0.06711116667866585	-0.07237643015281954	-0.08500127989043846	0.5814510402097265	1
4.322157820732281	-0.06711116668624979	1.1426672451787045	-0.05829375308897986	9.665313141563713	1
4.322157820732281	-0.06711116667867022	0.8794313230013336	-0.18959332619112346	1.307297881480094	1
4.025756189061843	-0.06711116668063823	2.481570335462044	-0.13623129191531821	1.1295922229433804	1
4.5444590444851105	-0.06711116667907152	15.647684255601211	-0.09674249171591877	1.985633906112903	1
3.2106517019681364	-0.06711116668631047	1.3762398040990256	-0.13821713020002518	1.8756160194714073	1
0.0	0.0	0.0	0.0	0.0	0
2.321446806956821	-0.06711116668428437	0.5969931960032938	-0.06649997640786386	3.857567804079424	1
0.0	0.0	0.0	0.0	0.0	0
3.8775553732266235	-0.06711116667867184	4.650979414057226	-0.05980542580561624	0.48246843926860916	1
5.878266387002084	-0.06711116667869324	12.952900737009262	-0.08445197268721233	4.609035056943494	1
3.8775553732266235	-0.06711116667884852	1.5463467882399007	-0.03685268088362495	2.0711491642155053	1
4.69265986032033	-0.06711116668001582	2.197560472634561	-0.06962684288757899	1.886006576958468	1
2.766049254462479	-0.06711116667866951	0.4191162603445574	-0.12411509831570756	-0.1258432076967387	1
4.69265986032033	-0.06711116667879187	6.567968421367698	-0.1701332654498544	0.9200338906302467	1
3.358852517803356	-0.06711116667874274	2.0249062292986184	-0.2199664009077111	-0.0835441771456604	1
4.69265986032033	-0.06711116667866887	2.055280276452066	-0.02741414541142353	0.8572412673844076	1
4.766760268237939	-0.06711116670202294	1.2139862132373058	-0.07105432541092749	8.95153176123287	1
4.5444590444851105	-0.06711116668308383	1.3198940392181542	0.22987667361107458	4.819295841726935	1
1.8768443594511628	-0.06711116667987448	0.4807146201228767	-0.18404705112042963	0.7342404229770664	1
2.691948846544869	-0.0671111666788023	1.3431354592065188	0.13701436190045918	1.7911068594364614	1
4.3962582286498915	-0.06711116667865615	1.6929843199419532	-0.18724869095715657	1.4672956570733509	1
2.4696476227920403	-0.06711116667867045	0.52502394977013	-0.2818111984801472	0.1449258283755421	1
0.0	0.0	0.0	0.0	0.0	0
2.54374803070965	-0.06711116668104096	4.431651469895489	-0.12932575898280133	2.4164461839462543	1
4.766760268237939	-0.06711116667866578	-0.07237643015281954	-0.28771121369951874	-0.03469799789835247	1
0.0	0.0	0.0	0.0	0.0	0
3.2847521098857464	3.885249840056537	2.592276782084002	0.14246563881943167	2.6285116039411016	1
3.358852517803356	-0.06711116667871513	0.6607974782341037	-0.059231607182566544	1.8487055070360745	1
3.8775553732266235	-0.06711116667917398	3.812579473914475	0.2127584201430302	3.036315022713034	1
2.988350478215308	-0.06711116667867918	0.20277276820159834	-0.1266292127262318	0.9506599336779142	1
3.0624508861329174	-0.06711116667866603	0.08932179604908763	-0.08640898776411271	0.1302776563768117	1
0.0	0.0	0.0	0.0	0.0	0
1.8768443594511628	-0.06711116667866622	0.11002071082153676	0.11069785263645153	1.2481575428309288	1
0.0	0.0	0.0	0.0	0.0	0
9.138684335376908	-0.06711116669445609	16.680849346483967	-0.1530085933930084	9.008227114920707	1
2.2473463990392113	-0.06711116669028935	0.7445259024476178	0.07929495922898074	2.3412735129693787	1
2.766049254462479	-0.06711116667866639	0.8586270485820052	-0.19325324460512042	0.13661796692748998	1
0.0	0.0	0.0	0.0	0.0	0
4.173957004897062	-0.06711116667867068	9.136405202465168	0.1019832053064032	1.5251283457659424	1
2.6178484386272594	-0.06711116667866579	-0.07237643015281954	-0.050845027307223734	1.007448907191572	1
4.470358636567501	5.279349007519373	4.8428968355798325	-0.06111858765451864	1.9538023141321708	1
0.0	0.0	0.0	0.0	0.0	0
1.5063423198631145	-0.06711116667866593	0.017742867310841716	-0.22931144705452178	-0.056285739970705066	1
6.322868834507742	-0.06711116668122796	5.628903739422912	-0.12080857792272527	8.478329858452796	1
3.7293545573914044	-0.06711116667873665	11.250688059179524	-0.07420885285893675	2.3933838957303895	1
6.7674712820134	-0.06711116667971982	0.3106952643740476	-0.04072595658921127	11.98384790359112	1
4.3962582286498915	-0.0671111667034476	1.4039107872914447	0.022083273525446336	5.366541341869299	1
0.0	0.0	0.0	0.0	0.0	0
1.8768443594511628	-0.06711116668009723	1.8733741822929428	0.05806483410843709	1.9335341459533164	1
0.0	0.0	0.0	0.0	0.0	0
4.470358636567501	-0.0671111666789982	6.050105920363692	-0.08093188261001653	3.1136842140403194	1
3.5070533336385754	-0.06711116667983463	4.412329702384592	0.06932972902416135	3.8050128405261434	1
0.0	0.0	0.0	0.0	0.0	0
3.4329529257209654	-0.06711116667876835	6.339224435290817	-0.18441857831003908	1.4014942660035505	1
3.358852517803356	5.279349007519404	1.1346279896764597	0.7654687152734814	2.745845100915346	1
5.952366794919693	-0.06711116667875794	14.769028008227169	-0.16063849348249679	1.8542352221944558	1
2.6178484386272594	-0.06711116667873172	0.4034035861556323	0.3248737511081416	1.8464278533671405	1
4.025756189061843	-0.06711116667994568	6.785980187832565	-0.20313767140008238	1.6245471607476103	1
5.878266387002084	-0.06711116667922266	7.0679018206481485	-0.054240076509772	6.950356466869662	1
8.101278624530373	-0.06711116667866923	4.327549627194153	-0.10903703244692275	5.700778781719431	1
1.8768443594511628	-0.06711116667866578	-0.07237643015281954	-0.2998396918820616	-0.29161939200919623	1
6.471069650342961	-0.06711116667869747	9.594579641675216	-0.05288697718991598	5.294401385336098	1
0.0	0.0	0.0	0.0	0.0	0
7.878977400777544	-0.06711116667875185	26.680101616344945	-0.05012382264963874	4.2390086862224985	1
5.359563531578816	-0.06711116667866385	4.997263807159404	-0.10336347582803175	1.05858802207187	1
5.285463123661207	-0.06711116668117452	3.6445847033661023	-0.15379691626117062	2.3295624417053125	1
0.0	0.0	0.0	0.0	0.0	0
0.0	0.0	0.0	0.0	0.0	0
10.250190454141055	-0.0671111666801363	1.0350292544505277	-0.06426999806286239	14.388977824620154	1
3.2847521098857464	-0.06711116668762743	1.9560940049110298	-0.0016038226105671999	2.673457476109641	1
3.4329529257209654	-0.067111166679835	14.483552532601617	0.22859581413920438	3.0181849580042224	1
2.54374803070965	-0.06711116667866608	-0.0367604203767618	-0.07370949244105343	-0.20603565798933432	1
3.2106517019681364	-0.06711116668060017	1.9281918754632266	0.12564786960132412	2.9192990866800144	1
4.3962582286498915	-0.0671111667010727	3.3474723017339865	-0.2459378416573893	2.9863417385014586	1
4.173957004897062	-0.0671111666795421	13.417048777008988	-0.2032883021560806	1.5383103778664826	1
0.0	0.0	0.0	0.0	0.0	0
4.0998565969794525	-0.0671111666790284	5.8296702299668315	-0.1604960055417924	3.0434757846477076	1
1.7286435436159435	-0.06711116667869484	1.2985532759456915	0.07886740809808121	0.9262659277180945	1
0.0	0.0	0.0	0.0	0.0	0
6.69337087409579	-0.06711116667875482	25.49003258793533	-0.0561686823585284	3.43069781700354	1
0.0	0.0	0.0	0.0	0.0	0
0.0	0.0	0.0	0.0	0.0	0
7.508475361189496	-0.06711116667939807	9.798232360355481	-0.23778663984930254	2.916872420586425	1
14.029311257939147	-0.06711116669089269	7.7346063477094225	-0.18318562508138342	14.892516070320847	1
2.54374803070965	-0.06711116667866453	0.5466009127174746	-0.22819912172368723	0.8254213596917659	1
3.6552541494737945	-0.06711116667866836	6.477418940452107	-0.07449975385709018	2.015858448084845	1
2.0250451752863823	-0.0671111666787113	0.39566524535736475	-0.1731808795533555	0.7908794812225245	1
3.2847521098857464	-0.06711116667911315	6.26722901097675	-0.11452313021786346	3.1173891598886514	1
6.619270466178181	-0.06711116667868358	29.813092869006255	-0.08518222949553586	3.950304719100929	1
3.4329529257209654	-0.06711116667949471	0.3180468562987576	-0.04794425732681063	1.3198965986253726	1
2.766049254462479	-0.0671111666786661	-0.07237643015281954	0.21093899524067708	1.1454992853943964	1
5.359563531578816	-0.06711116667918612	7.427849000922106	0.06252227156272358	4.481713463913795	1
0.9135390565222373	-0.06711116667969996	0.36518514442103933	-0.017866035268007043	0.624499438848762	1
4.322157820732281	-0.0671111666786679	-0.019815833907546453	-0.10987572823625062	0.6906845222092468	1
4.2480574128146715	-0.06711116667866945	0.5927571616979512	-0.2555121692444541	1.1165748862178224	1
4.69265986032033	-0.06711116667879714	2.0417764483991667	0.05098086418715131	2.854565480441584	1
3.6552541494737945	-0.06711116667971324	1.0945314059554696	-0.13209815149152132	2.3565574025077765	1
2.691948846544869	-0.06711116670371388	1.4356909747546016	0.14818283168567198	4.898239392260153	1
3.0624508861329174	-0.06711116667866367	2.218240874458107	0.04631775461088035	0.6100706906538507	1
2.0250451752863823	-0.06711116668032545	0.5824145130860264	-0.11778887215088857	1.9749217602937728	1
3.136551294050527	-0.06711116667866557	-0.07237643015281954	0.25943360194207515	0.35532814235128796	1
3.0624508861329174	-0.0671111666822253	2.167728012892054	-0.15277235895160923	2.808843863813159	1
1.7286435436159435	-0.06711116667865805	0.6891361832045437	0.06675345938925223	0.651077167777041	1
1.3581415040278952	-0.06711116668861729	0.38662309704775205	-0.24160159865366085	1.3487305308848974	1
5.507764347414035	-0.06711116668088099	7.929419754821881	-0.2703611015633525	0.9396804056142827	1
0.0	0.0	0.0	0.0	0.0	0
0.0	0.0	0.0	0.0	0.0	0
1.8768443594511628	-0.06711116667866632	0.11561505557677161	0.07911804151964295	0.1591673898045861	1
3.4329529257209654	-0.06711116669648044	0.4819926668194923	0.2142300961409698	5.7498547837382326	1
3.5070533336385754	-0.06711116667866579	0.1889520896954584	-0.25182694737867806	0.34344585968286867	1
2.8401496623800884	-0.06711116669339635	0.9533118803563954	0.17606071750612554	2.717428970417831	1
2.321446806956821	-0.06711116667866604	0.7263287701203291	-0.05196323795726924	0.4262249277479876	1
6.619270466178181	-0.06711116669794698	3.6113141095379566	-0.14594320215450668	6.802578835530577	1
3.581153741556185	-0.06711116667952782	1.6710984844198937	-0.06834607889614701	2.7164898043610273	1
2.691948846544869	-0.0671111666787974	14.13731049138945	0.22636212018216176	1.1830483151839155	1
0.0	0.0	0.0	0.0	0.0	0
2.099145583203992	-0.06711116667876943	0.4548355391032636	-0.17346063716649956	0.13099361900921927	1
5.063161899908377	-0.06711116667866684	2.2613790822640403	-0.24945379081174998	0.30606467456214953	1
3.2847521098857464	-0.06711116667894408	1.560432599846825	-0.021072668749756197	1.8547237867582556	1
0.0	0.0	0.0	0.0	0.0	0
5.581864755331645	-0.06711116667866075	12.366802753766258	-0.12526796175797295	3.597798988042438	1
3.2847521098857464	-0.06711116667882217	0.8632838993991077	-0.04443528411678288	3.3576865084150476	1
4.2480574128146715	-0.06711116667866088	0.8726745181241798	0.032647344674390254	1.4745226579604016	1
4.5444590444851105	-0.06711116667899764	2.161618168499968	-0.2931409440694051	0.1586893531347244	1
0.0	0.0	0.0	0.0	0.0	0
2.321446806956821	-0.06711116667866576	-0.07237643015281954	-0.3136245300679702	-0.2507812557122316	1
4.0998565969794525	-0.06711116668140354	6.113502898397316	-0.06736232529900091	1.3812501397952017	1
3.5070533336385754	-0.06711116667992283	1.9947307010407593	-0.21729397142138357	1.189619492672725	1
3.2847521098857464	-0.06711116667922339	1.5899349439481638	-0.024966437977593882	1.992557883379544	1
1.432241911945505	-0.06711116667998183	0.48852384928666215	0.010923956644215605	1.9432911455222304	1
4.3962582286498915	-0.0671111666786864	2.7148065684490166	-0.19142507246766002	0.8039880611292058	1
1.8027439515335533	-0.06711116667893127	0.19042655107354584	-0.005094788125180066	-0.15918397360048087	1
3.5070533336385754	-0.06711116667866593	-0.07237643015281954	-0.1447747219110649	0.4179733738189316	1
2.8401496623800884	-0.06711116667866887	2.7634432395684128	-0.27525430183209865	-0.03362896655612723	1
3.0624508861329174	-0.06711116670516902	1.3251129920967304	0.10383267630671089	2.7582606740859035	1
4.840860676155549	-0.06711116667870452	5.266074029469904	-0.11204346643849858	1.6422052111085503	1
5.359563531578816	-0.06711116667900946	59.77701230105265	-0.12057803451952522	1.78594182106299	1
4.2480574128146715	-0.06711116667866676	5.0208479700688216	-0.15324379273600117	1.256765606215222	1
5.285463123661207	-0.06711116667866425	1.4241938465369526	-0.10559615192498886	1.3025086887262984	1
4.3962582286498915	-0.06711116667878278	8.041730796610645	0.13565154267071572	2.3294050148032506	1
2.691948846544869	-0.06711116667866608	0.04418505638700579	-0.24829784568938393	-0.18935022196776397	1
0.0	0.0	0.0	0.0	0.0	0
5.137262307825988	-0.06711116667866673	0.17218683697611023	-0.29885367531874524	-0.11902424440209092	1
3.2106517019681364	-0.06711116667866669	0.8585339707478049	-0.13415766866461998	-0.0390232925361854	1
1.8027439515335533	-0.06711116667866715	0.2960889672420616	-0.18555085164980126	0.5609125102796453	1
0.0	0.0	0.0	0.0	0.0	0
0.0	0.0	0.0	0.0	0.0	0
4.025756189061843	-0.0671111666786694	0.2607792084008186	-0.22187145765581612	0.6456842344164504	1
0.0	0.0	0.0	0.0	0.0	0
0.9135390565222373	-0.06711116667866537	-0.020571325024008283	-0.017866035268007043	0.2869767711953974	1
0.0	0.0	0.0	0.0	0.0	0
3.358852517803356	-0.06711116667866844	0.6502823134034783	-0.12277792098087972	0.773887653818804	1
4.840860676155549	-0.06711116667866573	0.7566521075990896	-0.025101873428997012	1.7832191916652285	1
1.8768443594511628	-0.06711116668273165	0.6566671379541685	0.0054318155804226435	3.995920045581452	1
0.0	0.0	0.0	0.0	0.0	0
3.803454965309014	-0.0671111666786751	1.212695255379166	-0.18411540568994655	0.9475071119197377	1
3.6552541494737945	-0.06711116668087573	1.771528837013266	-0.011855342754685843	5.4228139650879905	1
1.8768443594511628	-0.06711116667866573	-0.07237643015281954	-0.0893076177700035	-0.2549802866543654	1
4.989061491990768	-0.06711116667869312	13.291758907352166	-0.19727943676444445	3.887531237441726	1
1.8768443594511628	-0.06711116667871325	0.3853494602987266	-0.1524672400036206	1.1650174241999067	1
0.0	0.0	0.0	0.0	0.0	0
0.0	0.0	0.0	0.0	0.0	0
11.361696572905199	-0.0671111666786896	4.877730916177665	-0.08571840491255021	6.865490390208396	1
0.0	0.0	0.0	0.0	0.0	0
2.4696476227920403	-0.06711116667866573	-0.07237643015281954	-0.25575673127140003	-0.20008822164061027	1
10.472491677893883	-0.06711116667866576	0.7546767121343266	-0.2633570790393556	0.5278684564484912	1
3.4329529257209654	-0.06711116667866336	7.864276459049882	0.0059271851665687	0.9242986068674316	1
2.1732459911216013	-0.06711116667866576	-0.01193714083587307	-0.2800812004346462	-0.19971736765753828	1
3.8775553732266235	-0.06711116667866808	6.701206160118525	0.037743740112846695	1.3059295566322335	1
2.6178484386272594	-0.06711116667866608	0.16475089113340233	-0.12129229826010475	0.0694443500499999	1
3.0624508861329174	-0.06711116667867159	0.852789430483134	-0.08640898776411271	1.313267827434606	1
10.917094125399542	-0.06711116667866827	0.8746422015204988	-0.23590314098526466	3.417662856973103	1
3.358852517803356	-0.06711116667866608	0.3999384972646521	-0.12277792098087972	0.10887234580443726	1
11.880399428328467	-0.06711116667866578	-0.07237643015281954	-0.14219738272986188	0.6611264001612434	1
2.914250070297698	-0.06711116667866598	0.18011337177214537	-0.21924329585702798	-0.16870468459027346	1
9.509186374964958	-0.06711116667866616	0.14063835284325876	-0.2572511974641096	0.9468107418042359	1
2.766049254462479	-0.06711116667866583	5.445432569725701	-0.0815685467529922	0.014152388732321488	1
1.209940688192676	-0.0671111666786674	0.06944627171243697	1.0310237766120196	0.3392282043719624	1
3.4329529257209654	-0.06711116667866476	0.5085113976864825	0.23577867313832124	0.9548107556243963	1
0.0	0.0	0.0	0.0	0.0	0
2.099145583203992	-0.06711116667866598	-0.004228047810752346	-0.15611566515158565	0.18060526057402856	1
0.0	0.0	0.0	0.0	0.0	0
3.2106517019681364	-0.06711116667866572	-0.04701351410017236	0.07693433117645931	0.6672374642178164	1
4.2480574128146715	-0.06711116667866728	-0.00914901885845442	0.035068853194716657	2.257121672290915	1
2.8401496623800884	-0.06711116667866689	0.27482244283797963	-0.06227418034664435	0.8441584359500507	1
2.3955472148744303	-0.06711116667866576	-0.07237643015281954	-0.22463611766095232	-0.1635916073386752	1
2.0250451752863823	-0.06711116667866594	0.521169721633959	0.14070716239395686	0.28662394298858795	1
3.358852517803356	-0.06711116667866616	-0.022190234559283633	-0.08539773639363654	0.38198778205261075	1
0.0	0.0	0.0	0.0	0.0	0
3.581153741556185	-0.06711116667866615	0.13592326338594238	-0.028470265149233096	0.8243100415209532	1
2.988350478215308	-0.06711116667866662	2.703953006669257	0.06763447384080346	1.6892071292984085	1
2.988350478215308	-0.06711116667866573	0.14027119185211046	-0.18213312317395605	-0.08151806977238919	1
3.803454965309014	-0.06711116667866615	0.5010220325506585	-0.16924828682002013	0.34081056412010874	1
4.173957004897062	-0.06711116667866716	0.9396182064292827	-0.24332390969214407	0.11533385588341734	1
2.321446806956821	-0.06711116667866646	0.259084119908418	-0.08830508408375573	-0.21979097179315724	1
2.099145583203992	-0.06711116667866562	-0.03282943440660023	0.09538642906466582	0.47317345092533597	1
21.068850010112065	-0.06711116667866522	52.450409214607234	-0.2173532191742512	3.084814222066464	1
3.5070533336385754	-0.06711116667866605	0.237828548234507	0.41811278619283676	1.164145479688072	1
2.914250070297698	-0.06711116667866701	0.7420580947353274	0.017939112160864048	0.829224670651435	1
0.0	0.0	0.0	0.0	0.0	0
4.0998565969794525	-0.0671111666786665	7.907731294583903	-0.04149185856489206	0.9727362313129438	1
7.878977400777544	-0.06711116667866851	16.604331470948818	-0.18513333454950898	3.8970139734802256	1
3.0624508861329174	-0.06711116667866583	0.22550292433784516	-0.25895375285160394	-0.004581137226115924	1
5.359563531578816	-0.0671111666786778	1.286809688532006	-0.10492843570907644	2.000599448663039	1
3.4329529257209654	-0.06711116667866658	0.11460762117148358	-0.263430027300329	0.38531226772784244	1
0.0	0.0	0.0	0.0	0.0	0
3.581153741556185	-0.06711116667866582	-0.07237643015281954	0.024697486513318573	-0.16658066111066944	1
5.433663939496426	-0.06711116667867065	0.9324268025960771	-0.10741632064817332	1.0785628317697566	1
0.0	0.0	0.0	0.0	0.0	0
4.3962582286498915	-0.06711116667866777	4.636784661012554	-0.14826913019245802	0.711849588634136	1
3.951655781144233	-0.06711116667866576	-0.07237643015281954	-0.19900590901786544	-0.10016384148355409	1
0.0	0.0	0.0	0.0	0.0	0
3.4329529257209654	-0.06711116667866601	16.35117951506265	-0.06949283432416259	0.4220124732902358	1
4.69265986032033	-0.06711116667866668	0.380687667760164	-0.16209275164487216	0.3829091444438345	1
3.136551294050527	-0.06711116667866564	0.026079571203419305	0.20436612372266313	1.239388624187793	1
6.619270466178181	-0.06711116667867079	0.23448609492952807	-0.15327642299265837	3.093458248075511	1
3.4329529257209654	-0.0671111666786672	0.0752990406396164	-0.09104141132151451	0.9657663844645653	1
4.61855945240272	-0.0671111666786703	0.2924019917843532	-0.008165642666163549	0.8381499467297845	1
3.358852517803356	-0.06711116667866661	-0.00492186618301321	-0.03680349643022063	-0.14257411034679904	1
4.61855945240272	-0.0671111666786671	0.46831622735007256	-0.14485437735085788	0.654307915188268	1
3.951655781144233	-0.067111166678665	1.9778550762596372	-0.25163892754587985	0.35045795611276936	1
4.3962582286498915	-0.06711116667866701	0.29758518323594996	-0.10057045715144472	0.563526050134891	1
4.69265986032033	-0.06711116667866618	2.000087782979636	-0.0776673566925612	1.4299895203331896	1
4.69265986032033	-0.06711116667866585	-0.07237643015281954	-0.12390031107120758	0.5461870126199785	1
0.0	0.0	0.0	0.0	0.0	0
3.6552541494737945	-0.06711116667866603	0.1280944135881383	-0.026501089161731283	0.9019239040403473	1
3.803454965309014	-0.06711116667866532	-0.07237643015281954	0.04483822490691656	0.3985336493456446	1
4.322157820732281	-0.06711116667867131	14.475825803465916	0.11051998375663345	2.6218282893356837	1
4.2480574128146715	-0.06711116667866596	-0.07237643015281954	-0.18770993067531427	1.5872621445630886	1
3.8775553732266235	-0.06711116667866611	-0.01749539690698512	-0.033983587768376074	0.5165529924595383	1
4.5444590444851105	-0.06711116667867335	0.7393330854654798	-0.10528155486172269	1.3162595054412074	1
5.507764347414035	-0.06711116667867009	2.613355077676839	-0.21239815710845075	0.8633698822969907	1
4.3962582286498915	-0.06711116667866578	3.27372332170456	0.01981190814254115	1.6576812871483781	1
0.0	0.0	0.0	0.0	0.0	0
4.2480574128146715	-0.06711116667866354	0.6239625882836823	0.11740014288581481	2.15133182115717	1
4.61855945240272	-0.0671111666786657	0.4408037034786277	-0.2877562363394021	0.4724575147034902	1
5.507764347414035	-0.06711116667867086	1.2189880300641256	0.06255427171608488	3.961514475076176	1
7.434374953271886	-0.06711116667867749	4.056189753394908	-0.08271403083352671	3.048182554268358	1
3.8775553732266235	-0.06711116667866916	0.5414704478971974	0.08078013684158036	2.1204833762884205	1
2.6178484386272594	-0.0671111666786654	-0.07237643015281954	0.043084667296617495	0.6145306929219776	1
2.914250070297698	-0.06711116667866639	1.8618521852591978	-0.21924329585702798	0.05569135778919625	1
4.766760268237939	-0.0671111666786659	0.12135307756846422	-0.21158852321974336	0.42050290893475445	1
3.951655781144233	-0.0671111666786655	7.326106006279885	-0.20454622675765635	0.6739395413334992	1
5.952366794919693	-0.06711116667866301	2.890245333545163	-0.1964755202014144	1.5791419028290001	1
2.3955472148744303	-0.06711116667866605	0.002093408469846634	-0.2590135396724933	-0.1874626402181843	1
8.027178216612764	-0.06711116667867095	0.4444043998076155	-0.20656080816082634	0.3776408820339233	1
7.212073729519058	-0.06711116667866257	7.071148561414649	-0.11376342568010804	4.845567782067763	1
0.0	0.0	0.0	0.0	0.0	0
4.5444590444851105	-0.06711116667866604	0.09500601355237835	-0.05618194177335077	0.7504051935895114	1
3.951655781144233	-0.06711116667866683	0.5259185704337744	-0.26825988076525265	-0.16426959932067886	1
2.6178484386272594	-0.0671111666786684	0.05138020987711845	-0.12716290417284443	1.8064371169854077	1
5.285463123661207	-0.0671111666786643	0.6730316537718534	-0.20842444917550987	0.7879719398618801	1
4.322157820732281	-0.0671111666786662	0.015449412135868309	-0.08642937589658194	0.5750846206740584	1
3.803454965309014	-0.06711116667866579	-0.07237643015281954	-0.08004557360046345	0.030456140711640607	1
3.8775553732266235	-0.06711116667866768	0.06371989811266168	-0.20039098845281283	0.8291493033071002	1
3.4329529257209654	-0.0671111666786659	-0.07237643015281954	-0.21315001430650832	0.3735629304050693	1
2.691948846544869	-0.06711116667866511	0.12292701739442634	-0.12544467805204287	1.199288181343601	1
0.0	0.0	0.0	0.0	0.0	0
13.73290962626871	-0.06711116667866457	2.655733926871711	-0.09009029757768801	17.82174464231611	1
7.137973321601448	-0.06711116667866991	22.671810067241395	-0.04796203668076886	2.2246770090337016	1
5.581864755331645	-0.06711116667866555	-0.07237643015281954	-0.06730501730307073	-0.030684586142139276	1
7.656676177024716	-0.06711116667867119	6.988248860802182	0.06188523701093789	4.254240060792912	1
4.2480574128146715	-0.06711116667866805	1.869687658639139	0.06896997247928653	1.94575326909977	1
0.0	0.0	0.0	0.0	0.0	0
3.8775553732266235	-0.0671111666786759	0.7743476049742353	-0.1372709399173368	1.2073820696077766	1
5.359563531578816	-0.06711116667866654	0.633737945483113	-0.10336347582803175	1.6635996027800226	1
4.5444590444851105	-0.06711116667866848	0.39779747896367657	0.40279270231360076	4.553029775585712	1
4.322157820732281	-0.06711116667866594	5.5483496604710245	0.021423844865892924	1.3267687359502298	1
3.0624508861329174	-0.06711116667888418	5.201527496304849	0.03746930511921437	2.504357337509789	1
0.0	0.0	0.0	0.0	0.0	0
3.2847521098857464	-0.06711116667866611	0.010187956146223406	-0.13788574558489017	-0.2489739540679911	1
7.508475361189496	-0.06711116667998498	20.907476721085	-0.13609118718005597	1.5767441506370814	1
1.6545431356983338	-0.06711116668127787	0.619506615205175	0.20093873739473977	3.259545050100149	1
7.212073729519058	-0.06711116667866583	0.4974437504966537	-0.29244593296012933	-0.018374097455182366	1
4.3962582286498915	-0.06711116667866611	2.2947607237404473	-0.28227968778387585	-0.08340792648259113	1
4.840860676155549	-0.06711116667866637	0.06442142557794767	-0.11611449677184929	0.3054571001913216	1
0.0	0.0	0.0	0.0	0.0	0
2.988350478215308	-0.06711116667866572	16.728844451423733	-0.15438116795009416	0.3113369329300215	1
4.61855945240272	-0.06711116667866614	0.051123240109614436	-0.2566906148201534	-0.05676745406391875	1
4.61855945240272	-0.06711116667866988	21.019808620790798	-0.09929146578929311	1.5564011377543112	1
3.5070533336385754	-0.06711116667866646	-0.004382229671254761	-0.21729397142138357	0.17633579682156483	1
3.358852517803356	-0.06711116667866657	0.032852689640078314	-0.1190399025221552	-0.07720228687538583	1
4.914961084073158	-0.0671111666786659	0.03312250789595753	-0.12741095794380555	0.28509816967763724	1
3.5070533336385754	-0.06711116667866657	6.455726359972455	0.0658764314284321	0.6283332930443849	1
6.026467202837303	-0.06711116667866926	0.17173485604880054	0.14891619221876376	4.569346762718757	1
5.137262307825988	-0.06711116667866542	0.3098140151708693	-0.11406325891698213	1.516712208997397	1
1.8768443594511628	-0.06711116667866623	-0.07237643015281954	-0.11036082518120936	0.31041083369601125	1
4.0998565969794525	-0.06711116667866548	0.3495765266925468	-0.11651621209380741	1.6513313701963166	1
3.358852517803356	-0.06711116667866579	24.595506680752262	-0.10782584714598246	0.32633187666044783	1
8.76818229578886	-0.06711116667866576	-0.07237643015281954	-0.2787822755129565	-0.24491989916941304	1
2.2473463990392113	-0.06711116667866672	0.03970607333941064	-0.16697449216932575	0.015174599723193754	1
11.583997796658029	-0.06711116667866503	-0.07237643015281954	-0.10799755613815534	3.20456039442727	1
2.0250451752863823	-0.06711116667866635	56.51329542878667	0.20533117103016799	1.5559828903288182	1
9.805588006635396	-0.06711116667866811	27.908230918014347	-0.1916210984195553	1.0150773940464513	1
0.0	0.0	0.0	0.0	0.0	0
12.991905547092612	-0.06711116667866883	21.764047624310344	-0.21544063740445762	0.7479516615986719	1
2.099145583203992	-0.06711116667866829	1.3754912010521412	0.7198054216015649	1.452225160969047	1
4.2480574128146715	-0.06711116667866568	-0.07237643015281954	-0.14896579435009116	0.4170734851676949	1
2.6178484386272594	-0.06711116667866446	1.1458650262429184	-0.12129229826010475	0.7652737200301659	1
3.136551294050527	-0.0671111666786865	-0.009285657590598373	0.162006525092346	1.7270092540910953	1
2.0250451752863823	-0.06711116667866582	-0.07237643015281954	-0.27473289312454474	-0.3517520293740641	1
0.0	0.0	0.0	0.0	0.0	0
4.69265986032033	-0.06711116667866768	0.6046606282467881	0.1595278005544085	4.368278546264034	1
0.0	0.0	0.0	0.0	0.0	0
0.0	0.0	0.0	0.0	0.0	0
1.5063423198631145	-0.06711116667866585	-0.014095686882906874	0.014905758915465387	-0.07997404864262728	1
5.952366794919693	-0.06711116667866589	4.6660285133202715	-0.2362377753750996	-0.09171598359252771	1
3.358852517803356	-0.06711116667866625	0.89879920593787	0.2809280725613444	2.3113769262680903	1
3.5070533336385754	-0.06711116667866691	0.022167886707261025	-0.09988185316658174	-0.052278738572332666	1
2.0250451752863823	-0.06711116667866594	-0.05133060619423996	-0.07162886598216626	0.10668072868380944	1
3.0624508861329174	-0.06711116667866568	0.7466299037429808	0.10825690105254386	0.4242105054692841	1
3.358852517803356	-0.06711116667866605	0.19420400665585505	-0.1938002716966411	0.3097653140358254	1
0.0	0.0	0.0	0.0	0.0	0
3.2847521098857464	-0.06711116667866564	1.9618658101681912	-0.16124836095191733	0.3586290597171677	1
2.1732459911216013	-0.06711116667866562	-0.039998239447312504	-0.06786036636981764	0.6585940656041187	1
3.0624508861329174	-0.06711116667866594	-0.04647387758841391	-0.1173785609849445	0.13563341215273797	1
2.988350478215308	-0.067111166678666	0.6074306655348886	0.13895054482305413	0.4151229925177353	1
5.063161899908377	-0.0671111666786671	0.17543234044384157	-0.12922699848919617	0.7942037136041945	1
0.0	0.0	0.0	0.0	0.0	0
3.803454965309014	-0.06711116667866578	-0.07237643015281954	-0.1187000826622713	-0.12282898357967917	1
4.69265986032033	-0.06711116667866585	-0.07237643015281954	-0.18822442151106406	0.1487151702697304	1
5.804165979084474	-0.06711116667866107	0.5136747195728489	-0.15672984943833168	1.316333708275893	1
1.8768443594511628	-0.06711116667866716	0.20212269223628282	0.2896501156317011	0.7628199882159303	1
6.54517005826057	-0.06711116667866655	5.17236588749917	-0.16996974868944464	1.2268879153409868	1
7.508475361189496	-0.06711116667866593	2.39663663064053	-0.19088508748983718	0.994488615635602	1
6.322868834507742	-0.06711116667866578	-0.07237643015281954	-0.2522925605376526	-0.05175010504884418	1
7.804876992859935	-0.06711116667866573	2.13654869409761	-0.2017377153963177	-0.0172705767713569	1
5.433663939496426	-0.06711116667866678	0.08951452337471562	-0.24007676594905317	1.1761206326558276	1
0.0	0.0	0.0	0.0	0.0	0
6.7674712820134	-0.06711116667866848	0.19612221834664953	-0.05980542580561624	3.020972750557214	1
9.953788822470615	-0.06711116667866755	13.515418510049326	-0.20535379262151074	4.672044733043934	1
0.0	0.0	0.0	0.0	0.0	0
5.137262307825988	-0.06711116667866579	-0.07237643015281954	-0.2869864008709253	0.12025302543974266	1
5.285463123661207	-0.06711116667866943	0.25075791308814066	-0.20199768059735237	0.6744708999009122	1
6.248768426590132	-0.06711116667867308	0.7725515606184814	-0.1513409256643338	1.6878143906359	1
5.359563531578816	-0.06711116667866589	0.04625366301541317	-0.1925661890475889	0.5860301600411149	1
5.137262307825988	-0.06711116667866686	0.07368518569646777	-0.20052482989395393	1.1595329199791413	1
4.69265986032033	-0.06711116667866578	-0.07237643015281954	0.030879579674696414	0.2576765241073121	1
6.322868834507742	-0.06711116667866751	0.08425306738507073	-0.06478496793897344	1.39778486497037	1
9.212784743294518	-0.0671111666786671	0.5872763948276659	-0.2177306529487505	0.7119283599811483	1
8.84228270370647	-0.06711116667866801	0.1860554953283025	-0.16417404908140967	1.846686828197459	1
4.3962582286498915	-0.067111166678664	0.11613659128813256	-0.12782684174630912	1.266338980949282	1
4.173957004897062	-0.06711116667866586	-0.07237643015281954	-0.21830165498210458	-0.08068969980539588	1
3.8775553732266235	-0.06711116667866583	-0.07237643015281954	-0.27785650256453337	-0.19110058445136338	1
3.803454965309014	-0.06711116667866751	0.2337143932584363	-0.13356720153219725	0.4032953159194924	1
2.914250070297698	-0.06711116667868139	-0.008279856409543731	0.6762413058431767	1.827911489107915	1
4.989061491990768	-0.0671111666786664	0.357443619127801	0.08040297906117203	0.8648398366534418	1
5.655965163249255	-0.06711116667866614	0.34830839683380854	-0.165430557529965	0.5178050553025856	1
7.360274545354277	-0.06711116667866912	0.21823581931283142	-0.06355517408917531	4.35646772619741	1
5.952366794919693	-0.06711116667866995	17.181234407314275	0.05748985155308928	2.6991974810015615	1
2.54374803070965	-0.06711116667866589	-0.07237643015281954	-0.18494202552454964	-0.038999922552679686	1
3.136551294050527	-0.06711116667866635	-0.0011444106007040633	0.11964692646202882	0.18467084912745596	1
7.360274545354277	-0.06711116667866578	0.3444156842503323	-0.298664391468329	0.37953219170105607	1
4.989061491990768	-0.06711116667866615	0.07078142732367229	-0.19190493839362602	0.1468404449935238	1
7.953077808695154	-0.06711116667866834	0.398321517228489	-0.1175750033964388	2.9853026523016317	1
0.0	0.0	0.0	0.0	0.0	0
5.730065571166865	-0.06711116667866493	16.881601892958795	-0.09062938643764448	2.3641676570748484	1
4.840860676155549	-0.0671111666786683	5.018898936467208	-0.026997969748639553	2.661614325526045	1
0.0	0.0	0.0	0.0	0.0	0
4.470358636567501	-0.06711116667866666	0.07855219309299395	-0.2284308561676112	0.6552023936383574	1
0.0	0.0	0.0	0.0	0.0	0
3.8775553732266235	-0.06711116667866651	0.7292713448927781	-0.22047464025955518	0.3368338982693754	1
4.322157820732281	-0.06711116667866404	0.220904031130182	-0.05594911785501294	1.4860042148780415	1
3.2106517019681364	-0.06711116667866525	0.22550292433784516	-0.08950359177516082	0.5036735387709449	1
5.507764347414035	-0.06711116667866933	5.24780798481835	-0.1707837354485209	0.7623079357985415	1
7.656676177024716	-0.0671111666786668	0.474931786265385	-0.16873264635246502	0.7284814633938258	1
4.025756189061843	-0.06711116667866579	-0.07237643015281954	-0.2646915405260653	0.035811181405803326	1
3.951655781144233	-0.06711116667866572	-0.07237643015281954	-0.13252209614037302	0.28197081205871616	1
4.69265986032033	-0.06711116667866461	0.3995420944670671	-0.2525485319509201	0.23073857627097885	1
8.91638311162408	-0.06711116667866722	0.7106395394934186	-0.20804091621197487	1.071413336345467	1
3.6552541494737945	-0.06711116667866668	0.9682254599810851	-0.14489779541028355	0.8562310726187984	1
3.5070533336385754	-0.06711116667866629	0.30180752710049014	-0.21729397142138357	0.03709496226103069	1
5.730065571166865	-0.06711116667866748	2.1763370958469097	-0.16784349853294314	1.737320406001717	1
7.286174137436667	-0.06711116667866426	0.6587452282623011	-0.14306483669376208	2.252960791825535	1
3.2106517019681364	-0.06711116667867183	0.3312370994551357	-0.1625738994124578	0.23516542392396977	1
3.4329529257209654	-0.06711116667866605	0.0765632470925128	-0.23469859130385978	0.1860699098465954	1
3.581153741556185	-0.06711116667866741	7.596365228543551	0.24401446212134412	2.2718416797076455	1
3.136551294050527	-0.06711116667866615	0.17046000013848323	-0.30818501970417217	-0.3316778405295944	1
5.137262307825988	-0.067111166678667	0.43177151661709673	-0.08863338510022595	0.8867866470243109	1
3.4329529257209654	-0.06711116667866585	-0.07237643015281954	-0.1485042833144525	-0.21325241666691974	1
4.69265986032033	-0.0671111666786667	0.5201088172100501	-0.14199146713241725	0.6036115516461322	1
5.137262307825988	-0.06711116667867974	0.24883751332389345	-0.04285961223006424	2.5275054864237982	1
6.841571689931009	-0.06711116667866919	1.8586774942665198	-0.1389495072811551	3.4250085624332165	1
5.211362715743597	-0.06711116667866662	0.1438791549686603	-0.055224181988078214	0.9171118894198271	1
2.8401496623800884	-0.06711116667866568	-0.05294951572951531	-0.19411901745668755	0.7466932753582185	1
7.286174137436667	-0.06711116667866261	5.92824203517668	-0.0367166816097441	3.8523852645519274	1
6.396969242425351	-0.06711116667866661	10.618765194401952	-0.22919962598951735	0.814187484216634	1
2.8401496623800884	-0.0671111666786658	-0.07237643015281954	-0.19918997273015088	0.22019655365671645	1
0.0	0.0	0.0	0.0	0.0	0
3.6552541494737945	-0.06711116667866557	0.12648453021664005	-0.04570055503987483	2.8244624128077516	1
4.5444590444851105	-0.06711116667866653	2.0251338731666597	0.014265329179529775	2.0126621363727777	1
4.766760268237939	-0.06711116667866554	0.08692426811827506	-0.03982450367563483	1.2143178123927325	1
3.2847521098857464	-0.06711116667866608	0.599835978249784	-0.20797359168597074	0.576577029539837	1
0.0	0.0	0.0	0.0	0.0	0
4.322157820732281	-0.067111166678664	6.368498315497058	-0.032502765515344256	2.8367061392652575	1
4.914961084073158	-0.06711116667866594	-0.02380914409455899	-0.14583780950089717	0.3259893710851189	1
4.470358636567501	-0.0671111666786645	5.757781913141866	-0.12496142695556707	1.8374364371669571	1
5.359563531578816	-0.06711116667866603	0.7755084250022707	-0.10179851594698659	0.8372881469602423	1
0.0	0.0	0.0	0.0	0.0	0
3.136551294050527	-0.0671111666786657	2.183653785424385	-0.087915106826524	0.9089280776523057	1
3.951655781144233	-0.06711116667866619	-0.04876733276338733	-0.07711891874246338	-0.0655786611889616	1
4.766760268237939	-0.0671111666786622	3.3754167351785163	0.0011646373519367023	3.079519920672944	1
11.13939534915237	-0.06711116667866708	0.5198746415020801	-0.2350451327467999	1.8828055158501185	1
3.8775553732266235	-0.06711116667866557	-0.07237643015281954	-0.09997272941910096	0.22596358903241479	1
3.4329529257209654	-0.06711116667866576	-0.07237643015281954	-0.19160143730915638	0.21490990230935972	1
13.584708810433488	-0.06711116667866672	4.328387861781368	-0.2779103653889751	1.3439159525004507	1
2.321446806956821	-0.06711116667866582	-0.07237643015281954	-0.18279388401261973	-0.22268384292641052	1
23.81056510306362	-0.06711116667866622	1.1081734192982415	-0.26150973960660584	2.4269413631641785	1
2.8401496623800884	-0.06711116667866733	0.030352373802264153	-0.19411901745668755	0.311031472232054	1
0.0	0.0	0.0	0.0	0.0	0
2.914250070297698	-0.06711116667866582	11.426291842620492	-0.08855094858186262	0.08370268434755161	1
4.2480574128146715	-0.0671111666786658	-0.01976187025637061	-0.141701268789112	0.11765220721201586	1
2.321446806956821	-0.06711116667867281	-0.048341745480794625	0.47135934626413223	0.8963172875479203	1
3.2847521098857464	-0.0671111666786693	-0.00019479050533691142	-0.08337297639516088	0.22238502408251143	1
1.7286435436159435	-0.06711116667866573	-0.07237643015281954	0.11520925422456729	-0.24231097212329375	1
3.581153741556185	-0.06711116667866485	2.644043696079935	0.37361085679881406	2.4045294769796297	1
2.988350478215308	-0.06711116667866579	-0.07237643015281954	-0.043373347054645114	-0.057558106068601886	1
2.0250451752863823	-0.06711116667866568	-0.07237643015281954	0.14993916362770146	0.45497370298431683	1
3.2106517019681364	-0.06711116667866565	-0.07237643015281954	0.15812356188456672	-0.07798961105544316	1
1.8027439515335533	-0.06711116667866578	0.041275516194441475	0.09641174760741908	-0.06143787647107322	1
3.8775553732266235	-0.06711116667866585	0.017023351961830448	-0.25203466452729323	-0.0945244935589915	1
3.2106517019681364	-0.06711116667866561	27.581741605062838	-0.11791982252299867	0.30624494965028065	1
6.915672097848619	-0.0671111666786692	0.18965616501264185	-0.06366327855115718	2.406502305555763	1
3.358852517803356	-0.06711116667866632	-0.05294951572951531	0.0416948912029894	0.24034972780689648	1
3.2847521098857464	-0.06711116667866578	30.58724125362615	-0.16124836095191733	-0.03837445384534288	1
3.6552541494737945	-0.06711116667866598	-0.020571325024008283	-0.29529361145574257	-0.30183263190342446	1
0.0	0.0	0.0	0.0	0.0	0
1.5804427277807243	-0.06711116667866568	-0.002007829019517594	-0.06728272386289598	-0.13428029093590071	1
5.359563531578816	-0.06711116667866586	0.11865489500967195	-0.13309771356788413	0.6179524579958833	1
2.8401496623800884	-0.06711116667866937	0.1100452397538894	-0.1789061516362981	0.4056187308330738	1
1.9509447673687725	-0.06711116667866597	0.08303888523361423	-0.08455366770940857	-0.1522686546441672	1
2.321446806956821	-0.06711116667866614	0.21255164805564236	-0.14645203788613323	-0.04090535712613916	1
2.988350478215308	-0.06711116667866576	-0.07237643015281954	-0.1266292127262318	0.2847321667760487	1
11.583997796658029	-0.0671111666786662	12.80579198517912	-0.24872273312686494	1.051460194888914	1
6.989772505766228	-0.06711116667866679	0.7134701560881359	-0.06508406032501365	2.3068761361531656	1
3.803454965309014	-0.06711116667866504	1.9531635845047877	0.003210292071123252	1.6341684891955048	1
3.2847521098857464	-0.06711116667866657	0.9390035619498767	0.0762715619461893	1.2887072202540124	1
8.471780664118421	-0.06711116667866573	-0.07237643015281954	-0.058709849870281994	0.3676427057602492	1
4.69265986032033	-0.06711116667866653	0.7829448712866494	0.22787216789675588	2.1109769306125687	1
0.0	0.0	0.0	0.0	0.0	0
4.766760268237939	-0.06711116667866573	-0.07237643015281954	-0.09838041942930806	0.13212599577999756	1
0.0	0.0	0.0	0.0	0.0	0
8.545881072036032	-0.06711116667866651	0.809980930074455	-0.3022944250991243	0.4229734287623192	1
4.2480574128146715	-0.06711116667866632	7.704143822172148	-0.07874204726062499	0.6594872092207789	1
5.507764347414035	-0.06711116667866773	0.5102088748561029	-0.22726045055842567	0.6797327010344417	1
4.840860676155549	-0.06711116667867445	0.38595117647865534	-0.013725295511140172	1.533614607195201	1
4.470358636567501	-0.06711116667866837	2.0688085553990776	0.05335822764391291	1.8326989320893659	1
3.7293545573914044	-0.06711116667866576	-0.07237643015281954	-0.15438116795009416	0.5045380303050968	1
6.322868834507742	-0.06711116667867167	0.27689103761666123	-0.21913573013910576	1.1335431228051045	1
5.655965163249255	-0.06711116667866686	0.7804435793698314	-0.21772243612307596	0.4173591561978097	1
4.5444590444851105	-0.0671111666786654	0.15588919861017303	-0.07326006806495859	1.1912884730463955	1
4.766760268237939	-0.0671111666786657	3.0715005699609295	-0.22720343408738994	0.4370268061318464	1
1.5063423198631145	-0.06711116667866585	-0.07237643015281954	-0.13772999481577655	0.17997007294475612	1
5.137262307825988	-0.06711116667866512	0.878193285309691	-0.25647055229081794	0.3241489998074472	1
5.433663939496426	-0.06711116667866576	-0.07237643015281954	-0.13943780744493744	-0.05053580195396997	1
5.655965163249255	-0.067111166678666	0.015044684752049453	-0.14705773532157496	0.4439921704806816	1
3.358852517803356	-0.06711116667866573	-0.07237643015281954	-0.1302539578983284	0.2090384695870104	1
5.063161899908377	-0.06711116667866565	-0.07237643015281954	0.10948416887587425	0.8556838891926235	1
0.0	0.0	0.0	0.0	0.0	0
5.285463123661207	-0.06711116667866615	1.0060797627729954	-0.14576345553847359	1.6861553931958146	1
0.0	0.0	0.0	0.0	0.0	0
5.581864755331645	-0.06711116667867331	1.0740717526575172	-0.15569850759679624	1.3161454401470973	1
0.0	0.0	0.0	0.0	0.0	0
4.61855945240272	-0.06711116667866635	0.10458194569231408	0.012544771680002427	0.874202214477019	1
3.2847521098857464	-0.06711116667866578	-0.07237643015281954	-0.024966437977593882	-0.20337452802978132	1
6.7674712820134	-0.06711116667866779	1.4695852033316277	0.16914820479124684	5.549709603441416	1
6.989772505766228	-0.06711116667866585	8.859174577133398	-0.1538148015169539	2.1744728762864174	1
3.0624508861329174	-0.06711116667866573	-0.07237643015281954	0.028620855627547945	0.1335546931859104	1
3.7293545573914044	-0.06711116667866629	3.2068103277735074	-0.052623998795932894	0.7919420760967789	1
6.989772505766228	-0.0671111666786633	3.140892259484178	-0.09340238198201582	2.5546433049095514	1
3.5070533336385754	-0.06711116667866736	0.273407929222584	-0.037722496443451776	0.8727085044002177	1
5.137262307825988	-0.06711116667866514	0.036203726567017556	-0.19543885513060233	-0.09115738551181869	1
5.359563531578816	-0.0671111666786667	0.5364369756870768	-0.18317642976131937	1.4687144064403577	1
3.358852517803356	-0.0671111666786659	-0.027046963165109694	-0.11530188406343111	0.11494708611948894	1
11.21349575706998	-0.06711116667866715	12.02687877867963	-0.10803609136036878	8.410870092363552	1
0.0	0.0	0.0	0.0	0.0	0
7.063872913683838	-0.06711116667866633	0.397866563935567	-0.2024845570047886	0.12713486888018627	1
6.915672097848619	-0.06711116667866825	0.3285734980837093	-0.2505642014873722	2.0986107439051085	1
5.952366794919693	-0.0671111666786703	0.04971633063252989	-0.16825714556202512	0.8013650968853562	1
6.7674712820134	-0.06711116667866629	2.3487276648184228	-0.006583748517749188	3.8562642256720103	1
3.581153741556185	-0.06711116667866578	-0.07237643015281954	-0.15806665982670262	0.10895823916104601	1
4.61855945240272	-0.0671111666786658	-0.07237643015281954	-0.08893625861620989	0.37132898878351817	1
5.137262307825988	-0.0671111666786665	0.04212462606938261	0.11141495559159106	1.9341009664994944	1
4.0998565969794525	-0.06711116667866582	-0.07237643015281954	0.04905477500448913	0.4533361629950769	1
6.471069650342961	-0.06711116667866562	7.8228148730723515	-0.23119295801785997	0.6027377181691372	1
2.6178484386272594	-0.0671111666786657	-0.07237643015281954	-0.17412775147476528	0.5633036345845452	1
2.766049254462479	-0.06711116667866579	-0.07237643015281954	-0.19857156355046018	0.4167716199853229	1
4.766760268237939	-0.06711116667866597	0.14770532722600188	-0.0495838229679137	0.4140444188950019	1
2.321446806956821	-0.0671111666786657	-0.07237643015281954	0.12974599267516185	0.682769106564506	1
5.211362715743597	-0.06711116667866854	0.9522336266073252	-0.16743208743374804	0.628683076833141	1
3.5070533336385754	-0.06711116667866603	-0.039998239447312504	-0.22765386420857187	1.3394156637974888	1
5.655965163249255	-0.0671111666786668	0.2737155921169501	-0.20924267202689556	0.8881991654804421	1
3.6552541494737945	-0.06711116667866636	4.150031795867855	0.0022981096554840668	0.8000789285417714	1
4.840860676155549	-0.06711116667866536	0.11740838001511596	-0.11801059309149185	1.73689023526548	1
8.61998147995364	-0.06711116667866437	5.8353338171087294	-0.1695185980722006	2.0539864437501234	1
6.989772505766228	-0.0671111666786669	0.1770569390220729	-0.13304803230181914	2.0802741881543563	1
5.211362715743597	-0.06711116667866898	0.5427921147076928	-0.1344297623026687	1.0747350223094254	1
0.0	0.0	0.0	0.0	0.0	0
0.0	0.0	0.0	0.0	0.0	0
7.582575769107105	-0.06711116667866654	1.368839672790295	-0.1230666270441703	1.0664415225250439	1
4.2480574128146715	-0.06711116667866586	-0.07237643015281954	-0.06905601317931942	0.6119503388663883	1
0.0	0.0	0.0	0.0	0.0	0
3.4329529257209654	-0.06711116667866592	4.843195245308447	0.11726149965288654	0.2925326856632333	1
3.6552541494737945	-0.0671111666786657	-0.07237643015281954	0.2518911660713518	0.4617351377903647	1
4.766760268237939	-0.06711116667866741	4.64258662396841	-0.03787263981717923	1.5668748038835856	1
5.581864755331645	-0.06711116667866555	2.7123663745550335	-0.22815218816542385	0.9784310041542023	1
5.211362715743597	-0.06711116667866523	1.6541107345060144	-0.17238243620341004	0.6529817872509162	1
3.358852517803356	-0.06711116667866572	-0.07237643015281954	0.20242968492813393	-0.08490729605291561	1
2.766049254462479	-0.0671111666786655	2.4579284438252236	-0.10284182253434987	1.0565042836897947	1
3.581153741556185	-0.06711116667866568	-0.07237643015281954	-0.10489890816415098	0.5526969480339229	1
0.0	0.0	0.0	0.0	0.0	0
5.359563531578816	-0.06711116667866589	-0.07237643015281954	-0.1221429944005699	-0.1834532994745748	1
3.358852517803356	-0.06711116667866583	0.25258692155906476	-0.1302539578983284	1.97305224958523	1
6.026467202837303	-0.06711116667866587	0.5294184986671794	-0.16303704454522502	0.765982034513587	1
3.136551294050527	-0.06711116667866616	2.008321164403071	0.0518715686535219	0.47524112009343805	1
7.434374953271886	-0.06711116667866611	1.3092051948183083	-0.2663801301035377	0.3126761736593634	1
3.581153741556185	-0.06711116667866628	0.21982615639729883	-0.18797352013688795	0.77681734315122	1
3.4329529257209654	-0.06711116667866576	-0.07237643015281954	-0.17723571931092175	0.39558488250590434	1
3.803454965309014	-0.06711116667866593	0.5860748704340564	-0.1187000826622713	0.859568006645871	1
3.951655781144233	-0.06711116667866593	-0.07237643015281954	-0.19346559127807408	-0.11165808751006707	1
5.137262307825988	-0.06711116667866576	0.015314503007928684	-0.015734413492190846	0.10316217811513331	1
7.212073729519058	-0.06711116667866576	2.270767605079485	-0.23821890338758556	0.9072316396769015	1
0.0	0.0	0.0	0.0	0.0	0
4.3962582286498915	-0.06711116667866582	-0.07237643015281954	-0.15735459172407917	-0.31061744663762375	1
2.766049254462479	-0.06711116667866492	0.3545659900667413	-0.2783463477305516	-0.03708786233869902	1
4.0998565969794525	-0.06711116667866587	0.029668834220703454	-0.18119237892907977	0.5771495117651768	1
4.914961084073158	-0.06711116667866476	1.8140229783043056	-0.26561234462199257	1.1131996550179002	1
3.0624508861329174	-0.06711116667866582	-0.020211567349502642	-0.17489348268077504	0.0877713724722042	1
5.878266387002084	-0.06711116667866439	0.16255591240743295	-0.13174015800842356	1.5220107259287337	1
2.321446806956821	-0.06711116667866585	-0.07237643015281954	-0.24820920704029495	-0.11125095669760797	1
2.766049254462479	-0.06711116667883954	12.873503242862407	-0.08688686569833151	1.715322397075144	1
5.285463123661207	-0.06711116667866582	-0.07237643015281954	-0.28875905640247934	-0.3662546066208842	1
2.8401496623800884	-0.06711116667866583	-0.07237643015281954	-0.30060907819941474	-0.3662546066208842	1
5.730065571166865	-0.06711116667866579	-0.07237643015281954	-0.20093526085949967	0.08162015542149204	1
3.803454965309014	-0.0671111666786648	0.7300381852480806	-0.08896584492241894	1.8146804583278608	1
0.0	0.0	0.0	0.0	0.0	0
4.5444590444851105	-0.0671111666786674	0.08433401286183449	-0.31021907036101254	-0.2232772647734613	1
0.0	0.0	0.0	0.0	0.0	0
0.0	0.0	0.0	0.0	0.0	0
1.8027439515335533	-0.06711116667866593	-0.029637218421550243	0.17536127539944113	0.35374241204181545	1
2.1732459911216013	-0.06711116667866578	-0.07237643015281954	-0.32089289929326703	-0.30683628042517086	1
9.879688414553007	-0.06711116667866648	0.740835702703524	-0.2695460573525765	0.4804937724483431	1
5.655965163249255	-0.06711116667866604	0.8526407848843954	-0.19228314383453537	0.44291407601854854	1
0.0	0.0	0.0	0.0	0.0	0
2.6178484386272594	-0.06711116667866615	1.346179131803437	-0.09193926869640393	-0.001994057600425243	1
4.470358636567501	-0.06711116667866582	-0.07237643015281954	-0.29447517268593704	-0.18634425645085745	1
7.360274545354277	-0.06711116667866625	0.11066827463564687	-0.18068231147442668	1.2559297816441612	1
7.212073729519058	-0.06711116667866593	0.013425775216774103	-0.16976839064847293	0.7206599979569709	1
3.4329529257209654	-0.06711116667866583	-0.07237643015281954	-0.11618141781842507	-0.18987297178033624	1
6.54517005826057	-0.06711116667866619	0.2549439506007812	-0.13571768614105928	1.2299762379246346	1
3.0624508861329174	-0.06711116667866547	0.46786725843484517	0.08613577732337804	0.8328079198676557	1
3.0624508861329174	-0.06711116667866585	-0.07237643015281954	-0.10410588674744507	-0.3662546066208842	1
3.581153741556185	-0.06711116667866585	0.06523088034558534	-0.19461948909470703	0.5729557967348289	1
3.5070533336385754	-0.06711116667866814	2.3977756579512186	-0.2380137569957601	0.23494194252543896	1
9.731487598717788	-0.06711116667866487	8.066639507402966	-0.21863692048638947	2.5560092510525365	1
2.1732459911216013	-0.06711116667866532	0.011562305142502586	0.1117111086081142	1.583509882155342	1
6.841571689931009	-0.06711116667866643	1.9449909397707523	-0.25696684264036307	-0.18858289063424064	1
5.211362715743597	-0.06711116667866589	0.5054726479302751	-0.05192394947497037	2.534286915769772	1
9.0645839274593	-0.0671111666786674	0.25231989393646126	-0.2350460186795202	0.11410624686648622	1
12.102700652081296	-0.06711116667866629	0.42771424374345585	-0.17661359401266613	3.344969119340928	1
2.3955472148744303	-0.06711116667866562	11.604523139033098	-0.21776063325864412	0.016994751952783056	1
2.099145583203992	-0.06711116667866582	-0.07237643015281954	-0.13009820712921474	0.04906406362345727	1
3.2847521098857464	-0.06711116667866603	-0.06590079201171813	0.1346781003637563	0.12790542455318765	1
3.136551294050527	-0.06711116667866576	-0.03028478223566039	-0.04555550819620731	0.13275139663400387	1
0.0	0.0	0.0	0.0	0.0	0
3.803454965309014	-0.06711116667866647	0.44022756289084636	0.05375849622887252	-0.015397146803608796	1
2.0250451752863823	-0.0671111666786663	3.4888809013602353	0.7407872425873481	1.3051202985746695	1
4.5444590444851105	-0.06711116667866582	0.5531702142775763	-0.15011163637719244	0.6178572393435645	1
0.0	0.0	0.0	0.0	0.0	0
2.0250451752863823	-0.06711116667866579	-0.07237643015281954	-0.025468859813444003	-0.22886549567243564	1
4.840860676155549	-0.06711116667866616	0.03193040178361845	-0.11232230413256367	0.8010114171899335	1
3.136551294050527	-0.06711116667866615	-0.04647387758841391	0.20013016385963103	-0.059506594595621104	1
5.730065571166865	-0.06711116667866597	1.1837647841440833	-0.1264787956247475	1.9827976136781205	1
4.840860676155549	-0.06711116667866578	0.006973264354748037	-0.2279841796307722	0.12626913532686465	1
6.174668018672523	-0.06711116667866603	1.420552949954604	-0.22400029700305882	0.10802034876682574	1
4.840860676155549	-0.06711116667866593	-0.07237643015281954	0.04694978671742816	0.05153162044131237	1
5.211362715743597	-0.06711116667866614	0.15265199525045434	-0.08162604209294189	0.47804153117373527	1
3.2106517019681364	-0.0671111666786658	-0.07237643015281954	-0.13415766866461998	-0.3053877293880149	1
2.4696476227920403	-0.06711116667866578	-0.002763320135979412	-0.25575673127140003	-0.1930938962309592	1
1.6545431356983338	-0.06711116667866586	-0.06266297294116743	-0.22957236287286598	0.04711973114947912	1
3.8775553732266235	-0.06711116667866684	6.119010650762266	0.003314622729859768	2.053360948471645	1
4.69265986032033	-0.06711116667866572	0.05200682077172439	-0.06359645753384242	0.29075418183394675	1
3.951655781144233	-0.06711116667866578	-0.07237643015281954	-0.22116717997702912	-0.11125095669760797	1
4.3962582286498915	-0.06711116667866568	-0.07237643015281954	-0.16189732248988997	0.1380603998995577	1
6.248768426590132	-0.06711116667866604	37.85914917816859	0.02171901983278417	1.9598137538119573	1
2.8401496623800884	-0.06711116667866585	-0.07237643015281954	-0.19411901745668755	-0.26791521296093285	1
0.0	0.0	0.0	0.0	0.0	0
9.731487598717788	-0.06711116667866579	-0.07237643015281954	-0.22063215909725511	0.16038090770634916	1
0.0	0.0	0.0	0.0	0.0	0
0.0	0.0	0.0	0.0	0.0	0
4.470358636567501	-0.06711116667866576	-0.07237643015281954	-0.001678702788025519	0.2652866630652394	1
3.951655781144233	-0.06711116667867142	0.0445682436579603	0.022606800573774996	1.1121479148829672	1
4.5444590444851105	-0.06711116667866598	1.1638267455299514	-0.22696320468942585	0.8440302564855439	1
5.655965163249255	-0.06711116667866579	-0.07237643015281954	-0.26718772668412677	0.20172522111240782	1
7.212073729519058	-0.06711116667866944	0.5734035404054819	-0.11109652258637638	2.5226413286730125	1
0.0	0.0	0.0	0.0	0.0	0
8.545881072036032	-0.06711116667866583	-0.07237643015281954	-0.20866072743205977	2.183836945223147	1
6.174668018672523	-0.06711116667866542	1.5591417878141938	-0.0852405208837479	2.1110764356145317	1
9.953788822470615	-0.06711116667866625	0.33347519025124633	-0.159586310932418	1.4881130619890055	1
0.0	0.0	0.0	0.0	0.0	0
4.0998565969794525	-0.06711116667866579	-0.07237643015281954	-0.20447579898977744	-0.18858289063424064	1
4.3962582286498915	-0.06711116667866851	1.0023844019157626	-0.19823916861637647	0.5321562153901399	1
6.248768426590132	-0.06711116667866866	0.7969099549799311	-0.015699346761187127	2.690795480884466	1
7.286174137436667	-0.06711116667866576	-0.07237643015281954	-0.179676496640719	0.9530846341029692	1
7.878977400777544	-0.06711116667866572	-0.07237643015281954	-0.1596315378573111	0.8506230990635966	1
7.434374953271886	-0.06711116667866555	10.785610426578545	-0.03155589359393494	2.994681830250613	1
3.951655781144233	-0.0671111666786659	0.09220289436056682	-0.22670749771682003	0.7379392394246452	1
3.8775553732266235	-0.06711116667866614	0.04742287545755648	-0.25777285075779105	-0.017752669544594677	1
7.360274545354277	-0.06711116667866653	1.3992864638584532	-0.19607127843015282	0.28282716030631255	1
3.2847521098857464	-0.06711116667866572	-0.07237643015281954	-0.10284182253434987	0.4574628507375894	1
0.0	0.0	0.0	0.0	0.0	0
8.101278624530373	-0.06711116667866683	1.6665479378470143	-0.2512221779813824	0.5029302438301063	1
1.5063423198631145	-0.06711116667866585	-0.07237643015281954	-0.046148542577031326	-0.019575192108985815	1
4.322157820732281	-0.06711116667866579	-0.07237643015281954	-0.20131650236095802	-0.07557346344593062	1
6.915672097848619	-0.06711116667866582	-0.07237643015281954	-0.1917963855125827	-0.1531706789608585	1
4.61855945240272	-0.06711116667866575	-0.07237643015281954	-0.1117177143969925	0.1694905423260086	1
2.54374803070965	-0.0671111666786662	0.1941770248302671	-0.19112161069585487	0.42360732833074477	1
0.0	0.0	0.0	0.0	0.0	0
5.285463123661207	-0.06711116667866579	-0.04161714898258785	-0.2116378334645886	0.5804035075797995	1
0.0	0.0	0.0	0.0	0.0	0
5.433663939496426	-0.0671111666786659	0.5298579169696113	-0.24007676594905317	0.5811020188704724	1
5.581864755331645	-0.0671111666786657	0.9733238310533593	-0.22940293701679862	0.2997480276144821	1
4.989061491990768	-0.06711116667866579	-0.07237643015281954	-0.28147991124059896	-0.12189946076033877	1
4.61855945240272	-0.06711116667866572	-0.07237643015281954	-0.30846665068556767	-0.26592530173303747	1
6.69337087409579	-0.06711116667866704	7.66011236701839	0.10881178702290593	3.9178284367260408	1
5.952366794919693	-0.06711116667866583	-0.07237643015281954	-0.23880308216049836	0.17832005831542583	1
7.582575769107105	-0.06711116667866826	1.413670883910879	-0.21269404018559787	1.3355540400175847	1
3.136551294050527	-0.06711116667866572	-0.07237643015281954	-0.0624993476483338	0.19087894914947415	1
4.470358636567501	-0.06711116667866597	0.15874988783332478	0.04235084155752505	0.5795888348559134	1
4.025756189061843	-0.06711116667866575	-0.07237643015281954	-0.2727203060642371	-0.2859446358454773	1
3.358852517803356	-0.06711116667866572	-0.07237643015281954	-0.15642008710939836	0.253768788651998	1
5.063161899908377	-0.06711116667866578	0.04645152973639129	-0.19718127241063946	0.9666483985710425	1
3.5070533336385754	-0.06711116667866572	0.0786343004665534	0.1280357881515625	0.11523806055383312	1
2.8401496623800884	-0.06711116667866551	-0.059425153870616726	0.05435779094300897	0.9639583232869025	1
5.285463123661207	-0.06711116667866684	2.2154570689827118	0.22538242985012522	3.1663105487111993	1
4.322157820732281	-0.06711116667866587	-0.07237643015281954	0.08941826665093168	-0.005431423564952365	1
3.0624508861329174	-0.06711116667866625	9.136331451397469	0.20116562071503877	1.3679012170375557	1
5.137262307825988	-0.06711116667866676	33.46852970346072	-0.18324193417034337	0.4886032005285995	1
4.5444590444851105	-0.06711116667866485	0.1915969495300007	-0.15224640216364307	1.1300845883896464	1
5.581864755331645	-0.06711116667866568	0.1049026845363329	-0.2165595992744437	-0.1388390259367253	1
0.0	0.0	0.0	0.0	0.0	0
4.989061491990768	-0.06711116667866558	1.6411811999075303	-0.10949596337441068	1.131618662849344	1
5.730065571166865	-0.0671111666786659	0.8166363745210515	-0.25884584493097357	0.2236474242293589	1
3.8775553732266235	-0.06711116667866578	-0.07237643015281954	-0.16883096418507482	-0.30683628042517086	1
4.0998565969794525	-0.06711116667866615	0.17342800095315464	-0.04407890523830282	0.09043016966232194	1
4.69265986032033	-0.06711116667866604	0.028370465860395027	-0.22038647673099207	0.127090964059448	1
4.766760268237939	-0.06711116667866573	-0.07237643015281954	-0.10813973872158696	-0.111465425705112	1
4.173957004897062	-0.0671111666786658	-0.07237643015281954	-0.22831055686612056	-0.0423015151828547	1
4.840860676155549	-0.06711116667866576	-0.07237643015281954	-0.31141241769505323	0.07452673075702455	1
2.766049254462479	-0.0671111666786657	0.14852763048201476	0.15775580578728263	-0.009276565420149171	1
4.322157820732281	-0.06711116667866583	0.02036395893938277	-0.15676843291558756	-0.0005681201587424224	1
11.583997796658029	-0.06711116667866572	24.172493382655503	-0.22881372177061562	2.255108778019152	1
6.396969242425351	-0.0671111666786657	-0.07237643015281954	0.1174456755246588	1.0943102396987814	1
2.3955472148744303	-0.06711116667866607	0.028707569621186486	-0.1215038516263294	-0.30423350152439915	1
7.582575769107105	-0.06711116667866641	0.644913356855209	-0.03454657962495338	0.762134470031581	1
4.766760268237939	-0.06711116667866604	0.2843001995926705	-0.17059938219217227	0.6971160937533695	1
7.656676177024716	-0.0671111666786663	0.3553114360013826	-0.07704173921478853	0.7014758749922441	1
4.0998565969794525	-0.06711116667866578	-0.07237643015281954	-0.1734312389088471	-0.28779194510603107	1
4.3962582286498915	-0.06711116667866575	-0.07237643015281954	-0.2800083224009702	-0.3662546066208842	1
2.1732459911216013	-0.06711116667866555	-0.07237643015281954	-0.08418504591326599	0.09565845645519284	1
5.878266387002084	-0.067111166678666	1.0142125226449212	-0.17771478262626716	1.2072805564783704	1
5.655965163249255	-0.06711116667866593	-0.07237643015281954	-0.21630914210704563	0.8506179257706946	1
1.5063423198631145	-0.06711116667866583	-0.07237643015281954	-0.15299357018890108	-0.16225168668226386	1
5.878266387002084	-0.06711116667866768	0.02867910527770911	-0.2158080430239094	0.7634731503058618	1
5.137262307825988	-0.06711116667866587	2.086591047299689	-0.0665941611257037	0.9456026587827162	1
6.100567610754912	-0.06711116667866564	-0.07237643015281954	-0.07608816195366497	0.37244051711188486	1
3.5070533336385754	-0.06711116667866573	-0.07237643015281954	-0.15513461469825318	0.07001769138314104	1
4.2480574128146715	-0.06711116667866887	0.13797726575968985	0.035068853194716657	1.0753522879611688	1
5.730065571166865	-0.06711116667866841	0.028671198515632074	-0.1637070282421236	0.7000939002222831	1
0.9135390565222373	-0.0671111666787745	0.30555064217750544	-0.017866035268007043	3.146782598801135	1
2.4696476227920403	-0.06711116667866551	0.22518738745006828	0.00478794081606858	0.6149537641474336	1
2.1732459911216013	-0.06711116667866575	-0.07237643015281954	-0.1413214243153352	-0.17504783234532073	1
11.43579698082281	-0.06711116667866499	10.392797914412563	-0.1973115271535702	3.017559109552122	1
4.470358636567501	-0.0671111666786678	0.3252680761973997	-0.034700861047188156	1.0208069998928968	1
3.2847521098857464	-0.06711116667866589	-0.07237643015281954	-0.040541514888945196	0.9049566578991167	1
4.3962582286498915	-0.06711116667866573	6.8363763085145095	-0.1641686878727956	0.08145531521798051	1
6.100567610754912	-0.06711116667866583	-0.07237643015281954	-0.2278670991042185	-0.05819177804214206	1
4.3962582286498915	-0.06711116667866579	0.4692508319273266	-0.09375636100272826	1.8264066268173498	1
0.0	0.0	0.0	0.0	0.0	0
4.766760268237939	-0.06711116667866573	-0.07237643015281954	-0.1764549737675395	0.36854339086157145	1
4.61855945240272	-0.06711116667866582	0.07845197488366738	-0.30639560925095094	0.10466071346313385	1
3.5070533336385754	-0.06711116667866568	1.1047346444763653	-0.1931208882512774	0.6380632118562086	1
2.8401496623800884	-0.06711116667866542	-0.06536115549995967	0.11520925422456729	1.8852023612337958	1
3.7293545573914044	-0.06711116667866579	-0.07237643015281954	-0.20988507839781842	-0.2642531466515767	1
5.433663939496426	-0.06711116667866582	-0.07237643015281954	-0.10436665523895801	-0.3662546066208842	1
7.137973321601448	-0.06711116667866579	-0.07237643015281954	-0.2900634995297292	-0.17570242865623958	1
3.358852517803356	-0.06711116667866579	-0.07237643015281954	-0.29472677008219705	-0.3662546066208842	1
5.211362715743597	-0.06711116667866593	0.1537672440414219	-0.2680891790835402	0.40956539750887117	1
6.100567610754912	-0.0671111666786658	0.02259959591666776	-0.16421786739592162	0.5454464370460047	1
3.581153741556185	-0.06711116667866578	-0.07237643015281954	-0.2909860389830821	-0.3662546066208842	1
2.6178484386272594	-0.06711116667866569	-0.02758659967686814	-0.11542169234736457	0.22200247155036681	1
4.989061491990768	-0.06711116667866587	12.338785124999637	-0.2868544096114174	0.35756591323293835	1
5.581864755331645	-0.06711116667866579	-0.07237643015281954	-0.2353975562222868	-0.27755768490844157	1
2.54374803070965	-0.06711116667866808	0.5901799709416949	0.2290901809529085	0.6922671189210508	1
5.655965163249255	-0.06711116667866579	-0.07237643015281954	-0.2544680805398565	-0.1994306217680547	1
3.5070533336385754	-0.0671111666786658	-0.07237643015281954	-0.2138406738256539	-0.3662546066208842	1
0.6171374248517987	-0.06711116668386648	0.20855191362444223	-0.2621868401658663	0.09903845103360727	1
4.025756189061843	-0.06711116667866582	1.2635650595462022	0.25182570909631413	0.9957041205117027	1
3.2847521098857464	-0.0671111666786658	0.052522440493673855	-0.24691128396434872	-0.2706282378996579	1
2.6178484386272594	-0.06711116667866579	8.721506310154265	0.735816164999947	1.4753120858083406	1
3.136551294050527	-0.06711116667866576	-0.07237643015281954	-0.16839834422412625	-0.3662546066208842	1
1.209940688192676	-0.06711116667866579	-0.07237643015281954	-0.12464693021024177	-0.2093292835911768	1
4.69265986032033	-0.06711116667866525	0.48080539605248157	0.01680868051597761	1.5870125495214193	1
5.433663939496426	-0.06711116667866583	-0.07237643015281954	-0.3071694049517972	-0.3662546066208842	1
3.4329529257209654	-0.06711116667866582	-0.07237643015281954	-0.32089289929326703	-0.3662546066208842	1
4.69265986032033	-0.06711116667866576	-0.07237643015281954	-0.32089289929326703	-0.3662546066208842	1
6.7674712820134	-0.06711116667866583	-0.07237643015281954	-0.2877548738121424	0.09630472160380914	1
5.211362715743597	-0.06711116667866564	-0.07237643015281954	-0.03212255439632286	0.8541359108717894	1
3.8775553732266235	-0.06711116667866583	-0.07237643015281954	-0.32089289929326703	-0.3662546066208842	1
1.7286435436159435	-0.06711116667866579	-0.07237643015281954	-0.32089289929326703	-0.3662546066208842	1
1.8027439515335533	-0.06711116667866625	-0.04698524742574692	0.27686781113204023	1.2543513993599298	1
3.5070533336385754	-0.06711116667866629	0.04785458466696325	-0.07916206759220526	1.0119639232384057	1
2.321446806956821	-0.06711116667866579	-0.07237643015281954	-0.32089289929326703	-0.3662546066208842	1
1.3581415040278952	-0.06711116667866582	-0.07237643015281954	-0.1037036844978242	0.2389401070372143	1
2.766049254462479	-0.06711116667866564	4.347927564270884	0.41303511516357627	1.3466298962188195	1
3.7293545573914044	-0.06711116667866586	-0.07237643015281954	-0.24688768536296812	-0.23320922405222075	1
3.6552541494737945	-0.06711116667866594	0.03411184150084805	-0.10329895267430597	0.5689063989297322	1
1.7286435436159435	-0.06711116667866583	-0.07237643015281954	-0.32089289929326703	-0.3662546066208842	1
2.691948846544869	-0.06711116667866603	-0.07237643015281954	-0.25946631547459675	0.27574482486635865	1
5.137262307825988	-0.06711116667866576	-0.07237643015281954	-0.29885367531874524	-0.24856061434860394	1
2.099145583203992	-0.06711116667866578	-0.07237643015281954	-0.28620295526343964	-0.319890306634834	1
5.211362715743597	-0.06711116667866575	-0.07237643015281954	-0.32089289929326703	-0.3662546066208842	1
4.840860676155549	-0.06711116667866535	1.1733077627995017	0.041261497758499514	1.6221105206505713	1
2.3955472148744303	-0.06711116667866582	-0.07237643015281954	-0.30026644608634245	-0.3662546066208842	1
2.8401496623800884	-0.06711116667866583	-0.07237643015281954	-0.2853962123790248	-0.12485422554523423	1
3.0624508861329174	-0.06711116667866582	0.027456324522493823	-0.31646867454743405	-0.2022273382089685	1
3.8775553732266235	-0.06711116667866579	-0.07237643015281954	-0.05980542580561624	0.7350339828869031	1
3.8775553732266235	-0.06711116667866579	2.1190797350052226	-0.14587821926308353	0.5559341716871877	1
5.433663939496426	-0.06711116667866551	0.03901610951366236	-0.1928069521062111	0.6694662840399352	1
2.8401496623800884	-0.06711116667866578	-0.07237643015281954	-0.29046716765248815	-0.24856061434860394	1
1.432241911945505	-0.06711116667866579	-0.07237643015281954	-0.28771121369951874	-0.27889242775355366	1
1.5063423198631145	-0.06711116667866575	-0.07237643015281954	-0.030884967203907272	0.057717395849485605	1
2.321446806956821	-0.06711116667866586	-0.07237643015281954	-0.2918194223920783	-0.26592530173303747	1
31.813409158165463	-0.06711116667866583	-0.07237643015281954	-0.27064839505313226	0.5759467155201692	1
4.3962582286498915	-0.06711116667866579	-0.07237643015281954	-0.24820920704029495	-0.09360754391766474	1
14.029311257939147	-0.06711116667866639	3.1418516476966163	-0.2005519065539299	1.7331774996050113	1
9.435085967047348	-0.06711116667866573	-0.07237643015281954	-0.17948503584343517	0.364337228407691	1
4.69265986032033	-0.06711116667866579	-0.07237643015281954	-0.03143440231391438	0.23666274156152545	1
4.322157820732281	-0.06711116667866569	0.15075205423308138	-0.2646216536780629	-0.0804499441513986	1
3.951655781144233	-0.06711116667866593	28.008419610890446	-0.07157860100267201	-0.0572688175797619	1
2.988350478215308	-0.0671111666786658	-0.07237643015281954	-0.22838638188039306	-0.3381808102990569	1
3.136551294050527	-0.06711116667866582	-0.07237643015281954	-0.16839834422412625	-0.2271617066627346	1
2.988350478215308	-0.06711116667866579	-0.07237643015281954	-0.2515130112336118	0.1399466411967899	1
2.766049254462479	-0.06711116667866585	-0.047445223309579114	0.21625731418601687	0.008064546301289737	1
3.0624508861329174	-0.06711116667866583	-0.07237643015281954	-0.2279841796307722	-0.18326639166066513	1
2.2473463990392113	-0.06711116667866582	-0.07237643015281954	-0.1284948903883404	-0.3662546066208842	1
1.432241911945505	-0.06711116667866576	-0.07237643015281954	0.4754675549566913	-0.3662546066208842	1
1.9509447673687725	-0.06711116667866578	-0.07237643015281954	-0.07470619972674782	-0.3662546066208842	1
2.8401496623800884	-0.06711116667866576	-0.07237643015281954	0.2825507782488527	0.23804554083562554	1
4.914961084073158	-0.06711116667866576	-0.07237643015281954	-0.22691595635210027	-0.3662546066208842	1
1.5063423198631145	-0.06711116667866582	-0.07237643015281954	0.045432909661713934	-0.2010208250436718	1
14.473913705444804	-0.06711116667866583	2.0500307026970326	-0.29719217170384316	0.5622602165186684	1
3.5070533336385754	-0.0671111666786658	-0.07237643015281954	0.1383956809387508	-0.28355072015928195	1
5.285463123661207	-0.06711116667866585	-0.07237643015281954	-0.21806460204274647	-0.2561393941540157	1
3.2106517019681364	-0.0671111666786658	-0.07237643015281954	0.09723163885348628	0.05727093591275317	1
5.211362715743597	-0.06711116667866585	-0.07237643015281954	-0.12287894850679106	0.5338684057181914	1
2.691948846544869	-0.06711116667866633	-0.029893772502665665	0.38272069717514123	1.6602319761659403	1
1.3581415040278952	-0.06711116667866582	-0.07237643015281954	-0.06750548203191675	-0.3662546066208842	1
2.691948846544869	-0.06711116667866582	-0.07237643015281954	-0.21479243633374545	-0.2271617066627346	1
2.2473463990392113	-0.06711116667866578	-0.07237643015281954	-0.07462344789496059	-0.3662546066208842	1
2.914250070297698	-0.06711116667866583	-0.07237643015281954	-0.10791277780781318	-0.02181093844520347	1
2.914250070297698	-0.0671111666786658	-0.07237643015281954	0.027620026773839342	0.21414464498607624	1
2.766049254462479	-0.06711116667866573	-0.07237643015281954	-0.21452652038647857	-0.3662546066208842	1
1.6545431356983338	-0.06711116667866578	-0.07237643015281954	0.09657241005713832	-0.2093292835911768	1
0.6912378327694083	-0.06711116667866583	-0.07237643015281954	0.28294085173142647	-0.3662546066208842	1
2.3955472148744303	-0.06711116667866576	-0.07237643015281954	-0.30026644608634245	-0.17899917914005736	1
4.914961084073158	-0.06711116667866553	0.19759094007121336	-0.12188290247667803	1.358427407150209	1
0.9135390565222373	-0.06711116667866582	-0.07237643015281954	-0.32089289929326703	-0.3662546066208842	1
2.099145583203992	-0.06711116667866611	-0.01976187025637061	-0.24284052522615482	-0.18423056476335825	1
12.399102283751734	-0.06711116667866576	-0.07237643015281954	-0.2853962123790248	0.917234455063345	1
3.4329529257209654	-0.06711116667866585	0.3242564059896416	-0.1664614308122458	-0.06426302342732428	1
7.434374953271886	-0.06711116667866564	-0.07237643015281954	-0.2739280519913467	-0.1840616468321553	1
1.209940688192676	-0.06711116667866587	-0.05133060619423996	-0.21186736091380845	-0.27352600664878485	1
4.470358636567501	-0.06711116667866583	-0.07237643015281954	-0.15137915356289755	-0.1537515650181549	1
2.691948846544869	-0.06711116667866579	-0.07237643015281954	-0.198039731655926	-0.2507812557122316	1
1.8027439515335533	-0.06711116667866583	-0.07237643015281954	-0.14043683576864627	-0.17500186917842836	1
9.212784743294518	-0.06711116667866579	-0.07237643015281954	-0.2593283329263783	-0.3662546066208842	1
1.8027439515335533	-0.06711116667866579	-0.07237643015281954	-0.25322187547153413	-0.3662546066208842	1
1.432241911945505	-0.06711116667866575	-0.07237643015281954	-0.30430205649639286	-0.3662546066208842	1
6.471069650342961	-0.06711116667866575	-0.07237643015281954	-0.19181249599451036	-0.3662546066208842	1
3.4329529257209654	-0.06711116667866567	1.8330761898900048	-0.11258998831886642	-0.12843904801840425	1
3.581153741556185	-0.06711116667866576	-0.07237643015281954	-0.15142069086888402	-0.3662546066208842	1
4.173957004897062	-0.06711116667866576	8.694587509098051	-0.2233061059241126	-0.16507115128911615	1
3.7293545573914044	-0.06711116667866576	-0.07237643015281954	-0.29622449464983436	-0.3662546066208842	1
4.173957004897062	-0.06711116667866585	-0.07237643015281954	-0.24832836063415206	0.3047931657410731	1
6.248768426590132	-0.06711116667866579	-0.07237643015281954	-0.30686101182052783	-0.3662546066208842	1
5.359563531578816	-0.06711116667866583	-0.07237643015281954	-0.26924922321878664	-0.3662546066208842	1
5.285463123661207	-0.06711116667866572	-0.07237643015281954	-0.3048259778478734	-0.07105779350412665	1
4.766760268237939	-0.06711116667866585	-0.07237643015281954	-0.17255124605062788	0.06385882603153646	1
2.54374803070965	-0.06711116667866583	-0.07237643015281954	-0.17876244035324404	-0.3662546066208842	1
7.508475361189496	-0.06711116667866678	5.635284516287207	-0.2435464796127455	0.588488704419548	1
7.286174137436667	-0.06711116667866578	-0.07237643015281954	-0.2546432289130593	-0.3662546066208842	1
4.470358636567501	-0.06711116667866578	-0.07237643015281954	-0.16899097130111757	-0.09268387066632848	1
6.174668018672523	-0.06711116667866575	-0.07237643015281954	-0.22160788706996734	-0.3662546066208842	1
8.397680256200813	-0.06711116667866558	4.791136740857341	-0.08872204398716232	2.4883138172762895	1
5.730065571166865	-0.06711116667866639	0.11471554847383525	-0.21196584830168533	0.07065102121527433	1
5.211362715743597	-0.06711116667866582	-0.07237643015281954	-0.3027416204711737	-0.3662546066208842	1
6.322868834507742	-0.06711116667866582	-0.07237643015281954	-0.31517620439696603	-0.3662546066208842	1
5.730065571166865	-0.06711116667866587	0.06458658705578892	-0.20093526085949967	0.6846132398328816	1
4.914961084073158	-0.0671111666786658	-0.07237643015281954	-0.026063274379801764	0.06314881903326079	1
5.211362715743597	-0.0671111666786658	-0.07237643015281954	-0.19218383128205754	-0.1710141140190767	1
2.321446806956821	-0.06711116667866575	-0.07237643015281954	-0.2918194223920783	-0.3662546066208842	1
4.3962582286498915	-0.06711116667866614	0.1602282374702169	-0.2527519378061058	0.44543134472774504	1
2.691948846544869	-0.06711116667866583	-0.07237643015281954	-0.1645343223002875	-0.3662546066208842	1
4.5444590444851105	-0.06711116667866673	-0.010857867812356191	-0.1287639785126829	0.45417206803211435	1
6.322868834507742	-0.06711116667866583	-0.07237643015281954	-0.31174618745918525	-0.3662546066208842	1
4.025756189061843	-0.06711116667866582	-0.07237643015281954	-0.11482125048019338	-0.33683110855281545	1
3.951655781144233	-0.06711116667866582	-0.07237643015281954	0.16665506180834072	0.29832939533836283	1
4.914961084073158	-0.06711116667866585	-0.07237643015281954	-0.2250732711963908	-0.13184483159347424	1
4.69265986032033	-0.06711116667866583	-0.07237643015281954	-0.256568788853411	-0.3662546066208842	1
2.2473463990392113	-0.06711116667866583	-0.07237643015281954	-0.32089289929326703	-0.3662546066208842	1
2.3955472148744303	-0.06711116667866575	-0.07237643015281954	-0.2933909616840343	-0.3662546066208842	1
1.9509447673687725	-0.06711116667866576	-0.07237643015281954	-0.09440113569206936	-0.3662546066208842	1
8.545881072036032	-0.0671111666786674	0.11949518614941017	-0.12336427681754239	1.464461648942878	1
5.507764347414035	-0.06711116667866576	-0.07237643015281954	-0.3119755232232823	-0.3662546066208842	1
4.840860676155549	-0.06711116667866578	-0.07237643015281954	-0.1957505421968452	-0.3662546066208842	1
1.432241911945505	-0.06711116667866576	-0.07237643015281954	-0.2711203709026446	-0.3662546066208842	1
5.433663939496426	-0.06711116667866579	-0.07237643015281954	-0.08301899737444843	0.43836218901443763	1
6.174668018672523	-0.06711116667866576	-0.07237643015281954	-0.32089289929326703	-0.3662546066208842	1
3.0624508861329174	-0.06711116667866576	-0.07237643015281954	-0.015621391830783222	-0.3662546066208842	1
6.248768426590132	-0.0671111666786658	-0.07237643015281954	-0.19109794017042847	0.16731431659798085	1
2.0250451752863823	-0.0671111666786658	-0.07237643015281954	-0.025468859813444003	-0.3662546066208842	1
5.211362715743597	-0.06711116667866578	-0.07237643015281954	-0.28789057416218766	-0.3662546066208842	1
3.5070533336385754	-0.06711116667866612	0.08527592386417654	-0.01700271086907481	0.1192100471700839	1
4.766760268237939	-0.06711116667866579	-0.07237643015281954	-0.21158852321974336	-0.3662546066208842	1
1.5063423198631145	21.911295036201608	0.48597272809697595	-0.0003578164576586627	4.4014254224428315	1
4.470358636567501	-0.06711116667866578	-0.07237643015281954	-0.22182642451577858	-0.3662546066208842	1
6.54517005826057	-0.06711116667866578	-0.07237643015281954	-0.2705851824253266	-0.3662546066208842	1
6.174668018672523	-0.06711116667866583	-0.07237643015281954	-0.18811414800668524	-0.3662546066208842	1
4.2480574128146715	-0.06711116667866573	-0.07237643015281954	-0.24824764368347446	-0.3662546066208842	1
3.6552541494737945	-0.06711116667866564	0.11258976607215825	-0.23449530284162098	0.23704146977054863	1
3.7293545573914044	-0.06711116667866575	-0.07237643015281954	-0.24072058420210962	-0.2607358549284954	1
5.211362715743597	-0.06711116667866576	-0.07237643015281954	-0.19878429630827368	-0.12563958638021025	1
2.099145583203992	-0.06711116667866575	-0.07237643015281954	-0.07806329108447299	-0.3662546066208842	1
5.063161899908377	-0.06711116667866576	-0.07237643015281954	-0.275590050012305	-0.3662546066208842	1
5.359563531578816	-0.06711116667866573	-0.07237643015281954	-0.32089289929326703	-0.3662546066208842	1
5.655965163249255	-0.06711116667866576	-0.07237643015281954	-0.14705773532157496	-0.14592358412208506	1
4.61855945240272	-0.06711116667866576	-0.07237643015281954	-0.02887605701232908	-0.3662546066208842	1
3.8775553732266235	-0.06711116667866575	-0.07237643015281954	-0.054067239575118414	0.00652063284674336	1
2.6178484386272594	-0.06711116667866573	-0.07237643015281954	-0.18586896330024563	-0.2691103590310651	1
16.548725127137875	-0.06711116667866576	1.752073431228266	-0.28001780178350977	0.09114458574688127	1
7.360274545354277	-0.06711116667866576	-0.07237643015281954	-0.05671563321996389	0.06856928853184469	1
7.953077808695154	-0.06711116667866579	-0.07237643015281954	-0.3039497413018647	-0.1005175288098319	1
4.322157820732281	-0.06711116667866586	-0.07237643015281954	-0.2036611375949245	0.11256764135426489	1
6.7674712820134	-0.06711116667866575	-0.07237643015281954	-0.23754574429528622	0.10633707339309309	1
3.2847521098857464	-0.06711116667866578	-0.07237643015281954	-0.27806143778705134	-0.3662546066208842	1
3.951655781144233	-0.0671111666786663	1.2016076849695991	0.036457594923252526	0.6576875171873985	1
2.2473463990392113	-0.06711116667866576	-0.07237643015281954	-0.19006225323791703	-0.08806880670458181	1
3.7293545573914044	-0.06711116667866576	-0.07237643015281954	0.13855613719067353	0.8374435415841726	1
5.878266387002084	-0.0671111666786658	-0.07237643015281954	-0.3169522171831666	-0.2378000207694242	1
3.8775553732266235	-0.06711116667866597	0.18605225459621427	-0.25490375764254214	-0.27625331841266937	1
5.137262307825988	-0.06711116667867023	0.4508713695794103	0.026648709535736458	2.0126651004668905	1
1.8768443594511628	-0.06711116667866576	-0.07237643015281954	-0.1419406362980179	-0.13120776408291004	1
3.7293545573914044	-0.06711116667866579	-0.07237643015281954	-0.06187465053722019	-0.2691103590310651	1
5.285463123661207	-0.06711116667866582	-0.07237643015281954	-0.3112527464260309	-0.18034507204267528	1
3.358852517803356	-0.06711116667866583	-0.07237643015281954	-0.16763414248557112	-0.10275083503349901	1
4.766760268237939	-0.06711116667866658	0.8292052696593626	-0.18621429305981838	1.367522744141722	1
5.730065571166865	-0.06711116667866576	-0.07237643015281954	-0.2946952541180766	-0.11084554548946383	1
6.841571689931009	-0.06711116667866576	-0.07237643015281954	-0.17632166347823752	-0.05666823564379661	1
5.359563531578816	-0.0671111666786654	-0.07237643015281954	-0.15031227225937757	0.6121630704112814	1
5.878266387002084	-0.06711116667866619	-0.004382229671254761	0.04164985483601662	1.0075637255701086	1
4.69265986032033	-0.06711116667866579	-0.07237643015281954	-0.2967713578783212	-0.2569673280823377	1
3.8775553732266235	-0.06711116667866582	-0.07237643015281954	-0.23195101272055083	-0.3662546066208842	1
3.5070533336385754	-0.06711116667866579	-0.07237643015281954	-0.3139863041018085	-0.3662546066208842	1
7.582575769107105	-0.06711116667866608	10.34690455099453	-0.07623428504234304	3.3536176604659156	1
6.174668018672523	-0.06711116667866567	-0.07237643015281954	-0.20725342747141753	0.3083881826370126	1
7.063872913683838	-0.06711116667866616	0.2839379213479156	-0.2977662699400488	0.09060753912860756	1
5.507764347414035	-0.06711116667866598	0.19069636932942513	-0.2406365146634027	0.004680161127611778	1
4.173957004897062	-0.06711116667866598	-0.01733350595345758	-0.13823043990997763	0.06181130774771578	1
3.803454965309014	-0.06711116667866579	-0.07237643015281954	0.11322697170857723	-0.23603997687282915	1
6.471069650342961	-0.06711116667866578	-0.07237643015281954	-0.15243203397116073	0.1399260909538426	1
4.61855945240272	-0.06711116667866919	2.4853429180716478	0.18291182630915426	1.4740089046949867	1
3.2106517019681364	-0.06711116667866583	-0.07237643015281954	-0.1788117455540791	0.12990890686469841	1
4.173957004897062	-0.06711116667866583	-0.07237643015281954	-0.2408216842211401	-0.26252430834700957	1
6.100567610754912	-0.06711116667866551	-0.07237643015281954	-0.18257822269639212	1.1204579580886769	1
5.952366794919693	-0.06711116667866672	3.34453827622268	-0.04640507325557127	1.5230727608492276	1
4.0998565969794525	-0.06711116667866579	-0.07237643015281954	-0.23034626572388628	-0.1974885546716618	1
5.730065571166865	-0.06711116667866575	0.07065808183527038	-0.2629823152217931	-0.11238486620813669	1
1.7286435436159435	-0.06711116667866575	-0.07237643015281954	0.13943715164222475	-0.08542462833762993	1
4.840860676155549	-0.06711116667866573	-0.07237643015281954	-0.08008866669863669	0.3407442652829352	1
4.914961084073158	-0.06711116667866586	0.06487007143112175	-0.18269151261508046	-0.18114557413590268	1
4.3962582286498915	-0.06711116667866587	1.229535200731429	-0.02561539951556702	0.6578147051430004	1
3.0624508861329174	-0.06711116667866573	-0.07237643015281954	0.024196630881714986	0.2340085305318467	1
5.433663939496426	-0.06711116667866593	-0.0011444106007040633	-0.1745089596509173	0.9283254861228452	1
5.655965163249255	-0.06711116667866572	-0.07237643015281954	-0.12585832508112482	0.41559942136114153	1
5.063161899908377	-0.06711116667866587	-0.07237643015281954	-0.26862038089215695	-0.1524059859130249	1
2.691948846544869	-0.06711116667866578	-0.07237643015281954	-0.31530866440066085	-0.2569673280823377	1
5.359563531578816	-0.06711116667866636	0.018552322078479382	-0.18787130940445387	0.37478440608764646	1
6.100567610754912	-0.0671111666786663	5.7309165234245345	-0.07364011458026883	1.725924940265051	1
3.6552541494737945	-0.06711116667866589	-0.07237643015281954	-0.14169788443059314	-0.07741632607364195	1
4.173957004897062	-0.06711116667866572	-0.07237643015281954	-0.2082927530980886	-0.1385215158826477	1
7.137973321601448	-0.06711116667866578	-0.07237643015281954	-0.17218638278678997	0.8031830769571718	1
10.842993717481932	-0.06711116667866583	-0.07237643015281954	-0.28531158451618305	-0.18625203020445455	1
4.914961084073158	-0.06711116667866575	-0.07237643015281954	-0.19006225323791703	-0.10055150285467436	1
5.730065571166865	-0.06711116667866573	-0.07237643015281954	-0.19541996713840706	-0.3381808102990569	1
3.0624508861329174	-0.06711116667866583	-0.07237643015281954	-0.17489348268077504	-0.3662546066208842	1
4.025756189061843	-0.06711116667866598	0.8755114436186415	-0.12017376083897459	0.4568590829323549	1
4.2480574128146715	-0.06711116667866573	-0.07237643015281954	-0.13685825174845923	-0.007947017161111396	1
4.0998565969794525	-0.06711116667866608	16.81872738226624	0.4138283559554234	1.8257942994758494	1
5.137262307825988	-0.06711116667866578	-0.07237643015281954	-0.2649471768964035	0.031943400567000256	1
4.322157820732281	-0.06711116667866578	-0.07237643015281954	-0.10284182253434987	-0.21940767718230889	1
5.359563531578816	-0.06711116667866597	0.7296339654288098	-0.2708141830998318	-0.12674907473876304	1
4.914961084073158	-0.06711116667866576	-0.07237643015281954	-0.1347816985666421	0.001252966950620054	1
4.0998565969794525	-0.06711116667866576	-0.07237643015281954	-0.23552035907070823	0.03657771712690899	1
6.026467202837303	-0.06711116667866583	-0.07237643015281954	-0.14173903239667954	-0.09081869987215399	1
0.0	0.0	0.0	0.0	0.0	0
4.840860676155549	-0.06711116667866578	-0.07237643015281954	-0.3076202250557681	-0.30505373063929864	1
3.4329529257209654	-0.06711116667866561	0.015044684752049453	-0.1452060317332252	0.0188988653490672	1
3.4329529257209654	-0.06711116667866589	0.09275234244526633	-0.1341385653162179	-0.01134520571752776	1
1.7286435436159435	-0.06711116667866583	-0.07237643015281954	-0.1755255147873224	-0.2706282378996579	1
6.69337087409579	-0.06711116667866576	-0.07237643015281954	-0.24500233416821507	0.24019794024041916	1
6.7674712820134	-0.06711116667866582	-0.07237643015281954	-0.12091100470698131	0.1904159031305596	1
4.840860676155549	-0.06711116667866573	-0.07237643015281954	-0.24125685386827156	-0.27755768490844157	1
4.470358636567501	-0.06711116667866772	1.6856768307618932	0.1674506580313909	0.8804172515085696	1
4.61855945240272	-0.06711116667866641	2.3119304061216424	-0.1759199988701066	-0.3011472917468572	1
3.951655781144233	-0.06711116667866576	-0.07237643015281954	-0.2710300396351483	-0.30683628042517086	1
7.953077808695154	-0.06711116667866592	0.28451357855190906	-0.26490681201732896	-0.19197871767637745	1
0.0	0.0	0.0	0.0	0.0	0
2.988350478215308	-0.06711116667866576	-0.07237643015281954	-0.2838902923281178	-0.3662546066208842	1
4.5444590444851105	-0.06711116667866578	-0.07237643015281954	-0.27466187773043915	0.1370420776590429	1
4.322157820732281	-0.0671111666786659	4.148583260988188	-0.23414139563649394	-0.05775400456312574	1
0.0	0.0	0.0	0.0	0.0	0
0.0	0.0	0.0	0.0	0.0	0
0.0	0.0	0.0	0.0	0.0	0
0.0	0.0	0.0	0.0	0.0	0
0.0	0.0	0.0	0.0	0.0	0
0.0	0.0	0.0	0.0	0.0	0
0.0	0.0	0.0	0.0	0.0	0
0.0	0.0	0.0	0.0	0.0	0
0.0	0.0	0.0	0.0	0.0	0
0.0	0.0	0.0	0.0	0.0	0
0.0	0.0	0.0	0.0	0.0	0
0.0	0.0	0.0	0.0	0.0	0
0.9135390565222373	-0.06711116667920645	0.4987748538923246	-0.21988394461818067	1.6662564486980533	1
5.137262307825988	2.7224510337503296	1.6380992407066568	-0.04794558699341585	8.214846684629299	1
1.8027439515335533	-0.06711116667894518	0.8089879111397404	0.08513324363713035	0.6509630875636353	1
4.840860676155549	-0.06711116669007569	1.638063854727927	-0.07629647405935155	7.954544267856595	1
1.8768443594511628	18.621791805329156	1.5785772022122513	-0.18404705112042963	2.4037222513879795	1
0.0	0.0	0.0	0.0	0.0	0
0.9135390565222373	-0.06711116667867052	0.02950437356950089	-0.2872232477349052	0.028464299632323716	1
1.7286435436159435	8.158130154978238	0.6662105499043747	0.2121208438951973	4.580549707398191	1
3.7293545573914044	-0.06711116674341357	1.6531255330392853	-0.06495820111764945	5.014387061757318	1
0.0	0.0	0.0	0.0	0.0	0
0.0	0.0	0.0	0.0	0.0	0
1.8768443594511628	1.183314692071331	-0.07237643015281954	0.015958419286025798	5.096613108655574	1
5.285463123661207	-0.06711116667866615	8.217701956276171	-0.10472766968469724	0.9731866999431243	1
0.0	0.0	0.0	0.0	0.0	0
0.987639464439847	-0.06711116667890409	0.6272668402527705	-0.17125000347832386	0.887310954986081	1
2.766049254462479	2.607902661938239	1.5237102048187623	0.0035245563724390417	6.175779229711624	1
2.0250451752863823	-0.06711116668011054	2.168170802166482	-0.21934088572207777	1.9370986538315382	1
0.0	0.0	0.0	0.0	0.0	0
1.432241911945505	-0.06711116667870651	0.17512365100536195	0.04410564223796384	1.1969343107564636	1
3.6552541494737945	-0.06711116668227358	9.55886437179261	-0.12249841855244956	1.2921813317329016	1
4.322157820732281	-0.06711116668105105	2.009496041244787	-0.12863281010798547	7.155513929474265	1
2.3955472148744303	-0.06711116668276103	0.5243022305961742	-0.03899803879863107	3.266270102945422	1
0.9135390565222373	-0.06711116667883965	0.4302333331982457	0.45350908654906397	1.0277872164129278	1
0.0	0.0	0.0	0.0	0.0	0
0.0	0.0	0.0	0.0	0.0	0
0.0	0.0	0.0	0.0	0.0	0
0.0	0.0	0.0	0.0	0.0	0
0.0	0.0	0.0	0.0	0.0	0
0.0	0.0	0.0	0.0	0.0	0
0.0	0.0	0.0	0.0	0.0	0
0.0	0.0	0.0	0.0	0.0	0
0.0	0.0	0.0	0.0	0.0	0
0.0	0.0	0.0	0.0	0.0	0
0.0	0.0	0.0	0.0	0.0	0
0.0	0.0	0.0	0.0	0.0	0
0.0	0.0	0.0	0.0	0.0	0
0.0	0.0	0.0	0.0	0.0	0
0.0	0.0	0.0	0.0	0.0	0
0.0	0.0	0.0	0.0	0.0	0
0.0	0.0	0.0	0.0	0.0	0
0.0	0.0	0.0	0.0	0.0	0
0.0	0.0	0.0	0.0	0.0	0
0.0	0.0	0.0	0.0	0.0	0
0.0	0.0	0.0	0.0	0.0	0
0.0	0.0	0.0	0.0	0.0	0
0.0	0.0	0.0	0.0	0.0	0
0.0	0.0	0.0	0.0	0.0	0
0.0	0.0	0.0	0.0	0.0	0
0.0	0.0	0.0	0.0	0.0	0
0.0	0.0	0.0	0.0	0.0	0
0.0	0.0	0.0	0.0	0.0	0
0.0	0.0	0.0	0.0	0.0	0
0.0	0.0	0.0	0.0	0.0	0
0.0	0.0	0.0	0.0	0.0	0
0.0	0.0	0.0	0.0	0.0	0
0.0	0.0	0.0	0.0	0.0	0
0.0	0.0	0.0	0.0	0.0	0
0.0	0.0	0.0	0.0	0.0	0
0.0	0.0	0.0	0.0	0.0	0
0.0	0.0	0.0	0.0	0.0	0
0.0	0.0	0.0	0.0	0.0	0
0.0	0.0	0.0	0.0	0.0	0
0.0	0.0	0.0	0.0	0.0	0
0.0	0.0	0.0	0.0	0.0	0
0.0	0.0	0.0	0.0	0.0	0
0.0	0.0	0.0	0.0	0.0	0
0.0	0.0	0.0	0.0	0.0	0
0.0	0.0	0.0	0.0	0.0	0
0.0	0.0	0.0	0.0	0.0	0
0.0	0.0	0.0	0.0	0.0	0
0.0	0.0	0.0	0.0	0.0	0
0.0	0.0	0.0	0.0	0.0	0
0.0	0.0	0.0	0.0	0.0	0
0.0	0.0	0.0	0.0	0.0	0
0.0	0.0	0.0	0.0	0.0	0
0.0	0.0	0.0	0.0	0.0	0
0.0	0.0	0.0	0.0	0.0	0
0.0	0.0	0.0	0.0	0.0	0
0.0	0.0	0.0	0.0	0.0	0
0.0	0.0	0.0	0.0	0.0	0
0.0	0.0	0.0	0.0	0.0	0
0.0	0.0	0.0	0.0	0.0	0
0.0	0.0	0.0	0.0	0.0	0
0.0	0.0	0.0	0.0	0.0	0
0.0	0.0	0.0	0.0	0.0	0
0.0	0.0	0.0	0.0	0.0	0
0.0	0.0	0.0	0.0	0.0	0
0.0	0.0	0.0	0.0	0.0	0
0.0	0.0	0.0	0.0	0.0	0
0.0	0.0	0.0	0.0	0.0	0
0.0	0.0	0.0	0.0	0.0	0
0.0	0.0	0.0	0.0	0.0	0
0.0	0.0	0.0	0.0	0.0	0
0.0	0.0	0.0	0.0	0.0	0
0.0	0.0	0.0	0.0	0.0	0
0.0	0.0	0.0	0.0	0.0	0
0.0	0.0	0.0	0.0	0.0	0
0.0	0.0	0.0	0.0	0.0	0
0.0	0.0	0.0	0.0	0.0	0
0.0	0.0	0.0	0.0	0.0	0
0.0	0.0	0.0	0.0	0.0	0
0.0	0.0	0.0	0.0	0.0	0
0.0	0.0	0.0	0.0	0.0	0
0.0	0.0	0.0	0.0	0.0	0
0.0	0.0	0.0	0.0	0.0	0
0.0	0.0	0.0	0.0	0.0	0
0.0	0.0	0.0	0.0	0.0	0
0.0	0.0	0.0	0.0	0.0	0
0.0	0.0	0.0	0.0	0.0	0
0.0	0.0	0.0	0.0	0.0	0
0.0	0.0	0.0	0.0	0.0	0
0.0	0.0	0.0	0.0	0.0	0
0.0	0.0	0.0	0.0	0.0	0
0.0	0.0	0.0	0.0	0.0	0
0.0	0.0	0.0	0.0	0.0	0
0.0	0.0	0.0	0.0	0.0	0
2.0250451752863823	-0.06711116668589034	0.1682690360206007	0.2976511833676131	3.5383149782114574	1
1.8768443594511628	-0.06711116667892414	0.2956098415311449	0.20543728598687763	0.8200044600355241	1
3.2847521098857464	-0.06711116669250901	0.4393399695333431	0.0568027158070003	4.151620845931463	1
3.2106517019681364	2.7217691009456915	1.383450580087594	0.011982946609973616	3.6766866719868094	1
2.691948846544869	-0.0671111667539131	0.23387228050152725	0.0867562478670012	5.4124977925499325	1
2.0250451752863823	-0.06711116667866492	0.7402301265226278	-0.0070048573459551245	0.7258207025094949	1
0.0	0.0	0.0	0.0	0.0	0
0.6912378327694083	-0.06711116667866637	-0.03306005572470384	-0.32089289929326703	1.2288746077928057	1
0.0	0.0	0.0	0.0	0.0	0
0.0	0.0	0.0	0.0	0.0	0
2.2473463990392113	-0.0671111667089292	0.2781075019471718	0.03311943709179861	4.650587656583159	1
3.7293545573914044	-0.06711116670727264	1.5926211772184427	-0.04645689763507438	2.678011394760647	1
6.841571689931009	-0.06711116697218845	1.4437235529378996	-0.20090860834473945	18.698311715020786	1
0.0	0.0	0.0	0.0	0.0	0
6.100567610754912	-0.06711116669218599	4.258973635917545	-0.13973739366196142	10.637441741103068	1
1.0617398723574567	-0.017620399074310563	1.3072927119774933	-0.21378008965730805	0.468998419967798	1
2.0250451752863823	-0.06711116669201286	1.44125434344273	-0.15471687708586668	1.9877835378189348	1
1.8027439515335533	-0.06711116668593373	0.3008407819598427	-0.2081078595903792	1.8886889915959866	1
0.0	0.0	0.0	0.0	0.0	0
0.0	0.0	0.0	0.0	0.0	0
0.6171374248517987	-0.06711116667886388	0.0772290952939261	-0.32089289929326703	-0.014106709107788853	1
0.39483620109896966	-0.0671111667066879	0.44207704439023665	-0.32089289929326703	0.4569540402568714	1
2.4696476227920403	0.9674637626320923	1.9510544882232028	-0.027780143194865138	4.131923830672328	1
0.0	0.0	0.0	0.0	0.0	0
0.0	0.0	0.0	0.0	0.0	0
0.0	0.0	0.0	0.0	0.0	0
0.0	0.0	0.0	0.0	0.0	0
0.0	0.0	0.0	0.0	0.0	0
0.0	0.0	0.0	0.0	0.0	0
0.0	0.0	0.0	0.0	0.0	0
0.0	0.0	0.0	0.0	0.0	0
0.0	0.0	0.0	0.0	0.0	0
0.0	0.0	0.0	0.0	0.0	0
0.0	0.0	0.0	0.0	0.0	0
0.0	0.0	0.0	0.0	0.0	0
0.0	0.0	0.0	0.0	0.0	0
5.433663939496426	-0.06711116667866558	12.510561422097322	-0.1729841269463092	0.809507469668862	1
0.0	0.0	0.0	0.0	0.0	0
0.0	0.0	0.0	0.0	0.0	0
0.0	0.0	0.0	0.0	0.0	0
0.0	0.0	0.0	0.0	0.0	0
0.0	0.0	0.0	0.0	0.0	0
0.0	0.0	0.0	0.0	0.0	0
0.0	0.0	0.0	0.0	0.0	0
0.0	0.0	0.0	0.0	0.0	0
0.0	0.0	0.0	0.0	0.0	0
0.0	0.0	0.0	0.0	0.0	0
0.0	0.0	0.0	0.0	0.0	0
0.0	0.0	0.0	0.0	0.0	0
0.0	0.0	0.0	0.0	0.0	0
0.0	0.0	0.0	0.0	0.0	0
0.0	0.0	0.0	0.0	0.0	0
0.0	0.0	0.0	0.0	0.0	0
0.0	0.0	0.0	0.0	0.0	0
0.0	0.0	0.0	0.0	0.0	0
0.0	0.0	0.0	0.0	0.0	0
0.0	0.0	0.0	0.0	0.0	0
0.0	0.0	0.0	0.0	0.0	0
0.0	0.0	0.0	0.0	0.0	0
0.0	0.0	0.0	0.0	0.0	0
0.0	0.0	0.0	0.0	0.0	0
0.0	0.0	0.0	0.0	0.0	0
0.0	0.0	0.0	0.0	0.0	0
0.0	0.0	0.0	0.0	0.0	0
0.0	0.0	0.0	0.0	0.0	0
0.0	0.0	0.0	0.0	0.0	0
0.0	0.0	0.0	0.0	0.0	0
0.0	0.0	0.0	0.0	0.0	0
0.0	0.0	0.0	0.0	0.0	0
0.0	0.0	0.0	0.0	0.0	0
0.0	0.0	0.0	0.0	0.0	0
0.0	0.0	0.0	0.0	0.0	0
0.0	0.0	0.0	0.0	0.0	0
0.0	0.0	0.0	0.0	0.0	0
0.0	0.0	0.0	0.0	0.0	0
0.0	0.0	0.0	0.0	0.0	0
0.0	0.0	0.0	0.0	0.0	0
0.0	0.0	0.0	0.0	0.0	0
0.0	0.0	0.0	0.0	0.0	0
0.0	0.0	0.0	0.0	0.0	0
0.0	0.0	0.0	0.0	0.0	0
0.0	0.0	0.0	0.0	0.0	0
0.0	0.0	0.0	0.0	0.0	0
0.0	0.0	0.0	0.0	0.0	0
0.0	0.0	0.0	0.0	0.0	0
0.0	0.0	0.0	0.0	0.0	0
0.0	0.0	0.0	0.0	0.0	0
0.0	0.0	0.0	0.0	0.0	0
0.0	0.0	0.0	0.0	0.0	0
0.0	0.0	0.0	0.0	0.0	0
0.0	0.0	0.0	0.0	0.0	0
0.0	0.0	0.0	0.0	0.0	0
0.0	0.0	0.0	0.0	0.0	0
0.0	0.0	0.0	0.0	0.0	0
0.0	0.0	0.0	0.0	0.0	0
0.0	0.0	0.0	0.0	0.0	0
0.0	0.0	0.0	0.0	0.0	0
0.0	0.0	0.0	0.0	0.0	0
0.0	0.0	0.0	0.0	0.0	0
0.0	0.0	0.0	0.0	0.0	0
0.0	0.0	0.0	0.0	0.0	0
0.0	0.0	0.0	0.0	0.0	0
0.0	0.0	0.0	0.0	0.0	0
0.0	0.0	0.0	0.0	0.0	0
0.0	0.0	0.0	0.0	0.0	0
0.0	0.0	0.0	0.0	0.0	0
0.0	0.0	0.0	0.0	0.0	0
0.0	0.0	0.0	0.0	0.0	0
0.0	0.0	0.0	0.0	0.0	0
0.0	0.0	0.0	0.0	0.0	0
0.0	0.0	0.0	0.0	0.0	0
0.0	0.0	0.0	0.0	0.0	0
0.0	0.0	0.0	0.0	0.0	0
0.0	0.0	0.0	0.0	0.0	0
0.0	0.0	0.0	0.0	0.0	0
0.0	0.0	0.0	0.0	0.0	0
0.0	0.0	0.0	0.0	0.0	0
0.0	0.0	0.0	0.0	0.0	0
0.0	0.0	0.0	0.0	0.0	0
0.0	0.0	0.0	0.0	0.0	0
0.0	0.0	0.0	0.0	0.0	0
0.0	0.0	0.0	0.0	0.0	0
0.0	0.0	0.0	0.0	0.0	0
0.0	0.0	0.0	0.0	0.0	0
0.0	0.0	0.0	0.0	0.0	0
0.0	0.0	0.0	0.0	0.0	0
0.0	0.0	0.0	0.0	0.0	0
0.0	0.0	0.0	0.0	0.0	0
0.0	0.0	0.0	0.0	0.0	0
0.0	0.0	0.0	0.0	0.0	0
0.0	0.0	0.0	0.0	0.0	0
0.0	0.0	0.0	0.0	0.0	0
0.0	0.0	0.0	0.0	0.0	0
0.0	0.0	0.0	0.0	0.0	0
0.0	0.0	0.0	0.0	0.0	0
0.0	0.0	0.0	0.0	0.0	0
0.0	0.0	0.0	0.0	0.0	0
0.0	0.0	0.0	0.0	0.0	0
0.0	0.0	0.0	0.0	0.0	0
0.0	0.0	0.0	0.0	0.0	0
0.0	0.0	0.0	0.0	0.0	0
0.0	0.0	0.0	0.0	0.0	0
0.0	0.0	0.0	0.0	0.0	0
0.0	0.0	0.0	0.0	0.0	0
0.0	0.0	0.0	0.0	0.0	0
0.0	0.0	0.0	0.0	0.0	0
0.0	0.0	0.0	0.0	0.0	0
0.0	0.0	0.0	0.0	0.0	0
0.0	0.0	0.0	0.0	0.0	0
0.0	0.0	0.0	0.0	0.0	0
0.0	0.0	0.0	0.0	0.0	0
0.0	0.0	0.0	0.0	0.0	0
0.0	0.0	0.0	0.0	0.0	0
0.0	0.0	0.0	0.0	0.0	0
0.0	0.0	0.0	0.0	0.0	0
0.0	0.0	0.0	0.0	0.0	0
0.0	0.0	0.0	0.0	0.0	0
0.0	0.0	0.0	0.0	0.0	0
0.0	0.0	0.0	0.0	0.0	0
0.0	0.0	0.0	0.0	0.0	0
0.0	0.0	0.0	0.0	0.0	0
0.0	0.0	0.0	0.0	0.0	0
0.0	0.0	0.0	0.0	0.0	0
0.0	0.0	0.0	0.0	0.0	0
0.0	0.0	0.0	0.0	0.0	0
0.0	0.0	0.0	0.0	0.0	0
0.0	0.0	0.0	0.0	0.0	0
0.0	0.0	0.0	0.0	0.0	0
0.0	0.0	0.0	0.0	0.0	0
0.0	0.0	0.0	0.0	0.0	0
0.0	0.0	0.0	0.0	0.0	0
0.0	0.0	0.0	0.0	0.0	0
0.0	0.0	0.0	0.0	0.0	0
0.0	0.0	0.0	0.0	0.0	0
0.0	0.0	0.0	0.0	0.0	0
0.0	0.0	0.0	0.0	0.0	0
0.0	0.0	0.0	0.0	0.0	0
0.0	0.0	0.0	0.0	0.0	0
0.0	0.0	0.0	0.0	0.0	0
0.0	0.0	0.0	0.0	0.0	0
0.0	0.0	0.0	0.0	0.0	0
0.0	0.0	0.0	0.0	0.0	0
0.0	0.0	0.0	0.0	0.0	0
0.0	0.0	0.0	0.0	0.0	0
0.0	0.0	0.0	0.0	0.0	0
0.0	0.0	0.0	0.0	0.0	0
0.0	0.0	0.0	0.0	0.0	0
0.0	0.0	0.0	0.0	0.0	0
0.0	0.0	0.0	0.0	0.0	0
0.0	0.0	0.0	0.0	0.0	0
0.0	0.0	0.0	0.0	0.0	0
0.0	0.0	0.0	0.0	0.0	0
0.0	0.0	0.0	0.0	0.0	0
0.0	0.0	0.0	0.0	0.0	0
0.0	0.0	0.0	0.0	0.0	0
0.0	0.0	0.0	0.0	0.0	0
0.0	0.0	0.0	0.0	0.0	0
0.0	0.0	0.0	0.0	0.0	0
0.0	0.0	0.0	0.0	0.0	0
0.0	0.0	0.0	0.0	0.0	0
0.0	0.0	0.0	0.0	0.0	0
0.0	0.0	0.0	0.0	0.0	0
0.0	0.0	0.0	0.0	0.0	0
0.0	0.0	0.0	0.0	0.0	0
0.0	0.0	0.0	0.0	0.0	0
0.0	0.0	0.0	0.0	0.0	0
0.0	0.0	0.0	0.0	0.0	0
0.0	0.0	0.0	0.0	0.0	0
0.0	0.0	0.0	0.0	0.0	0
0.0	0.0	0.0	0.0	0.0	0
0.0	0.0	0.0	0.0	0.0	0
0.0	0.0	0.0	0.0	0.0	0
0.0	0.0	0.0	0.0	0.0	0
0.0	0.0	0.0	0.0	0.0	0
0.0	0.0	0.0	0.0	0.0	0
0.0	0.0	0.0	0.0	0.0	0
0.0	0.0	0.0	0.0	0.0	0
0.0	0.0	0.0	0.0	0.0	0
0.0	0.0	0.0	0.0	0.0	0
0.0	0.0	0.0	0.0	0.0	0
0.0	0.0	0.0	0.0	0.0	0
0.0	0.0	0.0	0.0	0.0	0
0.0	0.0	0.0	0.0	0.0	0
0.0	0.0	0.0	0.0	0.0	0
0.0	0.0	0.0	0.0	0.0	0
0.0	0.0	0.0	0.0	0.0	0
0.0	0.0	0.0	0.0	0.0	0
0.0	0.0	0.0	0.0	0.0	0
0.0	0.0	0.0	0.0	0.0	0
0.0	0.0	0.0	0.0	0.0	0
0.0	0.0	0.0	0.0	0.0	0
0.0	0.0	0.0	0.0	0.0	0
0.0	0.0	0.0	0.0	0.0	0
0.0	0.0	0.0	0.0	0.0	0
0.0	0.0	0.0	0.0	0.0	0
0.0	0.0	0.0	0.0	0.0	0
0.0	0.0	0.0	0.0	0.0	0
0.0	0.0	0.0	0.0	0.0	0
0.0	0.0	0.0	0.0	0.0	0
0.0	0.0	0.0	0.0	0.0	0
0.0	0.0	0.0	0.0	0.0	0
0.0	0.0	0.0	0.0	0.0	0
0.0	0.0	0.0	0.0	0.0	0
0.0	0.0	0.0	0.0	0.0	0
0.0	0.0	0.0	0.0	0.0	0
0.0	0.0	0.0	0.0	0.0	0
0.0	0.0	0.0	0.0	0.0	0
0.0	0.0	0.0	0.0	0.0	0
0.0	0.0	0.0	0.0	0.0	0
0.0	0.0	0.0	0.0	0.0	0
0.0	0.0	0.0	0.0	0.0	0
0.0	0.0	0.0	0.0	0.0	0
0.0	0.0	0.0	0.0	0.0	0
0.0	0.0	0.0	0.0	0.0	0
0.0	0.0	0.0	0.0	0.0	0
0.0	0.0	0.0	0.0	0.0	0
0.0	0.0	0.0	0.0	0.0	0
0.0	0.0	0.0	0.0	0.0	0
0.0	0.0	0.0	0.0	0.0	0
0.0	0.0	0.0	0.0	0.0	0
0.0	0.0	0.0	0.0	0.0	0
0.0	0.0	0.0	0.0	0.0	0
0.0	0.0	0.0	0.0	0.0	0
0.0	0.0	0.0	0.0	0.0	0
0.0	0.0	0.0	0.0	0.0	0
0.0	0.0	0.0	0.0	0.0	0
0.0	0.0	0.0	0.0	0.0	0
0.0	0.0	0.0	0.0	0.0	0
0.0	0.0	0.0	0.0	0.0	0
0.0	0.0	0.0	0.0	0.0	0
0.0	0.0	0.0	0.0	0.0	0
0.0	0.0	0.0	0.0	0.0	0
0.0	0.0	0.0	0.0	0.0	0
0.0	0.0	0.0	0.0	0.0	0
0.0	0.0	0.0	0.0	0.0	0
0.0	0.0	0.0	0.0	0.0	0
0.0	0.0	0.0	0.0	0.0	0
0.0	0.0	0.0	0.0	0.0	0
0.0	0.0	0.0	0.0	0.0	0
0.0	0.0	0.0	0.0	0.0	0
0.0	0.0	0.0	0.0	0.0	0
0.0	0.0	0.0	0.0	0.0	0
0.0	0.0	0.0	0.0	0.0	0
0.0	0.0	0.0	0.0	0.0	0
0.0	0.0	0.0	0.0	0.0	0
0.0	0.0	0.0	0.0	0.0	0
0.0	0.0	0.0	0.0	0.0	0
0.0	0.0	0.0	0.0	0.0	0
0.0	0.0	0.0	0.0	0.0	0
0.0	0.0	0.0	0.0	0.0	0
0.0	0.0	0.0	0.0	0.0	0
0.0	0.0	0.0	0.0	0.0	0
0.0	0.0	0.0	0.0	0.0	0
0.0	0.0	0.0	0.0	0.0	0
0.0	0.0	0.0	0.0	0.0	0
0.0	0.0	0.0	0.0	0.0	0
0.0	0.0	0.0	0.0	0.0	0
0.0	0.0	0.0	0.0	0.0	0
0.0	0.0	0.0	0.0	0.0	0
0.0	0.0	0.0	0.0	0.0	0
0.0	0.0	0.0	0.0	0.0	0
0.0	0.0	0.0	0.0	0.0	0
0.0	0.0	0.0	0.0	0.0	0
0.0	0.0	0.0	0.0	0.0	0
0.0	0.0	0.0	0.0	0.0	0
0.0	0.0	0.0	0.0	0.0	0
0.0	0.0	0.0	0.0	0.0	0
0.0	0.0	0.0	0.0	0.0	0
0.0	0.0	0.0	0.0	0.0	0
0.0	0.0	0.0	0.0	0.0	0
0.0	0.0	0.0	0.0	0.0	0
0.0	0.0	0.0	0.0	0.0	0
0.0	0.0	0.0	0.0	0.0	0
0.0	0.0	0.0	0.0	0.0	0
0.0	0.0	0.0	0.0	0.0	0
0.0	0.0	0.0	0.0	0.0	0
0.0	0.0	0.0	0.0	0.0	0
0.0	0.0	0.0	0.0	0.0	0
0.0	0.0	0.0	0.0	0.0	0
0.0	0.0	0.0	0.0	0.0	0
0.0	0.0	0.0	0.0	0.0	0
0.0	0.0	0.0	0.0	0.0	0
0.0	0.0	0.0	0.0	0.0	0
0.0	0.0	0.0	0.0	0.0	0
0.0	0.0	0.0	0.0	0.0	0
0.0	0.0	0.0	0.0	0.0	0
0.0	0.0	0.0	0.0	0.0	0
0.0	0.0	0.0	0.0	0.0	0
0.0	0.0	0.0	0.0	0.0	0
0.0	0.0	0.0	0.0	0.0	0
0.0	0.0	0.0	0.0	0.0	0
0.0	0.0	0.0	0.0	0.0	0
0.0	0.0	0.0	0.0	0.0	0
0.0	0.0	0.0	0.0	0.0	0
0.0	0.0	0.0	0.0	0.0	0
0.0	0.0	0.0	0.0	0.0	0
0.0	0.0	0.0	0.0	0.0	0
0.0	0.0	0.0	0.0	0.0	0
0.0	0.0	0.0	0.0	0.0	0
0.0	0.0	0.0	0.0	0.0	0
0.0	0.0	0.0	0.0	0.0	0
0.0	0.0	0.0	0.0	0.0	0
0.0	0.0	0.0	0.0	0.0	0
0.0	0.0	0.0	0.0	0.0	0
0.0	0.0	0.0	0.0	0.0	0
0.0	0.0	0.0	0.0	0.0	0
0.0	0.0	0.0	0.0	0.0	0
0.0	0.0	0.0	0.0	0.0	0
0.0	0.0	0.0	0.0	0.0	0
0.0	0.0	0.0	0.0	0.0	0
0.0	0.0	0.0	0.0	0.0	0
0.0	0.0	0.0	0.0	0.0	0
0.0	0.0	0.0	0.0	0.0	0
0.0	0.0	0.0	0.0	0.0	0
0.0	0.0	0.0	0.0	0.0	0
0.0	0.0	0.0	0.0	0.0	0
0.0	0.0	0.0	0.0	0.0	0
0.0	0.0	0.0	0.0	0.0	0
0.0	0.0	0.0	0.0	0.0	0
0.0	0.0	0.0	0.0	0.0	0
0.0	0.0	0.0	0.0	0.0	0
0.0	0.0	0.0	0.0	0.0	0
0.0	0.0	0.0	0.0	0.0	0
0.0	0.0	0.0	0.0	0.0	0
0.0	0.0	0.0	0.0	0.0	0
0.0	0.0	0.0	0.0	0.0	0
0.0	0.0	0.0	0.0	0.0	0
0.0	0.0	0.0	0.0	0.0	0
0.0	0.0	0.0	0.0	0.0	0
0.0	0.0	0.0	0.0	0.0	0
0.0	0.0	0.0	0.0	0.0	0
0.0	0.0	0.0	0.0	0.0	0
0.0	0.0	0.0	0.0	0.0	0
0.0	0.0	0.0	0.0	0.0	0
0.0	0.0	0.0	0.0	0.0	0
0.0	0.0	0.0	0.0	0.0	0
0.0	0.0	0.0	0.0	0.0	0
0.0	0.0	0.0	0.0	0.0	0
0.0	0.0	0.0	0.0	0.0	0
0.0	0.0	0.0	0.0	0.0	0
0.0	0.0	0.0	0.0	0.0	0
0.0	0.0	0.0	0.0	0.0	0
0.0	0.0	0.0	0.0	0.0	0
0.0	0.0	0.0	0.0	0.0	0
0.0	0.0	0.0	0.0	0.0	0
0.0	0.0	0.0	0.0	0.0	0
0.0	0.0	0.0	0.0	0.0	0
0.0	0.0	0.0	0.0	0.0	0
0.0	0.0	0.0	0.0	0.0	0
0.0	0.0	0.0	0.0	0.0	0
0.0	0.0	0.0	0.0	0.0	0
0.0	0.0	0.0	0.0	0.0	0
0.0	0.0	0.0	0.0	0.0	0
0.0	0.0	0.0	0.0	0.0	0
0.0	0.0	0.0	0.0	0.0	0
0.0	0.0	0.0	0.0	0.0	0
0.0	0.0	0.0	0.0	0.0	0
0.0	0.0	0.0	0.0	0.0	0
0.0	0.0	0.0	0.0	0.0	0
0.0	0.0	0.0	0.0	0.0	0
0.0	0.0	0.0	0.0	0.0	0
0.0	0.0	0.0	0.0	0.0	0
0.0	0.0	0.0	0.0	0.0	0
0.0	0.0	0.0	0.0	0.0	0
0.0	0.0	0.0	0.0	0.0	0
0.0	0.0	0.0	0.0	0.0	0
0.0	0.0	0.0	0.0	0.0	0
0.0	0.0	0.0	0.0	0.0	0
0.0	0.0	0.0	0.0	0.0	0
0.0	0.0	0.0	0.0	0.0	0
0.0	0.0	0.0	0.0	0.0	0
0.0	0.0	0.0	0.0	0.0	0
0.0	0.0	0.0	0.0	0.0	0
0.0	0.0	0.0	0.0	0.0	0
0.0	0.0	0.0	0.0	0.0	0
0.0	0.0	0.0	0.0	0.0	0
0.0	0.0	0.0	0.0	0.0	0
0.0	0.0	0.0	0.0	0.0	0
0.0	0.0	0.0	0.0	0.0	0
0.0	0.0	0.0	0.0	0.0	0
0.0	0.0	0.0	0.0	0.0	0
0.0	0.0	0.0	0.0	0.0	0
0.0	0.0	0.0	0.0	0.0	0
0.0	0.0	0.0	0.0	0.0	0
0.0	0.0	0.0	0.0	0.0	0
0.0	0.0	0.0	0.0	0.0	0
0.0	0.0	0.0	0.0	0.0	0
0.0	0.0	0.0	0.0	0.0	0
0.0	0.0	0.0	0.0	0.0	0
0.0	0.0	0.0	0.0	0.0	0
0.0	0.0	0.0	0.0	0.0	0
0.0	0.0	0.0	0.0	0.0	0
0.0	0.0	0.0	0.0	0.0	0
0.0	0.0	0.0	0.0	0.0	0
0.0	0.0	0.0	0.0	0.0	0
0.0	0.0	0.0	0.0	0.0	0
0.0	0.0	0.0	0.0	0.0	0
0.0	0.0	0.0	0.0	0.0	0
0.0	0.0	0.0	0.0	0.0	0
0.0	0.0	0.0	0.0	0.0	0
0.0	0.0	0.0	0.0	0.0	0
0.0	0.0	0.0	0.0	0.0	0
0.0	0.0	0.0	0.0	0.0	0
0.0	0.0	0.0	0.0	0.0	0
0.0	0.0	0.0	0.0	0.0	0
0.0	0.0	0.0	0.0	0.0	0
0.0	0.0	0.0	0.0	0.0	0
0.0	0.0	0.0	0.0	0.0	0
0.0	0.0	0.0	0.0	0.0	0
0.0	0.0	0.0	0.0	0.0	0
0.0	0.0	0.0	0.0	0.0	0
0.0	0.0	0.0	0.0	0.0	0
0.0	0.0	0.0	0.0	0.0	0
0.0	0.0	0.0	0.0	0.0	0
0.0	0.0	0.0	0.0	0.0	0
0.0	0.0	0.0	0.0	0.0	0
0.0	0.0	0.0	0.0	0.0	0
0.0	0.0	0.0	0.0	0.0	0
0.0	0.0	0.0	0.0	0.0	0
0.0	0.0	0.0	0.0	0.0	0
0.0	0.0	0.0	0.0	0.0	0
0.0	0.0	0.0	0.0	0.0	0
0.0	0.0	0.0	0.0	0.0	0
0.0	0.0	0.0	0.0	0.0	0
5.804165979084474	-0.06711116667886838	1.3852736845908633	-0.10828829374343259	3.601023581850461	1